achieved_otm,actual_exit_date,actual_exit_session,anchor_id,assignment_policy,closing_cost,contract_ticker,contracts,cost_multiplier,date,decision_date,decision_dte,decision_premium_ratio,decision_session,dividend_accrual,downside_loss,entry_date,entry_session,evaluation_aligned,evaluation_date,evaluation_session,event_decision,execution_option_volume,execution_stock_volume,exit_date,exit_reason,exit_session,expiry,features_json,fill_model,funded_notional,horizon,issuer,mark_gap_sessions,market_momentum,market_volatility,momentum,net_pnl,net_return,opening_cost,option_entry,option_exit,option_pnl,pair_id,path_complete,prior_option_participation,prior_option_volume,prior_stock_participation,prior_stock_volume,quote_downside_loss,quote_fill_model,quote_net_pnl,quote_net_return,quote_path_complete,quote_status,reason,role,shape,shares_exit,status,stock_entry,stock_exit,stock_only,stock_pnl,study,task,ticker,total_cost,variant,volatility,volume_state,year
,,,023356465ec399493b6f662b,time_value,,,1,2,2022-03-08,2022-03-08,,,44,,,2022-03-09,45,False,,,2022-03-08,,,,,,,"{""market_momentum"": -0.07232003565856915, ""market_volatility"": 0.014657046051352953, ""momentum"": -0.13882163034705397, ""volatility"": 0.03035866163993918, ""volume_state"": 15.381399656323877}",assumed_next_daily_close,,1,0000004962,,-0.07232003565856915,0.014657046051352953,-0.13882163034705397,,,,,,,3763243f08a0b9f3c3a85afe,False,,,,,,bounded_preclose_bid_ask,,,False,not_requested_for_horizon_or_variant,no_standard_contract_within_rules,event,covered_call,,no_standard_contract_within_rules,,,False,,H23,3,AXP,,double_cost,0.03035866163993918,15.381399656323877,2022
,,,023356465ec399493b6f662b,time_value,,,1,2,2022-03-08,2022-03-08,,,44,,,2022-03-09,45,False,,,2022-03-08,,,,,,,"{""market_momentum"": -0.07232003565856915, ""market_volatility"": 0.014657046051352953, ""momentum"": -0.13882163034705397, ""volatility"": 0.03035866163993918, ""volume_state"": 15.381399656323877}",assumed_next_daily_close,,1,0000004962,,-0.07232003565856915,0.014657046051352953,-0.13882163034705397,,,,,,,3763243f08a0b9f3c3a85afe,False,,,,,,bounded_preclose_bid_ask,,,False,not_requested_for_horizon_or_variant,no_standard_contract_within_rules,event,covered_call,,no_standard_contract_within_rules,,,True,,H23,3,AXP,,double_cost,0.03035866163993918,15.381399656323877,2022
,,,023356465ec399493b6f662b,time_value,,,1,2,2022-03-08,2022-03-08,,,44,,,2022-03-09,45,False,,,2022-03-08,,,,,,,"{""market_momentum"": -0.07232003565856915, ""market_volatility"": 0.014657046051352953, ""momentum"": -0.13882163034705397, ""volatility"": 0.03035866163993918, ""volume_state"": 15.381399656323877}",assumed_next_daily_close,,2,0000004962,,-0.07232003565856915,0.014657046051352953,-0.13882163034705397,,,,,,,3763243f08a0b9f3c3a85afe,False,,,,,,bounded_preclose_bid_ask,,,False,not_requested_for_horizon_or_variant,no_standard_contract_within_rules,event,covered_call,,no_standard_contract_within_rules,,,False,,H23,3,AXP,,double_cost,0.03035866163993918,15.381399656323877,2022
,,,023356465ec399493b6f662b,time_value,,,1,2,2022-03-08,2022-03-08,,,44,,,2022-03-09,45,False,,,2022-03-08,,,,,,,"{""market_momentum"": -0.07232003565856915, ""market_volatility"": 0.014657046051352953, ""momentum"": -0.13882163034705397, ""volatility"": 0.03035866163993918, ""volume_state"": 15.381399656323877}",assumed_next_daily_close,,2,0000004962,,-0.07232003565856915,0.014657046051352953,-0.13882163034705397,,,,,,,3763243f08a0b9f3c3a85afe,False,,,,,,bounded_preclose_bid_ask,,,False,not_requested_for_horizon_or_variant,no_standard_contract_within_rules,event,covered_call,,no_standard_contract_within_rules,,,True,,H23,3,AXP,,double_cost,0.03035866163993918,15.381399656323877,2022
,,,023356465ec399493b6f662b,time_value,,,1,2,2022-03-08,2022-03-08,,,44,,,2022-03-09,45,False,,,2022-03-08,,,,,,,"{""market_momentum"": -0.07232003565856915, ""market_volatility"": 0.014657046051352953, ""momentum"": -0.13882163034705397, ""volatility"": 0.03035866163993918, ""volume_state"": 15.381399656323877}",assumed_next_daily_close,,3,0000004962,,-0.07232003565856915,0.014657046051352953,-0.13882163034705397,,,,,,,3763243f08a0b9f3c3a85afe,False,,,,,,bounded_preclose_bid_ask,,,False,not_requested_for_horizon_or_variant,no_standard_contract_within_rules,event,covered_call,,no_standard_contract_within_rules,,,False,,H23,3,AXP,,double_cost,0.03035866163993918,15.381399656323877,2022
,,,023356465ec399493b6f662b,time_value,,,1,2,2022-03-08,2022-03-08,,,44,,,2022-03-09,45,False,,,2022-03-08,,,,,,,"{""market_momentum"": -0.07232003565856915, ""market_volatility"": 0.014657046051352953, ""momentum"": -0.13882163034705397, ""volatility"": 0.03035866163993918, ""volume_state"": 15.381399656323877}",assumed_next_daily_close,,3,0000004962,,-0.07232003565856915,0.014657046051352953,-0.13882163034705397,,,,,,,3763243f08a0b9f3c3a85afe,False,,,,,,bounded_preclose_bid_ask,,,False,not_requested_for_horizon_or_variant,no_standard_contract_within_rules,event,covered_call,,no_standard_contract_within_rules,,,True,,H23,3,AXP,,double_cost,0.03035866163993918,15.381399656323877,2022
,,,023356465ec399493b6f662b,time_value,,,1,2,2022-03-08,2022-03-08,,,44,,,2022-03-09,45,False,,,2022-03-08,,,,,,,"{""market_momentum"": -0.07232003565856915, ""market_volatility"": 0.014657046051352953, ""momentum"": -0.13882163034705397, ""volatility"": 0.03035866163993918, ""volume_state"": 15.381399656323877}",assumed_next_daily_close,,5,0000004962,,-0.07232003565856915,0.014657046051352953,-0.13882163034705397,,,,,,,3763243f08a0b9f3c3a85afe,False,,,,,,bounded_preclose_bid_ask,,,False,not_requested_for_horizon_or_variant,no_standard_contract_within_rules,event,covered_call,,no_standard_contract_within_rules,,,False,,H23,3,AXP,,double_cost,0.03035866163993918,15.381399656323877,2022
,,,023356465ec399493b6f662b,time_value,,,1,2,2022-03-08,2022-03-08,,,44,,,2022-03-09,45,False,,,2022-03-08,,,,,,,"{""market_momentum"": -0.07232003565856915, ""market_volatility"": 0.014657046051352953, ""momentum"": -0.13882163034705397, ""volatility"": 0.03035866163993918, ""volume_state"": 15.381399656323877}",assumed_next_daily_close,,5,0000004962,,-0.07232003565856915,0.014657046051352953,-0.13882163034705397,,,,,,,3763243f08a0b9f3c3a85afe,False,,,,,,bounded_preclose_bid_ask,,,False,not_requested_for_horizon_or_variant,no_standard_contract_within_rules,event,covered_call,,no_standard_contract_within_rules,,,True,,H23,3,AXP,,double_cost,0.03035866163993918,15.381399656323877,2022
,,,023356465ec399493b6f662b,time_value,,,1,2,2022-03-08,2022-03-08,,,44,,,2022-03-09,45,False,,,2022-03-08,,,,,,,"{""market_momentum"": -0.07232003565856915, ""market_volatility"": 0.014657046051352953, ""momentum"": -0.13882163034705397, ""volatility"": 0.03035866163993918, ""volume_state"": 15.381399656323877}",assumed_next_daily_close,,10,0000004962,,-0.07232003565856915,0.014657046051352953,-0.13882163034705397,,,,,,,3763243f08a0b9f3c3a85afe,False,,,,,,bounded_preclose_bid_ask,,,False,not_requested_for_horizon_or_variant,no_standard_contract_within_rules,event,covered_call,,no_standard_contract_within_rules,,,False,,H23,3,AXP,,double_cost,0.03035866163993918,15.381399656323877,2022
,,,023356465ec399493b6f662b,time_value,,,1,2,2022-03-08,2022-03-08,,,44,,,2022-03-09,45,False,,,2022-03-08,,,,,,,"{""market_momentum"": -0.07232003565856915, ""market_volatility"": 0.014657046051352953, ""momentum"": -0.13882163034705397, ""volatility"": 0.03035866163993918, ""volume_state"": 15.381399656323877}",assumed_next_daily_close,,10,0000004962,,-0.07232003565856915,0.014657046051352953,-0.13882163034705397,,,,,,,3763243f08a0b9f3c3a85afe,False,,,,,,bounded_preclose_bid_ask,,,False,not_requested_for_horizon_or_variant,no_standard_contract_within_rules,event,covered_call,,no_standard_contract_within_rules,,,True,,H23,3,AXP,,double_cost,0.03035866163993918,15.381399656323877,2022
,,,023356465ec399493b6f662b,time_value,,,1,2,2022-03-08,2022-03-08,,,44,,,2022-03-09,45,False,,,2022-03-08,,,,,,,"{""market_momentum"": -0.07232003565856915, ""market_volatility"": 0.014657046051352953, ""momentum"": -0.13882163034705397, ""volatility"": 0.03035866163993918, ""volume_state"": 15.381399656323877}",assumed_next_daily_close,,21,0000004962,,-0.07232003565856915,0.014657046051352953,-0.13882163034705397,,,,,,,3763243f08a0b9f3c3a85afe,False,,,,,,bounded_preclose_bid_ask,,,False,not_requested_for_horizon_or_variant,no_standard_contract_within_rules,event,covered_call,,no_standard_contract_within_rules,,,False,,H23,3,AXP,,double_cost,0.03035866163993918,15.381399656323877,2022
,,,023356465ec399493b6f662b,time_value,,,1,2,2022-03-08,2022-03-08,,,44,,,2022-03-09,45,False,,,2022-03-08,,,,,,,"{""market_momentum"": -0.07232003565856915, ""market_volatility"": 0.014657046051352953, ""momentum"": -0.13882163034705397, ""volatility"": 0.03035866163993918, ""volume_state"": 15.381399656323877}",assumed_next_daily_close,,21,0000004962,,-0.07232003565856915,0.014657046051352953,-0.13882163034705397,,,,,,,3763243f08a0b9f3c3a85afe,False,,,,,,bounded_preclose_bid_ask,,,False,not_requested_for_horizon_or_variant,no_standard_contract_within_rules,event,covered_call,,no_standard_contract_within_rules,,,True,,H23,3,AXP,,double_cost,0.03035866163993918,15.381399656323877,2022
,,,023356465ec399493b6f662b,time_value,,,1,2,2022-03-08,2022-03-08,,,44,,,2022-03-09,45,False,,,2022-03-08,,,,,,,"{""market_momentum"": -0.07232003565856915, ""market_volatility"": 0.014657046051352953, ""momentum"": -0.13882163034705397, ""volatility"": 0.03035866163993918, ""volume_state"": 15.381399656323877}",assumed_next_daily_close,,42,0000004962,,-0.07232003565856915,0.014657046051352953,-0.13882163034705397,,,,,,,3763243f08a0b9f3c3a85afe,False,,,,,,bounded_preclose_bid_ask,,,False,not_requested_for_horizon_or_variant,no_standard_contract_within_rules,event,covered_call,,no_standard_contract_within_rules,,,False,,H23,3,AXP,,double_cost,0.03035866163993918,15.381399656323877,2022
,,,023356465ec399493b6f662b,time_value,,,1,2,2022-03-08,2022-03-08,,,44,,,2022-03-09,45,False,,,2022-03-08,,,,,,,"{""market_momentum"": -0.07232003565856915, ""market_volatility"": 0.014657046051352953, ""momentum"": -0.13882163034705397, ""volatility"": 0.03035866163993918, ""volume_state"": 15.381399656323877}",assumed_next_daily_close,,42,0000004962,,-0.07232003565856915,0.014657046051352953,-0.13882163034705397,,,,,,,3763243f08a0b9f3c3a85afe,False,,,,,,bounded_preclose_bid_ask,,,False,not_requested_for_horizon_or_variant,no_standard_contract_within_rules,event,covered_call,,no_standard_contract_within_rules,,,True,,H23,3,AXP,,double_cost,0.03035866163993918,15.381399656323877,2022
,,,023356465ec399493b6f662b,time_value,,,1,2,2022-03-08,2022-03-08,,,44,,,2022-03-09,45,False,,,2022-03-08,,,,,,,"{""market_momentum"": -0.07232003565856915, ""market_volatility"": 0.014657046051352953, ""momentum"": -0.13882163034705397, ""volatility"": 0.03035866163993918, ""volume_state"": 15.381399656323877}",assumed_next_daily_close,,63,0000004962,,-0.07232003565856915,0.014657046051352953,-0.13882163034705397,,,,,,,3763243f08a0b9f3c3a85afe,False,,,,,,bounded_preclose_bid_ask,,,False,not_requested_for_horizon_or_variant,no_standard_contract_within_rules,event,covered_call,,no_standard_contract_within_rules,,,False,,H23,3,AXP,,double_cost,0.03035866163993918,15.381399656323877,2022
,,,023356465ec399493b6f662b,time_value,,,1,2,2022-03-08,2022-03-08,,,44,,,2022-03-09,45,False,,,2022-03-08,,,,,,,"{""market_momentum"": -0.07232003565856915, ""market_volatility"": 0.014657046051352953, ""momentum"": -0.13882163034705397, ""volatility"": 0.03035866163993918, ""volume_state"": 15.381399656323877}",assumed_next_daily_close,,63,0000004962,,-0.07232003565856915,0.014657046051352953,-0.13882163034705397,,,,,,,3763243f08a0b9f3c3a85afe,False,,,,,,bounded_preclose_bid_ask,,,False,not_requested_for_horizon_or_variant,no_standard_contract_within_rules,event,covered_call,,no_standard_contract_within_rules,,,True,,H23,3,AXP,,double_cost,0.03035866163993918,15.381399656323877,2022
,,,023356465ec399493b6f662b,time_value,,,1,2,2022-03-08,2022-03-08,,,44,,,2022-03-09,45,False,,,2022-03-08,,,,,,,"{""market_momentum"": -0.07232003565856915, ""market_volatility"": 0.014657046051352953, ""momentum"": -0.13882163034705397, ""volatility"": 0.03035866163993918, ""volume_state"": 15.381399656323877}",assumed_next_daily_close,,expiry,0000004962,,-0.07232003565856915,0.014657046051352953,-0.13882163034705397,,,,,,,3763243f08a0b9f3c3a85afe,False,,,,,,bounded_preclose_bid_ask,,,False,not_requested_for_horizon_or_variant,no_standard_contract_within_rules,event,covered_call,,no_standard_contract_within_rules,,,False,,H23,3,AXP,,double_cost,0.03035866163993918,15.381399656323877,2022
,,,023356465ec399493b6f662b,time_value,,,1,2,2022-03-08,2022-03-08,,,44,,,2022-03-09,45,False,,,2022-03-08,,,,,,,"{""market_momentum"": -0.07232003565856915, ""market_volatility"": 0.014657046051352953, ""momentum"": -0.13882163034705397, ""volatility"": 0.03035866163993918, ""volume_state"": 15.381399656323877}",assumed_next_daily_close,,expiry,0000004962,,-0.07232003565856915,0.014657046051352953,-0.13882163034705397,,,,,,,3763243f08a0b9f3c3a85afe,False,,,,,,bounded_preclose_bid_ask,,,False,not_requested_for_horizon_or_variant,no_standard_contract_within_rules,event,covered_call,,no_standard_contract_within_rules,,,True,,H23,3,AXP,,double_cost,0.03035866163993918,15.381399656323877,2022
,,,023732e4875b19ea6c6ade78,time_value,,,1,2,2022-04-04,2022-04-04,,,63,,,2022-04-05,64,False,,,2023-02-21,,,,,,,"{""market_momentum"": 0.05699146169331515, ""market_volatility"": 0.014121578039566623, ""momentum"": 0.08505348366579946, ""volatility"": 0.026314544887485948, ""volume_state"": 15.23590534582416}",assumed_next_daily_close,,1,0000004962,,0.05699146169331515,0.014121578039566623,0.08505348366579946,,,,,,,22ec1e05640fbe4ff0d8a69f,False,,,,,,bounded_preclose_bid_ask,,,False,not_requested_for_horizon_or_variant,missing_decision_or_entry_bar,ordinary,protective_put,,missing_decision_or_entry_bar,,,False,,H23,3,AXP,,double_cost,0.026314544887485948,15.23590534582416,2022
,,,023732e4875b19ea6c6ade78,time_value,,,1,2,2022-04-04,2022-04-04,,,63,,,2022-04-05,64,False,,,2023-02-21,,,,,,,"{""market_momentum"": 0.05699146169331515, ""market_volatility"": 0.014121578039566623, ""momentum"": 0.08505348366579946, ""volatility"": 0.026314544887485948, ""volume_state"": 15.23590534582416}",assumed_next_daily_close,,1,0000004962,,0.05699146169331515,0.014121578039566623,0.08505348366579946,,,,,,,22ec1e05640fbe4ff0d8a69f,False,,,,,,bounded_preclose_bid_ask,,,False,not_requested_for_horizon_or_variant,missing_decision_or_entry_bar,ordinary,protective_put,,missing_decision_or_entry_bar,,,True,,H23,3,AXP,,double_cost,0.026314544887485948,15.23590534582416,2022
,,,023732e4875b19ea6c6ade78,time_value,,,1,2,2022-04-04,2022-04-04,,,63,,,2022-04-05,64,False,,,2023-02-21,,,,,,,"{""market_momentum"": 0.05699146169331515, ""market_volatility"": 0.014121578039566623, ""momentum"": 0.08505348366579946, ""volatility"": 0.026314544887485948, ""volume_state"": 15.23590534582416}",assumed_next_daily_close,,2,0000004962,,0.05699146169331515,0.014121578039566623,0.08505348366579946,,,,,,,22ec1e05640fbe4ff0d8a69f,False,,,,,,bounded_preclose_bid_ask,,,False,not_requested_for_horizon_or_variant,missing_decision_or_entry_bar,ordinary,protective_put,,missing_decision_or_entry_bar,,,False,,H23,3,AXP,,double_cost,0.026314544887485948,15.23590534582416,2022
,,,023732e4875b19ea6c6ade78,time_value,,,1,2,2022-04-04,2022-04-04,,,63,,,2022-04-05,64,False,,,2023-02-21,,,,,,,"{""market_momentum"": 0.05699146169331515, ""market_volatility"": 0.014121578039566623, ""momentum"": 0.08505348366579946, ""volatility"": 0.026314544887485948, ""volume_state"": 15.23590534582416}",assumed_next_daily_close,,2,0000004962,,0.05699146169331515,0.014121578039566623,0.08505348366579946,,,,,,,22ec1e05640fbe4ff0d8a69f,False,,,,,,bounded_preclose_bid_ask,,,False,not_requested_for_horizon_or_variant,missing_decision_or_entry_bar,ordinary,protective_put,,missing_decision_or_entry_bar,,,True,,H23,3,AXP,,double_cost,0.026314544887485948,15.23590534582416,2022
,,,023732e4875b19ea6c6ade78,time_value,,,1,2,2022-04-04,2022-04-04,,,63,,,2022-04-05,64,False,,,2023-02-21,,,,,,,"{""market_momentum"": 0.05699146169331515, ""market_volatility"": 0.014121578039566623, ""momentum"": 0.08505348366579946, ""volatility"": 0.026314544887485948, ""volume_state"": 15.23590534582416}",assumed_next_daily_close,,3,0000004962,,0.05699146169331515,0.014121578039566623,0.08505348366579946,,,,,,,22ec1e05640fbe4ff0d8a69f,False,,,,,,bounded_preclose_bid_ask,,,False,not_requested_for_horizon_or_variant,missing_decision_or_entry_bar,ordinary,protective_put,,missing_decision_or_entry_bar,,,False,,H23,3,AXP,,double_cost,0.026314544887485948,15.23590534582416,2022
,,,023732e4875b19ea6c6ade78,time_value,,,1,2,2022-04-04,2022-04-04,,,63,,,2022-04-05,64,False,,,2023-02-21,,,,,,,"{""market_momentum"": 0.05699146169331515, ""market_volatility"": 0.014121578039566623, ""momentum"": 0.08505348366579946, ""volatility"": 0.026314544887485948, ""volume_state"": 15.23590534582416}",assumed_next_daily_close,,3,0000004962,,0.05699146169331515,0.014121578039566623,0.08505348366579946,,,,,,,22ec1e05640fbe4ff0d8a69f,False,,,,,,bounded_preclose_bid_ask,,,False,not_requested_for_horizon_or_variant,missing_decision_or_entry_bar,ordinary,protective_put,,missing_decision_or_entry_bar,,,True,,H23,3,AXP,,double_cost,0.026314544887485948,15.23590534582416,2022
,,,023732e4875b19ea6c6ade78,time_value,,,1,2,2022-04-04,2022-04-04,,,63,,,2022-04-05,64,False,,,2023-02-21,,,,,,,"{""market_momentum"": 0.05699146169331515, ""market_volatility"": 0.014121578039566623, ""momentum"": 0.08505348366579946, ""volatility"": 0.026314544887485948, ""volume_state"": 15.23590534582416}",assumed_next_daily_close,,5,0000004962,,0.05699146169331515,0.014121578039566623,0.08505348366579946,,,,,,,22ec1e05640fbe4ff0d8a69f,False,,,,,,bounded_preclose_bid_ask,,,False,not_requested_for_horizon_or_variant,missing_decision_or_entry_bar,ordinary,protective_put,,missing_decision_or_entry_bar,,,False,,H23,3,AXP,,double_cost,0.026314544887485948,15.23590534582416,2022
,,,023732e4875b19ea6c6ade78,time_value,,,1,2,2022-04-04,2022-04-04,,,63,,,2022-04-05,64,False,,,2023-02-21,,,,,,,"{""market_momentum"": 0.05699146169331515, ""market_volatility"": 0.014121578039566623, ""momentum"": 0.08505348366579946, ""volatility"": 0.026314544887485948, ""volume_state"": 15.23590534582416}",assumed_next_daily_close,,5,0000004962,,0.05699146169331515,0.014121578039566623,0.08505348366579946,,,,,,,22ec1e05640fbe4ff0d8a69f,False,,,,,,bounded_preclose_bid_ask,,,False,not_requested_for_horizon_or_variant,missing_decision_or_entry_bar,ordinary,protective_put,,missing_decision_or_entry_bar,,,True,,H23,3,AXP,,double_cost,0.026314544887485948,15.23590534582416,2022
,,,023732e4875b19ea6c6ade78,time_value,,,1,2,2022-04-04,2022-04-04,,,63,,,2022-04-05,64,False,,,2023-02-21,,,,,,,"{""market_momentum"": 0.05699146169331515, ""market_volatility"": 0.014121578039566623, ""momentum"": 0.08505348366579946, ""volatility"": 0.026314544887485948, ""volume_state"": 15.23590534582416}",assumed_next_daily_close,,10,0000004962,,0.05699146169331515,0.014121578039566623,0.08505348366579946,,,,,,,22ec1e05640fbe4ff0d8a69f,False,,,,,,bounded_preclose_bid_ask,,,False,not_requested_for_horizon_or_variant,missing_decision_or_entry_bar,ordinary,protective_put,,missing_decision_or_entry_bar,,,False,,H23,3,AXP,,double_cost,0.026314544887485948,15.23590534582416,2022
,,,023732e4875b19ea6c6ade78,time_value,,,1,2,2022-04-04,2022-04-04,,,63,,,2022-04-05,64,False,,,2023-02-21,,,,,,,"{""market_momentum"": 0.05699146169331515, ""market_volatility"": 0.014121578039566623, ""momentum"": 0.08505348366579946, ""volatility"": 0.026314544887485948, ""volume_state"": 15.23590534582416}",assumed_next_daily_close,,10,0000004962,,0.05699146169331515,0.014121578039566623,0.08505348366579946,,,,,,,22ec1e05640fbe4ff0d8a69f,False,,,,,,bounded_preclose_bid_ask,,,False,not_requested_for_horizon_or_variant,missing_decision_or_entry_bar,ordinary,protective_put,,missing_decision_or_entry_bar,,,True,,H23,3,AXP,,double_cost,0.026314544887485948,15.23590534582416,2022
,,,023732e4875b19ea6c6ade78,time_value,,,1,2,2022-04-04,2022-04-04,,,63,,,2022-04-05,64,False,,,2023-02-21,,,,,,,"{""market_momentum"": 0.05699146169331515, ""market_volatility"": 0.014121578039566623, ""momentum"": 0.08505348366579946, ""volatility"": 0.026314544887485948, ""volume_state"": 15.23590534582416}",assumed_next_daily_close,,21,0000004962,,0.05699146169331515,0.014121578039566623,0.08505348366579946,,,,,,,22ec1e05640fbe4ff0d8a69f,False,,,,,,bounded_preclose_bid_ask,,,False,not_requested_for_horizon_or_variant,missing_decision_or_entry_bar,ordinary,protective_put,,missing_decision_or_entry_bar,,,False,,H23,3,AXP,,double_cost,0.026314544887485948,15.23590534582416,2022
,,,023732e4875b19ea6c6ade78,time_value,,,1,2,2022-04-04,2022-04-04,,,63,,,2022-04-05,64,False,,,2023-02-21,,,,,,,"{""market_momentum"": 0.05699146169331515, ""market_volatility"": 0.014121578039566623, ""momentum"": 0.08505348366579946, ""volatility"": 0.026314544887485948, ""volume_state"": 15.23590534582416}",assumed_next_daily_close,,21,0000004962,,0.05699146169331515,0.014121578039566623,0.08505348366579946,,,,,,,22ec1e05640fbe4ff0d8a69f,False,,,,,,bounded_preclose_bid_ask,,,False,not_requested_for_horizon_or_variant,missing_decision_or_entry_bar,ordinary,protective_put,,missing_decision_or_entry_bar,,,True,,H23,3,AXP,,double_cost,0.026314544887485948,15.23590534582416,2022
,,,023732e4875b19ea6c6ade78,time_value,,,1,2,2022-04-04,2022-04-04,,,63,,,2022-04-05,64,False,,,2023-02-21,,,,,,,"{""market_momentum"": 0.05699146169331515, ""market_volatility"": 0.014121578039566623, ""momentum"": 0.08505348366579946, ""volatility"": 0.026314544887485948, ""volume_state"": 15.23590534582416}",assumed_next_daily_close,,42,0000004962,,0.05699146169331515,0.014121578039566623,0.08505348366579946,,,,,,,22ec1e05640fbe4ff0d8a69f,False,,,,,,bounded_preclose_bid_ask,,,False,not_requested_for_horizon_or_variant,missing_decision_or_entry_bar,ordinary,protective_put,,missing_decision_or_entry_bar,,,False,,H23,3,AXP,,double_cost,0.026314544887485948,15.23590534582416,2022
,,,023732e4875b19ea6c6ade78,time_value,,,1,2,2022-04-04,2022-04-04,,,63,,,2022-04-05,64,False,,,2023-02-21,,,,,,,"{""market_momentum"": 0.05699146169331515, ""market_volatility"": 0.014121578039566623, ""momentum"": 0.08505348366579946, ""volatility"": 0.026314544887485948, ""volume_state"": 15.23590534582416}",assumed_next_daily_close,,42,0000004962,,0.05699146169331515,0.014121578039566623,0.08505348366579946,,,,,,,22ec1e05640fbe4ff0d8a69f,False,,,,,,bounded_preclose_bid_ask,,,False,not_requested_for_horizon_or_variant,missing_decision_or_entry_bar,ordinary,protective_put,,missing_decision_or_entry_bar,,,True,,H23,3,AXP,,double_cost,0.026314544887485948,15.23590534582416,2022
,,,023732e4875b19ea6c6ade78,time_value,,,1,2,2022-04-04,2022-04-04,,,63,,,2022-04-05,64,False,,,2023-02-21,,,,,,,"{""market_momentum"": 0.05699146169331515, ""market_volatility"": 0.014121578039566623, ""momentum"": 0.08505348366579946, ""volatility"": 0.026314544887485948, ""volume_state"": 15.23590534582416}",assumed_next_daily_close,,63,0000004962,,0.05699146169331515,0.014121578039566623,0.08505348366579946,,,,,,,22ec1e05640fbe4ff0d8a69f,False,,,,,,bounded_preclose_bid_ask,,,False,not_requested_for_horizon_or_variant,missing_decision_or_entry_bar,ordinary,protective_put,,missing_decision_or_entry_bar,,,False,,H23,3,AXP,,double_cost,0.026314544887485948,15.23590534582416,2022
,,,023732e4875b19ea6c6ade78,time_value,,,1,2,2022-04-04,2022-04-04,,,63,,,2022-04-05,64,False,,,2023-02-21,,,,,,,"{""market_momentum"": 0.05699146169331515, ""market_volatility"": 0.014121578039566623, ""momentum"": 0.08505348366579946, ""volatility"": 0.026314544887485948, ""volume_state"": 15.23590534582416}",assumed_next_daily_close,,63,0000004962,,0.05699146169331515,0.014121578039566623,0.08505348366579946,,,,,,,22ec1e05640fbe4ff0d8a69f,False,,,,,,bounded_preclose_bid_ask,,,False,not_requested_for_horizon_or_variant,missing_decision_or_entry_bar,ordinary,protective_put,,missing_decision_or_entry_bar,,,True,,H23,3,AXP,,double_cost,0.026314544887485948,15.23590534582416,2022
,,,023732e4875b19ea6c6ade78,time_value,,,1,2,2022-04-04,2022-04-04,,,63,,,2022-04-05,64,False,,,2023-02-21,,,,,,,"{""market_momentum"": 0.05699146169331515, ""market_volatility"": 0.014121578039566623, ""momentum"": 0.08505348366579946, ""volatility"": 0.026314544887485948, ""volume_state"": 15.23590534582416}",assumed_next_daily_close,,expiry,0000004962,,0.05699146169331515,0.014121578039566623,0.08505348366579946,,,,,,,22ec1e05640fbe4ff0d8a69f,False,,,,,,bounded_preclose_bid_ask,,,False,not_requested_for_horizon_or_variant,missing_decision_or_entry_bar,ordinary,protective_put,,missing_decision_or_entry_bar,,,False,,H23,3,AXP,,double_cost,0.026314544887485948,15.23590534582416,2022
,,,023732e4875b19ea6c6ade78,time_value,,,1,2,2022-04-04,2022-04-04,,,63,,,2022-04-05,64,False,,,2023-02-21,,,,,,,"{""market_momentum"": 0.05699146169331515, ""market_volatility"": 0.014121578039566623, ""momentum"": 0.08505348366579946, ""volatility"": 0.026314544887485948, ""volume_state"": 15.23590534582416}",assumed_next_daily_close,,expiry,0000004962,,0.05699146169331515,0.014121578039566623,0.08505348366579946,,,,,,,22ec1e05640fbe4ff0d8a69f,False,,,,,,bounded_preclose_bid_ask,,,False,not_requested_for_horizon_or_variant,missing_decision_or_entry_bar,ordinary,protective_put,,missing_decision_or_entry_bar,,,True,,H23,3,AXP,,double_cost,0.026314544887485948,15.23590534582416,2022
,,,06693b2c6c9e8c15eb96fc17,time_value,,,1,2,2022-05-05,2022-05-05,,,85,,,2022-05-06,86,False,,,2022-05-05,,,,,,,"{""market_momentum"": -0.0825222269028667, ""market_volatility"": 0.018380092351151393, ""momentum"": -0.07761596548004324, ""volatility"": 0.02183171201352199, ""volume_state"": 15.043282181838334}",assumed_next_daily_close,,1,0000004962,,-0.0825222269028667,0.018380092351151393,-0.07761596548004324,,,,,,,3a578db181363f7b772334ad,False,,,,,,bounded_preclose_bid_ask,,,False,not_requested_for_horizon_or_variant,thin_prior_option_volume,event,covered_call,,thin_prior_option_volume,,,False,,H23,3,AXP,,double_cost,0.02183171201352199,15.043282181838334,2022
,,,06693b2c6c9e8c15eb96fc17,time_value,,,1,2,2022-05-05,2022-05-05,,,85,,,2022-05-06,86,False,,,2022-05-05,,,,,,,"{""market_momentum"": -0.0825222269028667, ""market_volatility"": 0.018380092351151393, ""momentum"": -0.07761596548004324, ""volatility"": 0.02183171201352199, ""volume_state"": 15.043282181838334}",assumed_next_daily_close,,1,0000004962,,-0.0825222269028667,0.018380092351151393,-0.07761596548004324,,,,,,,3a578db181363f7b772334ad,False,,,,,,bounded_preclose_bid_ask,,,False,not_requested_for_horizon_or_variant,thin_prior_option_volume,event,covered_call,,thin_prior_option_volume,,,True,,H23,3,AXP,,double_cost,0.02183171201352199,15.043282181838334,2022
,,,06693b2c6c9e8c15eb96fc17,time_value,,,1,2,2022-05-05,2022-05-05,,,85,,,2022-05-06,86,False,,,2022-05-05,,,,,,,"{""market_momentum"": -0.0825222269028667, ""market_volatility"": 0.018380092351151393, ""momentum"": -0.07761596548004324, ""volatility"": 0.02183171201352199, ""volume_state"": 15.043282181838334}",assumed_next_daily_close,,2,0000004962,,-0.0825222269028667,0.018380092351151393,-0.07761596548004324,,,,,,,3a578db181363f7b772334ad,False,,,,,,bounded_preclose_bid_ask,,,False,not_requested_for_horizon_or_variant,thin_prior_option_volume,event,covered_call,,thin_prior_option_volume,,,False,,H23,3,AXP,,double_cost,0.02183171201352199,15.043282181838334,2022
,,,06693b2c6c9e8c15eb96fc17,time_value,,,1,2,2022-05-05,2022-05-05,,,85,,,2022-05-06,86,False,,,2022-05-05,,,,,,,"{""market_momentum"": -0.0825222269028667, ""market_volatility"": 0.018380092351151393, ""momentum"": -0.07761596548004324, ""volatility"": 0.02183171201352199, ""volume_state"": 15.043282181838334}",assumed_next_daily_close,,2,0000004962,,-0.0825222269028667,0.018380092351151393,-0.07761596548004324,,,,,,,3a578db181363f7b772334ad,False,,,,,,bounded_preclose_bid_ask,,,False,not_requested_for_horizon_or_variant,thin_prior_option_volume,event,covered_call,,thin_prior_option_volume,,,True,,H23,3,AXP,,double_cost,0.02183171201352199,15.043282181838334,2022
,,,06693b2c6c9e8c15eb96fc17,time_value,,,1,2,2022-05-05,2022-05-05,,,85,,,2022-05-06,86,False,,,2022-05-05,,,,,,,"{""market_momentum"": -0.0825222269028667, ""market_volatility"": 0.018380092351151393, ""momentum"": -0.07761596548004324, ""volatility"": 0.02183171201352199, ""volume_state"": 15.043282181838334}",assumed_next_daily_close,,3,0000004962,,-0.0825222269028667,0.018380092351151393,-0.07761596548004324,,,,,,,3a578db181363f7b772334ad,False,,,,,,bounded_preclose_bid_ask,,,False,not_requested_for_horizon_or_variant,thin_prior_option_volume,event,covered_call,,thin_prior_option_volume,,,False,,H23,3,AXP,,double_cost,0.02183171201352199,15.043282181838334,2022
,,,06693b2c6c9e8c15eb96fc17,time_value,,,1,2,2022-05-05,2022-05-05,,,85,,,2022-05-06,86,False,,,2022-05-05,,,,,,,"{""market_momentum"": -0.0825222269028667, ""market_volatility"": 0.018380092351151393, ""momentum"": -0.07761596548004324, ""volatility"": 0.02183171201352199, ""volume_state"": 15.043282181838334}",assumed_next_daily_close,,3,0000004962,,-0.0825222269028667,0.018380092351151393,-0.07761596548004324,,,,,,,3a578db181363f7b772334ad,False,,,,,,bounded_preclose_bid_ask,,,False,not_requested_for_horizon_or_variant,thin_prior_option_volume,event,covered_call,,thin_prior_option_volume,,,True,,H23,3,AXP,,double_cost,0.02183171201352199,15.043282181838334,2022
,,,06693b2c6c9e8c15eb96fc17,time_value,,,1,2,2022-05-05,2022-05-05,,,85,,,2022-05-06,86,False,,,2022-05-05,,,,,,,"{""market_momentum"": -0.0825222269028667, ""market_volatility"": 0.018380092351151393, ""momentum"": -0.07761596548004324, ""volatility"": 0.02183171201352199, ""volume_state"": 15.043282181838334}",assumed_next_daily_close,,5,0000004962,,-0.0825222269028667,0.018380092351151393,-0.07761596548004324,,,,,,,3a578db181363f7b772334ad,False,,,,,,bounded_preclose_bid_ask,,,False,not_requested_for_horizon_or_variant,thin_prior_option_volume,event,covered_call,,thin_prior_option_volume,,,False,,H23,3,AXP,,double_cost,0.02183171201352199,15.043282181838334,2022
,,,06693b2c6c9e8c15eb96fc17,time_value,,,1,2,2022-05-05,2022-05-05,,,85,,,2022-05-06,86,False,,,2022-05-05,,,,,,,"{""market_momentum"": -0.0825222269028667, ""market_volatility"": 0.018380092351151393, ""momentum"": -0.07761596548004324, ""volatility"": 0.02183171201352199, ""volume_state"": 15.043282181838334}",assumed_next_daily_close,,5,0000004962,,-0.0825222269028667,0.018380092351151393,-0.07761596548004324,,,,,,,3a578db181363f7b772334ad,False,,,,,,bounded_preclose_bid_ask,,,False,not_requested_for_horizon_or_variant,thin_prior_option_volume,event,covered_call,,thin_prior_option_volume,,,True,,H23,3,AXP,,double_cost,0.02183171201352199,15.043282181838334,2022
,,,06693b2c6c9e8c15eb96fc17,time_value,,,1,2,2022-05-05,2022-05-05,,,85,,,2022-05-06,86,False,,,2022-05-05,,,,,,,"{""market_momentum"": -0.0825222269028667, ""market_volatility"": 0.018380092351151393, ""momentum"": -0.07761596548004324, ""volatility"": 0.02183171201352199, ""volume_state"": 15.043282181838334}",assumed_next_daily_close,,10,0000004962,,-0.0825222269028667,0.018380092351151393,-0.07761596548004324,,,,,,,3a578db181363f7b772334ad,False,,,,,,bounded_preclose_bid_ask,,,False,not_requested_for_horizon_or_variant,thin_prior_option_volume,event,covered_call,,thin_prior_option_volume,,,False,,H23,3,AXP,,double_cost,0.02183171201352199,15.043282181838334,2022
,,,06693b2c6c9e8c15eb96fc17,time_value,,,1,2,2022-05-05,2022-05-05,,,85,,,2022-05-06,86,False,,,2022-05-05,,,,,,,"{""market_momentum"": -0.0825222269028667, ""market_volatility"": 0.018380092351151393, ""momentum"": -0.07761596548004324, ""volatility"": 0.02183171201352199, ""volume_state"": 15.043282181838334}",assumed_next_daily_close,,10,0000004962,,-0.0825222269028667,0.018380092351151393,-0.07761596548004324,,,,,,,3a578db181363f7b772334ad,False,,,,,,bounded_preclose_bid_ask,,,False,not_requested_for_horizon_or_variant,thin_prior_option_volume,event,covered_call,,thin_prior_option_volume,,,True,,H23,3,AXP,,double_cost,0.02183171201352199,15.043282181838334,2022
,,,06693b2c6c9e8c15eb96fc17,time_value,,,1,2,2022-05-05,2022-05-05,,,85,,,2022-05-06,86,False,,,2022-05-05,,,,,,,"{""market_momentum"": -0.0825222269028667, ""market_volatility"": 0.018380092351151393, ""momentum"": -0.07761596548004324, ""volatility"": 0.02183171201352199, ""volume_state"": 15.043282181838334}",assumed_next_daily_close,,21,0000004962,,-0.0825222269028667,0.018380092351151393,-0.07761596548004324,,,,,,,3a578db181363f7b772334ad,False,,,,,,bounded_preclose_bid_ask,,,False,not_requested_for_horizon_or_variant,thin_prior_option_volume,event,covered_call,,thin_prior_option_volume,,,False,,H23,3,AXP,,double_cost,0.02183171201352199,15.043282181838334,2022
,,,06693b2c6c9e8c15eb96fc17,time_value,,,1,2,2022-05-05,2022-05-05,,,85,,,2022-05-06,86,False,,,2022-05-05,,,,,,,"{""market_momentum"": -0.0825222269028667, ""market_volatility"": 0.018380092351151393, ""momentum"": -0.07761596548004324, ""volatility"": 0.02183171201352199, ""volume_state"": 15.043282181838334}",assumed_next_daily_close,,21,0000004962,,-0.0825222269028667,0.018380092351151393,-0.07761596548004324,,,,,,,3a578db181363f7b772334ad,False,,,,,,bounded_preclose_bid_ask,,,False,not_requested_for_horizon_or_variant,thin_prior_option_volume,event,covered_call,,thin_prior_option_volume,,,True,,H23,3,AXP,,double_cost,0.02183171201352199,15.043282181838334,2022
,,,06693b2c6c9e8c15eb96fc17,time_value,,,1,2,2022-05-05,2022-05-05,,,85,,,2022-05-06,86,False,,,2022-05-05,,,,,,,"{""market_momentum"": -0.0825222269028667, ""market_volatility"": 0.018380092351151393, ""momentum"": -0.07761596548004324, ""volatility"": 0.02183171201352199, ""volume_state"": 15.043282181838334}",assumed_next_daily_close,,42,0000004962,,-0.0825222269028667,0.018380092351151393,-0.07761596548004324,,,,,,,3a578db181363f7b772334ad,False,,,,,,bounded_preclose_bid_ask,,,False,not_requested_for_horizon_or_variant,thin_prior_option_volume,event,covered_call,,thin_prior_option_volume,,,False,,H23,3,AXP,,double_cost,0.02183171201352199,15.043282181838334,2022
,,,06693b2c6c9e8c15eb96fc17,time_value,,,1,2,2022-05-05,2022-05-05,,,85,,,2022-05-06,86,False,,,2022-05-05,,,,,,,"{""market_momentum"": -0.0825222269028667, ""market_volatility"": 0.018380092351151393, ""momentum"": -0.07761596548004324, ""volatility"": 0.02183171201352199, ""volume_state"": 15.043282181838334}",assumed_next_daily_close,,42,0000004962,,-0.0825222269028667,0.018380092351151393,-0.07761596548004324,,,,,,,3a578db181363f7b772334ad,False,,,,,,bounded_preclose_bid_ask,,,False,not_requested_for_horizon_or_variant,thin_prior_option_volume,event,covered_call,,thin_prior_option_volume,,,True,,H23,3,AXP,,double_cost,0.02183171201352199,15.043282181838334,2022
,,,06693b2c6c9e8c15eb96fc17,time_value,,,1,2,2022-05-05,2022-05-05,,,85,,,2022-05-06,86,False,,,2022-05-05,,,,,,,"{""market_momentum"": -0.0825222269028667, ""market_volatility"": 0.018380092351151393, ""momentum"": -0.07761596548004324, ""volatility"": 0.02183171201352199, ""volume_state"": 15.043282181838334}",assumed_next_daily_close,,63,0000004962,,-0.0825222269028667,0.018380092351151393,-0.07761596548004324,,,,,,,3a578db181363f7b772334ad,False,,,,,,bounded_preclose_bid_ask,,,False,not_requested_for_horizon_or_variant,thin_prior_option_volume,event,covered_call,,thin_prior_option_volume,,,False,,H23,3,AXP,,double_cost,0.02183171201352199,15.043282181838334,2022
,,,06693b2c6c9e8c15eb96fc17,time_value,,,1,2,2022-05-05,2022-05-05,,,85,,,2022-05-06,86,False,,,2022-05-05,,,,,,,"{""market_momentum"": -0.0825222269028667, ""market_volatility"": 0.018380092351151393, ""momentum"": -0.07761596548004324, ""volatility"": 0.02183171201352199, ""volume_state"": 15.043282181838334}",assumed_next_daily_close,,63,0000004962,,-0.0825222269028667,0.018380092351151393,-0.07761596548004324,,,,,,,3a578db181363f7b772334ad,False,,,,,,bounded_preclose_bid_ask,,,False,not_requested_for_horizon_or_variant,thin_prior_option_volume,event,covered_call,,thin_prior_option_volume,,,True,,H23,3,AXP,,double_cost,0.02183171201352199,15.043282181838334,2022
,,,06693b2c6c9e8c15eb96fc17,time_value,,,1,2,2022-05-05,2022-05-05,,,85,,,2022-05-06,86,False,,,2022-05-05,,,,,,,"{""market_momentum"": -0.0825222269028667, ""market_volatility"": 0.018380092351151393, ""momentum"": -0.07761596548004324, ""volatility"": 0.02183171201352199, ""volume_state"": 15.043282181838334}",assumed_next_daily_close,,expiry,0000004962,,-0.0825222269028667,0.018380092351151393,-0.07761596548004324,,,,,,,3a578db181363f7b772334ad,False,,,,,,bounded_preclose_bid_ask,,,False,not_requested_for_horizon_or_variant,thin_prior_option_volume,event,covered_call,,thin_prior_option_volume,,,False,,H23,3,AXP,,double_cost,0.02183171201352199,15.043282181838334,2022
,,,06693b2c6c9e8c15eb96fc17,time_value,,,1,2,2022-05-05,2022-05-05,,,85,,,2022-05-06,86,False,,,2022-05-05,,,,,,,"{""market_momentum"": -0.0825222269028667, ""market_volatility"": 0.018380092351151393, ""momentum"": -0.07761596548004324, ""volatility"": 0.02183171201352199, ""volume_state"": 15.043282181838334}",assumed_next_daily_close,,expiry,0000004962,,-0.0825222269028667,0.018380092351151393,-0.07761596548004324,,,,,,,3a578db181363f7b772334ad,False,,,,,,bounded_preclose_bid_ask,,,False,not_requested_for_horizon_or_variant,thin_prior_option_volume,event,covered_call,,thin_prior_option_volume,,,True,,H23,3,AXP,,double_cost,0.02183171201352199,15.043282181838334,2022
,,,07fb302182eae4195697ff68,time_value,,,1,2,2023-11-09,2023-11-09,,,466,,,2023-11-10,467,False,,,2024-04-29,,,,,,,"{""market_momentum"": -0.0056839017235057465, ""market_volatility"": 0.009333956393016686, ""momentum"": 0.005676192990561768, ""volatility"": 0.016885114209320155, ""volume_state"": 15.004428446468827}",assumed_next_daily_close,,1,0000004962,,-0.0056839017235057465,0.009333956393016686,0.005676192990561768,,,,,,,c413f50e9e0949687bdf1398,False,,,,,,bounded_preclose_bid_ask,,,False,not_requested_for_horizon_or_variant,thin_prior_option_volume,ordinary,covered_call,,thin_prior_option_volume,,,False,,H23,3,AXP,,double_cost,0.016885114209320155,15.004428446468827,2023
,,,07fb302182eae4195697ff68,time_value,,,1,2,2023-11-09,2023-11-09,,,466,,,2023-11-10,467,False,,,2024-04-29,,,,,,,"{""market_momentum"": -0.0056839017235057465, ""market_volatility"": 0.009333956393016686, ""momentum"": 0.005676192990561768, ""volatility"": 0.016885114209320155, ""volume_state"": 15.004428446468827}",assumed_next_daily_close,,1,0000004962,,-0.0056839017235057465,0.009333956393016686,0.005676192990561768,,,,,,,c413f50e9e0949687bdf1398,False,,,,,,bounded_preclose_bid_ask,,,False,not_requested_for_horizon_or_variant,thin_prior_option_volume,ordinary,covered_call,,thin_prior_option_volume,,,True,,H23,3,AXP,,double_cost,0.016885114209320155,15.004428446468827,2023
,,,07fb302182eae4195697ff68,time_value,,,1,2,2023-11-09,2023-11-09,,,466,,,2023-11-10,467,False,,,2024-04-29,,,,,,,"{""market_momentum"": -0.0056839017235057465, ""market_volatility"": 0.009333956393016686, ""momentum"": 0.005676192990561768, ""volatility"": 0.016885114209320155, ""volume_state"": 15.004428446468827}",assumed_next_daily_close,,2,0000004962,,-0.0056839017235057465,0.009333956393016686,0.005676192990561768,,,,,,,c413f50e9e0949687bdf1398,False,,,,,,bounded_preclose_bid_ask,,,False,not_requested_for_horizon_or_variant,thin_prior_option_volume,ordinary,covered_call,,thin_prior_option_volume,,,False,,H23,3,AXP,,double_cost,0.016885114209320155,15.004428446468827,2023
,,,07fb302182eae4195697ff68,time_value,,,1,2,2023-11-09,2023-11-09,,,466,,,2023-11-10,467,False,,,2024-04-29,,,,,,,"{""market_momentum"": -0.0056839017235057465, ""market_volatility"": 0.009333956393016686, ""momentum"": 0.005676192990561768, ""volatility"": 0.016885114209320155, ""volume_state"": 15.004428446468827}",assumed_next_daily_close,,2,0000004962,,-0.0056839017235057465,0.009333956393016686,0.005676192990561768,,,,,,,c413f50e9e0949687bdf1398,False,,,,,,bounded_preclose_bid_ask,,,False,not_requested_for_horizon_or_variant,thin_prior_option_volume,ordinary,covered_call,,thin_prior_option_volume,,,True,,H23,3,AXP,,double_cost,0.016885114209320155,15.004428446468827,2023
,,,07fb302182eae4195697ff68,time_value,,,1,2,2023-11-09,2023-11-09,,,466,,,2023-11-10,467,False,,,2024-04-29,,,,,,,"{""market_momentum"": -0.0056839017235057465, ""market_volatility"": 0.009333956393016686, ""momentum"": 0.005676192990561768, ""volatility"": 0.016885114209320155, ""volume_state"": 15.004428446468827}",assumed_next_daily_close,,3,0000004962,,-0.0056839017235057465,0.009333956393016686,0.005676192990561768,,,,,,,c413f50e9e0949687bdf1398,False,,,,,,bounded_preclose_bid_ask,,,False,not_requested_for_horizon_or_variant,thin_prior_option_volume,ordinary,covered_call,,thin_prior_option_volume,,,False,,H23,3,AXP,,double_cost,0.016885114209320155,15.004428446468827,2023
,,,07fb302182eae4195697ff68,time_value,,,1,2,2023-11-09,2023-11-09,,,466,,,2023-11-10,467,False,,,2024-04-29,,,,,,,"{""market_momentum"": -0.0056839017235057465, ""market_volatility"": 0.009333956393016686, ""momentum"": 0.005676192990561768, ""volatility"": 0.016885114209320155, ""volume_state"": 15.004428446468827}",assumed_next_daily_close,,3,0000004962,,-0.0056839017235057465,0.009333956393016686,0.005676192990561768,,,,,,,c413f50e9e0949687bdf1398,False,,,,,,bounded_preclose_bid_ask,,,False,not_requested_for_horizon_or_variant,thin_prior_option_volume,ordinary,covered_call,,thin_prior_option_volume,,,True,,H23,3,AXP,,double_cost,0.016885114209320155,15.004428446468827,2023
,,,07fb302182eae4195697ff68,time_value,,,1,2,2023-11-09,2023-11-09,,,466,,,2023-11-10,467,False,,,2024-04-29,,,,,,,"{""market_momentum"": -0.0056839017235057465, ""market_volatility"": 0.009333956393016686, ""momentum"": 0.005676192990561768, ""volatility"": 0.016885114209320155, ""volume_state"": 15.004428446468827}",assumed_next_daily_close,,5,0000004962,,-0.0056839017235057465,0.009333956393016686,0.005676192990561768,,,,,,,c413f50e9e0949687bdf1398,False,,,,,,bounded_preclose_bid_ask,,,False,not_requested_for_horizon_or_variant,thin_prior_option_volume,ordinary,covered_call,,thin_prior_option_volume,,,False,,H23,3,AXP,,double_cost,0.016885114209320155,15.004428446468827,2023
,,,07fb302182eae4195697ff68,time_value,,,1,2,2023-11-09,2023-11-09,,,466,,,2023-11-10,467,False,,,2024-04-29,,,,,,,"{""market_momentum"": -0.0056839017235057465, ""market_volatility"": 0.009333956393016686, ""momentum"": 0.005676192990561768, ""volatility"": 0.016885114209320155, ""volume_state"": 15.004428446468827}",assumed_next_daily_close,,5,0000004962,,-0.0056839017235057465,0.009333956393016686,0.005676192990561768,,,,,,,c413f50e9e0949687bdf1398,False,,,,,,bounded_preclose_bid_ask,,,False,not_requested_for_horizon_or_variant,thin_prior_option_volume,ordinary,covered_call,,thin_prior_option_volume,,,True,,H23,3,AXP,,double_cost,0.016885114209320155,15.004428446468827,2023
,,,07fb302182eae4195697ff68,time_value,,,1,2,2023-11-09,2023-11-09,,,466,,,2023-11-10,467,False,,,2024-04-29,,,,,,,"{""market_momentum"": -0.0056839017235057465, ""market_volatility"": 0.009333956393016686, ""momentum"": 0.005676192990561768, ""volatility"": 0.016885114209320155, ""volume_state"": 15.004428446468827}",assumed_next_daily_close,,10,0000004962,,-0.0056839017235057465,0.009333956393016686,0.005676192990561768,,,,,,,c413f50e9e0949687bdf1398,False,,,,,,bounded_preclose_bid_ask,,,False,not_requested_for_horizon_or_variant,thin_prior_option_volume,ordinary,covered_call,,thin_prior_option_volume,,,False,,H23,3,AXP,,double_cost,0.016885114209320155,15.004428446468827,2023
,,,07fb302182eae4195697ff68,time_value,,,1,2,2023-11-09,2023-11-09,,,466,,,2023-11-10,467,False,,,2024-04-29,,,,,,,"{""market_momentum"": -0.0056839017235057465, ""market_volatility"": 0.009333956393016686, ""momentum"": 0.005676192990561768, ""volatility"": 0.016885114209320155, ""volume_state"": 15.004428446468827}",assumed_next_daily_close,,10,0000004962,,-0.0056839017235057465,0.009333956393016686,0.005676192990561768,,,,,,,c413f50e9e0949687bdf1398,False,,,,,,bounded_preclose_bid_ask,,,False,not_requested_for_horizon_or_variant,thin_prior_option_volume,ordinary,covered_call,,thin_prior_option_volume,,,True,,H23,3,AXP,,double_cost,0.016885114209320155,15.004428446468827,2023
,,,07fb302182eae4195697ff68,time_value,,,1,2,2023-11-09,2023-11-09,,,466,,,2023-11-10,467,False,,,2024-04-29,,,,,,,"{""market_momentum"": -0.0056839017235057465, ""market_volatility"": 0.009333956393016686, ""momentum"": 0.005676192990561768, ""volatility"": 0.016885114209320155, ""volume_state"": 15.004428446468827}",assumed_next_daily_close,,21,0000004962,,-0.0056839017235057465,0.009333956393016686,0.005676192990561768,,,,,,,c413f50e9e0949687bdf1398,False,,,,,,bounded_preclose_bid_ask,,,False,not_requested_for_horizon_or_variant,thin_prior_option_volume,ordinary,covered_call,,thin_prior_option_volume,,,False,,H23,3,AXP,,double_cost,0.016885114209320155,15.004428446468827,2023
,,,07fb302182eae4195697ff68,time_value,,,1,2,2023-11-09,2023-11-09,,,466,,,2023-11-10,467,False,,,2024-04-29,,,,,,,"{""market_momentum"": -0.0056839017235057465, ""market_volatility"": 0.009333956393016686, ""momentum"": 0.005676192990561768, ""volatility"": 0.016885114209320155, ""volume_state"": 15.004428446468827}",assumed_next_daily_close,,21,0000004962,,-0.0056839017235057465,0.009333956393016686,0.005676192990561768,,,,,,,c413f50e9e0949687bdf1398,False,,,,,,bounded_preclose_bid_ask,,,False,not_requested_for_horizon_or_variant,thin_prior_option_volume,ordinary,covered_call,,thin_prior_option_volume,,,True,,H23,3,AXP,,double_cost,0.016885114209320155,15.004428446468827,2023
,,,07fb302182eae4195697ff68,time_value,,,1,2,2023-11-09,2023-11-09,,,466,,,2023-11-10,467,False,,,2024-04-29,,,,,,,"{""market_momentum"": -0.0056839017235057465, ""market_volatility"": 0.009333956393016686, ""momentum"": 0.005676192990561768, ""volatility"": 0.016885114209320155, ""volume_state"": 15.004428446468827}",assumed_next_daily_close,,42,0000004962,,-0.0056839017235057465,0.009333956393016686,0.005676192990561768,,,,,,,c413f50e9e0949687bdf1398,False,,,,,,bounded_preclose_bid_ask,,,False,not_requested_for_horizon_or_variant,thin_prior_option_volume,ordinary,covered_call,,thin_prior_option_volume,,,False,,H23,3,AXP,,double_cost,0.016885114209320155,15.004428446468827,2023
,,,07fb302182eae4195697ff68,time_value,,,1,2,2023-11-09,2023-11-09,,,466,,,2023-11-10,467,False,,,2024-04-29,,,,,,,"{""market_momentum"": -0.0056839017235057465, ""market_volatility"": 0.009333956393016686, ""momentum"": 0.005676192990561768, ""volatility"": 0.016885114209320155, ""volume_state"": 15.004428446468827}",assumed_next_daily_close,,42,0000004962,,-0.0056839017235057465,0.009333956393016686,0.005676192990561768,,,,,,,c413f50e9e0949687bdf1398,False,,,,,,bounded_preclose_bid_ask,,,False,not_requested_for_horizon_or_variant,thin_prior_option_volume,ordinary,covered_call,,thin_prior_option_volume,,,True,,H23,3,AXP,,double_cost,0.016885114209320155,15.004428446468827,2023
,,,07fb302182eae4195697ff68,time_value,,,1,2,2023-11-09,2023-11-09,,,466,,,2023-11-10,467,False,,,2024-04-29,,,,,,,"{""market_momentum"": -0.0056839017235057465, ""market_volatility"": 0.009333956393016686, ""momentum"": 0.005676192990561768, ""volatility"": 0.016885114209320155, ""volume_state"": 15.004428446468827}",assumed_next_daily_close,,63,0000004962,,-0.0056839017235057465,0.009333956393016686,0.005676192990561768,,,,,,,c413f50e9e0949687bdf1398,False,,,,,,bounded_preclose_bid_ask,,,False,not_requested_for_horizon_or_variant,thin_prior_option_volume,ordinary,covered_call,,thin_prior_option_volume,,,False,,H23,3,AXP,,double_cost,0.016885114209320155,15.004428446468827,2023
,,,07fb302182eae4195697ff68,time_value,,,1,2,2023-11-09,2023-11-09,,,466,,,2023-11-10,467,False,,,2024-04-29,,,,,,,"{""market_momentum"": -0.0056839017235057465, ""market_volatility"": 0.009333956393016686, ""momentum"": 0.005676192990561768, ""volatility"": 0.016885114209320155, ""volume_state"": 15.004428446468827}",assumed_next_daily_close,,63,0000004962,,-0.0056839017235057465,0.009333956393016686,0.005676192990561768,,,,,,,c413f50e9e0949687bdf1398,False,,,,,,bounded_preclose_bid_ask,,,False,not_requested_for_horizon_or_variant,thin_prior_option_volume,ordinary,covered_call,,thin_prior_option_volume,,,True,,H23,3,AXP,,double_cost,0.016885114209320155,15.004428446468827,2023
,,,07fb302182eae4195697ff68,time_value,,,1,2,2023-11-09,2023-11-09,,,466,,,2023-11-10,467,False,,,2024-04-29,,,,,,,"{""market_momentum"": -0.0056839017235057465, ""market_volatility"": 0.009333956393016686, ""momentum"": 0.005676192990561768, ""volatility"": 0.016885114209320155, ""volume_state"": 15.004428446468827}",assumed_next_daily_close,,expiry,0000004962,,-0.0056839017235057465,0.009333956393016686,0.005676192990561768,,,,,,,c413f50e9e0949687bdf1398,False,,,,,,bounded_preclose_bid_ask,,,False,not_requested_for_horizon_or_variant,thin_prior_option_volume,ordinary,covered_call,,thin_prior_option_volume,,,False,,H23,3,AXP,,double_cost,0.016885114209320155,15.004428446468827,2023
,,,07fb302182eae4195697ff68,time_value,,,1,2,2023-11-09,2023-11-09,,,466,,,2023-11-10,467,False,,,2024-04-29,,,,,,,"{""market_momentum"": -0.0056839017235057465, ""market_volatility"": 0.009333956393016686, ""momentum"": 0.005676192990561768, ""volatility"": 0.016885114209320155, ""volume_state"": 15.004428446468827}",assumed_next_daily_close,,expiry,0000004962,,-0.0056839017235057465,0.009333956393016686,0.005676192990561768,,,,,,,c413f50e9e0949687bdf1398,False,,,,,,bounded_preclose_bid_ask,,,False,not_requested_for_horizon_or_variant,thin_prior_option_volume,ordinary,covered_call,,thin_prior_option_volume,,,True,,H23,3,AXP,,double_cost,0.016885114209320155,15.004428446468827,2023
,,,0d05382f83ca71c081d2430b,time_value,,,1,2,2023-02-21,2023-02-21,,,284,,,2023-02-22,285,False,,,2023-02-21,,,,,,,"{""market_momentum"": 0.008108517732646314, ""market_volatility"": 0.010323714718565928, ""momentum"": 0.1443271767810026, ""volatility"": 0.025893038084354093, ""volume_state"": 15.245388548207401}",assumed_next_daily_close,,1,0000004962,,0.008108517732646314,0.010323714718565928,0.1443271767810026,,,,,,,22ec1e05640fbe4ff0d8a69f,False,,,,,,bounded_preclose_bid_ask,,,False,not_requested_for_horizon_or_variant,missing_decision_or_entry_bar,event,protective_put,,missing_decision_or_entry_bar,,,False,,H23,3,AXP,,double_cost,0.025893038084354093,15.245388548207401,2023
,,,0d05382f83ca71c081d2430b,time_value,,,1,2,2023-02-21,2023-02-21,,,284,,,2023-02-22,285,False,,,2023-02-21,,,,,,,"{""market_momentum"": 0.008108517732646314, ""market_volatility"": 0.010323714718565928, ""momentum"": 0.1443271767810026, ""volatility"": 0.025893038084354093, ""volume_state"": 15.245388548207401}",assumed_next_daily_close,,1,0000004962,,0.008108517732646314,0.010323714718565928,0.1443271767810026,,,,,,,22ec1e05640fbe4ff0d8a69f,False,,,,,,bounded_preclose_bid_ask,,,False,not_requested_for_horizon_or_variant,missing_decision_or_entry_bar,event,protective_put,,missing_decision_or_entry_bar,,,True,,H23,3,AXP,,double_cost,0.025893038084354093,15.245388548207401,2023
,,,0d05382f83ca71c081d2430b,time_value,,,1,2,2023-02-21,2023-02-21,,,284,,,2023-02-22,285,False,,,2023-02-21,,,,,,,"{""market_momentum"": 0.008108517732646314, ""market_volatility"": 0.010323714718565928, ""momentum"": 0.1443271767810026, ""volatility"": 0.025893038084354093, ""volume_state"": 15.245388548207401}",assumed_next_daily_close,,2,0000004962,,0.008108517732646314,0.010323714718565928,0.1443271767810026,,,,,,,22ec1e05640fbe4ff0d8a69f,False,,,,,,bounded_preclose_bid_ask,,,False,not_requested_for_horizon_or_variant,missing_decision_or_entry_bar,event,protective_put,,missing_decision_or_entry_bar,,,False,,H23,3,AXP,,double_cost,0.025893038084354093,15.245388548207401,2023
,,,0d05382f83ca71c081d2430b,time_value,,,1,2,2023-02-21,2023-02-21,,,284,,,2023-02-22,285,False,,,2023-02-21,,,,,,,"{""market_momentum"": 0.008108517732646314, ""market_volatility"": 0.010323714718565928, ""momentum"": 0.1443271767810026, ""volatility"": 0.025893038084354093, ""volume_state"": 15.245388548207401}",assumed_next_daily_close,,2,0000004962,,0.008108517732646314,0.010323714718565928,0.1443271767810026,,,,,,,22ec1e05640fbe4ff0d8a69f,False,,,,,,bounded_preclose_bid_ask,,,False,not_requested_for_horizon_or_variant,missing_decision_or_entry_bar,event,protective_put,,missing_decision_or_entry_bar,,,True,,H23,3,AXP,,double_cost,0.025893038084354093,15.245388548207401,2023
,,,0d05382f83ca71c081d2430b,time_value,,,1,2,2023-02-21,2023-02-21,,,284,,,2023-02-22,285,False,,,2023-02-21,,,,,,,"{""market_momentum"": 0.008108517732646314, ""market_volatility"": 0.010323714718565928, ""momentum"": 0.1443271767810026, ""volatility"": 0.025893038084354093, ""volume_state"": 15.245388548207401}",assumed_next_daily_close,,3,0000004962,,0.008108517732646314,0.010323714718565928,0.1443271767810026,,,,,,,22ec1e05640fbe4ff0d8a69f,False,,,,,,bounded_preclose_bid_ask,,,False,not_requested_for_horizon_or_variant,missing_decision_or_entry_bar,event,protective_put,,missing_decision_or_entry_bar,,,False,,H23,3,AXP,,double_cost,0.025893038084354093,15.245388548207401,2023
,,,0d05382f83ca71c081d2430b,time_value,,,1,2,2023-02-21,2023-02-21,,,284,,,2023-02-22,285,False,,,2023-02-21,,,,,,,"{""market_momentum"": 0.008108517732646314, ""market_volatility"": 0.010323714718565928, ""momentum"": 0.1443271767810026, ""volatility"": 0.025893038084354093, ""volume_state"": 15.245388548207401}",assumed_next_daily_close,,3,0000004962,,0.008108517732646314,0.010323714718565928,0.1443271767810026,,,,,,,22ec1e05640fbe4ff0d8a69f,False,,,,,,bounded_preclose_bid_ask,,,False,not_requested_for_horizon_or_variant,missing_decision_or_entry_bar,event,protective_put,,missing_decision_or_entry_bar,,,True,,H23,3,AXP,,double_cost,0.025893038084354093,15.245388548207401,2023
,,,0d05382f83ca71c081d2430b,time_value,,,1,2,2023-02-21,2023-02-21,,,284,,,2023-02-22,285,False,,,2023-02-21,,,,,,,"{""market_momentum"": 0.008108517732646314, ""market_volatility"": 0.010323714718565928, ""momentum"": 0.1443271767810026, ""volatility"": 0.025893038084354093, ""volume_state"": 15.245388548207401}",assumed_next_daily_close,,5,0000004962,,0.008108517732646314,0.010323714718565928,0.1443271767810026,,,,,,,22ec1e05640fbe4ff0d8a69f,False,,,,,,bounded_preclose_bid_ask,,,False,not_requested_for_horizon_or_variant,missing_decision_or_entry_bar,event,protective_put,,missing_decision_or_entry_bar,,,False,,H23,3,AXP,,double_cost,0.025893038084354093,15.245388548207401,2023
,,,0d05382f83ca71c081d2430b,time_value,,,1,2,2023-02-21,2023-02-21,,,284,,,2023-02-22,285,False,,,2023-02-21,,,,,,,"{""market_momentum"": 0.008108517732646314, ""market_volatility"": 0.010323714718565928, ""momentum"": 0.1443271767810026, ""volatility"": 0.025893038084354093, ""volume_state"": 15.245388548207401}",assumed_next_daily_close,,5,0000004962,,0.008108517732646314,0.010323714718565928,0.1443271767810026,,,,,,,22ec1e05640fbe4ff0d8a69f,False,,,,,,bounded_preclose_bid_ask,,,False,not_requested_for_horizon_or_variant,missing_decision_or_entry_bar,event,protective_put,,missing_decision_or_entry_bar,,,True,,H23,3,AXP,,double_cost,0.025893038084354093,15.245388548207401,2023
,,,0d05382f83ca71c081d2430b,time_value,,,1,2,2023-02-21,2023-02-21,,,284,,,2023-02-22,285,False,,,2023-02-21,,,,,,,"{""market_momentum"": 0.008108517732646314, ""market_volatility"": 0.010323714718565928, ""momentum"": 0.1443271767810026, ""volatility"": 0.025893038084354093, ""volume_state"": 15.245388548207401}",assumed_next_daily_close,,10,0000004962,,0.008108517732646314,0.010323714718565928,0.1443271767810026,,,,,,,22ec1e05640fbe4ff0d8a69f,False,,,,,,bounded_preclose_bid_ask,,,False,not_requested_for_horizon_or_variant,missing_decision_or_entry_bar,event,protective_put,,missing_decision_or_entry_bar,,,False,,H23,3,AXP,,double_cost,0.025893038084354093,15.245388548207401,2023
,,,0d05382f83ca71c081d2430b,time_value,,,1,2,2023-02-21,2023-02-21,,,284,,,2023-02-22,285,False,,,2023-02-21,,,,,,,"{""market_momentum"": 0.008108517732646314, ""market_volatility"": 0.010323714718565928, ""momentum"": 0.1443271767810026, ""volatility"": 0.025893038084354093, ""volume_state"": 15.245388548207401}",assumed_next_daily_close,,10,0000004962,,0.008108517732646314,0.010323714718565928,0.1443271767810026,,,,,,,22ec1e05640fbe4ff0d8a69f,False,,,,,,bounded_preclose_bid_ask,,,False,not_requested_for_horizon_or_variant,missing_decision_or_entry_bar,event,protective_put,,missing_decision_or_entry_bar,,,True,,H23,3,AXP,,double_cost,0.025893038084354093,15.245388548207401,2023
,,,0d05382f83ca71c081d2430b,time_value,,,1,2,2023-02-21,2023-02-21,,,284,,,2023-02-22,285,False,,,2023-02-21,,,,,,,"{""market_momentum"": 0.008108517732646314, ""market_volatility"": 0.010323714718565928, ""momentum"": 0.1443271767810026, ""volatility"": 0.025893038084354093, ""volume_state"": 15.245388548207401}",assumed_next_daily_close,,21,0000004962,,0.008108517732646314,0.010323714718565928,0.1443271767810026,,,,,,,22ec1e05640fbe4ff0d8a69f,False,,,,,,bounded_preclose_bid_ask,,,False,not_requested_for_horizon_or_variant,missing_decision_or_entry_bar,event,protective_put,,missing_decision_or_entry_bar,,,False,,H23,3,AXP,,double_cost,0.025893038084354093,15.245388548207401,2023
,,,0d05382f83ca71c081d2430b,time_value,,,1,2,2023-02-21,2023-02-21,,,284,,,2023-02-22,285,False,,,2023-02-21,,,,,,,"{""market_momentum"": 0.008108517732646314, ""market_volatility"": 0.010323714718565928, ""momentum"": 0.1443271767810026, ""volatility"": 0.025893038084354093, ""volume_state"": 15.245388548207401}",assumed_next_daily_close,,21,0000004962,,0.008108517732646314,0.010323714718565928,0.1443271767810026,,,,,,,22ec1e05640fbe4ff0d8a69f,False,,,,,,bounded_preclose_bid_ask,,,False,not_requested_for_horizon_or_variant,missing_decision_or_entry_bar,event,protective_put,,missing_decision_or_entry_bar,,,True,,H23,3,AXP,,double_cost,0.025893038084354093,15.245388548207401,2023
,,,0d05382f83ca71c081d2430b,time_value,,,1,2,2023-02-21,2023-02-21,,,284,,,2023-02-22,285,False,,,2023-02-21,,,,,,,"{""market_momentum"": 0.008108517732646314, ""market_volatility"": 0.010323714718565928, ""momentum"": 0.1443271767810026, ""volatility"": 0.025893038084354093, ""volume_state"": 15.245388548207401}",assumed_next_daily_close,,42,0000004962,,0.008108517732646314,0.010323714718565928,0.1443271767810026,,,,,,,22ec1e05640fbe4ff0d8a69f,False,,,,,,bounded_preclose_bid_ask,,,False,not_requested_for_horizon_or_variant,missing_decision_or_entry_bar,event,protective_put,,missing_decision_or_entry_bar,,,False,,H23,3,AXP,,double_cost,0.025893038084354093,15.245388548207401,2023
,,,0d05382f83ca71c081d2430b,time_value,,,1,2,2023-02-21,2023-02-21,,,284,,,2023-02-22,285,False,,,2023-02-21,,,,,,,"{""market_momentum"": 0.008108517732646314, ""market_volatility"": 0.010323714718565928, ""momentum"": 0.1443271767810026, ""volatility"": 0.025893038084354093, ""volume_state"": 15.245388548207401}",assumed_next_daily_close,,42,0000004962,,0.008108517732646314,0.010323714718565928,0.1443271767810026,,,,,,,22ec1e05640fbe4ff0d8a69f,False,,,,,,bounded_preclose_bid_ask,,,False,not_requested_for_horizon_or_variant,missing_decision_or_entry_bar,event,protective_put,,missing_decision_or_entry_bar,,,True,,H23,3,AXP,,double_cost,0.025893038084354093,15.245388548207401,2023
,,,0d05382f83ca71c081d2430b,time_value,,,1,2,2023-02-21,2023-02-21,,,284,,,2023-02-22,285,False,,,2023-02-21,,,,,,,"{""market_momentum"": 0.008108517732646314, ""market_volatility"": 0.010323714718565928, ""momentum"": 0.1443271767810026, ""volatility"": 0.025893038084354093, ""volume_state"": 15.245388548207401}",assumed_next_daily_close,,63,0000004962,,0.008108517732646314,0.010323714718565928,0.1443271767810026,,,,,,,22ec1e05640fbe4ff0d8a69f,False,,,,,,bounded_preclose_bid_ask,,,False,not_requested_for_horizon_or_variant,missing_decision_or_entry_bar,event,protective_put,,missing_decision_or_entry_bar,,,False,,H23,3,AXP,,double_cost,0.025893038084354093,15.245388548207401,2023
,,,0d05382f83ca71c081d2430b,time_value,,,1,2,2023-02-21,2023-02-21,,,284,,,2023-02-22,285,False,,,2023-02-21,,,,,,,"{""market_momentum"": 0.008108517732646314, ""market_volatility"": 0.010323714718565928, ""momentum"": 0.1443271767810026, ""volatility"": 0.025893038084354093, ""volume_state"": 15.245388548207401}",assumed_next_daily_close,,63,0000004962,,0.008108517732646314,0.010323714718565928,0.1443271767810026,,,,,,,22ec1e05640fbe4ff0d8a69f,False,,,,,,bounded_preclose_bid_ask,,,False,not_requested_for_horizon_or_variant,missing_decision_or_entry_bar,event,protective_put,,missing_decision_or_entry_bar,,,True,,H23,3,AXP,,double_cost,0.025893038084354093,15.245388548207401,2023
,,,0d05382f83ca71c081d2430b,time_value,,,1,2,2023-02-21,2023-02-21,,,284,,,2023-02-22,285,False,,,2023-02-21,,,,,,,"{""market_momentum"": 0.008108517732646314, ""market_volatility"": 0.010323714718565928, ""momentum"": 0.1443271767810026, ""volatility"": 0.025893038084354093, ""volume_state"": 15.245388548207401}",assumed_next_daily_close,,expiry,0000004962,,0.008108517732646314,0.010323714718565928,0.1443271767810026,,,,,,,22ec1e05640fbe4ff0d8a69f,False,,,,,,bounded_preclose_bid_ask,,,False,not_requested_for_horizon_or_variant,missing_decision_or_entry_bar,event,protective_put,,missing_decision_or_entry_bar,,,False,,H23,3,AXP,,double_cost,0.025893038084354093,15.245388548207401,2023
,,,0d05382f83ca71c081d2430b,time_value,,,1,2,2023-02-21,2023-02-21,,,284,,,2023-02-22,285,False,,,2023-02-21,,,,,,,"{""market_momentum"": 0.008108517732646314, ""market_volatility"": 0.010323714718565928, ""momentum"": 0.1443271767810026, ""volatility"": 0.025893038084354093, ""volume_state"": 15.245388548207401}",assumed_next_daily_close,,expiry,0000004962,,0.008108517732646314,0.010323714718565928,0.1443271767810026,,,,,,,22ec1e05640fbe4ff0d8a69f,False,,,,,,bounded_preclose_bid_ask,,,False,not_requested_for_horizon_or_variant,missing_decision_or_entry_bar,event,protective_put,,missing_decision_or_entry_bar,,,True,,H23,3,AXP,,double_cost,0.025893038084354093,15.245388548207401,2023
0.046375355767620974,2024-05-01,584,0e484bff0d1086bd6650a86f,time_value,115.5752,O:AXP240920C00250000,1,2,2024-04-29,2024-04-29,144,0.04624979072492885,582,0.0,0.018371952313805923,2024-04-30,583,True,2024-05-01,584,2024-04-29,62,3564276.0,2024-05-01,scheduled_exit,584,2024-09-20,"{""market_momentum"": -0.024872388016900282, ""market_volatility"": 0.007778130944973878, ""momentum"": 0.049321445825464494, ""volatility"": 0.01783920526635064, ""volume_state"": 15.016434920509496}",assumed_next_daily_close,23403.0,1,0000004962,0,-0.024872388016900282,0.007778130944973878,0.049321445825464494,-429.9588,-0.018371952313805923,122.3836,9.3,8.65,65.00000000000003,c413f50e9e0949687bdf1398,True,0.006024096385542169,166,2.4286834116939938e-05,4117457.2,,bounded_preclose_bid_ask,,,False,not_requested_for_horizon_or_variant,,event,covered_call,100,completed,234.03,231.46,False,-257.0,H23,3,AXP,237.9588,double_cost,0.01783920526635064,15.016434920509496,2024
0.046375355767620974,2024-05-01,584,0e484bff0d1086bd6650a86f,time_value,27.775199999999998,O:AXP240920C00250000,1,2,2024-04-29,2024-04-29,144,0.04624979072492885,582,0.0,0.013368320300816134,2024-04-30,583,True,2024-05-01,584,2024-04-29,62,3564276.0,2024-05-01,scheduled_exit,584,2024-09-20,"{""market_momentum"": -0.024872388016900282, ""market_volatility"": 0.007778130944973878, ""momentum"": 0.049321445825464494, ""volatility"": 0.01783920526635064, ""volume_state"": 15.016434920509496}",assumed_next_daily_close,23403.0,1,0000004962,0,-0.024872388016900282,0.007778130944973878,0.049321445825464494,-312.8588,-0.013368320300816134,28.083599999999997,9.3,0.0,-0.0,c413f50e9e0949687bdf1398,True,0.006024096385542169,166,2.4286834116939938e-05,4117457.2,,bounded_preclose_bid_ask,,,False,not_requested_for_horizon_or_variant,,event,covered_call,100,completed,234.03,231.46,True,-257.0,H23,3,AXP,55.858799999999995,double_cost,0.01783920526635064,15.016434920509496,2024
0.046375355767620974,2024-05-02,585,0e484bff0d1086bd6650a86f,time_value,109.70000000000002,O:AXP240920C00250000,1,2,2024-04-29,2024-04-29,144,0.04624979072492885,582,0.0,0.018371952313805964,2024-04-30,583,True,2024-05-02,585,2024-04-29,62,3564276.0,2024-05-02,scheduled_exit,585,2024-09-20,"{""market_momentum"": -0.024872388016900282, ""market_volatility"": 0.007778130944973878, ""momentum"": 0.049321445825464494, ""volatility"": 0.01783920526635064, ""volume_state"": 15.016434920509496}",assumed_next_daily_close,23403.0,2,0000004962,0,-0.024872388016900282,0.007778130944973878,0.049321445825464494,-260.08360000000005,-0.011113258983890956,122.3836,9.3,8.05,125.0,c413f50e9e0949687bdf1398,True,0.006024096385542169,166,2.4286834116939938e-05,4117457.2,,bounded_preclose_bid_ask,,,False,not_requested_for_horizon_or_variant,,event,covered_call,100,completed,234.03,232.5,False,-153.0,H23,3,AXP,232.08360000000002,double_cost,0.01783920526635064,15.016434920509496,2024
0.046375355767620974,2024-05-02,585,0e484bff0d1086bd6650a86f,time_value,27.9,O:AXP240920C00250000,1,2,2024-04-29,2024-04-29,144,0.04624979072492885,582,0.0,0.013368320300816208,2024-04-30,583,True,2024-05-02,585,2024-04-29,62,3564276.0,2024-05-02,scheduled_exit,585,2024-09-20,"{""market_momentum"": -0.024872388016900282, ""market_volatility"": 0.007778130944973878, ""momentum"": 0.049321445825464494, ""volatility"": 0.01783920526635064, ""volume_state"": 15.016434920509496}",assumed_next_daily_close,23403.0,2,0000004962,0,-0.024872388016900282,0.007778130944973878,0.049321445825464494,-208.9836,-0.0089297782335598,28.083599999999997,9.3,0.0,-0.0,c413f50e9e0949687bdf1398,True,0.006024096385542169,166,2.4286834116939938e-05,4117457.2,,bounded_preclose_bid_ask,,,False,not_requested_for_horizon_or_variant,,event,covered_call,100,completed,234.03,232.5,True,-153.0,H23,3,AXP,55.983599999999996,double_cost,0.01783920526635064,15.016434920509496,2024
0.046375355767620974,2024-05-03,586,0e484bff0d1086bd6650a86f,time_value,100.9924,O:AXP240920C00250000,1,2,2024-04-29,2024-04-29,144,0.04624979072492885,582,0.0,0.018371952313805964,2024-04-30,583,True,2024-05-03,586,2024-04-29,62,3564276.0,2024-05-03,scheduled_exit,586,2024-09-20,"{""market_momentum"": -0.024872388016900282, ""market_volatility"": 0.007778130944973878, ""momentum"": 0.049321445825464494, ""volatility"": 0.01783920526635064, ""volume_state"": 15.016434920509496}",assumed_next_daily_close,23403.0,3,0000004962,0,-0.024872388016900282,0.007778130944973878,0.049321445825464494,-339.376,-0.014501388710849035,122.3836,9.3,7.2,210.00000000000006,c413f50e9e0949687bdf1398,True,0.006024096385542169,166,2.4286834116939938e-05,4117457.2,,bounded_preclose_bid_ask,,,False,not_requested_for_horizon_or_variant,,event,covered_call,100,completed,234.03,230.77,False,-326.0,H23,3,AXP,223.376,double_cost,0.01783920526635064,15.016434920509496,2024
0.046375355767620974,2024-05-03,586,0e484bff0d1086bd6650a86f,time_value,27.6924,O:AXP240920C00250000,1,2,2024-04-29,2024-04-29,144,0.04624979072492885,582,0.0,0.01631312224928428,2024-04-30,583,True,2024-05-03,586,2024-04-29,62,3564276.0,2024-05-03,scheduled_exit,586,2024-09-20,"{""market_momentum"": -0.024872388016900282, ""market_volatility"": 0.007778130944973878, ""momentum"": 0.049321445825464494, ""volatility"": 0.01783920526635064, ""volume_state"": 15.016434920509496}",assumed_next_daily_close,23403.0,3,0000004962,0,-0.024872388016900282,0.007778130944973878,0.049321445825464494,-381.776,-0.01631312224928428,28.083599999999997,9.3,0.0,-0.0,c413f50e9e0949687bdf1398,True,0.006024096385542169,166,2.4286834116939938e-05,4117457.2,,bounded_preclose_bid_ask,,,False,not_requested_for_horizon_or_variant,,event,covered_call,100,completed,234.03,230.77,True,-326.0,H23,3,AXP,55.775999999999996,double_cost,0.01783920526635064,15.016434920509496,2024
0.046375355767620974,2024-05-07,588,0e484bff0d1086bd6650a86f,time_value,110.9592,O:AXP240920C00250000,1,2,2024-04-29,2024-04-29,144,0.04624979072492885,582,0.0,0.018371952313805964,2024-04-30,583,True,2024-05-07,588,2024-04-29,62,3564276.0,2024-05-07,scheduled_exit,588,2024-09-20,"{""market_momentum"": -0.024872388016900282, ""market_volatility"": 0.007778130944973878, ""momentum"": 0.049321445825464494, ""volatility"": 0.01783920526635064, ""volume_state"": 15.016434920509496}",assumed_next_daily_close,23403.0,5,0000004962,0,-0.024872388016900282,0.007778130944973878,0.049321445825464494,-55.34279999999997,-0.002364773746955517,122.3836,9.3,8.15,115.00000000000003,c413f50e9e0949687bdf1398,True,0.006024096385542169,166,2.4286834116939938e-05,4117457.2,,bounded_preclose_bid_ask,,,False,not_requested_for_horizon_or_variant,,event,covered_call,100,completed,234.03,234.66,False,63.0,H23,3,AXP,233.3428,double_cost,0.01783920526635064,15.016434920509496,2024
0.046375355767620974,2024-05-07,588,0e484bff0d1086bd6650a86f,time_value,28.1592,O:AXP240920C00250000,1,2,2024-04-29,2024-04-29,144,0.04624979072492885,582,0.0,0.016313122249284356,2024-04-30,583,True,2024-05-07,588,2024-04-29,62,3564276.0,2024-05-07,scheduled_exit,588,2024-09-20,"{""market_momentum"": -0.024872388016900282, ""market_volatility"": 0.007778130944973878, ""momentum"": 0.049321445825464494, ""volatility"": 0.01783920526635064, ""volume_state"": 15.016434920509496}",assumed_next_daily_close,23403.0,5,0000004962,0,-0.024872388016900282,0.007778130944973878,0.049321445825464494,6.7572000000000045,0.0002887322138187414,28.083599999999997,9.3,0.0,-0.0,c413f50e9e0949687bdf1398,True,0.006024096385542169,166,2.4286834116939938e-05,4117457.2,,bounded_preclose_bid_ask,,,False,not_requested_for_horizon_or_variant,,event,covered_call,100,completed,234.03,234.66,True,63.0,H23,3,AXP,56.242799999999995,double_cost,0.01783920526635064,15.016434920509496,2024
0.046375355767620974,2024-05-14,593,0e484bff0d1086bd6650a86f,time_value,140.7836,O:AXP240920C00250000,1,2,2024-04-29,2024-04-29,144,0.04624979072492885,582,0.0,0.018371952313805964,2024-04-30,583,True,2024-05-14,593,2024-04-29,62,3564276.0,2024-05-14,scheduled_exit,593,2024-09-20,"{""market_momentum"": -0.024872388016900282, ""market_volatility"": 0.007778130944973878, ""momentum"": 0.049321445825464494, ""volatility"": 0.01783920526635064, ""volume_state"": 15.016434920509496}",assumed_next_daily_close,23403.0,10,0000004962,0,-0.024872388016900282,0.007778130944973878,0.049321445825464494,311.8328,0.01332447976755117,122.3836,9.3,11.05,-175.0,c413f50e9e0949687bdf1398,True,0.006024096385542169,166,2.4286834116939938e-05,4117457.2,,bounded_preclose_bid_ask,,,False,not_requested_for_horizon_or_variant,,event,covered_call,100,completed,234.03,241.53,False,750.0,H23,3,AXP,263.1672,double_cost,0.01783920526635064,15.016434920509496,2024
0.046375355767620974,2024-05-14,593,0e484bff0d1086bd6650a86f,time_value,28.9836,O:AXP240920C00250000,1,2,2024-04-29,2024-04-29,144,0.04624979072492885,582,0.0,0.016313122249284356,2024-04-30,583,True,2024-05-14,593,2024-04-29,62,3564276.0,2024-05-14,scheduled_exit,593,2024-09-20,"{""market_momentum"": -0.024872388016900282, ""market_volatility"": 0.007778130944973878, ""momentum"": 0.049321445825464494, ""volatility"": 0.01783920526635064, ""volume_state"": 15.016434920509496}",assumed_next_daily_close,23403.0,10,0000004962,0,-0.024872388016900282,0.007778130944973878,0.049321445825464494,692.9327999999999,0.029608716831175486,28.083599999999997,9.3,0.0,-0.0,c413f50e9e0949687bdf1398,True,0.006024096385542169,166,2.4286834116939938e-05,4117457.2,,bounded_preclose_bid_ask,,,False,not_requested_for_horizon_or_variant,,event,covered_call,100,completed,234.03,241.53,True,750.0,H23,3,AXP,57.0672,double_cost,0.01783920526635064,15.016434920509496,2024
0.046375355767620974,2024-05-30,604,0e484bff0d1086bd6650a86f,time_value,104.76639999999999,O:AXP240920C00250000,1,2,2024-04-29,2024-04-29,144,0.04624979072492885,582,0.0,0.018371952313805964,2024-04-30,583,True,2024-05-30,604,2024-04-29,62,3564276.0,2024-05-30,scheduled_exit,604,2024-09-20,"{""market_momentum"": -0.024872388016900282, ""market_volatility"": 0.007778130944973878, ""momentum"": 0.049321445825464494, ""volatility"": 0.01783920526635064, ""volume_state"": 15.016434920509496}",assumed_next_daily_close,23403.0,21,0000004962,0,-0.024872388016900282,0.007778130944973878,0.049321445825464494,271.8500000000001,0.011616032132632572,122.3836,9.3,7.5,180.00000000000006,c413f50e9e0949687bdf1398,True,0.006024096385542169,166,2.4286834116939938e-05,4117457.2,,bounded_preclose_bid_ask,,,False,not_requested_for_horizon_or_variant,,event,covered_call,100,completed,234.03,237.22,False,319.0,H23,3,AXP,227.14999999999998,double_cost,0.01783920526635064,15.016434920509496,2024
0.046375355767620974,2024-05-30,604,0e484bff0d1086bd6650a86f,time_value,28.466399999999997,O:AXP240920C00250000,1,2,2024-04-29,2024-04-29,144,0.04624979072492885,582,0.0,0.016313122249284356,2024-04-30,583,True,2024-05-30,604,2024-04-29,62,3564276.0,2024-05-30,scheduled_exit,604,2024-09-20,"{""market_momentum"": -0.024872388016900282, ""market_volatility"": 0.007778130944973878, ""momentum"": 0.049321445825464494, ""volatility"": 0.01783920526635064, ""volume_state"": 15.016434920509496}",assumed_next_daily_close,23403.0,21,0000004962,0,-0.024872388016900282,0.007778130944973878,0.049321445825464494,262.45,0.011214374225526642,28.083599999999997,9.3,0.0,-0.0,c413f50e9e0949687bdf1398,True,0.006024096385542169,166,2.4286834116939938e-05,4117457.2,,bounded_preclose_bid_ask,,,False,not_requested_for_horizon_or_variant,,event,covered_call,100,completed,234.03,237.22,True,319.0,H23,3,AXP,56.55,double_cost,0.01783920526635064,15.016434920509496,2024
0.046375355767620974,2024-07-01,625,0e484bff0d1086bd6650a86f,time_value,79.5572,O:AXP240920C00250000,1,2,2024-04-29,2024-04-29,144,0.04624979072492885,582,0.0,0.02996822629577409,2024-04-30,583,True,2024-07-01,625,2024-04-29,62,3564276.0,2024-07-01,scheduled_exit,625,2024-09-20,"{""market_momentum"": -0.024872388016900282, ""market_volatility"": 0.007778130944973878, ""momentum"": 0.049321445825464494, ""volatility"": 0.01783920526635064, ""volume_state"": 15.016434920509496}",assumed_next_daily_close,23403.0,42,0000004962,0,-0.024872388016900282,0.007778130944973878,0.049321445825464494,204.05920000000012,0.008719360765713802,122.3836,9.3,5.02,428.0000000000001,c413f50e9e0949687bdf1398,True,0.006024096385542169,166,2.4286834116939938e-05,4117457.2,,bounded_preclose_bid_ask,,,False,not_requested_for_horizon_or_variant,,event,covered_call,100,completed,234.03,233.81,False,-22.0,H23,3,AXP,201.9408,double_cost,0.01783920526635064,15.016434920509496,2024
0.046375355767620974,2024-07-01,625,0e484bff0d1086bd6650a86f,time_value,28.057199999999998,O:AXP240920C00250000,1,2,2024-04-29,2024-04-29,144,0.04624979072492885,582,0.0,0.05293109430414912,2024-04-30,583,True,2024-07-01,625,2024-04-29,62,3564276.0,2024-07-01,scheduled_exit,625,2024-09-20,"{""market_momentum"": -0.024872388016900282, ""market_volatility"": 0.007778130944973878, ""momentum"": 0.049321445825464494, ""volatility"": 0.01783920526635064, ""volume_state"": 15.016434920509496}",assumed_next_daily_close,23403.0,42,0000004962,0,-0.024872388016900282,0.007778130944973878,0.049321445825464494,-78.1408,-0.0033389223603811475,28.083599999999997,9.3,0.0,-0.0,c413f50e9e0949687bdf1398,True,0.006024096385542169,166,2.4286834116939938e-05,4117457.2,,bounded_preclose_bid_ask,,,False,not_requested_for_horizon_or_variant,,event,covered_call,100,completed,234.03,233.81,True,-22.0,H23,3,AXP,56.1408,double_cost,0.01783920526635064,15.016434920509496,2024
0.046375355767620974,2024-07-31,646,0e484bff0d1086bd6650a86f,time_value,143.66479999999999,O:AXP240920C00250000,1,2,2024-04-29,2024-04-29,144,0.04624979072492885,582,70.0,0.02996822629577409,2024-04-30,583,True,2024-07-31,646,2024-04-29,62,3564276.0,2024-07-31,scheduled_exit,646,2024-09-20,"{""market_momentum"": -0.024872388016900282, ""market_volatility"": 0.007778130944973878, ""momentum"": 0.049321445825464494, ""volatility"": 0.01783920526635064, ""volume_state"": 15.016434920509496}",assumed_next_daily_close,23403.0,63,0000004962,0,-0.024872388016900282,0.007778130944973878,0.049321445825464494,1514.9516000000003,0.06473322223646542,122.3836,9.3,11.2,-189.99999999999986,c413f50e9e0949687bdf1398,True,0.006024096385542169,166,2.4286834116939938e-05,4117457.2,,bounded_preclose_bid_ask,,,False,not_requested_for_horizon_or_variant,,event,covered_call,100,completed,234.03,253.04,False,1901.0,H23,3,AXP,266.0484,double_cost,0.01783920526635064,15.016434920509496,2024
0.046375355767620974,2024-07-31,646,0e484bff0d1086bd6650a86f,time_value,30.3648,O:AXP240920C00250000,1,2,2024-04-29,2024-04-29,144,0.04624979072492885,582,70.0,0.05293109430414912,2024-04-30,583,True,2024-07-31,646,2024-04-29,62,3564276.0,2024-07-31,scheduled_exit,646,2024-09-20,"{""market_momentum"": -0.024872388016900282, ""market_volatility"": 0.007778130944973878, ""momentum"": 0.049321445825464494, ""volatility"": 0.01783920526635064, ""volume_state"": 15.016434920509496}",assumed_next_daily_close,23403.0,63,0000004962,0,-0.024872388016900282,0.007778130944973878,0.049321445825464494,1912.5516,0.0817224971157544,28.083599999999997,9.3,0.0,-0.0,c413f50e9e0949687bdf1398,True,0.006024096385542169,166,2.4286834116939938e-05,4117457.2,,bounded_preclose_bid_ask,,,False,not_requested_for_horizon_or_variant,,event,covered_call,100,completed,234.03,253.04,True,1901.0,H23,3,AXP,58.44839999999999,double_cost,0.01783920526635064,15.016434920509496,2024
0.046375355767620974,2024-09-20,682,0e484bff0d1086bd6650a86f,time_value,31.299999999999997,O:AXP240920C00250000,1,2,2024-04-29,2024-04-29,144,0.04624979072492885,582,70.0,0.02996822629577409,2024-04-30,583,True,2024-09-20,682,2024-04-29,62,3564276.0,2024-09-20,modelled_physical_expiry,682,2024-09-20,"{""market_momentum"": -0.024872388016900282, ""market_volatility"": 0.007778130944973878, ""momentum"": 0.049321445825464494, ""volatility"": 0.01783920526635064, ""volume_state"": 15.016434920509496}",assumed_next_daily_close,23403.0,expiry,0000004962,0,-0.024872388016900282,0.007778130944973878,0.049321445825464494,2443.3163999999997,0.1044018459171901,122.3836,9.3,0.0,930.0000000000001,c413f50e9e0949687bdf1398,True,0.006024096385542169,166,2.4286834116939938e-05,4117457.2,,bounded_preclose_bid_ask,,,False,not_requested_for_horizon_or_variant,,event,covered_call,100,completed,234.03,250.0,False,1597.0,H23,3,AXP,153.6836,double_cost,0.01783920526635064,15.016434920509496,2024
0.046375355767620974,2024-09-20,682,0e484bff0d1086bd6650a86f,time_value,32.2788,O:AXP240920C00250000,1,2,2024-04-29,2024-04-29,144,0.04624979072492885,582,70.0,0.05293109430414912,2024-04-30,583,True,2024-09-20,682,2024-04-29,62,3564276.0,2024-09-20,scheduled_exit,682,2024-09-20,"{""market_momentum"": -0.024872388016900282, ""market_volatility"": 0.007778130944973878, ""momentum"": 0.049321445825464494, ""volatility"": 0.01783920526635064, ""volume_state"": 15.016434920509496}",assumed_next_daily_close,23403.0,expiry,0000004962,0,-0.024872388016900282,0.007778130944973878,0.049321445825464494,3505.6376,0.1497943682433876,28.083599999999997,9.3,0.0,-0.0,c413f50e9e0949687bdf1398,True,0.006024096385542169,166,2.4286834116939938e-05,4117457.2,,bounded_preclose_bid_ask,,,False,not_requested_for_horizon_or_variant,,event,covered_call,100,completed,234.03,268.99,True,3496.0,H23,3,AXP,60.362399999999994,double_cost,0.01783920526635064,15.016434920509496,2024
,,,1524b56c6a02aa6142c36c2b,time_value,,,1,2,2024-10-01,2024-10-01,,,689,,,2024-10-02,690,False,,,2025-03-26,,,,,,,"{""market_momentum"": 0.008763837638376515, ""market_volatility"": 0.008516893617383467, ""momentum"": 0.0753231017770597, ""volatility"": 0.03037397851474746, ""volume_state"": 17.310388834714}",assumed_next_daily_close,,1,0000002488,,0.008763837638376515,0.008516893617383467,0.0753231017770597,,,,,,,ee18e6990f1758a14789ca09,False,,,,,,bounded_preclose_bid_ask,,,False,not_requested_for_horizon_or_variant,no_standard_contract_within_rules,ordinary,protective_put,,no_standard_contract_within_rules,,,False,,H23,3,AMD,,double_cost,0.03037397851474746,17.310388834714,2024
,,,1524b56c6a02aa6142c36c2b,time_value,,,1,2,2024-10-01,2024-10-01,,,689,,,2024-10-02,690,False,,,2025-03-26,,,,,,,"{""market_momentum"": 0.008763837638376515, ""market_volatility"": 0.008516893617383467, ""momentum"": 0.0753231017770597, ""volatility"": 0.03037397851474746, ""volume_state"": 17.310388834714}",assumed_next_daily_close,,1,0000002488,,0.008763837638376515,0.008516893617383467,0.0753231017770597,,,,,,,ee18e6990f1758a14789ca09,False,,,,,,bounded_preclose_bid_ask,,,False,not_requested_for_horizon_or_variant,no_standard_contract_within_rules,ordinary,protective_put,,no_standard_contract_within_rules,,,True,,H23,3,AMD,,double_cost,0.03037397851474746,17.310388834714,2024
,,,1524b56c6a02aa6142c36c2b,time_value,,,1,2,2024-10-01,2024-10-01,,,689,,,2024-10-02,690,False,,,2025-03-26,,,,,,,"{""market_momentum"": 0.008763837638376515, ""market_volatility"": 0.008516893617383467, ""momentum"": 0.0753231017770597, ""volatility"": 0.03037397851474746, ""volume_state"": 17.310388834714}",assumed_next_daily_close,,2,0000002488,,0.008763837638376515,0.008516893617383467,0.0753231017770597,,,,,,,ee18e6990f1758a14789ca09,False,,,,,,bounded_preclose_bid_ask,,,False,not_requested_for_horizon_or_variant,no_standard_contract_within_rules,ordinary,protective_put,,no_standard_contract_within_rules,,,False,,H23,3,AMD,,double_cost,0.03037397851474746,17.310388834714,2024
,,,1524b56c6a02aa6142c36c2b,time_value,,,1,2,2024-10-01,2024-10-01,,,689,,,2024-10-02,690,False,,,2025-03-26,,,,,,,"{""market_momentum"": 0.008763837638376515, ""market_volatility"": 0.008516893617383467, ""momentum"": 0.0753231017770597, ""volatility"": 0.03037397851474746, ""volume_state"": 17.310388834714}",assumed_next_daily_close,,2,0000002488,,0.008763837638376515,0.008516893617383467,0.0753231017770597,,,,,,,ee18e6990f1758a14789ca09,False,,,,,,bounded_preclose_bid_ask,,,False,not_requested_for_horizon_or_variant,no_standard_contract_within_rules,ordinary,protective_put,,no_standard_contract_within_rules,,,True,,H23,3,AMD,,double_cost,0.03037397851474746,17.310388834714,2024
,,,1524b56c6a02aa6142c36c2b,time_value,,,1,2,2024-10-01,2024-10-01,,,689,,,2024-10-02,690,False,,,2025-03-26,,,,,,,"{""market_momentum"": 0.008763837638376515, ""market_volatility"": 0.008516893617383467, ""momentum"": 0.0753231017770597, ""volatility"": 0.03037397851474746, ""volume_state"": 17.310388834714}",assumed_next_daily_close,,3,0000002488,,0.008763837638376515,0.008516893617383467,0.0753231017770597,,,,,,,ee18e6990f1758a14789ca09,False,,,,,,bounded_preclose_bid_ask,,,False,not_requested_for_horizon_or_variant,no_standard_contract_within_rules,ordinary,protective_put,,no_standard_contract_within_rules,,,False,,H23,3,AMD,,double_cost,0.03037397851474746,17.310388834714,2024
,,,1524b56c6a02aa6142c36c2b,time_value,,,1,2,2024-10-01,2024-10-01,,,689,,,2024-10-02,690,False,,,2025-03-26,,,,,,,"{""market_momentum"": 0.008763837638376515, ""market_volatility"": 0.008516893617383467, ""momentum"": 0.0753231017770597, ""volatility"": 0.03037397851474746, ""volume_state"": 17.310388834714}",assumed_next_daily_close,,3,0000002488,,0.008763837638376515,0.008516893617383467,0.0753231017770597,,,,,,,ee18e6990f1758a14789ca09,False,,,,,,bounded_preclose_bid_ask,,,False,not_requested_for_horizon_or_variant,no_standard_contract_within_rules,ordinary,protective_put,,no_standard_contract_within_rules,,,True,,H23,3,AMD,,double_cost,0.03037397851474746,17.310388834714,2024
,,,1524b56c6a02aa6142c36c2b,time_value,,,1,2,2024-10-01,2024-10-01,,,689,,,2024-10-02,690,False,,,2025-03-26,,,,,,,"{""market_momentum"": 0.008763837638376515, ""market_volatility"": 0.008516893617383467, ""momentum"": 0.0753231017770597, ""volatility"": 0.03037397851474746, ""volume_state"": 17.310388834714}",assumed_next_daily_close,,5,0000002488,,0.008763837638376515,0.008516893617383467,0.0753231017770597,,,,,,,ee18e6990f1758a14789ca09,False,,,,,,bounded_preclose_bid_ask,,,False,not_requested_for_horizon_or_variant,no_standard_contract_within_rules,ordinary,protective_put,,no_standard_contract_within_rules,,,False,,H23,3,AMD,,double_cost,0.03037397851474746,17.310388834714,2024
,,,1524b56c6a02aa6142c36c2b,time_value,,,1,2,2024-10-01,2024-10-01,,,689,,,2024-10-02,690,False,,,2025-03-26,,,,,,,"{""market_momentum"": 0.008763837638376515, ""market_volatility"": 0.008516893617383467, ""momentum"": 0.0753231017770597, ""volatility"": 0.03037397851474746, ""volume_state"": 17.310388834714}",assumed_next_daily_close,,5,0000002488,,0.008763837638376515,0.008516893617383467,0.0753231017770597,,,,,,,ee18e6990f1758a14789ca09,False,,,,,,bounded_preclose_bid_ask,,,False,not_requested_for_horizon_or_variant,no_standard_contract_within_rules,ordinary,protective_put,,no_standard_contract_within_rules,,,True,,H23,3,AMD,,double_cost,0.03037397851474746,17.310388834714,2024
,,,1524b56c6a02aa6142c36c2b,time_value,,,1,2,2024-10-01,2024-10-01,,,689,,,2024-10-02,690,False,,,2025-03-26,,,,,,,"{""market_momentum"": 0.008763837638376515, ""market_volatility"": 0.008516893617383467, ""momentum"": 0.0753231017770597, ""volatility"": 0.03037397851474746, ""volume_state"": 17.310388834714}",assumed_next_daily_close,,10,0000002488,,0.008763837638376515,0.008516893617383467,0.0753231017770597,,,,,,,ee18e6990f1758a14789ca09,False,,,,,,bounded_preclose_bid_ask,,,False,not_requested_for_horizon_or_variant,no_standard_contract_within_rules,ordinary,protective_put,,no_standard_contract_within_rules,,,False,,H23,3,AMD,,double_cost,0.03037397851474746,17.310388834714,2024
,,,1524b56c6a02aa6142c36c2b,time_value,,,1,2,2024-10-01,2024-10-01,,,689,,,2024-10-02,690,False,,,2025-03-26,,,,,,,"{""market_momentum"": 0.008763837638376515, ""market_volatility"": 0.008516893617383467, ""momentum"": 0.0753231017770597, ""volatility"": 0.03037397851474746, ""volume_state"": 17.310388834714}",assumed_next_daily_close,,10,0000002488,,0.008763837638376515,0.008516893617383467,0.0753231017770597,,,,,,,ee18e6990f1758a14789ca09,False,,,,,,bounded_preclose_bid_ask,,,False,not_requested_for_horizon_or_variant,no_standard_contract_within_rules,ordinary,protective_put,,no_standard_contract_within_rules,,,True,,H23,3,AMD,,double_cost,0.03037397851474746,17.310388834714,2024
,,,1524b56c6a02aa6142c36c2b,time_value,,,1,2,2024-10-01,2024-10-01,,,689,,,2024-10-02,690,False,,,2025-03-26,,,,,,,"{""market_momentum"": 0.008763837638376515, ""market_volatility"": 0.008516893617383467, ""momentum"": 0.0753231017770597, ""volatility"": 0.03037397851474746, ""volume_state"": 17.310388834714}",assumed_next_daily_close,,21,0000002488,,0.008763837638376515,0.008516893617383467,0.0753231017770597,,,,,,,ee18e6990f1758a14789ca09,False,,,,,,bounded_preclose_bid_ask,,,False,not_requested_for_horizon_or_variant,no_standard_contract_within_rules,ordinary,protective_put,,no_standard_contract_within_rules,,,False,,H23,3,AMD,,double_cost,0.03037397851474746,17.310388834714,2024
,,,1524b56c6a02aa6142c36c2b,time_value,,,1,2,2024-10-01,2024-10-01,,,689,,,2024-10-02,690,False,,,2025-03-26,,,,,,,"{""market_momentum"": 0.008763837638376515, ""market_volatility"": 0.008516893617383467, ""momentum"": 0.0753231017770597, ""volatility"": 0.03037397851474746, ""volume_state"": 17.310388834714}",assumed_next_daily_close,,21,0000002488,,0.008763837638376515,0.008516893617383467,0.0753231017770597,,,,,,,ee18e6990f1758a14789ca09,False,,,,,,bounded_preclose_bid_ask,,,False,not_requested_for_horizon_or_variant,no_standard_contract_within_rules,ordinary,protective_put,,no_standard_contract_within_rules,,,True,,H23,3,AMD,,double_cost,0.03037397851474746,17.310388834714,2024
,,,1524b56c6a02aa6142c36c2b,time_value,,,1,2,2024-10-01,2024-10-01,,,689,,,2024-10-02,690,False,,,2025-03-26,,,,,,,"{""market_momentum"": 0.008763837638376515, ""market_volatility"": 0.008516893617383467, ""momentum"": 0.0753231017770597, ""volatility"": 0.03037397851474746, ""volume_state"": 17.310388834714}",assumed_next_daily_close,,42,0000002488,,0.008763837638376515,0.008516893617383467,0.0753231017770597,,,,,,,ee18e6990f1758a14789ca09,False,,,,,,bounded_preclose_bid_ask,,,False,not_requested_for_horizon_or_variant,no_standard_contract_within_rules,ordinary,protective_put,,no_standard_contract_within_rules,,,False,,H23,3,AMD,,double_cost,0.03037397851474746,17.310388834714,2024
,,,1524b56c6a02aa6142c36c2b,time_value,,,1,2,2024-10-01,2024-10-01,,,689,,,2024-10-02,690,False,,,2025-03-26,,,,,,,"{""market_momentum"": 0.008763837638376515, ""market_volatility"": 0.008516893617383467, ""momentum"": 0.0753231017770597, ""volatility"": 0.03037397851474746, ""volume_state"": 17.310388834714}",assumed_next_daily_close,,42,0000002488,,0.008763837638376515,0.008516893617383467,0.0753231017770597,,,,,,,ee18e6990f1758a14789ca09,False,,,,,,bounded_preclose_bid_ask,,,False,not_requested_for_horizon_or_variant,no_standard_contract_within_rules,ordinary,protective_put,,no_standard_contract_within_rules,,,True,,H23,3,AMD,,double_cost,0.03037397851474746,17.310388834714,2024
,,,1524b56c6a02aa6142c36c2b,time_value,,,1,2,2024-10-01,2024-10-01,,,689,,,2024-10-02,690,False,,,2025-03-26,,,,,,,"{""market_momentum"": 0.008763837638376515, ""market_volatility"": 0.008516893617383467, ""momentum"": 0.0753231017770597, ""volatility"": 0.03037397851474746, ""volume_state"": 17.310388834714}",assumed_next_daily_close,,63,0000002488,,0.008763837638376515,0.008516893617383467,0.0753231017770597,,,,,,,ee18e6990f1758a14789ca09,False,,,,,,bounded_preclose_bid_ask,,,False,not_requested_for_horizon_or_variant,no_standard_contract_within_rules,ordinary,protective_put,,no_standard_contract_within_rules,,,False,,H23,3,AMD,,double_cost,0.03037397851474746,17.310388834714,2024
,,,1524b56c6a02aa6142c36c2b,time_value,,,1,2,2024-10-01,2024-10-01,,,689,,,2024-10-02,690,False,,,2025-03-26,,,,,,,"{""market_momentum"": 0.008763837638376515, ""market_volatility"": 0.008516893617383467, ""momentum"": 0.0753231017770597, ""volatility"": 0.03037397851474746, ""volume_state"": 17.310388834714}",assumed_next_daily_close,,63,0000002488,,0.008763837638376515,0.008516893617383467,0.0753231017770597,,,,,,,ee18e6990f1758a14789ca09,False,,,,,,bounded_preclose_bid_ask,,,False,not_requested_for_horizon_or_variant,no_standard_contract_within_rules,ordinary,protective_put,,no_standard_contract_within_rules,,,True,,H23,3,AMD,,double_cost,0.03037397851474746,17.310388834714,2024
,,,1524b56c6a02aa6142c36c2b,time_value,,,1,2,2024-10-01,2024-10-01,,,689,,,2024-10-02,690,False,,,2025-03-26,,,,,,,"{""market_momentum"": 0.008763837638376515, ""market_volatility"": 0.008516893617383467, ""momentum"": 0.0753231017770597, ""volatility"": 0.03037397851474746, ""volume_state"": 17.310388834714}",assumed_next_daily_close,,expiry,0000002488,,0.008763837638376515,0.008516893617383467,0.0753231017770597,,,,,,,ee18e6990f1758a14789ca09,False,,,,,,bounded_preclose_bid_ask,,,False,not_requested_for_horizon_or_variant,no_standard_contract_within_rules,ordinary,protective_put,,no_standard_contract_within_rules,,,False,,H23,3,AMD,,double_cost,0.03037397851474746,17.310388834714,2024
,,,1524b56c6a02aa6142c36c2b,time_value,,,1,2,2024-10-01,2024-10-01,,,689,,,2024-10-02,690,False,,,2025-03-26,,,,,,,"{""market_momentum"": 0.008763837638376515, ""market_volatility"": 0.008516893617383467, ""momentum"": 0.0753231017770597, ""volatility"": 0.03037397851474746, ""volume_state"": 17.310388834714}",assumed_next_daily_close,,expiry,0000002488,,0.008763837638376515,0.008516893617383467,0.0753231017770597,,,,,,,ee18e6990f1758a14789ca09,False,,,,,,bounded_preclose_bid_ask,,,False,not_requested_for_horizon_or_variant,no_standard_contract_within_rules,ordinary,protective_put,,no_standard_contract_within_rules,,,True,,H23,3,AMD,,double_cost,0.03037397851474746,17.310388834714,2024
,,,219d363e71da73bbd9b799a4,time_value,,,1,2,2022-06-13,2022-06-13,,,111,,,2022-06-14,112,False,,,2022-06-13,,,,,,,"{""market_momentum"": -0.044196360299739945, ""market_volatility"": 0.019467383046285182, ""momentum"": -0.0008040431886056076, ""volatility"": 0.04634833024814775, ""volume_state"": 18.59660793441876}",assumed_next_daily_close,,1,0000002488,,-0.044196360299739945,0.019467383046285182,-0.0008040431886056076,,,,,,,2365de4d09ca404355304144,False,,,,,,bounded_preclose_bid_ask,,,False,not_requested_for_horizon_or_variant,no_standard_contract_within_rules,event,protective_put,,no_standard_contract_within_rules,,,False,,H23,3,AMD,,double_cost,0.04634833024814775,18.59660793441876,2022
,,,219d363e71da73bbd9b799a4,time_value,,,1,2,2022-06-13,2022-06-13,,,111,,,2022-06-14,112,False,,,2022-06-13,,,,,,,"{""market_momentum"": -0.044196360299739945, ""market_volatility"": 0.019467383046285182, ""momentum"": -0.0008040431886056076, ""volatility"": 0.04634833024814775, ""volume_state"": 18.59660793441876}",assumed_next_daily_close,,1,0000002488,,-0.044196360299739945,0.019467383046285182,-0.0008040431886056076,,,,,,,2365de4d09ca404355304144,False,,,,,,bounded_preclose_bid_ask,,,False,not_requested_for_horizon_or_variant,no_standard_contract_within_rules,event,protective_put,,no_standard_contract_within_rules,,,True,,H23,3,AMD,,double_cost,0.04634833024814775,18.59660793441876,2022
,,,219d363e71da73bbd9b799a4,time_value,,,1,2,2022-06-13,2022-06-13,,,111,,,2022-06-14,112,False,,,2022-06-13,,,,,,,"{""market_momentum"": -0.044196360299739945, ""market_volatility"": 0.019467383046285182, ""momentum"": -0.0008040431886056076, ""volatility"": 0.04634833024814775, ""volume_state"": 18.59660793441876}",assumed_next_daily_close,,2,0000002488,,-0.044196360299739945,0.019467383046285182,-0.0008040431886056076,,,,,,,2365de4d09ca404355304144,False,,,,,,bounded_preclose_bid_ask,,,False,not_requested_for_horizon_or_variant,no_standard_contract_within_rules,event,protective_put,,no_standard_contract_within_rules,,,False,,H23,3,AMD,,double_cost,0.04634833024814775,18.59660793441876,2022
,,,219d363e71da73bbd9b799a4,time_value,,,1,2,2022-06-13,2022-06-13,,,111,,,2022-06-14,112,False,,,2022-06-13,,,,,,,"{""market_momentum"": -0.044196360299739945, ""market_volatility"": 0.019467383046285182, ""momentum"": -0.0008040431886056076, ""volatility"": 0.04634833024814775, ""volume_state"": 18.59660793441876}",assumed_next_daily_close,,2,0000002488,,-0.044196360299739945,0.019467383046285182,-0.0008040431886056076,,,,,,,2365de4d09ca404355304144,False,,,,,,bounded_preclose_bid_ask,,,False,not_requested_for_horizon_or_variant,no_standard_contract_within_rules,event,protective_put,,no_standard_contract_within_rules,,,True,,H23,3,AMD,,double_cost,0.04634833024814775,18.59660793441876,2022
,,,219d363e71da73bbd9b799a4,time_value,,,1,2,2022-06-13,2022-06-13,,,111,,,2022-06-14,112,False,,,2022-06-13,,,,,,,"{""market_momentum"": -0.044196360299739945, ""market_volatility"": 0.019467383046285182, ""momentum"": -0.0008040431886056076, ""volatility"": 0.04634833024814775, ""volume_state"": 18.59660793441876}",assumed_next_daily_close,,3,0000002488,,-0.044196360299739945,0.019467383046285182,-0.0008040431886056076,,,,,,,2365de4d09ca404355304144,False,,,,,,bounded_preclose_bid_ask,,,False,not_requested_for_horizon_or_variant,no_standard_contract_within_rules,event,protective_put,,no_standard_contract_within_rules,,,False,,H23,3,AMD,,double_cost,0.04634833024814775,18.59660793441876,2022
,,,219d363e71da73bbd9b799a4,time_value,,,1,2,2022-06-13,2022-06-13,,,111,,,2022-06-14,112,False,,,2022-06-13,,,,,,,"{""market_momentum"": -0.044196360299739945, ""market_volatility"": 0.019467383046285182, ""momentum"": -0.0008040431886056076, ""volatility"": 0.04634833024814775, ""volume_state"": 18.59660793441876}",assumed_next_daily_close,,3,0000002488,,-0.044196360299739945,0.019467383046285182,-0.0008040431886056076,,,,,,,2365de4d09ca404355304144,False,,,,,,bounded_preclose_bid_ask,,,False,not_requested_for_horizon_or_variant,no_standard_contract_within_rules,event,protective_put,,no_standard_contract_within_rules,,,True,,H23,3,AMD,,double_cost,0.04634833024814775,18.59660793441876,2022
,,,219d363e71da73bbd9b799a4,time_value,,,1,2,2022-06-13,2022-06-13,,,111,,,2022-06-14,112,False,,,2022-06-13,,,,,,,"{""market_momentum"": -0.044196360299739945, ""market_volatility"": 0.019467383046285182, ""momentum"": -0.0008040431886056076, ""volatility"": 0.04634833024814775, ""volume_state"": 18.59660793441876}",assumed_next_daily_close,,5,0000002488,,-0.044196360299739945,0.019467383046285182,-0.0008040431886056076,,,,,,,2365de4d09ca404355304144,False,,,,,,bounded_preclose_bid_ask,,,False,not_requested_for_horizon_or_variant,no_standard_contract_within_rules,event,protective_put,,no_standard_contract_within_rules,,,False,,H23,3,AMD,,double_cost,0.04634833024814775,18.59660793441876,2022
,,,219d363e71da73bbd9b799a4,time_value,,,1,2,2022-06-13,2022-06-13,,,111,,,2022-06-14,112,False,,,2022-06-13,,,,,,,"{""market_momentum"": -0.044196360299739945, ""market_volatility"": 0.019467383046285182, ""momentum"": -0.0008040431886056076, ""volatility"": 0.04634833024814775, ""volume_state"": 18.59660793441876}",assumed_next_daily_close,,5,0000002488,,-0.044196360299739945,0.019467383046285182,-0.0008040431886056076,,,,,,,2365de4d09ca404355304144,False,,,,,,bounded_preclose_bid_ask,,,False,not_requested_for_horizon_or_variant,no_standard_contract_within_rules,event,protective_put,,no_standard_contract_within_rules,,,True,,H23,3,AMD,,double_cost,0.04634833024814775,18.59660793441876,2022
,,,219d363e71da73bbd9b799a4,time_value,,,1,2,2022-06-13,2022-06-13,,,111,,,2022-06-14,112,False,,,2022-06-13,,,,,,,"{""market_momentum"": -0.044196360299739945, ""market_volatility"": 0.019467383046285182, ""momentum"": -0.0008040431886056076, ""volatility"": 0.04634833024814775, ""volume_state"": 18.59660793441876}",assumed_next_daily_close,,10,0000002488,,-0.044196360299739945,0.019467383046285182,-0.0008040431886056076,,,,,,,2365de4d09ca404355304144,False,,,,,,bounded_preclose_bid_ask,,,False,not_requested_for_horizon_or_variant,no_standard_contract_within_rules,event,protective_put,,no_standard_contract_within_rules,,,False,,H23,3,AMD,,double_cost,0.04634833024814775,18.59660793441876,2022
,,,219d363e71da73bbd9b799a4,time_value,,,1,2,2022-06-13,2022-06-13,,,111,,,2022-06-14,112,False,,,2022-06-13,,,,,,,"{""market_momentum"": -0.044196360299739945, ""market_volatility"": 0.019467383046285182, ""momentum"": -0.0008040431886056076, ""volatility"": 0.04634833024814775, ""volume_state"": 18.59660793441876}",assumed_next_daily_close,,10,0000002488,,-0.044196360299739945,0.019467383046285182,-0.0008040431886056076,,,,,,,2365de4d09ca404355304144,False,,,,,,bounded_preclose_bid_ask,,,False,not_requested_for_horizon_or_variant,no_standard_contract_within_rules,event,protective_put,,no_standard_contract_within_rules,,,True,,H23,3,AMD,,double_cost,0.04634833024814775,18.59660793441876,2022
,,,219d363e71da73bbd9b799a4,time_value,,,1,2,2022-06-13,2022-06-13,,,111,,,2022-06-14,112,False,,,2022-06-13,,,,,,,"{""market_momentum"": -0.044196360299739945, ""market_volatility"": 0.019467383046285182, ""momentum"": -0.0008040431886056076, ""volatility"": 0.04634833024814775, ""volume_state"": 18.59660793441876}",assumed_next_daily_close,,21,0000002488,,-0.044196360299739945,0.019467383046285182,-0.0008040431886056076,,,,,,,2365de4d09ca404355304144,False,,,,,,bounded_preclose_bid_ask,,,False,not_requested_for_horizon_or_variant,no_standard_contract_within_rules,event,protective_put,,no_standard_contract_within_rules,,,False,,H23,3,AMD,,double_cost,0.04634833024814775,18.59660793441876,2022
,,,219d363e71da73bbd9b799a4,time_value,,,1,2,2022-06-13,2022-06-13,,,111,,,2022-06-14,112,False,,,2022-06-13,,,,,,,"{""market_momentum"": -0.044196360299739945, ""market_volatility"": 0.019467383046285182, ""momentum"": -0.0008040431886056076, ""volatility"": 0.04634833024814775, ""volume_state"": 18.59660793441876}",assumed_next_daily_close,,21,0000002488,,-0.044196360299739945,0.019467383046285182,-0.0008040431886056076,,,,,,,2365de4d09ca404355304144,False,,,,,,bounded_preclose_bid_ask,,,False,not_requested_for_horizon_or_variant,no_standard_contract_within_rules,event,protective_put,,no_standard_contract_within_rules,,,True,,H23,3,AMD,,double_cost,0.04634833024814775,18.59660793441876,2022
,,,219d363e71da73bbd9b799a4,time_value,,,1,2,2022-06-13,2022-06-13,,,111,,,2022-06-14,112,False,,,2022-06-13,,,,,,,"{""market_momentum"": -0.044196360299739945, ""market_volatility"": 0.019467383046285182, ""momentum"": -0.0008040431886056076, ""volatility"": 0.04634833024814775, ""volume_state"": 18.59660793441876}",assumed_next_daily_close,,42,0000002488,,-0.044196360299739945,0.019467383046285182,-0.0008040431886056076,,,,,,,2365de4d09ca404355304144,False,,,,,,bounded_preclose_bid_ask,,,False,not_requested_for_horizon_or_variant,no_standard_contract_within_rules,event,protective_put,,no_standard_contract_within_rules,,,False,,H23,3,AMD,,double_cost,0.04634833024814775,18.59660793441876,2022
,,,219d363e71da73bbd9b799a4,time_value,,,1,2,2022-06-13,2022-06-13,,,111,,,2022-06-14,112,False,,,2022-06-13,,,,,,,"{""market_momentum"": -0.044196360299739945, ""market_volatility"": 0.019467383046285182, ""momentum"": -0.0008040431886056076, ""volatility"": 0.04634833024814775, ""volume_state"": 18.59660793441876}",assumed_next_daily_close,,42,0000002488,,-0.044196360299739945,0.019467383046285182,-0.0008040431886056076,,,,,,,2365de4d09ca404355304144,False,,,,,,bounded_preclose_bid_ask,,,False,not_requested_for_horizon_or_variant,no_standard_contract_within_rules,event,protective_put,,no_standard_contract_within_rules,,,True,,H23,3,AMD,,double_cost,0.04634833024814775,18.59660793441876,2022
,,,219d363e71da73bbd9b799a4,time_value,,,1,2,2022-06-13,2022-06-13,,,111,,,2022-06-14,112,False,,,2022-06-13,,,,,,,"{""market_momentum"": -0.044196360299739945, ""market_volatility"": 0.019467383046285182, ""momentum"": -0.0008040431886056076, ""volatility"": 0.04634833024814775, ""volume_state"": 18.59660793441876}",assumed_next_daily_close,,63,0000002488,,-0.044196360299739945,0.019467383046285182,-0.0008040431886056076,,,,,,,2365de4d09ca404355304144,False,,,,,,bounded_preclose_bid_ask,,,False,not_requested_for_horizon_or_variant,no_standard_contract_within_rules,event,protective_put,,no_standard_contract_within_rules,,,False,,H23,3,AMD,,double_cost,0.04634833024814775,18.59660793441876,2022
,,,219d363e71da73bbd9b799a4,time_value,,,1,2,2022-06-13,2022-06-13,,,111,,,2022-06-14,112,False,,,2022-06-13,,,,,,,"{""market_momentum"": -0.044196360299739945, ""market_volatility"": 0.019467383046285182, ""momentum"": -0.0008040431886056076, ""volatility"": 0.04634833024814775, ""volume_state"": 18.59660793441876}",assumed_next_daily_close,,63,0000002488,,-0.044196360299739945,0.019467383046285182,-0.0008040431886056076,,,,,,,2365de4d09ca404355304144,False,,,,,,bounded_preclose_bid_ask,,,False,not_requested_for_horizon_or_variant,no_standard_contract_within_rules,event,protective_put,,no_standard_contract_within_rules,,,True,,H23,3,AMD,,double_cost,0.04634833024814775,18.59660793441876,2022
,,,219d363e71da73bbd9b799a4,time_value,,,1,2,2022-06-13,2022-06-13,,,111,,,2022-06-14,112,False,,,2022-06-13,,,,,,,"{""market_momentum"": -0.044196360299739945, ""market_volatility"": 0.019467383046285182, ""momentum"": -0.0008040431886056076, ""volatility"": 0.04634833024814775, ""volume_state"": 18.59660793441876}",assumed_next_daily_close,,expiry,0000002488,,-0.044196360299739945,0.019467383046285182,-0.0008040431886056076,,,,,,,2365de4d09ca404355304144,False,,,,,,bounded_preclose_bid_ask,,,False,not_requested_for_horizon_or_variant,no_standard_contract_within_rules,event,protective_put,,no_standard_contract_within_rules,,,False,,H23,3,AMD,,double_cost,0.04634833024814775,18.59660793441876,2022
,,,219d363e71da73bbd9b799a4,time_value,,,1,2,2022-06-13,2022-06-13,,,111,,,2022-06-14,112,False,,,2022-06-13,,,,,,,"{""market_momentum"": -0.044196360299739945, ""market_volatility"": 0.019467383046285182, ""momentum"": -0.0008040431886056076, ""volatility"": 0.04634833024814775, ""volume_state"": 18.59660793441876}",assumed_next_daily_close,,expiry,0000002488,,-0.044196360299739945,0.019467383046285182,-0.0008040431886056076,,,,,,,2365de4d09ca404355304144,False,,,,,,bounded_preclose_bid_ask,,,False,not_requested_for_horizon_or_variant,no_standard_contract_within_rules,event,protective_put,,no_standard_contract_within_rules,,,True,,H23,3,AMD,,double_cost,0.04634833024814775,18.59660793441876,2022
,,,2272d8f725090c2b69df073c,time_value,,,1,2,2024-06-03,2024-06-03,,,606,,,2024-06-04,607,False,,,2024-12-02,,,,,,,"{""market_momentum"": 0.04508643050907857, ""market_volatility"": 0.0060434691287607045, ""momentum"": 0.0028169014084507005, ""volatility"": 0.010427683608543991, ""volume_state"": 15.186724771165343}",assumed_next_daily_close,,1,0000005272,,0.04508643050907857,0.0060434691287607045,0.0028169014084507005,,,,,,,915793df3a040cd0c802d9f2,False,,,,,,bounded_preclose_bid_ask,,,False,not_requested_for_horizon_or_variant,missing_decision_or_entry_bar,ordinary,covered_call,,missing_decision_or_entry_bar,,,False,,H23,3,AIG,,double_cost,0.010427683608543991,15.186724771165343,2024
,,,2272d8f725090c2b69df073c,time_value,,,1,2,2024-06-03,2024-06-03,,,606,,,2024-06-04,607,False,,,2024-12-02,,,,,,,"{""market_momentum"": 0.04508643050907857, ""market_volatility"": 0.0060434691287607045, ""momentum"": 0.0028169014084507005, ""volatility"": 0.010427683608543991, ""volume_state"": 15.186724771165343}",assumed_next_daily_close,,1,0000005272,,0.04508643050907857,0.0060434691287607045,0.0028169014084507005,,,,,,,915793df3a040cd0c802d9f2,False,,,,,,bounded_preclose_bid_ask,,,False,not_requested_for_horizon_or_variant,missing_decision_or_entry_bar,ordinary,covered_call,,missing_decision_or_entry_bar,,,True,,H23,3,AIG,,double_cost,0.010427683608543991,15.186724771165343,2024
,,,2272d8f725090c2b69df073c,time_value,,,1,2,2024-06-03,2024-06-03,,,606,,,2024-06-04,607,False,,,2024-12-02,,,,,,,"{""market_momentum"": 0.04508643050907857, ""market_volatility"": 0.0060434691287607045, ""momentum"": 0.0028169014084507005, ""volatility"": 0.010427683608543991, ""volume_state"": 15.186724771165343}",assumed_next_daily_close,,2,0000005272,,0.04508643050907857,0.0060434691287607045,0.0028169014084507005,,,,,,,915793df3a040cd0c802d9f2,False,,,,,,bounded_preclose_bid_ask,,,False,not_requested_for_horizon_or_variant,missing_decision_or_entry_bar,ordinary,covered_call,,missing_decision_or_entry_bar,,,False,,H23,3,AIG,,double_cost,0.010427683608543991,15.186724771165343,2024
,,,2272d8f725090c2b69df073c,time_value,,,1,2,2024-06-03,2024-06-03,,,606,,,2024-06-04,607,False,,,2024-12-02,,,,,,,"{""market_momentum"": 0.04508643050907857, ""market_volatility"": 0.0060434691287607045, ""momentum"": 0.0028169014084507005, ""volatility"": 0.010427683608543991, ""volume_state"": 15.186724771165343}",assumed_next_daily_close,,2,0000005272,,0.04508643050907857,0.0060434691287607045,0.0028169014084507005,,,,,,,915793df3a040cd0c802d9f2,False,,,,,,bounded_preclose_bid_ask,,,False,not_requested_for_horizon_or_variant,missing_decision_or_entry_bar,ordinary,covered_call,,missing_decision_or_entry_bar,,,True,,H23,3,AIG,,double_cost,0.010427683608543991,15.186724771165343,2024
,,,2272d8f725090c2b69df073c,time_value,,,1,2,2024-06-03,2024-06-03,,,606,,,2024-06-04,607,False,,,2024-12-02,,,,,,,"{""market_momentum"": 0.04508643050907857, ""market_volatility"": 0.0060434691287607045, ""momentum"": 0.0028169014084507005, ""volatility"": 0.010427683608543991, ""volume_state"": 15.186724771165343}",assumed_next_daily_close,,3,0000005272,,0.04508643050907857,0.0060434691287607045,0.0028169014084507005,,,,,,,915793df3a040cd0c802d9f2,False,,,,,,bounded_preclose_bid_ask,,,False,not_requested_for_horizon_or_variant,missing_decision_or_entry_bar,ordinary,covered_call,,missing_decision_or_entry_bar,,,False,,H23,3,AIG,,double_cost,0.010427683608543991,15.186724771165343,2024
,,,2272d8f725090c2b69df073c,time_value,,,1,2,2024-06-03,2024-06-03,,,606,,,2024-06-04,607,False,,,2024-12-02,,,,,,,"{""market_momentum"": 0.04508643050907857, ""market_volatility"": 0.0060434691287607045, ""momentum"": 0.0028169014084507005, ""volatility"": 0.010427683608543991, ""volume_state"": 15.186724771165343}",assumed_next_daily_close,,3,0000005272,,0.04508643050907857,0.0060434691287607045,0.0028169014084507005,,,,,,,915793df3a040cd0c802d9f2,False,,,,,,bounded_preclose_bid_ask,,,False,not_requested_for_horizon_or_variant,missing_decision_or_entry_bar,ordinary,covered_call,,missing_decision_or_entry_bar,,,True,,H23,3,AIG,,double_cost,0.010427683608543991,15.186724771165343,2024
,,,2272d8f725090c2b69df073c,time_value,,,1,2,2024-06-03,2024-06-03,,,606,,,2024-06-04,607,False,,,2024-12-02,,,,,,,"{""market_momentum"": 0.04508643050907857, ""market_volatility"": 0.0060434691287607045, ""momentum"": 0.0028169014084507005, ""volatility"": 0.010427683608543991, ""volume_state"": 15.186724771165343}",assumed_next_daily_close,,5,0000005272,,0.04508643050907857,0.0060434691287607045,0.0028169014084507005,,,,,,,915793df3a040cd0c802d9f2,False,,,,,,bounded_preclose_bid_ask,,,False,not_requested_for_horizon_or_variant,missing_decision_or_entry_bar,ordinary,covered_call,,missing_decision_or_entry_bar,,,False,,H23,3,AIG,,double_cost,0.010427683608543991,15.186724771165343,2024
,,,2272d8f725090c2b69df073c,time_value,,,1,2,2024-06-03,2024-06-03,,,606,,,2024-06-04,607,False,,,2024-12-02,,,,,,,"{""market_momentum"": 0.04508643050907857, ""market_volatility"": 0.0060434691287607045, ""momentum"": 0.0028169014084507005, ""volatility"": 0.010427683608543991, ""volume_state"": 15.186724771165343}",assumed_next_daily_close,,5,0000005272,,0.04508643050907857,0.0060434691287607045,0.0028169014084507005,,,,,,,915793df3a040cd0c802d9f2,False,,,,,,bounded_preclose_bid_ask,,,False,not_requested_for_horizon_or_variant,missing_decision_or_entry_bar,ordinary,covered_call,,missing_decision_or_entry_bar,,,True,,H23,3,AIG,,double_cost,0.010427683608543991,15.186724771165343,2024
,,,2272d8f725090c2b69df073c,time_value,,,1,2,2024-06-03,2024-06-03,,,606,,,2024-06-04,607,False,,,2024-12-02,,,,,,,"{""market_momentum"": 0.04508643050907857, ""market_volatility"": 0.0060434691287607045, ""momentum"": 0.0028169014084507005, ""volatility"": 0.010427683608543991, ""volume_state"": 15.186724771165343}",assumed_next_daily_close,,10,0000005272,,0.04508643050907857,0.0060434691287607045,0.0028169014084507005,,,,,,,915793df3a040cd0c802d9f2,False,,,,,,bounded_preclose_bid_ask,,,False,not_requested_for_horizon_or_variant,missing_decision_or_entry_bar,ordinary,covered_call,,missing_decision_or_entry_bar,,,False,,H23,3,AIG,,double_cost,0.010427683608543991,15.186724771165343,2024
,,,2272d8f725090c2b69df073c,time_value,,,1,2,2024-06-03,2024-06-03,,,606,,,2024-06-04,607,False,,,2024-12-02,,,,,,,"{""market_momentum"": 0.04508643050907857, ""market_volatility"": 0.0060434691287607045, ""momentum"": 0.0028169014084507005, ""volatility"": 0.010427683608543991, ""volume_state"": 15.186724771165343}",assumed_next_daily_close,,10,0000005272,,0.04508643050907857,0.0060434691287607045,0.0028169014084507005,,,,,,,915793df3a040cd0c802d9f2,False,,,,,,bounded_preclose_bid_ask,,,False,not_requested_for_horizon_or_variant,missing_decision_or_entry_bar,ordinary,covered_call,,missing_decision_or_entry_bar,,,True,,H23,3,AIG,,double_cost,0.010427683608543991,15.186724771165343,2024
,,,2272d8f725090c2b69df073c,time_value,,,1,2,2024-06-03,2024-06-03,,,606,,,2024-06-04,607,False,,,2024-12-02,,,,,,,"{""market_momentum"": 0.04508643050907857, ""market_volatility"": 0.0060434691287607045, ""momentum"": 0.0028169014084507005, ""volatility"": 0.010427683608543991, ""volume_state"": 15.186724771165343}",assumed_next_daily_close,,21,0000005272,,0.04508643050907857,0.0060434691287607045,0.0028169014084507005,,,,,,,915793df3a040cd0c802d9f2,False,,,,,,bounded_preclose_bid_ask,,,False,not_requested_for_horizon_or_variant,missing_decision_or_entry_bar,ordinary,covered_call,,missing_decision_or_entry_bar,,,False,,H23,3,AIG,,double_cost,0.010427683608543991,15.186724771165343,2024
,,,2272d8f725090c2b69df073c,time_value,,,1,2,2024-06-03,2024-06-03,,,606,,,2024-06-04,607,False,,,2024-12-02,,,,,,,"{""market_momentum"": 0.04508643050907857, ""market_volatility"": 0.0060434691287607045, ""momentum"": 0.0028169014084507005, ""volatility"": 0.010427683608543991, ""volume_state"": 15.186724771165343}",assumed_next_daily_close,,21,0000005272,,0.04508643050907857,0.0060434691287607045,0.0028169014084507005,,,,,,,915793df3a040cd0c802d9f2,False,,,,,,bounded_preclose_bid_ask,,,False,not_requested_for_horizon_or_variant,missing_decision_or_entry_bar,ordinary,covered_call,,missing_decision_or_entry_bar,,,True,,H23,3,AIG,,double_cost,0.010427683608543991,15.186724771165343,2024
,,,2272d8f725090c2b69df073c,time_value,,,1,2,2024-06-03,2024-06-03,,,606,,,2024-06-04,607,False,,,2024-12-02,,,,,,,"{""market_momentum"": 0.04508643050907857, ""market_volatility"": 0.0060434691287607045, ""momentum"": 0.0028169014084507005, ""volatility"": 0.010427683608543991, ""volume_state"": 15.186724771165343}",assumed_next_daily_close,,42,0000005272,,0.04508643050907857,0.0060434691287607045,0.0028169014084507005,,,,,,,915793df3a040cd0c802d9f2,False,,,,,,bounded_preclose_bid_ask,,,False,not_requested_for_horizon_or_variant,missing_decision_or_entry_bar,ordinary,covered_call,,missing_decision_or_entry_bar,,,False,,H23,3,AIG,,double_cost,0.010427683608543991,15.186724771165343,2024
,,,2272d8f725090c2b69df073c,time_value,,,1,2,2024-06-03,2024-06-03,,,606,,,2024-06-04,607,False,,,2024-12-02,,,,,,,"{""market_momentum"": 0.04508643050907857, ""market_volatility"": 0.0060434691287607045, ""momentum"": 0.0028169014084507005, ""volatility"": 0.010427683608543991, ""volume_state"": 15.186724771165343}",assumed_next_daily_close,,42,0000005272,,0.04508643050907857,0.0060434691287607045,0.0028169014084507005,,,,,,,915793df3a040cd0c802d9f2,False,,,,,,bounded_preclose_bid_ask,,,False,not_requested_for_horizon_or_variant,missing_decision_or_entry_bar,ordinary,covered_call,,missing_decision_or_entry_bar,,,True,,H23,3,AIG,,double_cost,0.010427683608543991,15.186724771165343,2024
,,,2272d8f725090c2b69df073c,time_value,,,1,2,2024-06-03,2024-06-03,,,606,,,2024-06-04,607,False,,,2024-12-02,,,,,,,"{""market_momentum"": 0.04508643050907857, ""market_volatility"": 0.0060434691287607045, ""momentum"": 0.0028169014084507005, ""volatility"": 0.010427683608543991, ""volume_state"": 15.186724771165343}",assumed_next_daily_close,,63,0000005272,,0.04508643050907857,0.0060434691287607045,0.0028169014084507005,,,,,,,915793df3a040cd0c802d9f2,False,,,,,,bounded_preclose_bid_ask,,,False,not_requested_for_horizon_or_variant,missing_decision_or_entry_bar,ordinary,covered_call,,missing_decision_or_entry_bar,,,False,,H23,3,AIG,,double_cost,0.010427683608543991,15.186724771165343,2024
,,,2272d8f725090c2b69df073c,time_value,,,1,2,2024-06-03,2024-06-03,,,606,,,2024-06-04,607,False,,,2024-12-02,,,,,,,"{""market_momentum"": 0.04508643050907857, ""market_volatility"": 0.0060434691287607045, ""momentum"": 0.0028169014084507005, ""volatility"": 0.010427683608543991, ""volume_state"": 15.186724771165343}",assumed_next_daily_close,,63,0000005272,,0.04508643050907857,0.0060434691287607045,0.0028169014084507005,,,,,,,915793df3a040cd0c802d9f2,False,,,,,,bounded_preclose_bid_ask,,,False,not_requested_for_horizon_or_variant,missing_decision_or_entry_bar,ordinary,covered_call,,missing_decision_or_entry_bar,,,True,,H23,3,AIG,,double_cost,0.010427683608543991,15.186724771165343,2024
,,,2272d8f725090c2b69df073c,time_value,,,1,2,2024-06-03,2024-06-03,,,606,,,2024-06-04,607,False,,,2024-12-02,,,,,,,"{""market_momentum"": 0.04508643050907857, ""market_volatility"": 0.0060434691287607045, ""momentum"": 0.0028169014084507005, ""volatility"": 0.010427683608543991, ""volume_state"": 15.186724771165343}",assumed_next_daily_close,,expiry,0000005272,,0.04508643050907857,0.0060434691287607045,0.0028169014084507005,,,,,,,915793df3a040cd0c802d9f2,False,,,,,,bounded_preclose_bid_ask,,,False,not_requested_for_horizon_or_variant,missing_decision_or_entry_bar,ordinary,covered_call,,missing_decision_or_entry_bar,,,False,,H23,3,AIG,,double_cost,0.010427683608543991,15.186724771165343,2024
,,,2272d8f725090c2b69df073c,time_value,,,1,2,2024-06-03,2024-06-03,,,606,,,2024-06-04,607,False,,,2024-12-02,,,,,,,"{""market_momentum"": 0.04508643050907857, ""market_volatility"": 0.0060434691287607045, ""momentum"": 0.0028169014084507005, ""volatility"": 0.010427683608543991, ""volume_state"": 15.186724771165343}",assumed_next_daily_close,,expiry,0000005272,,0.04508643050907857,0.0060434691287607045,0.0028169014084507005,,,,,,,915793df3a040cd0c802d9f2,False,,,,,,bounded_preclose_bid_ask,,,False,not_requested_for_horizon_or_variant,missing_decision_or_entry_bar,ordinary,covered_call,,missing_decision_or_entry_bar,,,True,,H23,3,AIG,,double_cost,0.010427683608543991,15.186724771165343,2024
0.047100462836918044,2025-03-28,811,3421f22562f2ef0463fb6ecf,time_value,116.68639999999999,O:AMD250718P00105000,1,2,2025-03-26,2025-03-26,114,0.07033306107632271,809,0.0,0.03654799812470697,2025-03-27,810,True,2025-03-28,811,2025-03-26,711,32773714.0,2025-03-28,scheduled_exit,811,2025-07-18,"{""market_momentum"": -0.04316437802907913, ""market_volatility"": 0.013089707290464835, ""momentum"": 0.05992689495959991, ""volatility"": 0.02922169279562864, ""volume_state"": 17.38886569546928}",assumed_next_daily_close,10665.0,1,0000002488,0,-0.04316437802907913,0.013089707290464835,0.05992689495959991,-389.7843999999999,-0.03654799812470697,100.098,8.6,10.3,170.0000000000001,ee18e6990f1758a14789ca09,True,0.0012004801920768306,833,2.901127565004376e-06,34469356.4,,bounded_preclose_bid_ask,,,False,not_requested_for_horizon_or_variant,,event,protective_put,100,completed,106.65,103.22,False,-343.0,H23,3,AMD,216.7844,double_cost,0.02922169279562864,17.38886569546928,2025
0.047100462836918044,2025-03-28,811,3421f22562f2ef0463fb6ecf,time_value,12.386399999999998,O:AMD250718P00105000,1,2,2025-03-26,2025-03-26,114,0.07033306107632271,809,0.0,0.034522681669010784,2025-03-27,810,True,2025-03-28,811,2025-03-26,711,32773714.0,2025-03-28,scheduled_exit,811,2025-07-18,"{""market_momentum"": -0.04316437802907913, ""market_volatility"": 0.013089707290464835, ""momentum"": 0.05992689495959991, ""volatility"": 0.02922169279562864, ""volume_state"": 17.38886569546928}",assumed_next_daily_close,10665.0,1,0000002488,0,-0.04316437802907913,0.013089707290464835,0.05992689495959991,-368.1844,-0.034522681669010784,12.797999999999998,8.6,0.0,-0.0,ee18e6990f1758a14789ca09,True,0.0012004801920768306,833,2.901127565004376e-06,34469356.4,,bounded_preclose_bid_ask,,,False,not_requested_for_horizon_or_variant,,event,protective_put,100,completed,106.65,103.22,True,-343.0,H23,3,AMD,25.184399999999997,double_cost,0.02922169279562864,17.38886569546928,2025
0.047100462836918044,2025-03-31,812,3421f22562f2ef0463fb6ecf,time_value,122.7288,O:AMD250718P00105000,1,2,2025-03-26,2025-03-26,114,0.07033306107632271,809,0.0,0.03654799812470698,2025-03-27,810,True,2025-03-31,812,2025-03-26,711,32773714.0,2025-03-31,scheduled_exit,812,2025-07-18,"{""market_momentum"": -0.04316437802907913, ""market_volatility"": 0.013089707290464835, ""momentum"": 0.05992689495959991, ""volatility"": 0.02922169279562864, ""volume_state"": 17.38886569546928}",assumed_next_daily_close,10665.0,2,0000002488,0,-0.04316437802907913,0.013089707290464835,0.05992689495959991,-382.82679999999993,-0.03589562119081106,100.098,8.6,10.91,231.00000000000006,ee18e6990f1758a14789ca09,True,0.0012004801920768306,833,2.901127565004376e-06,34469356.4,,bounded_preclose_bid_ask,,,False,not_requested_for_horizon_or_variant,,event,protective_put,100,completed,106.65,102.74,False,-391.0,H23,3,AMD,222.8268,double_cost,0.02922169279562864,17.38886569546928,2025
0.047100462836918044,2025-03-31,812,3421f22562f2ef0463fb6ecf,time_value,12.3288,O:AMD250718P00105000,1,2,2025-03-26,2025-03-26,114,0.07033306107632271,809,0.0,0.03901798406000938,2025-03-27,810,True,2025-03-31,812,2025-03-26,711,32773714.0,2025-03-31,scheduled_exit,812,2025-07-18,"{""market_momentum"": -0.04316437802907913, ""market_volatility"": 0.013089707290464835, ""momentum"": 0.05992689495959991, ""volatility"": 0.02922169279562864, ""volume_state"": 17.38886569546928}",assumed_next_daily_close,10665.0,2,0000002488,0,-0.04316437802907913,0.013089707290464835,0.05992689495959991,-416.1268,-0.03901798406000938,12.797999999999998,8.6,0.0,-0.0,ee18e6990f1758a14789ca09,True,0.0012004801920768306,833,2.901127565004376e-06,34469356.4,,bounded_preclose_bid_ask,,,False,not_requested_for_horizon_or_variant,,event,protective_put,100,completed,106.65,102.74,True,-391.0,H23,3,AMD,25.126799999999996,double_cost,0.02922169279562864,17.38886569546928,2025
0.047100462836918044,2025-04-01,813,3421f22562f2ef0463fb6ecf,time_value,124.6336,O:AMD250718P00105000,1,2,2025-03-26,2025-03-26,114,0.07033306107632271,809,0.0,0.03654799812470698,2025-03-27,810,True,2025-04-01,813,2025-03-26,711,32773714.0,2025-04-01,scheduled_exit,813,2025-07-18,"{""market_momentum"": -0.04316437802907913, ""market_volatility"": 0.013089707290464835, ""momentum"": 0.05992689495959991, ""volatility"": 0.02922169279562864, ""volume_state"": 17.38886569546928}",assumed_next_daily_close,10665.0,3,0000002488,0,-0.04316437802907913,0.013089707290464835,0.05992689495959991,-361.7316,-0.03391763713080169,100.098,8.6,11.1,250.0,ee18e6990f1758a14789ca09,True,0.0012004801920768306,833,2.901127565004376e-06,34469356.4,,bounded_preclose_bid_ask,,,False,not_requested_for_horizon_or_variant,,event,protective_put,100,completed,106.65,102.78,False,-387.0,H23,3,AMD,224.73160000000001,double_cost,0.02922169279562864,17.38886569546928,2025
0.047100462836918044,2025-04-01,813,3421f22562f2ef0463fb6ecf,time_value,12.333599999999999,O:AMD250718P00105000,1,2,2025-03-26,2025-03-26,114,0.07033306107632271,809,0.0,0.03901798406000944,2025-03-27,810,True,2025-04-01,813,2025-03-26,711,32773714.0,2025-04-01,scheduled_exit,813,2025-07-18,"{""market_momentum"": -0.04316437802907913, ""market_volatility"": 0.013089707290464835, ""momentum"": 0.05992689495959991, ""volatility"": 0.02922169279562864, ""volume_state"": 17.38886569546928}",assumed_next_daily_close,10665.0,3,0000002488,0,-0.04316437802907913,0.013089707290464835,0.05992689495959991,-412.1316,-0.03864337552742616,12.797999999999998,8.6,0.0,-0.0,ee18e6990f1758a14789ca09,True,0.0012004801920768306,833,2.901127565004376e-06,34469356.4,,bounded_preclose_bid_ask,,,False,not_requested_for_horizon_or_variant,,event,protective_put,100,completed,106.65,102.78,True,-387.0,H23,3,AMD,25.1316,double_cost,0.02922169279562864,17.38886569546928,2025
0.047100462836918044,2025-04-03,815,3421f22562f2ef0463fb6ecf,time_value,171.35600000000002,O:AMD250718P00105000,1,2,2025-03-26,2025-03-26,114,0.07033306107632271,809,0.0,0.07767969995311766,2025-03-27,810,True,2025-04-03,815,2025-03-26,711,32773714.0,2025-04-03,scheduled_exit,815,2025-07-18,"{""market_momentum"": -0.04316437802907913, ""market_volatility"": 0.013089707290464835, ""momentum"": 0.05992689495959991, ""volatility"": 0.02922169279562864, ""volume_state"": 17.38886569546928}",assumed_next_daily_close,10665.0,5,0000002488,0,-0.04316437802907913,0.013089707290464835,0.05992689495959991,-828.4539999999998,-0.07767969995311766,100.098,8.6,15.88,728.0000000000001,ee18e6990f1758a14789ca09,True,0.0012004801920768306,833,2.901127565004376e-06,34469356.4,,bounded_preclose_bid_ask,,,False,not_requested_for_horizon_or_variant,,event,protective_put,100,completed,106.65,93.8,False,-1285.0,H23,3,AMD,271.454,double_cost,0.02922169279562864,17.38886569546928,2025
0.047100462836918044,2025-04-03,815,3421f22562f2ef0463fb6ecf,time_value,11.255999999999998,O:AMD250718P00105000,1,2,2025-03-26,2025-03-26,114,0.07033306107632271,809,0.0,0.12274299109235819,2025-03-27,810,True,2025-04-03,815,2025-03-26,711,32773714.0,2025-04-03,scheduled_exit,815,2025-07-18,"{""market_momentum"": -0.04316437802907913, ""market_volatility"": 0.013089707290464835, ""momentum"": 0.05992689495959991, ""volatility"": 0.02922169279562864, ""volume_state"": 17.38886569546928}",assumed_next_daily_close,10665.0,5,0000002488,0,-0.04316437802907913,0.013089707290464835,0.05992689495959991,-1309.054,-0.12274299109235819,12.797999999999998,8.6,0.0,-0.0,ee18e6990f1758a14789ca09,True,0.0012004801920768306,833,2.901127565004376e-06,34469356.4,,bounded_preclose_bid_ask,,,False,not_requested_for_horizon_or_variant,,event,protective_put,100,completed,106.65,93.8,True,-1285.0,H23,3,AMD,24.053999999999995,double_cost,0.02922169279562864,17.38886569546928,2025
0.047100462836918044,2025-04-10,820,3421f22562f2ef0463fb6ecf,time_value,214.44400000000002,O:AMD250718P00105000,1,2,2025-03-26,2025-03-26,114,0.07033306107632271,809,0.0,0.11532894514767932,2025-03-27,810,True,2025-04-10,820,2025-03-26,711,32773714.0,2025-04-10,scheduled_exit,820,2025-07-18,"{""market_momentum"": -0.04316437802907913, ""market_volatility"": 0.013089707290464835, ""momentum"": 0.05992689495959991, ""volatility"": 0.02922169279562864, ""volume_state"": 17.38886569546928}",assumed_next_daily_close,10665.0,10,0000002488,0,-0.04316437802907913,0.013089707290464835,0.05992689495959991,-944.5419999999999,-0.08856465072667603,100.098,8.6,20.25,1165.0,ee18e6990f1758a14789ca09,True,0.0012004801920768306,833,2.901127565004376e-06,34469356.4,,bounded_preclose_bid_ask,,,False,not_requested_for_horizon_or_variant,,event,protective_put,100,completed,106.65,88.7,False,-1795.0,H23,3,AMD,314.54200000000003,double_cost,0.02922169279562864,17.38886569546928,2025
0.047100462836918044,2025-04-10,820,3421f22562f2ef0463fb6ecf,time_value,10.643999999999998,O:AMD250718P00105000,1,2,2025-03-26,2025-03-26,114,0.07033306107632271,809,0.0,0.26874666666666686,2025-03-27,810,True,2025-04-10,820,2025-03-26,711,32773714.0,2025-04-10,scheduled_exit,820,2025-07-18,"{""market_momentum"": -0.04316437802907913, ""market_volatility"": 0.013089707290464835, ""momentum"": 0.05992689495959991, ""volatility"": 0.02922169279562864, ""volume_state"": 17.38886569546928}",assumed_next_daily_close,10665.0,10,0000002488,0,-0.04316437802907913,0.013089707290464835,0.05992689495959991,-1818.442,-0.17050557899671823,12.797999999999998,8.6,0.0,-0.0,ee18e6990f1758a14789ca09,True,0.0012004801920768306,833,2.901127565004376e-06,34469356.4,,bounded_preclose_bid_ask,,,False,not_requested_for_horizon_or_variant,,event,protective_put,100,completed,106.65,88.7,True,-1795.0,H23,3,AMD,23.441999999999997,double_cost,0.02922169279562864,17.38886569546928,2025
0.047100462836918044,2025-04-28,831,3421f22562f2ef0463fb6ecf,time_value,149.8668,O:AMD250718P00105000,1,2,2025-03-26,2025-03-26,114,0.07033306107632271,809,0.0,0.11532894514767932,2025-03-27,810,True,2025-04-28,831,2025-03-26,711,32773714.0,2025-04-28,scheduled_exit,831,2025-07-18,"{""market_momentum"": -0.04316437802907913, ""market_volatility"": 0.013089707290464835, ""momentum"": 0.05992689495959991, ""volatility"": 0.02922169279562864, ""volume_state"": 17.38886569546928}",assumed_next_daily_close,10665.0,21,0000002488,0,-0.04316437802907913,0.013089707290464835,0.05992689495959991,-765.9648,-0.07182042194092826,100.098,8.6,13.7,509.99999999999994,ee18e6990f1758a14789ca09,True,0.0012004801920768306,833,2.901127565004376e-06,34469356.4,,bounded_preclose_bid_ask,,,False,not_requested_for_horizon_or_variant,,event,protective_put,100,completed,106.65,96.39,False,-1026.0,H23,3,AMD,249.96480000000003,double_cost,0.02922169279562864,17.38886569546928,2025
0.047100462836918044,2025-04-28,831,3421f22562f2ef0463fb6ecf,time_value,11.566799999999999,O:AMD250718P00105000,1,2,2025-03-26,2025-03-26,114,0.07033306107632271,809,0.0,0.26874666666666686,2025-03-27,810,True,2025-04-28,831,2025-03-26,711,32773714.0,2025-04-28,scheduled_exit,831,2025-07-18,"{""market_momentum"": -0.04316437802907913, ""market_volatility"": 0.013089707290464835, ""momentum"": 0.05992689495959991, ""volatility"": 0.02922169279562864, ""volume_state"": 17.38886569546928}",assumed_next_daily_close,10665.0,21,0000002488,0,-0.04316437802907913,0.013089707290464835,0.05992689495959991,-1050.3648,-0.09848708860759495,12.797999999999998,8.6,0.0,-0.0,ee18e6990f1758a14789ca09,True,0.0012004801920768306,833,2.901127565004376e-06,34469356.4,,bounded_preclose_bid_ask,,,False,not_requested_for_horizon_or_variant,,event,protective_put,100,completed,106.65,96.39,True,-1026.0,H23,3,AMD,24.364799999999995,double_cost,0.02922169279562864,17.38886569546928,2025
0.047100462836918044,2025-05-28,852,3421f22562f2ef0463fb6ecf,time_value,50.343199999999996,O:AMD250718P00105000,1,2,2025-03-26,2025-03-26,114,0.07033306107632271,809,0.0,0.11532894514767932,2025-03-27,810,True,2025-05-28,852,2025-03-26,711,32773714.0,2025-05-28,scheduled_exit,852,2025-07-18,"{""market_momentum"": -0.04316437802907913, ""market_volatility"": 0.013089707290464835, ""momentum"": 0.05992689495959991, ""volatility"": 0.02922169279562864, ""volume_state"": 17.38886569546928}",assumed_next_daily_close,10665.0,42,0000002488,0,-0.04316437802907913,0.013089707290464835,0.05992689495959991,-34.441199999999995,-0.0032293670886075943,100.098,8.6,3.55,-505.0,ee18e6990f1758a14789ca09,True,0.0012004801920768306,833,2.901127565004376e-06,34469356.4,,bounded_preclose_bid_ask,,,False,not_requested_for_horizon_or_variant,,event,protective_put,100,completed,106.65,112.86,False,621.0,H23,3,AMD,150.44119999999998,double_cost,0.02922169279562864,17.38886569546928,2025
0.047100462836918044,2025-05-28,852,3421f22562f2ef0463fb6ecf,time_value,13.543199999999999,O:AMD250718P00105000,1,2,2025-03-26,2025-03-26,114,0.07033306107632271,809,0.0,0.26874666666666686,2025-03-27,810,True,2025-05-28,852,2025-03-26,711,32773714.0,2025-05-28,scheduled_exit,852,2025-07-18,"{""market_momentum"": -0.04316437802907913, ""market_volatility"": 0.013089707290464835, ""momentum"": 0.05992689495959991, ""volatility"": 0.02922169279562864, ""volume_state"": 17.38886569546928}",assumed_next_daily_close,10665.0,42,0000002488,0,-0.04316437802907913,0.013089707290464835,0.05992689495959991,594.6588,0.055757974683544306,12.797999999999998,8.6,0.0,-0.0,ee18e6990f1758a14789ca09,True,0.0012004801920768306,833,2.901127565004376e-06,34469356.4,,bounded_preclose_bid_ask,,,False,not_requested_for_horizon_or_variant,,event,protective_put,100,completed,106.65,112.86,True,621.0,H23,3,AMD,26.341199999999997,double_cost,0.02922169279562864,17.38886569546928,2025
0.047100462836918044,2025-06-27,873,3421f22562f2ef0463fb6ecf,time_value,19.8572,O:AMD250718P00105000,1,2,2025-03-26,2025-03-26,114,0.07033306107632271,809,0.0,0.11532894514767932,2025-03-27,810,True,2025-06-27,873,2025-03-26,711,32773714.0,2025-06-27,scheduled_exit,873,2025-07-18,"{""market_momentum"": -0.04316437802907913, ""market_volatility"": 0.013089707290464835, ""momentum"": 0.05992689495959991, ""volatility"": 0.02922169279562864, ""volume_state"": 17.38886569546928}",assumed_next_daily_close,10665.0,63,0000002488,0,-0.04316437802907913,0.013089707290464835,0.05992689495959991,2749.0448,0.257763225503985,100.098,8.6,0.13,-846.9999999999999,ee18e6990f1758a14789ca09,True,0.0012004801920768306,833,2.901127565004376e-06,34469356.4,,bounded_preclose_bid_ask,,,False,not_requested_for_horizon_or_variant,,event,protective_put,100,completed,106.65,143.81,False,3716.0,H23,3,AMD,119.95519999999999,double_cost,0.02922169279562864,17.38886569546928,2025
0.047100462836918044,2025-06-27,873,3421f22562f2ef0463fb6ecf,time_value,17.257199999999997,O:AMD250718P00105000,1,2,2025-03-26,2025-03-26,114,0.07033306107632271,809,0.0,0.26874666666666686,2025-03-27,810,True,2025-06-27,873,2025-03-26,711,32773714.0,2025-06-27,scheduled_exit,873,2025-07-18,"{""market_momentum"": -0.04316437802907913, ""market_volatility"": 0.013089707290464835, ""momentum"": 0.05992689495959991, ""volatility"": 0.02922169279562864, ""volume_state"": 17.38886569546928}",assumed_next_daily_close,10665.0,63,0000002488,0,-0.04316437802907913,0.013089707290464835,0.05992689495959991,3685.9448,0.3456113267698078,12.797999999999998,8.6,0.0,-0.0,ee18e6990f1758a14789ca09,True,0.0012004801920768306,833,2.901127565004376e-06,34469356.4,,bounded_preclose_bid_ask,,,False,not_requested_for_horizon_or_variant,,event,protective_put,100,completed,106.65,143.81,True,3716.0,H23,3,AMD,30.055199999999996,double_cost,0.02922169279562864,17.38886569546928,2025
0.047100462836918044,2025-07-18,887,3421f22562f2ef0463fb6ecf,time_value,20.1388,O:AMD250718P00105000,1,2,2025-03-26,2025-03-26,114,0.07033306107632271,809,0.0,0.11532894514767932,2025-03-27,810,True,2025-07-18,887,2025-03-26,711,32773714.0,2025-07-18,expiry_worthless,887,2025-07-18,"{""market_momentum"": -0.04316437802907913, ""market_volatility"": 0.013089707290464835, ""momentum"": 0.05992689495959991, ""volatility"": 0.02922169279562864, ""volume_state"": 17.38886569546928}",assumed_next_daily_close,10665.0,expiry,0000002488,0,-0.04316437802907913,0.013089707290464835,0.05992689495959991,4053.7632,0.3800996905766526,100.098,8.6,0.0,-860.0,ee18e6990f1758a14789ca09,True,0.0012004801920768306,833,2.901127565004376e-06,34469356.4,,bounded_preclose_bid_ask,,,False,not_requested_for_horizon_or_variant,,event,protective_put,100,completed,106.65,156.99,False,5034.0,H23,3,AMD,120.2368,double_cost,0.02922169279562864,17.38886569546928,2025
0.047100462836918044,2025-07-18,887,3421f22562f2ef0463fb6ecf,time_value,18.8388,O:AMD250718P00105000,1,2,2025-03-26,2025-03-26,114,0.07033306107632271,809,0.0,0.26874666666666686,2025-03-27,810,True,2025-07-18,887,2025-03-26,711,32773714.0,2025-07-18,scheduled_exit,887,2025-07-18,"{""market_momentum"": -0.04316437802907913, ""market_volatility"": 0.013089707290464835, ""momentum"": 0.05992689495959991, ""volatility"": 0.02922169279562864, ""volume_state"": 17.38886569546928}",assumed_next_daily_close,10665.0,expiry,0000002488,0,-0.04316437802907913,0.013089707290464835,0.05992689495959991,5002.3632,0.4690448382559775,12.797999999999998,8.6,0.0,-0.0,ee18e6990f1758a14789ca09,True,0.0012004801920768306,833,2.901127565004376e-06,34469356.4,,bounded_preclose_bid_ask,,,False,not_requested_for_horizon_or_variant,,event,protective_put,100,completed,106.65,156.99,True,5034.0,H23,3,AMD,31.636799999999997,double_cost,0.02922169279562864,17.38886569546928,2025
0.05908919834399695,2022-02-11,28,369eafe65e2a2d250f1df0bd,time_value,241.38160000000002,O:AMD220617P00125000,1,2,2022-02-09,2022-02-09,128,0.08618742943168987,26,0.0,0.06688987834936791,2022-02-10,27,True,2022-02-11,28,2022-06-10,221,108939859.0,2022-02-11,scheduled_exit,28,2022-06-17,"{""market_momentum"": -0.01712100706751729, ""market_volatility"": 0.012640436624071728, ""momentum"": 0.006439393939393856, ""volatility"": 0.03901188867155281, ""volume_state"": 18.36068771284885}",assumed_next_daily_close,12577.0,1,0000002488,0,-0.01712100706751729,0.012640436624071728,0.006439393939393856,-841.2740000000002,-0.06688987834936791,160.8924,14.45,22.65,819.9999999999999,974adb708dac1471a8674416,True,0.0011210762331838565,892,9.320503163635088e-07,107290345.0,,bounded_preclose_bid_ask,,,False,not_requested_for_horizon_or_variant,,ordinary,protective_put,100,completed,125.77,113.18,False,-1259.0,H23,3,AMD,402.274,double_cost,0.03901188867155281,18.36068771284885,2022
0.05908919834399695,2022-02-11,28,369eafe65e2a2d250f1df0bd,time_value,13.581599999999998,O:AMD220617P00125000,1,2,2022-02-09,2022-02-09,128,0.08618742943168987,26,0.0,0.10238323924624314,2022-02-10,27,True,2022-02-11,28,2022-06-10,221,108939859.0,2022-02-11,scheduled_exit,28,2022-06-17,"{""market_momentum"": -0.01712100706751729, ""market_volatility"": 0.012640436624071728, ""momentum"": 0.006439393939393856, ""volatility"": 0.03901188867155281, ""volume_state"": 18.36068771284885}",assumed_next_daily_close,12577.0,1,0000002488,0,-0.01712100706751729,0.012640436624071728,0.006439393939393856,-1287.674,-0.10238323924624314,15.092399999999998,14.45,0.0,-0.0,974adb708dac1471a8674416,True,0.0011210762331838565,892,9.320503163635088e-07,107290345.0,,bounded_preclose_bid_ask,,,False,not_requested_for_horizon_or_variant,,ordinary,protective_put,100,completed,125.77,113.18,True,-1259.0,H23,3,AMD,28.673999999999996,double_cost,0.03901188867155281,18.36068771284885,2022
0.05908919834399695,2022-02-14,29,369eafe65e2a2d250f1df0bd,time_value,215.0124,O:AMD220617P00125000,1,2,2022-02-09,2022-02-09,128,0.08618742943168987,26,0.0,0.07719685139540432,2022-02-10,27,True,2022-02-14,29,2022-06-10,221,108939859.0,2022-02-14,scheduled_exit,29,2022-06-17,"{""market_momentum"": -0.01712100706751729, ""market_volatility"": 0.012640436624071728, ""momentum"": 0.006439393939393856, ""volatility"": 0.03901188867155281, ""volume_state"": 18.36068771284885}",assumed_next_daily_close,12577.0,2,0000002488,0,-0.01712100706751729,0.012640436624071728,0.006439393939393856,-970.9048,-0.07719685139540432,160.8924,14.45,20,555.0000000000001,974adb708dac1471a8674416,True,0.0011210762331838565,892,9.320503163635088e-07,107290345.0,,bounded_preclose_bid_ask,,,False,not_requested_for_horizon_or_variant,,ordinary,protective_put,100,completed,125.77,114.27,False,-1150.0,H23,3,AMD,375.9048,double_cost,0.03901188867155281,18.36068771284885,2022
0.05908919834399695,2022-02-14,29,369eafe65e2a2d250f1df0bd,time_value,13.712399999999999,O:AMD220617P00125000,1,2,2022-02-09,2022-02-09,128,0.08618742943168987,26,0.0,0.10238323924624311,2022-02-10,27,True,2022-02-14,29,2022-06-10,221,108939859.0,2022-02-14,scheduled_exit,29,2022-06-17,"{""market_momentum"": -0.01712100706751729, ""market_volatility"": 0.012640436624071728, ""momentum"": 0.006439393939393856, ""volatility"": 0.03901188867155281, ""volume_state"": 18.36068771284885}",assumed_next_daily_close,12577.0,2,0000002488,0,-0.01712100706751729,0.012640436624071728,0.006439393939393856,-1178.8048,-0.09372702552277967,15.092399999999998,14.45,0.0,-0.0,974adb708dac1471a8674416,True,0.0011210762331838565,892,9.320503163635088e-07,107290345.0,,bounded_preclose_bid_ask,,,False,not_requested_for_horizon_or_variant,,ordinary,protective_put,100,completed,125.77,114.27,True,-1150.0,H23,3,AMD,28.804799999999997,double_cost,0.03901188867155281,18.36068771284885,2022
0.05908919834399695,2022-02-15,30,369eafe65e2a2d250f1df0bd,time_value,181.97640000000004,O:AMD220617P00125000,1,2,2022-02-09,2022-02-09,128,0.08618742943168987,26,0.0,0.07719685139540436,2022-02-10,27,True,2022-02-15,30,2022-06-10,221,108939859.0,2022-02-15,scheduled_exit,30,2022-06-17,"{""market_momentum"": -0.01712100706751729, ""market_volatility"": 0.012640436624071728, ""momentum"": 0.006439393939393856, ""volatility"": 0.03901188867155281, ""volume_state"": 18.36068771284885}",assumed_next_daily_close,12577.0,3,0000002488,0,-0.01712100706751729,0.012640436624071728,0.006439393939393856,-556.8688000000001,-0.044276759163552525,160.8924,14.45,16.61,216.0,974adb708dac1471a8674416,True,0.0011210762331838565,892,9.320503163635088e-07,107290345.0,,bounded_preclose_bid_ask,,,False,not_requested_for_horizon_or_variant,,ordinary,protective_put,100,completed,125.77,121.47,False,-430.0,H23,3,AMD,342.8688000000001,double_cost,0.03901188867155281,18.36068771284885,2022
0.05908919834399695,2022-02-15,30,369eafe65e2a2d250f1df0bd,time_value,14.5764,O:AMD220617P00125000,1,2,2022-02-09,2022-02-09,128,0.08618742943168987,26,0.0,0.10238323924624311,2022-02-10,27,True,2022-02-15,30,2022-06-10,221,108939859.0,2022-02-15,scheduled_exit,30,2022-06-17,"{""market_momentum"": -0.01712100706751729, ""market_volatility"": 0.012640436624071728, ""momentum"": 0.006439393939393856, ""volatility"": 0.03901188867155281, ""volume_state"": 18.36068771284885}",assumed_next_daily_close,12577.0,3,0000002488,0,-0.01712100706751729,0.012640436624071728,0.006439393939393856,-459.6688,-0.036548366065039355,15.092399999999998,14.45,0.0,-0.0,974adb708dac1471a8674416,True,0.0011210762331838565,892,9.320503163635088e-07,107290345.0,,bounded_preclose_bid_ask,,,False,not_requested_for_horizon_or_variant,,ordinary,protective_put,100,completed,125.77,121.47,True,-430.0,H23,3,AMD,29.668799999999997,double_cost,0.03901188867155281,18.36068771284885,2022
0.05908919834399695,2022-02-17,32,369eafe65e2a2d250f1df0bd,time_value,220.7844,O:AMD220617P00125000,1,2,2022-02-09,2022-02-09,128,0.08618742943168987,26,0.0,0.08799211258646734,2022-02-10,27,True,2022-02-17,32,2022-06-10,221,108939859.0,2022-02-17,scheduled_exit,32,2022-06-17,"{""market_momentum"": -0.01712100706751729, ""market_volatility"": 0.012640436624071728, ""momentum"": 0.006439393939393856, ""volatility"": 0.03901188867155281, ""volume_state"": 18.36068771284885}",assumed_next_daily_close,12577.0,5,0000002488,0,-0.01712100706751729,0.012640436624071728,0.006439393939393856,-1106.6767999999997,-0.08799211258646734,160.8924,14.45,20.6,615.0000000000002,974adb708dac1471a8674416,True,0.0011210762331838565,892,9.320503163635088e-07,107290345.0,,bounded_preclose_bid_ask,,,False,not_requested_for_horizon_or_variant,,ordinary,protective_put,100,completed,125.77,112.37,False,-1340.0,H23,3,AMD,381.6768,double_cost,0.03901188867155281,18.36068771284885,2022
0.05908919834399695,2022-02-17,32,369eafe65e2a2d250f1df0bd,time_value,13.484399999999999,O:AMD220617P00125000,1,2,2022-02-09,2022-02-09,128,0.08618742943168987,26,0.0,0.10881583843523893,2022-02-10,27,True,2022-02-17,32,2022-06-10,221,108939859.0,2022-02-17,scheduled_exit,32,2022-06-17,"{""market_momentum"": -0.01712100706751729, ""market_volatility"": 0.012640436624071728, ""momentum"": 0.006439393939393856, ""volatility"": 0.03901188867155281, ""volume_state"": 18.36068771284885}",assumed_next_daily_close,12577.0,5,0000002488,0,-0.01712100706751729,0.012640436624071728,0.006439393939393856,-1368.5768,-0.10881583843523893,15.092399999999998,14.45,0.0,-0.0,974adb708dac1471a8674416,True,0.0011210762331838565,892,9.320503163635088e-07,107290345.0,,bounded_preclose_bid_ask,,,False,not_requested_for_horizon_or_variant,,ordinary,protective_put,100,completed,125.77,112.37,True,-1340.0,H23,3,AMD,28.5768,double_cost,0.03901188867155281,18.36068771284885,2022
0.05908919834399695,2022-02-25,37,369eafe65e2a2d250f1df0bd,time_value,174.8272,O:AMD220617P00125000,1,2,2022-02-09,2022-02-09,128,0.08618742943168987,26,0.0,0.09011398584718142,2022-02-10,27,True,2022-02-25,37,2022-06-10,221,108939859.0,2022-02-25,scheduled_exit,37,2022-06-17,"{""market_momentum"": -0.01712100706751729, ""market_volatility"": 0.012640436624071728, ""momentum"": 0.006439393939393856, ""volatility"": 0.03901188867155281, ""volume_state"": 18.36068771284885}",assumed_next_daily_close,12577.0,10,0000002488,0,-0.01712100706751729,0.012640436624071728,0.006439393939393856,-661.7195999999999,-0.052613469030770445,160.8924,14.45,15.9,145.0000000000001,974adb708dac1471a8674416,True,0.0011210762331838565,892,9.320503163635088e-07,107290345.0,,bounded_preclose_bid_ask,,,False,not_requested_for_horizon_or_variant,,ordinary,protective_put,100,completed,125.77,121.06,False,-471.0,H23,3,AMD,335.7196,double_cost,0.03901188867155281,18.36068771284885,2022
0.05908919834399695,2022-02-25,37,369eafe65e2a2d250f1df0bd,time_value,14.527199999999999,O:AMD220617P00125000,1,2,2022-02-09,2022-02-09,128,0.08618742943168987,26,0.0,0.12954310248866976,2022-02-10,27,True,2022-02-25,37,2022-06-10,221,108939859.0,2022-02-25,scheduled_exit,37,2022-06-17,"{""market_momentum"": -0.01712100706751729, ""market_volatility"": 0.012640436624071728, ""momentum"": 0.006439393939393856, ""volatility"": 0.03901188867155281, ""volume_state"": 18.36068771284885}",assumed_next_daily_close,12577.0,10,0000002488,0,-0.01712100706751729,0.012640436624071728,0.006439393939393856,-500.6196,-0.03980437306193846,15.092399999999998,14.45,0.0,-0.0,974adb708dac1471a8674416,True,0.0011210762331838565,892,9.320503163635088e-07,107290345.0,,bounded_preclose_bid_ask,,,False,not_requested_for_horizon_or_variant,,ordinary,protective_put,100,completed,125.77,121.06,True,-471.0,H23,3,AMD,29.6196,double_cost,0.03901188867155281,18.36068771284885,2022
0.05908919834399695,2022-03-14,48,369eafe65e2a2d250f1df0bd,time_value,290.57,O:AMD220617P00125000,1,2,2022-02-09,2022-02-09,128,0.08618742943168987,26,0.0,0.12167505764490742,2022-02-10,27,True,2022-03-14,48,2022-06-10,221,108939859.0,2022-03-14,scheduled_exit,48,2022-06-17,"{""market_momentum"": -0.01712100706751729, ""market_volatility"": 0.012640436624071728, ""momentum"": 0.006439393939393856, ""volatility"": 0.03901188867155281, ""volume_state"": 18.36068771284885}",assumed_next_daily_close,12577.0,21,0000002488,0,-0.01712100706751729,0.012640436624071728,0.006439393939393856,-1478.4624,-0.11755286634332511,160.8924,14.45,27.7,1325.0,974adb708dac1471a8674416,True,0.0011210762331838565,892,9.320503163635088e-07,107290345.0,,bounded_preclose_bid_ask,,,False,not_requested_for_horizon_or_variant,,ordinary,protective_put,100,completed,125.77,102.25,False,-2352.0,H23,3,AMD,451.4624,double_cost,0.03901188867155281,18.36068771284885,2022
0.05908919834399695,2022-03-14,48,369eafe65e2a2d250f1df0bd,time_value,12.27,O:AMD220617P00125000,1,2,2022-02-09,2022-02-09,128,0.08618742943168987,26,0.0,0.18918362089528504,2022-02-10,27,True,2022-03-14,48,2022-06-10,221,108939859.0,2022-03-14,scheduled_exit,48,2022-06-17,"{""market_momentum"": -0.01712100706751729, ""market_volatility"": 0.012640436624071728, ""momentum"": 0.006439393939393856, ""volatility"": 0.03901188867155281, ""volume_state"": 18.36068771284885}",assumed_next_daily_close,12577.0,21,0000002488,0,-0.01712100706751729,0.012640436624071728,0.006439393939393856,-2379.3624,-0.18918362089528504,15.092399999999998,14.45,0.0,-0.0,974adb708dac1471a8674416,True,0.0011210762331838565,892,9.320503163635088e-07,107290345.0,,bounded_preclose_bid_ask,,,False,not_requested_for_horizon_or_variant,,ordinary,protective_put,100,completed,125.77,102.25,True,-2352.0,H23,3,AMD,27.362399999999997,double_cost,0.03901188867155281,18.36068771284885,2022
0.05908919834399695,2022-04-12,69,369eafe65e2a2d250f1df0bd,time_value,322.012,O:AMD220617P00125000,1,2,2022-02-09,2022-02-09,128,0.08618742943168987,26,0.0,0.15122083167687048,2022-02-10,27,True,2022-04-12,69,2022-06-10,221,108939859.0,2022-04-12,scheduled_exit,69,2022-06-17,"{""market_momentum"": -0.01712100706751729, ""market_volatility"": 0.012640436624071728, ""momentum"": 0.006439393939393856, ""volatility"": 0.03901188867155281, ""volume_state"": 18.36068771284885}",assumed_next_daily_close,12577.0,42,0000002488,0,-0.01712100706751729,0.012640436624071728,0.006439393939393856,-1901.9044,-0.15122083167687048,160.8924,14.45,30.93,1648.0,974adb708dac1471a8674416,True,0.0011210762331838565,892,9.320503163635088e-07,107290345.0,,bounded_preclose_bid_ask,,,False,not_requested_for_horizon_or_variant,,ordinary,protective_put,100,completed,125.77,95.1,False,-3067.0,H23,3,AMD,482.9044,double_cost,0.03901188867155281,18.36068771284885,2022
0.05908919834399695,2022-04-12,69,369eafe65e2a2d250f1df0bd,time_value,11.411999999999999,O:AMD220617P00125000,1,2,2022-02-09,2022-02-09,128,0.08618742943168987,26,0.0,0.24596520632901325,2022-02-10,27,True,2022-04-12,69,2022-06-10,221,108939859.0,2022-04-12,scheduled_exit,69,2022-06-17,"{""market_momentum"": -0.01712100706751729, ""market_volatility"": 0.012640436624071728, ""momentum"": 0.006439393939393856, ""volatility"": 0.03901188867155281, ""volume_state"": 18.36068771284885}",assumed_next_daily_close,12577.0,42,0000002488,0,-0.01712100706751729,0.012640436624071728,0.006439393939393856,-3093.5044,-0.24596520632901325,15.092399999999998,14.45,0.0,-0.0,974adb708dac1471a8674416,True,0.0011210762331838565,892,9.320503163635088e-07,107290345.0,,bounded_preclose_bid_ask,,,False,not_requested_for_horizon_or_variant,,ordinary,protective_put,100,completed,125.77,95.1,True,-3067.0,H23,3,AMD,26.504399999999997,double_cost,0.03901188867155281,18.36068771284885,2022
0.05908919834399695,2022-05-12,90,369eafe65e2a2d250f1df0bd,time_value,399.44720000000007,O:AMD220617P00125000,1,2,2022-02-09,2022-02-09,128,0.08618742943168987,26,0.0,0.1796035938618113,2022-02-10,27,True,2022-05-12,90,2022-06-10,221,108939859.0,2022-05-12,scheduled_exit,90,2022-06-17,"{""market_momentum"": -0.01712100706751729, ""market_volatility"": 0.012640436624071728, ""momentum"": 0.006439393939393856, ""volatility"": 0.03901188867155281, ""volume_state"": 18.36068771284885}",assumed_next_daily_close,12577.0,63,0000002488,0,-0.01712100706751729,0.012640436624071728,0.006439393939393856,-1999.3395999999996,-0.15896792557843678,160.8924,14.45,38.77,2432.0000000000005,974adb708dac1471a8674416,True,0.0011210762331838565,892,9.320503163635088e-07,107290345.0,,bounded_preclose_bid_ask,,,False,not_requested_for_horizon_or_variant,,ordinary,protective_put,100,completed,125.77,87.06,False,-3871.0,H23,3,AMD,560.3396,double_cost,0.03901188867155281,18.36068771284885,2022
0.05908919834399695,2022-05-12,90,369eafe65e2a2d250f1df0bd,time_value,10.447199999999999,O:AMD220617P00125000,1,2,2022-02-09,2022-02-09,128,0.08618742943168987,26,0.0,0.32688889242267627,2022-02-10,27,True,2022-05-12,90,2022-06-10,221,108939859.0,2022-05-12,scheduled_exit,90,2022-06-17,"{""market_momentum"": -0.01712100706751729, ""market_volatility"": 0.012640436624071728, ""momentum"": 0.006439393939393856, ""volatility"": 0.03901188867155281, ""volume_state"": 18.36068771284885}",assumed_next_daily_close,12577.0,63,0000002488,0,-0.01712100706751729,0.012640436624071728,0.006439393939393856,-3896.5396,-0.30981470939015665,15.092399999999998,14.45,0.0,-0.0,974adb708dac1471a8674416,True,0.0011210762331838565,892,9.320503163635088e-07,107290345.0,,bounded_preclose_bid_ask,,,False,not_requested_for_horizon_or_variant,,ordinary,protective_put,100,completed,125.77,87.06,True,-3871.0,H23,3,AMD,25.539599999999997,double_cost,0.03901188867155281,18.36068771284885,2022
0.05908919834399695,2022-06-17,115,369eafe65e2a2d250f1df0bd,time_value,16.299999999999997,O:AMD220617P00125000,1,2,2022-02-09,2022-02-09,128,0.08618742943168987,26,0.0,0.1796035938618113,2022-02-10,27,True,2022-06-17,115,2022-06-10,221,108939859.0,2022-06-17,modelled_physical_expiry,115,2022-06-17,"{""market_momentum"": -0.01712100706751729, ""market_volatility"": 0.012640436624071728, ""momentum"": 0.006439393939393856, ""volatility"": 0.03901188867155281, ""volume_state"": 18.36068771284885}",assumed_next_daily_close,12577.0,expiry,0000002488,0,-0.01712100706751729,0.012640436624071728,0.006439393939393856,-1699.1924,-0.1351031565556174,160.8924,14.45,0.0,-1445.0,974adb708dac1471a8674416,True,0.0011210762331838565,892,9.320503163635088e-07,107290345.0,,bounded_preclose_bid_ask,,,False,not_requested_for_horizon_or_variant,,ordinary,protective_put,100,completed,125.77,125.0,False,-77.0,H23,3,AMD,177.19240000000002,double_cost,0.03901188867155281,18.36068771284885,2022
0.05908919834399695,2022-06-17,115,369eafe65e2a2d250f1df0bd,time_value,9.788399999999998,O:AMD220617P00125000,1,2,2022-02-09,2022-02-09,128,0.08618742943168987,26,0.0,0.3534134372266838,2022-02-10,27,True,2022-06-17,115,2022-06-10,221,108939859.0,2022-06-17,scheduled_exit,115,2022-06-17,"{""market_momentum"": -0.01712100706751729, ""market_volatility"": 0.012640436624071728, ""momentum"": 0.006439393939393856, ""volatility"": 0.03901188867155281, ""volume_state"": 18.36068771284885}",assumed_next_daily_close,12577.0,expiry,0000002488,0,-0.01712100706751729,0.012640436624071728,0.006439393939393856,-4444.880800000002,-0.3534134372266838,15.092399999999998,14.45,0.0,-0.0,974adb708dac1471a8674416,True,0.0011210762331838565,892,9.320503163635088e-07,107290345.0,,bounded_preclose_bid_ask,,,False,not_requested_for_horizon_or_variant,,ordinary,protective_put,100,completed,125.77,81.57,True,-4420.000000000001,H23,3,AMD,24.880799999999994,double_cost,0.03901188867155281,18.36068771284885,2022
,,,37a7138d46359ac137efbb90,time_value,,,1,2,2024-09-16,2024-09-16,,,678,,,2024-09-17,679,False,,,2025-02-03,,,,,,,"{""market_momentum"": 0.017665033359249183, ""market_volatility"": 0.008408151517643481, ""momentum"": 0.0464529058116232, ""volatility"": 0.01640720203070698, ""volume_state"": 14.770920202938466}",assumed_next_daily_close,,1,0000004962,,0.017665033359249183,0.008408151517643481,0.0464529058116232,,,,,,,578221006b234f3d17eb9f93,False,,,,,,bounded_preclose_bid_ask,,,False,not_requested_for_horizon_or_variant,no_standard_contract_within_rules,ordinary,covered_call,,no_standard_contract_within_rules,,,False,,H23,3,AXP,,double_cost,0.01640720203070698,14.770920202938466,2024
,,,37a7138d46359ac137efbb90,time_value,,,1,2,2024-09-16,2024-09-16,,,678,,,2024-09-17,679,False,,,2025-02-03,,,,,,,"{""market_momentum"": 0.017665033359249183, ""market_volatility"": 0.008408151517643481, ""momentum"": 0.0464529058116232, ""volatility"": 0.01640720203070698, ""volume_state"": 14.770920202938466}",assumed_next_daily_close,,1,0000004962,,0.017665033359249183,0.008408151517643481,0.0464529058116232,,,,,,,578221006b234f3d17eb9f93,False,,,,,,bounded_preclose_bid_ask,,,False,not_requested_for_horizon_or_variant,no_standard_contract_within_rules,ordinary,covered_call,,no_standard_contract_within_rules,,,True,,H23,3,AXP,,double_cost,0.01640720203070698,14.770920202938466,2024
,,,37a7138d46359ac137efbb90,time_value,,,1,2,2024-09-16,2024-09-16,,,678,,,2024-09-17,679,False,,,2025-02-03,,,,,,,"{""market_momentum"": 0.017665033359249183, ""market_volatility"": 0.008408151517643481, ""momentum"": 0.0464529058116232, ""volatility"": 0.01640720203070698, ""volume_state"": 14.770920202938466}",assumed_next_daily_close,,2,0000004962,,0.017665033359249183,0.008408151517643481,0.0464529058116232,,,,,,,578221006b234f3d17eb9f93,False,,,,,,bounded_preclose_bid_ask,,,False,not_requested_for_horizon_or_variant,no_standard_contract_within_rules,ordinary,covered_call,,no_standard_contract_within_rules,,,False,,H23,3,AXP,,double_cost,0.01640720203070698,14.770920202938466,2024
,,,37a7138d46359ac137efbb90,time_value,,,1,2,2024-09-16,2024-09-16,,,678,,,2024-09-17,679,False,,,2025-02-03,,,,,,,"{""market_momentum"": 0.017665033359249183, ""market_volatility"": 0.008408151517643481, ""momentum"": 0.0464529058116232, ""volatility"": 0.01640720203070698, ""volume_state"": 14.770920202938466}",assumed_next_daily_close,,2,0000004962,,0.017665033359249183,0.008408151517643481,0.0464529058116232,,,,,,,578221006b234f3d17eb9f93,False,,,,,,bounded_preclose_bid_ask,,,False,not_requested_for_horizon_or_variant,no_standard_contract_within_rules,ordinary,covered_call,,no_standard_contract_within_rules,,,True,,H23,3,AXP,,double_cost,0.01640720203070698,14.770920202938466,2024
,,,37a7138d46359ac137efbb90,time_value,,,1,2,2024-09-16,2024-09-16,,,678,,,2024-09-17,679,False,,,2025-02-03,,,,,,,"{""market_momentum"": 0.017665033359249183, ""market_volatility"": 0.008408151517643481, ""momentum"": 0.0464529058116232, ""volatility"": 0.01640720203070698, ""volume_state"": 14.770920202938466}",assumed_next_daily_close,,3,0000004962,,0.017665033359249183,0.008408151517643481,0.0464529058116232,,,,,,,578221006b234f3d17eb9f93,False,,,,,,bounded_preclose_bid_ask,,,False,not_requested_for_horizon_or_variant,no_standard_contract_within_rules,ordinary,covered_call,,no_standard_contract_within_rules,,,False,,H23,3,AXP,,double_cost,0.01640720203070698,14.770920202938466,2024
,,,37a7138d46359ac137efbb90,time_value,,,1,2,2024-09-16,2024-09-16,,,678,,,2024-09-17,679,False,,,2025-02-03,,,,,,,"{""market_momentum"": 0.017665033359249183, ""market_volatility"": 0.008408151517643481, ""momentum"": 0.0464529058116232, ""volatility"": 0.01640720203070698, ""volume_state"": 14.770920202938466}",assumed_next_daily_close,,3,0000004962,,0.017665033359249183,0.008408151517643481,0.0464529058116232,,,,,,,578221006b234f3d17eb9f93,False,,,,,,bounded_preclose_bid_ask,,,False,not_requested_for_horizon_or_variant,no_standard_contract_within_rules,ordinary,covered_call,,no_standard_contract_within_rules,,,True,,H23,3,AXP,,double_cost,0.01640720203070698,14.770920202938466,2024
,,,37a7138d46359ac137efbb90,time_value,,,1,2,2024-09-16,2024-09-16,,,678,,,2024-09-17,679,False,,,2025-02-03,,,,,,,"{""market_momentum"": 0.017665033359249183, ""market_volatility"": 0.008408151517643481, ""momentum"": 0.0464529058116232, ""volatility"": 0.01640720203070698, ""volume_state"": 14.770920202938466}",assumed_next_daily_close,,5,0000004962,,0.017665033359249183,0.008408151517643481,0.0464529058116232,,,,,,,578221006b234f3d17eb9f93,False,,,,,,bounded_preclose_bid_ask,,,False,not_requested_for_horizon_or_variant,no_standard_contract_within_rules,ordinary,covered_call,,no_standard_contract_within_rules,,,False,,H23,3,AXP,,double_cost,0.01640720203070698,14.770920202938466,2024
,,,37a7138d46359ac137efbb90,time_value,,,1,2,2024-09-16,2024-09-16,,,678,,,2024-09-17,679,False,,,2025-02-03,,,,,,,"{""market_momentum"": 0.017665033359249183, ""market_volatility"": 0.008408151517643481, ""momentum"": 0.0464529058116232, ""volatility"": 0.01640720203070698, ""volume_state"": 14.770920202938466}",assumed_next_daily_close,,5,0000004962,,0.017665033359249183,0.008408151517643481,0.0464529058116232,,,,,,,578221006b234f3d17eb9f93,False,,,,,,bounded_preclose_bid_ask,,,False,not_requested_for_horizon_or_variant,no_standard_contract_within_rules,ordinary,covered_call,,no_standard_contract_within_rules,,,True,,H23,3,AXP,,double_cost,0.01640720203070698,14.770920202938466,2024
,,,37a7138d46359ac137efbb90,time_value,,,1,2,2024-09-16,2024-09-16,,,678,,,2024-09-17,679,False,,,2025-02-03,,,,,,,"{""market_momentum"": 0.017665033359249183, ""market_volatility"": 0.008408151517643481, ""momentum"": 0.0464529058116232, ""volatility"": 0.01640720203070698, ""volume_state"": 14.770920202938466}",assumed_next_daily_close,,10,0000004962,,0.017665033359249183,0.008408151517643481,0.0464529058116232,,,,,,,578221006b234f3d17eb9f93,False,,,,,,bounded_preclose_bid_ask,,,False,not_requested_for_horizon_or_variant,no_standard_contract_within_rules,ordinary,covered_call,,no_standard_contract_within_rules,,,False,,H23,3,AXP,,double_cost,0.01640720203070698,14.770920202938466,2024
,,,37a7138d46359ac137efbb90,time_value,,,1,2,2024-09-16,2024-09-16,,,678,,,2024-09-17,679,False,,,2025-02-03,,,,,,,"{""market_momentum"": 0.017665033359249183, ""market_volatility"": 0.008408151517643481, ""momentum"": 0.0464529058116232, ""volatility"": 0.01640720203070698, ""volume_state"": 14.770920202938466}",assumed_next_daily_close,,10,0000004962,,0.017665033359249183,0.008408151517643481,0.0464529058116232,,,,,,,578221006b234f3d17eb9f93,False,,,,,,bounded_preclose_bid_ask,,,False,not_requested_for_horizon_or_variant,no_standard_contract_within_rules,ordinary,covered_call,,no_standard_contract_within_rules,,,True,,H23,3,AXP,,double_cost,0.01640720203070698,14.770920202938466,2024
,,,37a7138d46359ac137efbb90,time_value,,,1,2,2024-09-16,2024-09-16,,,678,,,2024-09-17,679,False,,,2025-02-03,,,,,,,"{""market_momentum"": 0.017665033359249183, ""market_volatility"": 0.008408151517643481, ""momentum"": 0.0464529058116232, ""volatility"": 0.01640720203070698, ""volume_state"": 14.770920202938466}",assumed_next_daily_close,,21,0000004962,,0.017665033359249183,0.008408151517643481,0.0464529058116232,,,,,,,578221006b234f3d17eb9f93,False,,,,,,bounded_preclose_bid_ask,,,False,not_requested_for_horizon_or_variant,no_standard_contract_within_rules,ordinary,covered_call,,no_standard_contract_within_rules,,,False,,H23,3,AXP,,double_cost,0.01640720203070698,14.770920202938466,2024
,,,37a7138d46359ac137efbb90,time_value,,,1,2,2024-09-16,2024-09-16,,,678,,,2024-09-17,679,False,,,2025-02-03,,,,,,,"{""market_momentum"": 0.017665033359249183, ""market_volatility"": 0.008408151517643481, ""momentum"": 0.0464529058116232, ""volatility"": 0.01640720203070698, ""volume_state"": 14.770920202938466}",assumed_next_daily_close,,21,0000004962,,0.017665033359249183,0.008408151517643481,0.0464529058116232,,,,,,,578221006b234f3d17eb9f93,False,,,,,,bounded_preclose_bid_ask,,,False,not_requested_for_horizon_or_variant,no_standard_contract_within_rules,ordinary,covered_call,,no_standard_contract_within_rules,,,True,,H23,3,AXP,,double_cost,0.01640720203070698,14.770920202938466,2024
,,,37a7138d46359ac137efbb90,time_value,,,1,2,2024-09-16,2024-09-16,,,678,,,2024-09-17,679,False,,,2025-02-03,,,,,,,"{""market_momentum"": 0.017665033359249183, ""market_volatility"": 0.008408151517643481, ""momentum"": 0.0464529058116232, ""volatility"": 0.01640720203070698, ""volume_state"": 14.770920202938466}",assumed_next_daily_close,,42,0000004962,,0.017665033359249183,0.008408151517643481,0.0464529058116232,,,,,,,578221006b234f3d17eb9f93,False,,,,,,bounded_preclose_bid_ask,,,False,not_requested_for_horizon_or_variant,no_standard_contract_within_rules,ordinary,covered_call,,no_standard_contract_within_rules,,,False,,H23,3,AXP,,double_cost,0.01640720203070698,14.770920202938466,2024
,,,37a7138d46359ac137efbb90,time_value,,,1,2,2024-09-16,2024-09-16,,,678,,,2024-09-17,679,False,,,2025-02-03,,,,,,,"{""market_momentum"": 0.017665033359249183, ""market_volatility"": 0.008408151517643481, ""momentum"": 0.0464529058116232, ""volatility"": 0.01640720203070698, ""volume_state"": 14.770920202938466}",assumed_next_daily_close,,42,0000004962,,0.017665033359249183,0.008408151517643481,0.0464529058116232,,,,,,,578221006b234f3d17eb9f93,False,,,,,,bounded_preclose_bid_ask,,,False,not_requested_for_horizon_or_variant,no_standard_contract_within_rules,ordinary,covered_call,,no_standard_contract_within_rules,,,True,,H23,3,AXP,,double_cost,0.01640720203070698,14.770920202938466,2024
,,,37a7138d46359ac137efbb90,time_value,,,1,2,2024-09-16,2024-09-16,,,678,,,2024-09-17,679,False,,,2025-02-03,,,,,,,"{""market_momentum"": 0.017665033359249183, ""market_volatility"": 0.008408151517643481, ""momentum"": 0.0464529058116232, ""volatility"": 0.01640720203070698, ""volume_state"": 14.770920202938466}",assumed_next_daily_close,,63,0000004962,,0.017665033359249183,0.008408151517643481,0.0464529058116232,,,,,,,578221006b234f3d17eb9f93,False,,,,,,bounded_preclose_bid_ask,,,False,not_requested_for_horizon_or_variant,no_standard_contract_within_rules,ordinary,covered_call,,no_standard_contract_within_rules,,,False,,H23,3,AXP,,double_cost,0.01640720203070698,14.770920202938466,2024
,,,37a7138d46359ac137efbb90,time_value,,,1,2,2024-09-16,2024-09-16,,,678,,,2024-09-17,679,False,,,2025-02-03,,,,,,,"{""market_momentum"": 0.017665033359249183, ""market_volatility"": 0.008408151517643481, ""momentum"": 0.0464529058116232, ""volatility"": 0.01640720203070698, ""volume_state"": 14.770920202938466}",assumed_next_daily_close,,63,0000004962,,0.017665033359249183,0.008408151517643481,0.0464529058116232,,,,,,,578221006b234f3d17eb9f93,False,,,,,,bounded_preclose_bid_ask,,,False,not_requested_for_horizon_or_variant,no_standard_contract_within_rules,ordinary,covered_call,,no_standard_contract_within_rules,,,True,,H23,3,AXP,,double_cost,0.01640720203070698,14.770920202938466,2024
,,,37a7138d46359ac137efbb90,time_value,,,1,2,2024-09-16,2024-09-16,,,678,,,2024-09-17,679,False,,,2025-02-03,,,,,,,"{""market_momentum"": 0.017665033359249183, ""market_volatility"": 0.008408151517643481, ""momentum"": 0.0464529058116232, ""volatility"": 0.01640720203070698, ""volume_state"": 14.770920202938466}",assumed_next_daily_close,,expiry,0000004962,,0.017665033359249183,0.008408151517643481,0.0464529058116232,,,,,,,578221006b234f3d17eb9f93,False,,,,,,bounded_preclose_bid_ask,,,False,not_requested_for_horizon_or_variant,no_standard_contract_within_rules,ordinary,covered_call,,no_standard_contract_within_rules,,,False,,H23,3,AXP,,double_cost,0.01640720203070698,14.770920202938466,2024
,,,37a7138d46359ac137efbb90,time_value,,,1,2,2024-09-16,2024-09-16,,,678,,,2024-09-17,679,False,,,2025-02-03,,,,,,,"{""market_momentum"": 0.017665033359249183, ""market_volatility"": 0.008408151517643481, ""momentum"": 0.0464529058116232, ""volatility"": 0.01640720203070698, ""volume_state"": 14.770920202938466}",assumed_next_daily_close,,expiry,0000004962,,0.017665033359249183,0.008408151517643481,0.0464529058116232,,,,,,,578221006b234f3d17eb9f93,False,,,,,,bounded_preclose_bid_ask,,,False,not_requested_for_horizon_or_variant,no_standard_contract_within_rules,ordinary,covered_call,,no_standard_contract_within_rules,,,True,,H23,3,AXP,,double_cost,0.01640720203070698,14.770920202938466,2024
0.05688181550250515,2023-08-03,397,38d7a36110e97a2c943d2a90,time_value,94.5692,O:AXP240119P00160000,1,2,2023-08-01,2023-08-01,171,0.03625110521662246,395,0.0,0.013515994002998497,2023-08-02,396,True,2023-08-03,397,2023-08-01,8,2236917.0,2023-08-03,scheduled_exit,397,2024-01-19,"{""market_momentum"": 0.02977801840822969, ""market_volatility"": 0.005078410997996713, ""momentum"": -0.026119402985074536, ""volatility"": 0.01487985319661028, ""volume_state"": 14.924478046010279}",assumed_next_daily_close,16675.0,1,0000004962,0,0.02977801840822969,0.005078410997996713,-0.026119402985074536,-225.37919999999994,-0.013515994002998497,94.81,7.35,7.33,-1.9999999999999574,a2a517066de003d4b2f0efa8,True,0.007575757575757576,132,3.153508306372414e-05,3171071.4,,bounded_preclose_bid_ask,,,False,not_requested_for_horizon_or_variant,,event,protective_put,100,completed,166.75,166.41,False,-34.0,H23,3,AXP,189.3792,double_cost,0.01487985319661028,14.924478046010279,2023
0.05688181550250515,2023-08-03,397,38d7a36110e97a2c943d2a90,time_value,19.969199999999997,O:AXP240119P00160000,1,2,2023-08-01,2023-08-01,171,0.03625110521662246,395,0.0,0.004436533733133433,2023-08-02,396,True,2023-08-03,397,2023-08-01,8,2236917.0,2023-08-03,scheduled_exit,397,2024-01-19,"{""market_momentum"": 0.02977801840822969, ""market_volatility"": 0.005078410997996713, ""momentum"": -0.026119402985074536, ""volatility"": 0.01487985319661028, ""volume_state"": 14.924478046010279}",assumed_next_daily_close,16675.0,1,0000004962,0,0.02977801840822969,0.005078410997996713,-0.026119402985074536,-73.97919999999999,-0.004436533733133433,20.009999999999998,7.35,0.0,-0.0,a2a517066de003d4b2f0efa8,True,0.007575757575757576,132,3.153508306372414e-05,3171071.4,,bounded_preclose_bid_ask,,,False,not_requested_for_horizon_or_variant,,event,protective_put,100,completed,166.75,166.41,True,-34.0,H23,3,AXP,39.97919999999999,double_cost,0.01487985319661028,14.924478046010279,2023
0.05688181550250515,2023-08-04,398,38d7a36110e97a2c943d2a90,time_value,90.3492,O:AXP240119P00160000,1,2,2023-08-01,2023-08-01,171,0.03625110521662246,395,0.0,0.02171869265367316,2023-08-02,396,True,2023-08-04,398,2023-08-01,8,2236917.0,2023-08-04,scheduled_exit,398,2024-01-19,"{""market_momentum"": 0.02977801840822969, ""market_volatility"": 0.005078410997996713, ""momentum"": -0.026119402985074536, ""volatility"": 0.01487985319661028, ""volume_state"": 14.924478046010279}",assumed_next_daily_close,16675.0,2,0000004962,0,0.02977801840822969,0.005078410997996713,-0.026119402985074536,-362.15919999999994,-0.02171869265367316,94.81,7.35,6.92,-42.99999999999997,a2a517066de003d4b2f0efa8,True,0.007575757575757576,132,3.153508306372414e-05,3171071.4,,bounded_preclose_bid_ask,,,False,not_requested_for_horizon_or_variant,,event,protective_put,100,completed,166.75,165.41,False,-134.0,H23,3,AXP,185.1592,double_cost,0.01487985319661028,14.924478046010279,2023
0.05688181550250515,2023-08-04,398,38d7a36110e97a2c943d2a90,time_value,19.8492,O:AXP240119P00160000,1,2,2023-08-01,2023-08-01,171,0.03625110521662246,395,0.0,0.010426338830584707,2023-08-02,396,True,2023-08-04,398,2023-08-01,8,2236917.0,2023-08-04,scheduled_exit,398,2024-01-19,"{""market_momentum"": 0.02977801840822969, ""market_volatility"": 0.005078410997996713, ""momentum"": -0.026119402985074536, ""volatility"": 0.01487985319661028, ""volume_state"": 14.924478046010279}",assumed_next_daily_close,16675.0,2,0000004962,0,0.02977801840822969,0.005078410997996713,-0.026119402985074536,-173.8592,-0.010426338830584707,20.009999999999998,7.35,0.0,-0.0,a2a517066de003d4b2f0efa8,True,0.007575757575757576,132,3.153508306372414e-05,3171071.4,,bounded_preclose_bid_ask,,,False,not_requested_for_horizon_or_variant,,event,protective_put,100,completed,166.75,165.41,True,-134.0,H23,3,AXP,39.8592,double_cost,0.01487985319661028,14.924478046010279,2023
0.05688181550250515,2023-08-07,399,38d7a36110e97a2c943d2a90,time_value,90.8352,O:AXP240119P00160000,1,2,2023-08-01,2023-08-01,171,0.03625110521662246,395,0.0,0.021718692653673242,2023-08-02,396,True,2023-08-07,399,2023-08-01,8,2236917.0,2023-08-07,scheduled_exit,399,2024-01-19,"{""market_momentum"": 0.02977801840822969, ""market_volatility"": 0.005078410997996713, ""momentum"": -0.026119402985074536, ""volatility"": 0.01487985319661028, ""volume_state"": 14.924478046010279}",assumed_next_daily_close,16675.0,3,0000004962,0,0.02977801840822969,0.005078410997996713,-0.026119402985074536,-204.64519999999993,-0.012272575712143925,94.81,7.35,6.95,-39.99999999999994,a2a517066de003d4b2f0efa8,True,0.007575757575757576,132,3.153508306372414e-05,3171071.4,,bounded_preclose_bid_ask,,,False,not_requested_for_horizon_or_variant,,event,protective_put,100,completed,166.75,166.96,False,21.0,H23,3,AXP,185.6452,double_cost,0.01487985319661028,14.924478046010279,2023
0.05688181550250515,2023-08-07,399,38d7a36110e97a2c943d2a90,time_value,20.0352,O:AXP240119P00160000,1,2,2023-08-01,2023-08-01,171,0.03625110521662246,395,0.0,0.010426338830584612,2023-08-02,396,True,2023-08-07,399,2023-08-01,8,2236917.0,2023-08-07,scheduled_exit,399,2024-01-19,"{""market_momentum"": 0.02977801840822969, ""market_volatility"": 0.005078410997996713, ""momentum"": -0.026119402985074536, ""volatility"": 0.01487985319661028, ""volume_state"": 14.924478046010279}",assumed_next_daily_close,16675.0,3,0000004962,0,0.02977801840822969,0.005078410997996713,-0.026119402985074536,-19.045199999999998,-0.0011421409295352322,20.009999999999998,7.35,0.0,-0.0,a2a517066de003d4b2f0efa8,True,0.007575757575757576,132,3.153508306372414e-05,3171071.4,,bounded_preclose_bid_ask,,,False,not_requested_for_horizon_or_variant,,event,protective_put,100,completed,166.75,166.96,True,21.0,H23,3,AXP,40.045199999999994,double_cost,0.01487985319661028,14.924478046010279,2023
0.05688181550250515,2023-08-09,401,38d7a36110e97a2c943d2a90,time_value,100.4584,O:AXP240119P00160000,1,2,2023-08-01,2023-08-01,171,0.03625110521662246,395,0.0,0.025683262368815588,2023-08-02,396,True,2023-08-09,401,2023-08-01,8,2236917.0,2023-08-09,scheduled_exit,401,2024-01-19,"{""market_momentum"": 0.02977801840822969, ""market_volatility"": 0.005078410997996713, ""momentum"": -0.026119402985074536, ""volatility"": 0.01487985319661028, ""volume_state"": 14.924478046010279}",assumed_next_daily_close,16675.0,5,0000004962,0,0.02977801840822969,0.005078410997996713,-0.026119402985074536,-428.26839999999993,-0.025683262368815588,94.81,7.35,7.95,60.00000000000006,a2a517066de003d4b2f0efa8,True,0.007575757575757576,132,3.153508306372414e-05,3171071.4,,bounded_preclose_bid_ask,,,False,not_requested_for_horizon_or_variant,,event,protective_put,100,completed,166.75,163.82,False,-293.0,H23,3,AXP,195.26839999999999,double_cost,0.01487985319661028,14.924478046010279,2023
0.05688181550250515,2023-08-09,401,38d7a36110e97a2c943d2a90,time_value,19.658399999999997,O:AXP240119P00160000,1,2,2023-08-01,2023-08-01,171,0.03625110521662246,395,0.0,0.019950128935532233,2023-08-02,396,True,2023-08-09,401,2023-08-01,8,2236917.0,2023-08-09,scheduled_exit,401,2024-01-19,"{""market_momentum"": 0.02977801840822969, ""market_volatility"": 0.005078410997996713, ""momentum"": -0.026119402985074536, ""volatility"": 0.01487985319661028, ""volume_state"": 14.924478046010279}",assumed_next_daily_close,16675.0,5,0000004962,0,0.02977801840822969,0.005078410997996713,-0.026119402985074536,-332.66839999999996,-0.019950128935532233,20.009999999999998,7.35,0.0,-0.0,a2a517066de003d4b2f0efa8,True,0.007575757575757576,132,3.153508306372414e-05,3171071.4,,bounded_preclose_bid_ask,,,False,not_requested_for_horizon_or_variant,,event,protective_put,100,completed,166.75,163.82,True,-293.0,H23,3,AXP,39.66839999999999,double_cost,0.01487985319661028,14.924478046010279,2023
0.05688181550250515,2023-08-16,406,38d7a36110e97a2c943d2a90,time_value,110.5912,O:AXP240119P00160000,1,2,2023-08-01,2023-08-01,171,0.03625110521662246,395,0.0,0.03834489955022488,2023-08-02,396,True,2023-08-16,406,2023-08-01,8,2236917.0,2023-08-16,scheduled_exit,406,2024-01-19,"{""market_momentum"": 0.02977801840822969, ""market_volatility"": 0.005078410997996713, ""momentum"": -0.026119402985074536, ""volatility"": 0.01487985319661028, ""volume_state"": 14.924478046010279}",assumed_next_daily_close,16675.0,10,0000004962,0,0.02977801840822969,0.005078410997996713,-0.026119402985074536,-639.4011999999999,-0.03834489955022488,94.81,7.35,9,165.00000000000003,a2a517066de003d4b2f0efa8,True,0.007575757575757576,132,3.153508306372414e-05,3171071.4,,bounded_preclose_bid_ask,,,False,not_requested_for_horizon_or_variant,,event,protective_put,100,completed,166.75,160.76,False,-599.0,H23,3,AXP,205.40120000000002,double_cost,0.01487985319661028,14.924478046010279,2023
0.05688181550250515,2023-08-16,406,38d7a36110e97a2c943d2a90,time_value,19.2912,O:AXP240119P00160000,1,2,2023-08-01,2023-08-01,171,0.03625110521662246,395,0.0,0.038278932533733136,2023-08-02,396,True,2023-08-16,406,2023-08-01,8,2236917.0,2023-08-16,scheduled_exit,406,2024-01-19,"{""market_momentum"": 0.02977801840822969, ""market_volatility"": 0.005078410997996713, ""momentum"": -0.026119402985074536, ""volatility"": 0.01487985319661028, ""volume_state"": 14.924478046010279}",assumed_next_daily_close,16675.0,10,0000004962,0,0.02977801840822969,0.005078410997996713,-0.026119402985074536,-638.3012,-0.038278932533733136,20.009999999999998,7.35,0.0,-0.0,a2a517066de003d4b2f0efa8,True,0.007575757575757576,132,3.153508306372414e-05,3171071.4,,bounded_preclose_bid_ask,,,False,not_requested_for_horizon_or_variant,,event,protective_put,100,completed,166.75,160.76,True,-599.0,H23,3,AXP,39.301199999999994,double_cost,0.01487985319661028,14.924478046010279,2023
0.05688181550250515,2023-08-31,417,38d7a36110e97a2c943d2a90,time_value,113.6588,O:AXP240119P00160000,1,2,2023-08-01,2023-08-01,171,0.03625110521662246,395,0.0,0.0531015772113943,2023-08-02,396,True,2023-08-31,417,2023-08-01,8,2236917.0,2023-08-31,scheduled_exit,417,2024-01-19,"{""market_momentum"": 0.02977801840822969, ""market_volatility"": 0.005078410997996713, ""momentum"": -0.026119402985074536, ""volatility"": 0.01487985319661028, ""volume_state"": 14.924478046010279}",assumed_next_daily_close,16675.0,21,0000004962,0,0.02977801840822969,0.005078410997996713,-0.026119402985074536,-885.4688,-0.0531015772113943,94.81,7.35,9.34,199.00000000000003,a2a517066de003d4b2f0efa8,True,0.007575757575757576,132,3.153508306372414e-05,3171071.4,,bounded_preclose_bid_ask,,,False,not_requested_for_horizon_or_variant,,event,protective_put,100,completed,166.75,157.99,False,-876.0,H23,3,AXP,208.4688,double_cost,0.01487985319661028,14.924478046010279,2023
0.05688181550250515,2023-08-31,417,38d7a36110e97a2c943d2a90,time_value,18.9588,O:AXP240119P00160000,1,2,2023-08-01,2023-08-01,171,0.03625110521662246,395,0.0,0.05606865367316332,2023-08-02,396,True,2023-08-31,417,2023-08-01,8,2236917.0,2023-08-31,scheduled_exit,417,2024-01-19,"{""market_momentum"": 0.02977801840822969, ""market_volatility"": 0.005078410997996713, ""momentum"": -0.026119402985074536, ""volatility"": 0.01487985319661028, ""volume_state"": 14.924478046010279}",assumed_next_daily_close,16675.0,21,0000004962,0,0.02977801840822969,0.005078410997996713,-0.026119402985074536,-914.9688,-0.05487069265367316,20.009999999999998,7.35,0.0,-0.0,a2a517066de003d4b2f0efa8,True,0.007575757575757576,132,3.153508306372414e-05,3171071.4,,bounded_preclose_bid_ask,,,False,not_requested_for_horizon_or_variant,,event,protective_put,100,completed,166.75,157.99,True,-876.0,H23,3,AXP,38.9688,double_cost,0.01487985319661028,14.924478046010279,2023
0.05688181550250515,2023-10-02,438,38d7a36110e97a2c943d2a90,time_value,155.73760000000001,O:AXP240119P00160000,1,2,2023-08-01,2023-08-01,171,0.03625110521662246,395,0.0,0.08767692953523247,2023-08-02,396,True,2023-10-02,438,2023-08-01,8,2236917.0,2023-10-02,scheduled_exit,438,2024-01-19,"{""market_momentum"": 0.02977801840822969, ""market_volatility"": 0.005078410997996713, ""momentum"": -0.026119402985074536, ""volatility"": 0.01487985319661028, ""volume_state"": 14.924478046010279}",assumed_next_daily_close,16675.0,42,0000004962,0,0.02977801840822969,0.005078410997996713,-0.026119402985074536,-1347.5476000000017,-0.08081244977511255,94.81,7.35,13.65,630.0000000000001,a2a517066de003d4b2f0efa8,True,0.007575757575757576,132,3.153508306372414e-05,3171071.4,,bounded_preclose_bid_ask,,,False,not_requested_for_horizon_or_variant,,event,protective_put,100,completed,166.75,149.48,False,-1727.0000000000018,H23,3,AXP,250.54760000000002,double_cost,0.01487985319661028,14.924478046010279,2023
0.05688181550250515,2023-10-02,438,38d7a36110e97a2c943d2a90,time_value,17.937599999999996,O:AXP240119P00160000,1,2,2023-08-01,2023-08-01,171,0.03625110521662246,395,0.0,0.10758097751124429,2023-08-02,396,True,2023-10-02,438,2023-08-01,8,2236917.0,2023-10-02,scheduled_exit,438,2024-01-19,"{""market_momentum"": 0.02977801840822969, ""market_volatility"": 0.005078410997996713, ""momentum"": -0.026119402985074536, ""volatility"": 0.01487985319661028, ""volume_state"": 14.924478046010279}",assumed_next_daily_close,16675.0,42,0000004962,0,0.02977801840822969,0.005078410997996713,-0.026119402985074536,-1764.9476000000018,-0.10584393403298362,20.009999999999998,7.35,0.0,-0.0,a2a517066de003d4b2f0efa8,True,0.007575757575757576,132,3.153508306372414e-05,3171071.4,,bounded_preclose_bid_ask,,,False,not_requested_for_horizon_or_variant,,event,protective_put,100,completed,166.75,149.48,True,-1727.0000000000018,H23,3,AXP,37.947599999999994,double_cost,0.01487985319661028,14.924478046010279,2023
0.05688181550250515,2023-10-31,459,38d7a36110e97a2c943d2a90,time_value,170.8236,O:AXP240119P00160000,1,2,2023-08-01,2023-08-01,171,0.03625110521662246,395,60.0,0.10483161619190413,2023-08-02,396,True,2023-10-31,459,2023-08-01,8,2236917.0,2023-10-31,scheduled_exit,459,2024-01-19,"{""market_momentum"": 0.02977801840822969, ""market_volatility"": 0.005078410997996713, ""momentum"": -0.026119402985074536, ""volatility"": 0.01487985319661028, ""volume_state"": 14.924478046010279}",assumed_next_daily_close,16675.0,63,0000004962,0,0.02977801840822969,0.005078410997996713,-0.026119402985074536,-1492.6336,-0.08951325937031483,94.81,7.35,15.2,785.0,a2a517066de003d4b2f0efa8,True,0.007575757575757576,132,3.153508306372414e-05,3171071.4,,bounded_preclose_bid_ask,,,False,not_requested_for_horizon_or_variant,,event,protective_put,100,completed,166.75,146.03,False,-2072.0,H23,3,AXP,265.6336,double_cost,0.01487985319661028,14.924478046010279,2023
0.05688181550250515,2023-10-31,459,38d7a36110e97a2c943d2a90,time_value,17.5236,O:AXP240119P00160000,1,2,2023-08-01,2023-08-01,171,0.03625110521662246,395,60.0,0.1511824407796101,2023-08-02,396,True,2023-10-31,459,2023-08-01,8,2236917.0,2023-10-31,scheduled_exit,459,2024-01-19,"{""market_momentum"": 0.02977801840822969, ""market_volatility"": 0.005078410997996713, ""momentum"": -0.026119402985074536, ""volatility"": 0.01487985319661028, ""volume_state"": 14.924478046010279}",assumed_next_daily_close,16675.0,63,0000004962,0,0.02977801840822969,0.005078410997996713,-0.026119402985074536,-2049.5336,-0.1229105607196402,20.009999999999998,7.35,0.0,-0.0,a2a517066de003d4b2f0efa8,True,0.007575757575757576,132,3.153508306372414e-05,3171071.4,,bounded_preclose_bid_ask,,,False,not_requested_for_horizon_or_variant,,event,protective_put,100,completed,166.75,146.03,True,-2072.0,H23,3,AXP,37.53359999999999,double_cost,0.01487985319661028,14.924478046010279,2023
0.05688181550250515,2024-01-19,513,38d7a36110e97a2c943d2a90,time_value,23.2804,O:AXP240119P00160000,1,2,2023-08-01,2023-08-01,171,0.03625110521662246,395,120.0,0.10483161619190413,2023-08-02,396,True,2024-01-19,513,2023-08-01,8,2236917.0,2024-01-19,expiry_worthless,513,2024-01-19,"{""market_momentum"": 0.02977801840822969, ""market_volatility"": 0.005078410997996713, ""momentum"": -0.026119402985074536, ""volatility"": 0.01487985319661028, ""volume_state"": 14.924478046010279}",assumed_next_daily_close,16675.0,expiry,0000004962,0,0.02977801840822969,0.005078410997996713,-0.026119402985074536,908.9096000000001,0.054507322338830586,94.81,7.35,0.0,-735.0,a2a517066de003d4b2f0efa8,True,0.007575757575757576,132,3.153508306372414e-05,3171071.4,,bounded_preclose_bid_ask,,,False,not_requested_for_horizon_or_variant,,event,protective_put,100,completed,166.75,183.17,False,1642.0,H23,3,AXP,118.0904,double_cost,0.01487985319661028,14.924478046010279,2023
0.05688181550250515,2024-01-19,513,38d7a36110e97a2c943d2a90,time_value,21.9804,O:AXP240119P00160000,1,2,2023-08-01,2023-08-01,171,0.03625110521662246,395,120.0,0.1511824407796101,2023-08-02,396,True,2024-01-19,513,2023-08-01,8,2236917.0,2024-01-19,scheduled_exit,513,2024-01-19,"{""market_momentum"": 0.02977801840822969, ""market_volatility"": 0.005078410997996713, ""momentum"": -0.026119402985074536, ""volatility"": 0.01487985319661028, ""volume_state"": 14.924478046010279}",assumed_next_daily_close,16675.0,expiry,0000004962,0,0.02977801840822969,0.005078410997996713,-0.026119402985074536,1720.0096,0.10314900149925038,20.009999999999998,7.35,0.0,-0.0,a2a517066de003d4b2f0efa8,True,0.007575757575757576,132,3.153508306372414e-05,3171071.4,,bounded_preclose_bid_ask,,,False,not_requested_for_horizon_or_variant,,event,protective_put,100,completed,166.75,183.17,True,1642.0,H23,3,AXP,41.990399999999994,double_cost,0.01487985319661028,14.924478046010279,2023
,,,3916f6523d0c9eb014b009ac,time_value,,,1,2,2024-01-05,2024-01-05,,,504,,,2024-01-08,505,False,,,2024-07-30,,,,,,,"{""market_momentum"": 0.024791940429259807, ""market_volatility"": 0.006384935470816239, ""momentum"": 0.10768689946097965, ""volatility"": 0.013447158185583681, ""volume_state"": 14.922809264200644}",assumed_next_daily_close,,1,0000004962,,0.024791940429259807,0.006384935470816239,0.10768689946097965,,,,,,,956651b8e2b7a781abf6828e,False,,,,,,bounded_preclose_bid_ask,,,False,not_requested_for_horizon_or_variant,incomplete_prior_liquidity,ordinary,covered_call,,incomplete_prior_liquidity,,,False,,H23,3,AXP,,double_cost,0.013447158185583681,14.922809264200644,2024
,,,3916f6523d0c9eb014b009ac,time_value,,,1,2,2024-01-05,2024-01-05,,,504,,,2024-01-08,505,False,,,2024-07-30,,,,,,,"{""market_momentum"": 0.024791940429259807, ""market_volatility"": 0.006384935470816239, ""momentum"": 0.10768689946097965, ""volatility"": 0.013447158185583681, ""volume_state"": 14.922809264200644}",assumed_next_daily_close,,1,0000004962,,0.024791940429259807,0.006384935470816239,0.10768689946097965,,,,,,,956651b8e2b7a781abf6828e,False,,,,,,bounded_preclose_bid_ask,,,False,not_requested_for_horizon_or_variant,incomplete_prior_liquidity,ordinary,covered_call,,incomplete_prior_liquidity,,,True,,H23,3,AXP,,double_cost,0.013447158185583681,14.922809264200644,2024
,,,3916f6523d0c9eb014b009ac,time_value,,,1,2,2024-01-05,2024-01-05,,,504,,,2024-01-08,505,False,,,2024-07-30,,,,,,,"{""market_momentum"": 0.024791940429259807, ""market_volatility"": 0.006384935470816239, ""momentum"": 0.10768689946097965, ""volatility"": 0.013447158185583681, ""volume_state"": 14.922809264200644}",assumed_next_daily_close,,2,0000004962,,0.024791940429259807,0.006384935470816239,0.10768689946097965,,,,,,,956651b8e2b7a781abf6828e,False,,,,,,bounded_preclose_bid_ask,,,False,not_requested_for_horizon_or_variant,incomplete_prior_liquidity,ordinary,covered_call,,incomplete_prior_liquidity,,,False,,H23,3,AXP,,double_cost,0.013447158185583681,14.922809264200644,2024
,,,3916f6523d0c9eb014b009ac,time_value,,,1,2,2024-01-05,2024-01-05,,,504,,,2024-01-08,505,False,,,2024-07-30,,,,,,,"{""market_momentum"": 0.024791940429259807, ""market_volatility"": 0.006384935470816239, ""momentum"": 0.10768689946097965, ""volatility"": 0.013447158185583681, ""volume_state"": 14.922809264200644}",assumed_next_daily_close,,2,0000004962,,0.024791940429259807,0.006384935470816239,0.10768689946097965,,,,,,,956651b8e2b7a781abf6828e,False,,,,,,bounded_preclose_bid_ask,,,False,not_requested_for_horizon_or_variant,incomplete_prior_liquidity,ordinary,covered_call,,incomplete_prior_liquidity,,,True,,H23,3,AXP,,double_cost,0.013447158185583681,14.922809264200644,2024
,,,3916f6523d0c9eb014b009ac,time_value,,,1,2,2024-01-05,2024-01-05,,,504,,,2024-01-08,505,False,,,2024-07-30,,,,,,,"{""market_momentum"": 0.024791940429259807, ""market_volatility"": 0.006384935470816239, ""momentum"": 0.10768689946097965, ""volatility"": 0.013447158185583681, ""volume_state"": 14.922809264200644}",assumed_next_daily_close,,3,0000004962,,0.024791940429259807,0.006384935470816239,0.10768689946097965,,,,,,,956651b8e2b7a781abf6828e,False,,,,,,bounded_preclose_bid_ask,,,False,not_requested_for_horizon_or_variant,incomplete_prior_liquidity,ordinary,covered_call,,incomplete_prior_liquidity,,,False,,H23,3,AXP,,double_cost,0.013447158185583681,14.922809264200644,2024
,,,3916f6523d0c9eb014b009ac,time_value,,,1,2,2024-01-05,2024-01-05,,,504,,,2024-01-08,505,False,,,2024-07-30,,,,,,,"{""market_momentum"": 0.024791940429259807, ""market_volatility"": 0.006384935470816239, ""momentum"": 0.10768689946097965, ""volatility"": 0.013447158185583681, ""volume_state"": 14.922809264200644}",assumed_next_daily_close,,3,0000004962,,0.024791940429259807,0.006384935470816239,0.10768689946097965,,,,,,,956651b8e2b7a781abf6828e,False,,,,,,bounded_preclose_bid_ask,,,False,not_requested_for_horizon_or_variant,incomplete_prior_liquidity,ordinary,covered_call,,incomplete_prior_liquidity,,,True,,H23,3,AXP,,double_cost,0.013447158185583681,14.922809264200644,2024
,,,3916f6523d0c9eb014b009ac,time_value,,,1,2,2024-01-05,2024-01-05,,,504,,,2024-01-08,505,False,,,2024-07-30,,,,,,,"{""market_momentum"": 0.024791940429259807, ""market_volatility"": 0.006384935470816239, ""momentum"": 0.10768689946097965, ""volatility"": 0.013447158185583681, ""volume_state"": 14.922809264200644}",assumed_next_daily_close,,5,0000004962,,0.024791940429259807,0.006384935470816239,0.10768689946097965,,,,,,,956651b8e2b7a781abf6828e,False,,,,,,bounded_preclose_bid_ask,,,False,not_requested_for_horizon_or_variant,incomplete_prior_liquidity,ordinary,covered_call,,incomplete_prior_liquidity,,,False,,H23,3,AXP,,double_cost,0.013447158185583681,14.922809264200644,2024
,,,3916f6523d0c9eb014b009ac,time_value,,,1,2,2024-01-05,2024-01-05,,,504,,,2024-01-08,505,False,,,2024-07-30,,,,,,,"{""market_momentum"": 0.024791940429259807, ""market_volatility"": 0.006384935470816239, ""momentum"": 0.10768689946097965, ""volatility"": 0.013447158185583681, ""volume_state"": 14.922809264200644}",assumed_next_daily_close,,5,0000004962,,0.024791940429259807,0.006384935470816239,0.10768689946097965,,,,,,,956651b8e2b7a781abf6828e,False,,,,,,bounded_preclose_bid_ask,,,False,not_requested_for_horizon_or_variant,incomplete_prior_liquidity,ordinary,covered_call,,incomplete_prior_liquidity,,,True,,H23,3,AXP,,double_cost,0.013447158185583681,14.922809264200644,2024
,,,3916f6523d0c9eb014b009ac,time_value,,,1,2,2024-01-05,2024-01-05,,,504,,,2024-01-08,505,False,,,2024-07-30,,,,,,,"{""market_momentum"": 0.024791940429259807, ""market_volatility"": 0.006384935470816239, ""momentum"": 0.10768689946097965, ""volatility"": 0.013447158185583681, ""volume_state"": 14.922809264200644}",assumed_next_daily_close,,10,0000004962,,0.024791940429259807,0.006384935470816239,0.10768689946097965,,,,,,,956651b8e2b7a781abf6828e,False,,,,,,bounded_preclose_bid_ask,,,False,not_requested_for_horizon_or_variant,incomplete_prior_liquidity,ordinary,covered_call,,incomplete_prior_liquidity,,,False,,H23,3,AXP,,double_cost,0.013447158185583681,14.922809264200644,2024
,,,3916f6523d0c9eb014b009ac,time_value,,,1,2,2024-01-05,2024-01-05,,,504,,,2024-01-08,505,False,,,2024-07-30,,,,,,,"{""market_momentum"": 0.024791940429259807, ""market_volatility"": 0.006384935470816239, ""momentum"": 0.10768689946097965, ""volatility"": 0.013447158185583681, ""volume_state"": 14.922809264200644}",assumed_next_daily_close,,10,0000004962,,0.024791940429259807,0.006384935470816239,0.10768689946097965,,,,,,,956651b8e2b7a781abf6828e,False,,,,,,bounded_preclose_bid_ask,,,False,not_requested_for_horizon_or_variant,incomplete_prior_liquidity,ordinary,covered_call,,incomplete_prior_liquidity,,,True,,H23,3,AXP,,double_cost,0.013447158185583681,14.922809264200644,2024
,,,3916f6523d0c9eb014b009ac,time_value,,,1,2,2024-01-05,2024-01-05,,,504,,,2024-01-08,505,False,,,2024-07-30,,,,,,,"{""market_momentum"": 0.024791940429259807, ""market_volatility"": 0.006384935470816239, ""momentum"": 0.10768689946097965, ""volatility"": 0.013447158185583681, ""volume_state"": 14.922809264200644}",assumed_next_daily_close,,21,0000004962,,0.024791940429259807,0.006384935470816239,0.10768689946097965,,,,,,,956651b8e2b7a781abf6828e,False,,,,,,bounded_preclose_bid_ask,,,False,not_requested_for_horizon_or_variant,incomplete_prior_liquidity,ordinary,covered_call,,incomplete_prior_liquidity,,,False,,H23,3,AXP,,double_cost,0.013447158185583681,14.922809264200644,2024
,,,3916f6523d0c9eb014b009ac,time_value,,,1,2,2024-01-05,2024-01-05,,,504,,,2024-01-08,505,False,,,2024-07-30,,,,,,,"{""market_momentum"": 0.024791940429259807, ""market_volatility"": 0.006384935470816239, ""momentum"": 0.10768689946097965, ""volatility"": 0.013447158185583681, ""volume_state"": 14.922809264200644}",assumed_next_daily_close,,21,0000004962,,0.024791940429259807,0.006384935470816239,0.10768689946097965,,,,,,,956651b8e2b7a781abf6828e,False,,,,,,bounded_preclose_bid_ask,,,False,not_requested_for_horizon_or_variant,incomplete_prior_liquidity,ordinary,covered_call,,incomplete_prior_liquidity,,,True,,H23,3,AXP,,double_cost,0.013447158185583681,14.922809264200644,2024
,,,3916f6523d0c9eb014b009ac,time_value,,,1,2,2024-01-05,2024-01-05,,,504,,,2024-01-08,505,False,,,2024-07-30,,,,,,,"{""market_momentum"": 0.024791940429259807, ""market_volatility"": 0.006384935470816239, ""momentum"": 0.10768689946097965, ""volatility"": 0.013447158185583681, ""volume_state"": 14.922809264200644}",assumed_next_daily_close,,42,0000004962,,0.024791940429259807,0.006384935470816239,0.10768689946097965,,,,,,,956651b8e2b7a781abf6828e,False,,,,,,bounded_preclose_bid_ask,,,False,not_requested_for_horizon_or_variant,incomplete_prior_liquidity,ordinary,covered_call,,incomplete_prior_liquidity,,,False,,H23,3,AXP,,double_cost,0.013447158185583681,14.922809264200644,2024
,,,3916f6523d0c9eb014b009ac,time_value,,,1,2,2024-01-05,2024-01-05,,,504,,,2024-01-08,505,False,,,2024-07-30,,,,,,,"{""market_momentum"": 0.024791940429259807, ""market_volatility"": 0.006384935470816239, ""momentum"": 0.10768689946097965, ""volatility"": 0.013447158185583681, ""volume_state"": 14.922809264200644}",assumed_next_daily_close,,42,0000004962,,0.024791940429259807,0.006384935470816239,0.10768689946097965,,,,,,,956651b8e2b7a781abf6828e,False,,,,,,bounded_preclose_bid_ask,,,False,not_requested_for_horizon_or_variant,incomplete_prior_liquidity,ordinary,covered_call,,incomplete_prior_liquidity,,,True,,H23,3,AXP,,double_cost,0.013447158185583681,14.922809264200644,2024
,,,3916f6523d0c9eb014b009ac,time_value,,,1,2,2024-01-05,2024-01-05,,,504,,,2024-01-08,505,False,,,2024-07-30,,,,,,,"{""market_momentum"": 0.024791940429259807, ""market_volatility"": 0.006384935470816239, ""momentum"": 0.10768689946097965, ""volatility"": 0.013447158185583681, ""volume_state"": 14.922809264200644}",assumed_next_daily_close,,63,0000004962,,0.024791940429259807,0.006384935470816239,0.10768689946097965,,,,,,,956651b8e2b7a781abf6828e,False,,,,,,bounded_preclose_bid_ask,,,False,not_requested_for_horizon_or_variant,incomplete_prior_liquidity,ordinary,covered_call,,incomplete_prior_liquidity,,,False,,H23,3,AXP,,double_cost,0.013447158185583681,14.922809264200644,2024
,,,3916f6523d0c9eb014b009ac,time_value,,,1,2,2024-01-05,2024-01-05,,,504,,,2024-01-08,505,False,,,2024-07-30,,,,,,,"{""market_momentum"": 0.024791940429259807, ""market_volatility"": 0.006384935470816239, ""momentum"": 0.10768689946097965, ""volatility"": 0.013447158185583681, ""volume_state"": 14.922809264200644}",assumed_next_daily_close,,63,0000004962,,0.024791940429259807,0.006384935470816239,0.10768689946097965,,,,,,,956651b8e2b7a781abf6828e,False,,,,,,bounded_preclose_bid_ask,,,False,not_requested_for_horizon_or_variant,incomplete_prior_liquidity,ordinary,covered_call,,incomplete_prior_liquidity,,,True,,H23,3,AXP,,double_cost,0.013447158185583681,14.922809264200644,2024
,,,3916f6523d0c9eb014b009ac,time_value,,,1,2,2024-01-05,2024-01-05,,,504,,,2024-01-08,505,False,,,2024-07-30,,,,,,,"{""market_momentum"": 0.024791940429259807, ""market_volatility"": 0.006384935470816239, ""momentum"": 0.10768689946097965, ""volatility"": 0.013447158185583681, ""volume_state"": 14.922809264200644}",assumed_next_daily_close,,expiry,0000004962,,0.024791940429259807,0.006384935470816239,0.10768689946097965,,,,,,,956651b8e2b7a781abf6828e,False,,,,,,bounded_preclose_bid_ask,,,False,not_requested_for_horizon_or_variant,incomplete_prior_liquidity,ordinary,covered_call,,incomplete_prior_liquidity,,,False,,H23,3,AXP,,double_cost,0.013447158185583681,14.922809264200644,2024
,,,3916f6523d0c9eb014b009ac,time_value,,,1,2,2024-01-05,2024-01-05,,,504,,,2024-01-08,505,False,,,2024-07-30,,,,,,,"{""market_momentum"": 0.024791940429259807, ""market_volatility"": 0.006384935470816239, ""momentum"": 0.10768689946097965, ""volatility"": 0.013447158185583681, ""volume_state"": 14.922809264200644}",assumed_next_daily_close,,expiry,0000004962,,0.024791940429259807,0.006384935470816239,0.10768689946097965,,,,,,,956651b8e2b7a781abf6828e,False,,,,,,bounded_preclose_bid_ask,,,False,not_requested_for_horizon_or_variant,incomplete_prior_liquidity,ordinary,covered_call,,incomplete_prior_liquidity,,,True,,H23,3,AXP,,double_cost,0.013447158185583681,14.922809264200644,2024
0.052910721050637655,2024-05-02,585,3b88d0f778513f43cc620b2e,time_value,172.2392,O:AMD240816P00150000,1,2,2024-04-30,2024-04-30,108,0.06755903523172117,583,0.0,0.023235932626325635,2024-05-01,584,True,2024-05-02,585,2025-03-14,156,89413168.0,2024-05-02,scheduled_exit,585,2024-08-16,"{""market_momentum"": -0.038647157959246115, ""market_volatility"": 0.008503234770382983, ""momentum"": -0.13614050398167343, ""volatility"": 0.03093264576009373, ""volume_state"": 17.834771180478228}",assumed_next_daily_close,14427.000000000002,1,0000002488,0,-0.038647157959246115,0.008503234770382983,-0.13614050398167343,-106.8516000000019,-0.007406363069245296,167.6124,14.9,15.34,43.99999999999995,94abbd3bae510cb507b576d2,True,0.0004079967360261118,2451,2.3049460920821445e-06,43384962.6,,bounded_preclose_bid_ask,,,False,not_requested_for_horizon_or_variant,,ordinary,protective_put,100,completed,144.27,146.16,False,188.99999999999818,H23,3,AMD,339.8516,double_cost,0.03093264576009373,17.834771180478228,2024
0.052910721050637655,2024-05-02,585,3b88d0f778513f43cc620b2e,time_value,17.539199999999997,O:AMD240816P00150000,1,2,2024-04-30,2024-04-30,108,0.06755903523172117,583,0.0,0.0024000000000000484,2024-05-01,584,True,2024-05-02,585,2025-03-14,156,89413168.0,2024-05-02,scheduled_exit,585,2024-08-16,"{""market_momentum"": -0.038647157959246115, ""market_volatility"": 0.008503234770382983, ""momentum"": -0.13614050398167343, ""volatility"": 0.03093264576009373, ""volume_state"": 17.834771180478228}",assumed_next_daily_close,14427.000000000002,1,0000002488,0,-0.038647157959246115,0.008503234770382983,-0.13614050398167343,154.1483999999982,0.010684716157205114,17.3124,14.9,0.0,-0.0,94abbd3bae510cb507b576d2,True,0.0004079967360261118,2451,2.3049460920821445e-06,43384962.6,,bounded_preclose_bid_ask,,,False,not_requested_for_horizon_or_variant,,ordinary,protective_put,100,completed,144.27,146.16,True,188.99999999999818,H23,3,AMD,34.8516,double_cost,0.03093264576009373,17.834771180478228,2024
0.052910721050637655,2024-05-03,586,3b88d0f778513f43cc620b2e,time_value,145.87199999999999,O:AMD240816P00150000,1,2,2024-04-30,2024-04-30,108,0.06755903523172117,583,0.0,0.023235932626325635,2024-05-01,584,True,2024-05-03,586,2025-03-14,156,89413168.0,2024-05-03,scheduled_exit,586,2024-08-16,"{""market_momentum"": -0.038647157959246115, ""market_volatility"": 0.008503234770382983, ""momentum"": -0.13614050398167343, ""volatility"": 0.03093264576009373, ""volume_state"": 17.834771180478228}",assumed_next_daily_close,14427.000000000002,2,0000002488,0,-0.038647157959246115,0.008503234770382983,-0.13614050398167343,94.51559999999819,0.006551299646496027,167.6124,14.9,12.65,-225.0,94abbd3bae510cb507b576d2,True,0.0004079967360261118,2451,2.3049460920821445e-06,43384962.6,,bounded_preclose_bid_ask,,,False,not_requested_for_horizon_or_variant,,ordinary,protective_put,100,completed,144.27,150.6,False,632.9999999999982,H23,3,AMD,313.4844,double_cost,0.03093264576009373,17.834771180478228,2024
0.052910721050637655,2024-05-03,586,3b88d0f778513f43cc620b2e,time_value,18.072,O:AMD240816P00150000,1,2,2024-04-30,2024-04-30,108,0.06755903523172117,583,0.0,0.0024000000000000484,2024-05-01,584,True,2024-05-03,586,2025-03-14,156,89413168.0,2024-05-03,scheduled_exit,586,2024-08-16,"{""market_momentum"": -0.038647157959246115, ""market_volatility"": 0.008503234770382983, ""momentum"": -0.13614050398167343, ""volatility"": 0.03093264576009373, ""volume_state"": 17.834771180478228}",assumed_next_daily_close,14427.000000000002,2,0000002488,0,-0.038647157959246115,0.008503234770382983,-0.13614050398167343,597.6155999999982,0.04142341443127456,17.3124,14.9,0.0,-0.0,94abbd3bae510cb507b576d2,True,0.0004079967360261118,2451,2.3049460920821445e-06,43384962.6,,bounded_preclose_bid_ask,,,False,not_requested_for_horizon_or_variant,,ordinary,protective_put,100,completed,144.27,150.6,True,632.9999999999982,H23,3,AMD,35.3844,double_cost,0.03093264576009373,17.834771180478228,2024
0.052910721050637655,2024-05-06,587,3b88d0f778513f43cc620b2e,time_value,125.29360000000001,O:AMD240816P00150000,1,2,2024-04-30,2024-04-30,108,0.06755903523172117,583,0.0,0.023235932626325635,2024-05-01,584,True,2024-05-06,587,2025-03-14,156,89413168.0,2024-05-06,scheduled_exit,587,2024-08-16,"{""market_momentum"": -0.038647157959246115, ""market_volatility"": 0.008503234770382983, ""momentum"": -0.13614050398167343, ""volatility"": 0.03093264576009373, ""volume_state"": 17.834771180478228}",assumed_next_daily_close,14427.000000000002,3,0000002488,0,-0.038647157959246115,0.008503234770382983,-0.13614050398167343,421.09399999999806,0.029187911554723642,167.6124,14.9,10.53,-437.0000000000001,94abbd3bae510cb507b576d2,True,0.0004079967360261118,2451,2.3049460920821445e-06,43384962.6,,bounded_preclose_bid_ask,,,False,not_requested_for_horizon_or_variant,,ordinary,protective_put,100,completed,144.27,155.78,False,1150.9999999999982,H23,3,AMD,292.906,double_cost,0.03093264576009373,17.834771180478228,2024
0.052910721050637655,2024-05-06,587,3b88d0f778513f43cc620b2e,time_value,18.6936,O:AMD240816P00150000,1,2,2024-04-30,2024-04-30,108,0.06755903523172117,583,0.0,0.0024000000000000484,2024-05-01,584,True,2024-05-06,587,2025-03-14,156,89413168.0,2024-05-06,scheduled_exit,587,2024-08-16,"{""market_momentum"": -0.038647157959246115, ""market_volatility"": 0.008503234770382983, ""momentum"": -0.13614050398167343, ""volatility"": 0.03093264576009373, ""volume_state"": 17.834771180478228}",assumed_next_daily_close,14427.000000000002,3,0000002488,0,-0.038647157959246115,0.008503234770382983,-0.13614050398167343,1114.993999999998,0.07728522908435558,17.3124,14.9,0.0,-0.0,94abbd3bae510cb507b576d2,True,0.0004079967360261118,2451,2.3049460920821445e-06,43384962.6,,bounded_preclose_bid_ask,,,False,not_requested_for_horizon_or_variant,,ordinary,protective_put,100,completed,144.27,155.78,True,1150.9999999999982,H23,3,AMD,36.006,double_cost,0.03093264576009373,17.834771180478228,2024
0.052910721050637655,2024-05-08,589,3b88d0f778513f43cc620b2e,time_value,128.2344,O:AMD240816P00150000,1,2,2024-04-30,2024-04-30,108,0.06755903523172117,583,0.0,0.023235932626325635,2024-05-01,584,True,2024-05-08,589,2025-03-14,156,89413168.0,2024-05-08,scheduled_exit,589,2024-08-16,"{""market_momentum"": -0.038647157959246115, ""market_volatility"": 0.008503234770382983, ""momentum"": -0.13614050398167343, ""volatility"": 0.03093264576009373, ""volume_state"": 17.834771180478228}",assumed_next_daily_close,14427.000000000002,5,0000002488,0,-0.038647157959246115,0.008503234770382983,-0.13614050398167343,234.1531999999982,0.01623020725029446,167.6124,14.9,10.85,-405.00000000000006,94abbd3bae510cb507b576d2,True,0.0004079967360261118,2451,2.3049460920821445e-06,43384962.6,,bounded_preclose_bid_ask,,,False,not_requested_for_horizon_or_variant,,ordinary,protective_put,100,completed,144.27,153.62,False,934.9999999999982,H23,3,AMD,295.84680000000003,double_cost,0.03093264576009373,17.834771180478228,2024
0.052910721050637655,2024-05-08,589,3b88d0f778513f43cc620b2e,time_value,18.4344,O:AMD240816P00150000,1,2,2024-04-30,2024-04-30,108,0.06755903523172117,583,0.0,0.0024000000000000484,2024-05-01,584,True,2024-05-08,589,2025-03-14,156,89413168.0,2024-05-08,scheduled_exit,589,2024-08-16,"{""market_momentum"": -0.038647157959246115, ""market_volatility"": 0.008503234770382983, ""momentum"": -0.13614050398167343, ""volatility"": 0.03093264576009373, ""volume_state"": 17.834771180478228}",assumed_next_daily_close,14427.000000000002,5,0000002488,0,-0.038647157959246115,0.008503234770382983,-0.13614050398167343,899.2531999999982,0.06233126776183531,17.3124,14.9,0.0,-0.0,94abbd3bae510cb507b576d2,True,0.0004079967360261118,2451,2.3049460920821445e-06,43384962.6,,bounded_preclose_bid_ask,,,False,not_requested_for_horizon_or_variant,,ordinary,protective_put,100,completed,144.27,153.62,True,934.9999999999982,H23,3,AMD,35.7468,double_cost,0.03093264576009373,17.834771180478228,2024
0.052910721050637655,2024-05-15,594,3b88d0f778513f43cc620b2e,time_value,100.46039999999999,O:AMD240816P00150000,1,2,2024-04-30,2024-04-30,108,0.06755903523172117,583,0.0,0.023235932626325635,2024-05-01,584,True,2024-05-15,594,2025-03-14,156,89413168.0,2024-05-15,scheduled_exit,594,2024-08-16,"{""market_momentum"": -0.038647157959246115, ""market_volatility"": 0.008503234770382983, ""momentum"": -0.13614050398167343, ""volatility"": 0.03093264576009373, ""volume_state"": 17.834771180478228}",assumed_next_daily_close,14427.000000000002,10,0000002488,0,-0.038647157959246115,0.008503234770382983,-0.13614050398167343,581.9271999999964,0.040335981146461246,167.6124,14.9,8,-690.0,94abbd3bae510cb507b576d2,True,0.0004079967360261118,2451,2.3049460920821445e-06,43384962.6,,bounded_preclose_bid_ask,,,False,not_requested_for_horizon_or_variant,,ordinary,protective_put,100,completed,144.27,159.67,False,1539.9999999999964,H23,3,AMD,268.07280000000003,double_cost,0.03093264576009373,17.834771180478228,2024
0.052910721050637655,2024-05-15,594,3b88d0f778513f43cc620b2e,time_value,19.160399999999996,O:AMD240816P00150000,1,2,2024-04-30,2024-04-30,108,0.06755903523172117,583,0.0,0.0024000000000000484,2024-05-01,584,True,2024-05-15,594,2025-03-14,156,89413168.0,2024-05-15,scheduled_exit,594,2024-08-16,"{""market_momentum"": -0.038647157959246115, ""market_volatility"": 0.008503234770382983, ""momentum"": -0.13614050398167343, ""volatility"": 0.03093264576009373, ""volume_state"": 17.834771180478228}",assumed_next_daily_close,14427.000000000002,10,0000002488,0,-0.038647157959246115,0.008503234770382983,-0.13614050398167343,1503.5271999999964,0.10421620572537577,17.3124,14.9,0.0,-0.0,94abbd3bae510cb507b576d2,True,0.0004079967360261118,2451,2.3049460920821445e-06,43384962.6,,bounded_preclose_bid_ask,,,False,not_requested_for_horizon_or_variant,,ordinary,protective_put,100,completed,144.27,159.67,True,1539.9999999999964,H23,3,AMD,36.47279999999999,double_cost,0.03093264576009373,17.834771180478228,2024
0.052910721050637655,2024-05-31,605,3b88d0f778513f43cc620b2e,time_value,87.328,O:AMD240816P00150000,1,2,2024-04-30,2024-04-30,108,0.06755903523172117,583,0.0,0.023235932626325635,2024-05-01,584,True,2024-05-31,605,2025-03-14,156,89413168.0,2024-05-31,scheduled_exit,605,2024-08-16,"{""market_momentum"": -0.038647157959246115, ""market_volatility"": 0.008503234770382983, ""momentum"": -0.13614050398167343, ""volatility"": 0.03093264576009373, ""volume_state"": 17.834771180478228}",assumed_next_daily_close,14427.000000000002,21,0000002488,0,-0.038647157959246115,0.008503234770382983,-0.13614050398167343,1178.0595999999982,0.08165658834130436,167.6124,14.9,6.6,-830.0000000000001,94abbd3bae510cb507b576d2,True,0.0004079967360261118,2451,2.3049460920821445e-06,43384962.6,,bounded_preclose_bid_ask,,,False,not_requested_for_horizon_or_variant,,ordinary,protective_put,100,completed,144.27,166.9,False,2262.999999999998,H23,3,AMD,254.9404,double_cost,0.03093264576009373,17.834771180478228,2024
0.052910721050637655,2024-05-31,605,3b88d0f778513f43cc620b2e,time_value,20.028,O:AMD240816P00150000,1,2,2024-04-30,2024-04-30,108,0.06755903523172117,583,0.0,0.0024000000000000484,2024-05-01,584,True,2024-05-31,605,2025-03-14,156,89413168.0,2024-05-31,scheduled_exit,605,2024-08-16,"{""market_momentum"": -0.038647157959246115, ""market_volatility"": 0.008503234770382983, ""momentum"": -0.13614050398167343, ""volatility"": 0.03093264576009373, ""volume_state"": 17.834771180478228}",assumed_next_daily_close,14427.000000000002,21,0000002488,0,-0.038647157959246115,0.008503234770382983,-0.13614050398167343,2225.6595999999986,0.15427043737436738,17.3124,14.9,0.0,-0.0,94abbd3bae510cb507b576d2,True,0.0004079967360261118,2451,2.3049460920821445e-06,43384962.6,,bounded_preclose_bid_ask,,,False,not_requested_for_horizon_or_variant,,ordinary,protective_put,100,completed,144.27,166.9,True,2262.999999999998,H23,3,AMD,37.3404,double_cost,0.03093264576009373,17.834771180478228,2024
0.052910721050637655,2024-07-02,626,3b88d0f778513f43cc620b2e,time_value,63.6172,O:AMD240816P00150000,1,2,2024-04-30,2024-04-30,108,0.06755903523172117,583,0.0,0.023235932626325635,2024-05-01,584,True,2024-07-02,626,2025-03-14,156,89413168.0,2024-07-02,scheduled_exit,626,2024-08-16,"{""market_momentum"": -0.038647157959246115, ""market_volatility"": 0.008503234770382983, ""momentum"": -0.13614050398167343, ""volatility"": 0.03093264576009373, ""volume_state"": 17.834771180478228}",assumed_next_daily_close,14427.000000000002,42,0000002488,0,-0.038647157959246115,0.008503234770382983,-0.13614050398167343,708.7703999999982,0.04912805156997283,167.6124,14.9,4.26,-1064.0,94abbd3bae510cb507b576d2,True,0.0004079967360261118,2451,2.3049460920821445e-06,43384962.6,,bounded_preclose_bid_ask,,,False,not_requested_for_horizon_or_variant,,ordinary,protective_put,100,completed,144.27,164.31,False,2003.9999999999982,H23,3,AMD,231.2296,double_cost,0.03093264576009373,17.834771180478228,2024
0.052910721050637655,2024-07-02,626,3b88d0f778513f43cc620b2e,time_value,19.7172,O:AMD240816P00150000,1,2,2024-04-30,2024-04-30,108,0.06755903523172117,583,0.0,0.0024000000000000484,2024-05-01,584,True,2024-07-02,626,2025-03-14,156,89413168.0,2024-07-02,scheduled_exit,626,2024-08-16,"{""market_momentum"": -0.038647157959246115, ""market_volatility"": 0.008503234770382983, ""momentum"": -0.13614050398167343, ""volatility"": 0.03093264576009373, ""volume_state"": 17.834771180478228}",assumed_next_daily_close,14427.000000000002,42,0000002488,0,-0.038647157959246115,0.008503234770382983,-0.13614050398167343,1966.970399999998,0.13633953004782684,17.3124,14.9,0.0,-0.0,94abbd3bae510cb507b576d2,True,0.0004079967360261118,2451,2.3049460920821445e-06,43384962.6,,bounded_preclose_bid_ask,,,False,not_requested_for_horizon_or_variant,,ordinary,protective_put,100,completed,144.27,164.31,True,2003.9999999999982,H23,3,AMD,37.0296,double_cost,0.03093264576009373,17.834771180478228,2024
0.052910721050637655,2024-08-01,647,3b88d0f778513f43cc620b2e,time_value,198.7048,O:AMD240816P00150000,1,2,2024-04-30,2024-04-30,108,0.06755903523172117,583,0.0,0.08416976502391363,2024-05-01,584,True,2024-08-01,647,2025-03-14,156,89413168.0,2024-08-01,scheduled_exit,647,2024-08-16,"{""market_momentum"": -0.038647157959246115, ""market_volatility"": 0.008503234770382983, ""momentum"": -0.13614050398167343, ""volatility"": 0.03093264576009373, ""volume_state"": 17.834771180478228}",assumed_next_daily_close,14427.000000000002,63,0000002488,0,-0.038647157959246115,0.008503234770382983,-0.13614050398167343,-1214.317200000002,-0.08416976502391363,167.6124,14.9,18.15,324.99999999999983,94abbd3bae510cb507b576d2,True,0.0004079967360261118,2451,2.3049460920821445e-06,43384962.6,,bounded_preclose_bid_ask,,,False,not_requested_for_horizon_or_variant,,ordinary,protective_put,100,completed,144.27,132.54,False,-1173.0000000000018,H23,3,AMD,366.3172,double_cost,0.03093264576009373,17.834771180478228,2024
0.052910721050637655,2024-08-01,647,3b88d0f778513f43cc620b2e,time_value,15.904799999999998,O:AMD240816P00150000,1,2,2024-04-30,2024-04-30,108,0.06755903523172117,583,0.0,0.0836083177375755,2024-05-01,584,True,2024-08-01,647,2025-03-14,156,89413168.0,2024-08-01,scheduled_exit,647,2024-08-16,"{""market_momentum"": -0.038647157959246115, ""market_volatility"": 0.008503234770382983, ""momentum"": -0.13614050398167343, ""volatility"": 0.03093264576009373, ""volume_state"": 17.834771180478228}",assumed_next_daily_close,14427.000000000002,63,0000002488,0,-0.038647157959246115,0.008503234770382983,-0.13614050398167343,-1206.2172000000019,-0.0836083177375755,17.3124,14.9,0.0,-0.0,94abbd3bae510cb507b576d2,True,0.0004079967360261118,2451,2.3049460920821445e-06,43384962.6,,bounded_preclose_bid_ask,,,False,not_requested_for_horizon_or_variant,,ordinary,protective_put,100,completed,144.27,132.54,True,-1173.0000000000018,H23,3,AMD,33.2172,double_cost,0.03093264576009373,17.834771180478228,2024
0.052910721050637655,2024-08-16,658,3b88d0f778513f43cc620b2e,time_value,19.3,O:AMD240816P00150000,1,2,2024-04-30,2024-04-30,108,0.06755903523172117,583,0.0,0.09189949400429762,2024-05-01,584,True,2024-08-16,658,2025-03-14,156,89413168.0,2024-08-16,modelled_physical_expiry,658,2024-08-16,"{""market_momentum"": -0.038647157959246115, ""market_volatility"": 0.008503234770382983, ""momentum"": -0.13614050398167343, ""volatility"": 0.03093264576009373, ""volume_state"": 17.834771180478228}",assumed_next_daily_close,14427.000000000002,expiry,0000002488,0,-0.038647157959246115,0.008503234770382983,-0.13614050398167343,-1103.9124000000018,-0.07651711374506145,167.6124,14.9,0.0,-1490.0,94abbd3bae510cb507b576d2,True,0.0004079967360261118,2451,2.3049460920821445e-06,43384962.6,,bounded_preclose_bid_ask,,,False,not_requested_for_horizon_or_variant,,ordinary,protective_put,100,completed,144.27,150.0,False,572.9999999999982,H23,3,AMD,186.91240000000002,double_cost,0.03093264576009373,17.834771180478228,2024
0.052910721050637655,2024-08-16,658,3b88d0f778513f43cc620b2e,time_value,17.827199999999998,O:AMD240816P00150000,1,2,2024-04-30,2024-04-30,108,0.06755903523172117,583,0.0,0.11040083177375783,2024-05-01,584,True,2024-08-16,658,2025-03-14,156,89413168.0,2024-08-16,scheduled_exit,658,2024-08-16,"{""market_momentum"": -0.038647157959246115, ""market_volatility"": 0.008503234770382983, ""momentum"": -0.13614050398167343, ""volatility"": 0.03093264576009373, ""volume_state"": 17.834771180478228}",assumed_next_daily_close,14427.000000000002,expiry,0000002488,0,-0.038647157959246115,0.008503234770382983,-0.13614050398167343,393.86039999999815,0.02730022873778319,17.3124,14.9,0.0,-0.0,94abbd3bae510cb507b576d2,True,0.0004079967360261118,2451,2.3049460920821445e-06,43384962.6,,bounded_preclose_bid_ask,,,False,not_requested_for_horizon_or_variant,,ordinary,protective_put,100,completed,144.27,148.56,True,428.9999999999982,H23,3,AMD,35.1396,double_cost,0.03093264576009373,17.834771180478228,2024
0.051179291767952106,2023-05-05,336,3ff401273ba0a85b6523aebf,time_value,115.318,O:AXP231020C00160000,1,2,2023-05-03,2023-05-03,170,0.06668418632152946,334,0.0,0.01401212284120691,2023-05-04,335,True,2023-05-05,336,2023-05-03,4,3997870.0,2023-05-05,scheduled_exit,336,2023-10-20,"{""market_momentum"": -0.007129821146124815, ""market_volatility"": 0.007594922702782506, ""momentum"": -0.0706435462205397, ""volatility"": 0.01512464377087702, ""volume_state"": 14.984411485657267}",assumed_next_daily_close,14881.0,1,0000004962,0,-0.007129821146124815,0.007594922702782506,-0.0706435462205397,58.424799999999934,0.003926133996371207,104.25720000000001,8.51,9.57,-106.00000000000006,9cdf4d0394f4dd253a7057bd,True,0.00684931506849315,146,3.5607080425214055e-05,2808430.2,,bounded_preclose_bid_ask,,,False,not_requested_for_horizon_or_variant,,event,covered_call,100,completed,148.81,152.65,False,384.0,H23,3,AXP,219.5752,double_cost,0.01512464377087702,14.984411485657267,2023
0.051179291767952106,2023-05-05,336,3ff401273ba0a85b6523aebf,time_value,18.317999999999998,O:AXP231020C00160000,1,2,2023-05-03,2023-05-03,170,0.06668418632152946,334,0.0,0.002400000000000025,2023-05-04,335,True,2023-05-05,336,2023-05-03,4,3997870.0,2023-05-05,scheduled_exit,336,2023-10-20,"{""market_momentum"": -0.007129821146124815, ""market_volatility"": 0.007594922702782506, ""momentum"": -0.0706435462205397, ""volatility"": 0.01512464377087702, ""volume_state"": 14.984411485657267}",assumed_next_daily_close,14881.0,1,0000004962,0,-0.007129821146124815,0.007594922702782506,-0.0706435462205397,347.82480000000004,0.02337375176399436,17.8572,8.51,0.0,-0.0,9cdf4d0394f4dd253a7057bd,True,0.00684931506849315,146,3.5607080425214055e-05,2808430.2,,bounded_preclose_bid_ask,,,False,not_requested_for_horizon_or_variant,,event,covered_call,100,completed,148.81,152.65,True,384.0,H23,3,AXP,36.1752,double_cost,0.01512464377087702,14.984411485657267,2023
0.051179291767952106,2023-05-09,338,3ff401273ba0a85b6523aebf,time_value,112.7056,O:AXP231020C00160000,1,2,2023-05-03,2023-05-03,170,0.06668418632152946,334,0.0,0.01401212284120691,2023-05-04,335,False,2023-05-08,337,2023-05-03,4,3997870.0,2023-05-09,scheduled_exit,338,2023-10-20,"{""market_momentum"": -0.007129821146124815, ""market_volatility"": 0.007594922702782506, ""momentum"": -0.0706435462205397, ""volatility"": 0.01512464377087702, ""volume_state"": 14.984411485657267}",assumed_next_daily_close,14881.0,2,0000004962,0,-0.007129821146124815,0.007594922702782506,-0.0706435462205397,161.03719999999987,0.010821665210671317,104.25720000000001,8.51,9.3,-79.00000000000009,9cdf4d0394f4dd253a7057bd,True,0.00684931506849315,146,3.5607080425214055e-05,2808430.2,,bounded_preclose_bid_ask,,,False,not_requested_for_horizon_or_variant,,event,covered_call,100,completed,148.81,153.38,False,457.0,H23,3,AXP,216.96280000000002,double_cost,0.01512464377087702,14.984411485657267,2023
0.051179291767952106,2023-05-08,337,3ff401273ba0a85b6523aebf,time_value,18.3648,O:AXP231020C00160000,1,2,2023-05-03,2023-05-03,170,0.06668418632152946,334,0.0,0.002400000000000025,2023-05-04,335,True,2023-05-08,337,2023-05-03,4,3997870.0,2023-05-08,scheduled_exit,337,2023-10-20,"{""market_momentum"": -0.007129821146124815, ""market_volatility"": 0.007594922702782506, ""momentum"": -0.0706435462205397, ""volatility"": 0.01512464377087702, ""volume_state"": 14.984411485657267}",assumed_next_daily_close,14881.0,2,0000004962,0,-0.007129821146124815,0.007594922702782506,-0.0706435462205397,386.778,0.02599139842752503,17.8572,8.51,0.0,-0.0,9cdf4d0394f4dd253a7057bd,True,0.00684931506849315,146,3.5607080425214055e-05,2808430.2,,bounded_preclose_bid_ask,,,False,not_requested_for_horizon_or_variant,,event,covered_call,100,completed,148.81,153.04,True,423.0,H23,3,AXP,36.221999999999994,double_cost,0.01512464377087702,14.984411485657267,2023
0.051179291767952106,2023-05-09,338,3ff401273ba0a85b6523aebf,time_value,112.7056,O:AXP231020C00160000,1,2,2023-05-03,2023-05-03,170,0.06668418632152946,334,0.0,0.01401212284120691,2023-05-04,335,True,2023-05-09,338,2023-05-03,4,3997870.0,2023-05-09,scheduled_exit,338,2023-10-20,"{""market_momentum"": -0.007129821146124815, ""market_volatility"": 0.007594922702782506, ""momentum"": -0.0706435462205397, ""volatility"": 0.01512464377087702, ""volume_state"": 14.984411485657267}",assumed_next_daily_close,14881.0,3,0000004962,0,-0.007129821146124815,0.007594922702782506,-0.0706435462205397,161.03719999999987,0.010821665210671317,104.25720000000001,8.51,9.3,-79.00000000000009,9cdf4d0394f4dd253a7057bd,True,0.00684931506849315,146,3.5607080425214055e-05,2808430.2,,bounded_preclose_bid_ask,,,False,not_requested_for_horizon_or_variant,,event,covered_call,100,completed,148.81,153.38,False,457.0,H23,3,AXP,216.96280000000002,double_cost,0.01512464377087702,14.984411485657267,2023
0.051179291767952106,2023-05-09,338,3ff401273ba0a85b6523aebf,time_value,18.4056,O:AXP231020C00160000,1,2,2023-05-03,2023-05-03,170,0.06668418632152946,334,0.0,0.002400000000000025,2023-05-04,335,True,2023-05-09,338,2023-05-03,4,3997870.0,2023-05-09,scheduled_exit,338,2023-10-20,"{""market_momentum"": -0.007129821146124815, ""market_volatility"": 0.007594922702782506, ""momentum"": -0.0706435462205397, ""volatility"": 0.01512464377087702, ""volume_state"": 14.984411485657267}",assumed_next_daily_close,14881.0,3,0000004962,0,-0.007129821146124815,0.007594922702782506,-0.0706435462205397,420.73720000000003,0.028273449364962035,17.8572,8.51,0.0,-0.0,9cdf4d0394f4dd253a7057bd,True,0.00684931506849315,146,3.5607080425214055e-05,2808430.2,,bounded_preclose_bid_ask,,,False,not_requested_for_horizon_or_variant,,event,covered_call,100,completed,148.81,153.38,True,457.0,H23,3,AXP,36.2628,double_cost,0.01512464377087702,14.984411485657267,2023
0.051179291767952106,2023-05-11,340,3ff401273ba0a85b6523aebf,time_value,89.55879999999999,O:AXP231020C00160000,1,2,2023-05-03,2023-05-03,170,0.06668418632152946,334,0.0,0.01401212284120691,2023-05-04,335,True,2023-05-11,340,2023-05-03,4,3997870.0,2023-05-11,scheduled_exit,340,2023-10-20,"{""market_momentum"": -0.007129821146124815, ""market_volatility"": 0.007594922702782506, ""momentum"": -0.0706435462205397, ""volatility"": 0.01512464377087702, ""volume_state"": 14.984411485657267}",assumed_next_daily_close,14881.0,5,0000004962,0,-0.007129821146124815,0.007594922702782506,-0.0706435462205397,-129.816,-0.00872360728445669,104.25720000000001,8.51,7.05,146.0,9cdf4d0394f4dd253a7057bd,True,0.00684931506849315,146,3.5607080425214055e-05,2808430.2,,bounded_preclose_bid_ask,,,False,not_requested_for_horizon_or_variant,,event,covered_call,100,completed,148.81,147.99,False,-82.0,H23,3,AXP,193.816,double_cost,0.01512464377087702,14.984411485657267,2023
0.051179291767952106,2023-05-11,340,3ff401273ba0a85b6523aebf,time_value,17.758799999999997,O:AXP231020C00160000,1,2,2023-05-03,2023-05-03,170,0.06668418632152946,334,0.0,0.007903769907936295,2023-05-04,335,True,2023-05-11,340,2023-05-03,4,3997870.0,2023-05-11,scheduled_exit,340,2023-10-20,"{""market_momentum"": -0.007129821146124815, ""market_volatility"": 0.007594922702782506, ""momentum"": -0.0706435462205397, ""volatility"": 0.01512464377087702, ""volume_state"": 14.984411485657267}",assumed_next_daily_close,14881.0,5,0000004962,0,-0.007129821146124815,0.007594922702782506,-0.0706435462205397,-117.616,-0.007903769907936295,17.8572,8.51,0.0,-0.0,9cdf4d0394f4dd253a7057bd,True,0.00684931506849315,146,3.5607080425214055e-05,2808430.2,,bounded_preclose_bid_ask,,,False,not_requested_for_horizon_or_variant,,event,covered_call,100,completed,148.81,147.99,True,-82.0,H23,3,AXP,35.616,double_cost,0.01512464377087702,14.984411485657267,2023
0.051179291767952106,2023-05-18,345,3ff401273ba0a85b6523aebf,time_value,105.71759999999999,O:AXP231020C00160000,1,2,2023-05-03,2023-05-03,170,0.06668418632152946,334,0.0,0.01401212284120691,2023-05-04,335,True,2023-05-18,345,2023-05-03,4,3997870.0,2023-05-18,scheduled_exit,345,2023-10-20,"{""market_momentum"": -0.007129821146124815, ""market_volatility"": 0.007594922702782506, ""momentum"": -0.0706435462205397, ""volatility"": 0.01512464377087702, ""volume_state"": 14.984411485657267}",assumed_next_daily_close,14881.0,10,0000004962,0,-0.007129821146124815,0.007594922702782506,-0.0706435462205397,248.02519999999816,0.016667240104831543,104.25720000000001,8.51,8.6,-8.999999999999986,9cdf4d0394f4dd253a7057bd,True,0.00684931506849315,146,3.5607080425214055e-05,2808430.2,,bounded_preclose_bid_ask,,,False,not_requested_for_horizon_or_variant,,event,covered_call,100,completed,148.81,153.48,False,466.9999999999982,H23,3,AXP,209.97480000000002,double_cost,0.01512464377087702,14.984411485657267,2023
0.051179291767952106,2023-05-18,345,3ff401273ba0a85b6523aebf,time_value,18.417599999999997,O:AXP231020C00160000,1,2,2023-05-03,2023-05-03,170,0.06668418632152946,334,0.0,0.008306484779248731,2023-05-04,335,True,2023-05-18,345,2023-05-03,4,3997870.0,2023-05-18,scheduled_exit,345,2023-10-20,"{""market_momentum"": -0.007129821146124815, ""market_volatility"": 0.007594922702782506, ""momentum"": -0.0706435462205397, ""volatility"": 0.01512464377087702, ""volume_state"": 14.984411485657267}",assumed_next_daily_close,14881.0,10,0000004962,0,-0.007129821146124815,0.007594922702782506,-0.0706435462205397,430.7251999999982,0.028944640817149266,17.8572,8.51,0.0,-0.0,9cdf4d0394f4dd253a7057bd,True,0.00684931506849315,146,3.5607080425214055e-05,2808430.2,,bounded_preclose_bid_ask,,,False,not_requested_for_horizon_or_variant,,event,covered_call,100,completed,148.81,153.48,True,466.9999999999982,H23,3,AXP,36.2748,double_cost,0.01512464377087702,14.984411485657267,2023
0.051179291767952106,2023-06-05,356,3ff401273ba0a85b6523aebf,time_value,180.8916,O:AXP231020C00160000,1,2,2023-05-03,2023-05-03,170,0.06668418632152946,334,0.0,0.01401212284120691,2023-05-04,335,True,2023-06-05,356,2023-05-03,4,3997870.0,2023-06-05,scheduled_exit,356,2023-10-20,"{""market_momentum"": -0.007129821146124815, ""market_volatility"": 0.007594922702782506, ""momentum"": -0.0706435462205397, ""volatility"": 0.01512464377087702, ""volume_state"": 14.984411485657267}",assumed_next_daily_close,14881.0,21,0000004962,0,-0.007129821146124815,0.007594922702782506,-0.0706435462205397,832.8512,0.05596742154425106,104.25720000000001,8.51,15.95,-744.0,9cdf4d0394f4dd253a7057bd,True,0.00684931506849315,146,3.5607080425214055e-05,2808430.2,,bounded_preclose_bid_ask,,,False,not_requested_for_horizon_or_variant,,event,covered_call,100,completed,148.81,167.43,False,1862.0,H23,3,AXP,285.14880000000005,double_cost,0.01512464377087702,14.984411485657267,2023
0.051179291767952106,2023-06-05,356,3ff401273ba0a85b6523aebf,time_value,20.0916,O:AXP231020C00160000,1,2,2023-05-03,2023-05-03,170,0.06668418632152946,334,0.0,0.008306484779248731,2023-05-04,335,True,2023-06-05,356,2023-05-03,4,3997870.0,2023-06-05,scheduled_exit,356,2023-10-20,"{""market_momentum"": -0.007129821146124815, ""market_volatility"": 0.007594922702782506, ""momentum"": -0.0706435462205397, ""volatility"": 0.01512464377087702, ""volume_state"": 14.984411485657267}",assumed_next_daily_close,14881.0,21,0000004962,0,-0.007129821146124815,0.007594922702782506,-0.0706435462205397,1824.0512,0.12257584839728514,17.8572,8.51,0.0,-0.0,9cdf4d0394f4dd253a7057bd,True,0.00684931506849315,146,3.5607080425214055e-05,2808430.2,,bounded_preclose_bid_ask,,,False,not_requested_for_horizon_or_variant,,event,covered_call,100,completed,148.81,167.43,True,1862.0,H23,3,AXP,37.9488,double_cost,0.01512464377087702,14.984411485657267,2023
0.051179291767952106,2023-07-07,378,3ff401273ba0a85b6523aebf,time_value,191.67600000000002,O:AXP231020C00160000,1,2,2023-05-03,2023-05-03,170,0.06668418632152946,334,60.0,,2023-05-04,335,False,2023-07-06,377,2023-05-03,4,3997870.0,2023-07-07,scheduled_exit,378,2023-10-20,"{""market_momentum"": -0.007129821146124815, ""market_volatility"": 0.007594922702782506, ""momentum"": -0.0706435462205397, ""volatility"": 0.01512464377087702, ""volume_state"": 14.984411485657267}",assumed_next_daily_close,14881.0,42,0000004962,3,-0.007129821146124815,0.007594922702782506,-0.0706435462205397,1014.0668,0.06814507089577312,104.25720000000001,8.51,17,-849.0,9cdf4d0394f4dd253a7057bd,False,0.00684931506849315,146,3.5607080425214055e-05,2808430.2,,bounded_preclose_bid_ask,,,False,not_requested_for_horizon_or_variant,,event,covered_call,100,completed,148.81,169.8,False,2099.0,H23,3,AXP,295.93320000000006,double_cost,0.01512464377087702,14.984411485657267,2023
0.051179291767952106,2023-07-06,377,3ff401273ba0a85b6523aebf,time_value,20.5128,O:AXP231020C00160000,1,2,2023-05-03,2023-05-03,170,0.06668418632152946,334,60.0,0.008306484779248731,2023-05-04,335,True,2023-07-06,377,2023-05-03,4,3997870.0,2023-07-06,scheduled_exit,377,2023-10-20,"{""market_momentum"": -0.007129821146124815, ""market_volatility"": 0.007594922702782506, ""momentum"": -0.0706435462205397, ""volatility"": 0.01512464377087702, ""volume_state"": 14.984411485657267}",assumed_next_daily_close,14881.0,42,0000004962,0,-0.007129821146124815,0.007594922702782506,-0.0706435462205397,2234.63,0.15016665546670252,17.8572,8.51,0.0,-0.0,9cdf4d0394f4dd253a7057bd,True,0.00684931506849315,146,3.5607080425214055e-05,2808430.2,,bounded_preclose_bid_ask,,,False,not_requested_for_horizon_or_variant,,event,covered_call,100,completed,148.81,170.94,True,2213.0,H23,3,AXP,38.37,double_cost,0.01512464377087702,14.984411485657267,2023
0.051179291767952106,2023-08-07,399,3ff401273ba0a85b6523aebf,time_value,141.8352,O:AXP231020C00160000,1,2,2023-05-03,2023-05-03,170,0.06668418632152946,334,60.0,,2023-05-04,335,False,2023-08-04,398,2023-05-03,4,3997870.0,2023-08-07,scheduled_exit,399,2023-10-20,"{""market_momentum"": -0.007129821146124815, ""market_volatility"": 0.007594922702782506, ""momentum"": -0.0706435462205397, ""volatility"": 0.01512464377087702, ""volume_state"": 14.984411485657267}",assumed_next_daily_close,14881.0,63,0000004962,5,-0.007129821146124815,0.007594922702782506,-0.0706435462205397,1274.9076,0.08567351656474699,104.25720000000001,8.51,12.05,-354.0000000000001,9cdf4d0394f4dd253a7057bd,False,0.00684931506849315,146,3.5607080425214055e-05,2808430.2,,bounded_preclose_bid_ask,,,False,not_requested_for_horizon_or_variant,,event,covered_call,100,completed,148.81,166.96,False,1815.0,H23,3,AXP,246.0924,double_cost,0.01512464377087702,14.984411485657267,2023
0.051179291767952106,2023-08-04,398,3ff401273ba0a85b6523aebf,time_value,19.8492,O:AXP231020C00160000,1,2,2023-05-03,2023-05-03,170,0.06668418632152946,334,60.0,0.008306484779248731,2023-05-04,335,True,2023-08-04,398,2023-05-03,4,3997870.0,2023-08-04,scheduled_exit,398,2023-10-20,"{""market_momentum"": -0.007129821146124815, ""market_volatility"": 0.007594922702782506, ""momentum"": -0.0706435462205397, ""volatility"": 0.01512464377087702, ""volume_state"": 14.984411485657267}",assumed_next_daily_close,14881.0,63,0000004962,0,-0.007129821146124815,0.007594922702782506,-0.0706435462205397,1682.2936,0.11304976816074189,17.8572,8.51,0.0,-0.0,9cdf4d0394f4dd253a7057bd,True,0.00684931506849315,146,3.5607080425214055e-05,2808430.2,,bounded_preclose_bid_ask,,,False,not_requested_for_horizon_or_variant,,event,covered_call,100,completed,148.81,165.41,True,1660.0,H23,3,AXP,37.7064,double_cost,0.01512464377087702,14.984411485657267,2023
0.051179291767952106,2023-10-20,452,3ff401273ba0a85b6523aebf,time_value,18.2884,O:AXP231020C00160000,1,2,2023-05-03,2023-05-03,170,0.06668418632152946,334,120.0,,2023-05-04,335,True,2023-10-20,452,2023-05-03,4,3997870.0,2023-10-20,expiry_worthless,452,2023-10-20,"{""market_momentum"": -0.007129821146124815, ""market_volatility"": 0.007594922702782506, ""momentum"": -0.0706435462205397, ""volatility"": 0.01512464377087702, ""volume_state"": 14.984411485657267}",assumed_next_daily_close,14881.0,expiry,0000004962,5,-0.007129821146124815,0.007594922702782506,-0.0706435462205397,124.45439999999999,0.008363308917411464,104.25720000000001,8.51,0.0,851.0,9cdf4d0394f4dd253a7057bd,False,0.00684931506849315,146,3.5607080425214055e-05,2808430.2,,bounded_preclose_bid_ask,,,False,not_requested_for_horizon_or_variant,,event,covered_call,100,completed,148.81,141.57,False,-724.0,H23,3,AXP,122.54560000000001,double_cost,0.01512464377087702,14.984411485657267,2023
0.051179291767952106,2023-10-20,452,3ff401273ba0a85b6523aebf,time_value,16.9884,O:AXP231020C00160000,1,2,2023-05-03,2023-05-03,170,0.06668418632152946,334,120.0,0.042930286943081784,2023-05-04,335,True,2023-10-20,452,2023-05-03,4,3997870.0,2023-10-20,scheduled_exit,452,2023-10-20,"{""market_momentum"": -0.007129821146124815, ""market_volatility"": 0.007594922702782506, ""momentum"": -0.0706435462205397, ""volatility"": 0.01512464377087702, ""volume_state"": 14.984411485657267}",assumed_next_daily_close,14881.0,expiry,0000004962,0,-0.007129821146124815,0.007594922702782506,-0.0706435462205397,-638.8456,-0.042930286943081784,17.8572,8.51,0.0,-0.0,9cdf4d0394f4dd253a7057bd,True,0.00684931506849315,146,3.5607080425214055e-05,2808430.2,,bounded_preclose_bid_ask,,,False,not_requested_for_horizon_or_variant,,event,covered_call,100,completed,148.81,141.57,True,-724.0,H23,3,AXP,34.8456,double_cost,0.01512464377087702,14.984411485657267,2023
,,,42bcf2ec1c012f6e623bae54,time_value,,,1,2,2024-12-02,2024-12-02,,,732,,,2024-12-03,733,False,,,2024-12-02,,,,,,,"{""market_momentum"": 0.061532779966235296, ""market_volatility"": 0.007684733738372533, ""momentum"": 0.0017132314180285935, ""volatility"": 0.010080588399268777, ""volume_state"": 15.28122907285531}",assumed_next_daily_close,,1,0000005272,,0.061532779966235296,0.007684733738372533,0.0017132314180285935,,,,,,,915793df3a040cd0c802d9f2,False,,,,,,bounded_preclose_bid_ask,,,False,not_requested_for_horizon_or_variant,missing_decision_or_entry_bar,event,covered_call,,missing_decision_or_entry_bar,,,False,,H23,3,AIG,,double_cost,0.010080588399268777,15.28122907285531,2024
,,,42bcf2ec1c012f6e623bae54,time_value,,,1,2,2024-12-02,2024-12-02,,,732,,,2024-12-03,733,False,,,2024-12-02,,,,,,,"{""market_momentum"": 0.061532779966235296, ""market_volatility"": 0.007684733738372533, ""momentum"": 0.0017132314180285935, ""volatility"": 0.010080588399268777, ""volume_state"": 15.28122907285531}",assumed_next_daily_close,,1,0000005272,,0.061532779966235296,0.007684733738372533,0.0017132314180285935,,,,,,,915793df3a040cd0c802d9f2,False,,,,,,bounded_preclose_bid_ask,,,False,not_requested_for_horizon_or_variant,missing_decision_or_entry_bar,event,covered_call,,missing_decision_or_entry_bar,,,True,,H23,3,AIG,,double_cost,0.010080588399268777,15.28122907285531,2024
,,,42bcf2ec1c012f6e623bae54,time_value,,,1,2,2024-12-02,2024-12-02,,,732,,,2024-12-03,733,False,,,2024-12-02,,,,,,,"{""market_momentum"": 0.061532779966235296, ""market_volatility"": 0.007684733738372533, ""momentum"": 0.0017132314180285935, ""volatility"": 0.010080588399268777, ""volume_state"": 15.28122907285531}",assumed_next_daily_close,,2,0000005272,,0.061532779966235296,0.007684733738372533,0.0017132314180285935,,,,,,,915793df3a040cd0c802d9f2,False,,,,,,bounded_preclose_bid_ask,,,False,not_requested_for_horizon_or_variant,missing_decision_or_entry_bar,event,covered_call,,missing_decision_or_entry_bar,,,False,,H23,3,AIG,,double_cost,0.010080588399268777,15.28122907285531,2024
,,,42bcf2ec1c012f6e623bae54,time_value,,,1,2,2024-12-02,2024-12-02,,,732,,,2024-12-03,733,False,,,2024-12-02,,,,,,,"{""market_momentum"": 0.061532779966235296, ""market_volatility"": 0.007684733738372533, ""momentum"": 0.0017132314180285935, ""volatility"": 0.010080588399268777, ""volume_state"": 15.28122907285531}",assumed_next_daily_close,,2,0000005272,,0.061532779966235296,0.007684733738372533,0.0017132314180285935,,,,,,,915793df3a040cd0c802d9f2,False,,,,,,bounded_preclose_bid_ask,,,False,not_requested_for_horizon_or_variant,missing_decision_or_entry_bar,event,covered_call,,missing_decision_or_entry_bar,,,True,,H23,3,AIG,,double_cost,0.010080588399268777,15.28122907285531,2024
,,,42bcf2ec1c012f6e623bae54,time_value,,,1,2,2024-12-02,2024-12-02,,,732,,,2024-12-03,733,False,,,2024-12-02,,,,,,,"{""market_momentum"": 0.061532779966235296, ""market_volatility"": 0.007684733738372533, ""momentum"": 0.0017132314180285935, ""volatility"": 0.010080588399268777, ""volume_state"": 15.28122907285531}",assumed_next_daily_close,,3,0000005272,,0.061532779966235296,0.007684733738372533,0.0017132314180285935,,,,,,,915793df3a040cd0c802d9f2,False,,,,,,bounded_preclose_bid_ask,,,False,not_requested_for_horizon_or_variant,missing_decision_or_entry_bar,event,covered_call,,missing_decision_or_entry_bar,,,False,,H23,3,AIG,,double_cost,0.010080588399268777,15.28122907285531,2024
,,,42bcf2ec1c012f6e623bae54,time_value,,,1,2,2024-12-02,2024-12-02,,,732,,,2024-12-03,733,False,,,2024-12-02,,,,,,,"{""market_momentum"": 0.061532779966235296, ""market_volatility"": 0.007684733738372533, ""momentum"": 0.0017132314180285935, ""volatility"": 0.010080588399268777, ""volume_state"": 15.28122907285531}",assumed_next_daily_close,,3,0000005272,,0.061532779966235296,0.007684733738372533,0.0017132314180285935,,,,,,,915793df3a040cd0c802d9f2,False,,,,,,bounded_preclose_bid_ask,,,False,not_requested_for_horizon_or_variant,missing_decision_or_entry_bar,event,covered_call,,missing_decision_or_entry_bar,,,True,,H23,3,AIG,,double_cost,0.010080588399268777,15.28122907285531,2024
,,,42bcf2ec1c012f6e623bae54,time_value,,,1,2,2024-12-02,2024-12-02,,,732,,,2024-12-03,733,False,,,2024-12-02,,,,,,,"{""market_momentum"": 0.061532779966235296, ""market_volatility"": 0.007684733738372533, ""momentum"": 0.0017132314180285935, ""volatility"": 0.010080588399268777, ""volume_state"": 15.28122907285531}",assumed_next_daily_close,,5,0000005272,,0.061532779966235296,0.007684733738372533,0.0017132314180285935,,,,,,,915793df3a040cd0c802d9f2,False,,,,,,bounded_preclose_bid_ask,,,False,not_requested_for_horizon_or_variant,missing_decision_or_entry_bar,event,covered_call,,missing_decision_or_entry_bar,,,False,,H23,3,AIG,,double_cost,0.010080588399268777,15.28122907285531,2024
,,,42bcf2ec1c012f6e623bae54,time_value,,,1,2,2024-12-02,2024-12-02,,,732,,,2024-12-03,733,False,,,2024-12-02,,,,,,,"{""market_momentum"": 0.061532779966235296, ""market_volatility"": 0.007684733738372533, ""momentum"": 0.0017132314180285935, ""volatility"": 0.010080588399268777, ""volume_state"": 15.28122907285531}",assumed_next_daily_close,,5,0000005272,,0.061532779966235296,0.007684733738372533,0.0017132314180285935,,,,,,,915793df3a040cd0c802d9f2,False,,,,,,bounded_preclose_bid_ask,,,False,not_requested_for_horizon_or_variant,missing_decision_or_entry_bar,event,covered_call,,missing_decision_or_entry_bar,,,True,,H23,3,AIG,,double_cost,0.010080588399268777,15.28122907285531,2024
,,,42bcf2ec1c012f6e623bae54,time_value,,,1,2,2024-12-02,2024-12-02,,,732,,,2024-12-03,733,False,,,2024-12-02,,,,,,,"{""market_momentum"": 0.061532779966235296, ""market_volatility"": 0.007684733738372533, ""momentum"": 0.0017132314180285935, ""volatility"": 0.010080588399268777, ""volume_state"": 15.28122907285531}",assumed_next_daily_close,,10,0000005272,,0.061532779966235296,0.007684733738372533,0.0017132314180285935,,,,,,,915793df3a040cd0c802d9f2,False,,,,,,bounded_preclose_bid_ask,,,False,not_requested_for_horizon_or_variant,missing_decision_or_entry_bar,event,covered_call,,missing_decision_or_entry_bar,,,False,,H23,3,AIG,,double_cost,0.010080588399268777,15.28122907285531,2024
,,,42bcf2ec1c012f6e623bae54,time_value,,,1,2,2024-12-02,2024-12-02,,,732,,,2024-12-03,733,False,,,2024-12-02,,,,,,,"{""market_momentum"": 0.061532779966235296, ""market_volatility"": 0.007684733738372533, ""momentum"": 0.0017132314180285935, ""volatility"": 0.010080588399268777, ""volume_state"": 15.28122907285531}",assumed_next_daily_close,,10,0000005272,,0.061532779966235296,0.007684733738372533,0.0017132314180285935,,,,,,,915793df3a040cd0c802d9f2,False,,,,,,bounded_preclose_bid_ask,,,False,not_requested_for_horizon_or_variant,missing_decision_or_entry_bar,event,covered_call,,missing_decision_or_entry_bar,,,True,,H23,3,AIG,,double_cost,0.010080588399268777,15.28122907285531,2024
,,,42bcf2ec1c012f6e623bae54,time_value,,,1,2,2024-12-02,2024-12-02,,,732,,,2024-12-03,733,False,,,2024-12-02,,,,,,,"{""market_momentum"": 0.061532779966235296, ""market_volatility"": 0.007684733738372533, ""momentum"": 0.0017132314180285935, ""volatility"": 0.010080588399268777, ""volume_state"": 15.28122907285531}",assumed_next_daily_close,,21,0000005272,,0.061532779966235296,0.007684733738372533,0.0017132314180285935,,,,,,,915793df3a040cd0c802d9f2,False,,,,,,bounded_preclose_bid_ask,,,False,not_requested_for_horizon_or_variant,missing_decision_or_entry_bar,event,covered_call,,missing_decision_or_entry_bar,,,False,,H23,3,AIG,,double_cost,0.010080588399268777,15.28122907285531,2024
,,,42bcf2ec1c012f6e623bae54,time_value,,,1,2,2024-12-02,2024-12-02,,,732,,,2024-12-03,733,False,,,2024-12-02,,,,,,,"{""market_momentum"": 0.061532779966235296, ""market_volatility"": 0.007684733738372533, ""momentum"": 0.0017132314180285935, ""volatility"": 0.010080588399268777, ""volume_state"": 15.28122907285531}",assumed_next_daily_close,,21,0000005272,,0.061532779966235296,0.007684733738372533,0.0017132314180285935,,,,,,,915793df3a040cd0c802d9f2,False,,,,,,bounded_preclose_bid_ask,,,False,not_requested_for_horizon_or_variant,missing_decision_or_entry_bar,event,covered_call,,missing_decision_or_entry_bar,,,True,,H23,3,AIG,,double_cost,0.010080588399268777,15.28122907285531,2024
,,,42bcf2ec1c012f6e623bae54,time_value,,,1,2,2024-12-02,2024-12-02,,,732,,,2024-12-03,733,False,,,2024-12-02,,,,,,,"{""market_momentum"": 0.061532779966235296, ""market_volatility"": 0.007684733738372533, ""momentum"": 0.0017132314180285935, ""volatility"": 0.010080588399268777, ""volume_state"": 15.28122907285531}",assumed_next_daily_close,,42,0000005272,,0.061532779966235296,0.007684733738372533,0.0017132314180285935,,,,,,,915793df3a040cd0c802d9f2,False,,,,,,bounded_preclose_bid_ask,,,False,not_requested_for_horizon_or_variant,missing_decision_or_entry_bar,event,covered_call,,missing_decision_or_entry_bar,,,False,,H23,3,AIG,,double_cost,0.010080588399268777,15.28122907285531,2024
,,,42bcf2ec1c012f6e623bae54,time_value,,,1,2,2024-12-02,2024-12-02,,,732,,,2024-12-03,733,False,,,2024-12-02,,,,,,,"{""market_momentum"": 0.061532779966235296, ""market_volatility"": 0.007684733738372533, ""momentum"": 0.0017132314180285935, ""volatility"": 0.010080588399268777, ""volume_state"": 15.28122907285531}",assumed_next_daily_close,,42,0000005272,,0.061532779966235296,0.007684733738372533,0.0017132314180285935,,,,,,,915793df3a040cd0c802d9f2,False,,,,,,bounded_preclose_bid_ask,,,False,not_requested_for_horizon_or_variant,missing_decision_or_entry_bar,event,covered_call,,missing_decision_or_entry_bar,,,True,,H23,3,AIG,,double_cost,0.010080588399268777,15.28122907285531,2024
,,,42bcf2ec1c012f6e623bae54,time_value,,,1,2,2024-12-02,2024-12-02,,,732,,,2024-12-03,733,False,,,2024-12-02,,,,,,,"{""market_momentum"": 0.061532779966235296, ""market_volatility"": 0.007684733738372533, ""momentum"": 0.0017132314180285935, ""volatility"": 0.010080588399268777, ""volume_state"": 15.28122907285531}",assumed_next_daily_close,,63,0000005272,,0.061532779966235296,0.007684733738372533,0.0017132314180285935,,,,,,,915793df3a040cd0c802d9f2,False,,,,,,bounded_preclose_bid_ask,,,False,not_requested_for_horizon_or_variant,missing_decision_or_entry_bar,event,covered_call,,missing_decision_or_entry_bar,,,False,,H23,3,AIG,,double_cost,0.010080588399268777,15.28122907285531,2024
,,,42bcf2ec1c012f6e623bae54,time_value,,,1,2,2024-12-02,2024-12-02,,,732,,,2024-12-03,733,False,,,2024-12-02,,,,,,,"{""market_momentum"": 0.061532779966235296, ""market_volatility"": 0.007684733738372533, ""momentum"": 0.0017132314180285935, ""volatility"": 0.010080588399268777, ""volume_state"": 15.28122907285531}",assumed_next_daily_close,,63,0000005272,,0.061532779966235296,0.007684733738372533,0.0017132314180285935,,,,,,,915793df3a040cd0c802d9f2,False,,,,,,bounded_preclose_bid_ask,,,False,not_requested_for_horizon_or_variant,missing_decision_or_entry_bar,event,covered_call,,missing_decision_or_entry_bar,,,True,,H23,3,AIG,,double_cost,0.010080588399268777,15.28122907285531,2024
,,,42bcf2ec1c012f6e623bae54,time_value,,,1,2,2024-12-02,2024-12-02,,,732,,,2024-12-03,733,False,,,2024-12-02,,,,,,,"{""market_momentum"": 0.061532779966235296, ""market_volatility"": 0.007684733738372533, ""momentum"": 0.0017132314180285935, ""volatility"": 0.010080588399268777, ""volume_state"": 15.28122907285531}",assumed_next_daily_close,,expiry,0000005272,,0.061532779966235296,0.007684733738372533,0.0017132314180285935,,,,,,,915793df3a040cd0c802d9f2,False,,,,,,bounded_preclose_bid_ask,,,False,not_requested_for_horizon_or_variant,missing_decision_or_entry_bar,event,covered_call,,missing_decision_or_entry_bar,,,False,,H23,3,AIG,,double_cost,0.010080588399268777,15.28122907285531,2024
,,,42bcf2ec1c012f6e623bae54,time_value,,,1,2,2024-12-02,2024-12-02,,,732,,,2024-12-03,733,False,,,2024-12-02,,,,,,,"{""market_momentum"": 0.061532779966235296, ""market_volatility"": 0.007684733738372533, ""momentum"": 0.0017132314180285935, ""volatility"": 0.010080588399268777, ""volume_state"": 15.28122907285531}",assumed_next_daily_close,,expiry,0000005272,,0.061532779966235296,0.007684733738372533,0.0017132314180285935,,,,,,,915793df3a040cd0c802d9f2,False,,,,,,bounded_preclose_bid_ask,,,False,not_requested_for_horizon_or_variant,missing_decision_or_entry_bar,event,covered_call,,missing_decision_or_entry_bar,,,True,,H23,3,AIG,,double_cost,0.010080588399268777,15.28122907285531,2024
0.052222538148042785,2025-02-05,775,483a094e6de4a7b48abe2e87,time_value,139.4636,O:AXP250620P00300000,1,2,2025-02-03,2025-02-03,137,0.03525732158089281,773,0.0,0.009543083304309278,2025-02-04,774,True,2025-02-05,775,2025-02-03,1,1884457.0,2025-02-05,scheduled_exit,775,2025-06-20,"{""market_momentum"": 0.019946082446082425, ""market_volatility"": 0.008586738747058094, ""momentum"": 0.06651167492166166, ""volatility"": 0.014510064104480346, ""volume_state"": 14.792503336108494}",assumed_next_daily_close,31583.0,1,0000004962,0,0.019946082446082425,0.008586738747058094,0.06651167492166166,61.836799999996344,0.00195791406769453,150.6996,11.15,9.97,-117.99999999999997,578221006b234f3d17eb9f93,True,0.005714285714285714,175,4.08577579648522e-05,2447515.6,,bounded_preclose_bid_ask,,,False,not_requested_for_horizon_or_variant,,event,protective_put,100,completed,315.83,320.53,False,469.99999999999636,H23,3,AXP,290.1632,double_cost,0.014510064104480346,14.792503336108494,2025
0.052222538148042785,2025-02-05,775,483a094e6de4a7b48abe2e87,time_value,38.46359999999999,O:AXP250620P00300000,1,2,2025-02-03,2025-02-03,137,0.03525732158089281,773,0.0,0.00240000000000002,2025-02-04,774,True,2025-02-05,775,2025-02-03,1,1884457.0,2025-02-05,scheduled_exit,775,2025-06-20,"{""market_momentum"": 0.019946082446082425, ""market_volatility"": 0.008586738747058094, ""momentum"": 0.06651167492166166, ""volatility"": 0.014510064104480346, ""volume_state"": 14.792503336108494}",assumed_next_daily_close,31583.0,1,0000004962,0,0.019946082446082425,0.008586738747058094,0.06651167492166166,393.63679999999636,0.012463565842383445,37.8996,11.15,0.0,-0.0,578221006b234f3d17eb9f93,True,0.005714285714285714,175,4.08577579648522e-05,2447515.6,,bounded_preclose_bid_ask,,,False,not_requested_for_horizon_or_variant,,event,protective_put,100,completed,315.83,320.53,True,469.99999999999636,H23,3,AXP,76.36319999999999,double_cost,0.014510064104480346,14.792503336108494,2025
0.052222538148042785,2025-02-06,776,483a094e6de4a7b48abe2e87,time_value,139.618,O:AXP250620P00300000,1,2,2025-02-03,2025-02-03,137,0.03525732158089281,773,0.0,0.009543083304309278,2025-02-04,774,True,2025-02-06,776,2025-02-03,1,1884457.0,2025-02-06,scheduled_exit,776,2025-06-20,"{""market_momentum"": 0.019946082446082425, ""market_volatility"": 0.008586738747058094, ""momentum"": 0.06651167492166166, ""volatility"": 0.014510064104480346, ""volume_state"": 14.792503336108494}",assumed_next_daily_close,31583.0,2,0000004962,0,0.019946082446082425,0.008586738747058094,0.06651167492166166,25.682399999996363,0.00081317164297237,150.6996,11.15,9.99,-116.00000000000001,578221006b234f3d17eb9f93,True,0.005714285714285714,175,4.08577579648522e-05,2447515.6,,bounded_preclose_bid_ask,,,False,not_requested_for_horizon_or_variant,,event,protective_put,100,completed,315.83,320.15,False,431.99999999999636,H23,3,AXP,290.31759999999997,double_cost,0.014510064104480346,14.792503336108494,2025
0.052222538148042785,2025-02-06,776,483a094e6de4a7b48abe2e87,time_value,38.41799999999999,O:AXP250620P00300000,1,2,2025-02-03,2025-02-03,137,0.03525732158089281,773,0.0,0.00240000000000002,2025-02-04,774,True,2025-02-06,776,2025-02-03,1,1884457.0,2025-02-06,scheduled_exit,776,2025-06-20,"{""market_momentum"": 0.019946082446082425, ""market_volatility"": 0.008586738747058094, ""momentum"": 0.06651167492166166, ""volatility"": 0.014510064104480346, ""volume_state"": 14.792503336108494}",assumed_next_daily_close,31583.0,2,0000004962,0,0.019946082446082425,0.008586738747058094,0.06651167492166166,355.68239999999633,0.011261830731722646,37.8996,11.15,0.0,-0.0,578221006b234f3d17eb9f93,True,0.005714285714285714,175,4.08577579648522e-05,2447515.6,,bounded_preclose_bid_ask,,,False,not_requested_for_horizon_or_variant,,event,protective_put,100,completed,315.83,320.15,True,431.99999999999636,H23,3,AXP,76.3176,double_cost,0.014510064104480346,14.792503336108494,2025
0.052222538148042785,2025-02-07,777,483a094e6de4a7b48abe2e87,time_value,142.3124,O:AXP250620P00300000,1,2,2025-02-03,2025-02-03,137,0.03525732158089281,773,0.0,0.009543083304309278,2025-02-04,774,True,2025-02-07,777,2025-02-03,1,1884457.0,2025-02-07,scheduled_exit,777,2025-06-20,"{""market_momentum"": 0.019946082446082425, ""market_volatility"": 0.008586738747058094, ""momentum"": 0.06651167492166166, ""volatility"": 0.014510064104480346, ""volume_state"": 14.792503336108494}",assumed_next_daily_close,31583.0,3,0000004962,0,0.019946082446082425,0.008586738747058094,0.06651167492166166,-284.01199999999994,-0.008992559288224676,150.6996,11.15,10.3,-84.99999999999997,578221006b234f3d17eb9f93,True,0.005714285714285714,175,4.08577579648522e-05,2447515.6,,bounded_preclose_bid_ask,,,False,not_requested_for_horizon_or_variant,,event,protective_put,100,completed,315.83,316.77,False,94.0,H23,3,AXP,293.012,double_cost,0.014510064104480346,14.792503336108494,2025
0.052222538148042785,2025-02-07,777,483a094e6de4a7b48abe2e87,time_value,38.0124,O:AXP250620P00300000,1,2,2025-02-03,2025-02-03,137,0.03525732158089281,773,0.0,0.00240000000000002,2025-02-04,774,True,2025-02-07,777,2025-02-03,1,1884457.0,2025-02-07,scheduled_exit,777,2025-06-20,"{""market_momentum"": 0.019946082446082425, ""market_volatility"": 0.008586738747058094, ""momentum"": 0.06651167492166166, ""volatility"": 0.014510064104480346, ""volume_state"": 14.792503336108494}",assumed_next_daily_close,31583.0,3,0000004962,0,0.019946082446082425,0.008586738747058094,0.06651167492166166,18.088,0.0005727131684767122,37.8996,11.15,0.0,-0.0,578221006b234f3d17eb9f93,True,0.005714285714285714,175,4.08577579648522e-05,2447515.6,,bounded_preclose_bid_ask,,,False,not_requested_for_horizon_or_variant,,event,protective_put,100,completed,315.83,316.77,True,94.0,H23,3,AXP,75.912,double_cost,0.014510064104480346,14.792503336108494,2025
0.052222538148042785,2025-02-11,779,483a094e6de4a7b48abe2e87,time_value,164.7484,O:AXP250620P00300000,1,2,2025-02-03,2025-02-03,137,0.03525732158089281,773,0.0,0.025122629262577963,2025-02-04,774,True,2025-02-11,779,2025-02-03,1,1884457.0,2025-02-11,scheduled_exit,779,2025-06-20,"{""market_momentum"": 0.019946082446082425, ""market_volatility"": 0.008586738747058094, ""momentum"": 0.06651167492166166, ""volatility"": 0.014510064104480346, ""volume_state"": 14.792503336108494}",assumed_next_daily_close,31583.0,5,0000004962,0,0.019946082446082425,0.008586738747058094,0.06651167492166166,-793.4479999999999,-0.025122629262577963,150.6996,11.15,12.63,148.00000000000006,578221006b234f3d17eb9f93,True,0.005714285714285714,175,4.08577579648522e-05,2447515.6,,bounded_preclose_bid_ask,,,False,not_requested_for_horizon_or_variant,,event,protective_put,100,completed,315.83,309.57,False,-626.0,H23,3,AXP,315.448,double_cost,0.014510064104480346,14.792503336108494,2025
0.052222538148042785,2025-02-11,779,483a094e6de4a7b48abe2e87,time_value,37.148399999999995,O:AXP250620P00300000,1,2,2025-02-03,2025-02-03,137,0.03525732158089281,773,0.0,0.02219700471772789,2025-02-04,774,True,2025-02-11,779,2025-02-03,1,1884457.0,2025-02-11,scheduled_exit,779,2025-06-20,"{""market_momentum"": 0.019946082446082425, ""market_volatility"": 0.008586738747058094, ""momentum"": 0.06651167492166166, ""volatility"": 0.014510064104480346, ""volume_state"": 14.792503336108494}",assumed_next_daily_close,31583.0,5,0000004962,0,0.019946082446082425,0.008586738747058094,0.06651167492166166,-701.048,-0.02219700471772789,37.8996,11.15,0.0,-0.0,578221006b234f3d17eb9f93,True,0.005714285714285714,175,4.08577579648522e-05,2447515.6,,bounded_preclose_bid_ask,,,False,not_requested_for_horizon_or_variant,,event,protective_put,100,completed,315.83,309.57,True,-626.0,H23,3,AXP,75.048,double_cost,0.014510064104480346,14.792503336108494,2025
0.052222538148042785,2025-02-19,784,483a094e6de4a7b48abe2e87,time_value,157.0904,O:AXP250620P00300000,1,2,2025-02-03,2025-02-03,137,0.03525732158089281,773,0.0,0.03252596650096582,2025-02-04,774,True,2025-02-19,784,2025-02-03,1,1884457.0,2025-02-19,scheduled_exit,784,2025-06-20,"{""market_momentum"": 0.019946082446082425, ""market_volatility"": 0.008586738747058094, ""momentum"": 0.06651167492166166, ""volatility"": 0.014510064104480346, ""volume_state"": 14.792503336108494}",assumed_next_daily_close,31583.0,10,0000004962,0,0.019946082446082425,0.008586738747058094,0.06651167492166166,-827.7900000000002,-0.026209986385080587,150.6996,11.15,11.86,70.99999999999991,578221006b234f3d17eb9f93,True,0.005714285714285714,175,4.08577579648522e-05,2447515.6,,bounded_preclose_bid_ask,,,False,not_requested_for_horizon_or_variant,,event,protective_put,100,completed,315.83,309.92,False,-591.0,H23,3,AXP,307.78999999999996,double_cost,0.014510064104480346,14.792503336108494,2025
0.052222538148042785,2025-02-19,784,483a094e6de4a7b48abe2e87,time_value,37.1904,O:AXP250620P00300000,1,2,2025-02-03,2025-02-03,137,0.03525732158089281,773,0.0,0.03222200550929311,2025-02-04,774,True,2025-02-19,784,2025-02-03,1,1884457.0,2025-02-19,scheduled_exit,784,2025-06-20,"{""market_momentum"": 0.019946082446082425, ""market_volatility"": 0.008586738747058094, ""momentum"": 0.06651167492166166, ""volatility"": 0.014510064104480346, ""volume_state"": 14.792503336108494}",assumed_next_daily_close,31583.0,10,0000004962,0,0.019946082446082425,0.008586738747058094,0.06651167492166166,-666.0899999999999,-0.021090143431592944,37.8996,11.15,0.0,-0.0,578221006b234f3d17eb9f93,True,0.005714285714285714,175,4.08577579648522e-05,2447515.6,,bounded_preclose_bid_ask,,,False,not_requested_for_horizon_or_variant,,event,protective_put,100,completed,315.83,309.92,True,-591.0,H23,3,AXP,75.09,double_cost,0.014510064104480346,14.792503336108494,2025
0.052222538148042785,2025-03-06,795,483a094e6de4a7b48abe2e87,time_value,344.3768,O:AXP250620P00300000,1,2,2025-02-03,2025-02-03,137,0.03525732158089281,773,0.0,0.08007714276667828,2025-02-04,774,True,2025-03-06,795,2025-02-03,1,1884457.0,2025-03-06,scheduled_exit,795,2025-06-20,"{""market_momentum"": 0.019946082446082425, ""market_volatility"": 0.008586738747058094, ""momentum"": 0.06651167492166166, ""volatility"": 0.014510064104480346, ""volume_state"": 14.792503336108494}",assumed_next_daily_close,31583.0,21,0000004962,0,0.019946082446082425,0.008586738747058094,0.06651167492166166,-2529.0764,-0.08007714276667828,150.6996,11.15,31,1985.0000000000002,578221006b234f3d17eb9f93,True,0.005714285714285714,175,4.08577579648522e-05,2447515.6,,bounded_preclose_bid_ask,,,False,not_requested_for_horizon_or_variant,,event,protective_put,100,completed,315.83,275.64,False,-4019.0,H23,3,AXP,495.07640000000004,double_cost,0.014510064104480346,14.792503336108494,2025
0.052222538148042785,2025-03-06,795,483a094e6de4a7b48abe2e87,time_value,33.0768,O:AXP250620P00300000,1,2,2025-02-03,2025-02-03,137,0.03525732158089281,773,0.0,0.12949930025646708,2025-02-04,774,True,2025-03-06,795,2025-02-03,1,1884457.0,2025-03-06,scheduled_exit,795,2025-06-20,"{""market_momentum"": 0.019946082446082425, ""market_volatility"": 0.008586738747058094, ""momentum"": 0.06651167492166166, ""volatility"": 0.014510064104480346, ""volume_state"": 14.792503336108494}",assumed_next_daily_close,31583.0,21,0000004962,0,0.019946082446082425,0.008586738747058094,0.06651167492166166,-4089.9764,-0.12949930025646708,37.8996,11.15,0.0,-0.0,578221006b234f3d17eb9f93,True,0.005714285714285714,175,4.08577579648522e-05,2447515.6,,bounded_preclose_bid_ask,,,False,not_requested_for_horizon_or_variant,,event,protective_put,100,completed,315.83,275.64,True,-4019.0,H23,3,AXP,70.9764,double_cost,0.014510064104480346,14.792503336108494,2025
0.052222538148042785,2025-04-04,816,483a094e6de4a7b48abe2e87,time_value,704.5416,O:AXP250620P00300000,1,2,2025-02-03,2025-02-03,137,0.03525732158089281,773,82.0,,2025-02-04,774,True,2025-04-04,816,2025-02-03,1,1884457.0,2025-04-04,scheduled_exit,816,2025-06-20,"{""market_momentum"": 0.019946082446082425, ""market_volatility"": 0.008586738747058094, ""momentum"": 0.06651167492166166, ""volatility"": 0.014510064104480346, ""volume_state"": 14.792503336108494}",assumed_next_daily_close,31583.0,42,0000004962,4,0.019946082446082425,0.008586738747058094,0.06651167492166166,-3351.2412,-0.10610902067567995,150.6996,11.15,67.52,5637.0,578221006b234f3d17eb9f93,False,0.005714285714285714,175,4.08577579648522e-05,2447515.6,,bounded_preclose_bid_ask,,,False,not_requested_for_horizon_or_variant,,event,protective_put,100,completed,315.83,233.68,False,-8215.0,H23,3,AXP,855.2412,double_cost,0.014510064104480346,14.792503336108494,2025
0.052222538148042785,2025-04-04,816,483a094e6de4a7b48abe2e87,time_value,28.0416,O:AXP250620P00300000,1,2,2025-02-03,2025-02-03,137,0.03525732158089281,773,82.0,0.2595998226894215,2025-02-04,774,True,2025-04-04,816,2025-02-03,1,1884457.0,2025-04-04,scheduled_exit,816,2025-06-20,"{""market_momentum"": 0.019946082446082425, ""market_volatility"": 0.008586738747058094, ""momentum"": 0.06651167492166166, ""volatility"": 0.014510064104480346, ""volume_state"": 14.792503336108494}",assumed_next_daily_close,31583.0,42,0000004962,0,0.019946082446082425,0.008586738747058094,0.06651167492166166,-8198.9412,-0.2595998226894215,37.8996,11.15,0.0,-0.0,578221006b234f3d17eb9f93,True,0.005714285714285714,175,4.08577579648522e-05,2447515.6,,bounded_preclose_bid_ask,,,False,not_requested_for_horizon_or_variant,,event,protective_put,100,completed,315.83,233.68,True,-8215.0,H23,3,AXP,65.9412,double_cost,0.014510064104480346,14.792503336108494,2025
0.052222538148042785,2025-05-07,838,483a094e6de4a7b48abe2e87,time_value,280.0488,O:AXP250620P00300000,1,2,2025-02-03,2025-02-03,137,0.03525732158089281,773,82.0,,2025-02-04,774,False,2025-05-06,837,2025-02-03,1,1884457.0,2025-05-07,scheduled_exit,838,2025-06-20,"{""market_momentum"": 0.019946082446082425, ""market_volatility"": 0.008586738747058094, ""momentum"": 0.06651167492166166, ""volatility"": 0.014510064104480346, ""volume_state"": 14.792503336108494}",assumed_next_daily_close,31583.0,63,0000004962,7,0.019946082446082425,0.008586738747058094,0.06651167492166166,-2966.7484,-0.09393497767786467,150.6996,11.15,24.56,1340.9999999999998,578221006b234f3d17eb9f93,False,0.005714285714285714,175,4.08577579648522e-05,2447515.6,,bounded_preclose_bid_ask,,,False,not_requested_for_horizon_or_variant,,event,protective_put,100,completed,315.83,276.24,False,-3959.0,H23,3,AXP,430.74840000000006,double_cost,0.014510064104480346,14.792503336108494,2025
0.052222538148042785,2025-05-06,837,483a094e6de4a7b48abe2e87,time_value,33.044399999999996,O:AXP250620P00300000,1,2,2025-02-03,2025-02-03,137,0.03525732158089281,773,82.0,0.2668418579615616,2025-02-04,774,True,2025-05-06,837,2025-02-03,1,1884457.0,2025-05-06,scheduled_exit,837,2025-06-20,"{""market_momentum"": 0.019946082446082425, ""market_volatility"": 0.008586738747058094, ""momentum"": 0.06651167492166166, ""volatility"": 0.014510064104480346, ""volume_state"": 14.792503336108494}",assumed_next_daily_close,31583.0,63,0000004962,0,0.019946082446082425,0.008586738747058094,0.06651167492166166,-4034.9440000000004,-0.12775683120666181,37.8996,11.15,0.0,-0.0,578221006b234f3d17eb9f93,True,0.005714285714285714,175,4.08577579648522e-05,2447515.6,,bounded_preclose_bid_ask,,,False,not_requested_for_horizon_or_variant,,event,protective_put,100,completed,315.83,275.37,True,-4046.0,H23,3,AXP,70.94399999999999,double_cost,0.014510064104480346,14.792503336108494,2025
0.052222538148042785,2025-06-20,868,483a094e6de4a7b48abe2e87,time_value,37.3,O:AXP250620P00300000,1,2,2025-02-03,2025-02-03,137,0.03525732158089281,773,82.0,,2025-02-04,774,True,2025-06-20,868,2025-02-03,1,1884457.0,2025-06-20,modelled_physical_expiry,868,2025-06-20,"{""market_momentum"": 0.019946082446082425, ""market_volatility"": 0.008586738747058094, ""momentum"": 0.06651167492166166, ""volatility"": 0.014510064104480346, ""volume_state"": 14.792503336108494}",assumed_next_daily_close,31583.0,expiry,0000004962,7,0.019946082446082425,0.008586738747058094,0.06651167492166166,-2803.9996,-0.08878192698603679,150.6996,11.15,0.0,-1115.0,578221006b234f3d17eb9f93,False,0.005714285714285714,175,4.08577579648522e-05,2447515.6,,bounded_preclose_bid_ask,,,False,not_requested_for_horizon_or_variant,,event,protective_put,100,completed,315.83,300.0,False,-1583.0,H23,3,AXP,187.9996,double_cost,0.014510064104480346,14.792503336108494,2025
0.052222538148042785,2025-06-20,868,483a094e6de4a7b48abe2e87,time_value,35.83079999999999,O:AXP250620P00300000,1,2,2025-02-03,2025-02-03,137,0.03525732158089281,773,82.0,0.2668418579615616,2025-02-04,774,True,2025-06-20,868,2025-02-03,1,1884457.0,2025-06-20,scheduled_exit,868,2025-06-20,"{""market_momentum"": 0.019946082446082425, ""market_volatility"": 0.008586738747058094, ""momentum"": 0.06651167492166166, ""volatility"": 0.014510064104480346, ""volume_state"": 14.792503336108494}",assumed_next_daily_close,31583.0,expiry,0000004962,0,0.019946082446082425,0.008586738747058094,0.06651167492166166,-1715.7304000000036,-0.054324491023652076,37.8996,11.15,0.0,-0.0,578221006b234f3d17eb9f93,True,0.005714285714285714,175,4.08577579648522e-05,2447515.6,,bounded_preclose_bid_ask,,,False,not_requested_for_horizon_or_variant,,event,protective_put,100,completed,315.83,298.59,True,-1724.0000000000036,H23,3,AXP,73.73039999999999,double_cost,0.014510064104480346,14.792503336108494,2025
,,,4be481c23e97f3fc9fdbd537,time_value,,,1,2,2024-10-01,2024-10-01,,,689,,,2024-10-02,690,False,,,2025-03-26,,,,,,,"{""market_momentum"": 0.008763837638376515, ""market_volatility"": 0.008516893617383467, ""momentum"": 0.0753231017770597, ""volatility"": 0.03037397851474746, ""volume_state"": 17.310388834714}",assumed_next_daily_close,,1,0000002488,,0.008763837638376515,0.008516893617383467,0.0753231017770597,,,,,,,ee18e6990f1758a14789ca09,False,,,,,,bounded_preclose_bid_ask,,,False,not_requested_for_horizon_or_variant,no_standard_contract_within_rules,ordinary,covered_call,,no_standard_contract_within_rules,,,False,,H23,3,AMD,,double_cost,0.03037397851474746,17.310388834714,2024
,,,4be481c23e97f3fc9fdbd537,time_value,,,1,2,2024-10-01,2024-10-01,,,689,,,2024-10-02,690,False,,,2025-03-26,,,,,,,"{""market_momentum"": 0.008763837638376515, ""market_volatility"": 0.008516893617383467, ""momentum"": 0.0753231017770597, ""volatility"": 0.03037397851474746, ""volume_state"": 17.310388834714}",assumed_next_daily_close,,1,0000002488,,0.008763837638376515,0.008516893617383467,0.0753231017770597,,,,,,,ee18e6990f1758a14789ca09,False,,,,,,bounded_preclose_bid_ask,,,False,not_requested_for_horizon_or_variant,no_standard_contract_within_rules,ordinary,covered_call,,no_standard_contract_within_rules,,,True,,H23,3,AMD,,double_cost,0.03037397851474746,17.310388834714,2024
,,,4be481c23e97f3fc9fdbd537,time_value,,,1,2,2024-10-01,2024-10-01,,,689,,,2024-10-02,690,False,,,2025-03-26,,,,,,,"{""market_momentum"": 0.008763837638376515, ""market_volatility"": 0.008516893617383467, ""momentum"": 0.0753231017770597, ""volatility"": 0.03037397851474746, ""volume_state"": 17.310388834714}",assumed_next_daily_close,,2,0000002488,,0.008763837638376515,0.008516893617383467,0.0753231017770597,,,,,,,ee18e6990f1758a14789ca09,False,,,,,,bounded_preclose_bid_ask,,,False,not_requested_for_horizon_or_variant,no_standard_contract_within_rules,ordinary,covered_call,,no_standard_contract_within_rules,,,False,,H23,3,AMD,,double_cost,0.03037397851474746,17.310388834714,2024
,,,4be481c23e97f3fc9fdbd537,time_value,,,1,2,2024-10-01,2024-10-01,,,689,,,2024-10-02,690,False,,,2025-03-26,,,,,,,"{""market_momentum"": 0.008763837638376515, ""market_volatility"": 0.008516893617383467, ""momentum"": 0.0753231017770597, ""volatility"": 0.03037397851474746, ""volume_state"": 17.310388834714}",assumed_next_daily_close,,2,0000002488,,0.008763837638376515,0.008516893617383467,0.0753231017770597,,,,,,,ee18e6990f1758a14789ca09,False,,,,,,bounded_preclose_bid_ask,,,False,not_requested_for_horizon_or_variant,no_standard_contract_within_rules,ordinary,covered_call,,no_standard_contract_within_rules,,,True,,H23,3,AMD,,double_cost,0.03037397851474746,17.310388834714,2024
,,,4be481c23e97f3fc9fdbd537,time_value,,,1,2,2024-10-01,2024-10-01,,,689,,,2024-10-02,690,False,,,2025-03-26,,,,,,,"{""market_momentum"": 0.008763837638376515, ""market_volatility"": 0.008516893617383467, ""momentum"": 0.0753231017770597, ""volatility"": 0.03037397851474746, ""volume_state"": 17.310388834714}",assumed_next_daily_close,,3,0000002488,,0.008763837638376515,0.008516893617383467,0.0753231017770597,,,,,,,ee18e6990f1758a14789ca09,False,,,,,,bounded_preclose_bid_ask,,,False,not_requested_for_horizon_or_variant,no_standard_contract_within_rules,ordinary,covered_call,,no_standard_contract_within_rules,,,False,,H23,3,AMD,,double_cost,0.03037397851474746,17.310388834714,2024
,,,4be481c23e97f3fc9fdbd537,time_value,,,1,2,2024-10-01,2024-10-01,,,689,,,2024-10-02,690,False,,,2025-03-26,,,,,,,"{""market_momentum"": 0.008763837638376515, ""market_volatility"": 0.008516893617383467, ""momentum"": 0.0753231017770597, ""volatility"": 0.03037397851474746, ""volume_state"": 17.310388834714}",assumed_next_daily_close,,3,0000002488,,0.008763837638376515,0.008516893617383467,0.0753231017770597,,,,,,,ee18e6990f1758a14789ca09,False,,,,,,bounded_preclose_bid_ask,,,False,not_requested_for_horizon_or_variant,no_standard_contract_within_rules,ordinary,covered_call,,no_standard_contract_within_rules,,,True,,H23,3,AMD,,double_cost,0.03037397851474746,17.310388834714,2024
,,,4be481c23e97f3fc9fdbd537,time_value,,,1,2,2024-10-01,2024-10-01,,,689,,,2024-10-02,690,False,,,2025-03-26,,,,,,,"{""market_momentum"": 0.008763837638376515, ""market_volatility"": 0.008516893617383467, ""momentum"": 0.0753231017770597, ""volatility"": 0.03037397851474746, ""volume_state"": 17.310388834714}",assumed_next_daily_close,,5,0000002488,,0.008763837638376515,0.008516893617383467,0.0753231017770597,,,,,,,ee18e6990f1758a14789ca09,False,,,,,,bounded_preclose_bid_ask,,,False,not_requested_for_horizon_or_variant,no_standard_contract_within_rules,ordinary,covered_call,,no_standard_contract_within_rules,,,False,,H23,3,AMD,,double_cost,0.03037397851474746,17.310388834714,2024
,,,4be481c23e97f3fc9fdbd537,time_value,,,1,2,2024-10-01,2024-10-01,,,689,,,2024-10-02,690,False,,,2025-03-26,,,,,,,"{""market_momentum"": 0.008763837638376515, ""market_volatility"": 0.008516893617383467, ""momentum"": 0.0753231017770597, ""volatility"": 0.03037397851474746, ""volume_state"": 17.310388834714}",assumed_next_daily_close,,5,0000002488,,0.008763837638376515,0.008516893617383467,0.0753231017770597,,,,,,,ee18e6990f1758a14789ca09,False,,,,,,bounded_preclose_bid_ask,,,False,not_requested_for_horizon_or_variant,no_standard_contract_within_rules,ordinary,covered_call,,no_standard_contract_within_rules,,,True,,H23,3,AMD,,double_cost,0.03037397851474746,17.310388834714,2024
,,,4be481c23e97f3fc9fdbd537,time_value,,,1,2,2024-10-01,2024-10-01,,,689,,,2024-10-02,690,False,,,2025-03-26,,,,,,,"{""market_momentum"": 0.008763837638376515, ""market_volatility"": 0.008516893617383467, ""momentum"": 0.0753231017770597, ""volatility"": 0.03037397851474746, ""volume_state"": 17.310388834714}",assumed_next_daily_close,,10,0000002488,,0.008763837638376515,0.008516893617383467,0.0753231017770597,,,,,,,ee18e6990f1758a14789ca09,False,,,,,,bounded_preclose_bid_ask,,,False,not_requested_for_horizon_or_variant,no_standard_contract_within_rules,ordinary,covered_call,,no_standard_contract_within_rules,,,False,,H23,3,AMD,,double_cost,0.03037397851474746,17.310388834714,2024
,,,4be481c23e97f3fc9fdbd537,time_value,,,1,2,2024-10-01,2024-10-01,,,689,,,2024-10-02,690,False,,,2025-03-26,,,,,,,"{""market_momentum"": 0.008763837638376515, ""market_volatility"": 0.008516893617383467, ""momentum"": 0.0753231017770597, ""volatility"": 0.03037397851474746, ""volume_state"": 17.310388834714}",assumed_next_daily_close,,10,0000002488,,0.008763837638376515,0.008516893617383467,0.0753231017770597,,,,,,,ee18e6990f1758a14789ca09,False,,,,,,bounded_preclose_bid_ask,,,False,not_requested_for_horizon_or_variant,no_standard_contract_within_rules,ordinary,covered_call,,no_standard_contract_within_rules,,,True,,H23,3,AMD,,double_cost,0.03037397851474746,17.310388834714,2024
,,,4be481c23e97f3fc9fdbd537,time_value,,,1,2,2024-10-01,2024-10-01,,,689,,,2024-10-02,690,False,,,2025-03-26,,,,,,,"{""market_momentum"": 0.008763837638376515, ""market_volatility"": 0.008516893617383467, ""momentum"": 0.0753231017770597, ""volatility"": 0.03037397851474746, ""volume_state"": 17.310388834714}",assumed_next_daily_close,,21,0000002488,,0.008763837638376515,0.008516893617383467,0.0753231017770597,,,,,,,ee18e6990f1758a14789ca09,False,,,,,,bounded_preclose_bid_ask,,,False,not_requested_for_horizon_or_variant,no_standard_contract_within_rules,ordinary,covered_call,,no_standard_contract_within_rules,,,False,,H23,3,AMD,,double_cost,0.03037397851474746,17.310388834714,2024
,,,4be481c23e97f3fc9fdbd537,time_value,,,1,2,2024-10-01,2024-10-01,,,689,,,2024-10-02,690,False,,,2025-03-26,,,,,,,"{""market_momentum"": 0.008763837638376515, ""market_volatility"": 0.008516893617383467, ""momentum"": 0.0753231017770597, ""volatility"": 0.03037397851474746, ""volume_state"": 17.310388834714}",assumed_next_daily_close,,21,0000002488,,0.008763837638376515,0.008516893617383467,0.0753231017770597,,,,,,,ee18e6990f1758a14789ca09,False,,,,,,bounded_preclose_bid_ask,,,False,not_requested_for_horizon_or_variant,no_standard_contract_within_rules,ordinary,covered_call,,no_standard_contract_within_rules,,,True,,H23,3,AMD,,double_cost,0.03037397851474746,17.310388834714,2024
,,,4be481c23e97f3fc9fdbd537,time_value,,,1,2,2024-10-01,2024-10-01,,,689,,,2024-10-02,690,False,,,2025-03-26,,,,,,,"{""market_momentum"": 0.008763837638376515, ""market_volatility"": 0.008516893617383467, ""momentum"": 0.0753231017770597, ""volatility"": 0.03037397851474746, ""volume_state"": 17.310388834714}",assumed_next_daily_close,,42,0000002488,,0.008763837638376515,0.008516893617383467,0.0753231017770597,,,,,,,ee18e6990f1758a14789ca09,False,,,,,,bounded_preclose_bid_ask,,,False,not_requested_for_horizon_or_variant,no_standard_contract_within_rules,ordinary,covered_call,,no_standard_contract_within_rules,,,False,,H23,3,AMD,,double_cost,0.03037397851474746,17.310388834714,2024
,,,4be481c23e97f3fc9fdbd537,time_value,,,1,2,2024-10-01,2024-10-01,,,689,,,2024-10-02,690,False,,,2025-03-26,,,,,,,"{""market_momentum"": 0.008763837638376515, ""market_volatility"": 0.008516893617383467, ""momentum"": 0.0753231017770597, ""volatility"": 0.03037397851474746, ""volume_state"": 17.310388834714}",assumed_next_daily_close,,42,0000002488,,0.008763837638376515,0.008516893617383467,0.0753231017770597,,,,,,,ee18e6990f1758a14789ca09,False,,,,,,bounded_preclose_bid_ask,,,False,not_requested_for_horizon_or_variant,no_standard_contract_within_rules,ordinary,covered_call,,no_standard_contract_within_rules,,,True,,H23,3,AMD,,double_cost,0.03037397851474746,17.310388834714,2024
,,,4be481c23e97f3fc9fdbd537,time_value,,,1,2,2024-10-01,2024-10-01,,,689,,,2024-10-02,690,False,,,2025-03-26,,,,,,,"{""market_momentum"": 0.008763837638376515, ""market_volatility"": 0.008516893617383467, ""momentum"": 0.0753231017770597, ""volatility"": 0.03037397851474746, ""volume_state"": 17.310388834714}",assumed_next_daily_close,,63,0000002488,,0.008763837638376515,0.008516893617383467,0.0753231017770597,,,,,,,ee18e6990f1758a14789ca09,False,,,,,,bounded_preclose_bid_ask,,,False,not_requested_for_horizon_or_variant,no_standard_contract_within_rules,ordinary,covered_call,,no_standard_contract_within_rules,,,False,,H23,3,AMD,,double_cost,0.03037397851474746,17.310388834714,2024
,,,4be481c23e97f3fc9fdbd537,time_value,,,1,2,2024-10-01,2024-10-01,,,689,,,2024-10-02,690,False,,,2025-03-26,,,,,,,"{""market_momentum"": 0.008763837638376515, ""market_volatility"": 0.008516893617383467, ""momentum"": 0.0753231017770597, ""volatility"": 0.03037397851474746, ""volume_state"": 17.310388834714}",assumed_next_daily_close,,63,0000002488,,0.008763837638376515,0.008516893617383467,0.0753231017770597,,,,,,,ee18e6990f1758a14789ca09,False,,,,,,bounded_preclose_bid_ask,,,False,not_requested_for_horizon_or_variant,no_standard_contract_within_rules,ordinary,covered_call,,no_standard_contract_within_rules,,,True,,H23,3,AMD,,double_cost,0.03037397851474746,17.310388834714,2024
,,,4be481c23e97f3fc9fdbd537,time_value,,,1,2,2024-10-01,2024-10-01,,,689,,,2024-10-02,690,False,,,2025-03-26,,,,,,,"{""market_momentum"": 0.008763837638376515, ""market_volatility"": 0.008516893617383467, ""momentum"": 0.0753231017770597, ""volatility"": 0.03037397851474746, ""volume_state"": 17.310388834714}",assumed_next_daily_close,,expiry,0000002488,,0.008763837638376515,0.008516893617383467,0.0753231017770597,,,,,,,ee18e6990f1758a14789ca09,False,,,,,,bounded_preclose_bid_ask,,,False,not_requested_for_horizon_or_variant,no_standard_contract_within_rules,ordinary,covered_call,,no_standard_contract_within_rules,,,False,,H23,3,AMD,,double_cost,0.03037397851474746,17.310388834714,2024
,,,4be481c23e97f3fc9fdbd537,time_value,,,1,2,2024-10-01,2024-10-01,,,689,,,2024-10-02,690,False,,,2025-03-26,,,,,,,"{""market_momentum"": 0.008763837638376515, ""market_volatility"": 0.008516893617383467, ""momentum"": 0.0753231017770597, ""volatility"": 0.03037397851474746, ""volume_state"": 17.310388834714}",assumed_next_daily_close,,expiry,0000002488,,0.008763837638376515,0.008516893617383467,0.0753231017770597,,,,,,,ee18e6990f1758a14789ca09,False,,,,,,bounded_preclose_bid_ask,,,False,not_requested_for_horizon_or_variant,no_standard_contract_within_rules,ordinary,covered_call,,no_standard_contract_within_rules,,,True,,H23,3,AMD,,double_cost,0.03037397851474746,17.310388834714,2024
,,,518eff1caa7161145a81dc47,time_value,,,1,2,2023-04-25,2023-04-25,,,328,,,2023-04-26,329,False,,,2023-11-01,,,,,,,"{""market_momentum"": 0.02610233733417555, ""market_volatility"": 0.006959160216222656, ""momentum"": -0.02290649643259479, ""volatility"": 0.014829512563819048, ""volume_state"": 15.055628071919148}",assumed_next_daily_close,,1,0000004962,,0.02610233733417555,0.006959160216222656,-0.02290649643259479,,,,,,,22d1881c2853de058df960bd,False,,,,,,bounded_preclose_bid_ask,,,False,not_requested_for_horizon_or_variant,thin_prior_option_volume,ordinary,covered_call,,thin_prior_option_volume,,,False,,H23,3,AXP,,double_cost,0.014829512563819048,15.055628071919148,2023
,,,518eff1caa7161145a81dc47,time_value,,,1,2,2023-04-25,2023-04-25,,,328,,,2023-04-26,329,False,,,2023-11-01,,,,,,,"{""market_momentum"": 0.02610233733417555, ""market_volatility"": 0.006959160216222656, ""momentum"": -0.02290649643259479, ""volatility"": 0.014829512563819048, ""volume_state"": 15.055628071919148}",assumed_next_daily_close,,1,0000004962,,0.02610233733417555,0.006959160216222656,-0.02290649643259479,,,,,,,22d1881c2853de058df960bd,False,,,,,,bounded_preclose_bid_ask,,,False,not_requested_for_horizon_or_variant,thin_prior_option_volume,ordinary,covered_call,,thin_prior_option_volume,,,True,,H23,3,AXP,,double_cost,0.014829512563819048,15.055628071919148,2023
,,,518eff1caa7161145a81dc47,time_value,,,1,2,2023-04-25,2023-04-25,,,328,,,2023-04-26,329,False,,,2023-11-01,,,,,,,"{""market_momentum"": 0.02610233733417555, ""market_volatility"": 0.006959160216222656, ""momentum"": -0.02290649643259479, ""volatility"": 0.014829512563819048, ""volume_state"": 15.055628071919148}",assumed_next_daily_close,,2,0000004962,,0.02610233733417555,0.006959160216222656,-0.02290649643259479,,,,,,,22d1881c2853de058df960bd,False,,,,,,bounded_preclose_bid_ask,,,False,not_requested_for_horizon_or_variant,thin_prior_option_volume,ordinary,covered_call,,thin_prior_option_volume,,,False,,H23,3,AXP,,double_cost,0.014829512563819048,15.055628071919148,2023
,,,518eff1caa7161145a81dc47,time_value,,,1,2,2023-04-25,2023-04-25,,,328,,,2023-04-26,329,False,,,2023-11-01,,,,,,,"{""market_momentum"": 0.02610233733417555, ""market_volatility"": 0.006959160216222656, ""momentum"": -0.02290649643259479, ""volatility"": 0.014829512563819048, ""volume_state"": 15.055628071919148}",assumed_next_daily_close,,2,0000004962,,0.02610233733417555,0.006959160216222656,-0.02290649643259479,,,,,,,22d1881c2853de058df960bd,False,,,,,,bounded_preclose_bid_ask,,,False,not_requested_for_horizon_or_variant,thin_prior_option_volume,ordinary,covered_call,,thin_prior_option_volume,,,True,,H23,3,AXP,,double_cost,0.014829512563819048,15.055628071919148,2023
,,,518eff1caa7161145a81dc47,time_value,,,1,2,2023-04-25,2023-04-25,,,328,,,2023-04-26,329,False,,,2023-11-01,,,,,,,"{""market_momentum"": 0.02610233733417555, ""market_volatility"": 0.006959160216222656, ""momentum"": -0.02290649643259479, ""volatility"": 0.014829512563819048, ""volume_state"": 15.055628071919148}",assumed_next_daily_close,,3,0000004962,,0.02610233733417555,0.006959160216222656,-0.02290649643259479,,,,,,,22d1881c2853de058df960bd,False,,,,,,bounded_preclose_bid_ask,,,False,not_requested_for_horizon_or_variant,thin_prior_option_volume,ordinary,covered_call,,thin_prior_option_volume,,,False,,H23,3,AXP,,double_cost,0.014829512563819048,15.055628071919148,2023
,,,518eff1caa7161145a81dc47,time_value,,,1,2,2023-04-25,2023-04-25,,,328,,,2023-04-26,329,False,,,2023-11-01,,,,,,,"{""market_momentum"": 0.02610233733417555, ""market_volatility"": 0.006959160216222656, ""momentum"": -0.02290649643259479, ""volatility"": 0.014829512563819048, ""volume_state"": 15.055628071919148}",assumed_next_daily_close,,3,0000004962,,0.02610233733417555,0.006959160216222656,-0.02290649643259479,,,,,,,22d1881c2853de058df960bd,False,,,,,,bounded_preclose_bid_ask,,,False,not_requested_for_horizon_or_variant,thin_prior_option_volume,ordinary,covered_call,,thin_prior_option_volume,,,True,,H23,3,AXP,,double_cost,0.014829512563819048,15.055628071919148,2023
,,,518eff1caa7161145a81dc47,time_value,,,1,2,2023-04-25,2023-04-25,,,328,,,2023-04-26,329,False,,,2023-11-01,,,,,,,"{""market_momentum"": 0.02610233733417555, ""market_volatility"": 0.006959160216222656, ""momentum"": -0.02290649643259479, ""volatility"": 0.014829512563819048, ""volume_state"": 15.055628071919148}",assumed_next_daily_close,,5,0000004962,,0.02610233733417555,0.006959160216222656,-0.02290649643259479,,,,,,,22d1881c2853de058df960bd,False,,,,,,bounded_preclose_bid_ask,,,False,not_requested_for_horizon_or_variant,thin_prior_option_volume,ordinary,covered_call,,thin_prior_option_volume,,,False,,H23,3,AXP,,double_cost,0.014829512563819048,15.055628071919148,2023
,,,518eff1caa7161145a81dc47,time_value,,,1,2,2023-04-25,2023-04-25,,,328,,,2023-04-26,329,False,,,2023-11-01,,,,,,,"{""market_momentum"": 0.02610233733417555, ""market_volatility"": 0.006959160216222656, ""momentum"": -0.02290649643259479, ""volatility"": 0.014829512563819048, ""volume_state"": 15.055628071919148}",assumed_next_daily_close,,5,0000004962,,0.02610233733417555,0.006959160216222656,-0.02290649643259479,,,,,,,22d1881c2853de058df960bd,False,,,,,,bounded_preclose_bid_ask,,,False,not_requested_for_horizon_or_variant,thin_prior_option_volume,ordinary,covered_call,,thin_prior_option_volume,,,True,,H23,3,AXP,,double_cost,0.014829512563819048,15.055628071919148,2023
,,,518eff1caa7161145a81dc47,time_value,,,1,2,2023-04-25,2023-04-25,,,328,,,2023-04-26,329,False,,,2023-11-01,,,,,,,"{""market_momentum"": 0.02610233733417555, ""market_volatility"": 0.006959160216222656, ""momentum"": -0.02290649643259479, ""volatility"": 0.014829512563819048, ""volume_state"": 15.055628071919148}",assumed_next_daily_close,,10,0000004962,,0.02610233733417555,0.006959160216222656,-0.02290649643259479,,,,,,,22d1881c2853de058df960bd,False,,,,,,bounded_preclose_bid_ask,,,False,not_requested_for_horizon_or_variant,thin_prior_option_volume,ordinary,covered_call,,thin_prior_option_volume,,,False,,H23,3,AXP,,double_cost,0.014829512563819048,15.055628071919148,2023
,,,518eff1caa7161145a81dc47,time_value,,,1,2,2023-04-25,2023-04-25,,,328,,,2023-04-26,329,False,,,2023-11-01,,,,,,,"{""market_momentum"": 0.02610233733417555, ""market_volatility"": 0.006959160216222656, ""momentum"": -0.02290649643259479, ""volatility"": 0.014829512563819048, ""volume_state"": 15.055628071919148}",assumed_next_daily_close,,10,0000004962,,0.02610233733417555,0.006959160216222656,-0.02290649643259479,,,,,,,22d1881c2853de058df960bd,False,,,,,,bounded_preclose_bid_ask,,,False,not_requested_for_horizon_or_variant,thin_prior_option_volume,ordinary,covered_call,,thin_prior_option_volume,,,True,,H23,3,AXP,,double_cost,0.014829512563819048,15.055628071919148,2023
,,,518eff1caa7161145a81dc47,time_value,,,1,2,2023-04-25,2023-04-25,,,328,,,2023-04-26,329,False,,,2023-11-01,,,,,,,"{""market_momentum"": 0.02610233733417555, ""market_volatility"": 0.006959160216222656, ""momentum"": -0.02290649643259479, ""volatility"": 0.014829512563819048, ""volume_state"": 15.055628071919148}",assumed_next_daily_close,,21,0000004962,,0.02610233733417555,0.006959160216222656,-0.02290649643259479,,,,,,,22d1881c2853de058df960bd,False,,,,,,bounded_preclose_bid_ask,,,False,not_requested_for_horizon_or_variant,thin_prior_option_volume,ordinary,covered_call,,thin_prior_option_volume,,,False,,H23,3,AXP,,double_cost,0.014829512563819048,15.055628071919148,2023
,,,518eff1caa7161145a81dc47,time_value,,,1,2,2023-04-25,2023-04-25,,,328,,,2023-04-26,329,False,,,2023-11-01,,,,,,,"{""market_momentum"": 0.02610233733417555, ""market_volatility"": 0.006959160216222656, ""momentum"": -0.02290649643259479, ""volatility"": 0.014829512563819048, ""volume_state"": 15.055628071919148}",assumed_next_daily_close,,21,0000004962,,0.02610233733417555,0.006959160216222656,-0.02290649643259479,,,,,,,22d1881c2853de058df960bd,False,,,,,,bounded_preclose_bid_ask,,,False,not_requested_for_horizon_or_variant,thin_prior_option_volume,ordinary,covered_call,,thin_prior_option_volume,,,True,,H23,3,AXP,,double_cost,0.014829512563819048,15.055628071919148,2023
,,,518eff1caa7161145a81dc47,time_value,,,1,2,2023-04-25,2023-04-25,,,328,,,2023-04-26,329,False,,,2023-11-01,,,,,,,"{""market_momentum"": 0.02610233733417555, ""market_volatility"": 0.006959160216222656, ""momentum"": -0.02290649643259479, ""volatility"": 0.014829512563819048, ""volume_state"": 15.055628071919148}",assumed_next_daily_close,,42,0000004962,,0.02610233733417555,0.006959160216222656,-0.02290649643259479,,,,,,,22d1881c2853de058df960bd,False,,,,,,bounded_preclose_bid_ask,,,False,not_requested_for_horizon_or_variant,thin_prior_option_volume,ordinary,covered_call,,thin_prior_option_volume,,,False,,H23,3,AXP,,double_cost,0.014829512563819048,15.055628071919148,2023
,,,518eff1caa7161145a81dc47,time_value,,,1,2,2023-04-25,2023-04-25,,,328,,,2023-04-26,329,False,,,2023-11-01,,,,,,,"{""market_momentum"": 0.02610233733417555, ""market_volatility"": 0.006959160216222656, ""momentum"": -0.02290649643259479, ""volatility"": 0.014829512563819048, ""volume_state"": 15.055628071919148}",assumed_next_daily_close,,42,0000004962,,0.02610233733417555,0.006959160216222656,-0.02290649643259479,,,,,,,22d1881c2853de058df960bd,False,,,,,,bounded_preclose_bid_ask,,,False,not_requested_for_horizon_or_variant,thin_prior_option_volume,ordinary,covered_call,,thin_prior_option_volume,,,True,,H23,3,AXP,,double_cost,0.014829512563819048,15.055628071919148,2023
,,,518eff1caa7161145a81dc47,time_value,,,1,2,2023-04-25,2023-04-25,,,328,,,2023-04-26,329,False,,,2023-11-01,,,,,,,"{""market_momentum"": 0.02610233733417555, ""market_volatility"": 0.006959160216222656, ""momentum"": -0.02290649643259479, ""volatility"": 0.014829512563819048, ""volume_state"": 15.055628071919148}",assumed_next_daily_close,,63,0000004962,,0.02610233733417555,0.006959160216222656,-0.02290649643259479,,,,,,,22d1881c2853de058df960bd,False,,,,,,bounded_preclose_bid_ask,,,False,not_requested_for_horizon_or_variant,thin_prior_option_volume,ordinary,covered_call,,thin_prior_option_volume,,,False,,H23,3,AXP,,double_cost,0.014829512563819048,15.055628071919148,2023
,,,518eff1caa7161145a81dc47,time_value,,,1,2,2023-04-25,2023-04-25,,,328,,,2023-04-26,329,False,,,2023-11-01,,,,,,,"{""market_momentum"": 0.02610233733417555, ""market_volatility"": 0.006959160216222656, ""momentum"": -0.02290649643259479, ""volatility"": 0.014829512563819048, ""volume_state"": 15.055628071919148}",assumed_next_daily_close,,63,0000004962,,0.02610233733417555,0.006959160216222656,-0.02290649643259479,,,,,,,22d1881c2853de058df960bd,False,,,,,,bounded_preclose_bid_ask,,,False,not_requested_for_horizon_or_variant,thin_prior_option_volume,ordinary,covered_call,,thin_prior_option_volume,,,True,,H23,3,AXP,,double_cost,0.014829512563819048,15.055628071919148,2023
,,,518eff1caa7161145a81dc47,time_value,,,1,2,2023-04-25,2023-04-25,,,328,,,2023-04-26,329,False,,,2023-11-01,,,,,,,"{""market_momentum"": 0.02610233733417555, ""market_volatility"": 0.006959160216222656, ""momentum"": -0.02290649643259479, ""volatility"": 0.014829512563819048, ""volume_state"": 15.055628071919148}",assumed_next_daily_close,,expiry,0000004962,,0.02610233733417555,0.006959160216222656,-0.02290649643259479,,,,,,,22d1881c2853de058df960bd,False,,,,,,bounded_preclose_bid_ask,,,False,not_requested_for_horizon_or_variant,thin_prior_option_volume,ordinary,covered_call,,thin_prior_option_volume,,,False,,H23,3,AXP,,double_cost,0.014829512563819048,15.055628071919148,2023
,,,518eff1caa7161145a81dc47,time_value,,,1,2,2023-04-25,2023-04-25,,,328,,,2023-04-26,329,False,,,2023-11-01,,,,,,,"{""market_momentum"": 0.02610233733417555, ""market_volatility"": 0.006959160216222656, ""momentum"": -0.02290649643259479, ""volatility"": 0.014829512563819048, ""volume_state"": 15.055628071919148}",assumed_next_daily_close,,expiry,0000004962,,0.02610233733417555,0.006959160216222656,-0.02290649643259479,,,,,,,22d1881c2853de058df960bd,False,,,,,,bounded_preclose_bid_ask,,,False,not_requested_for_horizon_or_variant,thin_prior_option_volume,ordinary,covered_call,,thin_prior_option_volume,,,True,,H23,3,AXP,,double_cost,0.014829512563819048,15.055628071919148,2023
,,,51b908fd0655da190b3ce3b6,time_value,,,1,2,2024-12-02,2024-12-02,,,732,,,2024-12-03,733,False,,,2024-12-02,,,,,,,"{""market_momentum"": 0.061532779966235296, ""market_volatility"": 0.007684733738372533, ""momentum"": 0.0017132314180285935, ""volatility"": 0.010080588399268777, ""volume_state"": 15.28122907285531}",assumed_next_daily_close,,1,0000005272,,0.061532779966235296,0.007684733738372533,0.0017132314180285935,,,,,,,915793df3a040cd0c802d9f2,False,,,,,,bounded_preclose_bid_ask,,,False,not_requested_for_horizon_or_variant,missing_decision_or_entry_bar,event,protective_put,,missing_decision_or_entry_bar,,,False,,H23,3,AIG,,double_cost,0.010080588399268777,15.28122907285531,2024
,,,51b908fd0655da190b3ce3b6,time_value,,,1,2,2024-12-02,2024-12-02,,,732,,,2024-12-03,733,False,,,2024-12-02,,,,,,,"{""market_momentum"": 0.061532779966235296, ""market_volatility"": 0.007684733738372533, ""momentum"": 0.0017132314180285935, ""volatility"": 0.010080588399268777, ""volume_state"": 15.28122907285531}",assumed_next_daily_close,,1,0000005272,,0.061532779966235296,0.007684733738372533,0.0017132314180285935,,,,,,,915793df3a040cd0c802d9f2,False,,,,,,bounded_preclose_bid_ask,,,False,not_requested_for_horizon_or_variant,missing_decision_or_entry_bar,event,protective_put,,missing_decision_or_entry_bar,,,True,,H23,3,AIG,,double_cost,0.010080588399268777,15.28122907285531,2024
,,,51b908fd0655da190b3ce3b6,time_value,,,1,2,2024-12-02,2024-12-02,,,732,,,2024-12-03,733,False,,,2024-12-02,,,,,,,"{""market_momentum"": 0.061532779966235296, ""market_volatility"": 0.007684733738372533, ""momentum"": 0.0017132314180285935, ""volatility"": 0.010080588399268777, ""volume_state"": 15.28122907285531}",assumed_next_daily_close,,2,0000005272,,0.061532779966235296,0.007684733738372533,0.0017132314180285935,,,,,,,915793df3a040cd0c802d9f2,False,,,,,,bounded_preclose_bid_ask,,,False,not_requested_for_horizon_or_variant,missing_decision_or_entry_bar,event,protective_put,,missing_decision_or_entry_bar,,,False,,H23,3,AIG,,double_cost,0.010080588399268777,15.28122907285531,2024
,,,51b908fd0655da190b3ce3b6,time_value,,,1,2,2024-12-02,2024-12-02,,,732,,,2024-12-03,733,False,,,2024-12-02,,,,,,,"{""market_momentum"": 0.061532779966235296, ""market_volatility"": 0.007684733738372533, ""momentum"": 0.0017132314180285935, ""volatility"": 0.010080588399268777, ""volume_state"": 15.28122907285531}",assumed_next_daily_close,,2,0000005272,,0.061532779966235296,0.007684733738372533,0.0017132314180285935,,,,,,,915793df3a040cd0c802d9f2,False,,,,,,bounded_preclose_bid_ask,,,False,not_requested_for_horizon_or_variant,missing_decision_or_entry_bar,event,protective_put,,missing_decision_or_entry_bar,,,True,,H23,3,AIG,,double_cost,0.010080588399268777,15.28122907285531,2024
,,,51b908fd0655da190b3ce3b6,time_value,,,1,2,2024-12-02,2024-12-02,,,732,,,2024-12-03,733,False,,,2024-12-02,,,,,,,"{""market_momentum"": 0.061532779966235296, ""market_volatility"": 0.007684733738372533, ""momentum"": 0.0017132314180285935, ""volatility"": 0.010080588399268777, ""volume_state"": 15.28122907285531}",assumed_next_daily_close,,3,0000005272,,0.061532779966235296,0.007684733738372533,0.0017132314180285935,,,,,,,915793df3a040cd0c802d9f2,False,,,,,,bounded_preclose_bid_ask,,,False,not_requested_for_horizon_or_variant,missing_decision_or_entry_bar,event,protective_put,,missing_decision_or_entry_bar,,,False,,H23,3,AIG,,double_cost,0.010080588399268777,15.28122907285531,2024
,,,51b908fd0655da190b3ce3b6,time_value,,,1,2,2024-12-02,2024-12-02,,,732,,,2024-12-03,733,False,,,2024-12-02,,,,,,,"{""market_momentum"": 0.061532779966235296, ""market_volatility"": 0.007684733738372533, ""momentum"": 0.0017132314180285935, ""volatility"": 0.010080588399268777, ""volume_state"": 15.28122907285531}",assumed_next_daily_close,,3,0000005272,,0.061532779966235296,0.007684733738372533,0.0017132314180285935,,,,,,,915793df3a040cd0c802d9f2,False,,,,,,bounded_preclose_bid_ask,,,False,not_requested_for_horizon_or_variant,missing_decision_or_entry_bar,event,protective_put,,missing_decision_or_entry_bar,,,True,,H23,3,AIG,,double_cost,0.010080588399268777,15.28122907285531,2024
,,,51b908fd0655da190b3ce3b6,time_value,,,1,2,2024-12-02,2024-12-02,,,732,,,2024-12-03,733,False,,,2024-12-02,,,,,,,"{""market_momentum"": 0.061532779966235296, ""market_volatility"": 0.007684733738372533, ""momentum"": 0.0017132314180285935, ""volatility"": 0.010080588399268777, ""volume_state"": 15.28122907285531}",assumed_next_daily_close,,5,0000005272,,0.061532779966235296,0.007684733738372533,0.0017132314180285935,,,,,,,915793df3a040cd0c802d9f2,False,,,,,,bounded_preclose_bid_ask,,,False,not_requested_for_horizon_or_variant,missing_decision_or_entry_bar,event,protective_put,,missing_decision_or_entry_bar,,,False,,H23,3,AIG,,double_cost,0.010080588399268777,15.28122907285531,2024
,,,51b908fd0655da190b3ce3b6,time_value,,,1,2,2024-12-02,2024-12-02,,,732,,,2024-12-03,733,False,,,2024-12-02,,,,,,,"{""market_momentum"": 0.061532779966235296, ""market_volatility"": 0.007684733738372533, ""momentum"": 0.0017132314180285935, ""volatility"": 0.010080588399268777, ""volume_state"": 15.28122907285531}",assumed_next_daily_close,,5,0000005272,,0.061532779966235296,0.007684733738372533,0.0017132314180285935,,,,,,,915793df3a040cd0c802d9f2,False,,,,,,bounded_preclose_bid_ask,,,False,not_requested_for_horizon_or_variant,missing_decision_or_entry_bar,event,protective_put,,missing_decision_or_entry_bar,,,True,,H23,3,AIG,,double_cost,0.010080588399268777,15.28122907285531,2024
,,,51b908fd0655da190b3ce3b6,time_value,,,1,2,2024-12-02,2024-12-02,,,732,,,2024-12-03,733,False,,,2024-12-02,,,,,,,"{""market_momentum"": 0.061532779966235296, ""market_volatility"": 0.007684733738372533, ""momentum"": 0.0017132314180285935, ""volatility"": 0.010080588399268777, ""volume_state"": 15.28122907285531}",assumed_next_daily_close,,10,0000005272,,0.061532779966235296,0.007684733738372533,0.0017132314180285935,,,,,,,915793df3a040cd0c802d9f2,False,,,,,,bounded_preclose_bid_ask,,,False,not_requested_for_horizon_or_variant,missing_decision_or_entry_bar,event,protective_put,,missing_decision_or_entry_bar,,,False,,H23,3,AIG,,double_cost,0.010080588399268777,15.28122907285531,2024
,,,51b908fd0655da190b3ce3b6,time_value,,,1,2,2024-12-02,2024-12-02,,,732,,,2024-12-03,733,False,,,2024-12-02,,,,,,,"{""market_momentum"": 0.061532779966235296, ""market_volatility"": 0.007684733738372533, ""momentum"": 0.0017132314180285935, ""volatility"": 0.010080588399268777, ""volume_state"": 15.28122907285531}",assumed_next_daily_close,,10,0000005272,,0.061532779966235296,0.007684733738372533,0.0017132314180285935,,,,,,,915793df3a040cd0c802d9f2,False,,,,,,bounded_preclose_bid_ask,,,False,not_requested_for_horizon_or_variant,missing_decision_or_entry_bar,event,protective_put,,missing_decision_or_entry_bar,,,True,,H23,3,AIG,,double_cost,0.010080588399268777,15.28122907285531,2024
,,,51b908fd0655da190b3ce3b6,time_value,,,1,2,2024-12-02,2024-12-02,,,732,,,2024-12-03,733,False,,,2024-12-02,,,,,,,"{""market_momentum"": 0.061532779966235296, ""market_volatility"": 0.007684733738372533, ""momentum"": 0.0017132314180285935, ""volatility"": 0.010080588399268777, ""volume_state"": 15.28122907285531}",assumed_next_daily_close,,21,0000005272,,0.061532779966235296,0.007684733738372533,0.0017132314180285935,,,,,,,915793df3a040cd0c802d9f2,False,,,,,,bounded_preclose_bid_ask,,,False,not_requested_for_horizon_or_variant,missing_decision_or_entry_bar,event,protective_put,,missing_decision_or_entry_bar,,,False,,H23,3,AIG,,double_cost,0.010080588399268777,15.28122907285531,2024
,,,51b908fd0655da190b3ce3b6,time_value,,,1,2,2024-12-02,2024-12-02,,,732,,,2024-12-03,733,False,,,2024-12-02,,,,,,,"{""market_momentum"": 0.061532779966235296, ""market_volatility"": 0.007684733738372533, ""momentum"": 0.0017132314180285935, ""volatility"": 0.010080588399268777, ""volume_state"": 15.28122907285531}",assumed_next_daily_close,,21,0000005272,,0.061532779966235296,0.007684733738372533,0.0017132314180285935,,,,,,,915793df3a040cd0c802d9f2,False,,,,,,bounded_preclose_bid_ask,,,False,not_requested_for_horizon_or_variant,missing_decision_or_entry_bar,event,protective_put,,missing_decision_or_entry_bar,,,True,,H23,3,AIG,,double_cost,0.010080588399268777,15.28122907285531,2024
,,,51b908fd0655da190b3ce3b6,time_value,,,1,2,2024-12-02,2024-12-02,,,732,,,2024-12-03,733,False,,,2024-12-02,,,,,,,"{""market_momentum"": 0.061532779966235296, ""market_volatility"": 0.007684733738372533, ""momentum"": 0.0017132314180285935, ""volatility"": 0.010080588399268777, ""volume_state"": 15.28122907285531}",assumed_next_daily_close,,42,0000005272,,0.061532779966235296,0.007684733738372533,0.0017132314180285935,,,,,,,915793df3a040cd0c802d9f2,False,,,,,,bounded_preclose_bid_ask,,,False,not_requested_for_horizon_or_variant,missing_decision_or_entry_bar,event,protective_put,,missing_decision_or_entry_bar,,,False,,H23,3,AIG,,double_cost,0.010080588399268777,15.28122907285531,2024
,,,51b908fd0655da190b3ce3b6,time_value,,,1,2,2024-12-02,2024-12-02,,,732,,,2024-12-03,733,False,,,2024-12-02,,,,,,,"{""market_momentum"": 0.061532779966235296, ""market_volatility"": 0.007684733738372533, ""momentum"": 0.0017132314180285935, ""volatility"": 0.010080588399268777, ""volume_state"": 15.28122907285531}",assumed_next_daily_close,,42,0000005272,,0.061532779966235296,0.007684733738372533,0.0017132314180285935,,,,,,,915793df3a040cd0c802d9f2,False,,,,,,bounded_preclose_bid_ask,,,False,not_requested_for_horizon_or_variant,missing_decision_or_entry_bar,event,protective_put,,missing_decision_or_entry_bar,,,True,,H23,3,AIG,,double_cost,0.010080588399268777,15.28122907285531,2024
,,,51b908fd0655da190b3ce3b6,time_value,,,1,2,2024-12-02,2024-12-02,,,732,,,2024-12-03,733,False,,,2024-12-02,,,,,,,"{""market_momentum"": 0.061532779966235296, ""market_volatility"": 0.007684733738372533, ""momentum"": 0.0017132314180285935, ""volatility"": 0.010080588399268777, ""volume_state"": 15.28122907285531}",assumed_next_daily_close,,63,0000005272,,0.061532779966235296,0.007684733738372533,0.0017132314180285935,,,,,,,915793df3a040cd0c802d9f2,False,,,,,,bounded_preclose_bid_ask,,,False,not_requested_for_horizon_or_variant,missing_decision_or_entry_bar,event,protective_put,,missing_decision_or_entry_bar,,,False,,H23,3,AIG,,double_cost,0.010080588399268777,15.28122907285531,2024
,,,51b908fd0655da190b3ce3b6,time_value,,,1,2,2024-12-02,2024-12-02,,,732,,,2024-12-03,733,False,,,2024-12-02,,,,,,,"{""market_momentum"": 0.061532779966235296, ""market_volatility"": 0.007684733738372533, ""momentum"": 0.0017132314180285935, ""volatility"": 0.010080588399268777, ""volume_state"": 15.28122907285531}",assumed_next_daily_close,,63,0000005272,,0.061532779966235296,0.007684733738372533,0.0017132314180285935,,,,,,,915793df3a040cd0c802d9f2,False,,,,,,bounded_preclose_bid_ask,,,False,not_requested_for_horizon_or_variant,missing_decision_or_entry_bar,event,protective_put,,missing_decision_or_entry_bar,,,True,,H23,3,AIG,,double_cost,0.010080588399268777,15.28122907285531,2024
,,,51b908fd0655da190b3ce3b6,time_value,,,1,2,2024-12-02,2024-12-02,,,732,,,2024-12-03,733,False,,,2024-12-02,,,,,,,"{""market_momentum"": 0.061532779966235296, ""market_volatility"": 0.007684733738372533, ""momentum"": 0.0017132314180285935, ""volatility"": 0.010080588399268777, ""volume_state"": 15.28122907285531}",assumed_next_daily_close,,expiry,0000005272,,0.061532779966235296,0.007684733738372533,0.0017132314180285935,,,,,,,915793df3a040cd0c802d9f2,False,,,,,,bounded_preclose_bid_ask,,,False,not_requested_for_horizon_or_variant,missing_decision_or_entry_bar,event,protective_put,,missing_decision_or_entry_bar,,,False,,H23,3,AIG,,double_cost,0.010080588399268777,15.28122907285531,2024
,,,51b908fd0655da190b3ce3b6,time_value,,,1,2,2024-12-02,2024-12-02,,,732,,,2024-12-03,733,False,,,2024-12-02,,,,,,,"{""market_momentum"": 0.061532779966235296, ""market_volatility"": 0.007684733738372533, ""momentum"": 0.0017132314180285935, ""volatility"": 0.010080588399268777, ""volume_state"": 15.28122907285531}",assumed_next_daily_close,,expiry,0000005272,,0.061532779966235296,0.007684733738372533,0.0017132314180285935,,,,,,,915793df3a040cd0c802d9f2,False,,,,,,bounded_preclose_bid_ask,,,False,not_requested_for_horizon_or_variant,missing_decision_or_entry_bar,event,protective_put,,missing_decision_or_entry_bar,,,True,,H23,3,AIG,,double_cost,0.010080588399268777,15.28122907285531,2024
0.05462982493144919,2022-06-14,112,5613ef179e8427e933df2b2b,time_value,84.2388,O:AMD221021C00100000,1,2,2022-06-10,2022-06-10,133,0.11126344653026789,110,0.0,0.01959737900908151,2022-06-13,111,True,2022-06-14,112,2022-06-10,176,98148812.0,2022-06-14,scheduled_exit,112,2022-10-21,"{""market_momentum"": -0.0075111394016549315, ""market_volatility"": 0.017617720334410038, ""momentum"": 0.0784804367606915, ""volatility"": 0.04275520358408988, ""volume_state"": 18.608938226403495}",assumed_next_daily_close,8699.0,1,0000002488,0,-0.0075111394016549315,0.017617720334410038,0.0784804367606915,-159.47760000000002,-0.018332865846649043,85.2388,7.35,7.25,9.999999999999964,974adb708dac1471a8674416,True,0.0011655011655011655,858,1.0426761531345018e-06,95907055.8,,bounded_preclose_bid_ask,,,False,not_requested_for_horizon_or_variant,,event,covered_call,100,completed,86.99,86.99,False,0.0,H23,3,AMD,169.4776,double_cost,0.04275520358408988,18.608938226403495,2022
0.05462982493144919,2022-06-14,112,5613ef179e8427e933df2b2b,time_value,10.438799999999999,O:AMD221021C00100000,1,2,2022-06-10,2022-06-10,133,0.11126344653026789,110,0.0,0.0024,2022-06-13,111,True,2022-06-14,112,2022-06-10,176,98148812.0,2022-06-14,scheduled_exit,112,2022-10-21,"{""market_momentum"": -0.0075111394016549315, ""market_volatility"": 0.017617720334410038, ""momentum"": 0.0784804367606915, ""volatility"": 0.04275520358408988, ""volume_state"": 18.608938226403495}",assumed_next_daily_close,8699.0,1,0000002488,0,-0.0075111394016549315,0.017617720334410038,0.0784804367606915,-20.877599999999997,-0.0024,10.438799999999999,7.35,0.0,-0.0,974adb708dac1471a8674416,True,0.0011655011655011655,858,1.0426761531345018e-06,95907055.8,,bounded_preclose_bid_ask,,,False,not_requested_for_horizon_or_variant,,event,covered_call,100,completed,86.99,86.99,True,0.0,H23,3,AMD,20.877599999999997,double_cost,0.04275520358408988,18.608938226403495,2022
0.05462982493144919,2022-06-15,113,5613ef179e8427e933df2b2b,time_value,87.01599999999999,O:AMD221021C00100000,1,2,2022-06-10,2022-06-10,133,0.11126344653026789,110,0.0,0.01959737900908151,2022-06-13,111,True,2022-06-15,113,2022-06-10,176,98148812.0,2022-06-15,scheduled_exit,113,2022-10-21,"{""market_momentum"": -0.0075111394016549315, ""market_volatility"": 0.017617720334410038, ""momentum"": 0.0784804367606915, ""volatility"": 0.04275520358408988, ""volume_state"": 18.608938226403495}",assumed_next_daily_close,8699.0,2,0000002488,0,-0.0075111394016549315,0.017617720334410038,0.0784804367606915,43.74519999999998,0.005028761926658234,85.2388,7.35,7.5,-15.000000000000036,974adb708dac1471a8674416,True,0.0011655011655011655,858,1.0426761531345018e-06,95907055.8,,bounded_preclose_bid_ask,,,False,not_requested_for_horizon_or_variant,,event,covered_call,100,completed,86.99,89.3,False,231.0,H23,3,AMD,172.2548,double_cost,0.04275520358408988,18.608938226403495,2022
0.05462982493144919,2022-06-15,113,5613ef179e8427e933df2b2b,time_value,10.716,O:AMD221021C00100000,1,2,2022-06-10,2022-06-10,133,0.11126344653026789,110,0.0,0.0023999999999999885,2022-06-13,111,True,2022-06-15,113,2022-06-10,176,98148812.0,2022-06-15,scheduled_exit,113,2022-10-21,"{""market_momentum"": -0.0075111394016549315, ""market_volatility"": 0.017617720334410038, ""momentum"": 0.0784804367606915, ""volatility"": 0.04275520358408988, ""volume_state"": 18.608938226403495}",assumed_next_daily_close,8699.0,2,0000002488,0,-0.0075111394016549315,0.017617720334410038,0.0784804367606915,209.8452,0.024122910679388435,10.438799999999999,7.35,0.0,-0.0,974adb708dac1471a8674416,True,0.0011655011655011655,858,1.0426761531345018e-06,95907055.8,,bounded_preclose_bid_ask,,,False,not_requested_for_horizon_or_variant,,event,covered_call,100,completed,86.99,89.3,True,231.0,H23,3,AMD,21.154799999999998,double_cost,0.04275520358408988,18.608938226403495,2022
0.05462982493144919,2022-06-16,114,5613ef179e8427e933df2b2b,time_value,62.645999999999994,O:AMD221021C00100000,1,2,2022-06-10,2022-06-10,133,0.11126344653026789,110,0.0,0.048498080239107955,2022-06-13,111,True,2022-06-16,114,2022-06-10,176,98148812.0,2022-06-16,scheduled_exit,114,2022-10-21,"{""market_momentum"": -0.0075111394016549315, ""market_volatility"": 0.017617720334410038, ""momentum"": 0.0784804367606915, ""volatility"": 0.04275520358408988, ""volume_state"": 18.608938226403495}",assumed_next_daily_close,8699.0,3,0000002488,0,-0.0075111394016549315,0.017617720334410038,0.0784804367606915,-421.8848000000001,-0.048498080239107955,85.2388,7.35,5.15,219.99999999999994,974adb708dac1471a8674416,True,0.0011655011655011655,858,1.0426761531345018e-06,95907055.8,,bounded_preclose_bid_ask,,,False,not_requested_for_horizon_or_variant,,event,covered_call,100,completed,86.99,82.05,False,-494.0,H23,3,AMD,147.88479999999998,double_cost,0.04275520358408988,18.608938226403495,2022
0.05462982493144919,2022-06-16,114,5613ef179e8427e933df2b2b,time_value,9.845999999999998,O:AMD221021C00100000,1,2,2022-06-10,2022-06-10,133,0.11126344653026789,110,0.0,0.05911999080354064,2022-06-13,111,True,2022-06-16,114,2022-06-10,176,98148812.0,2022-06-16,scheduled_exit,114,2022-10-21,"{""market_momentum"": -0.0075111394016549315, ""market_volatility"": 0.017617720334410038, ""momentum"": 0.0784804367606915, ""volatility"": 0.04275520358408988, ""volume_state"": 18.608938226403495}",assumed_next_daily_close,8699.0,3,0000002488,0,-0.0075111394016549315,0.017617720334410038,0.0784804367606915,-514.2848,-0.05911999080354064,10.438799999999999,7.35,0.0,-0.0,974adb708dac1471a8674416,True,0.0011655011655011655,858,1.0426761531345018e-06,95907055.8,,bounded_preclose_bid_ask,,,False,not_requested_for_horizon_or_variant,,event,covered_call,100,completed,86.99,82.05,True,-494.0,H23,3,AMD,20.284799999999997,double_cost,0.04275520358408988,18.608938226403495,2022
0.05462982493144919,2022-06-21,116,5613ef179e8427e933df2b2b,time_value,59.954800000000006,O:AMD221021C00100000,1,2,2022-06-10,2022-06-10,133,0.11126344653026789,110,0.0,0.048498080239107955,2022-06-13,111,True,2022-06-21,116,2022-06-10,176,98148812.0,2022-06-21,scheduled_exit,116,2022-10-21,"{""market_momentum"": -0.0075111394016549315, ""market_volatility"": 0.017617720334410038, ""momentum"": 0.0784804367606915, ""volatility"": 0.04275520358408988, ""volume_state"": 18.608938226403495}",assumed_next_daily_close,8699.0,5,0000002488,0,-0.0075111394016549315,0.017617720334410038,0.0784804367606915,-216.19360000000006,-0.02485269571215083,85.2388,7.35,4.86,248.99999999999994,974adb708dac1471a8674416,True,0.0011655011655011655,858,1.0426761531345018e-06,95907055.8,,bounded_preclose_bid_ask,,,False,not_requested_for_horizon_or_variant,,event,covered_call,100,completed,86.99,83.79,False,-320.0,H23,3,AMD,145.1936,double_cost,0.04275520358408988,18.608938226403495,2022
0.05462982493144919,2022-06-21,116,5613ef179e8427e933df2b2b,time_value,10.054799999999998,O:AMD221021C00100000,1,2,2022-06-10,2022-06-10,133,0.11126344653026789,110,0.0,0.06463124497068638,2022-06-13,111,True,2022-06-21,116,2022-06-10,176,98148812.0,2022-06-21,scheduled_exit,116,2022-10-21,"{""market_momentum"": -0.0075111394016549315, ""market_volatility"": 0.017617720334410038, ""momentum"": 0.0784804367606915, ""volatility"": 0.04275520358408988, ""volume_state"": 18.608938226403495}",assumed_next_daily_close,8699.0,5,0000002488,0,-0.0075111394016549315,0.017617720334410038,0.0784804367606915,-340.4936,-0.03914169444763766,10.438799999999999,7.35,0.0,-0.0,974adb708dac1471a8674416,True,0.0011655011655011655,858,1.0426761531345018e-06,95907055.8,,bounded_preclose_bid_ask,,,False,not_requested_for_horizon_or_variant,,event,covered_call,100,completed,86.99,83.79,True,-320.0,H23,3,AMD,20.493599999999997,double_cost,0.04275520358408988,18.608938226403495,2022
0.05462982493144919,2022-06-28,121,5613ef179e8427e933df2b2b,time_value,48.093599999999995,O:AMD221021C00100000,1,2,2022-06-10,2022-06-10,133,0.11126344653026789,110,0.0,0.048498080239107955,2022-06-13,111,True,2022-06-28,121,2022-06-10,176,98148812.0,2022-06-28,scheduled_exit,121,2022-10-21,"{""market_momentum"": -0.0075111394016549315, ""market_volatility"": 0.017617720334410038, ""momentum"": 0.0784804367606915, ""volatility"": 0.04275520358408988, ""volume_state"": 18.608938226403495}",assumed_next_daily_close,8699.0,10,0000002488,0,-0.0075111394016549315,0.017617720334410038,0.0784804367606915,-390.33240000000006,-0.04487095068398667,85.2388,7.35,3.71,363.99999999999994,974adb708dac1471a8674416,True,0.0011655011655011655,858,1.0426761531345018e-06,95907055.8,,bounded_preclose_bid_ask,,,False,not_requested_for_horizon_or_variant,,event,covered_call,100,completed,86.99,80.78,False,-621.0,H23,3,AMD,133.3324,double_cost,0.04275520358408988,18.608938226403495,2022
0.05462982493144919,2022-06-28,121,5613ef179e8427e933df2b2b,time_value,9.6936,O:AMD221021C00100000,1,2,2022-06-10,2022-06-10,133,0.11126344653026789,110,0.0,0.07370185078744683,2022-06-13,111,True,2022-06-28,121,2022-06-10,176,98148812.0,2022-06-28,scheduled_exit,121,2022-10-21,"{""market_momentum"": -0.0075111394016549315, ""market_volatility"": 0.017617720334410038, ""momentum"": 0.0784804367606915, ""volatility"": 0.04275520358408988, ""volume_state"": 18.608938226403495}",assumed_next_daily_close,8699.0,10,0000002488,0,-0.0075111394016549315,0.017617720334410038,0.0784804367606915,-641.1324,-0.07370185078744683,10.438799999999999,7.35,0.0,-0.0,974adb708dac1471a8674416,True,0.0011655011655011655,858,1.0426761531345018e-06,95907055.8,,bounded_preclose_bid_ask,,,False,not_requested_for_horizon_or_variant,,event,covered_call,100,completed,86.99,80.78,True,-621.0,H23,3,AMD,20.132399999999997,double_cost,0.04275520358408988,18.608938226403495,2022
0.05462982493144919,2022-07-14,132,5613ef179e8427e933df2b2b,time_value,34.232,O:AMD221021C00100000,1,2,2022-06-10,2022-06-10,133,0.11126344653026789,110,0.0,0.10248065294861479,2022-06-13,111,True,2022-07-14,132,2022-06-10,176,98148812.0,2022-07-14,scheduled_exit,132,2022-10-21,"{""market_momentum"": -0.0075111394016549315, ""market_volatility"": 0.017617720334410038, ""momentum"": 0.0784804367606915, ""volatility"": 0.04275520358408988, ""volume_state"": 18.608938226403495}",assumed_next_daily_close,8699.0,21,0000002488,0,-0.0075111394016549315,0.017617720334410038,0.0784804367606915,-458.47080000000085,-0.052703851017358416,85.2388,7.35,2.35,500.0,974adb708dac1471a8674416,True,0.0011655011655011655,858,1.0426761531345018e-06,95907055.8,,bounded_preclose_bid_ask,,,False,not_requested_for_horizon_or_variant,,event,covered_call,100,completed,86.99,78.6,False,-839.0000000000009,H23,3,AMD,119.4708,double_cost,0.04275520358408988,18.608938226403495,2022
0.05462982493144919,2022-07-14,132,5613ef179e8427e933df2b2b,time_value,9.431999999999999,O:AMD221021C00100000,1,2,2022-06-10,2022-06-10,133,0.11126344653026789,110,0.0,0.15533730313829175,2022-06-13,111,True,2022-07-14,132,2022-06-10,176,98148812.0,2022-07-14,scheduled_exit,132,2022-10-21,"{""market_momentum"": -0.0075111394016549315, ""market_volatility"": 0.017617720334410038, ""momentum"": 0.0784804367606915, ""volatility"": 0.04275520358408988, ""volume_state"": 18.608938226403495}",assumed_next_daily_close,8699.0,21,0000002488,0,-0.0075111394016549315,0.017617720334410038,0.0784804367606915,-858.8708000000009,-0.09873213012990009,10.438799999999999,7.35,0.0,-0.0,974adb708dac1471a8674416,True,0.0011655011655011655,858,1.0426761531345018e-06,95907055.8,,bounded_preclose_bid_ask,,,False,not_requested_for_horizon_or_variant,,event,covered_call,100,completed,86.99,78.6,True,-839.0000000000009,H23,3,AMD,19.870799999999996,double_cost,0.04275520358408988,18.608938226403495,2022
0.05462982493144919,2022-08-12,153,5613ef179e8427e933df2b2b,time_value,101.89959999999999,O:AMD221021C00100000,1,2,2022-06-10,2022-06-10,133,0.11126344653026789,110,0.0,0.10248065294861479,2022-06-13,111,True,2022-08-12,153,2022-06-10,176,98148812.0,2022-08-12,scheduled_exit,153,2022-10-21,"{""market_momentum"": -0.0075111394016549315, ""market_volatility"": 0.017617720334410038, ""momentum"": 0.0784804367606915, ""volatility"": 0.04275520358408988, ""volume_state"": 18.608938226403495}",assumed_next_daily_close,8699.0,42,0000002488,0,-0.0075111394016549315,0.017617720334410038,0.0784804367606915,1046.8616,0.12034275204046442,85.2388,7.35,8.85,-150.0,974adb708dac1471a8674416,True,0.0011655011655011655,858,1.0426761531345018e-06,95907055.8,,bounded_preclose_bid_ask,,,False,not_requested_for_horizon_or_variant,,event,covered_call,100,completed,86.99,100.83,False,1384.0,H23,3,AMD,187.1384,double_cost,0.04275520358408988,18.608938226403495,2022
0.05462982493144919,2022-08-12,153,5613ef179e8427e933df2b2b,time_value,12.099599999999999,O:AMD221021C00100000,1,2,2022-06-10,2022-06-10,133,0.11126344653026789,110,0.0,0.15533730313829175,2022-06-13,111,True,2022-08-12,153,2022-06-10,176,98148812.0,2022-08-12,scheduled_exit,153,2022-10-21,"{""market_momentum"": -0.0075111394016549315, ""market_volatility"": 0.017617720334410038, ""momentum"": 0.0784804367606915, ""volatility"": 0.04275520358408988, ""volume_state"": 18.608938226403495}",assumed_next_daily_close,8699.0,42,0000002488,0,-0.0075111394016549315,0.017617720334410038,0.0784804367606915,1361.4616,0.1565078284860329,10.438799999999999,7.35,0.0,-0.0,974adb708dac1471a8674416,True,0.0011655011655011655,858,1.0426761531345018e-06,95907055.8,,bounded_preclose_bid_ask,,,False,not_requested_for_horizon_or_variant,,event,covered_call,100,completed,86.99,100.83,True,1384.0,H23,3,AMD,22.538399999999996,double_cost,0.04275520358408988,18.608938226403495,2022
0.05462982493144919,2022-09-13,174,5613ef179e8427e933df2b2b,time_value,13.543599999999998,O:AMD221021C00100000,1,2,2022-06-10,2022-06-10,133,0.11126344653026789,110,0.0,0.10248065294861479,2022-06-13,111,True,2022-09-13,174,2022-06-10,176,98148812.0,2022-09-13,scheduled_exit,174,2022-10-21,"{""market_momentum"": -0.0075111394016549315, ""market_volatility"": 0.017617720334410038, ""momentum"": 0.0784804367606915, ""volatility"": 0.04275520358408988, ""volume_state"": 18.608938226403495}",assumed_next_daily_close,8699.0,63,0000002488,0,-0.0075111394016549315,0.017617720334410038,0.0784804367606915,-389.78239999999994,-0.04480772502586503,85.2388,7.35,0.3,705.0,974adb708dac1471a8674416,True,0.0011655011655011655,858,1.0426761531345018e-06,95907055.8,,bounded_preclose_bid_ask,,,False,not_requested_for_horizon_or_variant,,event,covered_call,100,completed,86.99,77.03,False,-996.0,H23,3,AMD,98.7824,double_cost,0.04275520358408988,18.608938226403495,2022
0.05462982493144919,2022-09-13,174,5613ef179e8427e933df2b2b,time_value,9.243599999999999,O:AMD221021C00100000,1,2,2022-06-10,2022-06-10,133,0.11126344653026789,110,0.0,0.15533730313829175,2022-06-13,111,True,2022-09-13,174,2022-06-10,176,98148812.0,2022-09-13,scheduled_exit,174,2022-10-21,"{""market_momentum"": -0.0075111394016549315, ""market_volatility"": 0.017617720334410038, ""momentum"": 0.0784804367606915, ""volatility"": 0.04275520358408988, ""volume_state"": 18.608938226403495}",assumed_next_daily_close,8699.0,63,0000002488,0,-0.0075111394016549315,0.017617720334410038,0.0784804367606915,-1015.6824,-0.11675852396827222,10.438799999999999,7.35,0.0,-0.0,974adb708dac1471a8674416,True,0.0011655011655011655,858,1.0426761531345018e-06,95907055.8,,bounded_preclose_bid_ask,,,False,not_requested_for_horizon_or_variant,,event,covered_call,100,completed,86.99,77.03,True,-996.0,H23,3,AMD,19.682399999999998,double_cost,0.04275520358408988,18.608938226403495,2022
0.05462982493144919,2022-10-21,202,5613ef179e8427e933df2b2b,time_value,8.3584,O:AMD221021C00100000,1,2,2022-06-10,2022-06-10,133,0.11126344653026789,110,0.0,0.2832913668237728,2022-06-13,111,True,2022-10-21,202,2022-06-10,176,98148812.0,2022-10-21,expiry_worthless,202,2022-10-21,"{""market_momentum"": -0.0075111394016549315, ""market_volatility"": 0.017617720334410038, ""momentum"": 0.0784804367606915, ""volatility"": 0.04275520358408988, ""volume_state"": 18.608938226403495}",assumed_next_daily_close,8699.0,expiry,0000002488,0,-0.0075111394016549315,0.017617720334410038,0.0784804367606915,-2175.5972,-0.25009739050465574,85.2388,7.35,0.0,735.0,974adb708dac1471a8674416,True,0.0011655011655011655,858,1.0426761531345018e-06,95907055.8,,bounded_preclose_bid_ask,,,False,not_requested_for_horizon_or_variant,,event,covered_call,100,completed,86.99,58.82,False,-2817.0,H23,3,AMD,93.5972,double_cost,0.04275520358408988,18.608938226403495,2022
0.05462982493144919,2022-10-21,202,5613ef179e8427e933df2b2b,time_value,7.0584,O:AMD221021C00100000,1,2,2022-06-10,2022-06-10,133,0.11126344653026789,110,0.0,0.3589092539372341,2022-06-13,111,True,2022-10-21,202,2022-06-10,176,98148812.0,2022-10-21,scheduled_exit,202,2022-10-21,"{""market_momentum"": -0.0075111394016549315, ""market_volatility"": 0.017617720334410038, ""momentum"": 0.0784804367606915, ""volatility"": 0.04275520358408988, ""volume_state"": 18.608938226403495}",assumed_next_daily_close,8699.0,expiry,0000002488,0,-0.0075111394016549315,0.017617720334410038,0.0784804367606915,-2834.4972,-0.32584172893436025,10.438799999999999,7.35,0.0,-0.0,974adb708dac1471a8674416,True,0.0011655011655011655,858,1.0426761531345018e-06,95907055.8,,bounded_preclose_bid_ask,,,False,not_requested_for_horizon_or_variant,,event,covered_call,100,completed,86.99,58.82,True,-2817.0,H23,3,AMD,17.4972,double_cost,0.04275520358408988,18.608938226403495,2022
0.049429657794676785,2024-08-01,647,577de31dc054a393eacae06f,time_value,125.3416,O:AXP241115P00240000,1,2,2024-07-30,2024-07-30,108,0.028675538656527253,645,0.0,0.017724723363895037,2024-07-31,646,True,2024-08-01,647,2024-07-30,2,2180687.0,2024-08-01,scheduled_exit,647,2024-11-15,"{""market_momentum"": -0.004079232663261267, ""market_volatility"": 0.008339321916729755, ""momentum"": 0.09039084431008404, ""volatility"": 0.013716343194315818, ""volume_state"": 14.809527100192412}",assumed_next_daily_close,25304.0,1,0000004962,0,-0.004079232663261267,0.008339321916729755,0.09039084431008404,-448.5064,-0.017724723363895037,104.1648,7.25,9.42,217.0,956651b8e2b7a781abf6828e,True,0.009259259259259259,108,3.713358435636358e-05,2692980.0,,bounded_preclose_bid_ask,,,False,not_requested_for_horizon_or_variant,,event,protective_put,100,completed,253.04,248.68,False,-436.0,H23,3,AXP,229.50639999999999,double_cost,0.013716343194315818,14.809527100192412,2024
0.049429657794676785,2024-08-01,647,577de31dc054a393eacae06f,time_value,29.841599999999996,O:AXP241115P00240000,1,2,2024-07-30,2024-07-30,108,0.028675538656527253,645,0.0,0.019609800822004426,2024-07-31,646,True,2024-08-01,647,2024-07-30,2,2180687.0,2024-08-01,scheduled_exit,647,2024-11-15,"{""market_momentum"": -0.004079232663261267, ""market_volatility"": 0.008339321916729755, ""momentum"": 0.09039084431008404, ""volatility"": 0.013716343194315818, ""volume_state"": 14.809527100192412}",assumed_next_daily_close,25304.0,1,0000004962,0,-0.004079232663261267,0.008339321916729755,0.09039084431008404,-496.2064,-0.019609800822004426,30.3648,7.25,0.0,-0.0,956651b8e2b7a781abf6828e,True,0.009259259259259259,108,3.713358435636358e-05,2692980.0,,bounded_preclose_bid_ask,,,False,not_requested_for_horizon_or_variant,,event,protective_put,100,completed,253.04,248.68,True,-436.0,H23,3,AXP,60.206399999999995,double_cost,0.013716343194315818,14.809527100192412,2024
0.049429657794676785,2024-08-02,648,577de31dc054a393eacae06f,time_value,207.17360000000002,O:AXP241115P00240000,1,2,2024-07-30,2024-07-30,108,0.028675538656527253,645,0.0,0.052653272209927285,2024-07-31,646,True,2024-08-02,648,2024-07-30,2,2180687.0,2024-08-02,scheduled_exit,648,2024-11-15,"{""market_momentum"": -0.004079232663261267, ""market_volatility"": 0.008339321916729755, ""momentum"": 0.09039084431008404, ""volatility"": 0.013716343194315818, ""volume_state"": 14.809527100192412}",assumed_next_daily_close,25304.0,2,0000004962,0,-0.004079232663261267,0.008339321916729755,0.09039084431008404,-1332.3384,-0.052653272209927285,104.1648,7.25,17.8,1055.0,956651b8e2b7a781abf6828e,True,0.009259259259259259,108,3.713358435636358e-05,2692980.0,,bounded_preclose_bid_ask,,,False,not_requested_for_horizon_or_variant,,event,protective_put,100,completed,253.04,232.28,False,-2076.0,H23,3,AXP,311.33840000000004,double_cost,0.013716343194315818,14.809527100192412,2024
0.049429657794676785,2024-08-02,648,577de31dc054a393eacae06f,time_value,27.873599999999996,O:AXP241115P00240000,1,2,2024-07-30,2024-07-30,108,0.028675538656527253,645,0.0,0.08434391400569079,2024-07-31,646,True,2024-08-02,648,2024-07-30,2,2180687.0,2024-08-02,scheduled_exit,648,2024-11-15,"{""market_momentum"": -0.004079232663261267, ""market_volatility"": 0.008339321916729755, ""momentum"": 0.09039084431008404, ""volatility"": 0.013716343194315818, ""volume_state"": 14.809527100192412}",assumed_next_daily_close,25304.0,2,0000004962,0,-0.004079232663261267,0.008339321916729755,0.09039084431008404,-2134.2383999999997,-0.08434391400569079,30.3648,7.25,0.0,-0.0,956651b8e2b7a781abf6828e,True,0.009259259259259259,108,3.713358435636358e-05,2692980.0,,bounded_preclose_bid_ask,,,False,not_requested_for_horizon_or_variant,,event,protective_put,100,completed,253.04,232.28,True,-2076.0,H23,3,AXP,58.2384,double_cost,0.013716343194315818,14.809527100192412,2024
0.049429657794676785,2024-08-05,649,577de31dc054a393eacae06f,time_value,221.4104,O:AXP241115P00240000,1,2,2024-07-30,2024-07-30,108,0.028675538656527253,645,0.0,0.07242235219728106,2024-07-31,646,True,2024-08-05,649,2024-07-30,2,2180687.0,2024-08-05,scheduled_exit,649,2024-11-15,"{""market_momentum"": -0.004079232663261267, ""market_volatility"": 0.008339321916729755, ""momentum"": 0.09039084431008404, ""volatility"": 0.013716343194315818, ""volume_state"": 14.809527100192412}",assumed_next_daily_close,25304.0,3,0000004962,0,-0.004079232663261267,0.008339321916729755,0.09039084431008404,-1832.5752,-0.07242235219728106,104.1648,7.25,19.3,1205.0,956651b8e2b7a781abf6828e,True,0.009259259259259259,108,3.713358435636358e-05,2692980.0,,bounded_preclose_bid_ask,,,False,not_requested_for_horizon_or_variant,,event,protective_put,100,completed,253.04,225.92,False,-2712.0,H23,3,AXP,325.5752,double_cost,0.013716343194315818,14.809527100192412,2024
0.049429657794676785,2024-08-05,649,577de31dc054a393eacae06f,time_value,27.1104,O:AXP241115P00240000,1,2,2024-07-30,2024-07-30,108,0.028675538656527253,645,0.0,0.10944811887448624,2024-07-31,646,True,2024-08-05,649,2024-07-30,2,2180687.0,2024-08-05,scheduled_exit,649,2024-11-15,"{""market_momentum"": -0.004079232663261267, ""market_volatility"": 0.008339321916729755, ""momentum"": 0.09039084431008404, ""volatility"": 0.013716343194315818, ""volume_state"": 14.809527100192412}",assumed_next_daily_close,25304.0,3,0000004962,0,-0.004079232663261267,0.008339321916729755,0.09039084431008404,-2769.4752,-0.10944811887448624,30.3648,7.25,0.0,-0.0,956651b8e2b7a781abf6828e,True,0.009259259259259259,108,3.713358435636358e-05,2692980.0,,bounded_preclose_bid_ask,,,False,not_requested_for_horizon_or_variant,,event,protective_put,100,completed,253.04,225.92,True,-2712.0,H23,3,AXP,57.4752,double_cost,0.013716343194315818,14.809527100192412,2024
0.049429657794676785,2024-08-07,651,577de31dc054a393eacae06f,time_value,178.056,O:AXP241115P00240000,1,2,2024-07-30,2024-07-30,108,0.028675538656527253,645,0.0,0.07659740752450206,2024-07-31,646,True,2024-08-07,651,2024-07-30,2,2180687.0,2024-08-07,scheduled_exit,651,2024-11-15,"{""market_momentum"": -0.004079232663261267, ""market_volatility"": 0.008339321916729755, ""momentum"": 0.09039084431008404, ""volatility"": 0.013716343194315818, ""volume_state"": 14.809527100192412}",assumed_next_daily_close,25304.0,5,0000004962,0,-0.004079232663261267,0.008339321916729755,0.09039084431008404,-1938.2208,-0.07659740752450206,104.1648,7.25,14.93,768.0,956651b8e2b7a781abf6828e,True,0.009259259259259259,108,3.713358435636358e-05,2692980.0,,bounded_preclose_bid_ask,,,False,not_requested_for_horizon_or_variant,,event,protective_put,100,completed,253.04,228.8,False,-2424.0,H23,3,AXP,282.2208,double_cost,0.013716343194315818,14.809527100192412,2024
0.049429657794676785,2024-08-07,651,577de31dc054a393eacae06f,time_value,27.455999999999996,O:AXP241115P00240000,1,2,2024-07-30,2024-07-30,108,0.028675538656527253,645,0.0,0.10944811887448623,2024-07-31,646,True,2024-08-07,651,2024-07-30,2,2180687.0,2024-08-07,scheduled_exit,651,2024-11-15,"{""market_momentum"": -0.004079232663261267, ""market_volatility"": 0.008339321916729755, ""momentum"": 0.09039084431008404, ""volatility"": 0.013716343194315818, ""volume_state"": 14.809527100192412}",assumed_next_daily_close,25304.0,5,0000004962,0,-0.004079232663261267,0.008339321916729755,0.09039084431008404,-2481.8208,-0.09808017704710717,30.3648,7.25,0.0,-0.0,956651b8e2b7a781abf6828e,True,0.009259259259259259,108,3.713358435636358e-05,2692980.0,,bounded_preclose_bid_ask,,,False,not_requested_for_horizon_or_variant,,event,protective_put,100,completed,253.04,228.8,True,-2424.0,H23,3,AXP,57.82079999999999,double_cost,0.013716343194315818,14.809527100192412,2024
0.049429657794676785,2024-08-14,656,577de31dc054a393eacae06f,time_value,131.5512,O:AXP241115P00240000,1,2,2024-07-30,2024-07-30,108,0.028675538656527253,645,0.0,,2024-07-31,646,True,2024-08-14,656,2024-07-30,2,2180687.0,2024-08-14,scheduled_exit,656,2024-11-15,"{""market_momentum"": -0.004079232663261267, ""market_volatility"": 0.008339321916729755, ""momentum"": 0.09039084431008404, ""volatility"": 0.013716343194315818, ""volume_state"": 14.809527100192412}",assumed_next_daily_close,25304.0,10,0000004962,1,-0.004079232663261267,0.008339321916729755,0.09039084431008404,-878.716,-0.03472636737274739,104.1648,7.25,10.1,284.99999999999994,956651b8e2b7a781abf6828e,False,0.009259259259259259,108,3.713358435636358e-05,2692980.0,,bounded_preclose_bid_ask,,,False,not_requested_for_horizon_or_variant,,event,protective_put,100,completed,253.04,243.76,False,-928.0,H23,3,AXP,235.716,double_cost,0.013716343194315818,14.809527100192412,2024
0.049429657794676785,2024-08-14,656,577de31dc054a393eacae06f,time_value,29.251199999999997,O:AXP241115P00240000,1,2,2024-07-30,2024-07-30,108,0.028675538656527253,645,0.0,0.10944811887448623,2024-07-31,646,True,2024-08-14,656,2024-07-30,2,2180687.0,2024-08-14,scheduled_exit,656,2024-11-15,"{""market_momentum"": -0.004079232663261267, ""market_volatility"": 0.008339321916729755, ""momentum"": 0.09039084431008404, ""volatility"": 0.013716343194315818, ""volume_state"": 14.809527100192412}",assumed_next_daily_close,25304.0,10,0000004962,0,-0.004079232663261267,0.008339321916729755,0.09039084431008404,-987.616,-0.03903003477711034,30.3648,7.25,0.0,-0.0,956651b8e2b7a781abf6828e,True,0.009259259259259259,108,3.713358435636358e-05,2692980.0,,bounded_preclose_bid_ask,,,False,not_requested_for_horizon_or_variant,,event,protective_put,100,completed,253.04,243.76,True,-928.0,H23,3,AXP,59.616,double_cost,0.013716343194315818,14.809527100192412,2024
0.049429657794676785,2024-08-29,667,577de31dc054a393eacae06f,time_value,84.5808,O:AXP241115P00240000,1,2,2024-07-30,2024-07-30,108,0.028675538656527253,645,0.0,,2024-07-31,646,True,2024-08-29,667,2024-07-30,2,2180687.0,2024-08-29,scheduled_exit,667,2024-11-15,"{""market_momentum"": -0.004079232663261267, ""market_volatility"": 0.008339321916729755, ""momentum"": 0.09039084431008404, ""volatility"": 0.013716343194315818, ""volume_state"": 14.809527100192412}",assumed_next_daily_close,25304.0,21,0000004962,1,-0.004079232663261267,0.008339321916729755,0.09039084431008404,287.25439999999634,0.011352134049952433,104.1648,7.25,5.21,-204.0,956651b8e2b7a781abf6828e,False,0.009259259259259259,108,3.713358435636358e-05,2692980.0,,bounded_preclose_bid_ask,,,False,not_requested_for_horizon_or_variant,,event,protective_put,100,completed,253.04,259.84,False,679.9999999999964,H23,3,AXP,188.7456,double_cost,0.013716343194315818,14.809527100192412,2024
0.049429657794676785,2024-08-29,667,577de31dc054a393eacae06f,time_value,31.180799999999994,O:AXP241115P00240000,1,2,2024-07-30,2024-07-30,108,0.028675538656527253,645,0.0,0.10944811887448623,2024-07-31,646,True,2024-08-29,667,2024-07-30,2,2180687.0,2024-08-29,scheduled_exit,667,2024-11-15,"{""market_momentum"": -0.004079232663261267, ""market_volatility"": 0.008339321916729755, ""momentum"": 0.09039084431008404, ""volatility"": 0.013716343194315818, ""volume_state"": 14.809527100192412}",assumed_next_daily_close,25304.0,21,0000004962,0,-0.004079232663261267,0.008339321916729755,0.09039084431008404,618.4543999999964,0.02444097375908933,30.3648,7.25,0.0,-0.0,956651b8e2b7a781abf6828e,True,0.009259259259259259,108,3.713358435636358e-05,2692980.0,,bounded_preclose_bid_ask,,,False,not_requested_for_horizon_or_variant,,event,protective_put,100,completed,253.04,259.84,True,679.9999999999964,H23,3,AXP,61.54559999999999,double_cost,0.013716343194315818,14.809527100192412,2024
0.049429657794676785,2024-09-30,688,577de31dc054a393eacae06f,time_value,59.744,O:AXP241115P00240000,1,2,2024-07-30,2024-07-30,108,0.028675538656527253,645,0.0,,2024-07-31,646,True,2024-09-30,688,2024-07-30,2,2180687.0,2024-09-30,scheduled_exit,688,2024-11-15,"{""market_momentum"": -0.004079232663261267, ""market_volatility"": 0.008339321916729755, ""momentum"": 0.09039084431008404, ""volatility"": 0.013716343194315818, ""volume_state"": 14.809527100192412}",assumed_next_daily_close,25304.0,42,0000004962,1,-0.004079232663261267,0.008339321916729755,0.09039084431008404,1186.0912,0.046873664242807464,104.1648,7.25,2.59,-466.0,956651b8e2b7a781abf6828e,False,0.009259259259259259,108,3.713358435636358e-05,2692980.0,,bounded_preclose_bid_ask,,,False,not_requested_for_horizon_or_variant,,event,protective_put,100,completed,253.04,271.2,False,1816.0,H23,3,AXP,163.90879999999999,double_cost,0.013716343194315818,14.809527100192412,2024
0.049429657794676785,2024-09-30,688,577de31dc054a393eacae06f,time_value,32.544,O:AXP241115P00240000,1,2,2024-07-30,2024-07-30,108,0.028675538656527253,645,0.0,0.10944811887448623,2024-07-31,646,True,2024-09-30,688,2024-07-30,2,2180687.0,2024-09-30,scheduled_exit,688,2024-11-15,"{""market_momentum"": -0.004079232663261267, ""market_volatility"": 0.008339321916729755, ""momentum"": 0.09039084431008404, ""volatility"": 0.013716343194315818, ""volume_state"": 14.809527100192412}",assumed_next_daily_close,25304.0,42,0000004962,0,-0.004079232663261267,0.008339321916729755,0.09039084431008404,1753.0911999999998,0.06928118874486247,30.3648,7.25,0.0,-0.0,956651b8e2b7a781abf6828e,True,0.009259259259259259,108,3.713358435636358e-05,2692980.0,,bounded_preclose_bid_ask,,,False,not_requested_for_horizon_or_variant,,event,protective_put,100,completed,253.04,271.2,True,1816.0,H23,3,AXP,62.9088,double_cost,0.013716343194315818,14.809527100192412,2024
0.049429657794676785,2024-10-29,709,577de31dc054a393eacae06f,time_value,38.3516,O:AXP241115P00240000,1,2,2024-07-30,2024-07-30,108,0.028675538656527253,645,70.0,,2024-07-31,646,True,2024-10-29,709,2024-07-30,2,2180687.0,2024-10-29,scheduled_exit,709,2024-11-15,"{""market_momentum"": -0.004079232663261267, ""market_volatility"": 0.008339321916729755, ""momentum"": 0.09039084431008404, ""volatility"": 0.013716343194315818, ""volume_state"": 14.809527100192412}",assumed_next_daily_close,25304.0,63,0000004962,1,-0.004079232663261267,0.008339321916729755,0.09039084431008404,987.4836,0.03902480240278217,104.1648,7.25,0.46,-679.0,956651b8e2b7a781abf6828e,False,0.009259259259259259,108,3.713358435636358e-05,2692980.0,,bounded_preclose_bid_ask,,,False,not_requested_for_horizon_or_variant,,event,protective_put,100,completed,253.04,270.43,False,1739.0,H23,3,AXP,142.5164,double_cost,0.013716343194315818,14.809527100192412,2024
0.049429657794676785,2024-10-29,709,577de31dc054a393eacae06f,time_value,32.4516,O:AXP241115P00240000,1,2,2024-07-30,2024-07-30,108,0.028675538656527253,645,70.0,0.10944811887448623,2024-07-31,646,True,2024-10-29,709,2024-07-30,2,2180687.0,2024-10-29,scheduled_exit,709,2024-11-15,"{""market_momentum"": -0.004079232663261267, ""market_volatility"": 0.008339321916729755, ""momentum"": 0.09039084431008404, ""volatility"": 0.013716343194315818, ""volume_state"": 14.809527100192412}",assumed_next_daily_close,25304.0,63,0000004962,0,-0.004079232663261267,0.008339321916729755,0.09039084431008404,1746.1835999999998,0.06900820423648435,30.3648,7.25,0.0,-0.0,956651b8e2b7a781abf6828e,True,0.009259259259259259,108,3.713358435636358e-05,2692980.0,,bounded_preclose_bid_ask,,,False,not_requested_for_horizon_or_variant,,event,protective_put,100,completed,253.04,270.43,True,1739.0,H23,3,AXP,62.8164,double_cost,0.013716343194315818,14.809527100192412,2024
0.049429657794676785,2024-11-15,722,577de31dc054a393eacae06f,time_value,35.724399999999996,O:AXP241115P00240000,1,2,2024-07-30,2024-07-30,108,0.028675538656527253,645,70.0,,2024-07-31,646,True,2024-11-15,722,2024-07-30,2,2180687.0,2024-11-15,expiry_worthless,722,2024-11-15,"{""market_momentum"": -0.004079232663261267, ""market_volatility"": 0.008339321916729755, ""momentum"": 0.09039084431008404, ""volatility"": 0.013716343194315818, ""volume_state"": 14.809527100192412}",assumed_next_daily_close,25304.0,expiry,0000004962,2,-0.004079232663261267,0.008339321916729755,0.09039084431008404,2588.1108,0.10228069870376225,104.1648,7.25,0.0,-725.0,956651b8e2b7a781abf6828e,False,0.009259259259259259,108,3.713358435636358e-05,2692980.0,,bounded_preclose_bid_ask,,,False,not_requested_for_horizon_or_variant,,event,protective_put,100,completed,253.04,286.87,False,3383.0,H23,3,AXP,139.8892,double_cost,0.013716343194315818,14.809527100192412,2024
0.049429657794676785,2024-11-15,722,577de31dc054a393eacae06f,time_value,34.4244,O:AXP241115P00240000,1,2,2024-07-30,2024-07-30,108,0.028675538656527253,645,70.0,0.10944811887448623,2024-07-31,646,True,2024-11-15,722,2024-07-30,2,2180687.0,2024-11-15,scheduled_exit,722,2024-11-15,"{""market_momentum"": -0.004079232663261267, ""market_volatility"": 0.008339321916729755, ""momentum"": 0.09039084431008404, ""volatility"": 0.013716343194315818, ""volume_state"": 14.809527100192412}",assumed_next_daily_close,25304.0,expiry,0000004962,0,-0.004079232663261267,0.008339321916729755,0.09039084431008404,3388.2108000000003,0.13390020550110657,30.3648,7.25,0.0,-0.0,956651b8e2b7a781abf6828e,True,0.009259259259259259,108,3.713358435636358e-05,2692980.0,,bounded_preclose_bid_ask,,,False,not_requested_for_horizon_or_variant,,event,protective_put,100,completed,253.04,286.87,True,3383.0,H23,3,AXP,64.7892,double_cost,0.013716343194315818,14.809527100192412,2024
,,,5f5702db25197dda72c177e6,time_value,,,1,2,2023-02-21,2023-02-21,,,284,,,2023-02-22,285,False,,,2023-02-21,,,,,,,"{""market_momentum"": 0.008108517732646314, ""market_volatility"": 0.010323714718565928, ""momentum"": 0.1443271767810026, ""volatility"": 0.025893038084354093, ""volume_state"": 15.245388548207401}",assumed_next_daily_close,,1,0000004962,,0.008108517732646314,0.010323714718565928,0.1443271767810026,,,,,,,22ec1e05640fbe4ff0d8a69f,False,,,,,,bounded_preclose_bid_ask,,,False,not_requested_for_horizon_or_variant,no_standard_contract_within_rules,event,covered_call,,no_standard_contract_within_rules,,,False,,H23,3,AXP,,double_cost,0.025893038084354093,15.245388548207401,2023
,,,5f5702db25197dda72c177e6,time_value,,,1,2,2023-02-21,2023-02-21,,,284,,,2023-02-22,285,False,,,2023-02-21,,,,,,,"{""market_momentum"": 0.008108517732646314, ""market_volatility"": 0.010323714718565928, ""momentum"": 0.1443271767810026, ""volatility"": 0.025893038084354093, ""volume_state"": 15.245388548207401}",assumed_next_daily_close,,1,0000004962,,0.008108517732646314,0.010323714718565928,0.1443271767810026,,,,,,,22ec1e05640fbe4ff0d8a69f,False,,,,,,bounded_preclose_bid_ask,,,False,not_requested_for_horizon_or_variant,no_standard_contract_within_rules,event,covered_call,,no_standard_contract_within_rules,,,True,,H23,3,AXP,,double_cost,0.025893038084354093,15.245388548207401,2023
,,,5f5702db25197dda72c177e6,time_value,,,1,2,2023-02-21,2023-02-21,,,284,,,2023-02-22,285,False,,,2023-02-21,,,,,,,"{""market_momentum"": 0.008108517732646314, ""market_volatility"": 0.010323714718565928, ""momentum"": 0.1443271767810026, ""volatility"": 0.025893038084354093, ""volume_state"": 15.245388548207401}",assumed_next_daily_close,,2,0000004962,,0.008108517732646314,0.010323714718565928,0.1443271767810026,,,,,,,22ec1e05640fbe4ff0d8a69f,False,,,,,,bounded_preclose_bid_ask,,,False,not_requested_for_horizon_or_variant,no_standard_contract_within_rules,event,covered_call,,no_standard_contract_within_rules,,,False,,H23,3,AXP,,double_cost,0.025893038084354093,15.245388548207401,2023
,,,5f5702db25197dda72c177e6,time_value,,,1,2,2023-02-21,2023-02-21,,,284,,,2023-02-22,285,False,,,2023-02-21,,,,,,,"{""market_momentum"": 0.008108517732646314, ""market_volatility"": 0.010323714718565928, ""momentum"": 0.1443271767810026, ""volatility"": 0.025893038084354093, ""volume_state"": 15.245388548207401}",assumed_next_daily_close,,2,0000004962,,0.008108517732646314,0.010323714718565928,0.1443271767810026,,,,,,,22ec1e05640fbe4ff0d8a69f,False,,,,,,bounded_preclose_bid_ask,,,False,not_requested_for_horizon_or_variant,no_standard_contract_within_rules,event,covered_call,,no_standard_contract_within_rules,,,True,,H23,3,AXP,,double_cost,0.025893038084354093,15.245388548207401,2023
,,,5f5702db25197dda72c177e6,time_value,,,1,2,2023-02-21,2023-02-21,,,284,,,2023-02-22,285,False,,,2023-02-21,,,,,,,"{""market_momentum"": 0.008108517732646314, ""market_volatility"": 0.010323714718565928, ""momentum"": 0.1443271767810026, ""volatility"": 0.025893038084354093, ""volume_state"": 15.245388548207401}",assumed_next_daily_close,,3,0000004962,,0.008108517732646314,0.010323714718565928,0.1443271767810026,,,,,,,22ec1e05640fbe4ff0d8a69f,False,,,,,,bounded_preclose_bid_ask,,,False,not_requested_for_horizon_or_variant,no_standard_contract_within_rules,event,covered_call,,no_standard_contract_within_rules,,,False,,H23,3,AXP,,double_cost,0.025893038084354093,15.245388548207401,2023
,,,5f5702db25197dda72c177e6,time_value,,,1,2,2023-02-21,2023-02-21,,,284,,,2023-02-22,285,False,,,2023-02-21,,,,,,,"{""market_momentum"": 0.008108517732646314, ""market_volatility"": 0.010323714718565928, ""momentum"": 0.1443271767810026, ""volatility"": 0.025893038084354093, ""volume_state"": 15.245388548207401}",assumed_next_daily_close,,3,0000004962,,0.008108517732646314,0.010323714718565928,0.1443271767810026,,,,,,,22ec1e05640fbe4ff0d8a69f,False,,,,,,bounded_preclose_bid_ask,,,False,not_requested_for_horizon_or_variant,no_standard_contract_within_rules,event,covered_call,,no_standard_contract_within_rules,,,True,,H23,3,AXP,,double_cost,0.025893038084354093,15.245388548207401,2023
,,,5f5702db25197dda72c177e6,time_value,,,1,2,2023-02-21,2023-02-21,,,284,,,2023-02-22,285,False,,,2023-02-21,,,,,,,"{""market_momentum"": 0.008108517732646314, ""market_volatility"": 0.010323714718565928, ""momentum"": 0.1443271767810026, ""volatility"": 0.025893038084354093, ""volume_state"": 15.245388548207401}",assumed_next_daily_close,,5,0000004962,,0.008108517732646314,0.010323714718565928,0.1443271767810026,,,,,,,22ec1e05640fbe4ff0d8a69f,False,,,,,,bounded_preclose_bid_ask,,,False,not_requested_for_horizon_or_variant,no_standard_contract_within_rules,event,covered_call,,no_standard_contract_within_rules,,,False,,H23,3,AXP,,double_cost,0.025893038084354093,15.245388548207401,2023
,,,5f5702db25197dda72c177e6,time_value,,,1,2,2023-02-21,2023-02-21,,,284,,,2023-02-22,285,False,,,2023-02-21,,,,,,,"{""market_momentum"": 0.008108517732646314, ""market_volatility"": 0.010323714718565928, ""momentum"": 0.1443271767810026, ""volatility"": 0.025893038084354093, ""volume_state"": 15.245388548207401}",assumed_next_daily_close,,5,0000004962,,0.008108517732646314,0.010323714718565928,0.1443271767810026,,,,,,,22ec1e05640fbe4ff0d8a69f,False,,,,,,bounded_preclose_bid_ask,,,False,not_requested_for_horizon_or_variant,no_standard_contract_within_rules,event,covered_call,,no_standard_contract_within_rules,,,True,,H23,3,AXP,,double_cost,0.025893038084354093,15.245388548207401,2023
,,,5f5702db25197dda72c177e6,time_value,,,1,2,2023-02-21,2023-02-21,,,284,,,2023-02-22,285,False,,,2023-02-21,,,,,,,"{""market_momentum"": 0.008108517732646314, ""market_volatility"": 0.010323714718565928, ""momentum"": 0.1443271767810026, ""volatility"": 0.025893038084354093, ""volume_state"": 15.245388548207401}",assumed_next_daily_close,,10,0000004962,,0.008108517732646314,0.010323714718565928,0.1443271767810026,,,,,,,22ec1e05640fbe4ff0d8a69f,False,,,,,,bounded_preclose_bid_ask,,,False,not_requested_for_horizon_or_variant,no_standard_contract_within_rules,event,covered_call,,no_standard_contract_within_rules,,,False,,H23,3,AXP,,double_cost,0.025893038084354093,15.245388548207401,2023
,,,5f5702db25197dda72c177e6,time_value,,,1,2,2023-02-21,2023-02-21,,,284,,,2023-02-22,285,False,,,2023-02-21,,,,,,,"{""market_momentum"": 0.008108517732646314, ""market_volatility"": 0.010323714718565928, ""momentum"": 0.1443271767810026, ""volatility"": 0.025893038084354093, ""volume_state"": 15.245388548207401}",assumed_next_daily_close,,10,0000004962,,0.008108517732646314,0.010323714718565928,0.1443271767810026,,,,,,,22ec1e05640fbe4ff0d8a69f,False,,,,,,bounded_preclose_bid_ask,,,False,not_requested_for_horizon_or_variant,no_standard_contract_within_rules,event,covered_call,,no_standard_contract_within_rules,,,True,,H23,3,AXP,,double_cost,0.025893038084354093,15.245388548207401,2023
,,,5f5702db25197dda72c177e6,time_value,,,1,2,2023-02-21,2023-02-21,,,284,,,2023-02-22,285,False,,,2023-02-21,,,,,,,"{""market_momentum"": 0.008108517732646314, ""market_volatility"": 0.010323714718565928, ""momentum"": 0.1443271767810026, ""volatility"": 0.025893038084354093, ""volume_state"": 15.245388548207401}",assumed_next_daily_close,,21,0000004962,,0.008108517732646314,0.010323714718565928,0.1443271767810026,,,,,,,22ec1e05640fbe4ff0d8a69f,False,,,,,,bounded_preclose_bid_ask,,,False,not_requested_for_horizon_or_variant,no_standard_contract_within_rules,event,covered_call,,no_standard_contract_within_rules,,,False,,H23,3,AXP,,double_cost,0.025893038084354093,15.245388548207401,2023
,,,5f5702db25197dda72c177e6,time_value,,,1,2,2023-02-21,2023-02-21,,,284,,,2023-02-22,285,False,,,2023-02-21,,,,,,,"{""market_momentum"": 0.008108517732646314, ""market_volatility"": 0.010323714718565928, ""momentum"": 0.1443271767810026, ""volatility"": 0.025893038084354093, ""volume_state"": 15.245388548207401}",assumed_next_daily_close,,21,0000004962,,0.008108517732646314,0.010323714718565928,0.1443271767810026,,,,,,,22ec1e05640fbe4ff0d8a69f,False,,,,,,bounded_preclose_bid_ask,,,False,not_requested_for_horizon_or_variant,no_standard_contract_within_rules,event,covered_call,,no_standard_contract_within_rules,,,True,,H23,3,AXP,,double_cost,0.025893038084354093,15.245388548207401,2023
,,,5f5702db25197dda72c177e6,time_value,,,1,2,2023-02-21,2023-02-21,,,284,,,2023-02-22,285,False,,,2023-02-21,,,,,,,"{""market_momentum"": 0.008108517732646314, ""market_volatility"": 0.010323714718565928, ""momentum"": 0.1443271767810026, ""volatility"": 0.025893038084354093, ""volume_state"": 15.245388548207401}",assumed_next_daily_close,,42,0000004962,,0.008108517732646314,0.010323714718565928,0.1443271767810026,,,,,,,22ec1e05640fbe4ff0d8a69f,False,,,,,,bounded_preclose_bid_ask,,,False,not_requested_for_horizon_or_variant,no_standard_contract_within_rules,event,covered_call,,no_standard_contract_within_rules,,,False,,H23,3,AXP,,double_cost,0.025893038084354093,15.245388548207401,2023
,,,5f5702db25197dda72c177e6,time_value,,,1,2,2023-02-21,2023-02-21,,,284,,,2023-02-22,285,False,,,2023-02-21,,,,,,,"{""market_momentum"": 0.008108517732646314, ""market_volatility"": 0.010323714718565928, ""momentum"": 0.1443271767810026, ""volatility"": 0.025893038084354093, ""volume_state"": 15.245388548207401}",assumed_next_daily_close,,42,0000004962,,0.008108517732646314,0.010323714718565928,0.1443271767810026,,,,,,,22ec1e05640fbe4ff0d8a69f,False,,,,,,bounded_preclose_bid_ask,,,False,not_requested_for_horizon_or_variant,no_standard_contract_within_rules,event,covered_call,,no_standard_contract_within_rules,,,True,,H23,3,AXP,,double_cost,0.025893038084354093,15.245388548207401,2023
,,,5f5702db25197dda72c177e6,time_value,,,1,2,2023-02-21,2023-02-21,,,284,,,2023-02-22,285,False,,,2023-02-21,,,,,,,"{""market_momentum"": 0.008108517732646314, ""market_volatility"": 0.010323714718565928, ""momentum"": 0.1443271767810026, ""volatility"": 0.025893038084354093, ""volume_state"": 15.245388548207401}",assumed_next_daily_close,,63,0000004962,,0.008108517732646314,0.010323714718565928,0.1443271767810026,,,,,,,22ec1e05640fbe4ff0d8a69f,False,,,,,,bounded_preclose_bid_ask,,,False,not_requested_for_horizon_or_variant,no_standard_contract_within_rules,event,covered_call,,no_standard_contract_within_rules,,,False,,H23,3,AXP,,double_cost,0.025893038084354093,15.245388548207401,2023
,,,5f5702db25197dda72c177e6,time_value,,,1,2,2023-02-21,2023-02-21,,,284,,,2023-02-22,285,False,,,2023-02-21,,,,,,,"{""market_momentum"": 0.008108517732646314, ""market_volatility"": 0.010323714718565928, ""momentum"": 0.1443271767810026, ""volatility"": 0.025893038084354093, ""volume_state"": 15.245388548207401}",assumed_next_daily_close,,63,0000004962,,0.008108517732646314,0.010323714718565928,0.1443271767810026,,,,,,,22ec1e05640fbe4ff0d8a69f,False,,,,,,bounded_preclose_bid_ask,,,False,not_requested_for_horizon_or_variant,no_standard_contract_within_rules,event,covered_call,,no_standard_contract_within_rules,,,True,,H23,3,AXP,,double_cost,0.025893038084354093,15.245388548207401,2023
,,,5f5702db25197dda72c177e6,time_value,,,1,2,2023-02-21,2023-02-21,,,284,,,2023-02-22,285,False,,,2023-02-21,,,,,,,"{""market_momentum"": 0.008108517732646314, ""market_volatility"": 0.010323714718565928, ""momentum"": 0.1443271767810026, ""volatility"": 0.025893038084354093, ""volume_state"": 15.245388548207401}",assumed_next_daily_close,,expiry,0000004962,,0.008108517732646314,0.010323714718565928,0.1443271767810026,,,,,,,22ec1e05640fbe4ff0d8a69f,False,,,,,,bounded_preclose_bid_ask,,,False,not_requested_for_horizon_or_variant,no_standard_contract_within_rules,event,covered_call,,no_standard_contract_within_rules,,,False,,H23,3,AXP,,double_cost,0.025893038084354093,15.245388548207401,2023
,,,5f5702db25197dda72c177e6,time_value,,,1,2,2023-02-21,2023-02-21,,,284,,,2023-02-22,285,False,,,2023-02-21,,,,,,,"{""market_momentum"": 0.008108517732646314, ""market_volatility"": 0.010323714718565928, ""momentum"": 0.1443271767810026, ""volatility"": 0.025893038084354093, ""volume_state"": 15.245388548207401}",assumed_next_daily_close,,expiry,0000004962,,0.008108517732646314,0.010323714718565928,0.1443271767810026,,,,,,,22ec1e05640fbe4ff0d8a69f,False,,,,,,bounded_preclose_bid_ask,,,False,not_requested_for_horizon_or_variant,no_standard_contract_within_rules,event,covered_call,,no_standard_contract_within_rules,,,True,,H23,3,AXP,,double_cost,0.025893038084354093,15.245388548207401,2023
,,,61138d470ee04e4039796e5c,time_value,,,1,2,2025-04-29,2025-04-29,,,832,,,2025-04-30,833,False,,,2025-04-29,,,,,,,"{""market_momentum"": -0.0024115466292335963, ""market_volatility"": 0.03242703772174959, ""momentum"": 0.005800813620611578, ""volatility"": 0.044230052996412056, ""volume_state"": 15.250733180293725}",assumed_next_daily_close,,1,0000004962,,-0.0024115466292335963,0.03242703772174959,0.005800813620611578,,,,,,,f81f7af660b9bf0aa1f7485e,False,,,,,,bounded_preclose_bid_ask,,,False,not_requested_for_horizon_or_variant,no_standard_contract_within_rules,event,protective_put,,no_standard_contract_within_rules,,,False,,H23,3,AXP,,double_cost,0.044230052996412056,15.250733180293725,2025
,,,61138d470ee04e4039796e5c,time_value,,,1,2,2025-04-29,2025-04-29,,,832,,,2025-04-30,833,False,,,2025-04-29,,,,,,,"{""market_momentum"": -0.0024115466292335963, ""market_volatility"": 0.03242703772174959, ""momentum"": 0.005800813620611578, ""volatility"": 0.044230052996412056, ""volume_state"": 15.250733180293725}",assumed_next_daily_close,,1,0000004962,,-0.0024115466292335963,0.03242703772174959,0.005800813620611578,,,,,,,f81f7af660b9bf0aa1f7485e,False,,,,,,bounded_preclose_bid_ask,,,False,not_requested_for_horizon_or_variant,no_standard_contract_within_rules,event,protective_put,,no_standard_contract_within_rules,,,True,,H23,3,AXP,,double_cost,0.044230052996412056,15.250733180293725,2025
,,,61138d470ee04e4039796e5c,time_value,,,1,2,2025-04-29,2025-04-29,,,832,,,2025-04-30,833,False,,,2025-04-29,,,,,,,"{""market_momentum"": -0.0024115466292335963, ""market_volatility"": 0.03242703772174959, ""momentum"": 0.005800813620611578, ""volatility"": 0.044230052996412056, ""volume_state"": 15.250733180293725}",assumed_next_daily_close,,2,0000004962,,-0.0024115466292335963,0.03242703772174959,0.005800813620611578,,,,,,,f81f7af660b9bf0aa1f7485e,False,,,,,,bounded_preclose_bid_ask,,,False,not_requested_for_horizon_or_variant,no_standard_contract_within_rules,event,protective_put,,no_standard_contract_within_rules,,,False,,H23,3,AXP,,double_cost,0.044230052996412056,15.250733180293725,2025
,,,61138d470ee04e4039796e5c,time_value,,,1,2,2025-04-29,2025-04-29,,,832,,,2025-04-30,833,False,,,2025-04-29,,,,,,,"{""market_momentum"": -0.0024115466292335963, ""market_volatility"": 0.03242703772174959, ""momentum"": 0.005800813620611578, ""volatility"": 0.044230052996412056, ""volume_state"": 15.250733180293725}",assumed_next_daily_close,,2,0000004962,,-0.0024115466292335963,0.03242703772174959,0.005800813620611578,,,,,,,f81f7af660b9bf0aa1f7485e,False,,,,,,bounded_preclose_bid_ask,,,False,not_requested_for_horizon_or_variant,no_standard_contract_within_rules,event,protective_put,,no_standard_contract_within_rules,,,True,,H23,3,AXP,,double_cost,0.044230052996412056,15.250733180293725,2025
,,,61138d470ee04e4039796e5c,time_value,,,1,2,2025-04-29,2025-04-29,,,832,,,2025-04-30,833,False,,,2025-04-29,,,,,,,"{""market_momentum"": -0.0024115466292335963, ""market_volatility"": 0.03242703772174959, ""momentum"": 0.005800813620611578, ""volatility"": 0.044230052996412056, ""volume_state"": 15.250733180293725}",assumed_next_daily_close,,3,0000004962,,-0.0024115466292335963,0.03242703772174959,0.005800813620611578,,,,,,,f81f7af660b9bf0aa1f7485e,False,,,,,,bounded_preclose_bid_ask,,,False,not_requested_for_horizon_or_variant,no_standard_contract_within_rules,event,protective_put,,no_standard_contract_within_rules,,,False,,H23,3,AXP,,double_cost,0.044230052996412056,15.250733180293725,2025
,,,61138d470ee04e4039796e5c,time_value,,,1,2,2025-04-29,2025-04-29,,,832,,,2025-04-30,833,False,,,2025-04-29,,,,,,,"{""market_momentum"": -0.0024115466292335963, ""market_volatility"": 0.03242703772174959, ""momentum"": 0.005800813620611578, ""volatility"": 0.044230052996412056, ""volume_state"": 15.250733180293725}",assumed_next_daily_close,,3,0000004962,,-0.0024115466292335963,0.03242703772174959,0.005800813620611578,,,,,,,f81f7af660b9bf0aa1f7485e,False,,,,,,bounded_preclose_bid_ask,,,False,not_requested_for_horizon_or_variant,no_standard_contract_within_rules,event,protective_put,,no_standard_contract_within_rules,,,True,,H23,3,AXP,,double_cost,0.044230052996412056,15.250733180293725,2025
,,,61138d470ee04e4039796e5c,time_value,,,1,2,2025-04-29,2025-04-29,,,832,,,2025-04-30,833,False,,,2025-04-29,,,,,,,"{""market_momentum"": -0.0024115466292335963, ""market_volatility"": 0.03242703772174959, ""momentum"": 0.005800813620611578, ""volatility"": 0.044230052996412056, ""volume_state"": 15.250733180293725}",assumed_next_daily_close,,5,0000004962,,-0.0024115466292335963,0.03242703772174959,0.005800813620611578,,,,,,,f81f7af660b9bf0aa1f7485e,False,,,,,,bounded_preclose_bid_ask,,,False,not_requested_for_horizon_or_variant,no_standard_contract_within_rules,event,protective_put,,no_standard_contract_within_rules,,,False,,H23,3,AXP,,double_cost,0.044230052996412056,15.250733180293725,2025
,,,61138d470ee04e4039796e5c,time_value,,,1,2,2025-04-29,2025-04-29,,,832,,,2025-04-30,833,False,,,2025-04-29,,,,,,,"{""market_momentum"": -0.0024115466292335963, ""market_volatility"": 0.03242703772174959, ""momentum"": 0.005800813620611578, ""volatility"": 0.044230052996412056, ""volume_state"": 15.250733180293725}",assumed_next_daily_close,,5,0000004962,,-0.0024115466292335963,0.03242703772174959,0.005800813620611578,,,,,,,f81f7af660b9bf0aa1f7485e,False,,,,,,bounded_preclose_bid_ask,,,False,not_requested_for_horizon_or_variant,no_standard_contract_within_rules,event,protective_put,,no_standard_contract_within_rules,,,True,,H23,3,AXP,,double_cost,0.044230052996412056,15.250733180293725,2025
,,,61138d470ee04e4039796e5c,time_value,,,1,2,2025-04-29,2025-04-29,,,832,,,2025-04-30,833,False,,,2025-04-29,,,,,,,"{""market_momentum"": -0.0024115466292335963, ""market_volatility"": 0.03242703772174959, ""momentum"": 0.005800813620611578, ""volatility"": 0.044230052996412056, ""volume_state"": 15.250733180293725}",assumed_next_daily_close,,10,0000004962,,-0.0024115466292335963,0.03242703772174959,0.005800813620611578,,,,,,,f81f7af660b9bf0aa1f7485e,False,,,,,,bounded_preclose_bid_ask,,,False,not_requested_for_horizon_or_variant,no_standard_contract_within_rules,event,protective_put,,no_standard_contract_within_rules,,,False,,H23,3,AXP,,double_cost,0.044230052996412056,15.250733180293725,2025
,,,61138d470ee04e4039796e5c,time_value,,,1,2,2025-04-29,2025-04-29,,,832,,,2025-04-30,833,False,,,2025-04-29,,,,,,,"{""market_momentum"": -0.0024115466292335963, ""market_volatility"": 0.03242703772174959, ""momentum"": 0.005800813620611578, ""volatility"": 0.044230052996412056, ""volume_state"": 15.250733180293725}",assumed_next_daily_close,,10,0000004962,,-0.0024115466292335963,0.03242703772174959,0.005800813620611578,,,,,,,f81f7af660b9bf0aa1f7485e,False,,,,,,bounded_preclose_bid_ask,,,False,not_requested_for_horizon_or_variant,no_standard_contract_within_rules,event,protective_put,,no_standard_contract_within_rules,,,True,,H23,3,AXP,,double_cost,0.044230052996412056,15.250733180293725,2025
,,,61138d470ee04e4039796e5c,time_value,,,1,2,2025-04-29,2025-04-29,,,832,,,2025-04-30,833,False,,,2025-04-29,,,,,,,"{""market_momentum"": -0.0024115466292335963, ""market_volatility"": 0.03242703772174959, ""momentum"": 0.005800813620611578, ""volatility"": 0.044230052996412056, ""volume_state"": 15.250733180293725}",assumed_next_daily_close,,21,0000004962,,-0.0024115466292335963,0.03242703772174959,0.005800813620611578,,,,,,,f81f7af660b9bf0aa1f7485e,False,,,,,,bounded_preclose_bid_ask,,,False,not_requested_for_horizon_or_variant,no_standard_contract_within_rules,event,protective_put,,no_standard_contract_within_rules,,,False,,H23,3,AXP,,double_cost,0.044230052996412056,15.250733180293725,2025
,,,61138d470ee04e4039796e5c,time_value,,,1,2,2025-04-29,2025-04-29,,,832,,,2025-04-30,833,False,,,2025-04-29,,,,,,,"{""market_momentum"": -0.0024115466292335963, ""market_volatility"": 0.03242703772174959, ""momentum"": 0.005800813620611578, ""volatility"": 0.044230052996412056, ""volume_state"": 15.250733180293725}",assumed_next_daily_close,,21,0000004962,,-0.0024115466292335963,0.03242703772174959,0.005800813620611578,,,,,,,f81f7af660b9bf0aa1f7485e,False,,,,,,bounded_preclose_bid_ask,,,False,not_requested_for_horizon_or_variant,no_standard_contract_within_rules,event,protective_put,,no_standard_contract_within_rules,,,True,,H23,3,AXP,,double_cost,0.044230052996412056,15.250733180293725,2025
,,,61138d470ee04e4039796e5c,time_value,,,1,2,2025-04-29,2025-04-29,,,832,,,2025-04-30,833,False,,,2025-04-29,,,,,,,"{""market_momentum"": -0.0024115466292335963, ""market_volatility"": 0.03242703772174959, ""momentum"": 0.005800813620611578, ""volatility"": 0.044230052996412056, ""volume_state"": 15.250733180293725}",assumed_next_daily_close,,42,0000004962,,-0.0024115466292335963,0.03242703772174959,0.005800813620611578,,,,,,,f81f7af660b9bf0aa1f7485e,False,,,,,,bounded_preclose_bid_ask,,,False,not_requested_for_horizon_or_variant,no_standard_contract_within_rules,event,protective_put,,no_standard_contract_within_rules,,,False,,H23,3,AXP,,double_cost,0.044230052996412056,15.250733180293725,2025
,,,61138d470ee04e4039796e5c,time_value,,,1,2,2025-04-29,2025-04-29,,,832,,,2025-04-30,833,False,,,2025-04-29,,,,,,,"{""market_momentum"": -0.0024115466292335963, ""market_volatility"": 0.03242703772174959, ""momentum"": 0.005800813620611578, ""volatility"": 0.044230052996412056, ""volume_state"": 15.250733180293725}",assumed_next_daily_close,,42,0000004962,,-0.0024115466292335963,0.03242703772174959,0.005800813620611578,,,,,,,f81f7af660b9bf0aa1f7485e,False,,,,,,bounded_preclose_bid_ask,,,False,not_requested_for_horizon_or_variant,no_standard_contract_within_rules,event,protective_put,,no_standard_contract_within_rules,,,True,,H23,3,AXP,,double_cost,0.044230052996412056,15.250733180293725,2025
,,,61138d470ee04e4039796e5c,time_value,,,1,2,2025-04-29,2025-04-29,,,832,,,2025-04-30,833,False,,,2025-04-29,,,,,,,"{""market_momentum"": -0.0024115466292335963, ""market_volatility"": 0.03242703772174959, ""momentum"": 0.005800813620611578, ""volatility"": 0.044230052996412056, ""volume_state"": 15.250733180293725}",assumed_next_daily_close,,63,0000004962,,-0.0024115466292335963,0.03242703772174959,0.005800813620611578,,,,,,,f81f7af660b9bf0aa1f7485e,False,,,,,,bounded_preclose_bid_ask,,,False,not_requested_for_horizon_or_variant,no_standard_contract_within_rules,event,protective_put,,no_standard_contract_within_rules,,,False,,H23,3,AXP,,double_cost,0.044230052996412056,15.250733180293725,2025
,,,61138d470ee04e4039796e5c,time_value,,,1,2,2025-04-29,2025-04-29,,,832,,,2025-04-30,833,False,,,2025-04-29,,,,,,,"{""market_momentum"": -0.0024115466292335963, ""market_volatility"": 0.03242703772174959, ""momentum"": 0.005800813620611578, ""volatility"": 0.044230052996412056, ""volume_state"": 15.250733180293725}",assumed_next_daily_close,,63,0000004962,,-0.0024115466292335963,0.03242703772174959,0.005800813620611578,,,,,,,f81f7af660b9bf0aa1f7485e,False,,,,,,bounded_preclose_bid_ask,,,False,not_requested_for_horizon_or_variant,no_standard_contract_within_rules,event,protective_put,,no_standard_contract_within_rules,,,True,,H23,3,AXP,,double_cost,0.044230052996412056,15.250733180293725,2025
,,,61138d470ee04e4039796e5c,time_value,,,1,2,2025-04-29,2025-04-29,,,832,,,2025-04-30,833,False,,,2025-04-29,,,,,,,"{""market_momentum"": -0.0024115466292335963, ""market_volatility"": 0.03242703772174959, ""momentum"": 0.005800813620611578, ""volatility"": 0.044230052996412056, ""volume_state"": 15.250733180293725}",assumed_next_daily_close,,expiry,0000004962,,-0.0024115466292335963,0.03242703772174959,0.005800813620611578,,,,,,,f81f7af660b9bf0aa1f7485e,False,,,,,,bounded_preclose_bid_ask,,,False,not_requested_for_horizon_or_variant,no_standard_contract_within_rules,event,protective_put,,no_standard_contract_within_rules,,,False,,H23,3,AXP,,double_cost,0.044230052996412056,15.250733180293725,2025
,,,61138d470ee04e4039796e5c,time_value,,,1,2,2025-04-29,2025-04-29,,,832,,,2025-04-30,833,False,,,2025-04-29,,,,,,,"{""market_momentum"": -0.0024115466292335963, ""market_volatility"": 0.03242703772174959, ""momentum"": 0.005800813620611578, ""volatility"": 0.044230052996412056, ""volume_state"": 15.250733180293725}",assumed_next_daily_close,,expiry,0000004962,,-0.0024115466292335963,0.03242703772174959,0.005800813620611578,,,,,,,f81f7af660b9bf0aa1f7485e,False,,,,,,bounded_preclose_bid_ask,,,False,not_requested_for_horizon_or_variant,no_standard_contract_within_rules,event,protective_put,,no_standard_contract_within_rules,,,True,,H23,3,AXP,,double_cost,0.044230052996412056,15.250733180293725,2025
,,,712c33f9bf58be6f96665a64,time_value,,,1,2,2024-06-03,2024-06-03,,,606,,,2024-06-04,607,False,,,2024-12-02,,,,,,,"{""market_momentum"": 0.04508643050907857, ""market_volatility"": 0.0060434691287607045, ""momentum"": 0.0028169014084507005, ""volatility"": 0.010427683608543991, ""volume_state"": 15.186724771165343}",assumed_next_daily_close,,1,0000005272,,0.04508643050907857,0.0060434691287607045,0.0028169014084507005,,,,,,,915793df3a040cd0c802d9f2,False,,,,,,bounded_preclose_bid_ask,,,False,not_requested_for_horizon_or_variant,missing_decision_or_entry_bar,ordinary,protective_put,,missing_decision_or_entry_bar,,,False,,H23,3,AIG,,double_cost,0.010427683608543991,15.186724771165343,2024
,,,712c33f9bf58be6f96665a64,time_value,,,1,2,2024-06-03,2024-06-03,,,606,,,2024-06-04,607,False,,,2024-12-02,,,,,,,"{""market_momentum"": 0.04508643050907857, ""market_volatility"": 0.0060434691287607045, ""momentum"": 0.0028169014084507005, ""volatility"": 0.010427683608543991, ""volume_state"": 15.186724771165343}",assumed_next_daily_close,,1,0000005272,,0.04508643050907857,0.0060434691287607045,0.0028169014084507005,,,,,,,915793df3a040cd0c802d9f2,False,,,,,,bounded_preclose_bid_ask,,,False,not_requested_for_horizon_or_variant,missing_decision_or_entry_bar,ordinary,protective_put,,missing_decision_or_entry_bar,,,True,,H23,3,AIG,,double_cost,0.010427683608543991,15.186724771165343,2024
,,,712c33f9bf58be6f96665a64,time_value,,,1,2,2024-06-03,2024-06-03,,,606,,,2024-06-04,607,False,,,2024-12-02,,,,,,,"{""market_momentum"": 0.04508643050907857, ""market_volatility"": 0.0060434691287607045, ""momentum"": 0.0028169014084507005, ""volatility"": 0.010427683608543991, ""volume_state"": 15.186724771165343}",assumed_next_daily_close,,2,0000005272,,0.04508643050907857,0.0060434691287607045,0.0028169014084507005,,,,,,,915793df3a040cd0c802d9f2,False,,,,,,bounded_preclose_bid_ask,,,False,not_requested_for_horizon_or_variant,missing_decision_or_entry_bar,ordinary,protective_put,,missing_decision_or_entry_bar,,,False,,H23,3,AIG,,double_cost,0.010427683608543991,15.186724771165343,2024
,,,712c33f9bf58be6f96665a64,time_value,,,1,2,2024-06-03,2024-06-03,,,606,,,2024-06-04,607,False,,,2024-12-02,,,,,,,"{""market_momentum"": 0.04508643050907857, ""market_volatility"": 0.0060434691287607045, ""momentum"": 0.0028169014084507005, ""volatility"": 0.010427683608543991, ""volume_state"": 15.186724771165343}",assumed_next_daily_close,,2,0000005272,,0.04508643050907857,0.0060434691287607045,0.0028169014084507005,,,,,,,915793df3a040cd0c802d9f2,False,,,,,,bounded_preclose_bid_ask,,,False,not_requested_for_horizon_or_variant,missing_decision_or_entry_bar,ordinary,protective_put,,missing_decision_or_entry_bar,,,True,,H23,3,AIG,,double_cost,0.010427683608543991,15.186724771165343,2024
,,,712c33f9bf58be6f96665a64,time_value,,,1,2,2024-06-03,2024-06-03,,,606,,,2024-06-04,607,False,,,2024-12-02,,,,,,,"{""market_momentum"": 0.04508643050907857, ""market_volatility"": 0.0060434691287607045, ""momentum"": 0.0028169014084507005, ""volatility"": 0.010427683608543991, ""volume_state"": 15.186724771165343}",assumed_next_daily_close,,3,0000005272,,0.04508643050907857,0.0060434691287607045,0.0028169014084507005,,,,,,,915793df3a040cd0c802d9f2,False,,,,,,bounded_preclose_bid_ask,,,False,not_requested_for_horizon_or_variant,missing_decision_or_entry_bar,ordinary,protective_put,,missing_decision_or_entry_bar,,,False,,H23,3,AIG,,double_cost,0.010427683608543991,15.186724771165343,2024
,,,712c33f9bf58be6f96665a64,time_value,,,1,2,2024-06-03,2024-06-03,,,606,,,2024-06-04,607,False,,,2024-12-02,,,,,,,"{""market_momentum"": 0.04508643050907857, ""market_volatility"": 0.0060434691287607045, ""momentum"": 0.0028169014084507005, ""volatility"": 0.010427683608543991, ""volume_state"": 15.186724771165343}",assumed_next_daily_close,,3,0000005272,,0.04508643050907857,0.0060434691287607045,0.0028169014084507005,,,,,,,915793df3a040cd0c802d9f2,False,,,,,,bounded_preclose_bid_ask,,,False,not_requested_for_horizon_or_variant,missing_decision_or_entry_bar,ordinary,protective_put,,missing_decision_or_entry_bar,,,True,,H23,3,AIG,,double_cost,0.010427683608543991,15.186724771165343,2024
,,,712c33f9bf58be6f96665a64,time_value,,,1,2,2024-06-03,2024-06-03,,,606,,,2024-06-04,607,False,,,2024-12-02,,,,,,,"{""market_momentum"": 0.04508643050907857, ""market_volatility"": 0.0060434691287607045, ""momentum"": 0.0028169014084507005, ""volatility"": 0.010427683608543991, ""volume_state"": 15.186724771165343}",assumed_next_daily_close,,5,0000005272,,0.04508643050907857,0.0060434691287607045,0.0028169014084507005,,,,,,,915793df3a040cd0c802d9f2,False,,,,,,bounded_preclose_bid_ask,,,False,not_requested_for_horizon_or_variant,missing_decision_or_entry_bar,ordinary,protective_put,,missing_decision_or_entry_bar,,,False,,H23,3,AIG,,double_cost,0.010427683608543991,15.186724771165343,2024
,,,712c33f9bf58be6f96665a64,time_value,,,1,2,2024-06-03,2024-06-03,,,606,,,2024-06-04,607,False,,,2024-12-02,,,,,,,"{""market_momentum"": 0.04508643050907857, ""market_volatility"": 0.0060434691287607045, ""momentum"": 0.0028169014084507005, ""volatility"": 0.010427683608543991, ""volume_state"": 15.186724771165343}",assumed_next_daily_close,,5,0000005272,,0.04508643050907857,0.0060434691287607045,0.0028169014084507005,,,,,,,915793df3a040cd0c802d9f2,False,,,,,,bounded_preclose_bid_ask,,,False,not_requested_for_horizon_or_variant,missing_decision_or_entry_bar,ordinary,protective_put,,missing_decision_or_entry_bar,,,True,,H23,3,AIG,,double_cost,0.010427683608543991,15.186724771165343,2024
,,,712c33f9bf58be6f96665a64,time_value,,,1,2,2024-06-03,2024-06-03,,,606,,,2024-06-04,607,False,,,2024-12-02,,,,,,,"{""market_momentum"": 0.04508643050907857, ""market_volatility"": 0.0060434691287607045, ""momentum"": 0.0028169014084507005, ""volatility"": 0.010427683608543991, ""volume_state"": 15.186724771165343}",assumed_next_daily_close,,10,0000005272,,0.04508643050907857,0.0060434691287607045,0.0028169014084507005,,,,,,,915793df3a040cd0c802d9f2,False,,,,,,bounded_preclose_bid_ask,,,False,not_requested_for_horizon_or_variant,missing_decision_or_entry_bar,ordinary,protective_put,,missing_decision_or_entry_bar,,,False,,H23,3,AIG,,double_cost,0.010427683608543991,15.186724771165343,2024
,,,712c33f9bf58be6f96665a64,time_value,,,1,2,2024-06-03,2024-06-03,,,606,,,2024-06-04,607,False,,,2024-12-02,,,,,,,"{""market_momentum"": 0.04508643050907857, ""market_volatility"": 0.0060434691287607045, ""momentum"": 0.0028169014084507005, ""volatility"": 0.010427683608543991, ""volume_state"": 15.186724771165343}",assumed_next_daily_close,,10,0000005272,,0.04508643050907857,0.0060434691287607045,0.0028169014084507005,,,,,,,915793df3a040cd0c802d9f2,False,,,,,,bounded_preclose_bid_ask,,,False,not_requested_for_horizon_or_variant,missing_decision_or_entry_bar,ordinary,protective_put,,missing_decision_or_entry_bar,,,True,,H23,3,AIG,,double_cost,0.010427683608543991,15.186724771165343,2024
,,,712c33f9bf58be6f96665a64,time_value,,,1,2,2024-06-03,2024-06-03,,,606,,,2024-06-04,607,False,,,2024-12-02,,,,,,,"{""market_momentum"": 0.04508643050907857, ""market_volatility"": 0.0060434691287607045, ""momentum"": 0.0028169014084507005, ""volatility"": 0.010427683608543991, ""volume_state"": 15.186724771165343}",assumed_next_daily_close,,21,0000005272,,0.04508643050907857,0.0060434691287607045,0.0028169014084507005,,,,,,,915793df3a040cd0c802d9f2,False,,,,,,bounded_preclose_bid_ask,,,False,not_requested_for_horizon_or_variant,missing_decision_or_entry_bar,ordinary,protective_put,,missing_decision_or_entry_bar,,,False,,H23,3,AIG,,double_cost,0.010427683608543991,15.186724771165343,2024
,,,712c33f9bf58be6f96665a64,time_value,,,1,2,2024-06-03,2024-06-03,,,606,,,2024-06-04,607,False,,,2024-12-02,,,,,,,"{""market_momentum"": 0.04508643050907857, ""market_volatility"": 0.0060434691287607045, ""momentum"": 0.0028169014084507005, ""volatility"": 0.010427683608543991, ""volume_state"": 15.186724771165343}",assumed_next_daily_close,,21,0000005272,,0.04508643050907857,0.0060434691287607045,0.0028169014084507005,,,,,,,915793df3a040cd0c802d9f2,False,,,,,,bounded_preclose_bid_ask,,,False,not_requested_for_horizon_or_variant,missing_decision_or_entry_bar,ordinary,protective_put,,missing_decision_or_entry_bar,,,True,,H23,3,AIG,,double_cost,0.010427683608543991,15.186724771165343,2024
,,,712c33f9bf58be6f96665a64,time_value,,,1,2,2024-06-03,2024-06-03,,,606,,,2024-06-04,607,False,,,2024-12-02,,,,,,,"{""market_momentum"": 0.04508643050907857, ""market_volatility"": 0.0060434691287607045, ""momentum"": 0.0028169014084507005, ""volatility"": 0.010427683608543991, ""volume_state"": 15.186724771165343}",assumed_next_daily_close,,42,0000005272,,0.04508643050907857,0.0060434691287607045,0.0028169014084507005,,,,,,,915793df3a040cd0c802d9f2,False,,,,,,bounded_preclose_bid_ask,,,False,not_requested_for_horizon_or_variant,missing_decision_or_entry_bar,ordinary,protective_put,,missing_decision_or_entry_bar,,,False,,H23,3,AIG,,double_cost,0.010427683608543991,15.186724771165343,2024
,,,712c33f9bf58be6f96665a64,time_value,,,1,2,2024-06-03,2024-06-03,,,606,,,2024-06-04,607,False,,,2024-12-02,,,,,,,"{""market_momentum"": 0.04508643050907857, ""market_volatility"": 0.0060434691287607045, ""momentum"": 0.0028169014084507005, ""volatility"": 0.010427683608543991, ""volume_state"": 15.186724771165343}",assumed_next_daily_close,,42,0000005272,,0.04508643050907857,0.0060434691287607045,0.0028169014084507005,,,,,,,915793df3a040cd0c802d9f2,False,,,,,,bounded_preclose_bid_ask,,,False,not_requested_for_horizon_or_variant,missing_decision_or_entry_bar,ordinary,protective_put,,missing_decision_or_entry_bar,,,True,,H23,3,AIG,,double_cost,0.010427683608543991,15.186724771165343,2024
,,,712c33f9bf58be6f96665a64,time_value,,,1,2,2024-06-03,2024-06-03,,,606,,,2024-06-04,607,False,,,2024-12-02,,,,,,,"{""market_momentum"": 0.04508643050907857, ""market_volatility"": 0.0060434691287607045, ""momentum"": 0.0028169014084507005, ""volatility"": 0.010427683608543991, ""volume_state"": 15.186724771165343}",assumed_next_daily_close,,63,0000005272,,0.04508643050907857,0.0060434691287607045,0.0028169014084507005,,,,,,,915793df3a040cd0c802d9f2,False,,,,,,bounded_preclose_bid_ask,,,False,not_requested_for_horizon_or_variant,missing_decision_or_entry_bar,ordinary,protective_put,,missing_decision_or_entry_bar,,,False,,H23,3,AIG,,double_cost,0.010427683608543991,15.186724771165343,2024
,,,712c33f9bf58be6f96665a64,time_value,,,1,2,2024-06-03,2024-06-03,,,606,,,2024-06-04,607,False,,,2024-12-02,,,,,,,"{""market_momentum"": 0.04508643050907857, ""market_volatility"": 0.0060434691287607045, ""momentum"": 0.0028169014084507005, ""volatility"": 0.010427683608543991, ""volume_state"": 15.186724771165343}",assumed_next_daily_close,,63,0000005272,,0.04508643050907857,0.0060434691287607045,0.0028169014084507005,,,,,,,915793df3a040cd0c802d9f2,False,,,,,,bounded_preclose_bid_ask,,,False,not_requested_for_horizon_or_variant,missing_decision_or_entry_bar,ordinary,protective_put,,missing_decision_or_entry_bar,,,True,,H23,3,AIG,,double_cost,0.010427683608543991,15.186724771165343,2024
,,,712c33f9bf58be6f96665a64,time_value,,,1,2,2024-06-03,2024-06-03,,,606,,,2024-06-04,607,False,,,2024-12-02,,,,,,,"{""market_momentum"": 0.04508643050907857, ""market_volatility"": 0.0060434691287607045, ""momentum"": 0.0028169014084507005, ""volatility"": 0.010427683608543991, ""volume_state"": 15.186724771165343}",assumed_next_daily_close,,expiry,0000005272,,0.04508643050907857,0.0060434691287607045,0.0028169014084507005,,,,,,,915793df3a040cd0c802d9f2,False,,,,,,bounded_preclose_bid_ask,,,False,not_requested_for_horizon_or_variant,missing_decision_or_entry_bar,ordinary,protective_put,,missing_decision_or_entry_bar,,,False,,H23,3,AIG,,double_cost,0.010427683608543991,15.186724771165343,2024
,,,712c33f9bf58be6f96665a64,time_value,,,1,2,2024-06-03,2024-06-03,,,606,,,2024-06-04,607,False,,,2024-12-02,,,,,,,"{""market_momentum"": 0.04508643050907857, ""market_volatility"": 0.0060434691287607045, ""momentum"": 0.0028169014084507005, ""volatility"": 0.010427683608543991, ""volume_state"": 15.186724771165343}",assumed_next_daily_close,,expiry,0000005272,,0.04508643050907857,0.0060434691287607045,0.0028169014084507005,,,,,,,915793df3a040cd0c802d9f2,False,,,,,,bounded_preclose_bid_ask,,,False,not_requested_for_horizon_or_variant,missing_decision_or_entry_bar,ordinary,protective_put,,missing_decision_or_entry_bar,,,True,,H23,3,AIG,,double_cost,0.010427683608543991,15.186724771165343,2024
,,,7945a0611945c5b54702f1a6,time_value,,,1,2,2024-04-29,2024-04-29,,,582,,,2024-04-30,583,False,,,2024-04-29,,,,,,,"{""market_momentum"": -0.024872388016900282, ""market_volatility"": 0.007778130944973878, ""momentum"": 0.049321445825464494, ""volatility"": 0.01783920526635064, ""volume_state"": 15.016434920509496}",assumed_next_daily_close,,1,0000004962,,-0.024872388016900282,0.007778130944973878,0.049321445825464494,,,,,,,c413f50e9e0949687bdf1398,False,,,,,,bounded_preclose_bid_ask,,,False,not_requested_for_horizon_or_variant,no_standard_contract_within_rules,event,protective_put,,no_standard_contract_within_rules,,,False,,H23,3,AXP,,double_cost,0.01783920526635064,15.016434920509496,2024
,,,7945a0611945c5b54702f1a6,time_value,,,1,2,2024-04-29,2024-04-29,,,582,,,2024-04-30,583,False,,,2024-04-29,,,,,,,"{""market_momentum"": -0.024872388016900282, ""market_volatility"": 0.007778130944973878, ""momentum"": 0.049321445825464494, ""volatility"": 0.01783920526635064, ""volume_state"": 15.016434920509496}",assumed_next_daily_close,,1,0000004962,,-0.024872388016900282,0.007778130944973878,0.049321445825464494,,,,,,,c413f50e9e0949687bdf1398,False,,,,,,bounded_preclose_bid_ask,,,False,not_requested_for_horizon_or_variant,no_standard_contract_within_rules,event,protective_put,,no_standard_contract_within_rules,,,True,,H23,3,AXP,,double_cost,0.01783920526635064,15.016434920509496,2024
,,,7945a0611945c5b54702f1a6,time_value,,,1,2,2024-04-29,2024-04-29,,,582,,,2024-04-30,583,False,,,2024-04-29,,,,,,,"{""market_momentum"": -0.024872388016900282, ""market_volatility"": 0.007778130944973878, ""momentum"": 0.049321445825464494, ""volatility"": 0.01783920526635064, ""volume_state"": 15.016434920509496}",assumed_next_daily_close,,2,0000004962,,-0.024872388016900282,0.007778130944973878,0.049321445825464494,,,,,,,c413f50e9e0949687bdf1398,False,,,,,,bounded_preclose_bid_ask,,,False,not_requested_for_horizon_or_variant,no_standard_contract_within_rules,event,protective_put,,no_standard_contract_within_rules,,,False,,H23,3,AXP,,double_cost,0.01783920526635064,15.016434920509496,2024
,,,7945a0611945c5b54702f1a6,time_value,,,1,2,2024-04-29,2024-04-29,,,582,,,2024-04-30,583,False,,,2024-04-29,,,,,,,"{""market_momentum"": -0.024872388016900282, ""market_volatility"": 0.007778130944973878, ""momentum"": 0.049321445825464494, ""volatility"": 0.01783920526635064, ""volume_state"": 15.016434920509496}",assumed_next_daily_close,,2,0000004962,,-0.024872388016900282,0.007778130944973878,0.049321445825464494,,,,,,,c413f50e9e0949687bdf1398,False,,,,,,bounded_preclose_bid_ask,,,False,not_requested_for_horizon_or_variant,no_standard_contract_within_rules,event,protective_put,,no_standard_contract_within_rules,,,True,,H23,3,AXP,,double_cost,0.01783920526635064,15.016434920509496,2024
,,,7945a0611945c5b54702f1a6,time_value,,,1,2,2024-04-29,2024-04-29,,,582,,,2024-04-30,583,False,,,2024-04-29,,,,,,,"{""market_momentum"": -0.024872388016900282, ""market_volatility"": 0.007778130944973878, ""momentum"": 0.049321445825464494, ""volatility"": 0.01783920526635064, ""volume_state"": 15.016434920509496}",assumed_next_daily_close,,3,0000004962,,-0.024872388016900282,0.007778130944973878,0.049321445825464494,,,,,,,c413f50e9e0949687bdf1398,False,,,,,,bounded_preclose_bid_ask,,,False,not_requested_for_horizon_or_variant,no_standard_contract_within_rules,event,protective_put,,no_standard_contract_within_rules,,,False,,H23,3,AXP,,double_cost,0.01783920526635064,15.016434920509496,2024
,,,7945a0611945c5b54702f1a6,time_value,,,1,2,2024-04-29,2024-04-29,,,582,,,2024-04-30,583,False,,,2024-04-29,,,,,,,"{""market_momentum"": -0.024872388016900282, ""market_volatility"": 0.007778130944973878, ""momentum"": 0.049321445825464494, ""volatility"": 0.01783920526635064, ""volume_state"": 15.016434920509496}",assumed_next_daily_close,,3,0000004962,,-0.024872388016900282,0.007778130944973878,0.049321445825464494,,,,,,,c413f50e9e0949687bdf1398,False,,,,,,bounded_preclose_bid_ask,,,False,not_requested_for_horizon_or_variant,no_standard_contract_within_rules,event,protective_put,,no_standard_contract_within_rules,,,True,,H23,3,AXP,,double_cost,0.01783920526635064,15.016434920509496,2024
,,,7945a0611945c5b54702f1a6,time_value,,,1,2,2024-04-29,2024-04-29,,,582,,,2024-04-30,583,False,,,2024-04-29,,,,,,,"{""market_momentum"": -0.024872388016900282, ""market_volatility"": 0.007778130944973878, ""momentum"": 0.049321445825464494, ""volatility"": 0.01783920526635064, ""volume_state"": 15.016434920509496}",assumed_next_daily_close,,5,0000004962,,-0.024872388016900282,0.007778130944973878,0.049321445825464494,,,,,,,c413f50e9e0949687bdf1398,False,,,,,,bounded_preclose_bid_ask,,,False,not_requested_for_horizon_or_variant,no_standard_contract_within_rules,event,protective_put,,no_standard_contract_within_rules,,,False,,H23,3,AXP,,double_cost,0.01783920526635064,15.016434920509496,2024
,,,7945a0611945c5b54702f1a6,time_value,,,1,2,2024-04-29,2024-04-29,,,582,,,2024-04-30,583,False,,,2024-04-29,,,,,,,"{""market_momentum"": -0.024872388016900282, ""market_volatility"": 0.007778130944973878, ""momentum"": 0.049321445825464494, ""volatility"": 0.01783920526635064, ""volume_state"": 15.016434920509496}",assumed_next_daily_close,,5,0000004962,,-0.024872388016900282,0.007778130944973878,0.049321445825464494,,,,,,,c413f50e9e0949687bdf1398,False,,,,,,bounded_preclose_bid_ask,,,False,not_requested_for_horizon_or_variant,no_standard_contract_within_rules,event,protective_put,,no_standard_contract_within_rules,,,True,,H23,3,AXP,,double_cost,0.01783920526635064,15.016434920509496,2024
,,,7945a0611945c5b54702f1a6,time_value,,,1,2,2024-04-29,2024-04-29,,,582,,,2024-04-30,583,False,,,2024-04-29,,,,,,,"{""market_momentum"": -0.024872388016900282, ""market_volatility"": 0.007778130944973878, ""momentum"": 0.049321445825464494, ""volatility"": 0.01783920526635064, ""volume_state"": 15.016434920509496}",assumed_next_daily_close,,10,0000004962,,-0.024872388016900282,0.007778130944973878,0.049321445825464494,,,,,,,c413f50e9e0949687bdf1398,False,,,,,,bounded_preclose_bid_ask,,,False,not_requested_for_horizon_or_variant,no_standard_contract_within_rules,event,protective_put,,no_standard_contract_within_rules,,,False,,H23,3,AXP,,double_cost,0.01783920526635064,15.016434920509496,2024
,,,7945a0611945c5b54702f1a6,time_value,,,1,2,2024-04-29,2024-04-29,,,582,,,2024-04-30,583,False,,,2024-04-29,,,,,,,"{""market_momentum"": -0.024872388016900282, ""market_volatility"": 0.007778130944973878, ""momentum"": 0.049321445825464494, ""volatility"": 0.01783920526635064, ""volume_state"": 15.016434920509496}",assumed_next_daily_close,,10,0000004962,,-0.024872388016900282,0.007778130944973878,0.049321445825464494,,,,,,,c413f50e9e0949687bdf1398,False,,,,,,bounded_preclose_bid_ask,,,False,not_requested_for_horizon_or_variant,no_standard_contract_within_rules,event,protective_put,,no_standard_contract_within_rules,,,True,,H23,3,AXP,,double_cost,0.01783920526635064,15.016434920509496,2024
,,,7945a0611945c5b54702f1a6,time_value,,,1,2,2024-04-29,2024-04-29,,,582,,,2024-04-30,583,False,,,2024-04-29,,,,,,,"{""market_momentum"": -0.024872388016900282, ""market_volatility"": 0.007778130944973878, ""momentum"": 0.049321445825464494, ""volatility"": 0.01783920526635064, ""volume_state"": 15.016434920509496}",assumed_next_daily_close,,21,0000004962,,-0.024872388016900282,0.007778130944973878,0.049321445825464494,,,,,,,c413f50e9e0949687bdf1398,False,,,,,,bounded_preclose_bid_ask,,,False,not_requested_for_horizon_or_variant,no_standard_contract_within_rules,event,protective_put,,no_standard_contract_within_rules,,,False,,H23,3,AXP,,double_cost,0.01783920526635064,15.016434920509496,2024
,,,7945a0611945c5b54702f1a6,time_value,,,1,2,2024-04-29,2024-04-29,,,582,,,2024-04-30,583,False,,,2024-04-29,,,,,,,"{""market_momentum"": -0.024872388016900282, ""market_volatility"": 0.007778130944973878, ""momentum"": 0.049321445825464494, ""volatility"": 0.01783920526635064, ""volume_state"": 15.016434920509496}",assumed_next_daily_close,,21,0000004962,,-0.024872388016900282,0.007778130944973878,0.049321445825464494,,,,,,,c413f50e9e0949687bdf1398,False,,,,,,bounded_preclose_bid_ask,,,False,not_requested_for_horizon_or_variant,no_standard_contract_within_rules,event,protective_put,,no_standard_contract_within_rules,,,True,,H23,3,AXP,,double_cost,0.01783920526635064,15.016434920509496,2024
,,,7945a0611945c5b54702f1a6,time_value,,,1,2,2024-04-29,2024-04-29,,,582,,,2024-04-30,583,False,,,2024-04-29,,,,,,,"{""market_momentum"": -0.024872388016900282, ""market_volatility"": 0.007778130944973878, ""momentum"": 0.049321445825464494, ""volatility"": 0.01783920526635064, ""volume_state"": 15.016434920509496}",assumed_next_daily_close,,42,0000004962,,-0.024872388016900282,0.007778130944973878,0.049321445825464494,,,,,,,c413f50e9e0949687bdf1398,False,,,,,,bounded_preclose_bid_ask,,,False,not_requested_for_horizon_or_variant,no_standard_contract_within_rules,event,protective_put,,no_standard_contract_within_rules,,,False,,H23,3,AXP,,double_cost,0.01783920526635064,15.016434920509496,2024
,,,7945a0611945c5b54702f1a6,time_value,,,1,2,2024-04-29,2024-04-29,,,582,,,2024-04-30,583,False,,,2024-04-29,,,,,,,"{""market_momentum"": -0.024872388016900282, ""market_volatility"": 0.007778130944973878, ""momentum"": 0.049321445825464494, ""volatility"": 0.01783920526635064, ""volume_state"": 15.016434920509496}",assumed_next_daily_close,,42,0000004962,,-0.024872388016900282,0.007778130944973878,0.049321445825464494,,,,,,,c413f50e9e0949687bdf1398,False,,,,,,bounded_preclose_bid_ask,,,False,not_requested_for_horizon_or_variant,no_standard_contract_within_rules,event,protective_put,,no_standard_contract_within_rules,,,True,,H23,3,AXP,,double_cost,0.01783920526635064,15.016434920509496,2024
,,,7945a0611945c5b54702f1a6,time_value,,,1,2,2024-04-29,2024-04-29,,,582,,,2024-04-30,583,False,,,2024-04-29,,,,,,,"{""market_momentum"": -0.024872388016900282, ""market_volatility"": 0.007778130944973878, ""momentum"": 0.049321445825464494, ""volatility"": 0.01783920526635064, ""volume_state"": 15.016434920509496}",assumed_next_daily_close,,63,0000004962,,-0.024872388016900282,0.007778130944973878,0.049321445825464494,,,,,,,c413f50e9e0949687bdf1398,False,,,,,,bounded_preclose_bid_ask,,,False,not_requested_for_horizon_or_variant,no_standard_contract_within_rules,event,protective_put,,no_standard_contract_within_rules,,,False,,H23,3,AXP,,double_cost,0.01783920526635064,15.016434920509496,2024
,,,7945a0611945c5b54702f1a6,time_value,,,1,2,2024-04-29,2024-04-29,,,582,,,2024-04-30,583,False,,,2024-04-29,,,,,,,"{""market_momentum"": -0.024872388016900282, ""market_volatility"": 0.007778130944973878, ""momentum"": 0.049321445825464494, ""volatility"": 0.01783920526635064, ""volume_state"": 15.016434920509496}",assumed_next_daily_close,,63,0000004962,,-0.024872388016900282,0.007778130944973878,0.049321445825464494,,,,,,,c413f50e9e0949687bdf1398,False,,,,,,bounded_preclose_bid_ask,,,False,not_requested_for_horizon_or_variant,no_standard_contract_within_rules,event,protective_put,,no_standard_contract_within_rules,,,True,,H23,3,AXP,,double_cost,0.01783920526635064,15.016434920509496,2024
,,,7945a0611945c5b54702f1a6,time_value,,,1,2,2024-04-29,2024-04-29,,,582,,,2024-04-30,583,False,,,2024-04-29,,,,,,,"{""market_momentum"": -0.024872388016900282, ""market_volatility"": 0.007778130944973878, ""momentum"": 0.049321445825464494, ""volatility"": 0.01783920526635064, ""volume_state"": 15.016434920509496}",assumed_next_daily_close,,expiry,0000004962,,-0.024872388016900282,0.007778130944973878,0.049321445825464494,,,,,,,c413f50e9e0949687bdf1398,False,,,,,,bounded_preclose_bid_ask,,,False,not_requested_for_horizon_or_variant,no_standard_contract_within_rules,event,protective_put,,no_standard_contract_within_rules,,,False,,H23,3,AXP,,double_cost,0.01783920526635064,15.016434920509496,2024
,,,7945a0611945c5b54702f1a6,time_value,,,1,2,2024-04-29,2024-04-29,,,582,,,2024-04-30,583,False,,,2024-04-29,,,,,,,"{""market_momentum"": -0.024872388016900282, ""market_volatility"": 0.007778130944973878, ""momentum"": 0.049321445825464494, ""volatility"": 0.01783920526635064, ""volume_state"": 15.016434920509496}",assumed_next_daily_close,,expiry,0000004962,,-0.024872388016900282,0.007778130944973878,0.049321445825464494,,,,,,,c413f50e9e0949687bdf1398,False,,,,,,bounded_preclose_bid_ask,,,False,not_requested_for_horizon_or_variant,no_standard_contract_within_rules,event,protective_put,,no_standard_contract_within_rules,,,True,,H23,3,AXP,,double_cost,0.01783920526635064,15.016434920509496,2024
,,,7d18ffe5107f09453b091ed1,time_value,,,1,2,2025-03-14,2025-03-14,,,801,,,2025-03-17,802,False,,,2025-03-14,,,,,,,"{""market_momentum"": -0.0672069742773801, ""market_volatility"": 0.01253504135747289, ""momentum"": -0.09622269960615826, ""volatility"": 0.024303179473143182, ""volume_state"": 17.372110980500352}",assumed_next_daily_close,,1,0000002488,,-0.0672069742773801,0.01253504135747289,-0.09622269960615826,,,,,,,94abbd3bae510cb507b576d2,False,,,,,,bounded_preclose_bid_ask,,,False,not_requested_for_horizon_or_variant,no_standard_contract_within_rules,event,covered_call,,no_standard_contract_within_rules,,,False,,H23,3,AMD,,double_cost,0.024303179473143182,17.372110980500352,2025
,,,7d18ffe5107f09453b091ed1,time_value,,,1,2,2025-03-14,2025-03-14,,,801,,,2025-03-17,802,False,,,2025-03-14,,,,,,,"{""market_momentum"": -0.0672069742773801, ""market_volatility"": 0.01253504135747289, ""momentum"": -0.09622269960615826, ""volatility"": 0.024303179473143182, ""volume_state"": 17.372110980500352}",assumed_next_daily_close,,1,0000002488,,-0.0672069742773801,0.01253504135747289,-0.09622269960615826,,,,,,,94abbd3bae510cb507b576d2,False,,,,,,bounded_preclose_bid_ask,,,False,not_requested_for_horizon_or_variant,no_standard_contract_within_rules,event,covered_call,,no_standard_contract_within_rules,,,True,,H23,3,AMD,,double_cost,0.024303179473143182,17.372110980500352,2025
,,,7d18ffe5107f09453b091ed1,time_value,,,1,2,2025-03-14,2025-03-14,,,801,,,2025-03-17,802,False,,,2025-03-14,,,,,,,"{""market_momentum"": -0.0672069742773801, ""market_volatility"": 0.01253504135747289, ""momentum"": -0.09622269960615826, ""volatility"": 0.024303179473143182, ""volume_state"": 17.372110980500352}",assumed_next_daily_close,,2,0000002488,,-0.0672069742773801,0.01253504135747289,-0.09622269960615826,,,,,,,94abbd3bae510cb507b576d2,False,,,,,,bounded_preclose_bid_ask,,,False,not_requested_for_horizon_or_variant,no_standard_contract_within_rules,event,covered_call,,no_standard_contract_within_rules,,,False,,H23,3,AMD,,double_cost,0.024303179473143182,17.372110980500352,2025
,,,7d18ffe5107f09453b091ed1,time_value,,,1,2,2025-03-14,2025-03-14,,,801,,,2025-03-17,802,False,,,2025-03-14,,,,,,,"{""market_momentum"": -0.0672069742773801, ""market_volatility"": 0.01253504135747289, ""momentum"": -0.09622269960615826, ""volatility"": 0.024303179473143182, ""volume_state"": 17.372110980500352}",assumed_next_daily_close,,2,0000002488,,-0.0672069742773801,0.01253504135747289,-0.09622269960615826,,,,,,,94abbd3bae510cb507b576d2,False,,,,,,bounded_preclose_bid_ask,,,False,not_requested_for_horizon_or_variant,no_standard_contract_within_rules,event,covered_call,,no_standard_contract_within_rules,,,True,,H23,3,AMD,,double_cost,0.024303179473143182,17.372110980500352,2025
,,,7d18ffe5107f09453b091ed1,time_value,,,1,2,2025-03-14,2025-03-14,,,801,,,2025-03-17,802,False,,,2025-03-14,,,,,,,"{""market_momentum"": -0.0672069742773801, ""market_volatility"": 0.01253504135747289, ""momentum"": -0.09622269960615826, ""volatility"": 0.024303179473143182, ""volume_state"": 17.372110980500352}",assumed_next_daily_close,,3,0000002488,,-0.0672069742773801,0.01253504135747289,-0.09622269960615826,,,,,,,94abbd3bae510cb507b576d2,False,,,,,,bounded_preclose_bid_ask,,,False,not_requested_for_horizon_or_variant,no_standard_contract_within_rules,event,covered_call,,no_standard_contract_within_rules,,,False,,H23,3,AMD,,double_cost,0.024303179473143182,17.372110980500352,2025
,,,7d18ffe5107f09453b091ed1,time_value,,,1,2,2025-03-14,2025-03-14,,,801,,,2025-03-17,802,False,,,2025-03-14,,,,,,,"{""market_momentum"": -0.0672069742773801, ""market_volatility"": 0.01253504135747289, ""momentum"": -0.09622269960615826, ""volatility"": 0.024303179473143182, ""volume_state"": 17.372110980500352}",assumed_next_daily_close,,3,0000002488,,-0.0672069742773801,0.01253504135747289,-0.09622269960615826,,,,,,,94abbd3bae510cb507b576d2,False,,,,,,bounded_preclose_bid_ask,,,False,not_requested_for_horizon_or_variant,no_standard_contract_within_rules,event,covered_call,,no_standard_contract_within_rules,,,True,,H23,3,AMD,,double_cost,0.024303179473143182,17.372110980500352,2025
,,,7d18ffe5107f09453b091ed1,time_value,,,1,2,2025-03-14,2025-03-14,,,801,,,2025-03-17,802,False,,,2025-03-14,,,,,,,"{""market_momentum"": -0.0672069742773801, ""market_volatility"": 0.01253504135747289, ""momentum"": -0.09622269960615826, ""volatility"": 0.024303179473143182, ""volume_state"": 17.372110980500352}",assumed_next_daily_close,,5,0000002488,,-0.0672069742773801,0.01253504135747289,-0.09622269960615826,,,,,,,94abbd3bae510cb507b576d2,False,,,,,,bounded_preclose_bid_ask,,,False,not_requested_for_horizon_or_variant,no_standard_contract_within_rules,event,covered_call,,no_standard_contract_within_rules,,,False,,H23,3,AMD,,double_cost,0.024303179473143182,17.372110980500352,2025
,,,7d18ffe5107f09453b091ed1,time_value,,,1,2,2025-03-14,2025-03-14,,,801,,,2025-03-17,802,False,,,2025-03-14,,,,,,,"{""market_momentum"": -0.0672069742773801, ""market_volatility"": 0.01253504135747289, ""momentum"": -0.09622269960615826, ""volatility"": 0.024303179473143182, ""volume_state"": 17.372110980500352}",assumed_next_daily_close,,5,0000002488,,-0.0672069742773801,0.01253504135747289,-0.09622269960615826,,,,,,,94abbd3bae510cb507b576d2,False,,,,,,bounded_preclose_bid_ask,,,False,not_requested_for_horizon_or_variant,no_standard_contract_within_rules,event,covered_call,,no_standard_contract_within_rules,,,True,,H23,3,AMD,,double_cost,0.024303179473143182,17.372110980500352,2025
,,,7d18ffe5107f09453b091ed1,time_value,,,1,2,2025-03-14,2025-03-14,,,801,,,2025-03-17,802,False,,,2025-03-14,,,,,,,"{""market_momentum"": -0.0672069742773801, ""market_volatility"": 0.01253504135747289, ""momentum"": -0.09622269960615826, ""volatility"": 0.024303179473143182, ""volume_state"": 17.372110980500352}",assumed_next_daily_close,,10,0000002488,,-0.0672069742773801,0.01253504135747289,-0.09622269960615826,,,,,,,94abbd3bae510cb507b576d2,False,,,,,,bounded_preclose_bid_ask,,,False,not_requested_for_horizon_or_variant,no_standard_contract_within_rules,event,covered_call,,no_standard_contract_within_rules,,,False,,H23,3,AMD,,double_cost,0.024303179473143182,17.372110980500352,2025
,,,7d18ffe5107f09453b091ed1,time_value,,,1,2,2025-03-14,2025-03-14,,,801,,,2025-03-17,802,False,,,2025-03-14,,,,,,,"{""market_momentum"": -0.0672069742773801, ""market_volatility"": 0.01253504135747289, ""momentum"": -0.09622269960615826, ""volatility"": 0.024303179473143182, ""volume_state"": 17.372110980500352}",assumed_next_daily_close,,10,0000002488,,-0.0672069742773801,0.01253504135747289,-0.09622269960615826,,,,,,,94abbd3bae510cb507b576d2,False,,,,,,bounded_preclose_bid_ask,,,False,not_requested_for_horizon_or_variant,no_standard_contract_within_rules,event,covered_call,,no_standard_contract_within_rules,,,True,,H23,3,AMD,,double_cost,0.024303179473143182,17.372110980500352,2025
,,,7d18ffe5107f09453b091ed1,time_value,,,1,2,2025-03-14,2025-03-14,,,801,,,2025-03-17,802,False,,,2025-03-14,,,,,,,"{""market_momentum"": -0.0672069742773801, ""market_volatility"": 0.01253504135747289, ""momentum"": -0.09622269960615826, ""volatility"": 0.024303179473143182, ""volume_state"": 17.372110980500352}",assumed_next_daily_close,,21,0000002488,,-0.0672069742773801,0.01253504135747289,-0.09622269960615826,,,,,,,94abbd3bae510cb507b576d2,False,,,,,,bounded_preclose_bid_ask,,,False,not_requested_for_horizon_or_variant,no_standard_contract_within_rules,event,covered_call,,no_standard_contract_within_rules,,,False,,H23,3,AMD,,double_cost,0.024303179473143182,17.372110980500352,2025
,,,7d18ffe5107f09453b091ed1,time_value,,,1,2,2025-03-14,2025-03-14,,,801,,,2025-03-17,802,False,,,2025-03-14,,,,,,,"{""market_momentum"": -0.0672069742773801, ""market_volatility"": 0.01253504135747289, ""momentum"": -0.09622269960615826, ""volatility"": 0.024303179473143182, ""volume_state"": 17.372110980500352}",assumed_next_daily_close,,21,0000002488,,-0.0672069742773801,0.01253504135747289,-0.09622269960615826,,,,,,,94abbd3bae510cb507b576d2,False,,,,,,bounded_preclose_bid_ask,,,False,not_requested_for_horizon_or_variant,no_standard_contract_within_rules,event,covered_call,,no_standard_contract_within_rules,,,True,,H23,3,AMD,,double_cost,0.024303179473143182,17.372110980500352,2025
,,,7d18ffe5107f09453b091ed1,time_value,,,1,2,2025-03-14,2025-03-14,,,801,,,2025-03-17,802,False,,,2025-03-14,,,,,,,"{""market_momentum"": -0.0672069742773801, ""market_volatility"": 0.01253504135747289, ""momentum"": -0.09622269960615826, ""volatility"": 0.024303179473143182, ""volume_state"": 17.372110980500352}",assumed_next_daily_close,,42,0000002488,,-0.0672069742773801,0.01253504135747289,-0.09622269960615826,,,,,,,94abbd3bae510cb507b576d2,False,,,,,,bounded_preclose_bid_ask,,,False,not_requested_for_horizon_or_variant,no_standard_contract_within_rules,event,covered_call,,no_standard_contract_within_rules,,,False,,H23,3,AMD,,double_cost,0.024303179473143182,17.372110980500352,2025
,,,7d18ffe5107f09453b091ed1,time_value,,,1,2,2025-03-14,2025-03-14,,,801,,,2025-03-17,802,False,,,2025-03-14,,,,,,,"{""market_momentum"": -0.0672069742773801, ""market_volatility"": 0.01253504135747289, ""momentum"": -0.09622269960615826, ""volatility"": 0.024303179473143182, ""volume_state"": 17.372110980500352}",assumed_next_daily_close,,42,0000002488,,-0.0672069742773801,0.01253504135747289,-0.09622269960615826,,,,,,,94abbd3bae510cb507b576d2,False,,,,,,bounded_preclose_bid_ask,,,False,not_requested_for_horizon_or_variant,no_standard_contract_within_rules,event,covered_call,,no_standard_contract_within_rules,,,True,,H23,3,AMD,,double_cost,0.024303179473143182,17.372110980500352,2025
,,,7d18ffe5107f09453b091ed1,time_value,,,1,2,2025-03-14,2025-03-14,,,801,,,2025-03-17,802,False,,,2025-03-14,,,,,,,"{""market_momentum"": -0.0672069742773801, ""market_volatility"": 0.01253504135747289, ""momentum"": -0.09622269960615826, ""volatility"": 0.024303179473143182, ""volume_state"": 17.372110980500352}",assumed_next_daily_close,,63,0000002488,,-0.0672069742773801,0.01253504135747289,-0.09622269960615826,,,,,,,94abbd3bae510cb507b576d2,False,,,,,,bounded_preclose_bid_ask,,,False,not_requested_for_horizon_or_variant,no_standard_contract_within_rules,event,covered_call,,no_standard_contract_within_rules,,,False,,H23,3,AMD,,double_cost,0.024303179473143182,17.372110980500352,2025
,,,7d18ffe5107f09453b091ed1,time_value,,,1,2,2025-03-14,2025-03-14,,,801,,,2025-03-17,802,False,,,2025-03-14,,,,,,,"{""market_momentum"": -0.0672069742773801, ""market_volatility"": 0.01253504135747289, ""momentum"": -0.09622269960615826, ""volatility"": 0.024303179473143182, ""volume_state"": 17.372110980500352}",assumed_next_daily_close,,63,0000002488,,-0.0672069742773801,0.01253504135747289,-0.09622269960615826,,,,,,,94abbd3bae510cb507b576d2,False,,,,,,bounded_preclose_bid_ask,,,False,not_requested_for_horizon_or_variant,no_standard_contract_within_rules,event,covered_call,,no_standard_contract_within_rules,,,True,,H23,3,AMD,,double_cost,0.024303179473143182,17.372110980500352,2025
,,,7d18ffe5107f09453b091ed1,time_value,,,1,2,2025-03-14,2025-03-14,,,801,,,2025-03-17,802,False,,,2025-03-14,,,,,,,"{""market_momentum"": -0.0672069742773801, ""market_volatility"": 0.01253504135747289, ""momentum"": -0.09622269960615826, ""volatility"": 0.024303179473143182, ""volume_state"": 17.372110980500352}",assumed_next_daily_close,,expiry,0000002488,,-0.0672069742773801,0.01253504135747289,-0.09622269960615826,,,,,,,94abbd3bae510cb507b576d2,False,,,,,,bounded_preclose_bid_ask,,,False,not_requested_for_horizon_or_variant,no_standard_contract_within_rules,event,covered_call,,no_standard_contract_within_rules,,,False,,H23,3,AMD,,double_cost,0.024303179473143182,17.372110980500352,2025
,,,7d18ffe5107f09453b091ed1,time_value,,,1,2,2025-03-14,2025-03-14,,,801,,,2025-03-17,802,False,,,2025-03-14,,,,,,,"{""market_momentum"": -0.0672069742773801, ""market_volatility"": 0.01253504135747289, ""momentum"": -0.09622269960615826, ""volatility"": 0.024303179473143182, ""volume_state"": 17.372110980500352}",assumed_next_daily_close,,expiry,0000002488,,-0.0672069742773801,0.01253504135747289,-0.09622269960615826,,,,,,,94abbd3bae510cb507b576d2,False,,,,,,bounded_preclose_bid_ask,,,False,not_requested_for_horizon_or_variant,no_standard_contract_within_rules,event,covered_call,,no_standard_contract_within_rules,,,True,,H23,3,AMD,,double_cost,0.024303179473143182,17.372110980500352,2025
0.059126473209864305,2025-03-18,803,822f6e78a06659a7b5608cf6,time_value,74.2212,O:AMD250718P00095000,1,2,2025-03-14,2025-03-14,126,0.07279389917797366,801,0.0,0.01769499952194283,2025-03-17,802,True,2025-03-18,803,2025-03-14,569,43689523.0,2025-03-18,scheduled_exit,803,2025-07-18,"{""market_momentum"": -0.0672069742773801, ""market_volatility"": 0.01253504135747289, ""momentum"": -0.09622269960615826, ""volatility"": 0.024303179473143182, ""volume_state"": 17.372110980500352}",assumed_next_daily_close,10459.0,1,0000002488,0,-0.0672069742773801,0.01253504135747289,-0.09622269960615826,-185.07200000000006,-0.01769499952194283,67.85079999999999,5.4,6.05,64.99999999999994,94abbd3bae510cb507b576d2,True,0.0019569471624266144,511,2.9606419950842684e-06,33776458.0,,bounded_preclose_bid_ask,,,False,not_requested_for_horizon_or_variant,,event,protective_put,100,completed,104.59,103.51,False,-108.0,H23,3,AMD,142.072,double_cost,0.024303179473143182,17.372110980500352,2025
0.059126473209864305,2025-03-18,803,822f6e78a06659a7b5608cf6,time_value,12.421199999999999,O:AMD250718P00095000,1,2,2025-03-14,2025-03-14,126,0.07279389917797366,801,0.0,0.012713643751792713,2025-03-17,802,True,2025-03-18,803,2025-03-14,569,43689523.0,2025-03-18,scheduled_exit,803,2025-07-18,"{""market_momentum"": -0.0672069742773801, ""market_volatility"": 0.01253504135747289, ""momentum"": -0.09622269960615826, ""volatility"": 0.024303179473143182, ""volume_state"": 17.372110980500352}",assumed_next_daily_close,10459.0,1,0000002488,0,-0.0672069742773801,0.01253504135747289,-0.09622269960615826,-132.97199999999998,-0.012713643751792713,12.550799999999999,5.4,0.0,-0.0,94abbd3bae510cb507b576d2,True,0.0019569471624266144,511,2.9606419950842684e-06,33776458.0,,bounded_preclose_bid_ask,,,False,not_requested_for_horizon_or_variant,,event,protective_put,100,completed,104.59,103.51,True,-108.0,H23,3,AMD,24.971999999999998,double_cost,0.024303179473143182,17.372110980500352,2025
0.059126473209864305,2025-03-19,804,822f6e78a06659a7b5608cf6,time_value,61.6476,O:AMD250718P00095000,1,2,2025-03-14,2025-03-14,126,0.07279389917797366,801,0.0,0.017694999521942843,2025-03-17,802,True,2025-03-19,804,2025-03-14,569,43689523.0,2025-03-19,scheduled_exit,804,2025-07-18,"{""market_momentum"": -0.0672069742773801, ""market_volatility"": 0.01253504135747289, ""momentum"": -0.09622269960615826, ""volatility"": 0.024303179473143182, ""volume_state"": 17.372110980500352}",assumed_next_daily_close,10459.0,2,0000002488,0,-0.0672069742773801,0.01253504135747289,-0.09622269960615826,-29.498400000000046,-0.0028203843579692176,67.85079999999999,5.4,4.76,-64.00000000000006,94abbd3bae510cb507b576d2,True,0.0019569471624266144,511,2.9606419950842684e-06,33776458.0,,bounded_preclose_bid_ask,,,False,not_requested_for_horizon_or_variant,,event,protective_put,100,completed,104.59,106.23,False,164.0,H23,3,AMD,129.4984,double_cost,0.024303179473143182,17.372110980500352,2025
0.059126473209864305,2025-03-19,804,822f6e78a06659a7b5608cf6,time_value,12.747599999999998,O:AMD250718P00095000,1,2,2025-03-14,2025-03-14,126,0.07279389917797366,801,0.0,0.0127136437517928,2025-03-17,802,True,2025-03-19,804,2025-03-14,569,43689523.0,2025-03-19,scheduled_exit,804,2025-07-18,"{""market_momentum"": -0.0672069742773801, ""market_volatility"": 0.01253504135747289, ""momentum"": -0.09622269960615826, ""volatility"": 0.024303179473143182, ""volume_state"": 17.372110980500352}",assumed_next_daily_close,10459.0,2,0000002488,0,-0.0672069742773801,0.01253504135747289,-0.09622269960615826,138.70159999999998,0.013261459030500047,12.550799999999999,5.4,0.0,-0.0,94abbd3bae510cb507b576d2,True,0.0019569471624266144,511,2.9606419950842684e-06,33776458.0,,bounded_preclose_bid_ask,,,False,not_requested_for_horizon_or_variant,,event,protective_put,100,completed,104.59,106.23,True,164.0,H23,3,AMD,25.298399999999997,double_cost,0.024303179473143182,17.372110980500352,2025
0.059126473209864305,2025-03-20,805,822f6e78a06659a7b5608cf6,time_value,63.156800000000004,O:AMD250718P00095000,1,2,2025-03-14,2025-03-14,126,0.07279389917797366,801,0.0,0.017694999521942843,2025-03-17,802,True,2025-03-20,805,2025-03-14,569,43689523.0,2025-03-20,scheduled_exit,805,2025-07-18,"{""market_momentum"": -0.0672069742773801, ""market_volatility"": 0.01253504135747289, ""momentum"": -0.09622269960615826, ""volatility"": 0.024303179473143182, ""volume_state"": 17.372110980500352}",assumed_next_daily_close,10459.0,3,0000002488,0,-0.0672069742773801,0.01253504135747289,-0.09622269960615826,73.9924,0.007074519552538484,67.85079999999999,5.4,4.9,-50.0,94abbd3bae510cb507b576d2,True,0.0019569471624266144,511,2.9606419950842684e-06,33776458.0,,bounded_preclose_bid_ask,,,False,not_requested_for_horizon_or_variant,,event,protective_put,100,completed,104.59,107.14,False,255.0,H23,3,AMD,131.0076,double_cost,0.024303179473143182,17.372110980500352,2025
0.059126473209864305,2025-03-20,805,822f6e78a06659a7b5608cf6,time_value,12.856799999999998,O:AMD250718P00095000,1,2,2025-03-14,2025-03-14,126,0.07279389917797366,801,0.0,0.0127136437517928,2025-03-17,802,True,2025-03-20,805,2025-03-14,569,43689523.0,2025-03-20,scheduled_exit,805,2025-07-18,"{""market_momentum"": -0.0672069742773801, ""market_volatility"": 0.01253504135747289, ""momentum"": -0.09622269960615826, ""volatility"": 0.024303179473143182, ""volume_state"": 17.372110980500352}",assumed_next_daily_close,10459.0,3,0000002488,0,-0.0672069742773801,0.01253504135747289,-0.09622269960615826,229.5924,0.021951658858399465,12.550799999999999,5.4,0.0,-0.0,94abbd3bae510cb507b576d2,True,0.0019569471624266144,511,2.9606419950842684e-06,33776458.0,,bounded_preclose_bid_ask,,,False,not_requested_for_horizon_or_variant,,event,protective_put,100,completed,104.59,107.14,True,255.0,H23,3,AMD,25.407599999999995,double_cost,0.024303179473143182,17.372110980500352,2025
0.059126473209864305,2025-03-24,807,822f6e78a06659a7b5608cf6,time_value,45.462,O:AMD250718P00095000,1,2,2025-03-14,2025-03-14,126,0.07279389917797366,801,0.0,0.017694999521942843,2025-03-17,802,True,2025-03-24,807,2025-03-14,569,43689523.0,2025-03-24,scheduled_exit,807,2025-07-18,"{""market_momentum"": -0.0672069742773801, ""market_volatility"": 0.01253504135747289, ""momentum"": -0.09622269960615826, ""volatility"": 0.024303179473143182, ""volume_state"": 17.372110980500352}",assumed_next_daily_close,10459.0,5,0000002488,0,-0.0672069742773801,0.01253504135747289,-0.09622269960615826,577.6872000000001,0.05523350224686873,67.85079999999999,5.4,3.05,-235.00000000000006,94abbd3bae510cb507b576d2,True,0.0019569471624266144,511,2.9606419950842684e-06,33776458.0,,bounded_preclose_bid_ask,,,False,not_requested_for_horizon_or_variant,,event,protective_put,100,completed,104.59,113.85,False,926.0,H23,3,AMD,113.3128,double_cost,0.024303179473143182,17.372110980500352,2025
0.059126473209864305,2025-03-24,807,822f6e78a06659a7b5608cf6,time_value,13.661999999999999,O:AMD250718P00095000,1,2,2025-03-14,2025-03-14,126,0.07279389917797366,801,0.0,0.0127136437517928,2025-03-17,802,True,2025-03-24,807,2025-03-14,569,43689523.0,2025-03-24,scheduled_exit,807,2025-07-18,"{""market_momentum"": -0.0672069742773801, ""market_volatility"": 0.01253504135747289, ""momentum"": -0.09622269960615826, ""volatility"": 0.024303179473143182, ""volume_state"": 17.372110980500352}",assumed_next_daily_close,10459.0,5,0000002488,0,-0.0672069742773801,0.01253504135747289,-0.09622269960615826,899.7872,0.08602994550148198,12.550799999999999,5.4,0.0,-0.0,94abbd3bae510cb507b576d2,True,0.0019569471624266144,511,2.9606419950842684e-06,33776458.0,,bounded_preclose_bid_ask,,,False,not_requested_for_horizon_or_variant,,event,protective_put,100,completed,104.59,113.85,True,926.0,H23,3,AMD,26.212799999999998,double_cost,0.024303179473143182,17.372110980500352,2025
0.059126473209864305,2025-03-31,812,822f6e78a06659a7b5608cf6,time_value,73.6288,O:AMD250718P00095000,1,2,2025-03-14,2025-03-14,126,0.07279389917797366,801,0.0,0.025478496988239795,2025-03-17,802,True,2025-03-31,812,2025-03-14,569,43689523.0,2025-03-31,scheduled_exit,812,2025-07-18,"{""market_momentum"": -0.0672069742773801, ""market_volatility"": 0.01253504135747289, ""momentum"": -0.09622269960615826, ""volatility"": 0.024303179473143182, ""volume_state"": 17.372110980500352}",assumed_next_daily_close,10459.0,10,0000002488,0,-0.0672069742773801,0.01253504135747289,-0.09622269960615826,-266.4796,-0.025478496988239795,67.85079999999999,5.4,6,59.999999999999964,94abbd3bae510cb507b576d2,True,0.0019569471624266144,511,2.9606419950842684e-06,33776458.0,,bounded_preclose_bid_ask,,,False,not_requested_for_horizon_or_variant,,event,protective_put,100,completed,104.59,102.74,False,-185.0,H23,3,AMD,141.4796,double_cost,0.024303179473143182,17.372110980500352,2025
0.059126473209864305,2025-03-31,812,822f6e78a06659a7b5608cf6,time_value,12.3288,O:AMD250718P00095000,1,2,2025-03-14,2025-03-14,126,0.07279389917797366,801,0.0,0.020066889760015298,2025-03-17,802,True,2025-03-31,812,2025-03-14,569,43689523.0,2025-03-31,scheduled_exit,812,2025-07-18,"{""market_momentum"": -0.0672069742773801, ""market_volatility"": 0.01253504135747289, ""momentum"": -0.09622269960615826, ""volatility"": 0.024303179473143182, ""volume_state"": 17.372110980500352}",assumed_next_daily_close,10459.0,10,0000002488,0,-0.0672069742773801,0.01253504135747289,-0.09622269960615826,-209.8796,-0.020066889760015298,12.550799999999999,5.4,0.0,-0.0,94abbd3bae510cb507b576d2,True,0.0019569471624266144,511,2.9606419950842684e-06,33776458.0,,bounded_preclose_bid_ask,,,False,not_requested_for_horizon_or_variant,,event,protective_put,100,completed,104.59,102.74,True,-185.0,H23,3,AMD,24.879599999999996,double_cost,0.024303179473143182,17.372110980500352,2025
0.059126473209864305,2025-04-15,823,822f6e78a06659a7b5608cf6,time_value,105.8348,O:AMD250718P00095000,1,2,2025-03-14,2025-03-14,126,0.07279389917797366,801,0.0,0.1297959651974376,2025-03-17,802,True,2025-04-15,823,2025-03-14,569,43689523.0,2025-04-15,scheduled_exit,823,2025-07-18,"{""market_momentum"": -0.0672069742773801, ""market_volatility"": 0.01253504135747289, ""momentum"": -0.09622269960615826, ""volatility"": 0.024303179473143182, ""volume_state"": 17.372110980500352}",assumed_next_daily_close,10459.0,21,0000002488,0,-0.0672069742773801,0.01253504135747289,-0.09622269960615826,-712.6855999999999,-0.06814089301080409,67.85079999999999,5.4,9.31,391.0,94abbd3bae510cb507b576d2,True,0.0019569471624266144,511,2.9606419950842684e-06,33776458.0,,bounded_preclose_bid_ask,,,False,not_requested_for_horizon_or_variant,,event,protective_put,100,completed,104.59,95.29,False,-930.0,H23,3,AMD,173.6856,double_cost,0.024303179473143182,17.372110980500352,2025
0.059126473209864305,2025-04-15,823,822f6e78a06659a7b5608cf6,time_value,11.4348,O:AMD250718P00095000,1,2,2025-03-14,2025-03-14,126,0.07279389917797366,801,0.0,0.2543202983076778,2025-03-17,802,True,2025-04-15,823,2025-03-14,569,43689523.0,2025-04-15,scheduled_exit,823,2025-07-18,"{""market_momentum"": -0.0672069742773801, ""market_volatility"": 0.01253504135747289, ""momentum"": -0.09622269960615826, ""volatility"": 0.024303179473143182, ""volume_state"": 17.372110980500352}",assumed_next_daily_close,10459.0,21,0000002488,0,-0.0672069742773801,0.01253504135747289,-0.09622269960615826,-953.9856,-0.09121193230710392,12.550799999999999,5.4,0.0,-0.0,94abbd3bae510cb507b576d2,True,0.0019569471624266144,511,2.9606419950842684e-06,33776458.0,,bounded_preclose_bid_ask,,,False,not_requested_for_horizon_or_variant,,event,protective_put,100,completed,104.59,95.29,True,-930.0,H23,3,AMD,23.985599999999998,double_cost,0.024303179473143182,17.372110980500352,2025
0.059126473209864305,2025-05-15,844,822f6e78a06659a7b5608cf6,time_value,31.2988,O:AMD250718P00095000,1,2,2025-03-14,2025-03-14,126,0.07279389917797366,801,0.0,0.1297959651974376,2025-03-17,802,True,2025-05-15,844,2025-03-14,569,43689523.0,2025-05-15,scheduled_exit,844,2025-07-18,"{""market_momentum"": -0.0672069742773801, ""market_volatility"": 0.01253504135747289, ""momentum"": -0.09622269960615826, ""volatility"": 0.024303179473143182, ""volume_state"": 17.372110980500352}",assumed_next_daily_close,10459.0,42,0000002488,0,-0.0672069742773801,0.01253504135747289,-0.09622269960615826,562.8504,0.05381493450616694,67.85079999999999,5.4,1.62,-378.0,94abbd3bae510cb507b576d2,True,0.0019569471624266144,511,2.9606419950842684e-06,33776458.0,,bounded_preclose_bid_ask,,,False,not_requested_for_horizon_or_variant,,event,protective_put,100,completed,104.59,114.99,False,1040.0,H23,3,AMD,99.14959999999999,double_cost,0.024303179473143182,17.372110980500352,2025
0.059126473209864305,2025-05-15,844,822f6e78a06659a7b5608cf6,time_value,13.798799999999998,O:AMD250718P00095000,1,2,2025-03-14,2025-03-14,126,0.07279389917797366,801,0.0,0.2543202983076778,2025-03-17,802,True,2025-05-15,844,2025-03-14,569,43689523.0,2025-05-15,scheduled_exit,844,2025-07-18,"{""market_momentum"": -0.0672069742773801, ""market_volatility"": 0.01253504135747289, ""momentum"": -0.09622269960615826, ""volatility"": 0.024303179473143182, ""volume_state"": 17.372110980500352}",assumed_next_daily_close,10459.0,42,0000002488,0,-0.0672069742773801,0.01253504135747289,-0.09622269960615826,1013.6504,0.09691656946170762,12.550799999999999,5.4,0.0,-0.0,94abbd3bae510cb507b576d2,True,0.0019569471624266144,511,2.9606419950842684e-06,33776458.0,,bounded_preclose_bid_ask,,,False,not_requested_for_horizon_or_variant,,event,protective_put,100,completed,104.59,114.99,True,1040.0,H23,3,AMD,26.349599999999995,double_cost,0.024303179473143182,17.372110980500352,2025
0.059126473209864305,2025-06-16,865,822f6e78a06659a7b5608cf6,time_value,18.9668,O:AMD250718P00095000,1,2,2025-03-14,2025-03-14,126,0.07279389917797366,801,0.0,0.1297959651974376,2025-03-17,802,True,2025-06-16,865,2025-03-14,569,43689523.0,2025-06-16,scheduled_exit,865,2025-07-18,"{""market_momentum"": -0.0672069742773801, ""market_volatility"": 0.01253504135747289, ""momentum"": -0.09622269960615826, ""volatility"": 0.024303179473143182, ""volume_state"": 17.372110980500352}",assumed_next_daily_close,10459.0,63,0000002488,0,-0.0672069742773801,0.01253504135747289,-0.09622269960615826,1578.1824000000001,0.15089228415718522,67.85079999999999,5.4,0.25,-515.0,94abbd3bae510cb507b576d2,True,0.0019569471624266144,511,2.9606419950842684e-06,33776458.0,,bounded_preclose_bid_ask,,,False,not_requested_for_horizon_or_variant,,event,protective_put,100,completed,104.59,126.39,False,2180.0,H23,3,AMD,86.8176,double_cost,0.024303179473143182,17.372110980500352,2025
0.059126473209864305,2025-06-16,865,822f6e78a06659a7b5608cf6,time_value,15.166799999999999,O:AMD250718P00095000,1,2,2025-03-14,2025-03-14,126,0.07279389917797366,801,0.0,0.2543202983076778,2025-03-17,802,True,2025-06-16,865,2025-03-14,569,43689523.0,2025-06-16,scheduled_exit,865,2025-07-18,"{""market_momentum"": -0.0672069742773801, ""market_volatility"": 0.01253504135747289, ""momentum"": -0.09622269960615826, ""volatility"": 0.024303179473143182, ""volume_state"": 17.372110980500352}",assumed_next_daily_close,10459.0,63,0000002488,0,-0.0672069742773801,0.01253504135747289,-0.09622269960615826,2152.2824,0.20578280906396407,12.550799999999999,5.4,0.0,-0.0,94abbd3bae510cb507b576d2,True,0.0019569471624266144,511,2.9606419950842684e-06,33776458.0,,bounded_preclose_bid_ask,,,False,not_requested_for_horizon_or_variant,,event,protective_put,100,completed,104.59,126.39,True,2180.0,H23,3,AMD,27.717599999999997,double_cost,0.024303179473143182,17.372110980500352,2025
0.059126473209864305,2025-07-18,887,822f6e78a06659a7b5608cf6,time_value,20.1388,O:AMD250718P00095000,1,2,2025-03-14,2025-03-14,126,0.07279389917797366,801,0.0,0.1297959651974376,2025-03-17,802,True,2025-07-18,887,2025-03-14,569,43689523.0,2025-07-18,expiry_worthless,887,2025-07-18,"{""market_momentum"": -0.0672069742773801, ""market_volatility"": 0.01253504135747289, ""momentum"": -0.09622269960615826, ""volatility"": 0.024303179473143182, ""volume_state"": 17.372110980500352}",assumed_next_daily_close,10459.0,expiry,0000002488,0,-0.0672069742773801,0.01253504135747289,-0.09622269960615826,4612.0104,0.44096093316760687,67.85079999999999,5.4,0.0,-540.0,94abbd3bae510cb507b576d2,True,0.0019569471624266144,511,2.9606419950842684e-06,33776458.0,,bounded_preclose_bid_ask,,,False,not_requested_for_horizon_or_variant,,event,protective_put,100,completed,104.59,156.99,False,5240.0,H23,3,AMD,87.9896,double_cost,0.024303179473143182,17.372110980500352,2025
0.059126473209864305,2025-07-18,887,822f6e78a06659a7b5608cf6,time_value,18.8388,O:AMD250718P00095000,1,2,2025-03-14,2025-03-14,126,0.07279389917797366,801,0.0,0.2543202983076778,2025-03-17,802,True,2025-07-18,887,2025-03-14,569,43689523.0,2025-07-18,scheduled_exit,887,2025-07-18,"{""market_momentum"": -0.0672069742773801, ""market_volatility"": 0.01253504135747289, ""momentum"": -0.09622269960615826, ""volatility"": 0.024303179473143182, ""volume_state"": 17.372110980500352}",assumed_next_daily_close,10459.0,expiry,0000002488,0,-0.0672069742773801,0.01253504135747289,-0.09622269960615826,5208.6104,0.4980027153647576,12.550799999999999,5.4,0.0,-0.0,94abbd3bae510cb507b576d2,True,0.0019569471624266144,511,2.9606419950842684e-06,33776458.0,,bounded_preclose_bid_ask,,,False,not_requested_for_horizon_or_variant,,event,protective_put,100,completed,104.59,156.99,True,5240.0,H23,3,AMD,31.389599999999998,double_cost,0.024303179473143182,17.372110980500352,2025
0.04179820684429858,2024-05-02,585,87dab2b17a63750160366ab1,time_value,99.83919999999999,O:AMD240816C00165000,1,2,2024-04-30,2024-04-30,108,0.09597171360020204,583,0.0,0.013323962015665068,2024-05-01,584,True,2024-05-02,585,2025-03-14,1813,89413168.0,2024-05-02,scheduled_exit,585,2024-08-16,"{""market_momentum"": -0.038647157959246115, ""market_volatility"": 0.008503234770382983, ""momentum"": -0.13614050398167343, ""volatility"": 0.03093264576009373, ""volume_state"": 17.834771180478228}",assumed_next_daily_close,14427.000000000002,1,0000002488,0,-0.038647157959246115,0.008503234770382983,-0.13614050398167343,-41.951600000001775,-0.002907853330560877,96.1124,7.75,8.1,-34.999999999999964,94abbd3bae510cb507b576d2,True,0.0024813895781637717,403,2.3049460920821445e-06,43384962.6,,bounded_preclose_bid_ask,,,False,not_requested_for_horizon_or_variant,,ordinary,covered_call,100,completed,144.27,146.16,False,188.99999999999818,H23,3,AMD,195.95159999999998,double_cost,0.03093264576009373,17.834771180478228,2024
0.04179820684429858,2024-05-02,585,87dab2b17a63750160366ab1,time_value,17.539199999999997,O:AMD240816C00165000,1,2,2024-04-30,2024-04-30,108,0.09597171360020204,583,0.0,0.0024000000000000484,2024-05-01,584,True,2024-05-02,585,2025-03-14,1813,89413168.0,2024-05-02,scheduled_exit,585,2024-08-16,"{""market_momentum"": -0.038647157959246115, ""market_volatility"": 0.008503234770382983, ""momentum"": -0.13614050398167343, ""volatility"": 0.03093264576009373, ""volume_state"": 17.834771180478228}",assumed_next_daily_close,14427.000000000002,1,0000002488,0,-0.038647157959246115,0.008503234770382983,-0.13614050398167343,154.1483999999982,0.010684716157205114,17.3124,7.75,0.0,-0.0,94abbd3bae510cb507b576d2,True,0.0024813895781637717,403,2.3049460920821445e-06,43384962.6,,bounded_preclose_bid_ask,,,False,not_requested_for_horizon_or_variant,,ordinary,covered_call,100,completed,144.27,146.16,True,188.99999999999818,H23,3,AMD,34.8516,double_cost,0.03093264576009373,17.834771180478228,2024
0.04179820684429858,2024-05-03,586,87dab2b17a63750160366ab1,time_value,114.87200000000001,O:AMD240816C00165000,1,2,2024-04-30,2024-04-30,108,0.09597171360020204,583,0.0,0.013323962015665068,2024-05-01,584,True,2024-05-03,586,2025-03-14,1813,89413168.0,2024-05-03,scheduled_exit,586,2024-08-16,"{""market_momentum"": -0.038647157959246115, ""market_volatility"": 0.008503234770382983, ""momentum"": -0.13614050398167343, ""volatility"": 0.03093264576009373, ""volume_state"": 17.834771180478228}",assumed_next_daily_close,14427.000000000002,2,0000002488,0,-0.038647157959246115,0.008503234770382983,-0.13614050398167343,242.01559999999813,0.01677518541623332,96.1124,7.75,9.55,-180.00000000000006,94abbd3bae510cb507b576d2,True,0.0024813895781637717,403,2.3049460920821445e-06,43384962.6,,bounded_preclose_bid_ask,,,False,not_requested_for_horizon_or_variant,,ordinary,covered_call,100,completed,144.27,150.6,False,632.9999999999982,H23,3,AMD,210.9844,double_cost,0.03093264576009373,17.834771180478228,2024
0.04179820684429858,2024-05-03,586,87dab2b17a63750160366ab1,time_value,18.072,O:AMD240816C00165000,1,2,2024-04-30,2024-04-30,108,0.09597171360020204,583,0.0,0.0024000000000000484,2024-05-01,584,True,2024-05-03,586,2025-03-14,1813,89413168.0,2024-05-03,scheduled_exit,586,2024-08-16,"{""market_momentum"": -0.038647157959246115, ""market_volatility"": 0.008503234770382983, ""momentum"": -0.13614050398167343, ""volatility"": 0.03093264576009373, ""volume_state"": 17.834771180478228}",assumed_next_daily_close,14427.000000000002,2,0000002488,0,-0.038647157959246115,0.008503234770382983,-0.13614050398167343,597.6155999999982,0.04142341443127456,17.3124,7.75,0.0,-0.0,94abbd3bae510cb507b576d2,True,0.0024813895781637717,403,2.3049460920821445e-06,43384962.6,,bounded_preclose_bid_ask,,,False,not_requested_for_horizon_or_variant,,ordinary,covered_call,100,completed,144.27,150.6,True,632.9999999999982,H23,3,AMD,35.3844,double_cost,0.03093264576009373,17.834771180478228,2024
0.04179820684429858,2024-05-06,587,87dab2b17a63750160366ab1,time_value,136.4936,O:AMD240816C00165000,1,2,2024-04-30,2024-04-30,108,0.09597171360020204,583,0.0,0.013323962015665068,2024-05-01,584,True,2024-05-06,587,2025-03-14,1813,89413168.0,2024-05-06,scheduled_exit,587,2024-08-16,"{""market_momentum"": -0.038647157959246115, ""market_volatility"": 0.008503234770382983, ""momentum"": -0.13614050398167343, ""volatility"": 0.03093264576009373, ""volume_state"": 17.834771180478228}",assumed_next_daily_close,14427.000000000002,3,0000002488,0,-0.038647157959246115,0.008503234770382983,-0.13614050398167343,528.3939999999982,0.03662535523670882,96.1124,7.75,11.65,-390.00000000000006,94abbd3bae510cb507b576d2,True,0.0024813895781637717,403,2.3049460920821445e-06,43384962.6,,bounded_preclose_bid_ask,,,False,not_requested_for_horizon_or_variant,,ordinary,covered_call,100,completed,144.27,155.78,False,1150.9999999999982,H23,3,AMD,232.606,double_cost,0.03093264576009373,17.834771180478228,2024
0.04179820684429858,2024-05-06,587,87dab2b17a63750160366ab1,time_value,18.6936,O:AMD240816C00165000,1,2,2024-04-30,2024-04-30,108,0.09597171360020204,583,0.0,0.0024000000000000484,2024-05-01,584,True,2024-05-06,587,2025-03-14,1813,89413168.0,2024-05-06,scheduled_exit,587,2024-08-16,"{""market_momentum"": -0.038647157959246115, ""market_volatility"": 0.008503234770382983, ""momentum"": -0.13614050398167343, ""volatility"": 0.03093264576009373, ""volume_state"": 17.834771180478228}",assumed_next_daily_close,14427.000000000002,3,0000002488,0,-0.038647157959246115,0.008503234770382983,-0.13614050398167343,1114.993999999998,0.07728522908435558,17.3124,7.75,0.0,-0.0,94abbd3bae510cb507b576d2,True,0.0024813895781637717,403,2.3049460920821445e-06,43384962.6,,bounded_preclose_bid_ask,,,False,not_requested_for_horizon_or_variant,,ordinary,covered_call,100,completed,144.27,155.78,True,1150.9999999999982,H23,3,AMD,36.006,double_cost,0.03093264576009373,17.834771180478228,2024
0.04179820684429858,2024-05-08,589,87dab2b17a63750160366ab1,time_value,122.7344,O:AMD240816C00165000,1,2,2024-04-30,2024-04-30,108,0.09597171360020204,583,0.0,0.013323962015665068,2024-05-01,584,True,2024-05-08,589,2025-03-14,1813,89413168.0,2024-05-08,scheduled_exit,589,2024-08-16,"{""market_momentum"": -0.038647157959246115, ""market_volatility"": 0.008503234770382983, ""momentum"": -0.13614050398167343, ""volatility"": 0.03093264576009373, ""volume_state"": 17.834771180478228}",assumed_next_daily_close,14427.000000000002,5,0000002488,0,-0.038647157959246115,0.008503234770382983,-0.13614050398167343,461.1531999999982,0.031964594163720675,96.1124,7.75,10.3,-255.00000000000006,94abbd3bae510cb507b576d2,True,0.0024813895781637717,403,2.3049460920821445e-06,43384962.6,,bounded_preclose_bid_ask,,,False,not_requested_for_horizon_or_variant,,ordinary,covered_call,100,completed,144.27,153.62,False,934.9999999999982,H23,3,AMD,218.84679999999997,double_cost,0.03093264576009373,17.834771180478228,2024
0.04179820684429858,2024-05-08,589,87dab2b17a63750160366ab1,time_value,18.4344,O:AMD240816C00165000,1,2,2024-04-30,2024-04-30,108,0.09597171360020204,583,0.0,0.0024000000000000484,2024-05-01,584,True,2024-05-08,589,2025-03-14,1813,89413168.0,2024-05-08,scheduled_exit,589,2024-08-16,"{""market_momentum"": -0.038647157959246115, ""market_volatility"": 0.008503234770382983, ""momentum"": -0.13614050398167343, ""volatility"": 0.03093264576009373, ""volume_state"": 17.834771180478228}",assumed_next_daily_close,14427.000000000002,5,0000002488,0,-0.038647157959246115,0.008503234770382983,-0.13614050398167343,899.2531999999982,0.06233126776183531,17.3124,7.75,0.0,-0.0,94abbd3bae510cb507b576d2,True,0.0024813895781637717,403,2.3049460920821445e-06,43384962.6,,bounded_preclose_bid_ask,,,False,not_requested_for_horizon_or_variant,,ordinary,covered_call,100,completed,144.27,153.62,True,934.9999999999982,H23,3,AMD,35.7468,double_cost,0.03093264576009373,17.834771180478228,2024
0.04179820684429858,2024-05-15,594,87dab2b17a63750160366ab1,time_value,142.4604,O:AMD240816C00165000,1,2,2024-04-30,2024-04-30,108,0.09597171360020204,583,0.0,0.013323962015665068,2024-05-01,584,True,2024-05-15,594,2025-03-14,1813,89413168.0,2024-05-15,scheduled_exit,594,2024-08-16,"{""market_momentum"": -0.038647157959246115, ""market_volatility"": 0.008503234770382983, ""momentum"": -0.13614050398167343, ""volatility"": 0.03093264576009373, ""volume_state"": 17.834771180478228}",assumed_next_daily_close,14427.000000000002,10,0000002488,0,-0.038647157959246115,0.008503234770382983,-0.13614050398167343,856.4271999999964,0.05936280585014184,96.1124,7.75,12.2,-444.99999999999994,94abbd3bae510cb507b576d2,True,0.0024813895781637717,403,2.3049460920821445e-06,43384962.6,,bounded_preclose_bid_ask,,,False,not_requested_for_horizon_or_variant,,ordinary,covered_call,100,completed,144.27,159.67,False,1539.9999999999964,H23,3,AMD,238.57279999999997,double_cost,0.03093264576009373,17.834771180478228,2024
0.04179820684429858,2024-05-15,594,87dab2b17a63750160366ab1,time_value,19.160399999999996,O:AMD240816C00165000,1,2,2024-04-30,2024-04-30,108,0.09597171360020204,583,0.0,0.0024000000000000484,2024-05-01,584,True,2024-05-15,594,2025-03-14,1813,89413168.0,2024-05-15,scheduled_exit,594,2024-08-16,"{""market_momentum"": -0.038647157959246115, ""market_volatility"": 0.008503234770382983, ""momentum"": -0.13614050398167343, ""volatility"": 0.03093264576009373, ""volume_state"": 17.834771180478228}",assumed_next_daily_close,14427.000000000002,10,0000002488,0,-0.038647157959246115,0.008503234770382983,-0.13614050398167343,1503.5271999999964,0.10421620572537577,17.3124,7.75,0.0,-0.0,94abbd3bae510cb507b576d2,True,0.0024813895781637717,403,2.3049460920821445e-06,43384962.6,,bounded_preclose_bid_ask,,,False,not_requested_for_horizon_or_variant,,ordinary,covered_call,100,completed,144.27,159.67,True,1539.9999999999964,H23,3,AMD,36.47279999999999,double_cost,0.03093264576009373,17.834771180478228,2024
0.04179820684429858,2024-05-31,605,87dab2b17a63750160366ab1,time_value,177.828,O:AMD240816C00165000,1,2,2024-04-30,2024-04-30,108,0.09597171360020204,583,0.0,0.013323962015665068,2024-05-01,584,True,2024-05-31,605,2025-03-14,1813,89413168.0,2024-05-31,scheduled_exit,605,2024-08-16,"{""market_momentum"": -0.038647157959246115, ""market_volatility"": 0.008503234770382983, ""momentum"": -0.13614050398167343, ""volatility"": 0.03093264576009373, ""volume_state"": 17.834771180478228}",assumed_next_daily_close,14427.000000000002,21,0000002488,0,-0.038647157959246115,0.008503234770382983,-0.13614050398167343,1199.0595999999982,0.08311219241699577,96.1124,7.75,15.65,-790.0,94abbd3bae510cb507b576d2,True,0.0024813895781637717,403,2.3049460920821445e-06,43384962.6,,bounded_preclose_bid_ask,,,False,not_requested_for_horizon_or_variant,,ordinary,covered_call,100,completed,144.27,166.9,False,2262.999999999998,H23,3,AMD,273.9404,double_cost,0.03093264576009373,17.834771180478228,2024
0.04179820684429858,2024-05-31,605,87dab2b17a63750160366ab1,time_value,20.028,O:AMD240816C00165000,1,2,2024-04-30,2024-04-30,108,0.09597171360020204,583,0.0,0.0024000000000000484,2024-05-01,584,True,2024-05-31,605,2025-03-14,1813,89413168.0,2024-05-31,scheduled_exit,605,2024-08-16,"{""market_momentum"": -0.038647157959246115, ""market_volatility"": 0.008503234770382983, ""momentum"": -0.13614050398167343, ""volatility"": 0.03093264576009373, ""volume_state"": 17.834771180478228}",assumed_next_daily_close,14427.000000000002,21,0000002488,0,-0.038647157959246115,0.008503234770382983,-0.13614050398167343,2225.6595999999986,0.15427043737436738,17.3124,7.75,0.0,-0.0,94abbd3bae510cb507b576d2,True,0.0024813895781637717,403,2.3049460920821445e-06,43384962.6,,bounded_preclose_bid_ask,,,False,not_requested_for_horizon_or_variant,,ordinary,covered_call,100,completed,144.27,166.9,True,2262.999999999998,H23,3,AMD,37.3404,double_cost,0.03093264576009373,17.834771180478228,2024
0.04179820684429858,2024-07-02,626,87dab2b17a63750160366ab1,time_value,132.5172,O:AMD240816C00165000,1,2,2024-04-30,2024-04-30,108,0.09597171360020204,583,0.0,0.013323962015665068,2024-05-01,584,True,2024-07-02,626,2025-03-14,1813,89413168.0,2024-07-02,scheduled_exit,626,2024-08-16,"{""market_momentum"": -0.038647157959246115, ""market_volatility"": 0.008503234770382983, ""momentum"": -0.13614050398167343, ""volatility"": 0.03093264576009373, ""volume_state"": 17.834771180478228}",assumed_next_daily_close,14427.000000000002,42,0000002488,0,-0.038647157959246115,0.008503234770382983,-0.13614050398167343,1435.3703999999982,0.09949195258889568,96.1124,7.75,11.15,-340.00000000000006,94abbd3bae510cb507b576d2,True,0.0024813895781637717,403,2.3049460920821445e-06,43384962.6,,bounded_preclose_bid_ask,,,False,not_requested_for_horizon_or_variant,,ordinary,covered_call,100,completed,144.27,164.31,False,2003.9999999999982,H23,3,AMD,228.62959999999998,double_cost,0.03093264576009373,17.834771180478228,2024
0.04179820684429858,2024-07-02,626,87dab2b17a63750160366ab1,time_value,19.7172,O:AMD240816C00165000,1,2,2024-04-30,2024-04-30,108,0.09597171360020204,583,0.0,0.0024000000000000484,2024-05-01,584,True,2024-07-02,626,2025-03-14,1813,89413168.0,2024-07-02,scheduled_exit,626,2024-08-16,"{""market_momentum"": -0.038647157959246115, ""market_volatility"": 0.008503234770382983, ""momentum"": -0.13614050398167343, ""volatility"": 0.03093264576009373, ""volume_state"": 17.834771180478228}",assumed_next_daily_close,14427.000000000002,42,0000002488,0,-0.038647157959246115,0.008503234770382983,-0.13614050398167343,1966.970399999998,0.13633953004782684,17.3124,7.75,0.0,-0.0,94abbd3bae510cb507b576d2,True,0.0024813895781637717,403,2.3049460920821445e-06,43384962.6,,bounded_preclose_bid_ask,,,False,not_requested_for_horizon_or_variant,,ordinary,covered_call,100,completed,144.27,164.31,True,2003.9999999999982,H23,3,AMD,37.0296,double_cost,0.03093264576009373,17.834771180478228,2024
0.04179820684429858,2024-08-01,647,87dab2b17a63750160366ab1,time_value,19.8048,O:AMD240816C00165000,1,2,2024-04-30,2024-04-30,108,0.09597171360020204,583,0.0,0.037424079850280845,2024-05-01,584,True,2024-08-01,647,2025-03-14,1813,89413168.0,2024-08-01,scheduled_exit,647,2024-08-16,"{""market_momentum"": -0.038647157959246115, ""market_volatility"": 0.008503234770382983, ""momentum"": -0.13614050398167343, ""volatility"": 0.03093264576009373, ""volume_state"": 17.834771180478228}",assumed_next_daily_close,14427.000000000002,63,0000002488,0,-0.038647157959246115,0.008503234770382983,-0.13614050398167343,-539.9172000000018,-0.037424079850280845,96.1124,7.75,0.26,749.0,94abbd3bae510cb507b576d2,True,0.0024813895781637717,403,2.3049460920821445e-06,43384962.6,,bounded_preclose_bid_ask,,,False,not_requested_for_horizon_or_variant,,ordinary,covered_call,100,completed,144.27,132.54,False,-1173.0000000000018,H23,3,AMD,115.9172,double_cost,0.03093264576009373,17.834771180478228,2024
0.04179820684429858,2024-08-01,647,87dab2b17a63750160366ab1,time_value,15.904799999999998,O:AMD240816C00165000,1,2,2024-04-30,2024-04-30,108,0.09597171360020204,583,0.0,0.0836083177375755,2024-05-01,584,True,2024-08-01,647,2025-03-14,1813,89413168.0,2024-08-01,scheduled_exit,647,2024-08-16,"{""market_momentum"": -0.038647157959246115, ""market_volatility"": 0.008503234770382983, ""momentum"": -0.13614050398167343, ""volatility"": 0.03093264576009373, ""volume_state"": 17.834771180478228}",assumed_next_daily_close,14427.000000000002,63,0000002488,0,-0.038647157959246115,0.008503234770382983,-0.13614050398167343,-1206.2172000000019,-0.0836083177375755,17.3124,7.75,0.0,-0.0,94abbd3bae510cb507b576d2,True,0.0024813895781637717,403,2.3049460920821445e-06,43384962.6,,bounded_preclose_bid_ask,,,False,not_requested_for_horizon_or_variant,,ordinary,covered_call,100,completed,144.27,132.54,True,-1173.0000000000018,H23,3,AMD,33.2172,double_cost,0.03093264576009373,17.834771180478228,2024
0.04179820684429858,2024-08-16,658,87dab2b17a63750160366ab1,time_value,19.1272,O:AMD240816C00165000,1,2,2024-04-30,2024-04-30,108,0.09597171360020204,583,0.0,0.06269167533097689,2024-05-01,584,True,2024-08-16,658,2025-03-14,1813,89413168.0,2024-08-16,expiry_worthless,658,2024-08-16,"{""market_momentum"": -0.038647157959246115, ""market_volatility"": 0.008503234770382983, ""momentum"": -0.13614050398167343, ""volatility"": 0.03093264576009373, ""volume_state"": 17.834771180478228}",assumed_next_daily_close,14427.000000000002,expiry,0000002488,0,-0.038647157959246115,0.008503234770382983,-0.13614050398167343,1088.7603999999983,0.07546686074720997,96.1124,7.75,0.0,775.0,94abbd3bae510cb507b576d2,True,0.0024813895781637717,403,2.3049460920821445e-06,43384962.6,,bounded_preclose_bid_ask,,,False,not_requested_for_horizon_or_variant,,ordinary,covered_call,100,completed,144.27,148.56,False,428.9999999999982,H23,3,AMD,115.2396,double_cost,0.03093264576009373,17.834771180478228,2024
0.04179820684429858,2024-08-16,658,87dab2b17a63750160366ab1,time_value,17.827199999999998,O:AMD240816C00165000,1,2,2024-04-30,2024-04-30,108,0.09597171360020204,583,0.0,0.11040083177375783,2024-05-01,584,True,2024-08-16,658,2025-03-14,1813,89413168.0,2024-08-16,scheduled_exit,658,2024-08-16,"{""market_momentum"": -0.038647157959246115, ""market_volatility"": 0.008503234770382983, ""momentum"": -0.13614050398167343, ""volatility"": 0.03093264576009373, ""volume_state"": 17.834771180478228}",assumed_next_daily_close,14427.000000000002,expiry,0000002488,0,-0.038647157959246115,0.008503234770382983,-0.13614050398167343,393.86039999999815,0.02730022873778319,17.3124,7.75,0.0,-0.0,94abbd3bae510cb507b576d2,True,0.0024813895781637717,403,2.3049460920821445e-06,43384962.6,,bounded_preclose_bid_ask,,,False,not_requested_for_horizon_or_variant,,ordinary,covered_call,100,completed,144.27,148.56,True,428.9999999999982,H23,3,AMD,35.1396,double_cost,0.03093264576009373,17.834771180478228,2024
,,,896bea5d54c839adae43424b,time_value,,,1,2,2022-04-04,2022-04-04,,,63,,,2022-04-05,64,False,,,2023-02-21,,,,,,,"{""market_momentum"": 0.05699146169331515, ""market_volatility"": 0.014121578039566623, ""momentum"": 0.08505348366579946, ""volatility"": 0.026314544887485948, ""volume_state"": 15.23590534582416}",assumed_next_daily_close,,1,0000004962,,0.05699146169331515,0.014121578039566623,0.08505348366579946,,,,,,,22ec1e05640fbe4ff0d8a69f,False,,,,,,bounded_preclose_bid_ask,,,False,not_requested_for_horizon_or_variant,no_standard_contract_within_rules,ordinary,covered_call,,no_standard_contract_within_rules,,,False,,H23,3,AXP,,double_cost,0.026314544887485948,15.23590534582416,2022
,,,896bea5d54c839adae43424b,time_value,,,1,2,2022-04-04,2022-04-04,,,63,,,2022-04-05,64,False,,,2023-02-21,,,,,,,"{""market_momentum"": 0.05699146169331515, ""market_volatility"": 0.014121578039566623, ""momentum"": 0.08505348366579946, ""volatility"": 0.026314544887485948, ""volume_state"": 15.23590534582416}",assumed_next_daily_close,,1,0000004962,,0.05699146169331515,0.014121578039566623,0.08505348366579946,,,,,,,22ec1e05640fbe4ff0d8a69f,False,,,,,,bounded_preclose_bid_ask,,,False,not_requested_for_horizon_or_variant,no_standard_contract_within_rules,ordinary,covered_call,,no_standard_contract_within_rules,,,True,,H23,3,AXP,,double_cost,0.026314544887485948,15.23590534582416,2022
,,,896bea5d54c839adae43424b,time_value,,,1,2,2022-04-04,2022-04-04,,,63,,,2022-04-05,64,False,,,2023-02-21,,,,,,,"{""market_momentum"": 0.05699146169331515, ""market_volatility"": 0.014121578039566623, ""momentum"": 0.08505348366579946, ""volatility"": 0.026314544887485948, ""volume_state"": 15.23590534582416}",assumed_next_daily_close,,2,0000004962,,0.05699146169331515,0.014121578039566623,0.08505348366579946,,,,,,,22ec1e05640fbe4ff0d8a69f,False,,,,,,bounded_preclose_bid_ask,,,False,not_requested_for_horizon_or_variant,no_standard_contract_within_rules,ordinary,covered_call,,no_standard_contract_within_rules,,,False,,H23,3,AXP,,double_cost,0.026314544887485948,15.23590534582416,2022
,,,896bea5d54c839adae43424b,time_value,,,1,2,2022-04-04,2022-04-04,,,63,,,2022-04-05,64,False,,,2023-02-21,,,,,,,"{""market_momentum"": 0.05699146169331515, ""market_volatility"": 0.014121578039566623, ""momentum"": 0.08505348366579946, ""volatility"": 0.026314544887485948, ""volume_state"": 15.23590534582416}",assumed_next_daily_close,,2,0000004962,,0.05699146169331515,0.014121578039566623,0.08505348366579946,,,,,,,22ec1e05640fbe4ff0d8a69f,False,,,,,,bounded_preclose_bid_ask,,,False,not_requested_for_horizon_or_variant,no_standard_contract_within_rules,ordinary,covered_call,,no_standard_contract_within_rules,,,True,,H23,3,AXP,,double_cost,0.026314544887485948,15.23590534582416,2022
,,,896bea5d54c839adae43424b,time_value,,,1,2,2022-04-04,2022-04-04,,,63,,,2022-04-05,64,False,,,2023-02-21,,,,,,,"{""market_momentum"": 0.05699146169331515, ""market_volatility"": 0.014121578039566623, ""momentum"": 0.08505348366579946, ""volatility"": 0.026314544887485948, ""volume_state"": 15.23590534582416}",assumed_next_daily_close,,3,0000004962,,0.05699146169331515,0.014121578039566623,0.08505348366579946,,,,,,,22ec1e05640fbe4ff0d8a69f,False,,,,,,bounded_preclose_bid_ask,,,False,not_requested_for_horizon_or_variant,no_standard_contract_within_rules,ordinary,covered_call,,no_standard_contract_within_rules,,,False,,H23,3,AXP,,double_cost,0.026314544887485948,15.23590534582416,2022
,,,896bea5d54c839adae43424b,time_value,,,1,2,2022-04-04,2022-04-04,,,63,,,2022-04-05,64,False,,,2023-02-21,,,,,,,"{""market_momentum"": 0.05699146169331515, ""market_volatility"": 0.014121578039566623, ""momentum"": 0.08505348366579946, ""volatility"": 0.026314544887485948, ""volume_state"": 15.23590534582416}",assumed_next_daily_close,,3,0000004962,,0.05699146169331515,0.014121578039566623,0.08505348366579946,,,,,,,22ec1e05640fbe4ff0d8a69f,False,,,,,,bounded_preclose_bid_ask,,,False,not_requested_for_horizon_or_variant,no_standard_contract_within_rules,ordinary,covered_call,,no_standard_contract_within_rules,,,True,,H23,3,AXP,,double_cost,0.026314544887485948,15.23590534582416,2022
,,,896bea5d54c839adae43424b,time_value,,,1,2,2022-04-04,2022-04-04,,,63,,,2022-04-05,64,False,,,2023-02-21,,,,,,,"{""market_momentum"": 0.05699146169331515, ""market_volatility"": 0.014121578039566623, ""momentum"": 0.08505348366579946, ""volatility"": 0.026314544887485948, ""volume_state"": 15.23590534582416}",assumed_next_daily_close,,5,0000004962,,0.05699146169331515,0.014121578039566623,0.08505348366579946,,,,,,,22ec1e05640fbe4ff0d8a69f,False,,,,,,bounded_preclose_bid_ask,,,False,not_requested_for_horizon_or_variant,no_standard_contract_within_rules,ordinary,covered_call,,no_standard_contract_within_rules,,,False,,H23,3,AXP,,double_cost,0.026314544887485948,15.23590534582416,2022
,,,896bea5d54c839adae43424b,time_value,,,1,2,2022-04-04,2022-04-04,,,63,,,2022-04-05,64,False,,,2023-02-21,,,,,,,"{""market_momentum"": 0.05699146169331515, ""market_volatility"": 0.014121578039566623, ""momentum"": 0.08505348366579946, ""volatility"": 0.026314544887485948, ""volume_state"": 15.23590534582416}",assumed_next_daily_close,,5,0000004962,,0.05699146169331515,0.014121578039566623,0.08505348366579946,,,,,,,22ec1e05640fbe4ff0d8a69f,False,,,,,,bounded_preclose_bid_ask,,,False,not_requested_for_horizon_or_variant,no_standard_contract_within_rules,ordinary,covered_call,,no_standard_contract_within_rules,,,True,,H23,3,AXP,,double_cost,0.026314544887485948,15.23590534582416,2022
,,,896bea5d54c839adae43424b,time_value,,,1,2,2022-04-04,2022-04-04,,,63,,,2022-04-05,64,False,,,2023-02-21,,,,,,,"{""market_momentum"": 0.05699146169331515, ""market_volatility"": 0.014121578039566623, ""momentum"": 0.08505348366579946, ""volatility"": 0.026314544887485948, ""volume_state"": 15.23590534582416}",assumed_next_daily_close,,10,0000004962,,0.05699146169331515,0.014121578039566623,0.08505348366579946,,,,,,,22ec1e05640fbe4ff0d8a69f,False,,,,,,bounded_preclose_bid_ask,,,False,not_requested_for_horizon_or_variant,no_standard_contract_within_rules,ordinary,covered_call,,no_standard_contract_within_rules,,,False,,H23,3,AXP,,double_cost,0.026314544887485948,15.23590534582416,2022
,,,896bea5d54c839adae43424b,time_value,,,1,2,2022-04-04,2022-04-04,,,63,,,2022-04-05,64,False,,,2023-02-21,,,,,,,"{""market_momentum"": 0.05699146169331515, ""market_volatility"": 0.014121578039566623, ""momentum"": 0.08505348366579946, ""volatility"": 0.026314544887485948, ""volume_state"": 15.23590534582416}",assumed_next_daily_close,,10,0000004962,,0.05699146169331515,0.014121578039566623,0.08505348366579946,,,,,,,22ec1e05640fbe4ff0d8a69f,False,,,,,,bounded_preclose_bid_ask,,,False,not_requested_for_horizon_or_variant,no_standard_contract_within_rules,ordinary,covered_call,,no_standard_contract_within_rules,,,True,,H23,3,AXP,,double_cost,0.026314544887485948,15.23590534582416,2022
,,,896bea5d54c839adae43424b,time_value,,,1,2,2022-04-04,2022-04-04,,,63,,,2022-04-05,64,False,,,2023-02-21,,,,,,,"{""market_momentum"": 0.05699146169331515, ""market_volatility"": 0.014121578039566623, ""momentum"": 0.08505348366579946, ""volatility"": 0.026314544887485948, ""volume_state"": 15.23590534582416}",assumed_next_daily_close,,21,0000004962,,0.05699146169331515,0.014121578039566623,0.08505348366579946,,,,,,,22ec1e05640fbe4ff0d8a69f,False,,,,,,bounded_preclose_bid_ask,,,False,not_requested_for_horizon_or_variant,no_standard_contract_within_rules,ordinary,covered_call,,no_standard_contract_within_rules,,,False,,H23,3,AXP,,double_cost,0.026314544887485948,15.23590534582416,2022
,,,896bea5d54c839adae43424b,time_value,,,1,2,2022-04-04,2022-04-04,,,63,,,2022-04-05,64,False,,,2023-02-21,,,,,,,"{""market_momentum"": 0.05699146169331515, ""market_volatility"": 0.014121578039566623, ""momentum"": 0.08505348366579946, ""volatility"": 0.026314544887485948, ""volume_state"": 15.23590534582416}",assumed_next_daily_close,,21,0000004962,,0.05699146169331515,0.014121578039566623,0.08505348366579946,,,,,,,22ec1e05640fbe4ff0d8a69f,False,,,,,,bounded_preclose_bid_ask,,,False,not_requested_for_horizon_or_variant,no_standard_contract_within_rules,ordinary,covered_call,,no_standard_contract_within_rules,,,True,,H23,3,AXP,,double_cost,0.026314544887485948,15.23590534582416,2022
,,,896bea5d54c839adae43424b,time_value,,,1,2,2022-04-04,2022-04-04,,,63,,,2022-04-05,64,False,,,2023-02-21,,,,,,,"{""market_momentum"": 0.05699146169331515, ""market_volatility"": 0.014121578039566623, ""momentum"": 0.08505348366579946, ""volatility"": 0.026314544887485948, ""volume_state"": 15.23590534582416}",assumed_next_daily_close,,42,0000004962,,0.05699146169331515,0.014121578039566623,0.08505348366579946,,,,,,,22ec1e05640fbe4ff0d8a69f,False,,,,,,bounded_preclose_bid_ask,,,False,not_requested_for_horizon_or_variant,no_standard_contract_within_rules,ordinary,covered_call,,no_standard_contract_within_rules,,,False,,H23,3,AXP,,double_cost,0.026314544887485948,15.23590534582416,2022
,,,896bea5d54c839adae43424b,time_value,,,1,2,2022-04-04,2022-04-04,,,63,,,2022-04-05,64,False,,,2023-02-21,,,,,,,"{""market_momentum"": 0.05699146169331515, ""market_volatility"": 0.014121578039566623, ""momentum"": 0.08505348366579946, ""volatility"": 0.026314544887485948, ""volume_state"": 15.23590534582416}",assumed_next_daily_close,,42,0000004962,,0.05699146169331515,0.014121578039566623,0.08505348366579946,,,,,,,22ec1e05640fbe4ff0d8a69f,False,,,,,,bounded_preclose_bid_ask,,,False,not_requested_for_horizon_or_variant,no_standard_contract_within_rules,ordinary,covered_call,,no_standard_contract_within_rules,,,True,,H23,3,AXP,,double_cost,0.026314544887485948,15.23590534582416,2022
,,,896bea5d54c839adae43424b,time_value,,,1,2,2022-04-04,2022-04-04,,,63,,,2022-04-05,64,False,,,2023-02-21,,,,,,,"{""market_momentum"": 0.05699146169331515, ""market_volatility"": 0.014121578039566623, ""momentum"": 0.08505348366579946, ""volatility"": 0.026314544887485948, ""volume_state"": 15.23590534582416}",assumed_next_daily_close,,63,0000004962,,0.05699146169331515,0.014121578039566623,0.08505348366579946,,,,,,,22ec1e05640fbe4ff0d8a69f,False,,,,,,bounded_preclose_bid_ask,,,False,not_requested_for_horizon_or_variant,no_standard_contract_within_rules,ordinary,covered_call,,no_standard_contract_within_rules,,,False,,H23,3,AXP,,double_cost,0.026314544887485948,15.23590534582416,2022
,,,896bea5d54c839adae43424b,time_value,,,1,2,2022-04-04,2022-04-04,,,63,,,2022-04-05,64,False,,,2023-02-21,,,,,,,"{""market_momentum"": 0.05699146169331515, ""market_volatility"": 0.014121578039566623, ""momentum"": 0.08505348366579946, ""volatility"": 0.026314544887485948, ""volume_state"": 15.23590534582416}",assumed_next_daily_close,,63,0000004962,,0.05699146169331515,0.014121578039566623,0.08505348366579946,,,,,,,22ec1e05640fbe4ff0d8a69f,False,,,,,,bounded_preclose_bid_ask,,,False,not_requested_for_horizon_or_variant,no_standard_contract_within_rules,ordinary,covered_call,,no_standard_contract_within_rules,,,True,,H23,3,AXP,,double_cost,0.026314544887485948,15.23590534582416,2022
,,,896bea5d54c839adae43424b,time_value,,,1,2,2022-04-04,2022-04-04,,,63,,,2022-04-05,64,False,,,2023-02-21,,,,,,,"{""market_momentum"": 0.05699146169331515, ""market_volatility"": 0.014121578039566623, ""momentum"": 0.08505348366579946, ""volatility"": 0.026314544887485948, ""volume_state"": 15.23590534582416}",assumed_next_daily_close,,expiry,0000004962,,0.05699146169331515,0.014121578039566623,0.08505348366579946,,,,,,,22ec1e05640fbe4ff0d8a69f,False,,,,,,bounded_preclose_bid_ask,,,False,not_requested_for_horizon_or_variant,no_standard_contract_within_rules,ordinary,covered_call,,no_standard_contract_within_rules,,,False,,H23,3,AXP,,double_cost,0.026314544887485948,15.23590534582416,2022
,,,896bea5d54c839adae43424b,time_value,,,1,2,2022-04-04,2022-04-04,,,63,,,2022-04-05,64,False,,,2023-02-21,,,,,,,"{""market_momentum"": 0.05699146169331515, ""market_volatility"": 0.014121578039566623, ""momentum"": 0.08505348366579946, ""volatility"": 0.026314544887485948, ""volume_state"": 15.23590534582416}",assumed_next_daily_close,,expiry,0000004962,,0.05699146169331515,0.014121578039566623,0.08505348366579946,,,,,,,22ec1e05640fbe4ff0d8a69f,False,,,,,,bounded_preclose_bid_ask,,,False,not_requested_for_horizon_or_variant,no_standard_contract_within_rules,ordinary,covered_call,,no_standard_contract_within_rules,,,True,,H23,3,AXP,,double_cost,0.026314544887485948,15.23590534582416,2022
,,,8a053f3d9fde438960d2be6a,time_value,,,1,2,2023-03-02,2023-03-02,,,291,,,2023-03-03,292,False,,,2023-08-01,,,,,,,"{""market_momentum"": -0.021329462704192115, ""market_volatility"": 0.009355395697923324, ""momentum"": 0.002343794660721432, ""volatility"": 0.011146330681368216, ""volume_state"": 14.883549117780994}",assumed_next_daily_close,,1,0000004962,,-0.021329462704192115,0.009355395697923324,0.002343794660721432,,,,,,,a2a517066de003d4b2f0efa8,False,,,,,,bounded_preclose_bid_ask,,,False,not_requested_for_horizon_or_variant,incomplete_prior_liquidity,ordinary,protective_put,,incomplete_prior_liquidity,,,False,,H23,3,AXP,,double_cost,0.011146330681368216,14.883549117780994,2023
,,,8a053f3d9fde438960d2be6a,time_value,,,1,2,2023-03-02,2023-03-02,,,291,,,2023-03-03,292,False,,,2023-08-01,,,,,,,"{""market_momentum"": -0.021329462704192115, ""market_volatility"": 0.009355395697923324, ""momentum"": 0.002343794660721432, ""volatility"": 0.011146330681368216, ""volume_state"": 14.883549117780994}",assumed_next_daily_close,,1,0000004962,,-0.021329462704192115,0.009355395697923324,0.002343794660721432,,,,,,,a2a517066de003d4b2f0efa8,False,,,,,,bounded_preclose_bid_ask,,,False,not_requested_for_horizon_or_variant,incomplete_prior_liquidity,ordinary,protective_put,,incomplete_prior_liquidity,,,True,,H23,3,AXP,,double_cost,0.011146330681368216,14.883549117780994,2023
,,,8a053f3d9fde438960d2be6a,time_value,,,1,2,2023-03-02,2023-03-02,,,291,,,2023-03-03,292,False,,,2023-08-01,,,,,,,"{""market_momentum"": -0.021329462704192115, ""market_volatility"": 0.009355395697923324, ""momentum"": 0.002343794660721432, ""volatility"": 0.011146330681368216, ""volume_state"": 14.883549117780994}",assumed_next_daily_close,,2,0000004962,,-0.021329462704192115,0.009355395697923324,0.002343794660721432,,,,,,,a2a517066de003d4b2f0efa8,False,,,,,,bounded_preclose_bid_ask,,,False,not_requested_for_horizon_or_variant,incomplete_prior_liquidity,ordinary,protective_put,,incomplete_prior_liquidity,,,False,,H23,3,AXP,,double_cost,0.011146330681368216,14.883549117780994,2023
,,,8a053f3d9fde438960d2be6a,time_value,,,1,2,2023-03-02,2023-03-02,,,291,,,2023-03-03,292,False,,,2023-08-01,,,,,,,"{""market_momentum"": -0.021329462704192115, ""market_volatility"": 0.009355395697923324, ""momentum"": 0.002343794660721432, ""volatility"": 0.011146330681368216, ""volume_state"": 14.883549117780994}",assumed_next_daily_close,,2,0000004962,,-0.021329462704192115,0.009355395697923324,0.002343794660721432,,,,,,,a2a517066de003d4b2f0efa8,False,,,,,,bounded_preclose_bid_ask,,,False,not_requested_for_horizon_or_variant,incomplete_prior_liquidity,ordinary,protective_put,,incomplete_prior_liquidity,,,True,,H23,3,AXP,,double_cost,0.011146330681368216,14.883549117780994,2023
,,,8a053f3d9fde438960d2be6a,time_value,,,1,2,2023-03-02,2023-03-02,,,291,,,2023-03-03,292,False,,,2023-08-01,,,,,,,"{""market_momentum"": -0.021329462704192115, ""market_volatility"": 0.009355395697923324, ""momentum"": 0.002343794660721432, ""volatility"": 0.011146330681368216, ""volume_state"": 14.883549117780994}",assumed_next_daily_close,,3,0000004962,,-0.021329462704192115,0.009355395697923324,0.002343794660721432,,,,,,,a2a517066de003d4b2f0efa8,False,,,,,,bounded_preclose_bid_ask,,,False,not_requested_for_horizon_or_variant,incomplete_prior_liquidity,ordinary,protective_put,,incomplete_prior_liquidity,,,False,,H23,3,AXP,,double_cost,0.011146330681368216,14.883549117780994,2023
,,,8a053f3d9fde438960d2be6a,time_value,,,1,2,2023-03-02,2023-03-02,,,291,,,2023-03-03,292,False,,,2023-08-01,,,,,,,"{""market_momentum"": -0.021329462704192115, ""market_volatility"": 0.009355395697923324, ""momentum"": 0.002343794660721432, ""volatility"": 0.011146330681368216, ""volume_state"": 14.883549117780994}",assumed_next_daily_close,,3,0000004962,,-0.021329462704192115,0.009355395697923324,0.002343794660721432,,,,,,,a2a517066de003d4b2f0efa8,False,,,,,,bounded_preclose_bid_ask,,,False,not_requested_for_horizon_or_variant,incomplete_prior_liquidity,ordinary,protective_put,,incomplete_prior_liquidity,,,True,,H23,3,AXP,,double_cost,0.011146330681368216,14.883549117780994,2023
,,,8a053f3d9fde438960d2be6a,time_value,,,1,2,2023-03-02,2023-03-02,,,291,,,2023-03-03,292,False,,,2023-08-01,,,,,,,"{""market_momentum"": -0.021329462704192115, ""market_volatility"": 0.009355395697923324, ""momentum"": 0.002343794660721432, ""volatility"": 0.011146330681368216, ""volume_state"": 14.883549117780994}",assumed_next_daily_close,,5,0000004962,,-0.021329462704192115,0.009355395697923324,0.002343794660721432,,,,,,,a2a517066de003d4b2f0efa8,False,,,,,,bounded_preclose_bid_ask,,,False,not_requested_for_horizon_or_variant,incomplete_prior_liquidity,ordinary,protective_put,,incomplete_prior_liquidity,,,False,,H23,3,AXP,,double_cost,0.011146330681368216,14.883549117780994,2023
,,,8a053f3d9fde438960d2be6a,time_value,,,1,2,2023-03-02,2023-03-02,,,291,,,2023-03-03,292,False,,,2023-08-01,,,,,,,"{""market_momentum"": -0.021329462704192115, ""market_volatility"": 0.009355395697923324, ""momentum"": 0.002343794660721432, ""volatility"": 0.011146330681368216, ""volume_state"": 14.883549117780994}",assumed_next_daily_close,,5,0000004962,,-0.021329462704192115,0.009355395697923324,0.002343794660721432,,,,,,,a2a517066de003d4b2f0efa8,False,,,,,,bounded_preclose_bid_ask,,,False,not_requested_for_horizon_or_variant,incomplete_prior_liquidity,ordinary,protective_put,,incomplete_prior_liquidity,,,True,,H23,3,AXP,,double_cost,0.011146330681368216,14.883549117780994,2023
,,,8a053f3d9fde438960d2be6a,time_value,,,1,2,2023-03-02,2023-03-02,,,291,,,2023-03-03,292,False,,,2023-08-01,,,,,,,"{""market_momentum"": -0.021329462704192115, ""market_volatility"": 0.009355395697923324, ""momentum"": 0.002343794660721432, ""volatility"": 0.011146330681368216, ""volume_state"": 14.883549117780994}",assumed_next_daily_close,,10,0000004962,,-0.021329462704192115,0.009355395697923324,0.002343794660721432,,,,,,,a2a517066de003d4b2f0efa8,False,,,,,,bounded_preclose_bid_ask,,,False,not_requested_for_horizon_or_variant,incomplete_prior_liquidity,ordinary,protective_put,,incomplete_prior_liquidity,,,False,,H23,3,AXP,,double_cost,0.011146330681368216,14.883549117780994,2023
,,,8a053f3d9fde438960d2be6a,time_value,,,1,2,2023-03-02,2023-03-02,,,291,,,2023-03-03,292,False,,,2023-08-01,,,,,,,"{""market_momentum"": -0.021329462704192115, ""market_volatility"": 0.009355395697923324, ""momentum"": 0.002343794660721432, ""volatility"": 0.011146330681368216, ""volume_state"": 14.883549117780994}",assumed_next_daily_close,,10,0000004962,,-0.021329462704192115,0.009355395697923324,0.002343794660721432,,,,,,,a2a517066de003d4b2f0efa8,False,,,,,,bounded_preclose_bid_ask,,,False,not_requested_for_horizon_or_variant,incomplete_prior_liquidity,ordinary,protective_put,,incomplete_prior_liquidity,,,True,,H23,3,AXP,,double_cost,0.011146330681368216,14.883549117780994,2023
,,,8a053f3d9fde438960d2be6a,time_value,,,1,2,2023-03-02,2023-03-02,,,291,,,2023-03-03,292,False,,,2023-08-01,,,,,,,"{""market_momentum"": -0.021329462704192115, ""market_volatility"": 0.009355395697923324, ""momentum"": 0.002343794660721432, ""volatility"": 0.011146330681368216, ""volume_state"": 14.883549117780994}",assumed_next_daily_close,,21,0000004962,,-0.021329462704192115,0.009355395697923324,0.002343794660721432,,,,,,,a2a517066de003d4b2f0efa8,False,,,,,,bounded_preclose_bid_ask,,,False,not_requested_for_horizon_or_variant,incomplete_prior_liquidity,ordinary,protective_put,,incomplete_prior_liquidity,,,False,,H23,3,AXP,,double_cost,0.011146330681368216,14.883549117780994,2023
,,,8a053f3d9fde438960d2be6a,time_value,,,1,2,2023-03-02,2023-03-02,,,291,,,2023-03-03,292,False,,,2023-08-01,,,,,,,"{""market_momentum"": -0.021329462704192115, ""market_volatility"": 0.009355395697923324, ""momentum"": 0.002343794660721432, ""volatility"": 0.011146330681368216, ""volume_state"": 14.883549117780994}",assumed_next_daily_close,,21,0000004962,,-0.021329462704192115,0.009355395697923324,0.002343794660721432,,,,,,,a2a517066de003d4b2f0efa8,False,,,,,,bounded_preclose_bid_ask,,,False,not_requested_for_horizon_or_variant,incomplete_prior_liquidity,ordinary,protective_put,,incomplete_prior_liquidity,,,True,,H23,3,AXP,,double_cost,0.011146330681368216,14.883549117780994,2023
,,,8a053f3d9fde438960d2be6a,time_value,,,1,2,2023-03-02,2023-03-02,,,291,,,2023-03-03,292,False,,,2023-08-01,,,,,,,"{""market_momentum"": -0.021329462704192115, ""market_volatility"": 0.009355395697923324, ""momentum"": 0.002343794660721432, ""volatility"": 0.011146330681368216, ""volume_state"": 14.883549117780994}",assumed_next_daily_close,,42,0000004962,,-0.021329462704192115,0.009355395697923324,0.002343794660721432,,,,,,,a2a517066de003d4b2f0efa8,False,,,,,,bounded_preclose_bid_ask,,,False,not_requested_for_horizon_or_variant,incomplete_prior_liquidity,ordinary,protective_put,,incomplete_prior_liquidity,,,False,,H23,3,AXP,,double_cost,0.011146330681368216,14.883549117780994,2023
,,,8a053f3d9fde438960d2be6a,time_value,,,1,2,2023-03-02,2023-03-02,,,291,,,2023-03-03,292,False,,,2023-08-01,,,,,,,"{""market_momentum"": -0.021329462704192115, ""market_volatility"": 0.009355395697923324, ""momentum"": 0.002343794660721432, ""volatility"": 0.011146330681368216, ""volume_state"": 14.883549117780994}",assumed_next_daily_close,,42,0000004962,,-0.021329462704192115,0.009355395697923324,0.002343794660721432,,,,,,,a2a517066de003d4b2f0efa8,False,,,,,,bounded_preclose_bid_ask,,,False,not_requested_for_horizon_or_variant,incomplete_prior_liquidity,ordinary,protective_put,,incomplete_prior_liquidity,,,True,,H23,3,AXP,,double_cost,0.011146330681368216,14.883549117780994,2023
,,,8a053f3d9fde438960d2be6a,time_value,,,1,2,2023-03-02,2023-03-02,,,291,,,2023-03-03,292,False,,,2023-08-01,,,,,,,"{""market_momentum"": -0.021329462704192115, ""market_volatility"": 0.009355395697923324, ""momentum"": 0.002343794660721432, ""volatility"": 0.011146330681368216, ""volume_state"": 14.883549117780994}",assumed_next_daily_close,,63,0000004962,,-0.021329462704192115,0.009355395697923324,0.002343794660721432,,,,,,,a2a517066de003d4b2f0efa8,False,,,,,,bounded_preclose_bid_ask,,,False,not_requested_for_horizon_or_variant,incomplete_prior_liquidity,ordinary,protective_put,,incomplete_prior_liquidity,,,False,,H23,3,AXP,,double_cost,0.011146330681368216,14.883549117780994,2023
,,,8a053f3d9fde438960d2be6a,time_value,,,1,2,2023-03-02,2023-03-02,,,291,,,2023-03-03,292,False,,,2023-08-01,,,,,,,"{""market_momentum"": -0.021329462704192115, ""market_volatility"": 0.009355395697923324, ""momentum"": 0.002343794660721432, ""volatility"": 0.011146330681368216, ""volume_state"": 14.883549117780994}",assumed_next_daily_close,,63,0000004962,,-0.021329462704192115,0.009355395697923324,0.002343794660721432,,,,,,,a2a517066de003d4b2f0efa8,False,,,,,,bounded_preclose_bid_ask,,,False,not_requested_for_horizon_or_variant,incomplete_prior_liquidity,ordinary,protective_put,,incomplete_prior_liquidity,,,True,,H23,3,AXP,,double_cost,0.011146330681368216,14.883549117780994,2023
,,,8a053f3d9fde438960d2be6a,time_value,,,1,2,2023-03-02,2023-03-02,,,291,,,2023-03-03,292,False,,,2023-08-01,,,,,,,"{""market_momentum"": -0.021329462704192115, ""market_volatility"": 0.009355395697923324, ""momentum"": 0.002343794660721432, ""volatility"": 0.011146330681368216, ""volume_state"": 14.883549117780994}",assumed_next_daily_close,,expiry,0000004962,,-0.021329462704192115,0.009355395697923324,0.002343794660721432,,,,,,,a2a517066de003d4b2f0efa8,False,,,,,,bounded_preclose_bid_ask,,,False,not_requested_for_horizon_or_variant,incomplete_prior_liquidity,ordinary,protective_put,,incomplete_prior_liquidity,,,False,,H23,3,AXP,,double_cost,0.011146330681368216,14.883549117780994,2023
,,,8a053f3d9fde438960d2be6a,time_value,,,1,2,2023-03-02,2023-03-02,,,291,,,2023-03-03,292,False,,,2023-08-01,,,,,,,"{""market_momentum"": -0.021329462704192115, ""market_volatility"": 0.009355395697923324, ""momentum"": 0.002343794660721432, ""volatility"": 0.011146330681368216, ""volume_state"": 14.883549117780994}",assumed_next_daily_close,,expiry,0000004962,,-0.021329462704192115,0.009355395697923324,0.002343794660721432,,,,,,,a2a517066de003d4b2f0efa8,False,,,,,,bounded_preclose_bid_ask,,,False,not_requested_for_horizon_or_variant,incomplete_prior_liquidity,ordinary,protective_put,,incomplete_prior_liquidity,,,True,,H23,3,AXP,,double_cost,0.011146330681368216,14.883549117780994,2023
,,,8a4831bd6943620aca47ed07,time_value,,,1,2,2023-08-01,2023-08-01,,,395,,,2023-08-02,396,False,,,2023-08-01,,,,,,,"{""market_momentum"": 0.02977801840822969, ""market_volatility"": 0.005078410997996713, ""momentum"": -0.026119402985074536, ""volatility"": 0.01487985319661028, ""volume_state"": 14.924478046010279}",assumed_next_daily_close,,1,0000004962,,0.02977801840822969,0.005078410997996713,-0.026119402985074536,,,,,,,a2a517066de003d4b2f0efa8,False,,,,,,bounded_preclose_bid_ask,,,False,not_requested_for_horizon_or_variant,no_standard_contract_within_rules,event,covered_call,,no_standard_contract_within_rules,,,False,,H23,3,AXP,,double_cost,0.01487985319661028,14.924478046010279,2023
,,,8a4831bd6943620aca47ed07,time_value,,,1,2,2023-08-01,2023-08-01,,,395,,,2023-08-02,396,False,,,2023-08-01,,,,,,,"{""market_momentum"": 0.02977801840822969, ""market_volatility"": 0.005078410997996713, ""momentum"": -0.026119402985074536, ""volatility"": 0.01487985319661028, ""volume_state"": 14.924478046010279}",assumed_next_daily_close,,1,0000004962,,0.02977801840822969,0.005078410997996713,-0.026119402985074536,,,,,,,a2a517066de003d4b2f0efa8,False,,,,,,bounded_preclose_bid_ask,,,False,not_requested_for_horizon_or_variant,no_standard_contract_within_rules,event,covered_call,,no_standard_contract_within_rules,,,True,,H23,3,AXP,,double_cost,0.01487985319661028,14.924478046010279,2023
,,,8a4831bd6943620aca47ed07,time_value,,,1,2,2023-08-01,2023-08-01,,,395,,,2023-08-02,396,False,,,2023-08-01,,,,,,,"{""market_momentum"": 0.02977801840822969, ""market_volatility"": 0.005078410997996713, ""momentum"": -0.026119402985074536, ""volatility"": 0.01487985319661028, ""volume_state"": 14.924478046010279}",assumed_next_daily_close,,2,0000004962,,0.02977801840822969,0.005078410997996713,-0.026119402985074536,,,,,,,a2a517066de003d4b2f0efa8,False,,,,,,bounded_preclose_bid_ask,,,False,not_requested_for_horizon_or_variant,no_standard_contract_within_rules,event,covered_call,,no_standard_contract_within_rules,,,False,,H23,3,AXP,,double_cost,0.01487985319661028,14.924478046010279,2023
,,,8a4831bd6943620aca47ed07,time_value,,,1,2,2023-08-01,2023-08-01,,,395,,,2023-08-02,396,False,,,2023-08-01,,,,,,,"{""market_momentum"": 0.02977801840822969, ""market_volatility"": 0.005078410997996713, ""momentum"": -0.026119402985074536, ""volatility"": 0.01487985319661028, ""volume_state"": 14.924478046010279}",assumed_next_daily_close,,2,0000004962,,0.02977801840822969,0.005078410997996713,-0.026119402985074536,,,,,,,a2a517066de003d4b2f0efa8,False,,,,,,bounded_preclose_bid_ask,,,False,not_requested_for_horizon_or_variant,no_standard_contract_within_rules,event,covered_call,,no_standard_contract_within_rules,,,True,,H23,3,AXP,,double_cost,0.01487985319661028,14.924478046010279,2023
,,,8a4831bd6943620aca47ed07,time_value,,,1,2,2023-08-01,2023-08-01,,,395,,,2023-08-02,396,False,,,2023-08-01,,,,,,,"{""market_momentum"": 0.02977801840822969, ""market_volatility"": 0.005078410997996713, ""momentum"": -0.026119402985074536, ""volatility"": 0.01487985319661028, ""volume_state"": 14.924478046010279}",assumed_next_daily_close,,3,0000004962,,0.02977801840822969,0.005078410997996713,-0.026119402985074536,,,,,,,a2a517066de003d4b2f0efa8,False,,,,,,bounded_preclose_bid_ask,,,False,not_requested_for_horizon_or_variant,no_standard_contract_within_rules,event,covered_call,,no_standard_contract_within_rules,,,False,,H23,3,AXP,,double_cost,0.01487985319661028,14.924478046010279,2023
,,,8a4831bd6943620aca47ed07,time_value,,,1,2,2023-08-01,2023-08-01,,,395,,,2023-08-02,396,False,,,2023-08-01,,,,,,,"{""market_momentum"": 0.02977801840822969, ""market_volatility"": 0.005078410997996713, ""momentum"": -0.026119402985074536, ""volatility"": 0.01487985319661028, ""volume_state"": 14.924478046010279}",assumed_next_daily_close,,3,0000004962,,0.02977801840822969,0.005078410997996713,-0.026119402985074536,,,,,,,a2a517066de003d4b2f0efa8,False,,,,,,bounded_preclose_bid_ask,,,False,not_requested_for_horizon_or_variant,no_standard_contract_within_rules,event,covered_call,,no_standard_contract_within_rules,,,True,,H23,3,AXP,,double_cost,0.01487985319661028,14.924478046010279,2023
,,,8a4831bd6943620aca47ed07,time_value,,,1,2,2023-08-01,2023-08-01,,,395,,,2023-08-02,396,False,,,2023-08-01,,,,,,,"{""market_momentum"": 0.02977801840822969, ""market_volatility"": 0.005078410997996713, ""momentum"": -0.026119402985074536, ""volatility"": 0.01487985319661028, ""volume_state"": 14.924478046010279}",assumed_next_daily_close,,5,0000004962,,0.02977801840822969,0.005078410997996713,-0.026119402985074536,,,,,,,a2a517066de003d4b2f0efa8,False,,,,,,bounded_preclose_bid_ask,,,False,not_requested_for_horizon_or_variant,no_standard_contract_within_rules,event,covered_call,,no_standard_contract_within_rules,,,False,,H23,3,AXP,,double_cost,0.01487985319661028,14.924478046010279,2023
,,,8a4831bd6943620aca47ed07,time_value,,,1,2,2023-08-01,2023-08-01,,,395,,,2023-08-02,396,False,,,2023-08-01,,,,,,,"{""market_momentum"": 0.02977801840822969, ""market_volatility"": 0.005078410997996713, ""momentum"": -0.026119402985074536, ""volatility"": 0.01487985319661028, ""volume_state"": 14.924478046010279}",assumed_next_daily_close,,5,0000004962,,0.02977801840822969,0.005078410997996713,-0.026119402985074536,,,,,,,a2a517066de003d4b2f0efa8,False,,,,,,bounded_preclose_bid_ask,,,False,not_requested_for_horizon_or_variant,no_standard_contract_within_rules,event,covered_call,,no_standard_contract_within_rules,,,True,,H23,3,AXP,,double_cost,0.01487985319661028,14.924478046010279,2023
,,,8a4831bd6943620aca47ed07,time_value,,,1,2,2023-08-01,2023-08-01,,,395,,,2023-08-02,396,False,,,2023-08-01,,,,,,,"{""market_momentum"": 0.02977801840822969, ""market_volatility"": 0.005078410997996713, ""momentum"": -0.026119402985074536, ""volatility"": 0.01487985319661028, ""volume_state"": 14.924478046010279}",assumed_next_daily_close,,10,0000004962,,0.02977801840822969,0.005078410997996713,-0.026119402985074536,,,,,,,a2a517066de003d4b2f0efa8,False,,,,,,bounded_preclose_bid_ask,,,False,not_requested_for_horizon_or_variant,no_standard_contract_within_rules,event,covered_call,,no_standard_contract_within_rules,,,False,,H23,3,AXP,,double_cost,0.01487985319661028,14.924478046010279,2023
,,,8a4831bd6943620aca47ed07,time_value,,,1,2,2023-08-01,2023-08-01,,,395,,,2023-08-02,396,False,,,2023-08-01,,,,,,,"{""market_momentum"": 0.02977801840822969, ""market_volatility"": 0.005078410997996713, ""momentum"": -0.026119402985074536, ""volatility"": 0.01487985319661028, ""volume_state"": 14.924478046010279}",assumed_next_daily_close,,10,0000004962,,0.02977801840822969,0.005078410997996713,-0.026119402985074536,,,,,,,a2a517066de003d4b2f0efa8,False,,,,,,bounded_preclose_bid_ask,,,False,not_requested_for_horizon_or_variant,no_standard_contract_within_rules,event,covered_call,,no_standard_contract_within_rules,,,True,,H23,3,AXP,,double_cost,0.01487985319661028,14.924478046010279,2023
,,,8a4831bd6943620aca47ed07,time_value,,,1,2,2023-08-01,2023-08-01,,,395,,,2023-08-02,396,False,,,2023-08-01,,,,,,,"{""market_momentum"": 0.02977801840822969, ""market_volatility"": 0.005078410997996713, ""momentum"": -0.026119402985074536, ""volatility"": 0.01487985319661028, ""volume_state"": 14.924478046010279}",assumed_next_daily_close,,21,0000004962,,0.02977801840822969,0.005078410997996713,-0.026119402985074536,,,,,,,a2a517066de003d4b2f0efa8,False,,,,,,bounded_preclose_bid_ask,,,False,not_requested_for_horizon_or_variant,no_standard_contract_within_rules,event,covered_call,,no_standard_contract_within_rules,,,False,,H23,3,AXP,,double_cost,0.01487985319661028,14.924478046010279,2023
,,,8a4831bd6943620aca47ed07,time_value,,,1,2,2023-08-01,2023-08-01,,,395,,,2023-08-02,396,False,,,2023-08-01,,,,,,,"{""market_momentum"": 0.02977801840822969, ""market_volatility"": 0.005078410997996713, ""momentum"": -0.026119402985074536, ""volatility"": 0.01487985319661028, ""volume_state"": 14.924478046010279}",assumed_next_daily_close,,21,0000004962,,0.02977801840822969,0.005078410997996713,-0.026119402985074536,,,,,,,a2a517066de003d4b2f0efa8,False,,,,,,bounded_preclose_bid_ask,,,False,not_requested_for_horizon_or_variant,no_standard_contract_within_rules,event,covered_call,,no_standard_contract_within_rules,,,True,,H23,3,AXP,,double_cost,0.01487985319661028,14.924478046010279,2023
,,,8a4831bd6943620aca47ed07,time_value,,,1,2,2023-08-01,2023-08-01,,,395,,,2023-08-02,396,False,,,2023-08-01,,,,,,,"{""market_momentum"": 0.02977801840822969, ""market_volatility"": 0.005078410997996713, ""momentum"": -0.026119402985074536, ""volatility"": 0.01487985319661028, ""volume_state"": 14.924478046010279}",assumed_next_daily_close,,42,0000004962,,0.02977801840822969,0.005078410997996713,-0.026119402985074536,,,,,,,a2a517066de003d4b2f0efa8,False,,,,,,bounded_preclose_bid_ask,,,False,not_requested_for_horizon_or_variant,no_standard_contract_within_rules,event,covered_call,,no_standard_contract_within_rules,,,False,,H23,3,AXP,,double_cost,0.01487985319661028,14.924478046010279,2023
,,,8a4831bd6943620aca47ed07,time_value,,,1,2,2023-08-01,2023-08-01,,,395,,,2023-08-02,396,False,,,2023-08-01,,,,,,,"{""market_momentum"": 0.02977801840822969, ""market_volatility"": 0.005078410997996713, ""momentum"": -0.026119402985074536, ""volatility"": 0.01487985319661028, ""volume_state"": 14.924478046010279}",assumed_next_daily_close,,42,0000004962,,0.02977801840822969,0.005078410997996713,-0.026119402985074536,,,,,,,a2a517066de003d4b2f0efa8,False,,,,,,bounded_preclose_bid_ask,,,False,not_requested_for_horizon_or_variant,no_standard_contract_within_rules,event,covered_call,,no_standard_contract_within_rules,,,True,,H23,3,AXP,,double_cost,0.01487985319661028,14.924478046010279,2023
,,,8a4831bd6943620aca47ed07,time_value,,,1,2,2023-08-01,2023-08-01,,,395,,,2023-08-02,396,False,,,2023-08-01,,,,,,,"{""market_momentum"": 0.02977801840822969, ""market_volatility"": 0.005078410997996713, ""momentum"": -0.026119402985074536, ""volatility"": 0.01487985319661028, ""volume_state"": 14.924478046010279}",assumed_next_daily_close,,63,0000004962,,0.02977801840822969,0.005078410997996713,-0.026119402985074536,,,,,,,a2a517066de003d4b2f0efa8,False,,,,,,bounded_preclose_bid_ask,,,False,not_requested_for_horizon_or_variant,no_standard_contract_within_rules,event,covered_call,,no_standard_contract_within_rules,,,False,,H23,3,AXP,,double_cost,0.01487985319661028,14.924478046010279,2023
,,,8a4831bd6943620aca47ed07,time_value,,,1,2,2023-08-01,2023-08-01,,,395,,,2023-08-02,396,False,,,2023-08-01,,,,,,,"{""market_momentum"": 0.02977801840822969, ""market_volatility"": 0.005078410997996713, ""momentum"": -0.026119402985074536, ""volatility"": 0.01487985319661028, ""volume_state"": 14.924478046010279}",assumed_next_daily_close,,63,0000004962,,0.02977801840822969,0.005078410997996713,-0.026119402985074536,,,,,,,a2a517066de003d4b2f0efa8,False,,,,,,bounded_preclose_bid_ask,,,False,not_requested_for_horizon_or_variant,no_standard_contract_within_rules,event,covered_call,,no_standard_contract_within_rules,,,True,,H23,3,AXP,,double_cost,0.01487985319661028,14.924478046010279,2023
,,,8a4831bd6943620aca47ed07,time_value,,,1,2,2023-08-01,2023-08-01,,,395,,,2023-08-02,396,False,,,2023-08-01,,,,,,,"{""market_momentum"": 0.02977801840822969, ""market_volatility"": 0.005078410997996713, ""momentum"": -0.026119402985074536, ""volatility"": 0.01487985319661028, ""volume_state"": 14.924478046010279}",assumed_next_daily_close,,expiry,0000004962,,0.02977801840822969,0.005078410997996713,-0.026119402985074536,,,,,,,a2a517066de003d4b2f0efa8,False,,,,,,bounded_preclose_bid_ask,,,False,not_requested_for_horizon_or_variant,no_standard_contract_within_rules,event,covered_call,,no_standard_contract_within_rules,,,False,,H23,3,AXP,,double_cost,0.01487985319661028,14.924478046010279,2023
,,,8a4831bd6943620aca47ed07,time_value,,,1,2,2023-08-01,2023-08-01,,,395,,,2023-08-02,396,False,,,2023-08-01,,,,,,,"{""market_momentum"": 0.02977801840822969, ""market_volatility"": 0.005078410997996713, ""momentum"": -0.026119402985074536, ""volatility"": 0.01487985319661028, ""volume_state"": 14.924478046010279}",assumed_next_daily_close,,expiry,0000004962,,0.02977801840822969,0.005078410997996713,-0.026119402985074536,,,,,,,a2a517066de003d4b2f0efa8,False,,,,,,bounded_preclose_bid_ask,,,False,not_requested_for_horizon_or_variant,no_standard_contract_within_rules,event,covered_call,,no_standard_contract_within_rules,,,True,,H23,3,AXP,,double_cost,0.01487985319661028,14.924478046010279,2023
0.048610590966968736,2025-05-01,834,8e07a283327ac9ab84b9032d,time_value,225.12480000000005,O:AXP250919C00280000,1,2,2025-04-29,2025-04-29,143,0.06160587221930942,832,0.0,0.01686851094178146,2025-04-30,833,True,2025-05-01,834,2025-04-29,27,3522670.0,2025-05-01,scheduled_exit,834,2025-09-19,"{""market_momentum"": -0.0024115466292335963, ""market_volatility"": 0.03242703772174959, ""momentum"": 0.005800813620611578, ""volatility"": 0.044230052996412056, ""volume_state"": 15.250733180293725}",assumed_next_daily_close,26641.000000000004,1,0000004962,0,-0.0024115466292335963,0.03242703772174959,0.005800813620611578,-449.394,-0.01686851094178146,201.2692,16.8,19.16,-235.99999999999994,f81f7af660b9bf0aa1f7485e,True,0.001841620626151013,543,4.03388365456628e-05,2479000.6,,bounded_preclose_bid_ask,,,False,not_requested_for_horizon_or_variant,,event,covered_call,100,completed,266.41,268.54,False,213.0,H23,3,AXP,426.39400000000006,double_cost,0.044230052996412056,15.250733180293725,2025
0.048610590966968736,2025-05-01,834,8e07a283327ac9ab84b9032d,time_value,32.2248,O:AXP250919C00280000,1,2,2025-04-29,2025-04-29,143,0.06160587221930942,832,0.0,0.0023999999999999824,2025-04-30,833,True,2025-05-01,834,2025-04-29,27,3522670.0,2025-05-01,scheduled_exit,834,2025-09-19,"{""market_momentum"": -0.0024115466292335963, ""market_volatility"": 0.03242703772174959, ""momentum"": 0.005800813620611578, ""volatility"": 0.044230052996412056, ""volume_state"": 15.250733180293725}",assumed_next_daily_close,26641.000000000004,1,0000004962,0,-0.0024115466292335963,0.03242703772174959,0.005800813620611578,148.80599999999998,0.005585601141098306,31.9692,16.8,0.0,-0.0,f81f7af660b9bf0aa1f7485e,True,0.001841620626151013,543,4.03388365456628e-05,2479000.6,,bounded_preclose_bid_ask,,,False,not_requested_for_horizon_or_variant,,event,covered_call,100,completed,266.41,268.54,True,213.0,H23,3,AXP,64.194,double_cost,0.044230052996412056,15.250733180293725,2025
0.048610590966968736,2025-05-02,835,8e07a283327ac9ab84b9032d,time_value,251.52200000000002,O:AXP250919C00280000,1,2,2025-04-29,2025-04-29,143,0.06160587221930942,832,0.0,0.01686851094178142,2025-04-30,833,True,2025-05-02,835,2025-04-29,27,3522670.0,2025-05-02,scheduled_exit,835,2025-09-19,"{""market_momentum"": -0.0024115466292335963, ""market_volatility"": 0.03242703772174959, ""momentum"": 0.005800813620611578, ""volatility"": 0.044230052996412056, ""volume_state"": 15.250733180293725}",assumed_next_daily_close,26641.000000000004,2,0000004962,0,-0.0024115466292335963,0.03242703772174959,0.005800813620611578,101.20880000000008,0.0037989865245298625,201.2692,16.8,21.7,-489.9999999999999,f81f7af660b9bf0aa1f7485e,True,0.001841620626151013,543,4.03388365456628e-05,2479000.6,,bounded_preclose_bid_ask,,,False,not_requested_for_horizon_or_variant,,event,covered_call,100,completed,266.41,276.85,False,1044.0,H23,3,AXP,452.7912,double_cost,0.044230052996412056,15.250733180293725,2025
0.048610590966968736,2025-05-02,835,8e07a283327ac9ab84b9032d,time_value,33.222,O:AXP250919C00280000,1,2,2025-04-29,2025-04-29,143,0.06160587221930942,832,0.0,0.0023999999999999824,2025-04-30,833,True,2025-05-02,835,2025-04-29,27,3522670.0,2025-05-02,scheduled_exit,835,2025-09-19,"{""market_momentum"": -0.0024115466292335963, ""market_volatility"": 0.03242703772174959, ""momentum"": 0.005800813620611578, ""volatility"": 0.044230052996412056, ""volume_state"": 15.250733180293725}",assumed_next_daily_close,26641.000000000004,2,0000004962,0,-0.0024115466292335963,0.03242703772174959,0.005800813620611578,978.8088,0.03674069291693254,31.9692,16.8,0.0,-0.0,f81f7af660b9bf0aa1f7485e,True,0.001841620626151013,543,4.03388365456628e-05,2479000.6,,bounded_preclose_bid_ask,,,False,not_requested_for_horizon_or_variant,,event,covered_call,100,completed,266.41,276.85,True,1044.0,H23,3,AXP,65.19120000000001,double_cost,0.044230052996412056,15.250733180293725,2025
0.048610590966968736,2025-05-05,836,8e07a283327ac9ab84b9032d,time_value,261.1636,O:AXP250919C00280000,1,2,2025-04-29,2025-04-29,143,0.06160587221930942,832,0.0,0.01686851094178142,2025-04-30,833,True,2025-05-05,836,2025-04-29,27,3522670.0,2025-05-05,scheduled_exit,836,2025-09-19,"{""market_momentum"": -0.0024115466292335963, ""market_volatility"": 0.03242703772174959, ""momentum"": 0.005800813620611578, ""volatility"": 0.044230052996412056, ""volume_state"": 15.250733180293725}",assumed_next_daily_close,26641.000000000004,3,0000004962,0,-0.0024115466292335963,0.03242703772174959,0.005800813620611578,114.56719999999297,0.004300409143800644,201.2692,16.8,22.65,-584.9999999999998,f81f7af660b9bf0aa1f7485e,True,0.001841620626151013,543,4.03388365456628e-05,2479000.6,,bounded_preclose_bid_ask,,,False,not_requested_for_horizon_or_variant,,event,covered_call,100,completed,266.41,278.03,False,1161.9999999999927,H23,3,AXP,462.4328,double_cost,0.044230052996412056,15.250733180293725,2025
0.048610590966968736,2025-05-05,836,8e07a283327ac9ab84b9032d,time_value,33.36359999999999,O:AXP250919C00280000,1,2,2025-04-29,2025-04-29,143,0.06160587221930942,832,0.0,0.0023999999999999824,2025-04-30,833,True,2025-05-05,836,2025-04-29,27,3522670.0,2025-05-05,scheduled_exit,836,2025-09-19,"{""market_momentum"": -0.0024115466292335963, ""market_volatility"": 0.03242703772174959, ""momentum"": 0.005800813620611578, ""volatility"": 0.044230052996412056, ""volume_state"": 15.250733180293725}",assumed_next_daily_close,26641.000000000004,3,0000004962,0,-0.0024115466292335963,0.03242703772174959,0.005800813620611578,1096.6671999999928,0.04116464096693039,31.9692,16.8,0.0,-0.0,f81f7af660b9bf0aa1f7485e,True,0.001841620626151013,543,4.03388365456628e-05,2479000.6,,bounded_preclose_bid_ask,,,False,not_requested_for_horizon_or_variant,,event,covered_call,100,completed,266.41,278.03,True,1161.9999999999927,H23,3,AXP,65.33279999999999,double_cost,0.044230052996412056,15.250733180293725,2025
0.048610590966968736,2025-05-07,838,8e07a283327ac9ab84b9032d,time_value,239.9488,O:AXP250919C00280000,1,2,2025-04-29,2025-04-29,143,0.06160587221930942,832,0.0,0.01686851094178142,2025-04-30,833,True,2025-05-07,838,2025-04-29,27,3522670.0,2025-05-07,scheduled_exit,838,2025-09-19,"{""market_momentum"": -0.0024115466292335963, ""market_volatility"": 0.03242703772174959, ""momentum"": 0.005800813620611578, ""volatility"": 0.044230052996412056, ""volume_state"": 15.250733180293725}",assumed_next_daily_close,26641.000000000004,5,0000004962,0,-0.0024115466292335963,0.03242703772174959,0.005800813620611578,166.78199999999634,0.006260350587440273,201.2692,16.8,20.55,-375.0,f81f7af660b9bf0aa1f7485e,True,0.001841620626151013,543,4.03388365456628e-05,2479000.6,,bounded_preclose_bid_ask,,,False,not_requested_for_horizon_or_variant,,event,covered_call,100,completed,266.41,276.24,False,982.9999999999964,H23,3,AXP,441.218,double_cost,0.044230052996412056,15.250733180293725,2025
0.048610590966968736,2025-05-07,838,8e07a283327ac9ab84b9032d,time_value,33.148799999999994,O:AXP250919C00280000,1,2,2025-04-29,2025-04-29,143,0.06160587221930942,832,0.0,0.0023999999999999824,2025-04-30,833,True,2025-05-07,838,2025-04-29,27,3522670.0,2025-05-07,scheduled_exit,838,2025-09-19,"{""market_momentum"": -0.0024115466292335963, ""market_volatility"": 0.03242703772174959, ""momentum"": 0.005800813620611578, ""volatility"": 0.044230052996412056, ""volume_state"": 15.250733180293725}",assumed_next_daily_close,26641.000000000004,5,0000004962,0,-0.0024115466292335963,0.03242703772174959,0.005800813620611578,917.8819999999964,0.034453736721594394,31.9692,16.8,0.0,-0.0,f81f7af660b9bf0aa1f7485e,True,0.001841620626151013,543,4.03388365456628e-05,2479000.6,,bounded_preclose_bid_ask,,,False,not_requested_for_horizon_or_variant,,event,covered_call,100,completed,266.41,276.24,True,982.9999999999964,H23,3,AXP,65.118,double_cost,0.044230052996412056,15.250733180293725,2025
0.048610590966968736,2025-05-14,843,8e07a283327ac9ab84b9032d,time_value,391.012,O:AXP250919C00280000,1,2,2025-04-29,2025-04-29,143,0.06160587221930942,832,0.0,0.01686851094178142,2025-04-30,833,True,2025-05-14,843,2025-04-29,27,3522670.0,2025-05-14,scheduled_exit,843,2025-09-19,"{""market_momentum"": -0.0024115466292335963, ""market_volatility"": 0.03242703772174959, ""momentum"": 0.005800813620611578, ""volatility"": 0.044230052996412056, ""volume_state"": 15.250733180293725}",assumed_next_daily_close,26641.000000000004,10,0000004962,0,-0.0024115466292335963,0.03242703772174959,0.005800813620611578,919.7188000000003,0.03452268308246688,201.2692,16.8,35.37,-1856.9999999999998,f81f7af660b9bf0aa1f7485e,True,0.001841620626151013,543,4.03388365456628e-05,2479000.6,,bounded_preclose_bid_ask,,,False,not_requested_for_horizon_or_variant,,event,covered_call,100,completed,266.41,300.1,False,3369.0,H23,3,AXP,592.2812,double_cost,0.044230052996412056,15.250733180293725,2025
0.048610590966968736,2025-05-14,843,8e07a283327ac9ab84b9032d,time_value,36.012,O:AXP250919C00280000,1,2,2025-04-29,2025-04-29,143,0.06160587221930942,832,0.0,0.0023999999999999824,2025-04-30,833,True,2025-05-14,843,2025-04-29,27,3522670.0,2025-05-14,scheduled_exit,843,2025-09-19,"{""market_momentum"": -0.0024115466292335963, ""market_volatility"": 0.03242703772174959, ""momentum"": 0.005800813620611578, ""volatility"": 0.044230052996412056, ""volume_state"": 15.250733180293725}",assumed_next_daily_close,26641.000000000004,10,0000004962,0,-0.0024115466292335963,0.03242703772174959,0.005800813620611578,3301.0188,0.12390746593596334,31.9692,16.8,0.0,-0.0,f81f7af660b9bf0aa1f7485e,True,0.001841620626151013,543,4.03388365456628e-05,2479000.6,,bounded_preclose_bid_ask,,,False,not_requested_for_horizon_or_variant,,event,covered_call,100,completed,266.41,300.1,True,3369.0,H23,3,AXP,67.9812,double_cost,0.044230052996412056,15.250733180293725,2025
0.048610590966968736,2025-06-03,856,8e07a283327ac9ab84b9032d,time_value,342.4868,O:AXP250919C00280000,1,2,2025-04-29,2025-04-29,143,0.06160587221930942,832,0.0,,2025-04-30,833,False,2025-05-30,854,2025-04-29,27,3522670.0,2025-06-03,scheduled_exit,856,2025-09-19,"{""market_momentum"": -0.0024115466292335963, ""market_volatility"": 0.03242703772174959, ""momentum"": 0.005800813620611578, ""volatility"": 0.044230052996412056, ""volume_state"": 15.250733180293725}",assumed_next_daily_close,26641.000000000004,21,0000004962,3,-0.0024115466292335963,0.03242703772174959,0.005800813620611578,1179.2439999999965,0.04426425434480674,201.2692,16.8,30.55,-1375.0,f81f7af660b9bf0aa1f7485e,False,0.001841620626151013,543,4.03388365456628e-05,2479000.6,,bounded_preclose_bid_ask,,,False,not_requested_for_horizon_or_variant,,event,covered_call,100,completed,266.41,297.39,False,3097.9999999999964,H23,3,AXP,543.7560000000001,double_cost,0.044230052996412056,15.250733180293725,2025
0.048610590966968736,2025-05-30,854,8e07a283327ac9ab84b9032d,time_value,35.285999999999994,O:AXP250919C00280000,1,2,2025-04-29,2025-04-29,143,0.06160587221930942,832,0.0,0.0023999999999999824,2025-04-30,833,True,2025-05-30,854,2025-04-29,27,3522670.0,2025-05-30,scheduled_exit,854,2025-09-19,"{""market_momentum"": -0.0024115466292335963, ""market_volatility"": 0.03242703772174959, ""momentum"": 0.005800813620611578, ""volatility"": 0.044230052996412056, ""volume_state"": 15.250733180293725}",assumed_next_daily_close,26641.000000000004,21,0000004962,0,-0.0024115466292335963,0.03242703772174959,0.005800813620611578,2696.7447999999963,0.10122535940843046,31.9692,16.8,0.0,-0.0,f81f7af660b9bf0aa1f7485e,True,0.001841620626151013,543,4.03388365456628e-05,2479000.6,,bounded_preclose_bid_ask,,,False,not_requested_for_horizon_or_variant,,event,covered_call,100,completed,266.41,294.05,True,2763.9999999999964,H23,3,AXP,67.2552,double_cost,0.044230052996412056,15.250733180293725,2025
0.048610590966968736,2025-07-01,875,8e07a283327ac9ab84b9032d,time_value,524.4036000000001,O:AXP250919C00280000,1,2,2025-04-29,2025-04-29,143,0.06160587221930942,832,0.0,,2025-04-30,833,True,2025-07-01,875,2025-04-29,27,3522670.0,2025-07-01,scheduled_exit,875,2025-09-19,"{""market_momentum"": -0.0024115466292335963, ""market_volatility"": 0.03242703772174959, ""momentum"": 0.005800813620611578, ""volatility"": 0.044230052996412056, ""volume_state"": 15.250733180293725}",assumed_next_daily_close,26641.000000000004,42,0000004962,4,-0.0024115466292335963,0.03242703772174959,0.005800813620611578,1722.327199999993,0.06464949513907108,201.2692,16.8,48.44,-3163.9999999999995,f81f7af660b9bf0aa1f7485e,False,0.001841620626151013,543,4.03388365456628e-05,2479000.6,,bounded_preclose_bid_ask,,,False,not_requested_for_horizon_or_variant,,event,covered_call,100,completed,266.41,322.53,False,5611.999999999993,H23,3,AXP,725.6728,double_cost,0.044230052996412056,15.250733180293725,2025
0.048610590966968736,2025-07-01,875,8e07a283327ac9ab84b9032d,time_value,38.703599999999994,O:AXP250919C00280000,1,2,2025-04-29,2025-04-29,143,0.06160587221930942,832,0.0,0.0023999999999999824,2025-04-30,833,True,2025-07-01,875,2025-04-29,27,3522670.0,2025-07-01,scheduled_exit,875,2025-09-19,"{""market_momentum"": -0.0024115466292335963, ""market_volatility"": 0.03242703772174959, ""momentum"": 0.005800813620611578, ""volatility"": 0.044230052996412056, ""volume_state"": 15.250733180293725}",assumed_next_daily_close,26641.000000000004,42,0000004962,0,-0.0024115466292335963,0.03242703772174959,0.005800813620611578,5541.327199999993,0.2079999699710969,31.9692,16.8,0.0,-0.0,f81f7af660b9bf0aa1f7485e,True,0.001841620626151013,543,4.03388365456628e-05,2479000.6,,bounded_preclose_bid_ask,,,False,not_requested_for_horizon_or_variant,,event,covered_call,100,completed,266.41,322.53,True,5611.999999999993,H23,3,AXP,70.6728,double_cost,0.044230052996412056,15.250733180293725,2025
0.048610590966968736,2025-07-31,896,8e07a283327ac9ab84b9032d,time_value,286.7172,O:AXP250919C00280000,1,2,2025-04-29,2025-04-29,143,0.06160587221930942,832,82.0,,2025-04-30,833,True,2025-07-31,896,2025-04-29,27,3522670.0,2025-07-31,scheduled_exit,896,2025-09-19,"{""market_momentum"": -0.0024115466292335963, ""market_volatility"": 0.03242703772174959, ""momentum"": 0.005800813620611578, ""volatility"": 0.044230052996412056, ""volume_state"": 15.250733180293725}",assumed_next_daily_close,26641.000000000004,63,0000004962,6,-0.0024115466292335963,0.03242703772174959,0.005800813620611578,2069.013599999996,0.07766276040689148,201.2692,16.8,24.95,-814.9999999999999,f81f7af660b9bf0aa1f7485e,False,0.001841620626151013,543,4.03388365456628e-05,2479000.6,,bounded_preclose_bid_ask,,,False,not_requested_for_horizon_or_variant,,event,covered_call,100,completed,266.41,299.31,False,3289.9999999999964,H23,3,AXP,487.9864,double_cost,0.044230052996412056,15.250733180293725,2025
0.048610590966968736,2025-07-31,896,8e07a283327ac9ab84b9032d,time_value,35.917199999999994,O:AXP250919C00280000,1,2,2025-04-29,2025-04-29,143,0.06160587221930942,832,82.0,0.0023999999999999824,2025-04-30,833,True,2025-07-31,896,2025-04-29,27,3522670.0,2025-07-31,scheduled_exit,896,2025-09-19,"{""market_momentum"": -0.0024115466292335963, ""market_volatility"": 0.03242703772174959, ""momentum"": 0.005800813620611578, ""volatility"": 0.044230052996412056, ""volume_state"": 15.250733180293725}",assumed_next_daily_close,26641.000000000004,63,0000004962,0,-0.0024115466292335963,0.03242703772174959,0.005800813620611578,3304.1135999999965,0.12402363274651837,31.9692,16.8,0.0,-0.0,f81f7af660b9bf0aa1f7485e,True,0.001841620626151013,543,4.03388365456628e-05,2479000.6,,bounded_preclose_bid_ask,,,False,not_requested_for_horizon_or_variant,,event,covered_call,100,completed,266.41,299.31,True,3289.9999999999964,H23,3,AXP,67.8864,double_cost,0.044230052996412056,15.250733180293725,2025
0.048610590966968736,2025-09-19,931,8e07a283327ac9ab84b9032d,time_value,34.89999999999999,O:AXP250919C00280000,1,2,2025-04-29,2025-04-29,143,0.06160587221930942,832,82.0,,2025-04-30,833,True,2025-09-19,931,2025-04-29,27,3522670.0,2025-09-19,modelled_physical_expiry,931,2025-09-19,"{""market_momentum"": -0.0024115466292335963, ""market_volatility"": 0.03242703772174959, ""momentum"": 0.005800813620611578, ""volatility"": 0.044230052996412056, ""volume_state"": 15.250733180293725}",assumed_next_daily_close,26641.000000000004,expiry,0000004962,7,-0.0024115466292335963,0.03242703772174959,0.005800813620611578,2884.830799999996,0.10828537967793986,201.2692,16.8,0.0,1680.0,f81f7af660b9bf0aa1f7485e,False,0.001841620626151013,543,4.03388365456628e-05,2479000.6,,bounded_preclose_bid_ask,,,False,not_requested_for_horizon_or_variant,,event,covered_call,100,completed,266.41,280.0,False,1358.9999999999964,H23,3,AXP,236.1692,double_cost,0.044230052996412056,15.250733180293725,2025
0.048610590966968736,2025-09-19,931,8e07a283327ac9ab84b9032d,time_value,40.9344,O:AXP250919C00280000,1,2,2025-04-29,2025-04-29,143,0.06160587221930942,832,82.0,0.0023999999999999824,2025-04-30,833,True,2025-09-19,931,2025-04-29,27,3522670.0,2025-09-19,scheduled_exit,931,2025-09-19,"{""market_momentum"": -0.0024115466292335963, ""market_volatility"": 0.03242703772174959, ""momentum"": 0.005800813620611578, ""volatility"": 0.044230052996412056, ""volume_state"": 15.250733180293725}",assumed_next_daily_close,26641.000000000004,expiry,0000004962,0,-0.0024115466292335963,0.03242703772174959,0.005800813620611578,7480.096399999997,0.28077385984009595,31.9692,16.8,0.0,-0.0,f81f7af660b9bf0aa1f7485e,True,0.001841620626151013,543,4.03388365456628e-05,2479000.6,,bounded_preclose_bid_ask,,,False,not_requested_for_horizon_or_variant,,event,covered_call,100,completed,266.41,341.12,True,7470.999999999996,H23,3,AXP,72.9036,double_cost,0.044230052996412056,15.250733180293725,2025
0.05083315756169582,2022-06-14,112,9794434a60b20865237d2ce9,time_value,143.7388,O:AMD221021P00090000,1,2,2022-06-10,2022-06-10,133,0.10398650073824088,110,0.0,0.03747299689619498,2022-06-13,111,True,2022-06-14,112,2022-06-10,243,98148812.0,2022-06-14,scheduled_exit,112,2022-10-21,"{""market_momentum"": -0.0075111394016549315, ""market_volatility"": 0.017617720334410038, ""momentum"": 0.0784804367606915, ""volatility"": 0.04275520358408988, ""volume_state"": 18.608938226403495}",assumed_next_daily_close,8699.0,1,0000002488,0,-0.0075111394016549315,0.017617720334410038,0.0784804367606915,-325.97760000000017,-0.03747299689619498,147.2388,13.55,13.2,-35.00000000000014,974adb708dac1471a8674416,True,0.0010515247108307045,951,1.0426761531345018e-06,95907055.8,,bounded_preclose_bid_ask,,,False,not_requested_for_horizon_or_variant,,event,protective_put,100,completed,86.99,86.99,False,0.0,H23,3,AMD,290.9776,double_cost,0.04275520358408988,18.608938226403495,2022
0.05083315756169582,2022-06-14,112,9794434a60b20865237d2ce9,time_value,10.438799999999999,O:AMD221021P00090000,1,2,2022-06-10,2022-06-10,133,0.10398650073824088,110,0.0,0.0024,2022-06-13,111,True,2022-06-14,112,2022-06-10,243,98148812.0,2022-06-14,scheduled_exit,112,2022-10-21,"{""market_momentum"": -0.0075111394016549315, ""market_volatility"": 0.017617720334410038, ""momentum"": 0.0784804367606915, ""volatility"": 0.04275520358408988, ""volume_state"": 18.608938226403495}",assumed_next_daily_close,8699.0,1,0000002488,0,-0.0075111394016549315,0.017617720334410038,0.0784804367606915,-20.877599999999997,-0.0024,10.438799999999999,13.55,0.0,-0.0,974adb708dac1471a8674416,True,0.0010515247108307045,951,1.0426761531345018e-06,95907055.8,,bounded_preclose_bid_ask,,,False,not_requested_for_horizon_or_variant,,event,protective_put,100,completed,86.99,86.99,True,0.0,H23,3,AMD,20.877599999999997,double_cost,0.04275520358408988,18.608938226403495,2022
0.05083315756169582,2022-06-15,113,9794434a60b20865237d2ce9,time_value,131.116,O:AMD221021P00090000,1,2,2022-06-10,2022-06-10,133,0.10398650073824088,110,0.0,0.03747299689619487,2022-06-13,111,True,2022-06-15,113,2022-06-10,243,98148812.0,2022-06-15,scheduled_exit,113,2022-10-21,"{""market_momentum"": -0.0075111394016549315, ""market_volatility"": 0.017617720334410038, ""momentum"": 0.0784804367606915, ""volatility"": 0.04275520358408988, ""volume_state"": 18.608938226403495}",assumed_next_daily_close,8699.0,2,0000002488,0,-0.0075111394016549315,0.017617720334410038,0.0784804367606915,-211.35480000000007,-0.024296447867570993,147.2388,13.55,11.91,-164.00000000000006,974adb708dac1471a8674416,True,0.0010515247108307045,951,1.0426761531345018e-06,95907055.8,,bounded_preclose_bid_ask,,,False,not_requested_for_horizon_or_variant,,event,protective_put,100,completed,86.99,89.3,False,231.0,H23,3,AMD,278.3548,double_cost,0.04275520358408988,18.608938226403495,2022
0.05083315756169582,2022-06-15,113,9794434a60b20865237d2ce9,time_value,10.716,O:AMD221021P00090000,1,2,2022-06-10,2022-06-10,133,0.10398650073824088,110,0.0,0.0023999999999999885,2022-06-13,111,True,2022-06-15,113,2022-06-10,243,98148812.0,2022-06-15,scheduled_exit,113,2022-10-21,"{""market_momentum"": -0.0075111394016549315, ""market_volatility"": 0.017617720334410038, ""momentum"": 0.0784804367606915, ""volatility"": 0.04275520358408988, ""volume_state"": 18.608938226403495}",assumed_next_daily_close,8699.0,2,0000002488,0,-0.0075111394016549315,0.017617720334410038,0.0784804367606915,209.8452,0.024122910679388435,10.438799999999999,13.55,0.0,-0.0,974adb708dac1471a8674416,True,0.0010515247108307045,951,1.0426761531345018e-06,95907055.8,,bounded_preclose_bid_ask,,,False,not_requested_for_horizon_or_variant,,event,protective_put,100,completed,86.99,89.3,True,231.0,H23,3,AMD,21.154799999999998,double_cost,0.04275520358408988,18.608938226403495,2022
0.05083315756169582,2022-06-16,114,9794434a60b20865237d2ce9,time_value,166.64600000000002,O:AMD221021P00090000,1,2,2022-06-10,2022-06-10,133,0.10398650073824088,110,0.0,0.06987984825842052,2022-06-13,111,True,2022-06-16,114,2022-06-10,243,98148812.0,2022-06-16,scheduled_exit,114,2022-10-21,"{""market_momentum"": -0.0075111394016549315, ""market_volatility"": 0.017617720334410038, ""momentum"": 0.0784804367606915, ""volatility"": 0.04275520358408988, ""volume_state"": 18.608938226403495}",assumed_next_daily_close,8699.0,3,0000002488,0,-0.0075111394016549315,0.017617720334410038,0.0784804367606915,-607.8848,-0.06987984825842052,147.2388,13.55,15.55,200.0,974adb708dac1471a8674416,True,0.0010515247108307045,951,1.0426761531345018e-06,95907055.8,,bounded_preclose_bid_ask,,,False,not_requested_for_horizon_or_variant,,event,protective_put,100,completed,86.99,82.05,False,-494.0,H23,3,AMD,313.88480000000004,double_cost,0.04275520358408988,18.608938226403495,2022
0.05083315756169582,2022-06-16,114,9794434a60b20865237d2ce9,time_value,9.845999999999998,O:AMD221021P00090000,1,2,2022-06-10,2022-06-10,133,0.10398650073824088,110,0.0,0.05911999080354064,2022-06-13,111,True,2022-06-16,114,2022-06-10,243,98148812.0,2022-06-16,scheduled_exit,114,2022-10-21,"{""market_momentum"": -0.0075111394016549315, ""market_volatility"": 0.017617720334410038, ""momentum"": 0.0784804367606915, ""volatility"": 0.04275520358408988, ""volume_state"": 18.608938226403495}",assumed_next_daily_close,8699.0,3,0000002488,0,-0.0075111394016549315,0.017617720334410038,0.0784804367606915,-514.2848,-0.05911999080354064,10.438799999999999,13.55,0.0,-0.0,974adb708dac1471a8674416,True,0.0010515247108307045,951,1.0426761531345018e-06,95907055.8,,bounded_preclose_bid_ask,,,False,not_requested_for_horizon_or_variant,,event,protective_put,100,completed,86.99,82.05,True,-494.0,H23,3,AMD,20.284799999999997,double_cost,0.04275520358408988,18.608938226403495,2022
0.05083315756169582,2022-06-21,116,9794434a60b20865237d2ce9,time_value,146.8548,O:AMD221021P00090000,1,2,2022-06-10,2022-06-10,133,0.10398650073824088,110,0.0,0.0764257041039199,2022-06-13,111,True,2022-06-21,116,2022-06-10,243,98148812.0,2022-06-21,scheduled_exit,116,2022-10-21,"{""market_momentum"": -0.0075111394016549315, ""market_volatility"": 0.017617720334410038, ""momentum"": 0.0784804367606915, ""volatility"": 0.04275520358408988, ""volume_state"": 18.608938226403495}",assumed_next_daily_close,8699.0,5,0000002488,0,-0.0075111394016549315,0.017617720334410038,0.0784804367606915,-614.0935999999999,-0.0705935854695942,147.2388,13.55,13.55,0.0,974adb708dac1471a8674416,True,0.0010515247108307045,951,1.0426761531345018e-06,95907055.8,,bounded_preclose_bid_ask,,,False,not_requested_for_horizon_or_variant,,event,protective_put,100,completed,86.99,83.79,False,-320.0,H23,3,AMD,294.09360000000004,double_cost,0.04275520358408988,18.608938226403495,2022
0.05083315756169582,2022-06-21,116,9794434a60b20865237d2ce9,time_value,10.054799999999998,O:AMD221021P00090000,1,2,2022-06-10,2022-06-10,133,0.10398650073824088,110,0.0,0.06463124497068638,2022-06-13,111,True,2022-06-21,116,2022-06-10,243,98148812.0,2022-06-21,scheduled_exit,116,2022-10-21,"{""market_momentum"": -0.0075111394016549315, ""market_volatility"": 0.017617720334410038, ""momentum"": 0.0784804367606915, ""volatility"": 0.04275520358408988, ""volume_state"": 18.608938226403495}",assumed_next_daily_close,8699.0,5,0000002488,0,-0.0075111394016549315,0.017617720334410038,0.0784804367606915,-340.4936,-0.03914169444763766,10.438799999999999,13.55,0.0,-0.0,974adb708dac1471a8674416,True,0.0010515247108307045,951,1.0426761531345018e-06,95907055.8,,bounded_preclose_bid_ask,,,False,not_requested_for_horizon_or_variant,,event,protective_put,100,completed,86.99,83.79,True,-320.0,H23,3,AMD,20.493599999999997,double_cost,0.04275520358408988,18.608938226403495,2022
0.05083315756169582,2022-06-28,121,9794434a60b20865237d2ce9,time_value,159.99360000000001,O:AMD221021P00090000,1,2,2022-06-10,2022-06-10,133,0.10398650073824088,110,0.0,0.09118661915162662,2022-06-13,111,True,2022-06-28,121,2022-06-10,243,98148812.0,2022-06-28,scheduled_exit,121,2022-10-21,"{""market_momentum"": -0.0075111394016549315, ""market_volatility"": 0.017617720334410038, ""momentum"": 0.0784804367606915, ""volatility"": 0.04275520358408988, ""volume_state"": 18.608938226403495}",assumed_next_daily_close,8699.0,10,0000002488,0,-0.0075111394016549315,0.017617720334410038,0.0784804367606915,-793.2324,-0.09118661915162662,147.2388,13.55,14.9,134.99999999999997,974adb708dac1471a8674416,True,0.0010515247108307045,951,1.0426761531345018e-06,95907055.8,,bounded_preclose_bid_ask,,,False,not_requested_for_horizon_or_variant,,event,protective_put,100,completed,86.99,80.78,False,-621.0,H23,3,AMD,307.2324,double_cost,0.04275520358408988,18.608938226403495,2022
0.05083315756169582,2022-06-28,121,9794434a60b20865237d2ce9,time_value,9.6936,O:AMD221021P00090000,1,2,2022-06-10,2022-06-10,133,0.10398650073824088,110,0.0,0.07370185078744683,2022-06-13,111,True,2022-06-28,121,2022-06-10,243,98148812.0,2022-06-28,scheduled_exit,121,2022-10-21,"{""market_momentum"": -0.0075111394016549315, ""market_volatility"": 0.017617720334410038, ""momentum"": 0.0784804367606915, ""volatility"": 0.04275520358408988, ""volume_state"": 18.608938226403495}",assumed_next_daily_close,8699.0,10,0000002488,0,-0.0075111394016549315,0.017617720334410038,0.0784804367606915,-641.1324,-0.07370185078744683,10.438799999999999,13.55,0.0,-0.0,974adb708dac1471a8674416,True,0.0010515247108307045,951,1.0426761531345018e-06,95907055.8,,bounded_preclose_bid_ask,,,False,not_requested_for_horizon_or_variant,,event,protective_put,100,completed,86.99,80.78,True,-621.0,H23,3,AMD,20.132399999999997,double_cost,0.04275520358408988,18.608938226403495,2022
0.05083315756169582,2022-07-14,132,9794434a60b20865237d2ce9,time_value,164.232,O:AMD221021P00090000,1,2,2022-06-10,2022-06-10,133,0.10398650073824088,110,0.0,0.12715033911943893,2022-06-13,111,True,2022-07-14,132,2022-06-10,243,98148812.0,2022-07-14,scheduled_exit,132,2022-10-21,"{""market_momentum"": -0.0075111394016549315, ""market_volatility"": 0.017617720334410038, ""momentum"": 0.0784804367606915, ""volatility"": 0.04275520358408988, ""volume_state"": 18.608938226403495}",assumed_next_daily_close,8699.0,21,0000002488,0,-0.0075111394016549315,0.017617720334410038,0.0784804367606915,-970.470800000001,-0.11156119094148764,147.2388,13.55,15.35,179.9999999999999,974adb708dac1471a8674416,True,0.0010515247108307045,951,1.0426761531345018e-06,95907055.8,,bounded_preclose_bid_ask,,,False,not_requested_for_horizon_or_variant,,event,protective_put,100,completed,86.99,78.6,False,-839.0000000000009,H23,3,AMD,311.4708,double_cost,0.04275520358408988,18.608938226403495,2022
0.05083315756169582,2022-07-14,132,9794434a60b20865237d2ce9,time_value,9.431999999999999,O:AMD221021P00090000,1,2,2022-06-10,2022-06-10,133,0.10398650073824088,110,0.0,0.15533730313829175,2022-06-13,111,True,2022-07-14,132,2022-06-10,243,98148812.0,2022-07-14,scheduled_exit,132,2022-10-21,"{""market_momentum"": -0.0075111394016549315, ""market_volatility"": 0.017617720334410038, ""momentum"": 0.0784804367606915, ""volatility"": 0.04275520358408988, ""volume_state"": 18.608938226403495}",assumed_next_daily_close,8699.0,21,0000002488,0,-0.0075111394016549315,0.017617720334410038,0.0784804367606915,-858.8708000000009,-0.09873213012990009,10.438799999999999,13.55,0.0,-0.0,974adb708dac1471a8674416,True,0.0010515247108307045,951,1.0426761531345018e-06,95907055.8,,bounded_preclose_bid_ask,,,False,not_requested_for_horizon_or_variant,,event,protective_put,100,completed,86.99,78.6,True,-839.0000000000009,H23,3,AMD,19.870799999999996,double_cost,0.04275520358408988,18.608938226403495,2022
0.05083315756169582,2022-08-12,153,9794434a60b20865237d2ce9,time_value,49.39959999999999,O:AMD221021P00090000,1,2,2022-06-10,2022-06-10,133,0.10398650073824088,110,0.0,0.12715033911943893,2022-06-13,111,True,2022-08-12,153,2022-06-10,243,98148812.0,2022-08-12,scheduled_exit,153,2022-10-21,"{""market_momentum"": -0.0075111394016549315, ""market_volatility"": 0.017617720334410038, ""momentum"": 0.0784804367606915, ""volatility"": 0.04275520358408988, ""volume_state"": 18.608938226403495}",assumed_next_daily_close,8699.0,42,0000002488,0,-0.0075111394016549315,0.017617720334410038,0.0784804367606915,192.3615999999999,0.02211307046786986,147.2388,13.55,3.6,-995.0000000000001,974adb708dac1471a8674416,True,0.0010515247108307045,951,1.0426761531345018e-06,95907055.8,,bounded_preclose_bid_ask,,,False,not_requested_for_horizon_or_variant,,event,protective_put,100,completed,86.99,100.83,False,1384.0,H23,3,AMD,196.6384,double_cost,0.04275520358408988,18.608938226403495,2022
0.05083315756169582,2022-08-12,153,9794434a60b20865237d2ce9,time_value,12.099599999999999,O:AMD221021P00090000,1,2,2022-06-10,2022-06-10,133,0.10398650073824088,110,0.0,0.15533730313829175,2022-06-13,111,True,2022-08-12,153,2022-06-10,243,98148812.0,2022-08-12,scheduled_exit,153,2022-10-21,"{""market_momentum"": -0.0075111394016549315, ""market_volatility"": 0.017617720334410038, ""momentum"": 0.0784804367606915, ""volatility"": 0.04275520358408988, ""volume_state"": 18.608938226403495}",assumed_next_daily_close,8699.0,42,0000002488,0,-0.0075111394016549315,0.017617720334410038,0.0784804367606915,1361.4616,0.1565078284860329,10.438799999999999,13.55,0.0,-0.0,974adb708dac1471a8674416,True,0.0010515247108307045,951,1.0426761531345018e-06,95907055.8,,bounded_preclose_bid_ask,,,False,not_requested_for_horizon_or_variant,,event,protective_put,100,completed,86.99,100.83,True,1384.0,H23,3,AMD,22.538399999999996,double_cost,0.04275520358408988,18.608938226403495,2022
0.05083315756169582,2022-09-13,174,9794434a60b20865237d2ce9,time_value,148.74360000000001,O:AMD221021P00090000,1,2,2022-06-10,2022-06-10,133,0.10398650073824088,110,0.0,0.14541699045867343,2022-06-13,111,True,2022-09-13,174,2022-06-10,243,98148812.0,2022-09-13,scheduled_exit,174,2022-10-21,"{""market_momentum"": -0.0075111394016549315, ""market_volatility"": 0.017617720334410038, ""momentum"": 0.0784804367606915, ""volatility"": 0.04275520358408988, ""volume_state"": 18.608938226403495}",assumed_next_daily_close,8699.0,63,0000002488,0,-0.0075111394016549315,0.017617720334410038,0.0784804367606915,-1264.9824,-0.14541699045867343,147.2388,13.55,13.82,26.999999999999957,974adb708dac1471a8674416,True,0.0010515247108307045,951,1.0426761531345018e-06,95907055.8,,bounded_preclose_bid_ask,,,False,not_requested_for_horizon_or_variant,,event,protective_put,100,completed,86.99,77.03,False,-996.0,H23,3,AMD,295.9824,double_cost,0.04275520358408988,18.608938226403495,2022
0.05083315756169582,2022-09-13,174,9794434a60b20865237d2ce9,time_value,9.243599999999999,O:AMD221021P00090000,1,2,2022-06-10,2022-06-10,133,0.10398650073824088,110,0.0,0.15533730313829175,2022-06-13,111,True,2022-09-13,174,2022-06-10,243,98148812.0,2022-09-13,scheduled_exit,174,2022-10-21,"{""market_momentum"": -0.0075111394016549315, ""market_volatility"": 0.017617720334410038, ""momentum"": 0.0784804367606915, ""volatility"": 0.04275520358408988, ""volume_state"": 18.608938226403495}",assumed_next_daily_close,8699.0,63,0000002488,0,-0.0075111394016549315,0.017617720334410038,0.0784804367606915,-1015.6824,-0.11675852396827222,10.438799999999999,13.55,0.0,-0.0,974adb708dac1471a8674416,True,0.0010515247108307045,951,1.0426761531345018e-06,95907055.8,,bounded_preclose_bid_ask,,,False,not_requested_for_horizon_or_variant,,event,protective_put,100,completed,86.99,77.03,True,-996.0,H23,3,AMD,19.682399999999998,double_cost,0.04275520358408988,18.608938226403495,2022
0.05083315756169582,2022-10-21,202,9794434a60b20865237d2ce9,time_value,12.1,O:AMD221021P00090000,1,2,2022-06-10,2022-06-10,133,0.10398650073824088,110,0.0,0.18395811012760077,2022-06-13,111,True,2022-10-21,202,2022-06-10,243,98148812.0,2022-10-21,modelled_physical_expiry,202,2022-10-21,"{""market_momentum"": -0.0075111394016549315, ""market_volatility"": 0.017617720334410038, ""momentum"": 0.0784804367606915, ""volatility"": 0.04275520358408988, ""volume_state"": 18.608938226403495}",assumed_next_daily_close,8699.0,expiry,0000002488,0,-0.0075111394016549315,0.017617720334410038,0.0784804367606915,-1213.3388,-0.13948026209909184,147.2388,13.55,0.0,-1355.0,974adb708dac1471a8674416,True,0.0010515247108307045,951,1.0426761531345018e-06,95907055.8,,bounded_preclose_bid_ask,,,False,not_requested_for_horizon_or_variant,,event,protective_put,100,completed,86.99,90.0,False,301.0,H23,3,AMD,159.3388,double_cost,0.04275520358408988,18.608938226403495,2022
0.05083315756169582,2022-10-21,202,9794434a60b20865237d2ce9,time_value,7.0584,O:AMD221021P00090000,1,2,2022-06-10,2022-06-10,133,0.10398650073824088,110,0.0,0.3589092539372341,2022-06-13,111,True,2022-10-21,202,2022-06-10,243,98148812.0,2022-10-21,scheduled_exit,202,2022-10-21,"{""market_momentum"": -0.0075111394016549315, ""market_volatility"": 0.017617720334410038, ""momentum"": 0.0784804367606915, ""volatility"": 0.04275520358408988, ""volume_state"": 18.608938226403495}",assumed_next_daily_close,8699.0,expiry,0000002488,0,-0.0075111394016549315,0.017617720334410038,0.0784804367606915,-2834.4972,-0.32584172893436025,10.438799999999999,13.55,0.0,-0.0,974adb708dac1471a8674416,True,0.0010515247108307045,951,1.0426761531345018e-06,95907055.8,,bounded_preclose_bid_ask,,,False,not_requested_for_horizon_or_variant,,event,protective_put,100,completed,86.99,58.82,True,-2817.0,H23,3,AMD,17.4972,double_cost,0.04275520358408988,18.608938226403495,2022
0.05509296224478155,2023-03-06,293,99928b66eb349d8355fc0f56,time_value,104.7872,O:AXP230616C00185000,1,2,2023-03-02,2023-03-02,106,0.038211474848865064,291,0.0,0.011870098832988936,2023-03-03,292,True,2023-03-06,293,2023-08-01,22,2875671.0,2023-03-06,scheduled_exit,293,2023-06-16,"{""market_momentum"": -0.021329462704192115, ""market_volatility"": 0.009355395697923324, ""momentum"": 0.002343794660721432, ""volatility"": 0.011146330681368216, ""volume_state"": 14.883549117780994}",assumed_next_daily_close,17909.0,1,0000004962,0,-0.021329462704192115,0.009355395697923324,0.002343794660721432,-199.07799999999997,-0.011116086883689763,106.29079999999999,8.35,8.2,15.000000000000036,a2a517066de003d4b2f0efa8,True,0.0053475935828877,187,4.5373323081382225e-05,2203938.2,,bounded_preclose_bid_ask,,,False,not_requested_for_horizon_or_variant,,ordinary,covered_call,100,completed,179.09,179.06,False,-3.0,H23,3,AXP,211.07799999999997,double_cost,0.011146330681368216,14.883549117780994,2023
0.05509296224478155,2023-03-06,293,99928b66eb349d8355fc0f56,time_value,21.487199999999998,O:AXP230616C00185000,1,2,2023-03-02,2023-03-02,106,0.038211474848865064,291,0.0,0.002567312524429058,2023-03-03,292,True,2023-03-06,293,2023-08-01,22,2875671.0,2023-03-06,scheduled_exit,293,2023-06-16,"{""market_momentum"": -0.021329462704192115, ""market_volatility"": 0.009355395697923324, ""momentum"": 0.002343794660721432, ""volatility"": 0.011146330681368216, ""volume_state"": 14.883549117780994}",assumed_next_daily_close,17909.0,1,0000004962,0,-0.021329462704192115,0.009355395697923324,0.002343794660721432,-45.977999999999994,-0.002567312524429058,21.490799999999997,8.35,0.0,-0.0,a2a517066de003d4b2f0efa8,True,0.0053475935828877,187,4.5373323081382225e-05,2203938.2,,bounded_preclose_bid_ask,,,False,not_requested_for_horizon_or_variant,,ordinary,covered_call,100,completed,179.09,179.06,True,-3.0,H23,3,AXP,42.977999999999994,double_cost,0.011146330681368216,14.883549117780994,2023
0.05509296224478155,2023-03-07,294,99928b66eb349d8355fc0f56,time_value,87.8384,O:AXP230616C00185000,1,2,2023-03-02,2023-03-02,106,0.038211474848865064,291,0.0,0.02183981238483444,2023-03-03,292,True,2023-03-07,294,2023-08-01,22,2875671.0,2023-03-07,scheduled_exit,294,2023-06-16,"{""market_momentum"": -0.021329462704192115, ""market_volatility"": 0.009355395697923324, ""momentum"": 0.002343794660721432, ""volatility"": 0.011146330681368216, ""volume_state"": 14.883549117780994}",assumed_next_daily_close,17909.0,2,0000004962,0,-0.021329462704192115,0.009355395697923324,0.002343794660721432,-391.12919999999997,-0.02183981238483444,106.29079999999999,8.35,6.55,179.99999999999997,a2a517066de003d4b2f0efa8,True,0.0053475935828877,187,4.5373323081382225e-05,2203938.2,,bounded_preclose_bid_ask,,,False,not_requested_for_horizon_or_variant,,ordinary,covered_call,100,completed,179.09,175.32,False,-377.0,H23,3,AXP,194.12919999999997,double_cost,0.011146330681368216,14.883549117780994,2023
0.05509296224478155,2023-03-07,294,99928b66eb349d8355fc0f56,time_value,21.0384,O:AXP230616C00185000,1,2,2023-03-02,2023-03-02,106,0.038211474848865064,291,0.0,0.023425607236584958,2023-03-03,292,True,2023-03-07,294,2023-08-01,22,2875671.0,2023-03-07,scheduled_exit,294,2023-06-16,"{""market_momentum"": -0.021329462704192115, ""market_volatility"": 0.009355395697923324, ""momentum"": 0.002343794660721432, ""volatility"": 0.011146330681368216, ""volume_state"": 14.883549117780994}",assumed_next_daily_close,17909.0,2,0000004962,0,-0.021329462704192115,0.009355395697923324,0.002343794660721432,-419.5292,-0.023425607236584958,21.490799999999997,8.35,0.0,-0.0,a2a517066de003d4b2f0efa8,True,0.0053475935828877,187,4.5373323081382225e-05,2203938.2,,bounded_preclose_bid_ask,,,False,not_requested_for_horizon_or_variant,,ordinary,covered_call,100,completed,179.09,175.32,True,-377.0,H23,3,AXP,42.529199999999996,double_cost,0.011146330681368216,14.883549117780994,2023
0.05509296224478155,2023-03-08,295,99928b66eb349d8355fc0f56,time_value,79.8796,O:AXP230616C00185000,1,2,2023-03-02,2023-03-02,106,0.038211474848865064,291,0.0,0.021839812384834376,2023-03-03,292,True,2023-03-08,295,2023-08-01,22,2875671.0,2023-03-08,scheduled_exit,295,2023-06-16,"{""market_momentum"": -0.021329462704192115, ""market_volatility"": 0.009355395697923324, ""momentum"": 0.002343794660721432, ""volatility"": 0.011146330681368216, ""volume_state"": 14.883549117780994}",assumed_next_daily_close,17909.0,3,0000004962,0,-0.021329462704192115,0.009355395697923324,0.002343794660721432,-353.1704,-0.01972027472220671,106.29079999999999,8.35,5.76,259.0,a2a517066de003d4b2f0efa8,True,0.0053475935828877,187,4.5373323081382225e-05,2203938.2,,bounded_preclose_bid_ask,,,False,not_requested_for_horizon_or_variant,,ordinary,covered_call,100,completed,179.09,174.83,False,-426.0,H23,3,AXP,186.17039999999997,double_cost,0.011146330681368216,14.883549117780994,2023
0.05509296224478155,2023-03-08,295,99928b66eb349d8355fc0f56,time_value,20.979599999999998,O:AXP230616C00185000,1,2,2023-03-02,2023-03-02,106,0.038211474848865064,291,0.0,0.026158378468926238,2023-03-03,292,True,2023-03-08,295,2023-08-01,22,2875671.0,2023-03-08,scheduled_exit,295,2023-06-16,"{""market_momentum"": -0.021329462704192115, ""market_volatility"": 0.009355395697923324, ""momentum"": 0.002343794660721432, ""volatility"": 0.011146330681368216, ""volume_state"": 14.883549117780994}",assumed_next_daily_close,17909.0,3,0000004962,0,-0.021329462704192115,0.009355395697923324,0.002343794660721432,-468.4704,-0.026158378468926238,21.490799999999997,8.35,0.0,-0.0,a2a517066de003d4b2f0efa8,True,0.0053475935828877,187,4.5373323081382225e-05,2203938.2,,bounded_preclose_bid_ask,,,False,not_requested_for_horizon_or_variant,,ordinary,covered_call,100,completed,179.09,174.83,True,-426.0,H23,3,AXP,42.4704,double_cost,0.011146330681368216,14.883549117780994,2023
0.05509296224478155,2023-03-10,297,99928b66eb349d8355fc0f56,time_value,59.684,O:AXP230616C00185000,1,2,2023-03-02,2023-03-02,106,0.038211474848865064,291,0.0,0.05890752135797644,2023-03-03,292,True,2023-03-10,297,2023-08-01,22,2875671.0,2023-03-10,scheduled_exit,297,2023-06-16,"{""market_momentum"": -0.021329462704192115, ""market_volatility"": 0.009355395697923324, ""momentum"": 0.002343794660721432, ""volatility"": 0.011146330681368216, ""volume_state"": 14.883549117780994}",assumed_next_daily_close,17909.0,5,0000004962,0,-0.021329462704192115,0.009355395697923324,0.002343794660721432,-1054.9748,-0.05890752135797644,106.29079999999999,8.35,3.85,450.0,a2a517066de003d4b2f0efa8,True,0.0053475935828877,187,4.5373323081382225e-05,2203938.2,,bounded_preclose_bid_ask,,,False,not_requested_for_horizon_or_variant,,ordinary,covered_call,100,completed,179.09,165.7,False,-1339.0,H23,3,AXP,165.9748,double_cost,0.011146330681368216,14.883549117780994,2023
0.05509296224478155,2023-03-10,297,99928b66eb349d8355fc0f56,time_value,19.883999999999997,O:AXP230616C00185000,1,2,2023-03-02,2023-03-02,106,0.038211474848865064,291,0.0,0.07707715673683622,2023-03-03,292,True,2023-03-10,297,2023-08-01,22,2875671.0,2023-03-10,scheduled_exit,297,2023-06-16,"{""market_momentum"": -0.021329462704192115, ""market_volatility"": 0.009355395697923324, ""momentum"": 0.002343794660721432, ""volatility"": 0.011146330681368216, ""volume_state"": 14.883549117780994}",assumed_next_daily_close,17909.0,5,0000004962,0,-0.021329462704192115,0.009355395697923324,0.002343794660721432,-1380.3748,-0.07707715673683622,21.490799999999997,8.35,0.0,-0.0,a2a517066de003d4b2f0efa8,True,0.0053475935828877,187,4.5373323081382225e-05,2203938.2,,bounded_preclose_bid_ask,,,False,not_requested_for_horizon_or_variant,,ordinary,covered_call,100,completed,179.09,165.7,True,-1339.0,H23,3,AXP,41.37479999999999,double_cost,0.011146330681368216,14.883549117780994,2023
0.05509296224478155,2023-03-17,302,99928b66eb349d8355fc0f56,time_value,41.7824,O:AXP230616C00185000,1,2,2023-03-02,2023-03-02,106,0.038211474848865064,291,0.0,0.0997863197275112,2023-03-03,292,True,2023-03-17,302,2023-08-01,22,2875671.0,2023-03-17,scheduled_exit,302,2023-06-16,"{""market_momentum"": -0.021329462704192115, ""market_volatility"": 0.009355395697923324, ""momentum"": 0.002343794660721432, ""volatility"": 0.011146330681368216, ""volume_state"": 14.883549117780994}",assumed_next_daily_close,17909.0,10,0000004962,0,-0.021329462704192115,0.009355395697923324,0.002343794660721432,-1787.0731999999982,-0.0997863197275112,106.29079999999999,8.35,2.17,618.0,a2a517066de003d4b2f0efa8,True,0.0053475935828877,187,4.5373323081382225e-05,2203938.2,,bounded_preclose_bid_ask,,,False,not_requested_for_horizon_or_variant,,ordinary,covered_call,100,completed,179.09,156.52,False,-2256.999999999998,H23,3,AXP,148.07319999999999,double_cost,0.011146330681368216,14.883549117780994,2023
0.05509296224478155,2023-03-17,302,99928b66eb349d8355fc0f56,time_value,18.7824,O:AXP230616C00185000,1,2,2023-03-02,2023-03-02,106,0.038211474848865064,291,0.0,0.12827478921212787,2023-03-03,292,True,2023-03-17,302,2023-08-01,22,2875671.0,2023-03-17,scheduled_exit,302,2023-06-16,"{""market_momentum"": -0.021329462704192115, ""market_volatility"": 0.009355395697923324, ""momentum"": 0.002343794660721432, ""volatility"": 0.011146330681368216, ""volume_state"": 14.883549117780994}",assumed_next_daily_close,17909.0,10,0000004962,0,-0.021329462704192115,0.009355395697923324,0.002343794660721432,-2297.2731999999983,-0.12827478921212787,21.490799999999997,8.35,0.0,-0.0,a2a517066de003d4b2f0efa8,True,0.0053475935828877,187,4.5373323081382225e-05,2203938.2,,bounded_preclose_bid_ask,,,False,not_requested_for_horizon_or_variant,,ordinary,covered_call,100,completed,179.09,156.52,True,-2256.999999999998,H23,3,AXP,40.273199999999996,double_cost,0.011146330681368216,14.883549117780994,2023
0.05509296224478155,2023-04-03,313,99928b66eb349d8355fc0f56,time_value,38.953599999999994,O:AXP230616C00185000,1,2,2023-03-02,2023-03-02,106,0.038211474848865064,291,0.0,0.09978631972751115,2023-03-03,292,True,2023-04-03,313,2023-08-01,22,2875671.0,2023-04-03,scheduled_exit,313,2023-06-16,"{""market_momentum"": -0.021329462704192115, ""market_volatility"": 0.009355395697923324, ""momentum"": 0.002343794660721432, ""volatility"": 0.011146330681368216, ""volume_state"": 14.883549117780994}",assumed_next_daily_close,17909.0,21,0000004962,0,-0.021329462704192115,0.009355395697923324,0.002343794660721432,-1021.2444,-0.05702408844714948,106.29079999999999,8.35,1.8,655.0,a2a517066de003d4b2f0efa8,True,0.0053475935828877,187,4.5373323081382225e-05,2203938.2,,bounded_preclose_bid_ask,,,False,not_requested_for_horizon_or_variant,,ordinary,covered_call,100,completed,179.09,163.78,False,-1531.0,H23,3,AXP,145.24439999999998,double_cost,0.011146330681368216,14.883549117780994,2023
0.05509296224478155,2023-04-03,313,99928b66eb349d8355fc0f56,time_value,19.653599999999997,O:AXP230616C00185000,1,2,2023-03-02,2023-03-02,106,0.038211474848865064,291,0.0,0.12827478921212787,2023-03-03,292,True,2023-04-03,313,2023-08-01,22,2875671.0,2023-04-03,scheduled_exit,313,2023-06-16,"{""market_momentum"": -0.021329462704192115, ""market_volatility"": 0.009355395697923324, ""momentum"": 0.002343794660721432, ""volatility"": 0.011146330681368216, ""volume_state"": 14.883549117780994}",assumed_next_daily_close,17909.0,21,0000004962,0,-0.021329462704192115,0.009355395697923324,0.002343794660721432,-1572.1444000000001,-0.08778515830029594,21.490799999999997,8.35,0.0,-0.0,a2a517066de003d4b2f0efa8,True,0.0053475935828877,187,4.5373323081382225e-05,2203938.2,,bounded_preclose_bid_ask,,,False,not_requested_for_horizon_or_variant,,ordinary,covered_call,100,completed,179.09,163.78,True,-1531.0,H23,3,AXP,41.14439999999999,double_cost,0.011146330681368216,14.883549117780994,2023
0.05509296224478155,2023-05-03,334,99928b66eb349d8355fc0f56,time_value,20.9652,O:AXP230616C00185000,1,2,2023-03-02,2023-03-02,106,0.038211474848865064,291,60.0,0.10800469037913898,2023-03-03,292,True,2023-05-03,334,2023-08-01,22,2875671.0,2023-05-03,scheduled_exit,334,2023-06-16,"{""market_momentum"": -0.021329462704192115, ""market_volatility"": 0.009355395697923324, ""momentum"": 0.002343794660721432, ""volatility"": 0.011146330681368216, ""volume_state"": 14.883549117780994}",assumed_next_daily_close,17909.0,42,0000004962,0,-0.021329462704192115,0.009355395697923324,0.002343794660721432,-1934.256,-0.10800469037913898,106.29079999999999,8.35,0.14,820.9999999999999,a2a517066de003d4b2f0efa8,True,0.0053475935828877,187,4.5373323081382225e-05,2203938.2,,bounded_preclose_bid_ask,,,False,not_requested_for_horizon_or_variant,,ordinary,covered_call,100,completed,179.09,152.21,False,-2688.0,H23,3,AXP,127.25599999999999,double_cost,0.011146330681368216,14.883549117780994,2023
0.05509296224478155,2023-05-03,334,99928b66eb349d8355fc0f56,time_value,18.2652,O:AXP230616C00185000,1,2,2023-03-02,2023-03-02,106,0.038211474848865064,291,60.0,0.14896175107487855,2023-03-03,292,True,2023-05-03,334,2023-08-01,22,2875671.0,2023-05-03,scheduled_exit,334,2023-06-16,"{""market_momentum"": -0.021329462704192115, ""market_volatility"": 0.009355395697923324, ""momentum"": 0.002343794660721432, ""volatility"": 0.011146330681368216, ""volume_state"": 14.883549117780994}",assumed_next_daily_close,17909.0,42,0000004962,0,-0.021329462704192115,0.009355395697923324,0.002343794660721432,-2667.756,-0.14896175107487855,21.490799999999997,8.35,0.0,-0.0,a2a517066de003d4b2f0efa8,True,0.0053475935828877,187,4.5373323081382225e-05,2203938.2,,bounded_preclose_bid_ask,,,False,not_requested_for_horizon_or_variant,,ordinary,covered_call,100,completed,179.09,152.21,True,-2688.0,H23,3,AXP,39.756,double_cost,0.011146330681368216,14.883549117780994,2023
0.05509296224478155,2023-06-02,355,99928b66eb349d8355fc0f56,time_value,22.3272,O:AXP230616C00185000,1,2,2023-03-02,2023-03-02,106,0.038211474848865064,291,60.0,,2023-03-03,292,True,2023-06-02,355,2023-08-01,22,2875671.0,2023-06-02,scheduled_exit,355,2023-06-16,"{""market_momentum"": -0.021329462704192115, ""market_volatility"": 0.009355395697923324, ""momentum"": 0.002343794660721432, ""volatility"": 0.011146330681368216, ""volume_state"": 14.883549117780994}",assumed_next_daily_close,17909.0,63,0000004962,3,-0.021329462704192115,0.009355395697923324,0.002343794660721432,-294.618,-0.016450834775811045,106.29079999999999,8.35,0.08,827.0,a2a517066de003d4b2f0efa8,False,0.0053475935828877,187,4.5373323081382225e-05,2203938.2,,bounded_preclose_bid_ask,,,False,not_requested_for_horizon_or_variant,,ordinary,covered_call,100,completed,179.09,168.56,False,-1053.0,H23,3,AXP,128.618,double_cost,0.011146330681368216,14.883549117780994,2023
0.05509296224478155,2023-06-02,355,99928b66eb349d8355fc0f56,time_value,20.2272,O:AXP230616C00185000,1,2,2023-03-02,2023-03-02,106,0.038211474848865064,291,60.0,0.17283167122675747,2023-03-03,292,True,2023-06-02,355,2023-08-01,22,2875671.0,2023-06-02,scheduled_exit,355,2023-06-16,"{""market_momentum"": -0.021329462704192115, ""market_volatility"": 0.009355395697923324, ""momentum"": 0.002343794660721432, ""volatility"": 0.011146330681368216, ""volume_state"": 14.883549117780994}",assumed_next_daily_close,17909.0,63,0000004962,0,-0.021329462704192115,0.009355395697923324,0.002343794660721432,-1034.718,-0.05777642526104194,21.490799999999997,8.35,0.0,-0.0,a2a517066de003d4b2f0efa8,True,0.0053475935828877,187,4.5373323081382225e-05,2203938.2,,bounded_preclose_bid_ask,,,False,not_requested_for_horizon_or_variant,,ordinary,covered_call,100,completed,179.09,168.56,True,-1053.0,H23,3,AXP,41.717999999999996,double_cost,0.011146330681368216,14.883549117780994,2023
0.05509296224478155,2023-06-16,365,99928b66eb349d8355fc0f56,time_value,21.9652,O:AXP230616C00185000,1,2,2023-03-02,2023-03-02,106,0.038211474848865064,291,60.0,,2023-03-03,292,True,2023-06-16,365,2023-08-01,22,2875671.0,2023-06-16,expiry_worthless,365,2023-06-16,"{""market_momentum"": -0.021329462704192115, ""market_volatility"": 0.009355395697923324, ""momentum"": 0.002343794660721432, ""volatility"": 0.011146330681368216, ""volume_state"": 14.883549117780994}",assumed_next_daily_close,17909.0,expiry,0000004962,3,-0.021329462704192115,0.009355395697923324,0.002343794660721432,78.74400000000001,0.004396895415712771,106.29079999999999,8.35,0.0,835.0,a2a517066de003d4b2f0efa8,False,0.0053475935828877,187,4.5373323081382225e-05,2203938.2,,bounded_preclose_bid_ask,,,False,not_requested_for_horizon_or_variant,,ordinary,covered_call,100,completed,179.09,172.21,False,-688.0,H23,3,AXP,128.256,double_cost,0.011146330681368216,14.883549117780994,2023
0.05509296224478155,2023-06-16,365,99928b66eb349d8355fc0f56,time_value,20.6652,O:AXP230616C00185000,1,2,2023-03-02,2023-03-02,106,0.038211474848865064,291,60.0,0.17283167122675747,2023-03-03,292,True,2023-06-16,365,2023-08-01,22,2875671.0,2023-06-16,scheduled_exit,365,2023-06-16,"{""market_momentum"": -0.021329462704192115, ""market_volatility"": 0.009355395697923324, ""momentum"": 0.002343794660721432, ""volatility"": 0.011146330681368216, ""volume_state"": 14.883549117780994}",assumed_next_daily_close,17909.0,expiry,0000004962,0,-0.021329462704192115,0.009355395697923324,0.002343794660721432,-670.1560000000001,-0.03742006812217321,21.490799999999997,8.35,0.0,-0.0,a2a517066de003d4b2f0efa8,True,0.0053475935828877,187,4.5373323081382225e-05,2203938.2,,bounded_preclose_bid_ask,,,False,not_requested_for_horizon_or_variant,,ordinary,covered_call,100,completed,179.09,172.21,True,-688.0,H23,3,AXP,42.15599999999999,double_cost,0.011146330681368216,14.883549117780994,2023
,,,a28a9eb0f77e6f38c5cc6dd3,time_value,,,1,2,2022-07-26,2022-07-26,,,140,,,2022-07-27,141,False,,,2023-05-03,,,,,,,"{""market_momentum"": 0.002076497128794097, ""market_volatility"": 0.011186582805364095, ""momentum"": 0.025179609989736562, ""volatility"": 0.017904416628525377, ""volume_state"": 15.162022686403535}",assumed_next_daily_close,,1,0000004962,,0.002076497128794097,0.011186582805364095,0.025179609989736562,,,,,,,9cdf4d0394f4dd253a7057bd,False,,,,,,bounded_preclose_bid_ask,,,False,not_requested_for_horizon_or_variant,no_standard_contract_within_rules,ordinary,protective_put,,no_standard_contract_within_rules,,,False,,H23,3,AXP,,double_cost,0.017904416628525377,15.162022686403535,2022
,,,a28a9eb0f77e6f38c5cc6dd3,time_value,,,1,2,2022-07-26,2022-07-26,,,140,,,2022-07-27,141,False,,,2023-05-03,,,,,,,"{""market_momentum"": 0.002076497128794097, ""market_volatility"": 0.011186582805364095, ""momentum"": 0.025179609989736562, ""volatility"": 0.017904416628525377, ""volume_state"": 15.162022686403535}",assumed_next_daily_close,,1,0000004962,,0.002076497128794097,0.011186582805364095,0.025179609989736562,,,,,,,9cdf4d0394f4dd253a7057bd,False,,,,,,bounded_preclose_bid_ask,,,False,not_requested_for_horizon_or_variant,no_standard_contract_within_rules,ordinary,protective_put,,no_standard_contract_within_rules,,,True,,H23,3,AXP,,double_cost,0.017904416628525377,15.162022686403535,2022
,,,a28a9eb0f77e6f38c5cc6dd3,time_value,,,1,2,2022-07-26,2022-07-26,,,140,,,2022-07-27,141,False,,,2023-05-03,,,,,,,"{""market_momentum"": 0.002076497128794097, ""market_volatility"": 0.011186582805364095, ""momentum"": 0.025179609989736562, ""volatility"": 0.017904416628525377, ""volume_state"": 15.162022686403535}",assumed_next_daily_close,,2,0000004962,,0.002076497128794097,0.011186582805364095,0.025179609989736562,,,,,,,9cdf4d0394f4dd253a7057bd,False,,,,,,bounded_preclose_bid_ask,,,False,not_requested_for_horizon_or_variant,no_standard_contract_within_rules,ordinary,protective_put,,no_standard_contract_within_rules,,,False,,H23,3,AXP,,double_cost,0.017904416628525377,15.162022686403535,2022
,,,a28a9eb0f77e6f38c5cc6dd3,time_value,,,1,2,2022-07-26,2022-07-26,,,140,,,2022-07-27,141,False,,,2023-05-03,,,,,,,"{""market_momentum"": 0.002076497128794097, ""market_volatility"": 0.011186582805364095, ""momentum"": 0.025179609989736562, ""volatility"": 0.017904416628525377, ""volume_state"": 15.162022686403535}",assumed_next_daily_close,,2,0000004962,,0.002076497128794097,0.011186582805364095,0.025179609989736562,,,,,,,9cdf4d0394f4dd253a7057bd,False,,,,,,bounded_preclose_bid_ask,,,False,not_requested_for_horizon_or_variant,no_standard_contract_within_rules,ordinary,protective_put,,no_standard_contract_within_rules,,,True,,H23,3,AXP,,double_cost,0.017904416628525377,15.162022686403535,2022
,,,a28a9eb0f77e6f38c5cc6dd3,time_value,,,1,2,2022-07-26,2022-07-26,,,140,,,2022-07-27,141,False,,,2023-05-03,,,,,,,"{""market_momentum"": 0.002076497128794097, ""market_volatility"": 0.011186582805364095, ""momentum"": 0.025179609989736562, ""volatility"": 0.017904416628525377, ""volume_state"": 15.162022686403535}",assumed_next_daily_close,,3,0000004962,,0.002076497128794097,0.011186582805364095,0.025179609989736562,,,,,,,9cdf4d0394f4dd253a7057bd,False,,,,,,bounded_preclose_bid_ask,,,False,not_requested_for_horizon_or_variant,no_standard_contract_within_rules,ordinary,protective_put,,no_standard_contract_within_rules,,,False,,H23,3,AXP,,double_cost,0.017904416628525377,15.162022686403535,2022
,,,a28a9eb0f77e6f38c5cc6dd3,time_value,,,1,2,2022-07-26,2022-07-26,,,140,,,2022-07-27,141,False,,,2023-05-03,,,,,,,"{""market_momentum"": 0.002076497128794097, ""market_volatility"": 0.011186582805364095, ""momentum"": 0.025179609989736562, ""volatility"": 0.017904416628525377, ""volume_state"": 15.162022686403535}",assumed_next_daily_close,,3,0000004962,,0.002076497128794097,0.011186582805364095,0.025179609989736562,,,,,,,9cdf4d0394f4dd253a7057bd,False,,,,,,bounded_preclose_bid_ask,,,False,not_requested_for_horizon_or_variant,no_standard_contract_within_rules,ordinary,protective_put,,no_standard_contract_within_rules,,,True,,H23,3,AXP,,double_cost,0.017904416628525377,15.162022686403535,2022
,,,a28a9eb0f77e6f38c5cc6dd3,time_value,,,1,2,2022-07-26,2022-07-26,,,140,,,2022-07-27,141,False,,,2023-05-03,,,,,,,"{""market_momentum"": 0.002076497128794097, ""market_volatility"": 0.011186582805364095, ""momentum"": 0.025179609989736562, ""volatility"": 0.017904416628525377, ""volume_state"": 15.162022686403535}",assumed_next_daily_close,,5,0000004962,,0.002076497128794097,0.011186582805364095,0.025179609989736562,,,,,,,9cdf4d0394f4dd253a7057bd,False,,,,,,bounded_preclose_bid_ask,,,False,not_requested_for_horizon_or_variant,no_standard_contract_within_rules,ordinary,protective_put,,no_standard_contract_within_rules,,,False,,H23,3,AXP,,double_cost,0.017904416628525377,15.162022686403535,2022
,,,a28a9eb0f77e6f38c5cc6dd3,time_value,,,1,2,2022-07-26,2022-07-26,,,140,,,2022-07-27,141,False,,,2023-05-03,,,,,,,"{""market_momentum"": 0.002076497128794097, ""market_volatility"": 0.011186582805364095, ""momentum"": 0.025179609989736562, ""volatility"": 0.017904416628525377, ""volume_state"": 15.162022686403535}",assumed_next_daily_close,,5,0000004962,,0.002076497128794097,0.011186582805364095,0.025179609989736562,,,,,,,9cdf4d0394f4dd253a7057bd,False,,,,,,bounded_preclose_bid_ask,,,False,not_requested_for_horizon_or_variant,no_standard_contract_within_rules,ordinary,protective_put,,no_standard_contract_within_rules,,,True,,H23,3,AXP,,double_cost,0.017904416628525377,15.162022686403535,2022
,,,a28a9eb0f77e6f38c5cc6dd3,time_value,,,1,2,2022-07-26,2022-07-26,,,140,,,2022-07-27,141,False,,,2023-05-03,,,,,,,"{""market_momentum"": 0.002076497128794097, ""market_volatility"": 0.011186582805364095, ""momentum"": 0.025179609989736562, ""volatility"": 0.017904416628525377, ""volume_state"": 15.162022686403535}",assumed_next_daily_close,,10,0000004962,,0.002076497128794097,0.011186582805364095,0.025179609989736562,,,,,,,9cdf4d0394f4dd253a7057bd,False,,,,,,bounded_preclose_bid_ask,,,False,not_requested_for_horizon_or_variant,no_standard_contract_within_rules,ordinary,protective_put,,no_standard_contract_within_rules,,,False,,H23,3,AXP,,double_cost,0.017904416628525377,15.162022686403535,2022
,,,a28a9eb0f77e6f38c5cc6dd3,time_value,,,1,2,2022-07-26,2022-07-26,,,140,,,2022-07-27,141,False,,,2023-05-03,,,,,,,"{""market_momentum"": 0.002076497128794097, ""market_volatility"": 0.011186582805364095, ""momentum"": 0.025179609989736562, ""volatility"": 0.017904416628525377, ""volume_state"": 15.162022686403535}",assumed_next_daily_close,,10,0000004962,,0.002076497128794097,0.011186582805364095,0.025179609989736562,,,,,,,9cdf4d0394f4dd253a7057bd,False,,,,,,bounded_preclose_bid_ask,,,False,not_requested_for_horizon_or_variant,no_standard_contract_within_rules,ordinary,protective_put,,no_standard_contract_within_rules,,,True,,H23,3,AXP,,double_cost,0.017904416628525377,15.162022686403535,2022
,,,a28a9eb0f77e6f38c5cc6dd3,time_value,,,1,2,2022-07-26,2022-07-26,,,140,,,2022-07-27,141,False,,,2023-05-03,,,,,,,"{""market_momentum"": 0.002076497128794097, ""market_volatility"": 0.011186582805364095, ""momentum"": 0.025179609989736562, ""volatility"": 0.017904416628525377, ""volume_state"": 15.162022686403535}",assumed_next_daily_close,,21,0000004962,,0.002076497128794097,0.011186582805364095,0.025179609989736562,,,,,,,9cdf4d0394f4dd253a7057bd,False,,,,,,bounded_preclose_bid_ask,,,False,not_requested_for_horizon_or_variant,no_standard_contract_within_rules,ordinary,protective_put,,no_standard_contract_within_rules,,,False,,H23,3,AXP,,double_cost,0.017904416628525377,15.162022686403535,2022
,,,a28a9eb0f77e6f38c5cc6dd3,time_value,,,1,2,2022-07-26,2022-07-26,,,140,,,2022-07-27,141,False,,,2023-05-03,,,,,,,"{""market_momentum"": 0.002076497128794097, ""market_volatility"": 0.011186582805364095, ""momentum"": 0.025179609989736562, ""volatility"": 0.017904416628525377, ""volume_state"": 15.162022686403535}",assumed_next_daily_close,,21,0000004962,,0.002076497128794097,0.011186582805364095,0.025179609989736562,,,,,,,9cdf4d0394f4dd253a7057bd,False,,,,,,bounded_preclose_bid_ask,,,False,not_requested_for_horizon_or_variant,no_standard_contract_within_rules,ordinary,protective_put,,no_standard_contract_within_rules,,,True,,H23,3,AXP,,double_cost,0.017904416628525377,15.162022686403535,2022
,,,a28a9eb0f77e6f38c5cc6dd3,time_value,,,1,2,2022-07-26,2022-07-26,,,140,,,2022-07-27,141,False,,,2023-05-03,,,,,,,"{""market_momentum"": 0.002076497128794097, ""market_volatility"": 0.011186582805364095, ""momentum"": 0.025179609989736562, ""volatility"": 0.017904416628525377, ""volume_state"": 15.162022686403535}",assumed_next_daily_close,,42,0000004962,,0.002076497128794097,0.011186582805364095,0.025179609989736562,,,,,,,9cdf4d0394f4dd253a7057bd,False,,,,,,bounded_preclose_bid_ask,,,False,not_requested_for_horizon_or_variant,no_standard_contract_within_rules,ordinary,protective_put,,no_standard_contract_within_rules,,,False,,H23,3,AXP,,double_cost,0.017904416628525377,15.162022686403535,2022
,,,a28a9eb0f77e6f38c5cc6dd3,time_value,,,1,2,2022-07-26,2022-07-26,,,140,,,2022-07-27,141,False,,,2023-05-03,,,,,,,"{""market_momentum"": 0.002076497128794097, ""market_volatility"": 0.011186582805364095, ""momentum"": 0.025179609989736562, ""volatility"": 0.017904416628525377, ""volume_state"": 15.162022686403535}",assumed_next_daily_close,,42,0000004962,,0.002076497128794097,0.011186582805364095,0.025179609989736562,,,,,,,9cdf4d0394f4dd253a7057bd,False,,,,,,bounded_preclose_bid_ask,,,False,not_requested_for_horizon_or_variant,no_standard_contract_within_rules,ordinary,protective_put,,no_standard_contract_within_rules,,,True,,H23,3,AXP,,double_cost,0.017904416628525377,15.162022686403535,2022
,,,a28a9eb0f77e6f38c5cc6dd3,time_value,,,1,2,2022-07-26,2022-07-26,,,140,,,2022-07-27,141,False,,,2023-05-03,,,,,,,"{""market_momentum"": 0.002076497128794097, ""market_volatility"": 0.011186582805364095, ""momentum"": 0.025179609989736562, ""volatility"": 0.017904416628525377, ""volume_state"": 15.162022686403535}",assumed_next_daily_close,,63,0000004962,,0.002076497128794097,0.011186582805364095,0.025179609989736562,,,,,,,9cdf4d0394f4dd253a7057bd,False,,,,,,bounded_preclose_bid_ask,,,False,not_requested_for_horizon_or_variant,no_standard_contract_within_rules,ordinary,protective_put,,no_standard_contract_within_rules,,,False,,H23,3,AXP,,double_cost,0.017904416628525377,15.162022686403535,2022
,,,a28a9eb0f77e6f38c5cc6dd3,time_value,,,1,2,2022-07-26,2022-07-26,,,140,,,2022-07-27,141,False,,,2023-05-03,,,,,,,"{""market_momentum"": 0.002076497128794097, ""market_volatility"": 0.011186582805364095, ""momentum"": 0.025179609989736562, ""volatility"": 0.017904416628525377, ""volume_state"": 15.162022686403535}",assumed_next_daily_close,,63,0000004962,,0.002076497128794097,0.011186582805364095,0.025179609989736562,,,,,,,9cdf4d0394f4dd253a7057bd,False,,,,,,bounded_preclose_bid_ask,,,False,not_requested_for_horizon_or_variant,no_standard_contract_within_rules,ordinary,protective_put,,no_standard_contract_within_rules,,,True,,H23,3,AXP,,double_cost,0.017904416628525377,15.162022686403535,2022
,,,a28a9eb0f77e6f38c5cc6dd3,time_value,,,1,2,2022-07-26,2022-07-26,,,140,,,2022-07-27,141,False,,,2023-05-03,,,,,,,"{""market_momentum"": 0.002076497128794097, ""market_volatility"": 0.011186582805364095, ""momentum"": 0.025179609989736562, ""volatility"": 0.017904416628525377, ""volume_state"": 15.162022686403535}",assumed_next_daily_close,,expiry,0000004962,,0.002076497128794097,0.011186582805364095,0.025179609989736562,,,,,,,9cdf4d0394f4dd253a7057bd,False,,,,,,bounded_preclose_bid_ask,,,False,not_requested_for_horizon_or_variant,no_standard_contract_within_rules,ordinary,protective_put,,no_standard_contract_within_rules,,,False,,H23,3,AXP,,double_cost,0.017904416628525377,15.162022686403535,2022
,,,a28a9eb0f77e6f38c5cc6dd3,time_value,,,1,2,2022-07-26,2022-07-26,,,140,,,2022-07-27,141,False,,,2023-05-03,,,,,,,"{""market_momentum"": 0.002076497128794097, ""market_volatility"": 0.011186582805364095, ""momentum"": 0.025179609989736562, ""volatility"": 0.017904416628525377, ""volume_state"": 15.162022686403535}",assumed_next_daily_close,,expiry,0000004962,,0.002076497128794097,0.011186582805364095,0.025179609989736562,,,,,,,9cdf4d0394f4dd253a7057bd,False,,,,,,bounded_preclose_bid_ask,,,False,not_requested_for_horizon_or_variant,no_standard_contract_within_rules,ordinary,protective_put,,no_standard_contract_within_rules,,,True,,H23,3,AXP,,double_cost,0.017904416628525377,15.162022686403535,2022
,,,a4b11a57db6152fd35fc6a7e,time_value,,,1,2,2022-05-05,2022-05-05,,,85,,,2022-05-06,86,False,,,2022-05-05,,,,,,,"{""market_momentum"": -0.0825222269028667, ""market_volatility"": 0.018380092351151393, ""momentum"": -0.07761596548004324, ""volatility"": 0.02183171201352199, ""volume_state"": 15.043282181838334}",assumed_next_daily_close,,1,0000004962,,-0.0825222269028667,0.018380092351151393,-0.07761596548004324,,,,,,,3a578db181363f7b772334ad,False,,,,,,bounded_preclose_bid_ask,,,False,not_requested_for_horizon_or_variant,no_standard_contract_within_rules,event,protective_put,,no_standard_contract_within_rules,,,False,,H23,3,AXP,,double_cost,0.02183171201352199,15.043282181838334,2022
,,,a4b11a57db6152fd35fc6a7e,time_value,,,1,2,2022-05-05,2022-05-05,,,85,,,2022-05-06,86,False,,,2022-05-05,,,,,,,"{""market_momentum"": -0.0825222269028667, ""market_volatility"": 0.018380092351151393, ""momentum"": -0.07761596548004324, ""volatility"": 0.02183171201352199, ""volume_state"": 15.043282181838334}",assumed_next_daily_close,,1,0000004962,,-0.0825222269028667,0.018380092351151393,-0.07761596548004324,,,,,,,3a578db181363f7b772334ad,False,,,,,,bounded_preclose_bid_ask,,,False,not_requested_for_horizon_or_variant,no_standard_contract_within_rules,event,protective_put,,no_standard_contract_within_rules,,,True,,H23,3,AXP,,double_cost,0.02183171201352199,15.043282181838334,2022
,,,a4b11a57db6152fd35fc6a7e,time_value,,,1,2,2022-05-05,2022-05-05,,,85,,,2022-05-06,86,False,,,2022-05-05,,,,,,,"{""market_momentum"": -0.0825222269028667, ""market_volatility"": 0.018380092351151393, ""momentum"": -0.07761596548004324, ""volatility"": 0.02183171201352199, ""volume_state"": 15.043282181838334}",assumed_next_daily_close,,2,0000004962,,-0.0825222269028667,0.018380092351151393,-0.07761596548004324,,,,,,,3a578db181363f7b772334ad,False,,,,,,bounded_preclose_bid_ask,,,False,not_requested_for_horizon_or_variant,no_standard_contract_within_rules,event,protective_put,,no_standard_contract_within_rules,,,False,,H23,3,AXP,,double_cost,0.02183171201352199,15.043282181838334,2022
,,,a4b11a57db6152fd35fc6a7e,time_value,,,1,2,2022-05-05,2022-05-05,,,85,,,2022-05-06,86,False,,,2022-05-05,,,,,,,"{""market_momentum"": -0.0825222269028667, ""market_volatility"": 0.018380092351151393, ""momentum"": -0.07761596548004324, ""volatility"": 0.02183171201352199, ""volume_state"": 15.043282181838334}",assumed_next_daily_close,,2,0000004962,,-0.0825222269028667,0.018380092351151393,-0.07761596548004324,,,,,,,3a578db181363f7b772334ad,False,,,,,,bounded_preclose_bid_ask,,,False,not_requested_for_horizon_or_variant,no_standard_contract_within_rules,event,protective_put,,no_standard_contract_within_rules,,,True,,H23,3,AXP,,double_cost,0.02183171201352199,15.043282181838334,2022
,,,a4b11a57db6152fd35fc6a7e,time_value,,,1,2,2022-05-05,2022-05-05,,,85,,,2022-05-06,86,False,,,2022-05-05,,,,,,,"{""market_momentum"": -0.0825222269028667, ""market_volatility"": 0.018380092351151393, ""momentum"": -0.07761596548004324, ""volatility"": 0.02183171201352199, ""volume_state"": 15.043282181838334}",assumed_next_daily_close,,3,0000004962,,-0.0825222269028667,0.018380092351151393,-0.07761596548004324,,,,,,,3a578db181363f7b772334ad,False,,,,,,bounded_preclose_bid_ask,,,False,not_requested_for_horizon_or_variant,no_standard_contract_within_rules,event,protective_put,,no_standard_contract_within_rules,,,False,,H23,3,AXP,,double_cost,0.02183171201352199,15.043282181838334,2022
,,,a4b11a57db6152fd35fc6a7e,time_value,,,1,2,2022-05-05,2022-05-05,,,85,,,2022-05-06,86,False,,,2022-05-05,,,,,,,"{""market_momentum"": -0.0825222269028667, ""market_volatility"": 0.018380092351151393, ""momentum"": -0.07761596548004324, ""volatility"": 0.02183171201352199, ""volume_state"": 15.043282181838334}",assumed_next_daily_close,,3,0000004962,,-0.0825222269028667,0.018380092351151393,-0.07761596548004324,,,,,,,3a578db181363f7b772334ad,False,,,,,,bounded_preclose_bid_ask,,,False,not_requested_for_horizon_or_variant,no_standard_contract_within_rules,event,protective_put,,no_standard_contract_within_rules,,,True,,H23,3,AXP,,double_cost,0.02183171201352199,15.043282181838334,2022
,,,a4b11a57db6152fd35fc6a7e,time_value,,,1,2,2022-05-05,2022-05-05,,,85,,,2022-05-06,86,False,,,2022-05-05,,,,,,,"{""market_momentum"": -0.0825222269028667, ""market_volatility"": 0.018380092351151393, ""momentum"": -0.07761596548004324, ""volatility"": 0.02183171201352199, ""volume_state"": 15.043282181838334}",assumed_next_daily_close,,5,0000004962,,-0.0825222269028667,0.018380092351151393,-0.07761596548004324,,,,,,,3a578db181363f7b772334ad,False,,,,,,bounded_preclose_bid_ask,,,False,not_requested_for_horizon_or_variant,no_standard_contract_within_rules,event,protective_put,,no_standard_contract_within_rules,,,False,,H23,3,AXP,,double_cost,0.02183171201352199,15.043282181838334,2022
,,,a4b11a57db6152fd35fc6a7e,time_value,,,1,2,2022-05-05,2022-05-05,,,85,,,2022-05-06,86,False,,,2022-05-05,,,,,,,"{""market_momentum"": -0.0825222269028667, ""market_volatility"": 0.018380092351151393, ""momentum"": -0.07761596548004324, ""volatility"": 0.02183171201352199, ""volume_state"": 15.043282181838334}",assumed_next_daily_close,,5,0000004962,,-0.0825222269028667,0.018380092351151393,-0.07761596548004324,,,,,,,3a578db181363f7b772334ad,False,,,,,,bounded_preclose_bid_ask,,,False,not_requested_for_horizon_or_variant,no_standard_contract_within_rules,event,protective_put,,no_standard_contract_within_rules,,,True,,H23,3,AXP,,double_cost,0.02183171201352199,15.043282181838334,2022
,,,a4b11a57db6152fd35fc6a7e,time_value,,,1,2,2022-05-05,2022-05-05,,,85,,,2022-05-06,86,False,,,2022-05-05,,,,,,,"{""market_momentum"": -0.0825222269028667, ""market_volatility"": 0.018380092351151393, ""momentum"": -0.07761596548004324, ""volatility"": 0.02183171201352199, ""volume_state"": 15.043282181838334}",assumed_next_daily_close,,10,0000004962,,-0.0825222269028667,0.018380092351151393,-0.07761596548004324,,,,,,,3a578db181363f7b772334ad,False,,,,,,bounded_preclose_bid_ask,,,False,not_requested_for_horizon_or_variant,no_standard_contract_within_rules,event,protective_put,,no_standard_contract_within_rules,,,False,,H23,3,AXP,,double_cost,0.02183171201352199,15.043282181838334,2022
,,,a4b11a57db6152fd35fc6a7e,time_value,,,1,2,2022-05-05,2022-05-05,,,85,,,2022-05-06,86,False,,,2022-05-05,,,,,,,"{""market_momentum"": -0.0825222269028667, ""market_volatility"": 0.018380092351151393, ""momentum"": -0.07761596548004324, ""volatility"": 0.02183171201352199, ""volume_state"": 15.043282181838334}",assumed_next_daily_close,,10,0000004962,,-0.0825222269028667,0.018380092351151393,-0.07761596548004324,,,,,,,3a578db181363f7b772334ad,False,,,,,,bounded_preclose_bid_ask,,,False,not_requested_for_horizon_or_variant,no_standard_contract_within_rules,event,protective_put,,no_standard_contract_within_rules,,,True,,H23,3,AXP,,double_cost,0.02183171201352199,15.043282181838334,2022
,,,a4b11a57db6152fd35fc6a7e,time_value,,,1,2,2022-05-05,2022-05-05,,,85,,,2022-05-06,86,False,,,2022-05-05,,,,,,,"{""market_momentum"": -0.0825222269028667, ""market_volatility"": 0.018380092351151393, ""momentum"": -0.07761596548004324, ""volatility"": 0.02183171201352199, ""volume_state"": 15.043282181838334}",assumed_next_daily_close,,21,0000004962,,-0.0825222269028667,0.018380092351151393,-0.07761596548004324,,,,,,,3a578db181363f7b772334ad,False,,,,,,bounded_preclose_bid_ask,,,False,not_requested_for_horizon_or_variant,no_standard_contract_within_rules,event,protective_put,,no_standard_contract_within_rules,,,False,,H23,3,AXP,,double_cost,0.02183171201352199,15.043282181838334,2022
,,,a4b11a57db6152fd35fc6a7e,time_value,,,1,2,2022-05-05,2022-05-05,,,85,,,2022-05-06,86,False,,,2022-05-05,,,,,,,"{""market_momentum"": -0.0825222269028667, ""market_volatility"": 0.018380092351151393, ""momentum"": -0.07761596548004324, ""volatility"": 0.02183171201352199, ""volume_state"": 15.043282181838334}",assumed_next_daily_close,,21,0000004962,,-0.0825222269028667,0.018380092351151393,-0.07761596548004324,,,,,,,3a578db181363f7b772334ad,False,,,,,,bounded_preclose_bid_ask,,,False,not_requested_for_horizon_or_variant,no_standard_contract_within_rules,event,protective_put,,no_standard_contract_within_rules,,,True,,H23,3,AXP,,double_cost,0.02183171201352199,15.043282181838334,2022
,,,a4b11a57db6152fd35fc6a7e,time_value,,,1,2,2022-05-05,2022-05-05,,,85,,,2022-05-06,86,False,,,2022-05-05,,,,,,,"{""market_momentum"": -0.0825222269028667, ""market_volatility"": 0.018380092351151393, ""momentum"": -0.07761596548004324, ""volatility"": 0.02183171201352199, ""volume_state"": 15.043282181838334}",assumed_next_daily_close,,42,0000004962,,-0.0825222269028667,0.018380092351151393,-0.07761596548004324,,,,,,,3a578db181363f7b772334ad,False,,,,,,bounded_preclose_bid_ask,,,False,not_requested_for_horizon_or_variant,no_standard_contract_within_rules,event,protective_put,,no_standard_contract_within_rules,,,False,,H23,3,AXP,,double_cost,0.02183171201352199,15.043282181838334,2022
,,,a4b11a57db6152fd35fc6a7e,time_value,,,1,2,2022-05-05,2022-05-05,,,85,,,2022-05-06,86,False,,,2022-05-05,,,,,,,"{""market_momentum"": -0.0825222269028667, ""market_volatility"": 0.018380092351151393, ""momentum"": -0.07761596548004324, ""volatility"": 0.02183171201352199, ""volume_state"": 15.043282181838334}",assumed_next_daily_close,,42,0000004962,,-0.0825222269028667,0.018380092351151393,-0.07761596548004324,,,,,,,3a578db181363f7b772334ad,False,,,,,,bounded_preclose_bid_ask,,,False,not_requested_for_horizon_or_variant,no_standard_contract_within_rules,event,protective_put,,no_standard_contract_within_rules,,,True,,H23,3,AXP,,double_cost,0.02183171201352199,15.043282181838334,2022
,,,a4b11a57db6152fd35fc6a7e,time_value,,,1,2,2022-05-05,2022-05-05,,,85,,,2022-05-06,86,False,,,2022-05-05,,,,,,,"{""market_momentum"": -0.0825222269028667, ""market_volatility"": 0.018380092351151393, ""momentum"": -0.07761596548004324, ""volatility"": 0.02183171201352199, ""volume_state"": 15.043282181838334}",assumed_next_daily_close,,63,0000004962,,-0.0825222269028667,0.018380092351151393,-0.07761596548004324,,,,,,,3a578db181363f7b772334ad,False,,,,,,bounded_preclose_bid_ask,,,False,not_requested_for_horizon_or_variant,no_standard_contract_within_rules,event,protective_put,,no_standard_contract_within_rules,,,False,,H23,3,AXP,,double_cost,0.02183171201352199,15.043282181838334,2022
,,,a4b11a57db6152fd35fc6a7e,time_value,,,1,2,2022-05-05,2022-05-05,,,85,,,2022-05-06,86,False,,,2022-05-05,,,,,,,"{""market_momentum"": -0.0825222269028667, ""market_volatility"": 0.018380092351151393, ""momentum"": -0.07761596548004324, ""volatility"": 0.02183171201352199, ""volume_state"": 15.043282181838334}",assumed_next_daily_close,,63,0000004962,,-0.0825222269028667,0.018380092351151393,-0.07761596548004324,,,,,,,3a578db181363f7b772334ad,False,,,,,,bounded_preclose_bid_ask,,,False,not_requested_for_horizon_or_variant,no_standard_contract_within_rules,event,protective_put,,no_standard_contract_within_rules,,,True,,H23,3,AXP,,double_cost,0.02183171201352199,15.043282181838334,2022
,,,a4b11a57db6152fd35fc6a7e,time_value,,,1,2,2022-05-05,2022-05-05,,,85,,,2022-05-06,86,False,,,2022-05-05,,,,,,,"{""market_momentum"": -0.0825222269028667, ""market_volatility"": 0.018380092351151393, ""momentum"": -0.07761596548004324, ""volatility"": 0.02183171201352199, ""volume_state"": 15.043282181838334}",assumed_next_daily_close,,expiry,0000004962,,-0.0825222269028667,0.018380092351151393,-0.07761596548004324,,,,,,,3a578db181363f7b772334ad,False,,,,,,bounded_preclose_bid_ask,,,False,not_requested_for_horizon_or_variant,no_standard_contract_within_rules,event,protective_put,,no_standard_contract_within_rules,,,False,,H23,3,AXP,,double_cost,0.02183171201352199,15.043282181838334,2022
,,,a4b11a57db6152fd35fc6a7e,time_value,,,1,2,2022-05-05,2022-05-05,,,85,,,2022-05-06,86,False,,,2022-05-05,,,,,,,"{""market_momentum"": -0.0825222269028667, ""market_volatility"": 0.018380092351151393, ""momentum"": -0.07761596548004324, ""volatility"": 0.02183171201352199, ""volume_state"": 15.043282181838334}",assumed_next_daily_close,,expiry,0000004962,,-0.0825222269028667,0.018380092351151393,-0.07761596548004324,,,,,,,3a578db181363f7b772334ad,False,,,,,,bounded_preclose_bid_ask,,,False,not_requested_for_horizon_or_variant,no_standard_contract_within_rules,event,protective_put,,no_standard_contract_within_rules,,,True,,H23,3,AXP,,double_cost,0.02183171201352199,15.043282181838334,2022
,,,a758908fbfc3b42afd7a97c1,time_value,,,1,2,2023-11-01,2023-11-01,,,460,,,2023-11-02,461,False,,,2023-11-01,,,,,,,"{""market_momentum"": 0.002538010863635476, ""market_volatility"": 0.008683070651405911, ""momentum"": 0.009651844191657988, ""volatility"": 0.016168471078917522, ""volume_state"": 15.04138957382017}",assumed_next_daily_close,,1,0000004962,,0.002538010863635476,0.008683070651405911,0.009651844191657988,,,,,,,22d1881c2853de058df960bd,False,,,,,,bounded_preclose_bid_ask,,,False,not_requested_for_horizon_or_variant,thin_prior_option_volume,event,covered_call,,thin_prior_option_volume,,,False,,H23,3,AXP,,double_cost,0.016168471078917522,15.04138957382017,2023
,,,a758908fbfc3b42afd7a97c1,time_value,,,1,2,2023-11-01,2023-11-01,,,460,,,2023-11-02,461,False,,,2023-11-01,,,,,,,"{""market_momentum"": 0.002538010863635476, ""market_volatility"": 0.008683070651405911, ""momentum"": 0.009651844191657988, ""volatility"": 0.016168471078917522, ""volume_state"": 15.04138957382017}",assumed_next_daily_close,,1,0000004962,,0.002538010863635476,0.008683070651405911,0.009651844191657988,,,,,,,22d1881c2853de058df960bd,False,,,,,,bounded_preclose_bid_ask,,,False,not_requested_for_horizon_or_variant,thin_prior_option_volume,event,covered_call,,thin_prior_option_volume,,,True,,H23,3,AXP,,double_cost,0.016168471078917522,15.04138957382017,2023
,,,a758908fbfc3b42afd7a97c1,time_value,,,1,2,2023-11-01,2023-11-01,,,460,,,2023-11-02,461,False,,,2023-11-01,,,,,,,"{""market_momentum"": 0.002538010863635476, ""market_volatility"": 0.008683070651405911, ""momentum"": 0.009651844191657988, ""volatility"": 0.016168471078917522, ""volume_state"": 15.04138957382017}",assumed_next_daily_close,,2,0000004962,,0.002538010863635476,0.008683070651405911,0.009651844191657988,,,,,,,22d1881c2853de058df960bd,False,,,,,,bounded_preclose_bid_ask,,,False,not_requested_for_horizon_or_variant,thin_prior_option_volume,event,covered_call,,thin_prior_option_volume,,,False,,H23,3,AXP,,double_cost,0.016168471078917522,15.04138957382017,2023
,,,a758908fbfc3b42afd7a97c1,time_value,,,1,2,2023-11-01,2023-11-01,,,460,,,2023-11-02,461,False,,,2023-11-01,,,,,,,"{""market_momentum"": 0.002538010863635476, ""market_volatility"": 0.008683070651405911, ""momentum"": 0.009651844191657988, ""volatility"": 0.016168471078917522, ""volume_state"": 15.04138957382017}",assumed_next_daily_close,,2,0000004962,,0.002538010863635476,0.008683070651405911,0.009651844191657988,,,,,,,22d1881c2853de058df960bd,False,,,,,,bounded_preclose_bid_ask,,,False,not_requested_for_horizon_or_variant,thin_prior_option_volume,event,covered_call,,thin_prior_option_volume,,,True,,H23,3,AXP,,double_cost,0.016168471078917522,15.04138957382017,2023
,,,a758908fbfc3b42afd7a97c1,time_value,,,1,2,2023-11-01,2023-11-01,,,460,,,2023-11-02,461,False,,,2023-11-01,,,,,,,"{""market_momentum"": 0.002538010863635476, ""market_volatility"": 0.008683070651405911, ""momentum"": 0.009651844191657988, ""volatility"": 0.016168471078917522, ""volume_state"": 15.04138957382017}",assumed_next_daily_close,,3,0000004962,,0.002538010863635476,0.008683070651405911,0.009651844191657988,,,,,,,22d1881c2853de058df960bd,False,,,,,,bounded_preclose_bid_ask,,,False,not_requested_for_horizon_or_variant,thin_prior_option_volume,event,covered_call,,thin_prior_option_volume,,,False,,H23,3,AXP,,double_cost,0.016168471078917522,15.04138957382017,2023
,,,a758908fbfc3b42afd7a97c1,time_value,,,1,2,2023-11-01,2023-11-01,,,460,,,2023-11-02,461,False,,,2023-11-01,,,,,,,"{""market_momentum"": 0.002538010863635476, ""market_volatility"": 0.008683070651405911, ""momentum"": 0.009651844191657988, ""volatility"": 0.016168471078917522, ""volume_state"": 15.04138957382017}",assumed_next_daily_close,,3,0000004962,,0.002538010863635476,0.008683070651405911,0.009651844191657988,,,,,,,22d1881c2853de058df960bd,False,,,,,,bounded_preclose_bid_ask,,,False,not_requested_for_horizon_or_variant,thin_prior_option_volume,event,covered_call,,thin_prior_option_volume,,,True,,H23,3,AXP,,double_cost,0.016168471078917522,15.04138957382017,2023
,,,a758908fbfc3b42afd7a97c1,time_value,,,1,2,2023-11-01,2023-11-01,,,460,,,2023-11-02,461,False,,,2023-11-01,,,,,,,"{""market_momentum"": 0.002538010863635476, ""market_volatility"": 0.008683070651405911, ""momentum"": 0.009651844191657988, ""volatility"": 0.016168471078917522, ""volume_state"": 15.04138957382017}",assumed_next_daily_close,,5,0000004962,,0.002538010863635476,0.008683070651405911,0.009651844191657988,,,,,,,22d1881c2853de058df960bd,False,,,,,,bounded_preclose_bid_ask,,,False,not_requested_for_horizon_or_variant,thin_prior_option_volume,event,covered_call,,thin_prior_option_volume,,,False,,H23,3,AXP,,double_cost,0.016168471078917522,15.04138957382017,2023
,,,a758908fbfc3b42afd7a97c1,time_value,,,1,2,2023-11-01,2023-11-01,,,460,,,2023-11-02,461,False,,,2023-11-01,,,,,,,"{""market_momentum"": 0.002538010863635476, ""market_volatility"": 0.008683070651405911, ""momentum"": 0.009651844191657988, ""volatility"": 0.016168471078917522, ""volume_state"": 15.04138957382017}",assumed_next_daily_close,,5,0000004962,,0.002538010863635476,0.008683070651405911,0.009651844191657988,,,,,,,22d1881c2853de058df960bd,False,,,,,,bounded_preclose_bid_ask,,,False,not_requested_for_horizon_or_variant,thin_prior_option_volume,event,covered_call,,thin_prior_option_volume,,,True,,H23,3,AXP,,double_cost,0.016168471078917522,15.04138957382017,2023
,,,a758908fbfc3b42afd7a97c1,time_value,,,1,2,2023-11-01,2023-11-01,,,460,,,2023-11-02,461,False,,,2023-11-01,,,,,,,"{""market_momentum"": 0.002538010863635476, ""market_volatility"": 0.008683070651405911, ""momentum"": 0.009651844191657988, ""volatility"": 0.016168471078917522, ""volume_state"": 15.04138957382017}",assumed_next_daily_close,,10,0000004962,,0.002538010863635476,0.008683070651405911,0.009651844191657988,,,,,,,22d1881c2853de058df960bd,False,,,,,,bounded_preclose_bid_ask,,,False,not_requested_for_horizon_or_variant,thin_prior_option_volume,event,covered_call,,thin_prior_option_volume,,,False,,H23,3,AXP,,double_cost,0.016168471078917522,15.04138957382017,2023
,,,a758908fbfc3b42afd7a97c1,time_value,,,1,2,2023-11-01,2023-11-01,,,460,,,2023-11-02,461,False,,,2023-11-01,,,,,,,"{""market_momentum"": 0.002538010863635476, ""market_volatility"": 0.008683070651405911, ""momentum"": 0.009651844191657988, ""volatility"": 0.016168471078917522, ""volume_state"": 15.04138957382017}",assumed_next_daily_close,,10,0000004962,,0.002538010863635476,0.008683070651405911,0.009651844191657988,,,,,,,22d1881c2853de058df960bd,False,,,,,,bounded_preclose_bid_ask,,,False,not_requested_for_horizon_or_variant,thin_prior_option_volume,event,covered_call,,thin_prior_option_volume,,,True,,H23,3,AXP,,double_cost,0.016168471078917522,15.04138957382017,2023
,,,a758908fbfc3b42afd7a97c1,time_value,,,1,2,2023-11-01,2023-11-01,,,460,,,2023-11-02,461,False,,,2023-11-01,,,,,,,"{""market_momentum"": 0.002538010863635476, ""market_volatility"": 0.008683070651405911, ""momentum"": 0.009651844191657988, ""volatility"": 0.016168471078917522, ""volume_state"": 15.04138957382017}",assumed_next_daily_close,,21,0000004962,,0.002538010863635476,0.008683070651405911,0.009651844191657988,,,,,,,22d1881c2853de058df960bd,False,,,,,,bounded_preclose_bid_ask,,,False,not_requested_for_horizon_or_variant,thin_prior_option_volume,event,covered_call,,thin_prior_option_volume,,,False,,H23,3,AXP,,double_cost,0.016168471078917522,15.04138957382017,2023
,,,a758908fbfc3b42afd7a97c1,time_value,,,1,2,2023-11-01,2023-11-01,,,460,,,2023-11-02,461,False,,,2023-11-01,,,,,,,"{""market_momentum"": 0.002538010863635476, ""market_volatility"": 0.008683070651405911, ""momentum"": 0.009651844191657988, ""volatility"": 0.016168471078917522, ""volume_state"": 15.04138957382017}",assumed_next_daily_close,,21,0000004962,,0.002538010863635476,0.008683070651405911,0.009651844191657988,,,,,,,22d1881c2853de058df960bd,False,,,,,,bounded_preclose_bid_ask,,,False,not_requested_for_horizon_or_variant,thin_prior_option_volume,event,covered_call,,thin_prior_option_volume,,,True,,H23,3,AXP,,double_cost,0.016168471078917522,15.04138957382017,2023
,,,a758908fbfc3b42afd7a97c1,time_value,,,1,2,2023-11-01,2023-11-01,,,460,,,2023-11-02,461,False,,,2023-11-01,,,,,,,"{""market_momentum"": 0.002538010863635476, ""market_volatility"": 0.008683070651405911, ""momentum"": 0.009651844191657988, ""volatility"": 0.016168471078917522, ""volume_state"": 15.04138957382017}",assumed_next_daily_close,,42,0000004962,,0.002538010863635476,0.008683070651405911,0.009651844191657988,,,,,,,22d1881c2853de058df960bd,False,,,,,,bounded_preclose_bid_ask,,,False,not_requested_for_horizon_or_variant,thin_prior_option_volume,event,covered_call,,thin_prior_option_volume,,,False,,H23,3,AXP,,double_cost,0.016168471078917522,15.04138957382017,2023
,,,a758908fbfc3b42afd7a97c1,time_value,,,1,2,2023-11-01,2023-11-01,,,460,,,2023-11-02,461,False,,,2023-11-01,,,,,,,"{""market_momentum"": 0.002538010863635476, ""market_volatility"": 0.008683070651405911, ""momentum"": 0.009651844191657988, ""volatility"": 0.016168471078917522, ""volume_state"": 15.04138957382017}",assumed_next_daily_close,,42,0000004962,,0.002538010863635476,0.008683070651405911,0.009651844191657988,,,,,,,22d1881c2853de058df960bd,False,,,,,,bounded_preclose_bid_ask,,,False,not_requested_for_horizon_or_variant,thin_prior_option_volume,event,covered_call,,thin_prior_option_volume,,,True,,H23,3,AXP,,double_cost,0.016168471078917522,15.04138957382017,2023
,,,a758908fbfc3b42afd7a97c1,time_value,,,1,2,2023-11-01,2023-11-01,,,460,,,2023-11-02,461,False,,,2023-11-01,,,,,,,"{""market_momentum"": 0.002538010863635476, ""market_volatility"": 0.008683070651405911, ""momentum"": 0.009651844191657988, ""volatility"": 0.016168471078917522, ""volume_state"": 15.04138957382017}",assumed_next_daily_close,,63,0000004962,,0.002538010863635476,0.008683070651405911,0.009651844191657988,,,,,,,22d1881c2853de058df960bd,False,,,,,,bounded_preclose_bid_ask,,,False,not_requested_for_horizon_or_variant,thin_prior_option_volume,event,covered_call,,thin_prior_option_volume,,,False,,H23,3,AXP,,double_cost,0.016168471078917522,15.04138957382017,2023
,,,a758908fbfc3b42afd7a97c1,time_value,,,1,2,2023-11-01,2023-11-01,,,460,,,2023-11-02,461,False,,,2023-11-01,,,,,,,"{""market_momentum"": 0.002538010863635476, ""market_volatility"": 0.008683070651405911, ""momentum"": 0.009651844191657988, ""volatility"": 0.016168471078917522, ""volume_state"": 15.04138957382017}",assumed_next_daily_close,,63,0000004962,,0.002538010863635476,0.008683070651405911,0.009651844191657988,,,,,,,22d1881c2853de058df960bd,False,,,,,,bounded_preclose_bid_ask,,,False,not_requested_for_horizon_or_variant,thin_prior_option_volume,event,covered_call,,thin_prior_option_volume,,,True,,H23,3,AXP,,double_cost,0.016168471078917522,15.04138957382017,2023
,,,a758908fbfc3b42afd7a97c1,time_value,,,1,2,2023-11-01,2023-11-01,,,460,,,2023-11-02,461,False,,,2023-11-01,,,,,,,"{""market_momentum"": 0.002538010863635476, ""market_volatility"": 0.008683070651405911, ""momentum"": 0.009651844191657988, ""volatility"": 0.016168471078917522, ""volume_state"": 15.04138957382017}",assumed_next_daily_close,,expiry,0000004962,,0.002538010863635476,0.008683070651405911,0.009651844191657988,,,,,,,22d1881c2853de058df960bd,False,,,,,,bounded_preclose_bid_ask,,,False,not_requested_for_horizon_or_variant,thin_prior_option_volume,event,covered_call,,thin_prior_option_volume,,,False,,H23,3,AXP,,double_cost,0.016168471078917522,15.04138957382017,2023
,,,a758908fbfc3b42afd7a97c1,time_value,,,1,2,2023-11-01,2023-11-01,,,460,,,2023-11-02,461,False,,,2023-11-01,,,,,,,"{""market_momentum"": 0.002538010863635476, ""market_volatility"": 0.008683070651405911, ""momentum"": 0.009651844191657988, ""volatility"": 0.016168471078917522, ""volume_state"": 15.04138957382017}",assumed_next_daily_close,,expiry,0000004962,,0.002538010863635476,0.008683070651405911,0.009651844191657988,,,,,,,22d1881c2853de058df960bd,False,,,,,,bounded_preclose_bid_ask,,,False,not_requested_for_horizon_or_variant,thin_prior_option_volume,event,covered_call,,thin_prior_option_volume,,,True,,H23,3,AXP,,double_cost,0.016168471078917522,15.04138957382017,2023
,,,a98771f482552cb999ff9a0f,time_value,,,1,2,2024-01-05,2024-01-05,,,504,,,2024-01-08,505,False,,,2024-07-30,,,,,,,"{""market_momentum"": 0.024791940429259807, ""market_volatility"": 0.006384935470816239, ""momentum"": 0.10768689946097965, ""volatility"": 0.013447158185583681, ""volume_state"": 14.922809264200644}",assumed_next_daily_close,,1,0000004962,,0.024791940429259807,0.006384935470816239,0.10768689946097965,,,,,,,956651b8e2b7a781abf6828e,False,,,,,,bounded_preclose_bid_ask,,,False,not_requested_for_horizon_or_variant,thin_prior_option_volume,ordinary,protective_put,,thin_prior_option_volume,,,False,,H23,3,AXP,,double_cost,0.013447158185583681,14.922809264200644,2024
,,,a98771f482552cb999ff9a0f,time_value,,,1,2,2024-01-05,2024-01-05,,,504,,,2024-01-08,505,False,,,2024-07-30,,,,,,,"{""market_momentum"": 0.024791940429259807, ""market_volatility"": 0.006384935470816239, ""momentum"": 0.10768689946097965, ""volatility"": 0.013447158185583681, ""volume_state"": 14.922809264200644}",assumed_next_daily_close,,1,0000004962,,0.024791940429259807,0.006384935470816239,0.10768689946097965,,,,,,,956651b8e2b7a781abf6828e,False,,,,,,bounded_preclose_bid_ask,,,False,not_requested_for_horizon_or_variant,thin_prior_option_volume,ordinary,protective_put,,thin_prior_option_volume,,,True,,H23,3,AXP,,double_cost,0.013447158185583681,14.922809264200644,2024
,,,a98771f482552cb999ff9a0f,time_value,,,1,2,2024-01-05,2024-01-05,,,504,,,2024-01-08,505,False,,,2024-07-30,,,,,,,"{""market_momentum"": 0.024791940429259807, ""market_volatility"": 0.006384935470816239, ""momentum"": 0.10768689946097965, ""volatility"": 0.013447158185583681, ""volume_state"": 14.922809264200644}",assumed_next_daily_close,,2,0000004962,,0.024791940429259807,0.006384935470816239,0.10768689946097965,,,,,,,956651b8e2b7a781abf6828e,False,,,,,,bounded_preclose_bid_ask,,,False,not_requested_for_horizon_or_variant,thin_prior_option_volume,ordinary,protective_put,,thin_prior_option_volume,,,False,,H23,3,AXP,,double_cost,0.013447158185583681,14.922809264200644,2024
,,,a98771f482552cb999ff9a0f,time_value,,,1,2,2024-01-05,2024-01-05,,,504,,,2024-01-08,505,False,,,2024-07-30,,,,,,,"{""market_momentum"": 0.024791940429259807, ""market_volatility"": 0.006384935470816239, ""momentum"": 0.10768689946097965, ""volatility"": 0.013447158185583681, ""volume_state"": 14.922809264200644}",assumed_next_daily_close,,2,0000004962,,0.024791940429259807,0.006384935470816239,0.10768689946097965,,,,,,,956651b8e2b7a781abf6828e,False,,,,,,bounded_preclose_bid_ask,,,False,not_requested_for_horizon_or_variant,thin_prior_option_volume,ordinary,protective_put,,thin_prior_option_volume,,,True,,H23,3,AXP,,double_cost,0.013447158185583681,14.922809264200644,2024
,,,a98771f482552cb999ff9a0f,time_value,,,1,2,2024-01-05,2024-01-05,,,504,,,2024-01-08,505,False,,,2024-07-30,,,,,,,"{""market_momentum"": 0.024791940429259807, ""market_volatility"": 0.006384935470816239, ""momentum"": 0.10768689946097965, ""volatility"": 0.013447158185583681, ""volume_state"": 14.922809264200644}",assumed_next_daily_close,,3,0000004962,,0.024791940429259807,0.006384935470816239,0.10768689946097965,,,,,,,956651b8e2b7a781abf6828e,False,,,,,,bounded_preclose_bid_ask,,,False,not_requested_for_horizon_or_variant,thin_prior_option_volume,ordinary,protective_put,,thin_prior_option_volume,,,False,,H23,3,AXP,,double_cost,0.013447158185583681,14.922809264200644,2024
,,,a98771f482552cb999ff9a0f,time_value,,,1,2,2024-01-05,2024-01-05,,,504,,,2024-01-08,505,False,,,2024-07-30,,,,,,,"{""market_momentum"": 0.024791940429259807, ""market_volatility"": 0.006384935470816239, ""momentum"": 0.10768689946097965, ""volatility"": 0.013447158185583681, ""volume_state"": 14.922809264200644}",assumed_next_daily_close,,3,0000004962,,0.024791940429259807,0.006384935470816239,0.10768689946097965,,,,,,,956651b8e2b7a781abf6828e,False,,,,,,bounded_preclose_bid_ask,,,False,not_requested_for_horizon_or_variant,thin_prior_option_volume,ordinary,protective_put,,thin_prior_option_volume,,,True,,H23,3,AXP,,double_cost,0.013447158185583681,14.922809264200644,2024
,,,a98771f482552cb999ff9a0f,time_value,,,1,2,2024-01-05,2024-01-05,,,504,,,2024-01-08,505,False,,,2024-07-30,,,,,,,"{""market_momentum"": 0.024791940429259807, ""market_volatility"": 0.006384935470816239, ""momentum"": 0.10768689946097965, ""volatility"": 0.013447158185583681, ""volume_state"": 14.922809264200644}",assumed_next_daily_close,,5,0000004962,,0.024791940429259807,0.006384935470816239,0.10768689946097965,,,,,,,956651b8e2b7a781abf6828e,False,,,,,,bounded_preclose_bid_ask,,,False,not_requested_for_horizon_or_variant,thin_prior_option_volume,ordinary,protective_put,,thin_prior_option_volume,,,False,,H23,3,AXP,,double_cost,0.013447158185583681,14.922809264200644,2024
,,,a98771f482552cb999ff9a0f,time_value,,,1,2,2024-01-05,2024-01-05,,,504,,,2024-01-08,505,False,,,2024-07-30,,,,,,,"{""market_momentum"": 0.024791940429259807, ""market_volatility"": 0.006384935470816239, ""momentum"": 0.10768689946097965, ""volatility"": 0.013447158185583681, ""volume_state"": 14.922809264200644}",assumed_next_daily_close,,5,0000004962,,0.024791940429259807,0.006384935470816239,0.10768689946097965,,,,,,,956651b8e2b7a781abf6828e,False,,,,,,bounded_preclose_bid_ask,,,False,not_requested_for_horizon_or_variant,thin_prior_option_volume,ordinary,protective_put,,thin_prior_option_volume,,,True,,H23,3,AXP,,double_cost,0.013447158185583681,14.922809264200644,2024
,,,a98771f482552cb999ff9a0f,time_value,,,1,2,2024-01-05,2024-01-05,,,504,,,2024-01-08,505,False,,,2024-07-30,,,,,,,"{""market_momentum"": 0.024791940429259807, ""market_volatility"": 0.006384935470816239, ""momentum"": 0.10768689946097965, ""volatility"": 0.013447158185583681, ""volume_state"": 14.922809264200644}",assumed_next_daily_close,,10,0000004962,,0.024791940429259807,0.006384935470816239,0.10768689946097965,,,,,,,956651b8e2b7a781abf6828e,False,,,,,,bounded_preclose_bid_ask,,,False,not_requested_for_horizon_or_variant,thin_prior_option_volume,ordinary,protective_put,,thin_prior_option_volume,,,False,,H23,3,AXP,,double_cost,0.013447158185583681,14.922809264200644,2024
,,,a98771f482552cb999ff9a0f,time_value,,,1,2,2024-01-05,2024-01-05,,,504,,,2024-01-08,505,False,,,2024-07-30,,,,,,,"{""market_momentum"": 0.024791940429259807, ""market_volatility"": 0.006384935470816239, ""momentum"": 0.10768689946097965, ""volatility"": 0.013447158185583681, ""volume_state"": 14.922809264200644}",assumed_next_daily_close,,10,0000004962,,0.024791940429259807,0.006384935470816239,0.10768689946097965,,,,,,,956651b8e2b7a781abf6828e,False,,,,,,bounded_preclose_bid_ask,,,False,not_requested_for_horizon_or_variant,thin_prior_option_volume,ordinary,protective_put,,thin_prior_option_volume,,,True,,H23,3,AXP,,double_cost,0.013447158185583681,14.922809264200644,2024
,,,a98771f482552cb999ff9a0f,time_value,,,1,2,2024-01-05,2024-01-05,,,504,,,2024-01-08,505,False,,,2024-07-30,,,,,,,"{""market_momentum"": 0.024791940429259807, ""market_volatility"": 0.006384935470816239, ""momentum"": 0.10768689946097965, ""volatility"": 0.013447158185583681, ""volume_state"": 14.922809264200644}",assumed_next_daily_close,,21,0000004962,,0.024791940429259807,0.006384935470816239,0.10768689946097965,,,,,,,956651b8e2b7a781abf6828e,False,,,,,,bounded_preclose_bid_ask,,,False,not_requested_for_horizon_or_variant,thin_prior_option_volume,ordinary,protective_put,,thin_prior_option_volume,,,False,,H23,3,AXP,,double_cost,0.013447158185583681,14.922809264200644,2024
,,,a98771f482552cb999ff9a0f,time_value,,,1,2,2024-01-05,2024-01-05,,,504,,,2024-01-08,505,False,,,2024-07-30,,,,,,,"{""market_momentum"": 0.024791940429259807, ""market_volatility"": 0.006384935470816239, ""momentum"": 0.10768689946097965, ""volatility"": 0.013447158185583681, ""volume_state"": 14.922809264200644}",assumed_next_daily_close,,21,0000004962,,0.024791940429259807,0.006384935470816239,0.10768689946097965,,,,,,,956651b8e2b7a781abf6828e,False,,,,,,bounded_preclose_bid_ask,,,False,not_requested_for_horizon_or_variant,thin_prior_option_volume,ordinary,protective_put,,thin_prior_option_volume,,,True,,H23,3,AXP,,double_cost,0.013447158185583681,14.922809264200644,2024
,,,a98771f482552cb999ff9a0f,time_value,,,1,2,2024-01-05,2024-01-05,,,504,,,2024-01-08,505,False,,,2024-07-30,,,,,,,"{""market_momentum"": 0.024791940429259807, ""market_volatility"": 0.006384935470816239, ""momentum"": 0.10768689946097965, ""volatility"": 0.013447158185583681, ""volume_state"": 14.922809264200644}",assumed_next_daily_close,,42,0000004962,,0.024791940429259807,0.006384935470816239,0.10768689946097965,,,,,,,956651b8e2b7a781abf6828e,False,,,,,,bounded_preclose_bid_ask,,,False,not_requested_for_horizon_or_variant,thin_prior_option_volume,ordinary,protective_put,,thin_prior_option_volume,,,False,,H23,3,AXP,,double_cost,0.013447158185583681,14.922809264200644,2024
,,,a98771f482552cb999ff9a0f,time_value,,,1,2,2024-01-05,2024-01-05,,,504,,,2024-01-08,505,False,,,2024-07-30,,,,,,,"{""market_momentum"": 0.024791940429259807, ""market_volatility"": 0.006384935470816239, ""momentum"": 0.10768689946097965, ""volatility"": 0.013447158185583681, ""volume_state"": 14.922809264200644}",assumed_next_daily_close,,42,0000004962,,0.024791940429259807,0.006384935470816239,0.10768689946097965,,,,,,,956651b8e2b7a781abf6828e,False,,,,,,bounded_preclose_bid_ask,,,False,not_requested_for_horizon_or_variant,thin_prior_option_volume,ordinary,protective_put,,thin_prior_option_volume,,,True,,H23,3,AXP,,double_cost,0.013447158185583681,14.922809264200644,2024
,,,a98771f482552cb999ff9a0f,time_value,,,1,2,2024-01-05,2024-01-05,,,504,,,2024-01-08,505,False,,,2024-07-30,,,,,,,"{""market_momentum"": 0.024791940429259807, ""market_volatility"": 0.006384935470816239, ""momentum"": 0.10768689946097965, ""volatility"": 0.013447158185583681, ""volume_state"": 14.922809264200644}",assumed_next_daily_close,,63,0000004962,,0.024791940429259807,0.006384935470816239,0.10768689946097965,,,,,,,956651b8e2b7a781abf6828e,False,,,,,,bounded_preclose_bid_ask,,,False,not_requested_for_horizon_or_variant,thin_prior_option_volume,ordinary,protective_put,,thin_prior_option_volume,,,False,,H23,3,AXP,,double_cost,0.013447158185583681,14.922809264200644,2024
,,,a98771f482552cb999ff9a0f,time_value,,,1,2,2024-01-05,2024-01-05,,,504,,,2024-01-08,505,False,,,2024-07-30,,,,,,,"{""market_momentum"": 0.024791940429259807, ""market_volatility"": 0.006384935470816239, ""momentum"": 0.10768689946097965, ""volatility"": 0.013447158185583681, ""volume_state"": 14.922809264200644}",assumed_next_daily_close,,63,0000004962,,0.024791940429259807,0.006384935470816239,0.10768689946097965,,,,,,,956651b8e2b7a781abf6828e,False,,,,,,bounded_preclose_bid_ask,,,False,not_requested_for_horizon_or_variant,thin_prior_option_volume,ordinary,protective_put,,thin_prior_option_volume,,,True,,H23,3,AXP,,double_cost,0.013447158185583681,14.922809264200644,2024
,,,a98771f482552cb999ff9a0f,time_value,,,1,2,2024-01-05,2024-01-05,,,504,,,2024-01-08,505,False,,,2024-07-30,,,,,,,"{""market_momentum"": 0.024791940429259807, ""market_volatility"": 0.006384935470816239, ""momentum"": 0.10768689946097965, ""volatility"": 0.013447158185583681, ""volume_state"": 14.922809264200644}",assumed_next_daily_close,,expiry,0000004962,,0.024791940429259807,0.006384935470816239,0.10768689946097965,,,,,,,956651b8e2b7a781abf6828e,False,,,,,,bounded_preclose_bid_ask,,,False,not_requested_for_horizon_or_variant,thin_prior_option_volume,ordinary,protective_put,,thin_prior_option_volume,,,False,,H23,3,AXP,,double_cost,0.013447158185583681,14.922809264200644,2024
,,,a98771f482552cb999ff9a0f,time_value,,,1,2,2024-01-05,2024-01-05,,,504,,,2024-01-08,505,False,,,2024-07-30,,,,,,,"{""market_momentum"": 0.024791940429259807, ""market_volatility"": 0.006384935470816239, ""momentum"": 0.10768689946097965, ""volatility"": 0.013447158185583681, ""volume_state"": 14.922809264200644}",assumed_next_daily_close,,expiry,0000004962,,0.024791940429259807,0.006384935470816239,0.10768689946097965,,,,,,,956651b8e2b7a781abf6828e,False,,,,,,bounded_preclose_bid_ask,,,False,not_requested_for_horizon_or_variant,thin_prior_option_volume,ordinary,protective_put,,thin_prior_option_volume,,,True,,H23,3,AXP,,double_cost,0.013447158185583681,14.922809264200644,2024
0.04736876683529334,2023-05-05,336,b02295fb01a3799dda86c1db,time_value,104.118,O:AXP231020P00145000,1,2,2023-05-03,2023-05-03,170,0.052230471059720125,334,0.0,0.016821073852563647,2023-05-04,335,True,2023-05-05,336,2023-05-03,155,3997870.0,2023-05-05,scheduled_exit,336,2023-10-20,"{""market_momentum"": -0.007129821146124815, ""market_volatility"": 0.007594922702782506, ""momentum"": -0.0706435462205397, ""volatility"": 0.01512464377087702, ""volume_state"": 14.984411485657267}",assumed_next_daily_close,14881.0,1,0000004962,0,-0.007129821146124815,0.007594922702782506,-0.0706435462205397,-60.27520000000001,-0.00405048047846247,125.15719999999999,10.6,8.45,-215.00000000000003,9cdf4d0394f4dd253a7057bd,True,0.004975124378109453,201,3.5607080425214055e-05,2808430.2,,bounded_preclose_bid_ask,,,False,not_requested_for_horizon_or_variant,,event,protective_put,100,completed,148.81,152.65,False,384.0,H23,3,AXP,229.27519999999998,double_cost,0.01512464377087702,14.984411485657267,2023
0.04736876683529334,2023-05-05,336,b02295fb01a3799dda86c1db,time_value,18.317999999999998,O:AXP231020P00145000,1,2,2023-05-03,2023-05-03,170,0.052230471059720125,334,0.0,0.002400000000000025,2023-05-04,335,True,2023-05-05,336,2023-05-03,155,3997870.0,2023-05-05,scheduled_exit,336,2023-10-20,"{""market_momentum"": -0.007129821146124815, ""market_volatility"": 0.007594922702782506, ""momentum"": -0.0706435462205397, ""volatility"": 0.01512464377087702, ""volume_state"": 14.984411485657267}",assumed_next_daily_close,14881.0,1,0000004962,0,-0.007129821146124815,0.007594922702782506,-0.0706435462205397,347.82480000000004,0.02337375176399436,17.8572,10.6,0.0,-0.0,9cdf4d0394f4dd253a7057bd,True,0.004975124378109453,201,3.5607080425214055e-05,2808430.2,,bounded_preclose_bid_ask,,,False,not_requested_for_horizon_or_variant,,event,protective_put,100,completed,148.81,152.65,True,384.0,H23,3,AXP,36.1752,double_cost,0.01512464377087702,14.984411485657267,2023
0.04736876683529334,2023-05-08,337,b02295fb01a3799dda86c1db,time_value,102.66480000000001,O:AXP231020P00145000,1,2,2023-05-03,2023-05-03,170,0.052230471059720125,334,0.0,0.016821073852563647,2023-05-04,335,True,2023-05-08,337,2023-05-03,155,3997870.0,2023-05-08,scheduled_exit,337,2023-10-20,"{""market_momentum"": -0.007129821146124815, ""market_volatility"": 0.007594922702782506, ""momentum"": -0.0706435462205397, ""volatility"": 0.01512464377087702, ""volume_state"": 14.984411485657267}",assumed_next_daily_close,14881.0,2,0000004962,0,-0.007129821146124815,0.007594922702782506,-0.0706435462205397,-34.82199999999989,-0.0023400309119010745,125.15719999999999,10.6,8.3,-229.9999999999999,9cdf4d0394f4dd253a7057bd,True,0.004975124378109453,201,3.5607080425214055e-05,2808430.2,,bounded_preclose_bid_ask,,,False,not_requested_for_horizon_or_variant,,event,protective_put,100,completed,148.81,153.04,False,423.0,H23,3,AXP,227.822,double_cost,0.01512464377087702,14.984411485657267,2023
0.04736876683529334,2023-05-08,337,b02295fb01a3799dda86c1db,time_value,18.3648,O:AXP231020P00145000,1,2,2023-05-03,2023-05-03,170,0.052230471059720125,334,0.0,0.002400000000000025,2023-05-04,335,True,2023-05-08,337,2023-05-03,155,3997870.0,2023-05-08,scheduled_exit,337,2023-10-20,"{""market_momentum"": -0.007129821146124815, ""market_volatility"": 0.007594922702782506, ""momentum"": -0.0706435462205397, ""volatility"": 0.01512464377087702, ""volume_state"": 14.984411485657267}",assumed_next_daily_close,14881.0,2,0000004962,0,-0.007129821146124815,0.007594922702782506,-0.0706435462205397,386.778,0.02599139842752503,17.8572,10.6,0.0,-0.0,9cdf4d0394f4dd253a7057bd,True,0.004975124378109453,201,3.5607080425214055e-05,2808430.2,,bounded_preclose_bid_ask,,,False,not_requested_for_horizon_or_variant,,event,protective_put,100,completed,148.81,153.04,True,423.0,H23,3,AXP,36.221999999999994,double_cost,0.01512464377087702,14.984411485657267,2023
0.04736876683529334,2023-05-09,338,b02295fb01a3799dda86c1db,time_value,96.10560000000001,O:AXP231020P00145000,1,2,2023-05-03,2023-05-03,170,0.052230471059720125,334,0.0,0.016821073852563647,2023-05-04,335,True,2023-05-09,338,2023-05-03,155,3997870.0,2023-05-09,scheduled_exit,338,2023-10-20,"{""market_momentum"": -0.007129821146124815, ""market_volatility"": 0.007594922702782506, ""momentum"": -0.0706435462205397, ""volatility"": 0.01512464377087702, ""volume_state"": 14.984411485657267}",assumed_next_daily_close,14881.0,3,0000004962,0,-0.007129821146124815,0.007594922702782506,-0.0706435462205397,-60.2628,-0.004049647201128956,125.15719999999999,10.6,7.64,-296.0,9cdf4d0394f4dd253a7057bd,True,0.004975124378109453,201,3.5607080425214055e-05,2808430.2,,bounded_preclose_bid_ask,,,False,not_requested_for_horizon_or_variant,,event,protective_put,100,completed,148.81,153.38,False,457.0,H23,3,AXP,221.2628,double_cost,0.01512464377087702,14.984411485657267,2023
0.04736876683529334,2023-05-09,338,b02295fb01a3799dda86c1db,time_value,18.4056,O:AXP231020P00145000,1,2,2023-05-03,2023-05-03,170,0.052230471059720125,334,0.0,0.002400000000000025,2023-05-04,335,True,2023-05-09,338,2023-05-03,155,3997870.0,2023-05-09,scheduled_exit,338,2023-10-20,"{""market_momentum"": -0.007129821146124815, ""market_volatility"": 0.007594922702782506, ""momentum"": -0.0706435462205397, ""volatility"": 0.01512464377087702, ""volume_state"": 14.984411485657267}",assumed_next_daily_close,14881.0,3,0000004962,0,-0.007129821146124815,0.007594922702782506,-0.0706435462205397,420.73720000000003,0.028273449364962035,17.8572,10.6,0.0,-0.0,9cdf4d0394f4dd253a7057bd,True,0.004975124378109453,201,3.5607080425214055e-05,2808430.2,,bounded_preclose_bid_ask,,,False,not_requested_for_horizon_or_variant,,event,protective_put,100,completed,148.81,153.38,True,457.0,H23,3,AXP,36.2628,double_cost,0.01512464377087702,14.984411485657267,2023
0.04736876683529334,2023-05-11,340,b02295fb01a3799dda86c1db,time_value,117.55879999999999,O:AXP231020P00145000,1,2,2023-05-03,2023-05-03,170,0.052230471059720125,334,0.0,0.026860829245346416,2023-05-04,335,True,2023-05-11,340,2023-05-03,155,3997870.0,2023-05-11,scheduled_exit,340,2023-10-20,"{""market_momentum"": -0.007129821146124815, ""market_volatility"": 0.007594922702782506, ""momentum"": -0.0706435462205397, ""volatility"": 0.01512464377087702, ""volume_state"": 14.984411485657267}",assumed_next_daily_close,14881.0,5,0000004962,0,-0.007129821146124815,0.007594922702782506,-0.0706435462205397,-399.716,-0.026860829245346416,125.15719999999999,10.6,9.85,-75.0,9cdf4d0394f4dd253a7057bd,True,0.004975124378109453,201,3.5607080425214055e-05,2808430.2,,bounded_preclose_bid_ask,,,False,not_requested_for_horizon_or_variant,,event,protective_put,100,completed,148.81,147.99,False,-82.0,H23,3,AXP,242.71599999999998,double_cost,0.01512464377087702,14.984411485657267,2023
0.04736876683529334,2023-05-11,340,b02295fb01a3799dda86c1db,time_value,17.758799999999997,O:AXP231020P00145000,1,2,2023-05-03,2023-05-03,170,0.052230471059720125,334,0.0,0.007903769907936295,2023-05-04,335,True,2023-05-11,340,2023-05-03,155,3997870.0,2023-05-11,scheduled_exit,340,2023-10-20,"{""market_momentum"": -0.007129821146124815, ""market_volatility"": 0.007594922702782506, ""momentum"": -0.0706435462205397, ""volatility"": 0.01512464377087702, ""volume_state"": 14.984411485657267}",assumed_next_daily_close,14881.0,5,0000004962,0,-0.007129821146124815,0.007594922702782506,-0.0706435462205397,-117.616,-0.007903769907936295,17.8572,10.6,0.0,-0.0,9cdf4d0394f4dd253a7057bd,True,0.004975124378109453,201,3.5607080425214055e-05,2808430.2,,bounded_preclose_bid_ask,,,False,not_requested_for_horizon_or_variant,,event,protective_put,100,completed,148.81,147.99,True,-82.0,H23,3,AXP,35.616,double_cost,0.01512464377087702,14.984411485657267,2023
0.04736876683529334,2023-05-18,345,b02295fb01a3799dda86c1db,time_value,87.9176,O:AXP231020P00145000,1,2,2023-05-03,2023-05-03,170,0.052230471059720125,334,0.0,0.03208563940595388,2023-05-04,335,True,2023-05-18,345,2023-05-03,155,3997870.0,2023-05-18,scheduled_exit,345,2023-10-20,"{""market_momentum"": -0.007129821146124815, ""market_volatility"": 0.007594922702782506, ""momentum"": -0.0706435462205397, ""volatility"": 0.01512464377087702, ""volume_state"": 14.984411485657267}",assumed_next_daily_close,14881.0,10,0000004962,0,-0.007129821146124815,0.007594922702782506,-0.0706435462205397,-124.07480000000174,-0.008337799879040503,125.15719999999999,10.6,6.82,-377.99999999999994,9cdf4d0394f4dd253a7057bd,True,0.004975124378109453,201,3.5607080425214055e-05,2808430.2,,bounded_preclose_bid_ask,,,False,not_requested_for_horizon_or_variant,,event,protective_put,100,completed,148.81,153.48,False,466.9999999999982,H23,3,AXP,213.07479999999998,double_cost,0.01512464377087702,14.984411485657267,2023
0.04736876683529334,2023-05-18,345,b02295fb01a3799dda86c1db,time_value,18.417599999999997,O:AXP231020P00145000,1,2,2023-05-03,2023-05-03,170,0.052230471059720125,334,0.0,0.008306484779248731,2023-05-04,335,True,2023-05-18,345,2023-05-03,155,3997870.0,2023-05-18,scheduled_exit,345,2023-10-20,"{""market_momentum"": -0.007129821146124815, ""market_volatility"": 0.007594922702782506, ""momentum"": -0.0706435462205397, ""volatility"": 0.01512464377087702, ""volume_state"": 14.984411485657267}",assumed_next_daily_close,14881.0,10,0000004962,0,-0.007129821146124815,0.007594922702782506,-0.0706435462205397,430.7251999999982,0.028944640817149266,17.8572,10.6,0.0,-0.0,9cdf4d0394f4dd253a7057bd,True,0.004975124378109453,201,3.5607080425214055e-05,2808430.2,,bounded_preclose_bid_ask,,,False,not_requested_for_horizon_or_variant,,event,protective_put,100,completed,148.81,153.48,True,466.9999999999982,H23,3,AXP,36.2748,double_cost,0.01512464377087702,14.984411485657267,2023
0.04736876683529334,2023-06-05,356,b02295fb01a3799dda86c1db,time_value,55.8916,O:AXP231020P00145000,1,2,2023-05-03,2023-05-03,170,0.052230471059720125,334,0.0,0.03208563940595388,2023-05-04,335,True,2023-06-05,356,2023-05-03,155,3997870.0,2023-06-05,scheduled_exit,356,2023-10-20,"{""market_momentum"": -0.007129821146124815, ""market_volatility"": 0.007594922702782506, ""momentum"": -0.0706435462205397, ""volatility"": 0.01512464377087702, ""volume_state"": 14.984411485657267}",assumed_next_daily_close,14881.0,21,0000004962,0,-0.007129821146124815,0.007594922702782506,-0.0706435462205397,965.9512,0.06491171292251864,125.15719999999999,10.6,3.45,-715.0,9cdf4d0394f4dd253a7057bd,True,0.004975124378109453,201,3.5607080425214055e-05,2808430.2,,bounded_preclose_bid_ask,,,False,not_requested_for_horizon_or_variant,,event,protective_put,100,completed,148.81,167.43,False,1862.0,H23,3,AXP,181.04879999999997,double_cost,0.01512464377087702,14.984411485657267,2023
0.04736876683529334,2023-06-05,356,b02295fb01a3799dda86c1db,time_value,20.0916,O:AXP231020P00145000,1,2,2023-05-03,2023-05-03,170,0.052230471059720125,334,0.0,0.008306484779248731,2023-05-04,335,True,2023-06-05,356,2023-05-03,155,3997870.0,2023-06-05,scheduled_exit,356,2023-10-20,"{""market_momentum"": -0.007129821146124815, ""market_volatility"": 0.007594922702782506, ""momentum"": -0.0706435462205397, ""volatility"": 0.01512464377087702, ""volume_state"": 14.984411485657267}",assumed_next_daily_close,14881.0,21,0000004962,0,-0.007129821146124815,0.007594922702782506,-0.0706435462205397,1824.0512,0.12257584839728514,17.8572,10.6,0.0,-0.0,9cdf4d0394f4dd253a7057bd,True,0.004975124378109453,201,3.5607080425214055e-05,2808430.2,,bounded_preclose_bid_ask,,,False,not_requested_for_horizon_or_variant,,event,protective_put,100,completed,148.81,167.43,True,1862.0,H23,3,AXP,37.9488,double_cost,0.01512464377087702,14.984411485657267,2023
0.04736876683529334,2023-07-06,377,b02295fb01a3799dda86c1db,time_value,43.61280000000001,O:AXP231020P00145000,1,2,2023-05-03,2023-05-03,170,0.052230471059720125,334,60.0,,2023-05-04,335,True,2023-07-06,377,2023-05-03,155,3997870.0,2023-07-06,scheduled_exit,377,2023-10-20,"{""market_momentum"": -0.007129821146124815, ""market_volatility"": 0.007594922702782506, ""momentum"": -0.0706435462205397, ""volatility"": 0.01512464377087702, ""volume_state"": 14.984411485657267}",assumed_next_daily_close,14881.0,42,0000004962,1,-0.007129821146124815,0.007594922702782506,-0.0706435462205397,1262.2299999999998,0.08482158457092936,125.15719999999999,10.6,2.18,-842.0,9cdf4d0394f4dd253a7057bd,False,0.004975124378109453,201,3.5607080425214055e-05,2808430.2,,bounded_preclose_bid_ask,,,False,not_requested_for_horizon_or_variant,,event,protective_put,100,completed,148.81,170.94,False,2213.0,H23,3,AXP,168.76999999999998,double_cost,0.01512464377087702,14.984411485657267,2023
0.04736876683529334,2023-07-06,377,b02295fb01a3799dda86c1db,time_value,20.5128,O:AXP231020P00145000,1,2,2023-05-03,2023-05-03,170,0.052230471059720125,334,60.0,0.008306484779248731,2023-05-04,335,True,2023-07-06,377,2023-05-03,155,3997870.0,2023-07-06,scheduled_exit,377,2023-10-20,"{""market_momentum"": -0.007129821146124815, ""market_volatility"": 0.007594922702782506, ""momentum"": -0.0706435462205397, ""volatility"": 0.01512464377087702, ""volume_state"": 14.984411485657267}",assumed_next_daily_close,14881.0,42,0000004962,0,-0.007129821146124815,0.007594922702782506,-0.0706435462205397,2234.63,0.15016665546670252,17.8572,10.6,0.0,-0.0,9cdf4d0394f4dd253a7057bd,True,0.004975124378109453,201,3.5607080425214055e-05,2808430.2,,bounded_preclose_bid_ask,,,False,not_requested_for_horizon_or_variant,,event,protective_put,100,completed,148.81,170.94,True,2213.0,H23,3,AXP,38.37,double_cost,0.01512464377087702,14.984411485657267,2023
0.04736876683529334,2023-08-04,398,b02295fb01a3799dda86c1db,time_value,36.949200000000005,O:AXP231020P00145000,1,2,2023-05-03,2023-05-03,170,0.052230471059720125,334,60.0,,2023-05-04,335,True,2023-08-04,398,2023-05-03,155,3997870.0,2023-08-04,scheduled_exit,398,2023-10-20,"{""market_momentum"": -0.007129821146124815, ""market_volatility"": 0.007594922702782506, ""momentum"": -0.0706435462205397, ""volatility"": 0.01512464377087702, ""volume_state"": 14.984411485657267}",assumed_next_daily_close,14881.0,63,0000004962,1,-0.007129821146124815,0.007594922702782506,-0.0706435462205397,655.8936,0.04407590887709159,125.15719999999999,10.6,1.58,-902.0,9cdf4d0394f4dd253a7057bd,False,0.004975124378109453,201,3.5607080425214055e-05,2808430.2,,bounded_preclose_bid_ask,,,False,not_requested_for_horizon_or_variant,,event,protective_put,100,completed,148.81,165.41,False,1660.0,H23,3,AXP,162.1064,double_cost,0.01512464377087702,14.984411485657267,2023
0.04736876683529334,2023-08-04,398,b02295fb01a3799dda86c1db,time_value,19.8492,O:AXP231020P00145000,1,2,2023-05-03,2023-05-03,170,0.052230471059720125,334,60.0,0.008306484779248731,2023-05-04,335,True,2023-08-04,398,2023-05-03,155,3997870.0,2023-08-04,scheduled_exit,398,2023-10-20,"{""market_momentum"": -0.007129821146124815, ""market_volatility"": 0.007594922702782506, ""momentum"": -0.0706435462205397, ""volatility"": 0.01512464377087702, ""volume_state"": 14.984411485657267}",assumed_next_daily_close,14881.0,63,0000004962,0,-0.007129821146124815,0.007594922702782506,-0.0706435462205397,1682.2936,0.11304976816074189,17.8572,10.6,0.0,-0.0,9cdf4d0394f4dd253a7057bd,True,0.004975124378109453,201,3.5607080425214055e-05,2808430.2,,bounded_preclose_bid_ask,,,False,not_requested_for_horizon_or_variant,,event,protective_put,100,completed,148.81,165.41,True,1660.0,H23,3,AXP,37.7064,double_cost,0.01512464377087702,14.984411485657267,2023
0.04736876683529334,2023-10-20,452,b02295fb01a3799dda86c1db,time_value,18.7,O:AXP231020P00145000,1,2,2023-05-03,2023-05-03,170,0.052230471059720125,334,120.0,,2023-05-04,335,True,2023-10-20,452,2023-05-03,155,3997870.0,2023-10-20,modelled_physical_expiry,452,2023-10-20,"{""market_momentum"": -0.007129821146124815, ""market_volatility"": 0.007594922702782506, ""momentum"": -0.0706435462205397, ""volatility"": 0.01512464377087702, ""volume_state"": 14.984411485657267}",assumed_next_daily_close,14881.0,expiry,0000004962,1,-0.007129821146124815,0.007594922702782506,-0.0706435462205397,-1464.8572000000001,-0.09843808883811572,125.15719999999999,10.6,0.0,-1060.0,9cdf4d0394f4dd253a7057bd,False,0.004975124378109453,201,3.5607080425214055e-05,2808430.2,,bounded_preclose_bid_ask,,,False,not_requested_for_horizon_or_variant,,event,protective_put,100,completed,148.81,145.0,False,-381.0,H23,3,AXP,143.85719999999998,double_cost,0.01512464377087702,14.984411485657267,2023
0.04736876683529334,2023-10-20,452,b02295fb01a3799dda86c1db,time_value,16.9884,O:AXP231020P00145000,1,2,2023-05-03,2023-05-03,170,0.052230471059720125,334,120.0,0.042930286943081784,2023-05-04,335,True,2023-10-20,452,2023-05-03,155,3997870.0,2023-10-20,scheduled_exit,452,2023-10-20,"{""market_momentum"": -0.007129821146124815, ""market_volatility"": 0.007594922702782506, ""momentum"": -0.0706435462205397, ""volatility"": 0.01512464377087702, ""volume_state"": 14.984411485657267}",assumed_next_daily_close,14881.0,expiry,0000004962,0,-0.007129821146124815,0.007594922702782506,-0.0706435462205397,-638.8456,-0.042930286943081784,17.8572,10.6,0.0,-0.0,9cdf4d0394f4dd253a7057bd,True,0.004975124378109453,201,3.5607080425214055e-05,2808430.2,,bounded_preclose_bid_ask,,,False,not_requested_for_horizon_or_variant,,event,protective_put,100,completed,148.81,141.57,True,-724.0,H23,3,AXP,34.8456,double_cost,0.01512464377087702,14.984411485657267,2023
,,,b47cb2fc8cd8ae768e8a8e05,time_value,,,1,2,2024-09-16,2024-09-16,,,678,,,2024-09-17,679,False,,,2025-02-03,,,,,,,"{""market_momentum"": 0.017665033359249183, ""market_volatility"": 0.008408151517643481, ""momentum"": 0.0464529058116232, ""volatility"": 0.01640720203070698, ""volume_state"": 14.770920202938466}",assumed_next_daily_close,,1,0000004962,,0.017665033359249183,0.008408151517643481,0.0464529058116232,,,,,,,578221006b234f3d17eb9f93,False,,,,,,bounded_preclose_bid_ask,,,False,not_requested_for_horizon_or_variant,thin_prior_option_volume,ordinary,protective_put,,thin_prior_option_volume,,,False,,H23,3,AXP,,double_cost,0.01640720203070698,14.770920202938466,2024
,,,b47cb2fc8cd8ae768e8a8e05,time_value,,,1,2,2024-09-16,2024-09-16,,,678,,,2024-09-17,679,False,,,2025-02-03,,,,,,,"{""market_momentum"": 0.017665033359249183, ""market_volatility"": 0.008408151517643481, ""momentum"": 0.0464529058116232, ""volatility"": 0.01640720203070698, ""volume_state"": 14.770920202938466}",assumed_next_daily_close,,1,0000004962,,0.017665033359249183,0.008408151517643481,0.0464529058116232,,,,,,,578221006b234f3d17eb9f93,False,,,,,,bounded_preclose_bid_ask,,,False,not_requested_for_horizon_or_variant,thin_prior_option_volume,ordinary,protective_put,,thin_prior_option_volume,,,True,,H23,3,AXP,,double_cost,0.01640720203070698,14.770920202938466,2024
,,,b47cb2fc8cd8ae768e8a8e05,time_value,,,1,2,2024-09-16,2024-09-16,,,678,,,2024-09-17,679,False,,,2025-02-03,,,,,,,"{""market_momentum"": 0.017665033359249183, ""market_volatility"": 0.008408151517643481, ""momentum"": 0.0464529058116232, ""volatility"": 0.01640720203070698, ""volume_state"": 14.770920202938466}",assumed_next_daily_close,,2,0000004962,,0.017665033359249183,0.008408151517643481,0.0464529058116232,,,,,,,578221006b234f3d17eb9f93,False,,,,,,bounded_preclose_bid_ask,,,False,not_requested_for_horizon_or_variant,thin_prior_option_volume,ordinary,protective_put,,thin_prior_option_volume,,,False,,H23,3,AXP,,double_cost,0.01640720203070698,14.770920202938466,2024
,,,b47cb2fc8cd8ae768e8a8e05,time_value,,,1,2,2024-09-16,2024-09-16,,,678,,,2024-09-17,679,False,,,2025-02-03,,,,,,,"{""market_momentum"": 0.017665033359249183, ""market_volatility"": 0.008408151517643481, ""momentum"": 0.0464529058116232, ""volatility"": 0.01640720203070698, ""volume_state"": 14.770920202938466}",assumed_next_daily_close,,2,0000004962,,0.017665033359249183,0.008408151517643481,0.0464529058116232,,,,,,,578221006b234f3d17eb9f93,False,,,,,,bounded_preclose_bid_ask,,,False,not_requested_for_horizon_or_variant,thin_prior_option_volume,ordinary,protective_put,,thin_prior_option_volume,,,True,,H23,3,AXP,,double_cost,0.01640720203070698,14.770920202938466,2024
,,,b47cb2fc8cd8ae768e8a8e05,time_value,,,1,2,2024-09-16,2024-09-16,,,678,,,2024-09-17,679,False,,,2025-02-03,,,,,,,"{""market_momentum"": 0.017665033359249183, ""market_volatility"": 0.008408151517643481, ""momentum"": 0.0464529058116232, ""volatility"": 0.01640720203070698, ""volume_state"": 14.770920202938466}",assumed_next_daily_close,,3,0000004962,,0.017665033359249183,0.008408151517643481,0.0464529058116232,,,,,,,578221006b234f3d17eb9f93,False,,,,,,bounded_preclose_bid_ask,,,False,not_requested_for_horizon_or_variant,thin_prior_option_volume,ordinary,protective_put,,thin_prior_option_volume,,,False,,H23,3,AXP,,double_cost,0.01640720203070698,14.770920202938466,2024
,,,b47cb2fc8cd8ae768e8a8e05,time_value,,,1,2,2024-09-16,2024-09-16,,,678,,,2024-09-17,679,False,,,2025-02-03,,,,,,,"{""market_momentum"": 0.017665033359249183, ""market_volatility"": 0.008408151517643481, ""momentum"": 0.0464529058116232, ""volatility"": 0.01640720203070698, ""volume_state"": 14.770920202938466}",assumed_next_daily_close,,3,0000004962,,0.017665033359249183,0.008408151517643481,0.0464529058116232,,,,,,,578221006b234f3d17eb9f93,False,,,,,,bounded_preclose_bid_ask,,,False,not_requested_for_horizon_or_variant,thin_prior_option_volume,ordinary,protective_put,,thin_prior_option_volume,,,True,,H23,3,AXP,,double_cost,0.01640720203070698,14.770920202938466,2024
,,,b47cb2fc8cd8ae768e8a8e05,time_value,,,1,2,2024-09-16,2024-09-16,,,678,,,2024-09-17,679,False,,,2025-02-03,,,,,,,"{""market_momentum"": 0.017665033359249183, ""market_volatility"": 0.008408151517643481, ""momentum"": 0.0464529058116232, ""volatility"": 0.01640720203070698, ""volume_state"": 14.770920202938466}",assumed_next_daily_close,,5,0000004962,,0.017665033359249183,0.008408151517643481,0.0464529058116232,,,,,,,578221006b234f3d17eb9f93,False,,,,,,bounded_preclose_bid_ask,,,False,not_requested_for_horizon_or_variant,thin_prior_option_volume,ordinary,protective_put,,thin_prior_option_volume,,,False,,H23,3,AXP,,double_cost,0.01640720203070698,14.770920202938466,2024
,,,b47cb2fc8cd8ae768e8a8e05,time_value,,,1,2,2024-09-16,2024-09-16,,,678,,,2024-09-17,679,False,,,2025-02-03,,,,,,,"{""market_momentum"": 0.017665033359249183, ""market_volatility"": 0.008408151517643481, ""momentum"": 0.0464529058116232, ""volatility"": 0.01640720203070698, ""volume_state"": 14.770920202938466}",assumed_next_daily_close,,5,0000004962,,0.017665033359249183,0.008408151517643481,0.0464529058116232,,,,,,,578221006b234f3d17eb9f93,False,,,,,,bounded_preclose_bid_ask,,,False,not_requested_for_horizon_or_variant,thin_prior_option_volume,ordinary,protective_put,,thin_prior_option_volume,,,True,,H23,3,AXP,,double_cost,0.01640720203070698,14.770920202938466,2024
,,,b47cb2fc8cd8ae768e8a8e05,time_value,,,1,2,2024-09-16,2024-09-16,,,678,,,2024-09-17,679,False,,,2025-02-03,,,,,,,"{""market_momentum"": 0.017665033359249183, ""market_volatility"": 0.008408151517643481, ""momentum"": 0.0464529058116232, ""volatility"": 0.01640720203070698, ""volume_state"": 14.770920202938466}",assumed_next_daily_close,,10,0000004962,,0.017665033359249183,0.008408151517643481,0.0464529058116232,,,,,,,578221006b234f3d17eb9f93,False,,,,,,bounded_preclose_bid_ask,,,False,not_requested_for_horizon_or_variant,thin_prior_option_volume,ordinary,protective_put,,thin_prior_option_volume,,,False,,H23,3,AXP,,double_cost,0.01640720203070698,14.770920202938466,2024
,,,b47cb2fc8cd8ae768e8a8e05,time_value,,,1,2,2024-09-16,2024-09-16,,,678,,,2024-09-17,679,False,,,2025-02-03,,,,,,,"{""market_momentum"": 0.017665033359249183, ""market_volatility"": 0.008408151517643481, ""momentum"": 0.0464529058116232, ""volatility"": 0.01640720203070698, ""volume_state"": 14.770920202938466}",assumed_next_daily_close,,10,0000004962,,0.017665033359249183,0.008408151517643481,0.0464529058116232,,,,,,,578221006b234f3d17eb9f93,False,,,,,,bounded_preclose_bid_ask,,,False,not_requested_for_horizon_or_variant,thin_prior_option_volume,ordinary,protective_put,,thin_prior_option_volume,,,True,,H23,3,AXP,,double_cost,0.01640720203070698,14.770920202938466,2024
,,,b47cb2fc8cd8ae768e8a8e05,time_value,,,1,2,2024-09-16,2024-09-16,,,678,,,2024-09-17,679,False,,,2025-02-03,,,,,,,"{""market_momentum"": 0.017665033359249183, ""market_volatility"": 0.008408151517643481, ""momentum"": 0.0464529058116232, ""volatility"": 0.01640720203070698, ""volume_state"": 14.770920202938466}",assumed_next_daily_close,,21,0000004962,,0.017665033359249183,0.008408151517643481,0.0464529058116232,,,,,,,578221006b234f3d17eb9f93,False,,,,,,bounded_preclose_bid_ask,,,False,not_requested_for_horizon_or_variant,thin_prior_option_volume,ordinary,protective_put,,thin_prior_option_volume,,,False,,H23,3,AXP,,double_cost,0.01640720203070698,14.770920202938466,2024
,,,b47cb2fc8cd8ae768e8a8e05,time_value,,,1,2,2024-09-16,2024-09-16,,,678,,,2024-09-17,679,False,,,2025-02-03,,,,,,,"{""market_momentum"": 0.017665033359249183, ""market_volatility"": 0.008408151517643481, ""momentum"": 0.0464529058116232, ""volatility"": 0.01640720203070698, ""volume_state"": 14.770920202938466}",assumed_next_daily_close,,21,0000004962,,0.017665033359249183,0.008408151517643481,0.0464529058116232,,,,,,,578221006b234f3d17eb9f93,False,,,,,,bounded_preclose_bid_ask,,,False,not_requested_for_horizon_or_variant,thin_prior_option_volume,ordinary,protective_put,,thin_prior_option_volume,,,True,,H23,3,AXP,,double_cost,0.01640720203070698,14.770920202938466,2024
,,,b47cb2fc8cd8ae768e8a8e05,time_value,,,1,2,2024-09-16,2024-09-16,,,678,,,2024-09-17,679,False,,,2025-02-03,,,,,,,"{""market_momentum"": 0.017665033359249183, ""market_volatility"": 0.008408151517643481, ""momentum"": 0.0464529058116232, ""volatility"": 0.01640720203070698, ""volume_state"": 14.770920202938466}",assumed_next_daily_close,,42,0000004962,,0.017665033359249183,0.008408151517643481,0.0464529058116232,,,,,,,578221006b234f3d17eb9f93,False,,,,,,bounded_preclose_bid_ask,,,False,not_requested_for_horizon_or_variant,thin_prior_option_volume,ordinary,protective_put,,thin_prior_option_volume,,,False,,H23,3,AXP,,double_cost,0.01640720203070698,14.770920202938466,2024
,,,b47cb2fc8cd8ae768e8a8e05,time_value,,,1,2,2024-09-16,2024-09-16,,,678,,,2024-09-17,679,False,,,2025-02-03,,,,,,,"{""market_momentum"": 0.017665033359249183, ""market_volatility"": 0.008408151517643481, ""momentum"": 0.0464529058116232, ""volatility"": 0.01640720203070698, ""volume_state"": 14.770920202938466}",assumed_next_daily_close,,42,0000004962,,0.017665033359249183,0.008408151517643481,0.0464529058116232,,,,,,,578221006b234f3d17eb9f93,False,,,,,,bounded_preclose_bid_ask,,,False,not_requested_for_horizon_or_variant,thin_prior_option_volume,ordinary,protective_put,,thin_prior_option_volume,,,True,,H23,3,AXP,,double_cost,0.01640720203070698,14.770920202938466,2024
,,,b47cb2fc8cd8ae768e8a8e05,time_value,,,1,2,2024-09-16,2024-09-16,,,678,,,2024-09-17,679,False,,,2025-02-03,,,,,,,"{""market_momentum"": 0.017665033359249183, ""market_volatility"": 0.008408151517643481, ""momentum"": 0.0464529058116232, ""volatility"": 0.01640720203070698, ""volume_state"": 14.770920202938466}",assumed_next_daily_close,,63,0000004962,,0.017665033359249183,0.008408151517643481,0.0464529058116232,,,,,,,578221006b234f3d17eb9f93,False,,,,,,bounded_preclose_bid_ask,,,False,not_requested_for_horizon_or_variant,thin_prior_option_volume,ordinary,protective_put,,thin_prior_option_volume,,,False,,H23,3,AXP,,double_cost,0.01640720203070698,14.770920202938466,2024
,,,b47cb2fc8cd8ae768e8a8e05,time_value,,,1,2,2024-09-16,2024-09-16,,,678,,,2024-09-17,679,False,,,2025-02-03,,,,,,,"{""market_momentum"": 0.017665033359249183, ""market_volatility"": 0.008408151517643481, ""momentum"": 0.0464529058116232, ""volatility"": 0.01640720203070698, ""volume_state"": 14.770920202938466}",assumed_next_daily_close,,63,0000004962,,0.017665033359249183,0.008408151517643481,0.0464529058116232,,,,,,,578221006b234f3d17eb9f93,False,,,,,,bounded_preclose_bid_ask,,,False,not_requested_for_horizon_or_variant,thin_prior_option_volume,ordinary,protective_put,,thin_prior_option_volume,,,True,,H23,3,AXP,,double_cost,0.01640720203070698,14.770920202938466,2024
,,,b47cb2fc8cd8ae768e8a8e05,time_value,,,1,2,2024-09-16,2024-09-16,,,678,,,2024-09-17,679,False,,,2025-02-03,,,,,,,"{""market_momentum"": 0.017665033359249183, ""market_volatility"": 0.008408151517643481, ""momentum"": 0.0464529058116232, ""volatility"": 0.01640720203070698, ""volume_state"": 14.770920202938466}",assumed_next_daily_close,,expiry,0000004962,,0.017665033359249183,0.008408151517643481,0.0464529058116232,,,,,,,578221006b234f3d17eb9f93,False,,,,,,bounded_preclose_bid_ask,,,False,not_requested_for_horizon_or_variant,thin_prior_option_volume,ordinary,protective_put,,thin_prior_option_volume,,,False,,H23,3,AXP,,double_cost,0.01640720203070698,14.770920202938466,2024
,,,b47cb2fc8cd8ae768e8a8e05,time_value,,,1,2,2024-09-16,2024-09-16,,,678,,,2024-09-17,679,False,,,2025-02-03,,,,,,,"{""market_momentum"": 0.017665033359249183, ""market_volatility"": 0.008408151517643481, ""momentum"": 0.0464529058116232, ""volatility"": 0.01640720203070698, ""volume_state"": 14.770920202938466}",assumed_next_daily_close,,expiry,0000004962,,0.017665033359249183,0.008408151517643481,0.0464529058116232,,,,,,,578221006b234f3d17eb9f93,False,,,,,,bounded_preclose_bid_ask,,,False,not_requested_for_horizon_or_variant,thin_prior_option_volume,ordinary,protective_put,,thin_prior_option_volume,,,True,,H23,3,AXP,,double_cost,0.01640720203070698,14.770920202938466,2024
0.043651874035756544,2025-03-28,811,b5f9034328ea8910f3011d91,time_value,74.68639999999999,O:AMD250718C00115000,1,2,2025-03-26,2025-03-26,114,0.08303838823849714,809,0.0,0.03650111579934364,2025-03-27,810,True,2025-03-28,811,2025-03-26,116,32773714.0,2025-03-28,scheduled_exit,811,2025-07-18,"{""market_momentum"": -0.04316437802907913, ""market_volatility"": 0.013089707290464835, ""momentum"": 0.05992689495959991, ""volatility"": 0.02922169279562864, ""volume_state"": 17.38886569546928}",assumed_next_daily_close,10665.0,1,0000002488,0,-0.04316437802907913,0.013089707290464835,0.05992689495959991,-389.28439999999995,-0.03650111579934364,86.598,7.25,6.1,115.00000000000003,ee18e6990f1758a14789ca09,True,0.0008051529790660225,1242,2.901127565004376e-06,34469356.4,,bounded_preclose_bid_ask,,,False,not_requested_for_horizon_or_variant,,event,covered_call,100,completed,106.65,103.22,False,-343.0,H23,3,AMD,161.2844,double_cost,0.02922169279562864,17.38886569546928,2025
0.043651874035756544,2025-03-28,811,b5f9034328ea8910f3011d91,time_value,12.386399999999998,O:AMD250718C00115000,1,2,2025-03-26,2025-03-26,114,0.08303838823849714,809,0.0,0.034522681669010784,2025-03-27,810,True,2025-03-28,811,2025-03-26,116,32773714.0,2025-03-28,scheduled_exit,811,2025-07-18,"{""market_momentum"": -0.04316437802907913, ""market_volatility"": 0.013089707290464835, ""momentum"": 0.05992689495959991, ""volatility"": 0.02922169279562864, ""volume_state"": 17.38886569546928}",assumed_next_daily_close,10665.0,1,0000002488,0,-0.04316437802907913,0.013089707290464835,0.05992689495959991,-368.1844,-0.034522681669010784,12.797999999999998,7.25,0.0,-0.0,ee18e6990f1758a14789ca09,True,0.0008051529790660225,1242,2.901127565004376e-06,34469356.4,,bounded_preclose_bid_ask,,,False,not_requested_for_horizon_or_variant,,event,covered_call,100,completed,106.65,103.22,True,-343.0,H23,3,AMD,25.184399999999997,double_cost,0.02922169279562864,17.38886569546928,2025
0.043651874035756544,2025-03-31,812,b5f9034328ea8910f3011d91,time_value,68.9288,O:AMD250718C00115000,1,2,2025-03-26,2025-03-26,114,0.08303838823849714,809,0.0,0.03650111579934364,2025-03-27,810,True,2025-03-31,812,2025-03-26,116,32773714.0,2025-03-31,scheduled_exit,812,2025-07-18,"{""market_momentum"": -0.04316437802907913, ""market_volatility"": 0.013089707290464835, ""momentum"": 0.05992689495959991, ""volatility"": 0.02922169279562864, ""volume_state"": 17.38886569546928}",assumed_next_daily_close,10665.0,2,0000002488,0,-0.04316437802907913,0.013089707290464835,0.05992689495959991,-374.5268,-0.03511737458977965,86.598,7.25,5.53,171.99999999999997,ee18e6990f1758a14789ca09,True,0.0008051529790660225,1242,2.901127565004376e-06,34469356.4,,bounded_preclose_bid_ask,,,False,not_requested_for_horizon_or_variant,,event,covered_call,100,completed,106.65,102.74,False,-391.0,H23,3,AMD,155.52679999999998,double_cost,0.02922169279562864,17.38886569546928,2025
0.043651874035756544,2025-03-31,812,b5f9034328ea8910f3011d91,time_value,12.3288,O:AMD250718C00115000,1,2,2025-03-26,2025-03-26,114,0.08303838823849714,809,0.0,0.03901798406000938,2025-03-27,810,True,2025-03-31,812,2025-03-26,116,32773714.0,2025-03-31,scheduled_exit,812,2025-07-18,"{""market_momentum"": -0.04316437802907913, ""market_volatility"": 0.013089707290464835, ""momentum"": 0.05992689495959991, ""volatility"": 0.02922169279562864, ""volume_state"": 17.38886569546928}",assumed_next_daily_close,10665.0,2,0000002488,0,-0.04316437802907913,0.013089707290464835,0.05992689495959991,-416.1268,-0.03901798406000938,12.797999999999998,7.25,0.0,-0.0,ee18e6990f1758a14789ca09,True,0.0008051529790660225,1242,2.901127565004376e-06,34469356.4,,bounded_preclose_bid_ask,,,False,not_requested_for_horizon_or_variant,,event,covered_call,100,completed,106.65,102.74,True,-391.0,H23,3,AMD,25.126799999999996,double_cost,0.02922169279562864,17.38886569546928,2025
0.043651874035756544,2025-04-01,813,b5f9034328ea8910f3011d91,time_value,67.1336,O:AMD250718C00115000,1,2,2025-03-26,2025-03-26,114,0.08303838823849714,809,0.0,0.03650111579934364,2025-03-27,810,True,2025-04-01,813,2025-03-26,116,32773714.0,2025-04-01,scheduled_exit,813,2025-07-18,"{""market_momentum"": -0.04316437802907913, ""market_volatility"": 0.013089707290464835, ""momentum"": 0.05992689495959991, ""volatility"": 0.02922169279562864, ""volume_state"": 17.38886569546928}",assumed_next_daily_close,10665.0,3,0000002488,0,-0.04316437802907913,0.013089707290464835,0.05992689495959991,-350.73159999999996,-0.03288622597280825,86.598,7.25,5.35,190.00000000000003,ee18e6990f1758a14789ca09,True,0.0008051529790660225,1242,2.901127565004376e-06,34469356.4,,bounded_preclose_bid_ask,,,False,not_requested_for_horizon_or_variant,,event,covered_call,100,completed,106.65,102.78,False,-387.0,H23,3,AMD,153.73160000000001,double_cost,0.02922169279562864,17.38886569546928,2025
0.043651874035756544,2025-04-01,813,b5f9034328ea8910f3011d91,time_value,12.333599999999999,O:AMD250718C00115000,1,2,2025-03-26,2025-03-26,114,0.08303838823849714,809,0.0,0.03901798406000944,2025-03-27,810,True,2025-04-01,813,2025-03-26,116,32773714.0,2025-04-01,scheduled_exit,813,2025-07-18,"{""market_momentum"": -0.04316437802907913, ""market_volatility"": 0.013089707290464835, ""momentum"": 0.05992689495959991, ""volatility"": 0.02922169279562864, ""volume_state"": 17.38886569546928}",assumed_next_daily_close,10665.0,3,0000002488,0,-0.04316437802907913,0.013089707290464835,0.05992689495959991,-412.1316,-0.03864337552742616,12.797999999999998,7.25,0.0,-0.0,ee18e6990f1758a14789ca09,True,0.0008051529790660225,1242,2.901127565004376e-06,34469356.4,,bounded_preclose_bid_ask,,,False,not_requested_for_horizon_or_variant,,event,covered_call,100,completed,106.65,102.78,True,-387.0,H23,3,AMD,25.1316,double_cost,0.02922169279562864,17.38886569546928,2025
0.043651874035756544,2025-04-03,815,b5f9034328ea8910f3011d91,time_value,46.156,O:AMD250718C00115000,1,2,2025-03-26,2025-03-26,114,0.08303838823849714,809,0.0,0.09646075949367088,2025-03-27,810,True,2025-04-03,815,2025-03-26,116,32773714.0,2025-04-03,scheduled_exit,815,2025-07-18,"{""market_momentum"": -0.04316437802907913, ""market_volatility"": 0.013089707290464835, ""momentum"": 0.05992689495959991, ""volatility"": 0.02922169279562864, ""volume_state"": 17.38886569546928}",assumed_next_daily_close,10665.0,5,0000002488,0,-0.04316437802907913,0.013089707290464835,0.05992689495959991,-1028.754,-0.09646075949367088,86.598,7.25,3.36,389.0,ee18e6990f1758a14789ca09,True,0.0008051529790660225,1242,2.901127565004376e-06,34469356.4,,bounded_preclose_bid_ask,,,False,not_requested_for_horizon_or_variant,,event,covered_call,100,completed,106.65,93.8,False,-1285.0,H23,3,AMD,132.754,double_cost,0.02922169279562864,17.38886569546928,2025
0.043651874035756544,2025-04-03,815,b5f9034328ea8910f3011d91,time_value,11.255999999999998,O:AMD250718C00115000,1,2,2025-03-26,2025-03-26,114,0.08303838823849714,809,0.0,0.12274299109235819,2025-03-27,810,True,2025-04-03,815,2025-03-26,116,32773714.0,2025-04-03,scheduled_exit,815,2025-07-18,"{""market_momentum"": -0.04316437802907913, ""market_volatility"": 0.013089707290464835, ""momentum"": 0.05992689495959991, ""volatility"": 0.02922169279562864, ""volume_state"": 17.38886569546928}",assumed_next_daily_close,10665.0,5,0000002488,0,-0.04316437802907913,0.013089707290464835,0.05992689495959991,-1309.054,-0.12274299109235819,12.797999999999998,7.25,0.0,-0.0,ee18e6990f1758a14789ca09,True,0.0008051529790660225,1242,2.901127565004376e-06,34469356.4,,bounded_preclose_bid_ask,,,False,not_requested_for_horizon_or_variant,,event,covered_call,100,completed,106.65,93.8,True,-1285.0,H23,3,AMD,24.053999999999995,double_cost,0.02922169279562864,17.38886569546928,2025
0.043651874035756544,2025-04-10,820,b5f9034328ea8910f3011d91,time_value,37.444,O:AMD250718C00115000,1,2,2025-03-26,2025-03-26,114,0.08303838823849714,809,0.0,0.21977338959212384,2025-03-27,810,True,2025-04-10,820,2025-03-26,116,32773714.0,2025-04-10,scheduled_exit,820,2025-07-18,"{""market_momentum"": -0.04316437802907913, ""market_volatility"": 0.013089707290464835, ""momentum"": 0.05992689495959991, ""volatility"": 0.02922169279562864, ""volume_state"": 17.38886569546928}",assumed_next_daily_close,10665.0,10,0000002488,0,-0.04316437802907913,0.013089707290464835,0.05992689495959991,-1449.042,-0.1358689170182841,86.598,7.25,2.55,470.0,ee18e6990f1758a14789ca09,True,0.0008051529790660225,1242,2.901127565004376e-06,34469356.4,,bounded_preclose_bid_ask,,,False,not_requested_for_horizon_or_variant,,event,covered_call,100,completed,106.65,88.7,False,-1795.0,H23,3,AMD,124.042,double_cost,0.02922169279562864,17.38886569546928,2025
0.043651874035756544,2025-04-10,820,b5f9034328ea8910f3011d91,time_value,10.643999999999998,O:AMD250718C00115000,1,2,2025-03-26,2025-03-26,114,0.08303838823849714,809,0.0,0.26874666666666686,2025-03-27,810,True,2025-04-10,820,2025-03-26,116,32773714.0,2025-04-10,scheduled_exit,820,2025-07-18,"{""market_momentum"": -0.04316437802907913, ""market_volatility"": 0.013089707290464835, ""momentum"": 0.05992689495959991, ""volatility"": 0.02922169279562864, ""volume_state"": 17.38886569546928}",assumed_next_daily_close,10665.0,10,0000002488,0,-0.04316437802907913,0.013089707290464835,0.05992689495959991,-1818.442,-0.17050557899671823,12.797999999999998,7.25,0.0,-0.0,ee18e6990f1758a14789ca09,True,0.0008051529790660225,1242,2.901127565004376e-06,34469356.4,,bounded_preclose_bid_ask,,,False,not_requested_for_horizon_or_variant,,event,covered_call,100,completed,106.65,88.7,True,-1795.0,H23,3,AMD,23.441999999999997,double_cost,0.02922169279562864,17.38886569546928,2025
0.043651874035756544,2025-04-28,831,b5f9034328ea8910f3011d91,time_value,43.8668,O:AMD250718C00115000,1,2,2025-03-26,2025-03-26,114,0.08303838823849714,809,0.0,0.21977338959212384,2025-03-27,810,True,2025-04-28,831,2025-03-26,116,32773714.0,2025-04-28,scheduled_exit,831,2025-07-18,"{""market_momentum"": -0.04316437802907913, ""market_volatility"": 0.013089707290464835, ""momentum"": 0.05992689495959991, ""volatility"": 0.02922169279562864, ""volume_state"": 17.38886569546928}",assumed_next_daily_close,10665.0,21,0000002488,0,-0.04316437802907913,0.013089707290464835,0.05992689495959991,-741.4648,-0.06952318799812471,86.598,7.25,3.1,415.00000000000006,ee18e6990f1758a14789ca09,True,0.0008051529790660225,1242,2.901127565004376e-06,34469356.4,,bounded_preclose_bid_ask,,,False,not_requested_for_horizon_or_variant,,event,covered_call,100,completed,106.65,96.39,False,-1026.0,H23,3,AMD,130.4648,double_cost,0.02922169279562864,17.38886569546928,2025
0.043651874035756544,2025-04-28,831,b5f9034328ea8910f3011d91,time_value,11.566799999999999,O:AMD250718C00115000,1,2,2025-03-26,2025-03-26,114,0.08303838823849714,809,0.0,0.26874666666666686,2025-03-27,810,True,2025-04-28,831,2025-03-26,116,32773714.0,2025-04-28,scheduled_exit,831,2025-07-18,"{""market_momentum"": -0.04316437802907913, ""market_volatility"": 0.013089707290464835, ""momentum"": 0.05992689495959991, ""volatility"": 0.02922169279562864, ""volume_state"": 17.38886569546928}",assumed_next_daily_close,10665.0,21,0000002488,0,-0.04316437802907913,0.013089707290464835,0.05992689495959991,-1050.3648,-0.09848708860759495,12.797999999999998,7.25,0.0,-0.0,ee18e6990f1758a14789ca09,True,0.0008051529790660225,1242,2.901127565004376e-06,34469356.4,,bounded_preclose_bid_ask,,,False,not_requested_for_horizon_or_variant,,event,covered_call,100,completed,106.65,96.39,True,-1026.0,H23,3,AMD,24.364799999999995,double_cost,0.02922169279562864,17.38886569546928,2025
0.043651874035756544,2025-05-28,852,b5f9034328ea8910f3011d91,time_value,81.3432,O:AMD250718C00115000,1,2,2025-03-26,2025-03-26,114,0.08303838823849714,809,0.0,0.21977338959212384,2025-03-27,810,True,2025-05-28,852,2025-03-26,116,32773714.0,2025-05-28,scheduled_exit,852,2025-07-18,"{""market_momentum"": -0.04316437802907913, ""market_volatility"": 0.013089707290464835, ""momentum"": 0.05992689495959991, ""volatility"": 0.02922169279562864, ""volume_state"": 17.38886569546928}",assumed_next_daily_close,10665.0,42,0000002488,0,-0.04316437802907913,0.013089707290464835,0.05992689495959991,513.0588,0.04810677918424754,86.598,7.25,6.65,59.999999999999964,ee18e6990f1758a14789ca09,True,0.0008051529790660225,1242,2.901127565004376e-06,34469356.4,,bounded_preclose_bid_ask,,,False,not_requested_for_horizon_or_variant,,event,covered_call,100,completed,106.65,112.86,False,621.0,H23,3,AMD,167.94119999999998,double_cost,0.02922169279562864,17.38886569546928,2025
0.043651874035756544,2025-05-28,852,b5f9034328ea8910f3011d91,time_value,13.543199999999999,O:AMD250718C00115000,1,2,2025-03-26,2025-03-26,114,0.08303838823849714,809,0.0,0.26874666666666686,2025-03-27,810,True,2025-05-28,852,2025-03-26,116,32773714.0,2025-05-28,scheduled_exit,852,2025-07-18,"{""market_momentum"": -0.04316437802907913, ""market_volatility"": 0.013089707290464835, ""momentum"": 0.05992689495959991, ""volatility"": 0.02922169279562864, ""volume_state"": 17.38886569546928}",assumed_next_daily_close,10665.0,42,0000002488,0,-0.04316437802907913,0.013089707290464835,0.05992689495959991,594.6588,0.055757974683544306,12.797999999999998,7.25,0.0,-0.0,ee18e6990f1758a14789ca09,True,0.0008051529790660225,1242,2.901127565004376e-06,34469356.4,,bounded_preclose_bid_ask,,,False,not_requested_for_horizon_or_variant,,event,covered_call,100,completed,106.65,112.86,True,621.0,H23,3,AMD,26.341199999999997,double_cost,0.02922169279562864,17.38886569546928,2025
0.043651874035756544,2025-06-27,873,b5f9034328ea8910f3011d91,time_value,311.0572,O:AMD250718C00115000,1,2,2025-03-26,2025-03-26,114,0.08303838823849714,809,0.0,0.21977338959212384,2025-03-27,810,True,2025-06-27,873,2025-03-26,116,32773714.0,2025-06-27,scheduled_exit,873,2025-07-18,"{""market_momentum"": -0.04316437802907913, ""market_volatility"": 0.013089707290464835, ""momentum"": 0.05992689495959991, ""volatility"": 0.02922169279562864, ""volume_state"": 17.38886569546928}",assumed_next_daily_close,10665.0,63,0000002488,0,-0.04316437802907913,0.013089707290464835,0.05992689495959991,1118.3448,0.10486120956399438,86.598,7.25,29.25,-2200.0,ee18e6990f1758a14789ca09,True,0.0008051529790660225,1242,2.901127565004376e-06,34469356.4,,bounded_preclose_bid_ask,,,False,not_requested_for_horizon_or_variant,,event,covered_call,100,completed,106.65,143.81,False,3716.0,H23,3,AMD,397.65520000000004,double_cost,0.02922169279562864,17.38886569546928,2025
0.043651874035756544,2025-06-27,873,b5f9034328ea8910f3011d91,time_value,17.257199999999997,O:AMD250718C00115000,1,2,2025-03-26,2025-03-26,114,0.08303838823849714,809,0.0,0.26874666666666686,2025-03-27,810,True,2025-06-27,873,2025-03-26,116,32773714.0,2025-06-27,scheduled_exit,873,2025-07-18,"{""market_momentum"": -0.04316437802907913, ""market_volatility"": 0.013089707290464835, ""momentum"": 0.05992689495959991, ""volatility"": 0.02922169279562864, ""volume_state"": 17.38886569546928}",assumed_next_daily_close,10665.0,63,0000002488,0,-0.04316437802907913,0.013089707290464835,0.05992689495959991,3685.9448,0.3456113267698078,12.797999999999998,7.25,0.0,-0.0,ee18e6990f1758a14789ca09,True,0.0008051529790660225,1242,2.901127565004376e-06,34469356.4,,bounded_preclose_bid_ask,,,False,not_requested_for_horizon_or_variant,,event,covered_call,100,completed,106.65,143.81,True,3716.0,H23,3,AMD,30.055199999999996,double_cost,0.02922169279562864,17.38886569546928,2025
0.043651874035756544,2025-07-18,887,b5f9034328ea8910f3011d91,time_value,15.1,O:AMD250718C00115000,1,2,2025-03-26,2025-03-26,114,0.08303838823849714,809,0.0,0.21977338959212384,2025-03-27,810,True,2025-07-18,887,2025-03-26,116,32773714.0,2025-07-18,modelled_physical_expiry,887,2025-07-18,"{""market_momentum"": -0.04316437802907913, ""market_volatility"": 0.013089707290464835, ""momentum"": 0.05992689495959991, ""volatility"": 0.02922169279562864, ""volume_state"": 17.38886569546928}",assumed_next_daily_close,10665.0,expiry,0000002488,0,-0.04316437802907913,0.013089707290464835,0.05992689495959991,1458.3020000000001,0.13673717768401314,86.598,7.25,0.0,725.0,ee18e6990f1758a14789ca09,True,0.0008051529790660225,1242,2.901127565004376e-06,34469356.4,,bounded_preclose_bid_ask,,,False,not_requested_for_horizon_or_variant,,event,covered_call,100,completed,106.65,115.0,False,835.0,H23,3,AMD,101.698,double_cost,0.02922169279562864,17.38886569546928,2025
0.043651874035756544,2025-07-18,887,b5f9034328ea8910f3011d91,time_value,18.8388,O:AMD250718C00115000,1,2,2025-03-26,2025-03-26,114,0.08303838823849714,809,0.0,0.26874666666666686,2025-03-27,810,True,2025-07-18,887,2025-03-26,116,32773714.0,2025-07-18,scheduled_exit,887,2025-07-18,"{""market_momentum"": -0.04316437802907913, ""market_volatility"": 0.013089707290464835, ""momentum"": 0.05992689495959991, ""volatility"": 0.02922169279562864, ""volume_state"": 17.38886569546928}",assumed_next_daily_close,10665.0,expiry,0000002488,0,-0.04316437802907913,0.013089707290464835,0.05992689495959991,5002.3632,0.4690448382559775,12.797999999999998,7.25,0.0,-0.0,ee18e6990f1758a14789ca09,True,0.0008051529790660225,1242,2.901127565004376e-06,34469356.4,,bounded_preclose_bid_ask,,,False,not_requested_for_horizon_or_variant,,event,covered_call,100,completed,106.65,156.99,True,5034.0,H23,3,AMD,31.636799999999997,double_cost,0.02922169279562864,17.38886569546928,2025
,,,bd9903fd0180c4307f085582,time_value,,,1,2,2023-06-26,2023-06-26,,,370,,,2023-06-27,371,False,,,2024-02-21,,,,,,,"{""market_momentum"": 0.04950254202242821, ""market_volatility"": 0.007252056985208533, ""momentum"": 0.10874469214437377, ""volatility"": 0.01562324266488052, ""volume_state"": 15.006435131754209}",assumed_next_daily_close,,1,0000004962,,0.04950254202242821,0.007252056985208533,0.10874469214437377,,,,,,,5e5e1d315525adfc396f5b1b,False,,,,,,bounded_preclose_bid_ask,,,False,not_requested_for_horizon_or_variant,missing_decision_or_entry_bar,ordinary,protective_put,,missing_decision_or_entry_bar,,,False,,H23,3,AXP,,double_cost,0.01562324266488052,15.006435131754209,2023
,,,bd9903fd0180c4307f085582,time_value,,,1,2,2023-06-26,2023-06-26,,,370,,,2023-06-27,371,False,,,2024-02-21,,,,,,,"{""market_momentum"": 0.04950254202242821, ""market_volatility"": 0.007252056985208533, ""momentum"": 0.10874469214437377, ""volatility"": 0.01562324266488052, ""volume_state"": 15.006435131754209}",assumed_next_daily_close,,1,0000004962,,0.04950254202242821,0.007252056985208533,0.10874469214437377,,,,,,,5e5e1d315525adfc396f5b1b,False,,,,,,bounded_preclose_bid_ask,,,False,not_requested_for_horizon_or_variant,missing_decision_or_entry_bar,ordinary,protective_put,,missing_decision_or_entry_bar,,,True,,H23,3,AXP,,double_cost,0.01562324266488052,15.006435131754209,2023
,,,bd9903fd0180c4307f085582,time_value,,,1,2,2023-06-26,2023-06-26,,,370,,,2023-06-27,371,False,,,2024-02-21,,,,,,,"{""market_momentum"": 0.04950254202242821, ""market_volatility"": 0.007252056985208533, ""momentum"": 0.10874469214437377, ""volatility"": 0.01562324266488052, ""volume_state"": 15.006435131754209}",assumed_next_daily_close,,2,0000004962,,0.04950254202242821,0.007252056985208533,0.10874469214437377,,,,,,,5e5e1d315525adfc396f5b1b,False,,,,,,bounded_preclose_bid_ask,,,False,not_requested_for_horizon_or_variant,missing_decision_or_entry_bar,ordinary,protective_put,,missing_decision_or_entry_bar,,,False,,H23,3,AXP,,double_cost,0.01562324266488052,15.006435131754209,2023
,,,bd9903fd0180c4307f085582,time_value,,,1,2,2023-06-26,2023-06-26,,,370,,,2023-06-27,371,False,,,2024-02-21,,,,,,,"{""market_momentum"": 0.04950254202242821, ""market_volatility"": 0.007252056985208533, ""momentum"": 0.10874469214437377, ""volatility"": 0.01562324266488052, ""volume_state"": 15.006435131754209}",assumed_next_daily_close,,2,0000004962,,0.04950254202242821,0.007252056985208533,0.10874469214437377,,,,,,,5e5e1d315525adfc396f5b1b,False,,,,,,bounded_preclose_bid_ask,,,False,not_requested_for_horizon_or_variant,missing_decision_or_entry_bar,ordinary,protective_put,,missing_decision_or_entry_bar,,,True,,H23,3,AXP,,double_cost,0.01562324266488052,15.006435131754209,2023
,,,bd9903fd0180c4307f085582,time_value,,,1,2,2023-06-26,2023-06-26,,,370,,,2023-06-27,371,False,,,2024-02-21,,,,,,,"{""market_momentum"": 0.04950254202242821, ""market_volatility"": 0.007252056985208533, ""momentum"": 0.10874469214437377, ""volatility"": 0.01562324266488052, ""volume_state"": 15.006435131754209}",assumed_next_daily_close,,3,0000004962,,0.04950254202242821,0.007252056985208533,0.10874469214437377,,,,,,,5e5e1d315525adfc396f5b1b,False,,,,,,bounded_preclose_bid_ask,,,False,not_requested_for_horizon_or_variant,missing_decision_or_entry_bar,ordinary,protective_put,,missing_decision_or_entry_bar,,,False,,H23,3,AXP,,double_cost,0.01562324266488052,15.006435131754209,2023
,,,bd9903fd0180c4307f085582,time_value,,,1,2,2023-06-26,2023-06-26,,,370,,,2023-06-27,371,False,,,2024-02-21,,,,,,,"{""market_momentum"": 0.04950254202242821, ""market_volatility"": 0.007252056985208533, ""momentum"": 0.10874469214437377, ""volatility"": 0.01562324266488052, ""volume_state"": 15.006435131754209}",assumed_next_daily_close,,3,0000004962,,0.04950254202242821,0.007252056985208533,0.10874469214437377,,,,,,,5e5e1d315525adfc396f5b1b,False,,,,,,bounded_preclose_bid_ask,,,False,not_requested_for_horizon_or_variant,missing_decision_or_entry_bar,ordinary,protective_put,,missing_decision_or_entry_bar,,,True,,H23,3,AXP,,double_cost,0.01562324266488052,15.006435131754209,2023
,,,bd9903fd0180c4307f085582,time_value,,,1,2,2023-06-26,2023-06-26,,,370,,,2023-06-27,371,False,,,2024-02-21,,,,,,,"{""market_momentum"": 0.04950254202242821, ""market_volatility"": 0.007252056985208533, ""momentum"": 0.10874469214437377, ""volatility"": 0.01562324266488052, ""volume_state"": 15.006435131754209}",assumed_next_daily_close,,5,0000004962,,0.04950254202242821,0.007252056985208533,0.10874469214437377,,,,,,,5e5e1d315525adfc396f5b1b,False,,,,,,bounded_preclose_bid_ask,,,False,not_requested_for_horizon_or_variant,missing_decision_or_entry_bar,ordinary,protective_put,,missing_decision_or_entry_bar,,,False,,H23,3,AXP,,double_cost,0.01562324266488052,15.006435131754209,2023
,,,bd9903fd0180c4307f085582,time_value,,,1,2,2023-06-26,2023-06-26,,,370,,,2023-06-27,371,False,,,2024-02-21,,,,,,,"{""market_momentum"": 0.04950254202242821, ""market_volatility"": 0.007252056985208533, ""momentum"": 0.10874469214437377, ""volatility"": 0.01562324266488052, ""volume_state"": 15.006435131754209}",assumed_next_daily_close,,5,0000004962,,0.04950254202242821,0.007252056985208533,0.10874469214437377,,,,,,,5e5e1d315525adfc396f5b1b,False,,,,,,bounded_preclose_bid_ask,,,False,not_requested_for_horizon_or_variant,missing_decision_or_entry_bar,ordinary,protective_put,,missing_decision_or_entry_bar,,,True,,H23,3,AXP,,double_cost,0.01562324266488052,15.006435131754209,2023
,,,bd9903fd0180c4307f085582,time_value,,,1,2,2023-06-26,2023-06-26,,,370,,,2023-06-27,371,False,,,2024-02-21,,,,,,,"{""market_momentum"": 0.04950254202242821, ""market_volatility"": 0.007252056985208533, ""momentum"": 0.10874469214437377, ""volatility"": 0.01562324266488052, ""volume_state"": 15.006435131754209}",assumed_next_daily_close,,10,0000004962,,0.04950254202242821,0.007252056985208533,0.10874469214437377,,,,,,,5e5e1d315525adfc396f5b1b,False,,,,,,bounded_preclose_bid_ask,,,False,not_requested_for_horizon_or_variant,missing_decision_or_entry_bar,ordinary,protective_put,,missing_decision_or_entry_bar,,,False,,H23,3,AXP,,double_cost,0.01562324266488052,15.006435131754209,2023
,,,bd9903fd0180c4307f085582,time_value,,,1,2,2023-06-26,2023-06-26,,,370,,,2023-06-27,371,False,,,2024-02-21,,,,,,,"{""market_momentum"": 0.04950254202242821, ""market_volatility"": 0.007252056985208533, ""momentum"": 0.10874469214437377, ""volatility"": 0.01562324266488052, ""volume_state"": 15.006435131754209}",assumed_next_daily_close,,10,0000004962,,0.04950254202242821,0.007252056985208533,0.10874469214437377,,,,,,,5e5e1d315525adfc396f5b1b,False,,,,,,bounded_preclose_bid_ask,,,False,not_requested_for_horizon_or_variant,missing_decision_or_entry_bar,ordinary,protective_put,,missing_decision_or_entry_bar,,,True,,H23,3,AXP,,double_cost,0.01562324266488052,15.006435131754209,2023
,,,bd9903fd0180c4307f085582,time_value,,,1,2,2023-06-26,2023-06-26,,,370,,,2023-06-27,371,False,,,2024-02-21,,,,,,,"{""market_momentum"": 0.04950254202242821, ""market_volatility"": 0.007252056985208533, ""momentum"": 0.10874469214437377, ""volatility"": 0.01562324266488052, ""volume_state"": 15.006435131754209}",assumed_next_daily_close,,21,0000004962,,0.04950254202242821,0.007252056985208533,0.10874469214437377,,,,,,,5e5e1d315525adfc396f5b1b,False,,,,,,bounded_preclose_bid_ask,,,False,not_requested_for_horizon_or_variant,missing_decision_or_entry_bar,ordinary,protective_put,,missing_decision_or_entry_bar,,,False,,H23,3,AXP,,double_cost,0.01562324266488052,15.006435131754209,2023
,,,bd9903fd0180c4307f085582,time_value,,,1,2,2023-06-26,2023-06-26,,,370,,,2023-06-27,371,False,,,2024-02-21,,,,,,,"{""market_momentum"": 0.04950254202242821, ""market_volatility"": 0.007252056985208533, ""momentum"": 0.10874469214437377, ""volatility"": 0.01562324266488052, ""volume_state"": 15.006435131754209}",assumed_next_daily_close,,21,0000004962,,0.04950254202242821,0.007252056985208533,0.10874469214437377,,,,,,,5e5e1d315525adfc396f5b1b,False,,,,,,bounded_preclose_bid_ask,,,False,not_requested_for_horizon_or_variant,missing_decision_or_entry_bar,ordinary,protective_put,,missing_decision_or_entry_bar,,,True,,H23,3,AXP,,double_cost,0.01562324266488052,15.006435131754209,2023
,,,bd9903fd0180c4307f085582,time_value,,,1,2,2023-06-26,2023-06-26,,,370,,,2023-06-27,371,False,,,2024-02-21,,,,,,,"{""market_momentum"": 0.04950254202242821, ""market_volatility"": 0.007252056985208533, ""momentum"": 0.10874469214437377, ""volatility"": 0.01562324266488052, ""volume_state"": 15.006435131754209}",assumed_next_daily_close,,42,0000004962,,0.04950254202242821,0.007252056985208533,0.10874469214437377,,,,,,,5e5e1d315525adfc396f5b1b,False,,,,,,bounded_preclose_bid_ask,,,False,not_requested_for_horizon_or_variant,missing_decision_or_entry_bar,ordinary,protective_put,,missing_decision_or_entry_bar,,,False,,H23,3,AXP,,double_cost,0.01562324266488052,15.006435131754209,2023
,,,bd9903fd0180c4307f085582,time_value,,,1,2,2023-06-26,2023-06-26,,,370,,,2023-06-27,371,False,,,2024-02-21,,,,,,,"{""market_momentum"": 0.04950254202242821, ""market_volatility"": 0.007252056985208533, ""momentum"": 0.10874469214437377, ""volatility"": 0.01562324266488052, ""volume_state"": 15.006435131754209}",assumed_next_daily_close,,42,0000004962,,0.04950254202242821,0.007252056985208533,0.10874469214437377,,,,,,,5e5e1d315525adfc396f5b1b,False,,,,,,bounded_preclose_bid_ask,,,False,not_requested_for_horizon_or_variant,missing_decision_or_entry_bar,ordinary,protective_put,,missing_decision_or_entry_bar,,,True,,H23,3,AXP,,double_cost,0.01562324266488052,15.006435131754209,2023
,,,bd9903fd0180c4307f085582,time_value,,,1,2,2023-06-26,2023-06-26,,,370,,,2023-06-27,371,False,,,2024-02-21,,,,,,,"{""market_momentum"": 0.04950254202242821, ""market_volatility"": 0.007252056985208533, ""momentum"": 0.10874469214437377, ""volatility"": 0.01562324266488052, ""volume_state"": 15.006435131754209}",assumed_next_daily_close,,63,0000004962,,0.04950254202242821,0.007252056985208533,0.10874469214437377,,,,,,,5e5e1d315525adfc396f5b1b,False,,,,,,bounded_preclose_bid_ask,,,False,not_requested_for_horizon_or_variant,missing_decision_or_entry_bar,ordinary,protective_put,,missing_decision_or_entry_bar,,,False,,H23,3,AXP,,double_cost,0.01562324266488052,15.006435131754209,2023
,,,bd9903fd0180c4307f085582,time_value,,,1,2,2023-06-26,2023-06-26,,,370,,,2023-06-27,371,False,,,2024-02-21,,,,,,,"{""market_momentum"": 0.04950254202242821, ""market_volatility"": 0.007252056985208533, ""momentum"": 0.10874469214437377, ""volatility"": 0.01562324266488052, ""volume_state"": 15.006435131754209}",assumed_next_daily_close,,63,0000004962,,0.04950254202242821,0.007252056985208533,0.10874469214437377,,,,,,,5e5e1d315525adfc396f5b1b,False,,,,,,bounded_preclose_bid_ask,,,False,not_requested_for_horizon_or_variant,missing_decision_or_entry_bar,ordinary,protective_put,,missing_decision_or_entry_bar,,,True,,H23,3,AXP,,double_cost,0.01562324266488052,15.006435131754209,2023
,,,bd9903fd0180c4307f085582,time_value,,,1,2,2023-06-26,2023-06-26,,,370,,,2023-06-27,371,False,,,2024-02-21,,,,,,,"{""market_momentum"": 0.04950254202242821, ""market_volatility"": 0.007252056985208533, ""momentum"": 0.10874469214437377, ""volatility"": 0.01562324266488052, ""volume_state"": 15.006435131754209}",assumed_next_daily_close,,expiry,0000004962,,0.04950254202242821,0.007252056985208533,0.10874469214437377,,,,,,,5e5e1d315525adfc396f5b1b,False,,,,,,bounded_preclose_bid_ask,,,False,not_requested_for_horizon_or_variant,missing_decision_or_entry_bar,ordinary,protective_put,,missing_decision_or_entry_bar,,,False,,H23,3,AXP,,double_cost,0.01562324266488052,15.006435131754209,2023
,,,bd9903fd0180c4307f085582,time_value,,,1,2,2023-06-26,2023-06-26,,,370,,,2023-06-27,371,False,,,2024-02-21,,,,,,,"{""market_momentum"": 0.04950254202242821, ""market_volatility"": 0.007252056985208533, ""momentum"": 0.10874469214437377, ""volatility"": 0.01562324266488052, ""volume_state"": 15.006435131754209}",assumed_next_daily_close,,expiry,0000004962,,0.04950254202242821,0.007252056985208533,0.10874469214437377,,,,,,,5e5e1d315525adfc396f5b1b,False,,,,,,bounded_preclose_bid_ask,,,False,not_requested_for_horizon_or_variant,missing_decision_or_entry_bar,ordinary,protective_put,,missing_decision_or_entry_bar,,,True,,H23,3,AXP,,double_cost,0.01562324266488052,15.006435131754209,2023
,,,c078bd380c38010303240838,time_value,,,1,2,2022-06-13,2022-06-13,,,111,,,2022-06-14,112,False,,,2022-06-13,,,,,,,"{""market_momentum"": -0.044196360299739945, ""market_volatility"": 0.019467383046285182, ""momentum"": -0.0008040431886056076, ""volatility"": 0.04634833024814775, ""volume_state"": 18.59660793441876}",assumed_next_daily_close,,1,0000002488,,-0.044196360299739945,0.019467383046285182,-0.0008040431886056076,,,,,,,2365de4d09ca404355304144,False,,,,,,bounded_preclose_bid_ask,,,False,not_requested_for_horizon_or_variant,no_standard_contract_within_rules,event,covered_call,,no_standard_contract_within_rules,,,False,,H23,3,AMD,,double_cost,0.04634833024814775,18.59660793441876,2022
,,,c078bd380c38010303240838,time_value,,,1,2,2022-06-13,2022-06-13,,,111,,,2022-06-14,112,False,,,2022-06-13,,,,,,,"{""market_momentum"": -0.044196360299739945, ""market_volatility"": 0.019467383046285182, ""momentum"": -0.0008040431886056076, ""volatility"": 0.04634833024814775, ""volume_state"": 18.59660793441876}",assumed_next_daily_close,,1,0000002488,,-0.044196360299739945,0.019467383046285182,-0.0008040431886056076,,,,,,,2365de4d09ca404355304144,False,,,,,,bounded_preclose_bid_ask,,,False,not_requested_for_horizon_or_variant,no_standard_contract_within_rules,event,covered_call,,no_standard_contract_within_rules,,,True,,H23,3,AMD,,double_cost,0.04634833024814775,18.59660793441876,2022
,,,c078bd380c38010303240838,time_value,,,1,2,2022-06-13,2022-06-13,,,111,,,2022-06-14,112,False,,,2022-06-13,,,,,,,"{""market_momentum"": -0.044196360299739945, ""market_volatility"": 0.019467383046285182, ""momentum"": -0.0008040431886056076, ""volatility"": 0.04634833024814775, ""volume_state"": 18.59660793441876}",assumed_next_daily_close,,2,0000002488,,-0.044196360299739945,0.019467383046285182,-0.0008040431886056076,,,,,,,2365de4d09ca404355304144,False,,,,,,bounded_preclose_bid_ask,,,False,not_requested_for_horizon_or_variant,no_standard_contract_within_rules,event,covered_call,,no_standard_contract_within_rules,,,False,,H23,3,AMD,,double_cost,0.04634833024814775,18.59660793441876,2022
,,,c078bd380c38010303240838,time_value,,,1,2,2022-06-13,2022-06-13,,,111,,,2022-06-14,112,False,,,2022-06-13,,,,,,,"{""market_momentum"": -0.044196360299739945, ""market_volatility"": 0.019467383046285182, ""momentum"": -0.0008040431886056076, ""volatility"": 0.04634833024814775, ""volume_state"": 18.59660793441876}",assumed_next_daily_close,,2,0000002488,,-0.044196360299739945,0.019467383046285182,-0.0008040431886056076,,,,,,,2365de4d09ca404355304144,False,,,,,,bounded_preclose_bid_ask,,,False,not_requested_for_horizon_or_variant,no_standard_contract_within_rules,event,covered_call,,no_standard_contract_within_rules,,,True,,H23,3,AMD,,double_cost,0.04634833024814775,18.59660793441876,2022
,,,c078bd380c38010303240838,time_value,,,1,2,2022-06-13,2022-06-13,,,111,,,2022-06-14,112,False,,,2022-06-13,,,,,,,"{""market_momentum"": -0.044196360299739945, ""market_volatility"": 0.019467383046285182, ""momentum"": -0.0008040431886056076, ""volatility"": 0.04634833024814775, ""volume_state"": 18.59660793441876}",assumed_next_daily_close,,3,0000002488,,-0.044196360299739945,0.019467383046285182,-0.0008040431886056076,,,,,,,2365de4d09ca404355304144,False,,,,,,bounded_preclose_bid_ask,,,False,not_requested_for_horizon_or_variant,no_standard_contract_within_rules,event,covered_call,,no_standard_contract_within_rules,,,False,,H23,3,AMD,,double_cost,0.04634833024814775,18.59660793441876,2022
,,,c078bd380c38010303240838,time_value,,,1,2,2022-06-13,2022-06-13,,,111,,,2022-06-14,112,False,,,2022-06-13,,,,,,,"{""market_momentum"": -0.044196360299739945, ""market_volatility"": 0.019467383046285182, ""momentum"": -0.0008040431886056076, ""volatility"": 0.04634833024814775, ""volume_state"": 18.59660793441876}",assumed_next_daily_close,,3,0000002488,,-0.044196360299739945,0.019467383046285182,-0.0008040431886056076,,,,,,,2365de4d09ca404355304144,False,,,,,,bounded_preclose_bid_ask,,,False,not_requested_for_horizon_or_variant,no_standard_contract_within_rules,event,covered_call,,no_standard_contract_within_rules,,,True,,H23,3,AMD,,double_cost,0.04634833024814775,18.59660793441876,2022
,,,c078bd380c38010303240838,time_value,,,1,2,2022-06-13,2022-06-13,,,111,,,2022-06-14,112,False,,,2022-06-13,,,,,,,"{""market_momentum"": -0.044196360299739945, ""market_volatility"": 0.019467383046285182, ""momentum"": -0.0008040431886056076, ""volatility"": 0.04634833024814775, ""volume_state"": 18.59660793441876}",assumed_next_daily_close,,5,0000002488,,-0.044196360299739945,0.019467383046285182,-0.0008040431886056076,,,,,,,2365de4d09ca404355304144,False,,,,,,bounded_preclose_bid_ask,,,False,not_requested_for_horizon_or_variant,no_standard_contract_within_rules,event,covered_call,,no_standard_contract_within_rules,,,False,,H23,3,AMD,,double_cost,0.04634833024814775,18.59660793441876,2022
,,,c078bd380c38010303240838,time_value,,,1,2,2022-06-13,2022-06-13,,,111,,,2022-06-14,112,False,,,2022-06-13,,,,,,,"{""market_momentum"": -0.044196360299739945, ""market_volatility"": 0.019467383046285182, ""momentum"": -0.0008040431886056076, ""volatility"": 0.04634833024814775, ""volume_state"": 18.59660793441876}",assumed_next_daily_close,,5,0000002488,,-0.044196360299739945,0.019467383046285182,-0.0008040431886056076,,,,,,,2365de4d09ca404355304144,False,,,,,,bounded_preclose_bid_ask,,,False,not_requested_for_horizon_or_variant,no_standard_contract_within_rules,event,covered_call,,no_standard_contract_within_rules,,,True,,H23,3,AMD,,double_cost,0.04634833024814775,18.59660793441876,2022
,,,c078bd380c38010303240838,time_value,,,1,2,2022-06-13,2022-06-13,,,111,,,2022-06-14,112,False,,,2022-06-13,,,,,,,"{""market_momentum"": -0.044196360299739945, ""market_volatility"": 0.019467383046285182, ""momentum"": -0.0008040431886056076, ""volatility"": 0.04634833024814775, ""volume_state"": 18.59660793441876}",assumed_next_daily_close,,10,0000002488,,-0.044196360299739945,0.019467383046285182,-0.0008040431886056076,,,,,,,2365de4d09ca404355304144,False,,,,,,bounded_preclose_bid_ask,,,False,not_requested_for_horizon_or_variant,no_standard_contract_within_rules,event,covered_call,,no_standard_contract_within_rules,,,False,,H23,3,AMD,,double_cost,0.04634833024814775,18.59660793441876,2022
,,,c078bd380c38010303240838,time_value,,,1,2,2022-06-13,2022-06-13,,,111,,,2022-06-14,112,False,,,2022-06-13,,,,,,,"{""market_momentum"": -0.044196360299739945, ""market_volatility"": 0.019467383046285182, ""momentum"": -0.0008040431886056076, ""volatility"": 0.04634833024814775, ""volume_state"": 18.59660793441876}",assumed_next_daily_close,,10,0000002488,,-0.044196360299739945,0.019467383046285182,-0.0008040431886056076,,,,,,,2365de4d09ca404355304144,False,,,,,,bounded_preclose_bid_ask,,,False,not_requested_for_horizon_or_variant,no_standard_contract_within_rules,event,covered_call,,no_standard_contract_within_rules,,,True,,H23,3,AMD,,double_cost,0.04634833024814775,18.59660793441876,2022
,,,c078bd380c38010303240838,time_value,,,1,2,2022-06-13,2022-06-13,,,111,,,2022-06-14,112,False,,,2022-06-13,,,,,,,"{""market_momentum"": -0.044196360299739945, ""market_volatility"": 0.019467383046285182, ""momentum"": -0.0008040431886056076, ""volatility"": 0.04634833024814775, ""volume_state"": 18.59660793441876}",assumed_next_daily_close,,21,0000002488,,-0.044196360299739945,0.019467383046285182,-0.0008040431886056076,,,,,,,2365de4d09ca404355304144,False,,,,,,bounded_preclose_bid_ask,,,False,not_requested_for_horizon_or_variant,no_standard_contract_within_rules,event,covered_call,,no_standard_contract_within_rules,,,False,,H23,3,AMD,,double_cost,0.04634833024814775,18.59660793441876,2022
,,,c078bd380c38010303240838,time_value,,,1,2,2022-06-13,2022-06-13,,,111,,,2022-06-14,112,False,,,2022-06-13,,,,,,,"{""market_momentum"": -0.044196360299739945, ""market_volatility"": 0.019467383046285182, ""momentum"": -0.0008040431886056076, ""volatility"": 0.04634833024814775, ""volume_state"": 18.59660793441876}",assumed_next_daily_close,,21,0000002488,,-0.044196360299739945,0.019467383046285182,-0.0008040431886056076,,,,,,,2365de4d09ca404355304144,False,,,,,,bounded_preclose_bid_ask,,,False,not_requested_for_horizon_or_variant,no_standard_contract_within_rules,event,covered_call,,no_standard_contract_within_rules,,,True,,H23,3,AMD,,double_cost,0.04634833024814775,18.59660793441876,2022
,,,c078bd380c38010303240838,time_value,,,1,2,2022-06-13,2022-06-13,,,111,,,2022-06-14,112,False,,,2022-06-13,,,,,,,"{""market_momentum"": -0.044196360299739945, ""market_volatility"": 0.019467383046285182, ""momentum"": -0.0008040431886056076, ""volatility"": 0.04634833024814775, ""volume_state"": 18.59660793441876}",assumed_next_daily_close,,42,0000002488,,-0.044196360299739945,0.019467383046285182,-0.0008040431886056076,,,,,,,2365de4d09ca404355304144,False,,,,,,bounded_preclose_bid_ask,,,False,not_requested_for_horizon_or_variant,no_standard_contract_within_rules,event,covered_call,,no_standard_contract_within_rules,,,False,,H23,3,AMD,,double_cost,0.04634833024814775,18.59660793441876,2022
,,,c078bd380c38010303240838,time_value,,,1,2,2022-06-13,2022-06-13,,,111,,,2022-06-14,112,False,,,2022-06-13,,,,,,,"{""market_momentum"": -0.044196360299739945, ""market_volatility"": 0.019467383046285182, ""momentum"": -0.0008040431886056076, ""volatility"": 0.04634833024814775, ""volume_state"": 18.59660793441876}",assumed_next_daily_close,,42,0000002488,,-0.044196360299739945,0.019467383046285182,-0.0008040431886056076,,,,,,,2365de4d09ca404355304144,False,,,,,,bounded_preclose_bid_ask,,,False,not_requested_for_horizon_or_variant,no_standard_contract_within_rules,event,covered_call,,no_standard_contract_within_rules,,,True,,H23,3,AMD,,double_cost,0.04634833024814775,18.59660793441876,2022
,,,c078bd380c38010303240838,time_value,,,1,2,2022-06-13,2022-06-13,,,111,,,2022-06-14,112,False,,,2022-06-13,,,,,,,"{""market_momentum"": -0.044196360299739945, ""market_volatility"": 0.019467383046285182, ""momentum"": -0.0008040431886056076, ""volatility"": 0.04634833024814775, ""volume_state"": 18.59660793441876}",assumed_next_daily_close,,63,0000002488,,-0.044196360299739945,0.019467383046285182,-0.0008040431886056076,,,,,,,2365de4d09ca404355304144,False,,,,,,bounded_preclose_bid_ask,,,False,not_requested_for_horizon_or_variant,no_standard_contract_within_rules,event,covered_call,,no_standard_contract_within_rules,,,False,,H23,3,AMD,,double_cost,0.04634833024814775,18.59660793441876,2022
,,,c078bd380c38010303240838,time_value,,,1,2,2022-06-13,2022-06-13,,,111,,,2022-06-14,112,False,,,2022-06-13,,,,,,,"{""market_momentum"": -0.044196360299739945, ""market_volatility"": 0.019467383046285182, ""momentum"": -0.0008040431886056076, ""volatility"": 0.04634833024814775, ""volume_state"": 18.59660793441876}",assumed_next_daily_close,,63,0000002488,,-0.044196360299739945,0.019467383046285182,-0.0008040431886056076,,,,,,,2365de4d09ca404355304144,False,,,,,,bounded_preclose_bid_ask,,,False,not_requested_for_horizon_or_variant,no_standard_contract_within_rules,event,covered_call,,no_standard_contract_within_rules,,,True,,H23,3,AMD,,double_cost,0.04634833024814775,18.59660793441876,2022
,,,c078bd380c38010303240838,time_value,,,1,2,2022-06-13,2022-06-13,,,111,,,2022-06-14,112,False,,,2022-06-13,,,,,,,"{""market_momentum"": -0.044196360299739945, ""market_volatility"": 0.019467383046285182, ""momentum"": -0.0008040431886056076, ""volatility"": 0.04634833024814775, ""volume_state"": 18.59660793441876}",assumed_next_daily_close,,expiry,0000002488,,-0.044196360299739945,0.019467383046285182,-0.0008040431886056076,,,,,,,2365de4d09ca404355304144,False,,,,,,bounded_preclose_bid_ask,,,False,not_requested_for_horizon_or_variant,no_standard_contract_within_rules,event,covered_call,,no_standard_contract_within_rules,,,False,,H23,3,AMD,,double_cost,0.04634833024814775,18.59660793441876,2022
,,,c078bd380c38010303240838,time_value,,,1,2,2022-06-13,2022-06-13,,,111,,,2022-06-14,112,False,,,2022-06-13,,,,,,,"{""market_momentum"": -0.044196360299739945, ""market_volatility"": 0.019467383046285182, ""momentum"": -0.0008040431886056076, ""volatility"": 0.04634833024814775, ""volume_state"": 18.59660793441876}",assumed_next_daily_close,,expiry,0000002488,,-0.044196360299739945,0.019467383046285182,-0.0008040431886056076,,,,,,,2365de4d09ca404355304144,False,,,,,,bounded_preclose_bid_ask,,,False,not_requested_for_horizon_or_variant,no_standard_contract_within_rules,event,covered_call,,no_standard_contract_within_rules,,,True,,H23,3,AMD,,double_cost,0.04634833024814775,18.59660793441876,2022
,,,c504a6432717d2dce7c9fc3f,time_value,,,1,2,2023-04-25,2023-04-25,,,328,,,2023-04-26,329,False,,,2023-11-01,,,,,,,"{""market_momentum"": 0.02610233733417555, ""market_volatility"": 0.006959160216222656, ""momentum"": -0.02290649643259479, ""volatility"": 0.014829512563819048, ""volume_state"": 15.055628071919148}",assumed_next_daily_close,,1,0000004962,,0.02610233733417555,0.006959160216222656,-0.02290649643259479,,,,,,,22d1881c2853de058df960bd,False,,,,,,bounded_preclose_bid_ask,,,False,not_requested_for_horizon_or_variant,no_standard_contract_within_rules,ordinary,protective_put,,no_standard_contract_within_rules,,,False,,H23,3,AXP,,double_cost,0.014829512563819048,15.055628071919148,2023
,,,c504a6432717d2dce7c9fc3f,time_value,,,1,2,2023-04-25,2023-04-25,,,328,,,2023-04-26,329,False,,,2023-11-01,,,,,,,"{""market_momentum"": 0.02610233733417555, ""market_volatility"": 0.006959160216222656, ""momentum"": -0.02290649643259479, ""volatility"": 0.014829512563819048, ""volume_state"": 15.055628071919148}",assumed_next_daily_close,,1,0000004962,,0.02610233733417555,0.006959160216222656,-0.02290649643259479,,,,,,,22d1881c2853de058df960bd,False,,,,,,bounded_preclose_bid_ask,,,False,not_requested_for_horizon_or_variant,no_standard_contract_within_rules,ordinary,protective_put,,no_standard_contract_within_rules,,,True,,H23,3,AXP,,double_cost,0.014829512563819048,15.055628071919148,2023
,,,c504a6432717d2dce7c9fc3f,time_value,,,1,2,2023-04-25,2023-04-25,,,328,,,2023-04-26,329,False,,,2023-11-01,,,,,,,"{""market_momentum"": 0.02610233733417555, ""market_volatility"": 0.006959160216222656, ""momentum"": -0.02290649643259479, ""volatility"": 0.014829512563819048, ""volume_state"": 15.055628071919148}",assumed_next_daily_close,,2,0000004962,,0.02610233733417555,0.006959160216222656,-0.02290649643259479,,,,,,,22d1881c2853de058df960bd,False,,,,,,bounded_preclose_bid_ask,,,False,not_requested_for_horizon_or_variant,no_standard_contract_within_rules,ordinary,protective_put,,no_standard_contract_within_rules,,,False,,H23,3,AXP,,double_cost,0.014829512563819048,15.055628071919148,2023
,,,c504a6432717d2dce7c9fc3f,time_value,,,1,2,2023-04-25,2023-04-25,,,328,,,2023-04-26,329,False,,,2023-11-01,,,,,,,"{""market_momentum"": 0.02610233733417555, ""market_volatility"": 0.006959160216222656, ""momentum"": -0.02290649643259479, ""volatility"": 0.014829512563819048, ""volume_state"": 15.055628071919148}",assumed_next_daily_close,,2,0000004962,,0.02610233733417555,0.006959160216222656,-0.02290649643259479,,,,,,,22d1881c2853de058df960bd,False,,,,,,bounded_preclose_bid_ask,,,False,not_requested_for_horizon_or_variant,no_standard_contract_within_rules,ordinary,protective_put,,no_standard_contract_within_rules,,,True,,H23,3,AXP,,double_cost,0.014829512563819048,15.055628071919148,2023
,,,c504a6432717d2dce7c9fc3f,time_value,,,1,2,2023-04-25,2023-04-25,,,328,,,2023-04-26,329,False,,,2023-11-01,,,,,,,"{""market_momentum"": 0.02610233733417555, ""market_volatility"": 0.006959160216222656, ""momentum"": -0.02290649643259479, ""volatility"": 0.014829512563819048, ""volume_state"": 15.055628071919148}",assumed_next_daily_close,,3,0000004962,,0.02610233733417555,0.006959160216222656,-0.02290649643259479,,,,,,,22d1881c2853de058df960bd,False,,,,,,bounded_preclose_bid_ask,,,False,not_requested_for_horizon_or_variant,no_standard_contract_within_rules,ordinary,protective_put,,no_standard_contract_within_rules,,,False,,H23,3,AXP,,double_cost,0.014829512563819048,15.055628071919148,2023
,,,c504a6432717d2dce7c9fc3f,time_value,,,1,2,2023-04-25,2023-04-25,,,328,,,2023-04-26,329,False,,,2023-11-01,,,,,,,"{""market_momentum"": 0.02610233733417555, ""market_volatility"": 0.006959160216222656, ""momentum"": -0.02290649643259479, ""volatility"": 0.014829512563819048, ""volume_state"": 15.055628071919148}",assumed_next_daily_close,,3,0000004962,,0.02610233733417555,0.006959160216222656,-0.02290649643259479,,,,,,,22d1881c2853de058df960bd,False,,,,,,bounded_preclose_bid_ask,,,False,not_requested_for_horizon_or_variant,no_standard_contract_within_rules,ordinary,protective_put,,no_standard_contract_within_rules,,,True,,H23,3,AXP,,double_cost,0.014829512563819048,15.055628071919148,2023
,,,c504a6432717d2dce7c9fc3f,time_value,,,1,2,2023-04-25,2023-04-25,,,328,,,2023-04-26,329,False,,,2023-11-01,,,,,,,"{""market_momentum"": 0.02610233733417555, ""market_volatility"": 0.006959160216222656, ""momentum"": -0.02290649643259479, ""volatility"": 0.014829512563819048, ""volume_state"": 15.055628071919148}",assumed_next_daily_close,,5,0000004962,,0.02610233733417555,0.006959160216222656,-0.02290649643259479,,,,,,,22d1881c2853de058df960bd,False,,,,,,bounded_preclose_bid_ask,,,False,not_requested_for_horizon_or_variant,no_standard_contract_within_rules,ordinary,protective_put,,no_standard_contract_within_rules,,,False,,H23,3,AXP,,double_cost,0.014829512563819048,15.055628071919148,2023
,,,c504a6432717d2dce7c9fc3f,time_value,,,1,2,2023-04-25,2023-04-25,,,328,,,2023-04-26,329,False,,,2023-11-01,,,,,,,"{""market_momentum"": 0.02610233733417555, ""market_volatility"": 0.006959160216222656, ""momentum"": -0.02290649643259479, ""volatility"": 0.014829512563819048, ""volume_state"": 15.055628071919148}",assumed_next_daily_close,,5,0000004962,,0.02610233733417555,0.006959160216222656,-0.02290649643259479,,,,,,,22d1881c2853de058df960bd,False,,,,,,bounded_preclose_bid_ask,,,False,not_requested_for_horizon_or_variant,no_standard_contract_within_rules,ordinary,protective_put,,no_standard_contract_within_rules,,,True,,H23,3,AXP,,double_cost,0.014829512563819048,15.055628071919148,2023
,,,c504a6432717d2dce7c9fc3f,time_value,,,1,2,2023-04-25,2023-04-25,,,328,,,2023-04-26,329,False,,,2023-11-01,,,,,,,"{""market_momentum"": 0.02610233733417555, ""market_volatility"": 0.006959160216222656, ""momentum"": -0.02290649643259479, ""volatility"": 0.014829512563819048, ""volume_state"": 15.055628071919148}",assumed_next_daily_close,,10,0000004962,,0.02610233733417555,0.006959160216222656,-0.02290649643259479,,,,,,,22d1881c2853de058df960bd,False,,,,,,bounded_preclose_bid_ask,,,False,not_requested_for_horizon_or_variant,no_standard_contract_within_rules,ordinary,protective_put,,no_standard_contract_within_rules,,,False,,H23,3,AXP,,double_cost,0.014829512563819048,15.055628071919148,2023
,,,c504a6432717d2dce7c9fc3f,time_value,,,1,2,2023-04-25,2023-04-25,,,328,,,2023-04-26,329,False,,,2023-11-01,,,,,,,"{""market_momentum"": 0.02610233733417555, ""market_volatility"": 0.006959160216222656, ""momentum"": -0.02290649643259479, ""volatility"": 0.014829512563819048, ""volume_state"": 15.055628071919148}",assumed_next_daily_close,,10,0000004962,,0.02610233733417555,0.006959160216222656,-0.02290649643259479,,,,,,,22d1881c2853de058df960bd,False,,,,,,bounded_preclose_bid_ask,,,False,not_requested_for_horizon_or_variant,no_standard_contract_within_rules,ordinary,protective_put,,no_standard_contract_within_rules,,,True,,H23,3,AXP,,double_cost,0.014829512563819048,15.055628071919148,2023
,,,c504a6432717d2dce7c9fc3f,time_value,,,1,2,2023-04-25,2023-04-25,,,328,,,2023-04-26,329,False,,,2023-11-01,,,,,,,"{""market_momentum"": 0.02610233733417555, ""market_volatility"": 0.006959160216222656, ""momentum"": -0.02290649643259479, ""volatility"": 0.014829512563819048, ""volume_state"": 15.055628071919148}",assumed_next_daily_close,,21,0000004962,,0.02610233733417555,0.006959160216222656,-0.02290649643259479,,,,,,,22d1881c2853de058df960bd,False,,,,,,bounded_preclose_bid_ask,,,False,not_requested_for_horizon_or_variant,no_standard_contract_within_rules,ordinary,protective_put,,no_standard_contract_within_rules,,,False,,H23,3,AXP,,double_cost,0.014829512563819048,15.055628071919148,2023
,,,c504a6432717d2dce7c9fc3f,time_value,,,1,2,2023-04-25,2023-04-25,,,328,,,2023-04-26,329,False,,,2023-11-01,,,,,,,"{""market_momentum"": 0.02610233733417555, ""market_volatility"": 0.006959160216222656, ""momentum"": -0.02290649643259479, ""volatility"": 0.014829512563819048, ""volume_state"": 15.055628071919148}",assumed_next_daily_close,,21,0000004962,,0.02610233733417555,0.006959160216222656,-0.02290649643259479,,,,,,,22d1881c2853de058df960bd,False,,,,,,bounded_preclose_bid_ask,,,False,not_requested_for_horizon_or_variant,no_standard_contract_within_rules,ordinary,protective_put,,no_standard_contract_within_rules,,,True,,H23,3,AXP,,double_cost,0.014829512563819048,15.055628071919148,2023
,,,c504a6432717d2dce7c9fc3f,time_value,,,1,2,2023-04-25,2023-04-25,,,328,,,2023-04-26,329,False,,,2023-11-01,,,,,,,"{""market_momentum"": 0.02610233733417555, ""market_volatility"": 0.006959160216222656, ""momentum"": -0.02290649643259479, ""volatility"": 0.014829512563819048, ""volume_state"": 15.055628071919148}",assumed_next_daily_close,,42,0000004962,,0.02610233733417555,0.006959160216222656,-0.02290649643259479,,,,,,,22d1881c2853de058df960bd,False,,,,,,bounded_preclose_bid_ask,,,False,not_requested_for_horizon_or_variant,no_standard_contract_within_rules,ordinary,protective_put,,no_standard_contract_within_rules,,,False,,H23,3,AXP,,double_cost,0.014829512563819048,15.055628071919148,2023
,,,c504a6432717d2dce7c9fc3f,time_value,,,1,2,2023-04-25,2023-04-25,,,328,,,2023-04-26,329,False,,,2023-11-01,,,,,,,"{""market_momentum"": 0.02610233733417555, ""market_volatility"": 0.006959160216222656, ""momentum"": -0.02290649643259479, ""volatility"": 0.014829512563819048, ""volume_state"": 15.055628071919148}",assumed_next_daily_close,,42,0000004962,,0.02610233733417555,0.006959160216222656,-0.02290649643259479,,,,,,,22d1881c2853de058df960bd,False,,,,,,bounded_preclose_bid_ask,,,False,not_requested_for_horizon_or_variant,no_standard_contract_within_rules,ordinary,protective_put,,no_standard_contract_within_rules,,,True,,H23,3,AXP,,double_cost,0.014829512563819048,15.055628071919148,2023
,,,c504a6432717d2dce7c9fc3f,time_value,,,1,2,2023-04-25,2023-04-25,,,328,,,2023-04-26,329,False,,,2023-11-01,,,,,,,"{""market_momentum"": 0.02610233733417555, ""market_volatility"": 0.006959160216222656, ""momentum"": -0.02290649643259479, ""volatility"": 0.014829512563819048, ""volume_state"": 15.055628071919148}",assumed_next_daily_close,,63,0000004962,,0.02610233733417555,0.006959160216222656,-0.02290649643259479,,,,,,,22d1881c2853de058df960bd,False,,,,,,bounded_preclose_bid_ask,,,False,not_requested_for_horizon_or_variant,no_standard_contract_within_rules,ordinary,protective_put,,no_standard_contract_within_rules,,,False,,H23,3,AXP,,double_cost,0.014829512563819048,15.055628071919148,2023
,,,c504a6432717d2dce7c9fc3f,time_value,,,1,2,2023-04-25,2023-04-25,,,328,,,2023-04-26,329,False,,,2023-11-01,,,,,,,"{""market_momentum"": 0.02610233733417555, ""market_volatility"": 0.006959160216222656, ""momentum"": -0.02290649643259479, ""volatility"": 0.014829512563819048, ""volume_state"": 15.055628071919148}",assumed_next_daily_close,,63,0000004962,,0.02610233733417555,0.006959160216222656,-0.02290649643259479,,,,,,,22d1881c2853de058df960bd,False,,,,,,bounded_preclose_bid_ask,,,False,not_requested_for_horizon_or_variant,no_standard_contract_within_rules,ordinary,protective_put,,no_standard_contract_within_rules,,,True,,H23,3,AXP,,double_cost,0.014829512563819048,15.055628071919148,2023
,,,c504a6432717d2dce7c9fc3f,time_value,,,1,2,2023-04-25,2023-04-25,,,328,,,2023-04-26,329,False,,,2023-11-01,,,,,,,"{""market_momentum"": 0.02610233733417555, ""market_volatility"": 0.006959160216222656, ""momentum"": -0.02290649643259479, ""volatility"": 0.014829512563819048, ""volume_state"": 15.055628071919148}",assumed_next_daily_close,,expiry,0000004962,,0.02610233733417555,0.006959160216222656,-0.02290649643259479,,,,,,,22d1881c2853de058df960bd,False,,,,,,bounded_preclose_bid_ask,,,False,not_requested_for_horizon_or_variant,no_standard_contract_within_rules,ordinary,protective_put,,no_standard_contract_within_rules,,,False,,H23,3,AXP,,double_cost,0.014829512563819048,15.055628071919148,2023
,,,c504a6432717d2dce7c9fc3f,time_value,,,1,2,2023-04-25,2023-04-25,,,328,,,2023-04-26,329,False,,,2023-11-01,,,,,,,"{""market_momentum"": 0.02610233733417555, ""market_volatility"": 0.006959160216222656, ""momentum"": -0.02290649643259479, ""volatility"": 0.014829512563819048, ""volume_state"": 15.055628071919148}",assumed_next_daily_close,,expiry,0000004962,,0.02610233733417555,0.006959160216222656,-0.02290649643259479,,,,,,,22d1881c2853de058df960bd,False,,,,,,bounded_preclose_bid_ask,,,False,not_requested_for_horizon_or_variant,no_standard_contract_within_rules,ordinary,protective_put,,no_standard_contract_within_rules,,,True,,H23,3,AXP,,double_cost,0.014829512563819048,15.055628071919148,2023
,,,c52efa219daf5f061dfbd7d4,time_value,,,1,2,2023-11-01,2023-11-01,,,460,,,2023-11-02,461,False,,,2023-11-01,,,,,,,"{""market_momentum"": 0.002538010863635476, ""market_volatility"": 0.008683070651405911, ""momentum"": 0.009651844191657988, ""volatility"": 0.016168471078917522, ""volume_state"": 15.04138957382017}",assumed_next_daily_close,,1,0000004962,,0.002538010863635476,0.008683070651405911,0.009651844191657988,,,,,,,22d1881c2853de058df960bd,False,,,,,,bounded_preclose_bid_ask,,,False,not_requested_for_horizon_or_variant,missing_decision_or_entry_bar,event,protective_put,,missing_decision_or_entry_bar,,,False,,H23,3,AXP,,double_cost,0.016168471078917522,15.04138957382017,2023
,,,c52efa219daf5f061dfbd7d4,time_value,,,1,2,2023-11-01,2023-11-01,,,460,,,2023-11-02,461,False,,,2023-11-01,,,,,,,"{""market_momentum"": 0.002538010863635476, ""market_volatility"": 0.008683070651405911, ""momentum"": 0.009651844191657988, ""volatility"": 0.016168471078917522, ""volume_state"": 15.04138957382017}",assumed_next_daily_close,,1,0000004962,,0.002538010863635476,0.008683070651405911,0.009651844191657988,,,,,,,22d1881c2853de058df960bd,False,,,,,,bounded_preclose_bid_ask,,,False,not_requested_for_horizon_or_variant,missing_decision_or_entry_bar,event,protective_put,,missing_decision_or_entry_bar,,,True,,H23,3,AXP,,double_cost,0.016168471078917522,15.04138957382017,2023
,,,c52efa219daf5f061dfbd7d4,time_value,,,1,2,2023-11-01,2023-11-01,,,460,,,2023-11-02,461,False,,,2023-11-01,,,,,,,"{""market_momentum"": 0.002538010863635476, ""market_volatility"": 0.008683070651405911, ""momentum"": 0.009651844191657988, ""volatility"": 0.016168471078917522, ""volume_state"": 15.04138957382017}",assumed_next_daily_close,,2,0000004962,,0.002538010863635476,0.008683070651405911,0.009651844191657988,,,,,,,22d1881c2853de058df960bd,False,,,,,,bounded_preclose_bid_ask,,,False,not_requested_for_horizon_or_variant,missing_decision_or_entry_bar,event,protective_put,,missing_decision_or_entry_bar,,,False,,H23,3,AXP,,double_cost,0.016168471078917522,15.04138957382017,2023
,,,c52efa219daf5f061dfbd7d4,time_value,,,1,2,2023-11-01,2023-11-01,,,460,,,2023-11-02,461,False,,,2023-11-01,,,,,,,"{""market_momentum"": 0.002538010863635476, ""market_volatility"": 0.008683070651405911, ""momentum"": 0.009651844191657988, ""volatility"": 0.016168471078917522, ""volume_state"": 15.04138957382017}",assumed_next_daily_close,,2,0000004962,,0.002538010863635476,0.008683070651405911,0.009651844191657988,,,,,,,22d1881c2853de058df960bd,False,,,,,,bounded_preclose_bid_ask,,,False,not_requested_for_horizon_or_variant,missing_decision_or_entry_bar,event,protective_put,,missing_decision_or_entry_bar,,,True,,H23,3,AXP,,double_cost,0.016168471078917522,15.04138957382017,2023
,,,c52efa219daf5f061dfbd7d4,time_value,,,1,2,2023-11-01,2023-11-01,,,460,,,2023-11-02,461,False,,,2023-11-01,,,,,,,"{""market_momentum"": 0.002538010863635476, ""market_volatility"": 0.008683070651405911, ""momentum"": 0.009651844191657988, ""volatility"": 0.016168471078917522, ""volume_state"": 15.04138957382017}",assumed_next_daily_close,,3,0000004962,,0.002538010863635476,0.008683070651405911,0.009651844191657988,,,,,,,22d1881c2853de058df960bd,False,,,,,,bounded_preclose_bid_ask,,,False,not_requested_for_horizon_or_variant,missing_decision_or_entry_bar,event,protective_put,,missing_decision_or_entry_bar,,,False,,H23,3,AXP,,double_cost,0.016168471078917522,15.04138957382017,2023
,,,c52efa219daf5f061dfbd7d4,time_value,,,1,2,2023-11-01,2023-11-01,,,460,,,2023-11-02,461,False,,,2023-11-01,,,,,,,"{""market_momentum"": 0.002538010863635476, ""market_volatility"": 0.008683070651405911, ""momentum"": 0.009651844191657988, ""volatility"": 0.016168471078917522, ""volume_state"": 15.04138957382017}",assumed_next_daily_close,,3,0000004962,,0.002538010863635476,0.008683070651405911,0.009651844191657988,,,,,,,22d1881c2853de058df960bd,False,,,,,,bounded_preclose_bid_ask,,,False,not_requested_for_horizon_or_variant,missing_decision_or_entry_bar,event,protective_put,,missing_decision_or_entry_bar,,,True,,H23,3,AXP,,double_cost,0.016168471078917522,15.04138957382017,2023
,,,c52efa219daf5f061dfbd7d4,time_value,,,1,2,2023-11-01,2023-11-01,,,460,,,2023-11-02,461,False,,,2023-11-01,,,,,,,"{""market_momentum"": 0.002538010863635476, ""market_volatility"": 0.008683070651405911, ""momentum"": 0.009651844191657988, ""volatility"": 0.016168471078917522, ""volume_state"": 15.04138957382017}",assumed_next_daily_close,,5,0000004962,,0.002538010863635476,0.008683070651405911,0.009651844191657988,,,,,,,22d1881c2853de058df960bd,False,,,,,,bounded_preclose_bid_ask,,,False,not_requested_for_horizon_or_variant,missing_decision_or_entry_bar,event,protective_put,,missing_decision_or_entry_bar,,,False,,H23,3,AXP,,double_cost,0.016168471078917522,15.04138957382017,2023
,,,c52efa219daf5f061dfbd7d4,time_value,,,1,2,2023-11-01,2023-11-01,,,460,,,2023-11-02,461,False,,,2023-11-01,,,,,,,"{""market_momentum"": 0.002538010863635476, ""market_volatility"": 0.008683070651405911, ""momentum"": 0.009651844191657988, ""volatility"": 0.016168471078917522, ""volume_state"": 15.04138957382017}",assumed_next_daily_close,,5,0000004962,,0.002538010863635476,0.008683070651405911,0.009651844191657988,,,,,,,22d1881c2853de058df960bd,False,,,,,,bounded_preclose_bid_ask,,,False,not_requested_for_horizon_or_variant,missing_decision_or_entry_bar,event,protective_put,,missing_decision_or_entry_bar,,,True,,H23,3,AXP,,double_cost,0.016168471078917522,15.04138957382017,2023
,,,c52efa219daf5f061dfbd7d4,time_value,,,1,2,2023-11-01,2023-11-01,,,460,,,2023-11-02,461,False,,,2023-11-01,,,,,,,"{""market_momentum"": 0.002538010863635476, ""market_volatility"": 0.008683070651405911, ""momentum"": 0.009651844191657988, ""volatility"": 0.016168471078917522, ""volume_state"": 15.04138957382017}",assumed_next_daily_close,,10,0000004962,,0.002538010863635476,0.008683070651405911,0.009651844191657988,,,,,,,22d1881c2853de058df960bd,False,,,,,,bounded_preclose_bid_ask,,,False,not_requested_for_horizon_or_variant,missing_decision_or_entry_bar,event,protective_put,,missing_decision_or_entry_bar,,,False,,H23,3,AXP,,double_cost,0.016168471078917522,15.04138957382017,2023
,,,c52efa219daf5f061dfbd7d4,time_value,,,1,2,2023-11-01,2023-11-01,,,460,,,2023-11-02,461,False,,,2023-11-01,,,,,,,"{""market_momentum"": 0.002538010863635476, ""market_volatility"": 0.008683070651405911, ""momentum"": 0.009651844191657988, ""volatility"": 0.016168471078917522, ""volume_state"": 15.04138957382017}",assumed_next_daily_close,,10,0000004962,,0.002538010863635476,0.008683070651405911,0.009651844191657988,,,,,,,22d1881c2853de058df960bd,False,,,,,,bounded_preclose_bid_ask,,,False,not_requested_for_horizon_or_variant,missing_decision_or_entry_bar,event,protective_put,,missing_decision_or_entry_bar,,,True,,H23,3,AXP,,double_cost,0.016168471078917522,15.04138957382017,2023
,,,c52efa219daf5f061dfbd7d4,time_value,,,1,2,2023-11-01,2023-11-01,,,460,,,2023-11-02,461,False,,,2023-11-01,,,,,,,"{""market_momentum"": 0.002538010863635476, ""market_volatility"": 0.008683070651405911, ""momentum"": 0.009651844191657988, ""volatility"": 0.016168471078917522, ""volume_state"": 15.04138957382017}",assumed_next_daily_close,,21,0000004962,,0.002538010863635476,0.008683070651405911,0.009651844191657988,,,,,,,22d1881c2853de058df960bd,False,,,,,,bounded_preclose_bid_ask,,,False,not_requested_for_horizon_or_variant,missing_decision_or_entry_bar,event,protective_put,,missing_decision_or_entry_bar,,,False,,H23,3,AXP,,double_cost,0.016168471078917522,15.04138957382017,2023
,,,c52efa219daf5f061dfbd7d4,time_value,,,1,2,2023-11-01,2023-11-01,,,460,,,2023-11-02,461,False,,,2023-11-01,,,,,,,"{""market_momentum"": 0.002538010863635476, ""market_volatility"": 0.008683070651405911, ""momentum"": 0.009651844191657988, ""volatility"": 0.016168471078917522, ""volume_state"": 15.04138957382017}",assumed_next_daily_close,,21,0000004962,,0.002538010863635476,0.008683070651405911,0.009651844191657988,,,,,,,22d1881c2853de058df960bd,False,,,,,,bounded_preclose_bid_ask,,,False,not_requested_for_horizon_or_variant,missing_decision_or_entry_bar,event,protective_put,,missing_decision_or_entry_bar,,,True,,H23,3,AXP,,double_cost,0.016168471078917522,15.04138957382017,2023
,,,c52efa219daf5f061dfbd7d4,time_value,,,1,2,2023-11-01,2023-11-01,,,460,,,2023-11-02,461,False,,,2023-11-01,,,,,,,"{""market_momentum"": 0.002538010863635476, ""market_volatility"": 0.008683070651405911, ""momentum"": 0.009651844191657988, ""volatility"": 0.016168471078917522, ""volume_state"": 15.04138957382017}",assumed_next_daily_close,,42,0000004962,,0.002538010863635476,0.008683070651405911,0.009651844191657988,,,,,,,22d1881c2853de058df960bd,False,,,,,,bounded_preclose_bid_ask,,,False,not_requested_for_horizon_or_variant,missing_decision_or_entry_bar,event,protective_put,,missing_decision_or_entry_bar,,,False,,H23,3,AXP,,double_cost,0.016168471078917522,15.04138957382017,2023
,,,c52efa219daf5f061dfbd7d4,time_value,,,1,2,2023-11-01,2023-11-01,,,460,,,2023-11-02,461,False,,,2023-11-01,,,,,,,"{""market_momentum"": 0.002538010863635476, ""market_volatility"": 0.008683070651405911, ""momentum"": 0.009651844191657988, ""volatility"": 0.016168471078917522, ""volume_state"": 15.04138957382017}",assumed_next_daily_close,,42,0000004962,,0.002538010863635476,0.008683070651405911,0.009651844191657988,,,,,,,22d1881c2853de058df960bd,False,,,,,,bounded_preclose_bid_ask,,,False,not_requested_for_horizon_or_variant,missing_decision_or_entry_bar,event,protective_put,,missing_decision_or_entry_bar,,,True,,H23,3,AXP,,double_cost,0.016168471078917522,15.04138957382017,2023
,,,c52efa219daf5f061dfbd7d4,time_value,,,1,2,2023-11-01,2023-11-01,,,460,,,2023-11-02,461,False,,,2023-11-01,,,,,,,"{""market_momentum"": 0.002538010863635476, ""market_volatility"": 0.008683070651405911, ""momentum"": 0.009651844191657988, ""volatility"": 0.016168471078917522, ""volume_state"": 15.04138957382017}",assumed_next_daily_close,,63,0000004962,,0.002538010863635476,0.008683070651405911,0.009651844191657988,,,,,,,22d1881c2853de058df960bd,False,,,,,,bounded_preclose_bid_ask,,,False,not_requested_for_horizon_or_variant,missing_decision_or_entry_bar,event,protective_put,,missing_decision_or_entry_bar,,,False,,H23,3,AXP,,double_cost,0.016168471078917522,15.04138957382017,2023
,,,c52efa219daf5f061dfbd7d4,time_value,,,1,2,2023-11-01,2023-11-01,,,460,,,2023-11-02,461,False,,,2023-11-01,,,,,,,"{""market_momentum"": 0.002538010863635476, ""market_volatility"": 0.008683070651405911, ""momentum"": 0.009651844191657988, ""volatility"": 0.016168471078917522, ""volume_state"": 15.04138957382017}",assumed_next_daily_close,,63,0000004962,,0.002538010863635476,0.008683070651405911,0.009651844191657988,,,,,,,22d1881c2853de058df960bd,False,,,,,,bounded_preclose_bid_ask,,,False,not_requested_for_horizon_or_variant,missing_decision_or_entry_bar,event,protective_put,,missing_decision_or_entry_bar,,,True,,H23,3,AXP,,double_cost,0.016168471078917522,15.04138957382017,2023
,,,c52efa219daf5f061dfbd7d4,time_value,,,1,2,2023-11-01,2023-11-01,,,460,,,2023-11-02,461,False,,,2023-11-01,,,,,,,"{""market_momentum"": 0.002538010863635476, ""market_volatility"": 0.008683070651405911, ""momentum"": 0.009651844191657988, ""volatility"": 0.016168471078917522, ""volume_state"": 15.04138957382017}",assumed_next_daily_close,,expiry,0000004962,,0.002538010863635476,0.008683070651405911,0.009651844191657988,,,,,,,22d1881c2853de058df960bd,False,,,,,,bounded_preclose_bid_ask,,,False,not_requested_for_horizon_or_variant,missing_decision_or_entry_bar,event,protective_put,,missing_decision_or_entry_bar,,,False,,H23,3,AXP,,double_cost,0.016168471078917522,15.04138957382017,2023
,,,c52efa219daf5f061dfbd7d4,time_value,,,1,2,2023-11-01,2023-11-01,,,460,,,2023-11-02,461,False,,,2023-11-01,,,,,,,"{""market_momentum"": 0.002538010863635476, ""market_volatility"": 0.008683070651405911, ""momentum"": 0.009651844191657988, ""volatility"": 0.016168471078917522, ""volume_state"": 15.04138957382017}",assumed_next_daily_close,,expiry,0000004962,,0.002538010863635476,0.008683070651405911,0.009651844191657988,,,,,,,22d1881c2853de058df960bd,False,,,,,,bounded_preclose_bid_ask,,,False,not_requested_for_horizon_or_variant,missing_decision_or_entry_bar,event,protective_put,,missing_decision_or_entry_bar,,,True,,H23,3,AXP,,double_cost,0.016168471078917522,15.04138957382017,2023
0.053820097854723414,2022-02-11,28,cdecd6fd42cb4be65c772129,time_value,75.4816,O:AMD220617C00140000,1,2,2022-02-09,2022-02-09,128,0.09341362438840799,26,0.0,0.08796803689274071,2022-02-10,27,True,2022-02-11,28,2022-06-10,229,108939859.0,2022-02-11,scheduled_exit,28,2022-06-17,"{""market_momentum"": -0.01712100706751729, ""market_volatility"": 0.012640436624071728, ""momentum"": 0.006439393939393856, ""volatility"": 0.03901188867155281, ""volume_state"": 18.36068771284885}",assumed_next_daily_close,12577.0,1,0000002488,0,-0.01712100706751729,0.012640436624071728,0.006439393939393856,-1106.374,-0.08796803689274071,110.8924,9.45,6.06,338.99999999999994,974adb708dac1471a8674416,True,0.0005408328826392645,1849,9.320503163635088e-07,107290345.0,,bounded_preclose_bid_ask,,,False,not_requested_for_horizon_or_variant,,ordinary,covered_call,100,completed,125.77,113.18,False,-1259.0,H23,3,AMD,186.374,double_cost,0.03901188867155281,18.36068771284885,2022
0.053820097854723414,2022-02-11,28,cdecd6fd42cb4be65c772129,time_value,13.581599999999998,O:AMD220617C00140000,1,2,2022-02-09,2022-02-09,128,0.09341362438840799,26,0.0,0.10238323924624314,2022-02-10,27,True,2022-02-11,28,2022-06-10,229,108939859.0,2022-02-11,scheduled_exit,28,2022-06-17,"{""market_momentum"": -0.01712100706751729, ""market_volatility"": 0.012640436624071728, ""momentum"": 0.006439393939393856, ""volatility"": 0.03901188867155281, ""volume_state"": 18.36068771284885}",assumed_next_daily_close,12577.0,1,0000002488,0,-0.01712100706751729,0.012640436624071728,0.006439393939393856,-1287.674,-0.10238323924624314,15.092399999999998,9.45,0.0,-0.0,974adb708dac1471a8674416,True,0.0005408328826392645,1849,9.320503163635088e-07,107290345.0,,bounded_preclose_bid_ask,,,False,not_requested_for_horizon_or_variant,,ordinary,covered_call,100,completed,125.77,113.18,True,-1259.0,H23,3,AMD,28.673999999999996,double_cost,0.03901188867155281,18.36068771284885,2022
0.053820097854723414,2022-02-14,29,cdecd6fd42cb4be65c772129,time_value,77.5124,O:AMD220617C00140000,1,2,2022-02-09,2022-02-09,128,0.09341362438840799,26,0.0,0.08796803689274077,2022-02-10,27,True,2022-02-14,29,2022-06-10,229,108939859.0,2022-02-14,scheduled_exit,29,2022-06-17,"{""market_momentum"": -0.01712100706751729, ""market_volatility"": 0.012640436624071728, ""momentum"": 0.006439393939393856, ""volatility"": 0.03901188867155281, ""volume_state"": 18.36068771284885}",assumed_next_daily_close,12577.0,2,0000002488,0,-0.01712100706751729,0.012640436624071728,0.006439393939393856,-1018.4047999999999,-0.0809735867058917,110.8924,9.45,6.25,319.99999999999994,974adb708dac1471a8674416,True,0.0005408328826392645,1849,9.320503163635088e-07,107290345.0,,bounded_preclose_bid_ask,,,False,not_requested_for_horizon_or_variant,,ordinary,covered_call,100,completed,125.77,114.27,False,-1150.0,H23,3,AMD,188.4048,double_cost,0.03901188867155281,18.36068771284885,2022
0.053820097854723414,2022-02-14,29,cdecd6fd42cb4be65c772129,time_value,13.712399999999999,O:AMD220617C00140000,1,2,2022-02-09,2022-02-09,128,0.09341362438840799,26,0.0,0.10238323924624311,2022-02-10,27,True,2022-02-14,29,2022-06-10,229,108939859.0,2022-02-14,scheduled_exit,29,2022-06-17,"{""market_momentum"": -0.01712100706751729, ""market_volatility"": 0.012640436624071728, ""momentum"": 0.006439393939393856, ""volatility"": 0.03901188867155281, ""volume_state"": 18.36068771284885}",assumed_next_daily_close,12577.0,2,0000002488,0,-0.01712100706751729,0.012640436624071728,0.006439393939393856,-1178.8048,-0.09372702552277967,15.092399999999998,9.45,0.0,-0.0,974adb708dac1471a8674416,True,0.0005408328826392645,1849,9.320503163635088e-07,107290345.0,,bounded_preclose_bid_ask,,,False,not_requested_for_horizon_or_variant,,ordinary,covered_call,100,completed,125.77,114.27,True,-1150.0,H23,3,AMD,28.804799999999997,double_cost,0.03901188867155281,18.36068771284885,2022
0.053820097854723414,2022-02-15,30,cdecd6fd42cb4be65c772129,time_value,96.87639999999999,O:AMD220617C00140000,1,2,2022-02-09,2022-02-09,128,0.09341362438840799,26,0.0,0.08796803689274077,2022-02-10,27,True,2022-02-15,30,2022-06-10,229,108939859.0,2022-02-15,scheduled_exit,30,2022-06-17,"{""market_momentum"": -0.01712100706751729, ""market_volatility"": 0.012640436624071728, ""momentum"": 0.006439393939393856, ""volatility"": 0.03901188867155281, ""volume_state"": 18.36068771284885}",assumed_next_daily_close,12577.0,3,0000002488,0,-0.01712100706751729,0.012640436624071728,0.006439393939393856,-502.7688,-0.03997525642045003,110.8924,9.45,8.1,134.99999999999997,974adb708dac1471a8674416,True,0.0005408328826392645,1849,9.320503163635088e-07,107290345.0,,bounded_preclose_bid_ask,,,False,not_requested_for_horizon_or_variant,,ordinary,covered_call,100,completed,125.77,121.47,False,-430.0,H23,3,AMD,207.7688,double_cost,0.03901188867155281,18.36068771284885,2022
0.053820097854723414,2022-02-15,30,cdecd6fd42cb4be65c772129,time_value,14.5764,O:AMD220617C00140000,1,2,2022-02-09,2022-02-09,128,0.09341362438840799,26,0.0,0.10238323924624311,2022-02-10,27,True,2022-02-15,30,2022-06-10,229,108939859.0,2022-02-15,scheduled_exit,30,2022-06-17,"{""market_momentum"": -0.01712100706751729, ""market_volatility"": 0.012640436624071728, ""momentum"": 0.006439393939393856, ""volatility"": 0.03901188867155281, ""volume_state"": 18.36068771284885}",assumed_next_daily_close,12577.0,3,0000002488,0,-0.01712100706751729,0.012640436624071728,0.006439393939393856,-459.6688,-0.036548366065039355,15.092399999999998,9.45,0.0,-0.0,974adb708dac1471a8674416,True,0.0005408328826392645,1849,9.320503163635088e-07,107290345.0,,bounded_preclose_bid_ask,,,False,not_requested_for_horizon_or_variant,,ordinary,covered_call,100,completed,125.77,121.47,True,-430.0,H23,3,AMD,29.668799999999997,double_cost,0.03901188867155281,18.36068771284885,2022
0.053820097854723414,2022-02-17,32,cdecd6fd42cb4be65c772129,time_value,67.28439999999999,O:AMD220617C00140000,1,2,2022-02-09,2022-02-09,128,0.09341362438840799,26,0.0,0.08796803689274077,2022-02-10,27,True,2022-02-17,32,2022-06-10,229,108939859.0,2022-02-17,scheduled_exit,32,2022-06-17,"{""market_momentum"": -0.01712100706751729, ""market_volatility"": 0.012640436624071728, ""momentum"": 0.006439393939393856, ""volatility"": 0.03901188867155281, ""volume_state"": 18.36068771284885}",assumed_next_daily_close,12577.0,5,0000002488,0,-0.01712100706751729,0.012640436624071728,0.006439393939393856,-1098.1768,-0.08731627574143278,110.8924,9.45,5.25,419.99999999999994,974adb708dac1471a8674416,True,0.0005408328826392645,1849,9.320503163635088e-07,107290345.0,,bounded_preclose_bid_ask,,,False,not_requested_for_horizon_or_variant,,ordinary,covered_call,100,completed,125.77,112.37,False,-1340.0,H23,3,AMD,178.1768,double_cost,0.03901188867155281,18.36068771284885,2022
0.053820097854723414,2022-02-17,32,cdecd6fd42cb4be65c772129,time_value,13.484399999999999,O:AMD220617C00140000,1,2,2022-02-09,2022-02-09,128,0.09341362438840799,26,0.0,0.10881583843523893,2022-02-10,27,True,2022-02-17,32,2022-06-10,229,108939859.0,2022-02-17,scheduled_exit,32,2022-06-17,"{""market_momentum"": -0.01712100706751729, ""market_volatility"": 0.012640436624071728, ""momentum"": 0.006439393939393856, ""volatility"": 0.03901188867155281, ""volume_state"": 18.36068771284885}",assumed_next_daily_close,12577.0,5,0000002488,0,-0.01712100706751729,0.012640436624071728,0.006439393939393856,-1368.5768,-0.10881583843523893,15.092399999999998,9.45,0.0,-0.0,974adb708dac1471a8674416,True,0.0005408328826392645,1849,9.320503163635088e-07,107290345.0,,bounded_preclose_bid_ask,,,False,not_requested_for_horizon_or_variant,,ordinary,covered_call,100,completed,125.77,112.37,True,-1340.0,H23,3,AMD,28.5768,double_cost,0.03901188867155281,18.36068771284885,2022
0.053820097854723414,2022-02-25,37,cdecd6fd42cb4be65c772129,time_value,85.82719999999999,O:AMD220617C00140000,1,2,2022-02-09,2022-02-09,128,0.09341362438840799,26,0.0,0.10262094299117441,2022-02-10,27,True,2022-02-25,37,2022-06-10,229,108939859.0,2022-02-25,scheduled_exit,37,2022-06-17,"{""market_momentum"": -0.01712100706751729, ""market_volatility"": 0.012640436624071728, ""momentum"": 0.006439393939393856, ""volatility"": 0.03901188867155281, ""volume_state"": 18.36068771284885}",assumed_next_daily_close,12577.0,10,0000002488,0,-0.01712100706751729,0.012640436624071728,0.006439393939393856,-422.71960000000007,-0.033610527152739135,110.8924,9.45,7,244.99999999999994,974adb708dac1471a8674416,True,0.0005408328826392645,1849,9.320503163635088e-07,107290345.0,,bounded_preclose_bid_ask,,,False,not_requested_for_horizon_or_variant,,ordinary,covered_call,100,completed,125.77,121.06,False,-471.0,H23,3,AMD,196.71959999999999,double_cost,0.03901188867155281,18.36068771284885,2022
0.053820097854723414,2022-02-25,37,cdecd6fd42cb4be65c772129,time_value,14.527199999999999,O:AMD220617C00140000,1,2,2022-02-09,2022-02-09,128,0.09341362438840799,26,0.0,0.12954310248866976,2022-02-10,27,True,2022-02-25,37,2022-06-10,229,108939859.0,2022-02-25,scheduled_exit,37,2022-06-17,"{""market_momentum"": -0.01712100706751729, ""market_volatility"": 0.012640436624071728, ""momentum"": 0.006439393939393856, ""volatility"": 0.03901188867155281, ""volume_state"": 18.36068771284885}",assumed_next_daily_close,12577.0,10,0000002488,0,-0.01712100706751729,0.012640436624071728,0.006439393939393856,-500.6196,-0.03980437306193846,15.092399999999998,9.45,0.0,-0.0,974adb708dac1471a8674416,True,0.0005408328826392645,1849,9.320503163635088e-07,107290345.0,,bounded_preclose_bid_ask,,,False,not_requested_for_horizon_or_variant,,ordinary,covered_call,100,completed,125.77,121.06,True,-471.0,H23,3,AMD,29.6196,double_cost,0.03901188867155281,18.36068771284885,2022
0.053820097854723414,2022-03-14,48,cdecd6fd42cb4be65c772129,time_value,37.57,O:AMD220617C00140000,1,2,2022-02-09,2022-02-09,128,0.09341362438840799,26,0.0,0.14275760515226205,2022-02-10,27,True,2022-03-14,48,2022-06-10,229,108939859.0,2022-03-14,scheduled_exit,48,2022-06-17,"{""market_momentum"": -0.01712100706751729, ""market_volatility"": 0.012640436624071728, ""momentum"": 0.006439393939393856, ""volatility"": 0.03901188867155281, ""volume_state"": 18.36068771284885}",assumed_next_daily_close,12577.0,21,0000002488,0,-0.01712100706751729,0.012640436624071728,0.006439393939393856,-1795.4624,-0.14275760515226205,110.8924,9.45,2.4,704.9999999999999,974adb708dac1471a8674416,True,0.0005408328826392645,1849,9.320503163635088e-07,107290345.0,,bounded_preclose_bid_ask,,,False,not_requested_for_horizon_or_variant,,ordinary,covered_call,100,completed,125.77,102.25,False,-2352.0,H23,3,AMD,148.4624,double_cost,0.03901188867155281,18.36068771284885,2022
0.053820097854723414,2022-03-14,48,cdecd6fd42cb4be65c772129,time_value,12.27,O:AMD220617C00140000,1,2,2022-02-09,2022-02-09,128,0.09341362438840799,26,0.0,0.18918362089528504,2022-02-10,27,True,2022-03-14,48,2022-06-10,229,108939859.0,2022-03-14,scheduled_exit,48,2022-06-17,"{""market_momentum"": -0.01712100706751729, ""market_volatility"": 0.012640436624071728, ""momentum"": 0.006439393939393856, ""volatility"": 0.03901188867155281, ""volume_state"": 18.36068771284885}",assumed_next_daily_close,12577.0,21,0000002488,0,-0.01712100706751729,0.012640436624071728,0.006439393939393856,-2379.3624,-0.18918362089528504,15.092399999999998,9.45,0.0,-0.0,974adb708dac1471a8674416,True,0.0005408328826392645,1849,9.320503163635088e-07,107290345.0,,bounded_preclose_bid_ask,,,False,not_requested_for_horizon_or_variant,,ordinary,covered_call,100,completed,125.77,102.25,True,-2352.0,H23,3,AMD,27.362399999999997,double_cost,0.03901188867155281,18.36068771284885,2022
0.053820097854723414,2022-04-12,69,cdecd6fd42cb4be65c772129,time_value,18.811999999999998,O:AMD220617C00140000,1,2,2022-02-09,2022-02-09,128,0.09341362438840799,26,0.0,0.18388362884630677,2022-02-10,27,True,2022-04-12,69,2022-06-10,229,108939859.0,2022-04-12,scheduled_exit,69,2022-06-17,"{""market_momentum"": -0.01712100706751729, ""market_volatility"": 0.012640436624071728, ""momentum"": 0.006439393939393856, ""volatility"": 0.03901188867155281, ""volume_state"": 18.36068771284885}",assumed_next_daily_close,12577.0,42,0000002488,0,-0.01712100706751729,0.012640436624071728,0.006439393939393856,-2312.7044,-0.18388362884630677,110.8924,9.45,0.61,884.0,974adb708dac1471a8674416,True,0.0005408328826392645,1849,9.320503163635088e-07,107290345.0,,bounded_preclose_bid_ask,,,False,not_requested_for_horizon_or_variant,,ordinary,covered_call,100,completed,125.77,95.1,False,-3067.0,H23,3,AMD,129.7044,double_cost,0.03901188867155281,18.36068771284885,2022
0.053820097854723414,2022-04-12,69,cdecd6fd42cb4be65c772129,time_value,11.411999999999999,O:AMD220617C00140000,1,2,2022-02-09,2022-02-09,128,0.09341362438840799,26,0.0,0.24596520632901325,2022-02-10,27,True,2022-04-12,69,2022-06-10,229,108939859.0,2022-04-12,scheduled_exit,69,2022-06-17,"{""market_momentum"": -0.01712100706751729, ""market_volatility"": 0.012640436624071728, ""momentum"": 0.006439393939393856, ""volatility"": 0.03901188867155281, ""volume_state"": 18.36068771284885}",assumed_next_daily_close,12577.0,42,0000002488,0,-0.01712100706751729,0.012640436624071728,0.006439393939393856,-3093.5044,-0.24596520632901325,15.092399999999998,9.45,0.0,-0.0,974adb708dac1471a8674416,True,0.0005408328826392645,1849,9.320503163635088e-07,107290345.0,,bounded_preclose_bid_ask,,,False,not_requested_for_horizon_or_variant,,ordinary,covered_call,100,completed,125.77,95.1,True,-3067.0,H23,3,AMD,26.504399999999997,double_cost,0.03901188867155281,18.36068771284885,2022
0.053820097854723414,2022-05-12,90,cdecd6fd42cb4be65c772129,time_value,12.847199999999999,O:AMD220617C00140000,1,2,2022-02-09,2022-02-09,128,0.09341362438840799,26,0.0,0.26130886538920256,2022-02-10,27,True,2022-05-12,90,2022-06-10,229,108939859.0,2022-05-12,scheduled_exit,90,2022-06-17,"{""market_momentum"": -0.01712100706751729, ""market_volatility"": 0.012640436624071728, ""momentum"": 0.006439393939393856, ""volatility"": 0.03901188867155281, ""volume_state"": 18.36068771284885}",assumed_next_daily_close,12577.0,63,0000002488,0,-0.01712100706751729,0.012640436624071728,0.006439393939393856,-3060.7396000000003,-0.24336006996899104,110.8924,9.45,0.11,934.0,974adb708dac1471a8674416,True,0.0005408328826392645,1849,9.320503163635088e-07,107290345.0,,bounded_preclose_bid_ask,,,False,not_requested_for_horizon_or_variant,,ordinary,covered_call,100,completed,125.77,87.06,False,-3871.0,H23,3,AMD,123.7396,double_cost,0.03901188867155281,18.36068771284885,2022
0.053820097854723414,2022-05-12,90,cdecd6fd42cb4be65c772129,time_value,10.447199999999999,O:AMD220617C00140000,1,2,2022-02-09,2022-02-09,128,0.09341362438840799,26,0.0,0.32688889242267627,2022-02-10,27,True,2022-05-12,90,2022-06-10,229,108939859.0,2022-05-12,scheduled_exit,90,2022-06-17,"{""market_momentum"": -0.01712100706751729, ""market_volatility"": 0.012640436624071728, ""momentum"": 0.006439393939393856, ""volatility"": 0.03901188867155281, ""volume_state"": 18.36068771284885}",assumed_next_daily_close,12577.0,63,0000002488,0,-0.01712100706751729,0.012640436624071728,0.006439393939393856,-3896.5396,-0.30981470939015665,15.092399999999998,9.45,0.0,-0.0,974adb708dac1471a8674416,True,0.0005408328826392645,1849,9.320503163635088e-07,107290345.0,,bounded_preclose_bid_ask,,,False,not_requested_for_horizon_or_variant,,ordinary,covered_call,100,completed,125.77,87.06,True,-3871.0,H23,3,AMD,25.539599999999997,double_cost,0.03901188867155281,18.36068771284885,2022
0.053820097854723414,2022-06-17,115,cdecd6fd42cb4be65c772129,time_value,11.088399999999998,O:AMD220617C00140000,1,2,2022-02-09,2022-02-09,128,0.09341362438840799,26,0.0,0.2859967241790571,2022-02-10,27,True,2022-06-17,115,2022-06-10,229,108939859.0,2022-06-17,expiry_worthless,115,2022-06-17,"{""market_momentum"": -0.01712100706751729, ""market_volatility"": 0.012640436624071728, ""momentum"": 0.006439393939393856, ""volatility"": 0.03901188867155281, ""volume_state"": 18.36068771284885}",assumed_next_daily_close,12577.0,expiry,0000002488,0,-0.01712100706751729,0.012640436624071728,0.006439393939393856,-3596.980800000001,-0.2859967241790571,110.8924,9.45,0.0,944.9999999999999,974adb708dac1471a8674416,True,0.0005408328826392645,1849,9.320503163635088e-07,107290345.0,,bounded_preclose_bid_ask,,,False,not_requested_for_horizon_or_variant,,ordinary,covered_call,100,completed,125.77,81.57,False,-4420.000000000001,H23,3,AMD,121.98079999999999,double_cost,0.03901188867155281,18.36068771284885,2022
0.053820097854723414,2022-06-17,115,cdecd6fd42cb4be65c772129,time_value,9.788399999999998,O:AMD220617C00140000,1,2,2022-02-09,2022-02-09,128,0.09341362438840799,26,0.0,0.3534134372266838,2022-02-10,27,True,2022-06-17,115,2022-06-10,229,108939859.0,2022-06-17,scheduled_exit,115,2022-06-17,"{""market_momentum"": -0.01712100706751729, ""market_volatility"": 0.012640436624071728, ""momentum"": 0.006439393939393856, ""volatility"": 0.03901188867155281, ""volume_state"": 18.36068771284885}",assumed_next_daily_close,12577.0,expiry,0000002488,0,-0.01712100706751729,0.012640436624071728,0.006439393939393856,-4444.880800000002,-0.3534134372266838,15.092399999999998,9.45,0.0,-0.0,974adb708dac1471a8674416,True,0.0005408328826392645,1849,9.320503163635088e-07,107290345.0,,bounded_preclose_bid_ask,,,False,not_requested_for_horizon_or_variant,,ordinary,covered_call,100,completed,125.77,81.57,True,-4420.000000000001,H23,3,AMD,24.880799999999994,double_cost,0.03901188867155281,18.36068771284885,2022
,,,ce1fbdb3eac03c4190d981cf,time_value,,,1,2,2022-03-08,2022-03-08,,,44,,,2022-03-09,45,False,,,2022-03-08,,,,,,,"{""market_momentum"": -0.07232003565856915, ""market_volatility"": 0.014657046051352953, ""momentum"": -0.13882163034705397, ""volatility"": 0.03035866163993918, ""volume_state"": 15.381399656323877}",assumed_next_daily_close,,1,0000004962,,-0.07232003565856915,0.014657046051352953,-0.13882163034705397,,,,,,,3763243f08a0b9f3c3a85afe,False,,,,,,bounded_preclose_bid_ask,,,False,not_requested_for_horizon_or_variant,no_standard_contract_within_rules,event,protective_put,,no_standard_contract_within_rules,,,False,,H23,3,AXP,,double_cost,0.03035866163993918,15.381399656323877,2022
,,,ce1fbdb3eac03c4190d981cf,time_value,,,1,2,2022-03-08,2022-03-08,,,44,,,2022-03-09,45,False,,,2022-03-08,,,,,,,"{""market_momentum"": -0.07232003565856915, ""market_volatility"": 0.014657046051352953, ""momentum"": -0.13882163034705397, ""volatility"": 0.03035866163993918, ""volume_state"": 15.381399656323877}",assumed_next_daily_close,,1,0000004962,,-0.07232003565856915,0.014657046051352953,-0.13882163034705397,,,,,,,3763243f08a0b9f3c3a85afe,False,,,,,,bounded_preclose_bid_ask,,,False,not_requested_for_horizon_or_variant,no_standard_contract_within_rules,event,protective_put,,no_standard_contract_within_rules,,,True,,H23,3,AXP,,double_cost,0.03035866163993918,15.381399656323877,2022
,,,ce1fbdb3eac03c4190d981cf,time_value,,,1,2,2022-03-08,2022-03-08,,,44,,,2022-03-09,45,False,,,2022-03-08,,,,,,,"{""market_momentum"": -0.07232003565856915, ""market_volatility"": 0.014657046051352953, ""momentum"": -0.13882163034705397, ""volatility"": 0.03035866163993918, ""volume_state"": 15.381399656323877}",assumed_next_daily_close,,2,0000004962,,-0.07232003565856915,0.014657046051352953,-0.13882163034705397,,,,,,,3763243f08a0b9f3c3a85afe,False,,,,,,bounded_preclose_bid_ask,,,False,not_requested_for_horizon_or_variant,no_standard_contract_within_rules,event,protective_put,,no_standard_contract_within_rules,,,False,,H23,3,AXP,,double_cost,0.03035866163993918,15.381399656323877,2022
,,,ce1fbdb3eac03c4190d981cf,time_value,,,1,2,2022-03-08,2022-03-08,,,44,,,2022-03-09,45,False,,,2022-03-08,,,,,,,"{""market_momentum"": -0.07232003565856915, ""market_volatility"": 0.014657046051352953, ""momentum"": -0.13882163034705397, ""volatility"": 0.03035866163993918, ""volume_state"": 15.381399656323877}",assumed_next_daily_close,,2,0000004962,,-0.07232003565856915,0.014657046051352953,-0.13882163034705397,,,,,,,3763243f08a0b9f3c3a85afe,False,,,,,,bounded_preclose_bid_ask,,,False,not_requested_for_horizon_or_variant,no_standard_contract_within_rules,event,protective_put,,no_standard_contract_within_rules,,,True,,H23,3,AXP,,double_cost,0.03035866163993918,15.381399656323877,2022
,,,ce1fbdb3eac03c4190d981cf,time_value,,,1,2,2022-03-08,2022-03-08,,,44,,,2022-03-09,45,False,,,2022-03-08,,,,,,,"{""market_momentum"": -0.07232003565856915, ""market_volatility"": 0.014657046051352953, ""momentum"": -0.13882163034705397, ""volatility"": 0.03035866163993918, ""volume_state"": 15.381399656323877}",assumed_next_daily_close,,3,0000004962,,-0.07232003565856915,0.014657046051352953,-0.13882163034705397,,,,,,,3763243f08a0b9f3c3a85afe,False,,,,,,bounded_preclose_bid_ask,,,False,not_requested_for_horizon_or_variant,no_standard_contract_within_rules,event,protective_put,,no_standard_contract_within_rules,,,False,,H23,3,AXP,,double_cost,0.03035866163993918,15.381399656323877,2022
,,,ce1fbdb3eac03c4190d981cf,time_value,,,1,2,2022-03-08,2022-03-08,,,44,,,2022-03-09,45,False,,,2022-03-08,,,,,,,"{""market_momentum"": -0.07232003565856915, ""market_volatility"": 0.014657046051352953, ""momentum"": -0.13882163034705397, ""volatility"": 0.03035866163993918, ""volume_state"": 15.381399656323877}",assumed_next_daily_close,,3,0000004962,,-0.07232003565856915,0.014657046051352953,-0.13882163034705397,,,,,,,3763243f08a0b9f3c3a85afe,False,,,,,,bounded_preclose_bid_ask,,,False,not_requested_for_horizon_or_variant,no_standard_contract_within_rules,event,protective_put,,no_standard_contract_within_rules,,,True,,H23,3,AXP,,double_cost,0.03035866163993918,15.381399656323877,2022
,,,ce1fbdb3eac03c4190d981cf,time_value,,,1,2,2022-03-08,2022-03-08,,,44,,,2022-03-09,45,False,,,2022-03-08,,,,,,,"{""market_momentum"": -0.07232003565856915, ""market_volatility"": 0.014657046051352953, ""momentum"": -0.13882163034705397, ""volatility"": 0.03035866163993918, ""volume_state"": 15.381399656323877}",assumed_next_daily_close,,5,0000004962,,-0.07232003565856915,0.014657046051352953,-0.13882163034705397,,,,,,,3763243f08a0b9f3c3a85afe,False,,,,,,bounded_preclose_bid_ask,,,False,not_requested_for_horizon_or_variant,no_standard_contract_within_rules,event,protective_put,,no_standard_contract_within_rules,,,False,,H23,3,AXP,,double_cost,0.03035866163993918,15.381399656323877,2022
,,,ce1fbdb3eac03c4190d981cf,time_value,,,1,2,2022-03-08,2022-03-08,,,44,,,2022-03-09,45,False,,,2022-03-08,,,,,,,"{""market_momentum"": -0.07232003565856915, ""market_volatility"": 0.014657046051352953, ""momentum"": -0.13882163034705397, ""volatility"": 0.03035866163993918, ""volume_state"": 15.381399656323877}",assumed_next_daily_close,,5,0000004962,,-0.07232003565856915,0.014657046051352953,-0.13882163034705397,,,,,,,3763243f08a0b9f3c3a85afe,False,,,,,,bounded_preclose_bid_ask,,,False,not_requested_for_horizon_or_variant,no_standard_contract_within_rules,event,protective_put,,no_standard_contract_within_rules,,,True,,H23,3,AXP,,double_cost,0.03035866163993918,15.381399656323877,2022
,,,ce1fbdb3eac03c4190d981cf,time_value,,,1,2,2022-03-08,2022-03-08,,,44,,,2022-03-09,45,False,,,2022-03-08,,,,,,,"{""market_momentum"": -0.07232003565856915, ""market_volatility"": 0.014657046051352953, ""momentum"": -0.13882163034705397, ""volatility"": 0.03035866163993918, ""volume_state"": 15.381399656323877}",assumed_next_daily_close,,10,0000004962,,-0.07232003565856915,0.014657046051352953,-0.13882163034705397,,,,,,,3763243f08a0b9f3c3a85afe,False,,,,,,bounded_preclose_bid_ask,,,False,not_requested_for_horizon_or_variant,no_standard_contract_within_rules,event,protective_put,,no_standard_contract_within_rules,,,False,,H23,3,AXP,,double_cost,0.03035866163993918,15.381399656323877,2022
,,,ce1fbdb3eac03c4190d981cf,time_value,,,1,2,2022-03-08,2022-03-08,,,44,,,2022-03-09,45,False,,,2022-03-08,,,,,,,"{""market_momentum"": -0.07232003565856915, ""market_volatility"": 0.014657046051352953, ""momentum"": -0.13882163034705397, ""volatility"": 0.03035866163993918, ""volume_state"": 15.381399656323877}",assumed_next_daily_close,,10,0000004962,,-0.07232003565856915,0.014657046051352953,-0.13882163034705397,,,,,,,3763243f08a0b9f3c3a85afe,False,,,,,,bounded_preclose_bid_ask,,,False,not_requested_for_horizon_or_variant,no_standard_contract_within_rules,event,protective_put,,no_standard_contract_within_rules,,,True,,H23,3,AXP,,double_cost,0.03035866163993918,15.381399656323877,2022
,,,ce1fbdb3eac03c4190d981cf,time_value,,,1,2,2022-03-08,2022-03-08,,,44,,,2022-03-09,45,False,,,2022-03-08,,,,,,,"{""market_momentum"": -0.07232003565856915, ""market_volatility"": 0.014657046051352953, ""momentum"": -0.13882163034705397, ""volatility"": 0.03035866163993918, ""volume_state"": 15.381399656323877}",assumed_next_daily_close,,21,0000004962,,-0.07232003565856915,0.014657046051352953,-0.13882163034705397,,,,,,,3763243f08a0b9f3c3a85afe,False,,,,,,bounded_preclose_bid_ask,,,False,not_requested_for_horizon_or_variant,no_standard_contract_within_rules,event,protective_put,,no_standard_contract_within_rules,,,False,,H23,3,AXP,,double_cost,0.03035866163993918,15.381399656323877,2022
,,,ce1fbdb3eac03c4190d981cf,time_value,,,1,2,2022-03-08,2022-03-08,,,44,,,2022-03-09,45,False,,,2022-03-08,,,,,,,"{""market_momentum"": -0.07232003565856915, ""market_volatility"": 0.014657046051352953, ""momentum"": -0.13882163034705397, ""volatility"": 0.03035866163993918, ""volume_state"": 15.381399656323877}",assumed_next_daily_close,,21,0000004962,,-0.07232003565856915,0.014657046051352953,-0.13882163034705397,,,,,,,3763243f08a0b9f3c3a85afe,False,,,,,,bounded_preclose_bid_ask,,,False,not_requested_for_horizon_or_variant,no_standard_contract_within_rules,event,protective_put,,no_standard_contract_within_rules,,,True,,H23,3,AXP,,double_cost,0.03035866163993918,15.381399656323877,2022
,,,ce1fbdb3eac03c4190d981cf,time_value,,,1,2,2022-03-08,2022-03-08,,,44,,,2022-03-09,45,False,,,2022-03-08,,,,,,,"{""market_momentum"": -0.07232003565856915, ""market_volatility"": 0.014657046051352953, ""momentum"": -0.13882163034705397, ""volatility"": 0.03035866163993918, ""volume_state"": 15.381399656323877}",assumed_next_daily_close,,42,0000004962,,-0.07232003565856915,0.014657046051352953,-0.13882163034705397,,,,,,,3763243f08a0b9f3c3a85afe,False,,,,,,bounded_preclose_bid_ask,,,False,not_requested_for_horizon_or_variant,no_standard_contract_within_rules,event,protective_put,,no_standard_contract_within_rules,,,False,,H23,3,AXP,,double_cost,0.03035866163993918,15.381399656323877,2022
,,,ce1fbdb3eac03c4190d981cf,time_value,,,1,2,2022-03-08,2022-03-08,,,44,,,2022-03-09,45,False,,,2022-03-08,,,,,,,"{""market_momentum"": -0.07232003565856915, ""market_volatility"": 0.014657046051352953, ""momentum"": -0.13882163034705397, ""volatility"": 0.03035866163993918, ""volume_state"": 15.381399656323877}",assumed_next_daily_close,,42,0000004962,,-0.07232003565856915,0.014657046051352953,-0.13882163034705397,,,,,,,3763243f08a0b9f3c3a85afe,False,,,,,,bounded_preclose_bid_ask,,,False,not_requested_for_horizon_or_variant,no_standard_contract_within_rules,event,protective_put,,no_standard_contract_within_rules,,,True,,H23,3,AXP,,double_cost,0.03035866163993918,15.381399656323877,2022
,,,ce1fbdb3eac03c4190d981cf,time_value,,,1,2,2022-03-08,2022-03-08,,,44,,,2022-03-09,45,False,,,2022-03-08,,,,,,,"{""market_momentum"": -0.07232003565856915, ""market_volatility"": 0.014657046051352953, ""momentum"": -0.13882163034705397, ""volatility"": 0.03035866163993918, ""volume_state"": 15.381399656323877}",assumed_next_daily_close,,63,0000004962,,-0.07232003565856915,0.014657046051352953,-0.13882163034705397,,,,,,,3763243f08a0b9f3c3a85afe,False,,,,,,bounded_preclose_bid_ask,,,False,not_requested_for_horizon_or_variant,no_standard_contract_within_rules,event,protective_put,,no_standard_contract_within_rules,,,False,,H23,3,AXP,,double_cost,0.03035866163993918,15.381399656323877,2022
,,,ce1fbdb3eac03c4190d981cf,time_value,,,1,2,2022-03-08,2022-03-08,,,44,,,2022-03-09,45,False,,,2022-03-08,,,,,,,"{""market_momentum"": -0.07232003565856915, ""market_volatility"": 0.014657046051352953, ""momentum"": -0.13882163034705397, ""volatility"": 0.03035866163993918, ""volume_state"": 15.381399656323877}",assumed_next_daily_close,,63,0000004962,,-0.07232003565856915,0.014657046051352953,-0.13882163034705397,,,,,,,3763243f08a0b9f3c3a85afe,False,,,,,,bounded_preclose_bid_ask,,,False,not_requested_for_horizon_or_variant,no_standard_contract_within_rules,event,protective_put,,no_standard_contract_within_rules,,,True,,H23,3,AXP,,double_cost,0.03035866163993918,15.381399656323877,2022
,,,ce1fbdb3eac03c4190d981cf,time_value,,,1,2,2022-03-08,2022-03-08,,,44,,,2022-03-09,45,False,,,2022-03-08,,,,,,,"{""market_momentum"": -0.07232003565856915, ""market_volatility"": 0.014657046051352953, ""momentum"": -0.13882163034705397, ""volatility"": 0.03035866163993918, ""volume_state"": 15.381399656323877}",assumed_next_daily_close,,expiry,0000004962,,-0.07232003565856915,0.014657046051352953,-0.13882163034705397,,,,,,,3763243f08a0b9f3c3a85afe,False,,,,,,bounded_preclose_bid_ask,,,False,not_requested_for_horizon_or_variant,no_standard_contract_within_rules,event,protective_put,,no_standard_contract_within_rules,,,False,,H23,3,AXP,,double_cost,0.03035866163993918,15.381399656323877,2022
,,,ce1fbdb3eac03c4190d981cf,time_value,,,1,2,2022-03-08,2022-03-08,,,44,,,2022-03-09,45,False,,,2022-03-08,,,,,,,"{""market_momentum"": -0.07232003565856915, ""market_volatility"": 0.014657046051352953, ""momentum"": -0.13882163034705397, ""volatility"": 0.03035866163993918, ""volume_state"": 15.381399656323877}",assumed_next_daily_close,,expiry,0000004962,,-0.07232003565856915,0.014657046051352953,-0.13882163034705397,,,,,,,3763243f08a0b9f3c3a85afe,False,,,,,,bounded_preclose_bid_ask,,,False,not_requested_for_horizon_or_variant,no_standard_contract_within_rules,event,protective_put,,no_standard_contract_within_rules,,,True,,H23,3,AXP,,double_cost,0.03035866163993918,15.381399656323877,2022
,,,dcf5f3bcdae1534bbd14ca07,time_value,,,1,2,2025-02-03,2025-02-03,,,773,,,2025-02-04,774,False,,,2025-02-03,,,,,,,"{""market_momentum"": 0.019946082446082425, ""market_volatility"": 0.008586738747058094, ""momentum"": 0.06651167492166166, ""volatility"": 0.014510064104480346, ""volume_state"": 14.792503336108494}",assumed_next_daily_close,,1,0000004962,,0.019946082446082425,0.008586738747058094,0.06651167492166166,,,,,,,578221006b234f3d17eb9f93,False,,,,,,bounded_preclose_bid_ask,,,False,not_requested_for_horizon_or_variant,thin_prior_option_volume,event,covered_call,,thin_prior_option_volume,,,False,,H23,3,AXP,,double_cost,0.014510064104480346,14.792503336108494,2025
,,,dcf5f3bcdae1534bbd14ca07,time_value,,,1,2,2025-02-03,2025-02-03,,,773,,,2025-02-04,774,False,,,2025-02-03,,,,,,,"{""market_momentum"": 0.019946082446082425, ""market_volatility"": 0.008586738747058094, ""momentum"": 0.06651167492166166, ""volatility"": 0.014510064104480346, ""volume_state"": 14.792503336108494}",assumed_next_daily_close,,1,0000004962,,0.019946082446082425,0.008586738747058094,0.06651167492166166,,,,,,,578221006b234f3d17eb9f93,False,,,,,,bounded_preclose_bid_ask,,,False,not_requested_for_horizon_or_variant,thin_prior_option_volume,event,covered_call,,thin_prior_option_volume,,,True,,H23,3,AXP,,double_cost,0.014510064104480346,14.792503336108494,2025
,,,dcf5f3bcdae1534bbd14ca07,time_value,,,1,2,2025-02-03,2025-02-03,,,773,,,2025-02-04,774,False,,,2025-02-03,,,,,,,"{""market_momentum"": 0.019946082446082425, ""market_volatility"": 0.008586738747058094, ""momentum"": 0.06651167492166166, ""volatility"": 0.014510064104480346, ""volume_state"": 14.792503336108494}",assumed_next_daily_close,,2,0000004962,,0.019946082446082425,0.008586738747058094,0.06651167492166166,,,,,,,578221006b234f3d17eb9f93,False,,,,,,bounded_preclose_bid_ask,,,False,not_requested_for_horizon_or_variant,thin_prior_option_volume,event,covered_call,,thin_prior_option_volume,,,False,,H23,3,AXP,,double_cost,0.014510064104480346,14.792503336108494,2025
,,,dcf5f3bcdae1534bbd14ca07,time_value,,,1,2,2025-02-03,2025-02-03,,,773,,,2025-02-04,774,False,,,2025-02-03,,,,,,,"{""market_momentum"": 0.019946082446082425, ""market_volatility"": 0.008586738747058094, ""momentum"": 0.06651167492166166, ""volatility"": 0.014510064104480346, ""volume_state"": 14.792503336108494}",assumed_next_daily_close,,2,0000004962,,0.019946082446082425,0.008586738747058094,0.06651167492166166,,,,,,,578221006b234f3d17eb9f93,False,,,,,,bounded_preclose_bid_ask,,,False,not_requested_for_horizon_or_variant,thin_prior_option_volume,event,covered_call,,thin_prior_option_volume,,,True,,H23,3,AXP,,double_cost,0.014510064104480346,14.792503336108494,2025
,,,dcf5f3bcdae1534bbd14ca07,time_value,,,1,2,2025-02-03,2025-02-03,,,773,,,2025-02-04,774,False,,,2025-02-03,,,,,,,"{""market_momentum"": 0.019946082446082425, ""market_volatility"": 0.008586738747058094, ""momentum"": 0.06651167492166166, ""volatility"": 0.014510064104480346, ""volume_state"": 14.792503336108494}",assumed_next_daily_close,,3,0000004962,,0.019946082446082425,0.008586738747058094,0.06651167492166166,,,,,,,578221006b234f3d17eb9f93,False,,,,,,bounded_preclose_bid_ask,,,False,not_requested_for_horizon_or_variant,thin_prior_option_volume,event,covered_call,,thin_prior_option_volume,,,False,,H23,3,AXP,,double_cost,0.014510064104480346,14.792503336108494,2025
,,,dcf5f3bcdae1534bbd14ca07,time_value,,,1,2,2025-02-03,2025-02-03,,,773,,,2025-02-04,774,False,,,2025-02-03,,,,,,,"{""market_momentum"": 0.019946082446082425, ""market_volatility"": 0.008586738747058094, ""momentum"": 0.06651167492166166, ""volatility"": 0.014510064104480346, ""volume_state"": 14.792503336108494}",assumed_next_daily_close,,3,0000004962,,0.019946082446082425,0.008586738747058094,0.06651167492166166,,,,,,,578221006b234f3d17eb9f93,False,,,,,,bounded_preclose_bid_ask,,,False,not_requested_for_horizon_or_variant,thin_prior_option_volume,event,covered_call,,thin_prior_option_volume,,,True,,H23,3,AXP,,double_cost,0.014510064104480346,14.792503336108494,2025
,,,dcf5f3bcdae1534bbd14ca07,time_value,,,1,2,2025-02-03,2025-02-03,,,773,,,2025-02-04,774,False,,,2025-02-03,,,,,,,"{""market_momentum"": 0.019946082446082425, ""market_volatility"": 0.008586738747058094, ""momentum"": 0.06651167492166166, ""volatility"": 0.014510064104480346, ""volume_state"": 14.792503336108494}",assumed_next_daily_close,,5,0000004962,,0.019946082446082425,0.008586738747058094,0.06651167492166166,,,,,,,578221006b234f3d17eb9f93,False,,,,,,bounded_preclose_bid_ask,,,False,not_requested_for_horizon_or_variant,thin_prior_option_volume,event,covered_call,,thin_prior_option_volume,,,False,,H23,3,AXP,,double_cost,0.014510064104480346,14.792503336108494,2025
,,,dcf5f3bcdae1534bbd14ca07,time_value,,,1,2,2025-02-03,2025-02-03,,,773,,,2025-02-04,774,False,,,2025-02-03,,,,,,,"{""market_momentum"": 0.019946082446082425, ""market_volatility"": 0.008586738747058094, ""momentum"": 0.06651167492166166, ""volatility"": 0.014510064104480346, ""volume_state"": 14.792503336108494}",assumed_next_daily_close,,5,0000004962,,0.019946082446082425,0.008586738747058094,0.06651167492166166,,,,,,,578221006b234f3d17eb9f93,False,,,,,,bounded_preclose_bid_ask,,,False,not_requested_for_horizon_or_variant,thin_prior_option_volume,event,covered_call,,thin_prior_option_volume,,,True,,H23,3,AXP,,double_cost,0.014510064104480346,14.792503336108494,2025
,,,dcf5f3bcdae1534bbd14ca07,time_value,,,1,2,2025-02-03,2025-02-03,,,773,,,2025-02-04,774,False,,,2025-02-03,,,,,,,"{""market_momentum"": 0.019946082446082425, ""market_volatility"": 0.008586738747058094, ""momentum"": 0.06651167492166166, ""volatility"": 0.014510064104480346, ""volume_state"": 14.792503336108494}",assumed_next_daily_close,,10,0000004962,,0.019946082446082425,0.008586738747058094,0.06651167492166166,,,,,,,578221006b234f3d17eb9f93,False,,,,,,bounded_preclose_bid_ask,,,False,not_requested_for_horizon_or_variant,thin_prior_option_volume,event,covered_call,,thin_prior_option_volume,,,False,,H23,3,AXP,,double_cost,0.014510064104480346,14.792503336108494,2025
,,,dcf5f3bcdae1534bbd14ca07,time_value,,,1,2,2025-02-03,2025-02-03,,,773,,,2025-02-04,774,False,,,2025-02-03,,,,,,,"{""market_momentum"": 0.019946082446082425, ""market_volatility"": 0.008586738747058094, ""momentum"": 0.06651167492166166, ""volatility"": 0.014510064104480346, ""volume_state"": 14.792503336108494}",assumed_next_daily_close,,10,0000004962,,0.019946082446082425,0.008586738747058094,0.06651167492166166,,,,,,,578221006b234f3d17eb9f93,False,,,,,,bounded_preclose_bid_ask,,,False,not_requested_for_horizon_or_variant,thin_prior_option_volume,event,covered_call,,thin_prior_option_volume,,,True,,H23,3,AXP,,double_cost,0.014510064104480346,14.792503336108494,2025
,,,dcf5f3bcdae1534bbd14ca07,time_value,,,1,2,2025-02-03,2025-02-03,,,773,,,2025-02-04,774,False,,,2025-02-03,,,,,,,"{""market_momentum"": 0.019946082446082425, ""market_volatility"": 0.008586738747058094, ""momentum"": 0.06651167492166166, ""volatility"": 0.014510064104480346, ""volume_state"": 14.792503336108494}",assumed_next_daily_close,,21,0000004962,,0.019946082446082425,0.008586738747058094,0.06651167492166166,,,,,,,578221006b234f3d17eb9f93,False,,,,,,bounded_preclose_bid_ask,,,False,not_requested_for_horizon_or_variant,thin_prior_option_volume,event,covered_call,,thin_prior_option_volume,,,False,,H23,3,AXP,,double_cost,0.014510064104480346,14.792503336108494,2025
,,,dcf5f3bcdae1534bbd14ca07,time_value,,,1,2,2025-02-03,2025-02-03,,,773,,,2025-02-04,774,False,,,2025-02-03,,,,,,,"{""market_momentum"": 0.019946082446082425, ""market_volatility"": 0.008586738747058094, ""momentum"": 0.06651167492166166, ""volatility"": 0.014510064104480346, ""volume_state"": 14.792503336108494}",assumed_next_daily_close,,21,0000004962,,0.019946082446082425,0.008586738747058094,0.06651167492166166,,,,,,,578221006b234f3d17eb9f93,False,,,,,,bounded_preclose_bid_ask,,,False,not_requested_for_horizon_or_variant,thin_prior_option_volume,event,covered_call,,thin_prior_option_volume,,,True,,H23,3,AXP,,double_cost,0.014510064104480346,14.792503336108494,2025
,,,dcf5f3bcdae1534bbd14ca07,time_value,,,1,2,2025-02-03,2025-02-03,,,773,,,2025-02-04,774,False,,,2025-02-03,,,,,,,"{""market_momentum"": 0.019946082446082425, ""market_volatility"": 0.008586738747058094, ""momentum"": 0.06651167492166166, ""volatility"": 0.014510064104480346, ""volume_state"": 14.792503336108494}",assumed_next_daily_close,,42,0000004962,,0.019946082446082425,0.008586738747058094,0.06651167492166166,,,,,,,578221006b234f3d17eb9f93,False,,,,,,bounded_preclose_bid_ask,,,False,not_requested_for_horizon_or_variant,thin_prior_option_volume,event,covered_call,,thin_prior_option_volume,,,False,,H23,3,AXP,,double_cost,0.014510064104480346,14.792503336108494,2025
,,,dcf5f3bcdae1534bbd14ca07,time_value,,,1,2,2025-02-03,2025-02-03,,,773,,,2025-02-04,774,False,,,2025-02-03,,,,,,,"{""market_momentum"": 0.019946082446082425, ""market_volatility"": 0.008586738747058094, ""momentum"": 0.06651167492166166, ""volatility"": 0.014510064104480346, ""volume_state"": 14.792503336108494}",assumed_next_daily_close,,42,0000004962,,0.019946082446082425,0.008586738747058094,0.06651167492166166,,,,,,,578221006b234f3d17eb9f93,False,,,,,,bounded_preclose_bid_ask,,,False,not_requested_for_horizon_or_variant,thin_prior_option_volume,event,covered_call,,thin_prior_option_volume,,,True,,H23,3,AXP,,double_cost,0.014510064104480346,14.792503336108494,2025
,,,dcf5f3bcdae1534bbd14ca07,time_value,,,1,2,2025-02-03,2025-02-03,,,773,,,2025-02-04,774,False,,,2025-02-03,,,,,,,"{""market_momentum"": 0.019946082446082425, ""market_volatility"": 0.008586738747058094, ""momentum"": 0.06651167492166166, ""volatility"": 0.014510064104480346, ""volume_state"": 14.792503336108494}",assumed_next_daily_close,,63,0000004962,,0.019946082446082425,0.008586738747058094,0.06651167492166166,,,,,,,578221006b234f3d17eb9f93,False,,,,,,bounded_preclose_bid_ask,,,False,not_requested_for_horizon_or_variant,thin_prior_option_volume,event,covered_call,,thin_prior_option_volume,,,False,,H23,3,AXP,,double_cost,0.014510064104480346,14.792503336108494,2025
,,,dcf5f3bcdae1534bbd14ca07,time_value,,,1,2,2025-02-03,2025-02-03,,,773,,,2025-02-04,774,False,,,2025-02-03,,,,,,,"{""market_momentum"": 0.019946082446082425, ""market_volatility"": 0.008586738747058094, ""momentum"": 0.06651167492166166, ""volatility"": 0.014510064104480346, ""volume_state"": 14.792503336108494}",assumed_next_daily_close,,63,0000004962,,0.019946082446082425,0.008586738747058094,0.06651167492166166,,,,,,,578221006b234f3d17eb9f93,False,,,,,,bounded_preclose_bid_ask,,,False,not_requested_for_horizon_or_variant,thin_prior_option_volume,event,covered_call,,thin_prior_option_volume,,,True,,H23,3,AXP,,double_cost,0.014510064104480346,14.792503336108494,2025
,,,dcf5f3bcdae1534bbd14ca07,time_value,,,1,2,2025-02-03,2025-02-03,,,773,,,2025-02-04,774,False,,,2025-02-03,,,,,,,"{""market_momentum"": 0.019946082446082425, ""market_volatility"": 0.008586738747058094, ""momentum"": 0.06651167492166166, ""volatility"": 0.014510064104480346, ""volume_state"": 14.792503336108494}",assumed_next_daily_close,,expiry,0000004962,,0.019946082446082425,0.008586738747058094,0.06651167492166166,,,,,,,578221006b234f3d17eb9f93,False,,,,,,bounded_preclose_bid_ask,,,False,not_requested_for_horizon_or_variant,thin_prior_option_volume,event,covered_call,,thin_prior_option_volume,,,False,,H23,3,AXP,,double_cost,0.014510064104480346,14.792503336108494,2025
,,,dcf5f3bcdae1534bbd14ca07,time_value,,,1,2,2025-02-03,2025-02-03,,,773,,,2025-02-04,774,False,,,2025-02-03,,,,,,,"{""market_momentum"": 0.019946082446082425, ""market_volatility"": 0.008586738747058094, ""momentum"": 0.06651167492166166, ""volatility"": 0.014510064104480346, ""volume_state"": 14.792503336108494}",assumed_next_daily_close,,expiry,0000004962,,0.019946082446082425,0.008586738747058094,0.06651167492166166,,,,,,,578221006b234f3d17eb9f93,False,,,,,,bounded_preclose_bid_ask,,,False,not_requested_for_horizon_or_variant,thin_prior_option_volume,event,covered_call,,thin_prior_option_volume,,,True,,H23,3,AXP,,double_cost,0.014510064104480346,14.792503336108494,2025
,,,e200293e0e12bf636a536350,time_value,,,1,2,2023-11-09,2023-11-09,,,466,,,2023-11-10,467,False,,,2024-04-29,,,,,,,"{""market_momentum"": -0.0056839017235057465, ""market_volatility"": 0.009333956393016686, ""momentum"": 0.005676192990561768, ""volatility"": 0.016885114209320155, ""volume_state"": 15.004428446468827}",assumed_next_daily_close,,1,0000004962,,-0.0056839017235057465,0.009333956393016686,0.005676192990561768,,,,,,,c413f50e9e0949687bdf1398,False,,,,,,bounded_preclose_bid_ask,,,False,not_requested_for_horizon_or_variant,missing_decision_or_entry_bar,ordinary,protective_put,,missing_decision_or_entry_bar,,,False,,H23,3,AXP,,double_cost,0.016885114209320155,15.004428446468827,2023
,,,e200293e0e12bf636a536350,time_value,,,1,2,2023-11-09,2023-11-09,,,466,,,2023-11-10,467,False,,,2024-04-29,,,,,,,"{""market_momentum"": -0.0056839017235057465, ""market_volatility"": 0.009333956393016686, ""momentum"": 0.005676192990561768, ""volatility"": 0.016885114209320155, ""volume_state"": 15.004428446468827}",assumed_next_daily_close,,1,0000004962,,-0.0056839017235057465,0.009333956393016686,0.005676192990561768,,,,,,,c413f50e9e0949687bdf1398,False,,,,,,bounded_preclose_bid_ask,,,False,not_requested_for_horizon_or_variant,missing_decision_or_entry_bar,ordinary,protective_put,,missing_decision_or_entry_bar,,,True,,H23,3,AXP,,double_cost,0.016885114209320155,15.004428446468827,2023
,,,e200293e0e12bf636a536350,time_value,,,1,2,2023-11-09,2023-11-09,,,466,,,2023-11-10,467,False,,,2024-04-29,,,,,,,"{""market_momentum"": -0.0056839017235057465, ""market_volatility"": 0.009333956393016686, ""momentum"": 0.005676192990561768, ""volatility"": 0.016885114209320155, ""volume_state"": 15.004428446468827}",assumed_next_daily_close,,2,0000004962,,-0.0056839017235057465,0.009333956393016686,0.005676192990561768,,,,,,,c413f50e9e0949687bdf1398,False,,,,,,bounded_preclose_bid_ask,,,False,not_requested_for_horizon_or_variant,missing_decision_or_entry_bar,ordinary,protective_put,,missing_decision_or_entry_bar,,,False,,H23,3,AXP,,double_cost,0.016885114209320155,15.004428446468827,2023
,,,e200293e0e12bf636a536350,time_value,,,1,2,2023-11-09,2023-11-09,,,466,,,2023-11-10,467,False,,,2024-04-29,,,,,,,"{""market_momentum"": -0.0056839017235057465, ""market_volatility"": 0.009333956393016686, ""momentum"": 0.005676192990561768, ""volatility"": 0.016885114209320155, ""volume_state"": 15.004428446468827}",assumed_next_daily_close,,2,0000004962,,-0.0056839017235057465,0.009333956393016686,0.005676192990561768,,,,,,,c413f50e9e0949687bdf1398,False,,,,,,bounded_preclose_bid_ask,,,False,not_requested_for_horizon_or_variant,missing_decision_or_entry_bar,ordinary,protective_put,,missing_decision_or_entry_bar,,,True,,H23,3,AXP,,double_cost,0.016885114209320155,15.004428446468827,2023
,,,e200293e0e12bf636a536350,time_value,,,1,2,2023-11-09,2023-11-09,,,466,,,2023-11-10,467,False,,,2024-04-29,,,,,,,"{""market_momentum"": -0.0056839017235057465, ""market_volatility"": 0.009333956393016686, ""momentum"": 0.005676192990561768, ""volatility"": 0.016885114209320155, ""volume_state"": 15.004428446468827}",assumed_next_daily_close,,3,0000004962,,-0.0056839017235057465,0.009333956393016686,0.005676192990561768,,,,,,,c413f50e9e0949687bdf1398,False,,,,,,bounded_preclose_bid_ask,,,False,not_requested_for_horizon_or_variant,missing_decision_or_entry_bar,ordinary,protective_put,,missing_decision_or_entry_bar,,,False,,H23,3,AXP,,double_cost,0.016885114209320155,15.004428446468827,2023
,,,e200293e0e12bf636a536350,time_value,,,1,2,2023-11-09,2023-11-09,,,466,,,2023-11-10,467,False,,,2024-04-29,,,,,,,"{""market_momentum"": -0.0056839017235057465, ""market_volatility"": 0.009333956393016686, ""momentum"": 0.005676192990561768, ""volatility"": 0.016885114209320155, ""volume_state"": 15.004428446468827}",assumed_next_daily_close,,3,0000004962,,-0.0056839017235057465,0.009333956393016686,0.005676192990561768,,,,,,,c413f50e9e0949687bdf1398,False,,,,,,bounded_preclose_bid_ask,,,False,not_requested_for_horizon_or_variant,missing_decision_or_entry_bar,ordinary,protective_put,,missing_decision_or_entry_bar,,,True,,H23,3,AXP,,double_cost,0.016885114209320155,15.004428446468827,2023
,,,e200293e0e12bf636a536350,time_value,,,1,2,2023-11-09,2023-11-09,,,466,,,2023-11-10,467,False,,,2024-04-29,,,,,,,"{""market_momentum"": -0.0056839017235057465, ""market_volatility"": 0.009333956393016686, ""momentum"": 0.005676192990561768, ""volatility"": 0.016885114209320155, ""volume_state"": 15.004428446468827}",assumed_next_daily_close,,5,0000004962,,-0.0056839017235057465,0.009333956393016686,0.005676192990561768,,,,,,,c413f50e9e0949687bdf1398,False,,,,,,bounded_preclose_bid_ask,,,False,not_requested_for_horizon_or_variant,missing_decision_or_entry_bar,ordinary,protective_put,,missing_decision_or_entry_bar,,,False,,H23,3,AXP,,double_cost,0.016885114209320155,15.004428446468827,2023
,,,e200293e0e12bf636a536350,time_value,,,1,2,2023-11-09,2023-11-09,,,466,,,2023-11-10,467,False,,,2024-04-29,,,,,,,"{""market_momentum"": -0.0056839017235057465, ""market_volatility"": 0.009333956393016686, ""momentum"": 0.005676192990561768, ""volatility"": 0.016885114209320155, ""volume_state"": 15.004428446468827}",assumed_next_daily_close,,5,0000004962,,-0.0056839017235057465,0.009333956393016686,0.005676192990561768,,,,,,,c413f50e9e0949687bdf1398,False,,,,,,bounded_preclose_bid_ask,,,False,not_requested_for_horizon_or_variant,missing_decision_or_entry_bar,ordinary,protective_put,,missing_decision_or_entry_bar,,,True,,H23,3,AXP,,double_cost,0.016885114209320155,15.004428446468827,2023
,,,e200293e0e12bf636a536350,time_value,,,1,2,2023-11-09,2023-11-09,,,466,,,2023-11-10,467,False,,,2024-04-29,,,,,,,"{""market_momentum"": -0.0056839017235057465, ""market_volatility"": 0.009333956393016686, ""momentum"": 0.005676192990561768, ""volatility"": 0.016885114209320155, ""volume_state"": 15.004428446468827}",assumed_next_daily_close,,10,0000004962,,-0.0056839017235057465,0.009333956393016686,0.005676192990561768,,,,,,,c413f50e9e0949687bdf1398,False,,,,,,bounded_preclose_bid_ask,,,False,not_requested_for_horizon_or_variant,missing_decision_or_entry_bar,ordinary,protective_put,,missing_decision_or_entry_bar,,,False,,H23,3,AXP,,double_cost,0.016885114209320155,15.004428446468827,2023
,,,e200293e0e12bf636a536350,time_value,,,1,2,2023-11-09,2023-11-09,,,466,,,2023-11-10,467,False,,,2024-04-29,,,,,,,"{""market_momentum"": -0.0056839017235057465, ""market_volatility"": 0.009333956393016686, ""momentum"": 0.005676192990561768, ""volatility"": 0.016885114209320155, ""volume_state"": 15.004428446468827}",assumed_next_daily_close,,10,0000004962,,-0.0056839017235057465,0.009333956393016686,0.005676192990561768,,,,,,,c413f50e9e0949687bdf1398,False,,,,,,bounded_preclose_bid_ask,,,False,not_requested_for_horizon_or_variant,missing_decision_or_entry_bar,ordinary,protective_put,,missing_decision_or_entry_bar,,,True,,H23,3,AXP,,double_cost,0.016885114209320155,15.004428446468827,2023
,,,e200293e0e12bf636a536350,time_value,,,1,2,2023-11-09,2023-11-09,,,466,,,2023-11-10,467,False,,,2024-04-29,,,,,,,"{""market_momentum"": -0.0056839017235057465, ""market_volatility"": 0.009333956393016686, ""momentum"": 0.005676192990561768, ""volatility"": 0.016885114209320155, ""volume_state"": 15.004428446468827}",assumed_next_daily_close,,21,0000004962,,-0.0056839017235057465,0.009333956393016686,0.005676192990561768,,,,,,,c413f50e9e0949687bdf1398,False,,,,,,bounded_preclose_bid_ask,,,False,not_requested_for_horizon_or_variant,missing_decision_or_entry_bar,ordinary,protective_put,,missing_decision_or_entry_bar,,,False,,H23,3,AXP,,double_cost,0.016885114209320155,15.004428446468827,2023
,,,e200293e0e12bf636a536350,time_value,,,1,2,2023-11-09,2023-11-09,,,466,,,2023-11-10,467,False,,,2024-04-29,,,,,,,"{""market_momentum"": -0.0056839017235057465, ""market_volatility"": 0.009333956393016686, ""momentum"": 0.005676192990561768, ""volatility"": 0.016885114209320155, ""volume_state"": 15.004428446468827}",assumed_next_daily_close,,21,0000004962,,-0.0056839017235057465,0.009333956393016686,0.005676192990561768,,,,,,,c413f50e9e0949687bdf1398,False,,,,,,bounded_preclose_bid_ask,,,False,not_requested_for_horizon_or_variant,missing_decision_or_entry_bar,ordinary,protective_put,,missing_decision_or_entry_bar,,,True,,H23,3,AXP,,double_cost,0.016885114209320155,15.004428446468827,2023
,,,e200293e0e12bf636a536350,time_value,,,1,2,2023-11-09,2023-11-09,,,466,,,2023-11-10,467,False,,,2024-04-29,,,,,,,"{""market_momentum"": -0.0056839017235057465, ""market_volatility"": 0.009333956393016686, ""momentum"": 0.005676192990561768, ""volatility"": 0.016885114209320155, ""volume_state"": 15.004428446468827}",assumed_next_daily_close,,42,0000004962,,-0.0056839017235057465,0.009333956393016686,0.005676192990561768,,,,,,,c413f50e9e0949687bdf1398,False,,,,,,bounded_preclose_bid_ask,,,False,not_requested_for_horizon_or_variant,missing_decision_or_entry_bar,ordinary,protective_put,,missing_decision_or_entry_bar,,,False,,H23,3,AXP,,double_cost,0.016885114209320155,15.004428446468827,2023
,,,e200293e0e12bf636a536350,time_value,,,1,2,2023-11-09,2023-11-09,,,466,,,2023-11-10,467,False,,,2024-04-29,,,,,,,"{""market_momentum"": -0.0056839017235057465, ""market_volatility"": 0.009333956393016686, ""momentum"": 0.005676192990561768, ""volatility"": 0.016885114209320155, ""volume_state"": 15.004428446468827}",assumed_next_daily_close,,42,0000004962,,-0.0056839017235057465,0.009333956393016686,0.005676192990561768,,,,,,,c413f50e9e0949687bdf1398,False,,,,,,bounded_preclose_bid_ask,,,False,not_requested_for_horizon_or_variant,missing_decision_or_entry_bar,ordinary,protective_put,,missing_decision_or_entry_bar,,,True,,H23,3,AXP,,double_cost,0.016885114209320155,15.004428446468827,2023
,,,e200293e0e12bf636a536350,time_value,,,1,2,2023-11-09,2023-11-09,,,466,,,2023-11-10,467,False,,,2024-04-29,,,,,,,"{""market_momentum"": -0.0056839017235057465, ""market_volatility"": 0.009333956393016686, ""momentum"": 0.005676192990561768, ""volatility"": 0.016885114209320155, ""volume_state"": 15.004428446468827}",assumed_next_daily_close,,63,0000004962,,-0.0056839017235057465,0.009333956393016686,0.005676192990561768,,,,,,,c413f50e9e0949687bdf1398,False,,,,,,bounded_preclose_bid_ask,,,False,not_requested_for_horizon_or_variant,missing_decision_or_entry_bar,ordinary,protective_put,,missing_decision_or_entry_bar,,,False,,H23,3,AXP,,double_cost,0.016885114209320155,15.004428446468827,2023
,,,e200293e0e12bf636a536350,time_value,,,1,2,2023-11-09,2023-11-09,,,466,,,2023-11-10,467,False,,,2024-04-29,,,,,,,"{""market_momentum"": -0.0056839017235057465, ""market_volatility"": 0.009333956393016686, ""momentum"": 0.005676192990561768, ""volatility"": 0.016885114209320155, ""volume_state"": 15.004428446468827}",assumed_next_daily_close,,63,0000004962,,-0.0056839017235057465,0.009333956393016686,0.005676192990561768,,,,,,,c413f50e9e0949687bdf1398,False,,,,,,bounded_preclose_bid_ask,,,False,not_requested_for_horizon_or_variant,missing_decision_or_entry_bar,ordinary,protective_put,,missing_decision_or_entry_bar,,,True,,H23,3,AXP,,double_cost,0.016885114209320155,15.004428446468827,2023
,,,e200293e0e12bf636a536350,time_value,,,1,2,2023-11-09,2023-11-09,,,466,,,2023-11-10,467,False,,,2024-04-29,,,,,,,"{""market_momentum"": -0.0056839017235057465, ""market_volatility"": 0.009333956393016686, ""momentum"": 0.005676192990561768, ""volatility"": 0.016885114209320155, ""volume_state"": 15.004428446468827}",assumed_next_daily_close,,expiry,0000004962,,-0.0056839017235057465,0.009333956393016686,0.005676192990561768,,,,,,,c413f50e9e0949687bdf1398,False,,,,,,bounded_preclose_bid_ask,,,False,not_requested_for_horizon_or_variant,missing_decision_or_entry_bar,ordinary,protective_put,,missing_decision_or_entry_bar,,,False,,H23,3,AXP,,double_cost,0.016885114209320155,15.004428446468827,2023
,,,e200293e0e12bf636a536350,time_value,,,1,2,2023-11-09,2023-11-09,,,466,,,2023-11-10,467,False,,,2024-04-29,,,,,,,"{""market_momentum"": -0.0056839017235057465, ""market_volatility"": 0.009333956393016686, ""momentum"": 0.005676192990561768, ""volatility"": 0.016885114209320155, ""volume_state"": 15.004428446468827}",assumed_next_daily_close,,expiry,0000004962,,-0.0056839017235057465,0.009333956393016686,0.005676192990561768,,,,,,,c413f50e9e0949687bdf1398,False,,,,,,bounded_preclose_bid_ask,,,False,not_requested_for_horizon_or_variant,missing_decision_or_entry_bar,ordinary,protective_put,,missing_decision_or_entry_bar,,,True,,H23,3,AXP,,double_cost,0.016885114209320155,15.004428446468827,2023
,,,e2c090fedede13b5d69d388b,time_value,,,1,2,2022-07-26,2022-07-26,,,140,,,2022-07-27,141,False,,,2023-05-03,,,,,,,"{""market_momentum"": 0.002076497128794097, ""market_volatility"": 0.011186582805364095, ""momentum"": 0.025179609989736562, ""volatility"": 0.017904416628525377, ""volume_state"": 15.162022686403535}",assumed_next_daily_close,,1,0000004962,,0.002076497128794097,0.011186582805364095,0.025179609989736562,,,,,,,9cdf4d0394f4dd253a7057bd,False,,,,,,bounded_preclose_bid_ask,,,False,not_requested_for_horizon_or_variant,no_standard_contract_within_rules,ordinary,covered_call,,no_standard_contract_within_rules,,,False,,H23,3,AXP,,double_cost,0.017904416628525377,15.162022686403535,2022
,,,e2c090fedede13b5d69d388b,time_value,,,1,2,2022-07-26,2022-07-26,,,140,,,2022-07-27,141,False,,,2023-05-03,,,,,,,"{""market_momentum"": 0.002076497128794097, ""market_volatility"": 0.011186582805364095, ""momentum"": 0.025179609989736562, ""volatility"": 0.017904416628525377, ""volume_state"": 15.162022686403535}",assumed_next_daily_close,,1,0000004962,,0.002076497128794097,0.011186582805364095,0.025179609989736562,,,,,,,9cdf4d0394f4dd253a7057bd,False,,,,,,bounded_preclose_bid_ask,,,False,not_requested_for_horizon_or_variant,no_standard_contract_within_rules,ordinary,covered_call,,no_standard_contract_within_rules,,,True,,H23,3,AXP,,double_cost,0.017904416628525377,15.162022686403535,2022
,,,e2c090fedede13b5d69d388b,time_value,,,1,2,2022-07-26,2022-07-26,,,140,,,2022-07-27,141,False,,,2023-05-03,,,,,,,"{""market_momentum"": 0.002076497128794097, ""market_volatility"": 0.011186582805364095, ""momentum"": 0.025179609989736562, ""volatility"": 0.017904416628525377, ""volume_state"": 15.162022686403535}",assumed_next_daily_close,,2,0000004962,,0.002076497128794097,0.011186582805364095,0.025179609989736562,,,,,,,9cdf4d0394f4dd253a7057bd,False,,,,,,bounded_preclose_bid_ask,,,False,not_requested_for_horizon_or_variant,no_standard_contract_within_rules,ordinary,covered_call,,no_standard_contract_within_rules,,,False,,H23,3,AXP,,double_cost,0.017904416628525377,15.162022686403535,2022
,,,e2c090fedede13b5d69d388b,time_value,,,1,2,2022-07-26,2022-07-26,,,140,,,2022-07-27,141,False,,,2023-05-03,,,,,,,"{""market_momentum"": 0.002076497128794097, ""market_volatility"": 0.011186582805364095, ""momentum"": 0.025179609989736562, ""volatility"": 0.017904416628525377, ""volume_state"": 15.162022686403535}",assumed_next_daily_close,,2,0000004962,,0.002076497128794097,0.011186582805364095,0.025179609989736562,,,,,,,9cdf4d0394f4dd253a7057bd,False,,,,,,bounded_preclose_bid_ask,,,False,not_requested_for_horizon_or_variant,no_standard_contract_within_rules,ordinary,covered_call,,no_standard_contract_within_rules,,,True,,H23,3,AXP,,double_cost,0.017904416628525377,15.162022686403535,2022
,,,e2c090fedede13b5d69d388b,time_value,,,1,2,2022-07-26,2022-07-26,,,140,,,2022-07-27,141,False,,,2023-05-03,,,,,,,"{""market_momentum"": 0.002076497128794097, ""market_volatility"": 0.011186582805364095, ""momentum"": 0.025179609989736562, ""volatility"": 0.017904416628525377, ""volume_state"": 15.162022686403535}",assumed_next_daily_close,,3,0000004962,,0.002076497128794097,0.011186582805364095,0.025179609989736562,,,,,,,9cdf4d0394f4dd253a7057bd,False,,,,,,bounded_preclose_bid_ask,,,False,not_requested_for_horizon_or_variant,no_standard_contract_within_rules,ordinary,covered_call,,no_standard_contract_within_rules,,,False,,H23,3,AXP,,double_cost,0.017904416628525377,15.162022686403535,2022
,,,e2c090fedede13b5d69d388b,time_value,,,1,2,2022-07-26,2022-07-26,,,140,,,2022-07-27,141,False,,,2023-05-03,,,,,,,"{""market_momentum"": 0.002076497128794097, ""market_volatility"": 0.011186582805364095, ""momentum"": 0.025179609989736562, ""volatility"": 0.017904416628525377, ""volume_state"": 15.162022686403535}",assumed_next_daily_close,,3,0000004962,,0.002076497128794097,0.011186582805364095,0.025179609989736562,,,,,,,9cdf4d0394f4dd253a7057bd,False,,,,,,bounded_preclose_bid_ask,,,False,not_requested_for_horizon_or_variant,no_standard_contract_within_rules,ordinary,covered_call,,no_standard_contract_within_rules,,,True,,H23,3,AXP,,double_cost,0.017904416628525377,15.162022686403535,2022
,,,e2c090fedede13b5d69d388b,time_value,,,1,2,2022-07-26,2022-07-26,,,140,,,2022-07-27,141,False,,,2023-05-03,,,,,,,"{""market_momentum"": 0.002076497128794097, ""market_volatility"": 0.011186582805364095, ""momentum"": 0.025179609989736562, ""volatility"": 0.017904416628525377, ""volume_state"": 15.162022686403535}",assumed_next_daily_close,,5,0000004962,,0.002076497128794097,0.011186582805364095,0.025179609989736562,,,,,,,9cdf4d0394f4dd253a7057bd,False,,,,,,bounded_preclose_bid_ask,,,False,not_requested_for_horizon_or_variant,no_standard_contract_within_rules,ordinary,covered_call,,no_standard_contract_within_rules,,,False,,H23,3,AXP,,double_cost,0.017904416628525377,15.162022686403535,2022
,,,e2c090fedede13b5d69d388b,time_value,,,1,2,2022-07-26,2022-07-26,,,140,,,2022-07-27,141,False,,,2023-05-03,,,,,,,"{""market_momentum"": 0.002076497128794097, ""market_volatility"": 0.011186582805364095, ""momentum"": 0.025179609989736562, ""volatility"": 0.017904416628525377, ""volume_state"": 15.162022686403535}",assumed_next_daily_close,,5,0000004962,,0.002076497128794097,0.011186582805364095,0.025179609989736562,,,,,,,9cdf4d0394f4dd253a7057bd,False,,,,,,bounded_preclose_bid_ask,,,False,not_requested_for_horizon_or_variant,no_standard_contract_within_rules,ordinary,covered_call,,no_standard_contract_within_rules,,,True,,H23,3,AXP,,double_cost,0.017904416628525377,15.162022686403535,2022
,,,e2c090fedede13b5d69d388b,time_value,,,1,2,2022-07-26,2022-07-26,,,140,,,2022-07-27,141,False,,,2023-05-03,,,,,,,"{""market_momentum"": 0.002076497128794097, ""market_volatility"": 0.011186582805364095, ""momentum"": 0.025179609989736562, ""volatility"": 0.017904416628525377, ""volume_state"": 15.162022686403535}",assumed_next_daily_close,,10,0000004962,,0.002076497128794097,0.011186582805364095,0.025179609989736562,,,,,,,9cdf4d0394f4dd253a7057bd,False,,,,,,bounded_preclose_bid_ask,,,False,not_requested_for_horizon_or_variant,no_standard_contract_within_rules,ordinary,covered_call,,no_standard_contract_within_rules,,,False,,H23,3,AXP,,double_cost,0.017904416628525377,15.162022686403535,2022
,,,e2c090fedede13b5d69d388b,time_value,,,1,2,2022-07-26,2022-07-26,,,140,,,2022-07-27,141,False,,,2023-05-03,,,,,,,"{""market_momentum"": 0.002076497128794097, ""market_volatility"": 0.011186582805364095, ""momentum"": 0.025179609989736562, ""volatility"": 0.017904416628525377, ""volume_state"": 15.162022686403535}",assumed_next_daily_close,,10,0000004962,,0.002076497128794097,0.011186582805364095,0.025179609989736562,,,,,,,9cdf4d0394f4dd253a7057bd,False,,,,,,bounded_preclose_bid_ask,,,False,not_requested_for_horizon_or_variant,no_standard_contract_within_rules,ordinary,covered_call,,no_standard_contract_within_rules,,,True,,H23,3,AXP,,double_cost,0.017904416628525377,15.162022686403535,2022
,,,e2c090fedede13b5d69d388b,time_value,,,1,2,2022-07-26,2022-07-26,,,140,,,2022-07-27,141,False,,,2023-05-03,,,,,,,"{""market_momentum"": 0.002076497128794097, ""market_volatility"": 0.011186582805364095, ""momentum"": 0.025179609989736562, ""volatility"": 0.017904416628525377, ""volume_state"": 15.162022686403535}",assumed_next_daily_close,,21,0000004962,,0.002076497128794097,0.011186582805364095,0.025179609989736562,,,,,,,9cdf4d0394f4dd253a7057bd,False,,,,,,bounded_preclose_bid_ask,,,False,not_requested_for_horizon_or_variant,no_standard_contract_within_rules,ordinary,covered_call,,no_standard_contract_within_rules,,,False,,H23,3,AXP,,double_cost,0.017904416628525377,15.162022686403535,2022
,,,e2c090fedede13b5d69d388b,time_value,,,1,2,2022-07-26,2022-07-26,,,140,,,2022-07-27,141,False,,,2023-05-03,,,,,,,"{""market_momentum"": 0.002076497128794097, ""market_volatility"": 0.011186582805364095, ""momentum"": 0.025179609989736562, ""volatility"": 0.017904416628525377, ""volume_state"": 15.162022686403535}",assumed_next_daily_close,,21,0000004962,,0.002076497128794097,0.011186582805364095,0.025179609989736562,,,,,,,9cdf4d0394f4dd253a7057bd,False,,,,,,bounded_preclose_bid_ask,,,False,not_requested_for_horizon_or_variant,no_standard_contract_within_rules,ordinary,covered_call,,no_standard_contract_within_rules,,,True,,H23,3,AXP,,double_cost,0.017904416628525377,15.162022686403535,2022
,,,e2c090fedede13b5d69d388b,time_value,,,1,2,2022-07-26,2022-07-26,,,140,,,2022-07-27,141,False,,,2023-05-03,,,,,,,"{""market_momentum"": 0.002076497128794097, ""market_volatility"": 0.011186582805364095, ""momentum"": 0.025179609989736562, ""volatility"": 0.017904416628525377, ""volume_state"": 15.162022686403535}",assumed_next_daily_close,,42,0000004962,,0.002076497128794097,0.011186582805364095,0.025179609989736562,,,,,,,9cdf4d0394f4dd253a7057bd,False,,,,,,bounded_preclose_bid_ask,,,False,not_requested_for_horizon_or_variant,no_standard_contract_within_rules,ordinary,covered_call,,no_standard_contract_within_rules,,,False,,H23,3,AXP,,double_cost,0.017904416628525377,15.162022686403535,2022
,,,e2c090fedede13b5d69d388b,time_value,,,1,2,2022-07-26,2022-07-26,,,140,,,2022-07-27,141,False,,,2023-05-03,,,,,,,"{""market_momentum"": 0.002076497128794097, ""market_volatility"": 0.011186582805364095, ""momentum"": 0.025179609989736562, ""volatility"": 0.017904416628525377, ""volume_state"": 15.162022686403535}",assumed_next_daily_close,,42,0000004962,,0.002076497128794097,0.011186582805364095,0.025179609989736562,,,,,,,9cdf4d0394f4dd253a7057bd,False,,,,,,bounded_preclose_bid_ask,,,False,not_requested_for_horizon_or_variant,no_standard_contract_within_rules,ordinary,covered_call,,no_standard_contract_within_rules,,,True,,H23,3,AXP,,double_cost,0.017904416628525377,15.162022686403535,2022
,,,e2c090fedede13b5d69d388b,time_value,,,1,2,2022-07-26,2022-07-26,,,140,,,2022-07-27,141,False,,,2023-05-03,,,,,,,"{""market_momentum"": 0.002076497128794097, ""market_volatility"": 0.011186582805364095, ""momentum"": 0.025179609989736562, ""volatility"": 0.017904416628525377, ""volume_state"": 15.162022686403535}",assumed_next_daily_close,,63,0000004962,,0.002076497128794097,0.011186582805364095,0.025179609989736562,,,,,,,9cdf4d0394f4dd253a7057bd,False,,,,,,bounded_preclose_bid_ask,,,False,not_requested_for_horizon_or_variant,no_standard_contract_within_rules,ordinary,covered_call,,no_standard_contract_within_rules,,,False,,H23,3,AXP,,double_cost,0.017904416628525377,15.162022686403535,2022
,,,e2c090fedede13b5d69d388b,time_value,,,1,2,2022-07-26,2022-07-26,,,140,,,2022-07-27,141,False,,,2023-05-03,,,,,,,"{""market_momentum"": 0.002076497128794097, ""market_volatility"": 0.011186582805364095, ""momentum"": 0.025179609989736562, ""volatility"": 0.017904416628525377, ""volume_state"": 15.162022686403535}",assumed_next_daily_close,,63,0000004962,,0.002076497128794097,0.011186582805364095,0.025179609989736562,,,,,,,9cdf4d0394f4dd253a7057bd,False,,,,,,bounded_preclose_bid_ask,,,False,not_requested_for_horizon_or_variant,no_standard_contract_within_rules,ordinary,covered_call,,no_standard_contract_within_rules,,,True,,H23,3,AXP,,double_cost,0.017904416628525377,15.162022686403535,2022
,,,e2c090fedede13b5d69d388b,time_value,,,1,2,2022-07-26,2022-07-26,,,140,,,2022-07-27,141,False,,,2023-05-03,,,,,,,"{""market_momentum"": 0.002076497128794097, ""market_volatility"": 0.011186582805364095, ""momentum"": 0.025179609989736562, ""volatility"": 0.017904416628525377, ""volume_state"": 15.162022686403535}",assumed_next_daily_close,,expiry,0000004962,,0.002076497128794097,0.011186582805364095,0.025179609989736562,,,,,,,9cdf4d0394f4dd253a7057bd,False,,,,,,bounded_preclose_bid_ask,,,False,not_requested_for_horizon_or_variant,no_standard_contract_within_rules,ordinary,covered_call,,no_standard_contract_within_rules,,,False,,H23,3,AXP,,double_cost,0.017904416628525377,15.162022686403535,2022
,,,e2c090fedede13b5d69d388b,time_value,,,1,2,2022-07-26,2022-07-26,,,140,,,2022-07-27,141,False,,,2023-05-03,,,,,,,"{""market_momentum"": 0.002076497128794097, ""market_volatility"": 0.011186582805364095, ""momentum"": 0.025179609989736562, ""volatility"": 0.017904416628525377, ""volume_state"": 15.162022686403535}",assumed_next_daily_close,,expiry,0000004962,,0.002076497128794097,0.011186582805364095,0.025179609989736562,,,,,,,9cdf4d0394f4dd253a7057bd,False,,,,,,bounded_preclose_bid_ask,,,False,not_requested_for_horizon_or_variant,no_standard_contract_within_rules,ordinary,covered_call,,no_standard_contract_within_rules,,,True,,H23,3,AXP,,double_cost,0.017904416628525377,15.162022686403535,2022
,,,ea6aebd442e817f1b90b3e80,time_value,,,1,2,2023-06-26,2023-06-26,,,370,,,2023-06-27,371,False,,,2024-02-21,,,,,,,"{""market_momentum"": 0.04950254202242821, ""market_volatility"": 0.007252056985208533, ""momentum"": 0.10874469214437377, ""volatility"": 0.01562324266488052, ""volume_state"": 15.006435131754209}",assumed_next_daily_close,,1,0000004962,,0.04950254202242821,0.007252056985208533,0.10874469214437377,,,,,,,5e5e1d315525adfc396f5b1b,False,,,,,,bounded_preclose_bid_ask,,,False,not_requested_for_horizon_or_variant,missing_decision_or_entry_bar,ordinary,covered_call,,missing_decision_or_entry_bar,,,False,,H23,3,AXP,,double_cost,0.01562324266488052,15.006435131754209,2023
,,,ea6aebd442e817f1b90b3e80,time_value,,,1,2,2023-06-26,2023-06-26,,,370,,,2023-06-27,371,False,,,2024-02-21,,,,,,,"{""market_momentum"": 0.04950254202242821, ""market_volatility"": 0.007252056985208533, ""momentum"": 0.10874469214437377, ""volatility"": 0.01562324266488052, ""volume_state"": 15.006435131754209}",assumed_next_daily_close,,1,0000004962,,0.04950254202242821,0.007252056985208533,0.10874469214437377,,,,,,,5e5e1d315525adfc396f5b1b,False,,,,,,bounded_preclose_bid_ask,,,False,not_requested_for_horizon_or_variant,missing_decision_or_entry_bar,ordinary,covered_call,,missing_decision_or_entry_bar,,,True,,H23,3,AXP,,double_cost,0.01562324266488052,15.006435131754209,2023
,,,ea6aebd442e817f1b90b3e80,time_value,,,1,2,2023-06-26,2023-06-26,,,370,,,2023-06-27,371,False,,,2024-02-21,,,,,,,"{""market_momentum"": 0.04950254202242821, ""market_volatility"": 0.007252056985208533, ""momentum"": 0.10874469214437377, ""volatility"": 0.01562324266488052, ""volume_state"": 15.006435131754209}",assumed_next_daily_close,,2,0000004962,,0.04950254202242821,0.007252056985208533,0.10874469214437377,,,,,,,5e5e1d315525adfc396f5b1b,False,,,,,,bounded_preclose_bid_ask,,,False,not_requested_for_horizon_or_variant,missing_decision_or_entry_bar,ordinary,covered_call,,missing_decision_or_entry_bar,,,False,,H23,3,AXP,,double_cost,0.01562324266488052,15.006435131754209,2023
,,,ea6aebd442e817f1b90b3e80,time_value,,,1,2,2023-06-26,2023-06-26,,,370,,,2023-06-27,371,False,,,2024-02-21,,,,,,,"{""market_momentum"": 0.04950254202242821, ""market_volatility"": 0.007252056985208533, ""momentum"": 0.10874469214437377, ""volatility"": 0.01562324266488052, ""volume_state"": 15.006435131754209}",assumed_next_daily_close,,2,0000004962,,0.04950254202242821,0.007252056985208533,0.10874469214437377,,,,,,,5e5e1d315525adfc396f5b1b,False,,,,,,bounded_preclose_bid_ask,,,False,not_requested_for_horizon_or_variant,missing_decision_or_entry_bar,ordinary,covered_call,,missing_decision_or_entry_bar,,,True,,H23,3,AXP,,double_cost,0.01562324266488052,15.006435131754209,2023
,,,ea6aebd442e817f1b90b3e80,time_value,,,1,2,2023-06-26,2023-06-26,,,370,,,2023-06-27,371,False,,,2024-02-21,,,,,,,"{""market_momentum"": 0.04950254202242821, ""market_volatility"": 0.007252056985208533, ""momentum"": 0.10874469214437377, ""volatility"": 0.01562324266488052, ""volume_state"": 15.006435131754209}",assumed_next_daily_close,,3,0000004962,,0.04950254202242821,0.007252056985208533,0.10874469214437377,,,,,,,5e5e1d315525adfc396f5b1b,False,,,,,,bounded_preclose_bid_ask,,,False,not_requested_for_horizon_or_variant,missing_decision_or_entry_bar,ordinary,covered_call,,missing_decision_or_entry_bar,,,False,,H23,3,AXP,,double_cost,0.01562324266488052,15.006435131754209,2023
,,,ea6aebd442e817f1b90b3e80,time_value,,,1,2,2023-06-26,2023-06-26,,,370,,,2023-06-27,371,False,,,2024-02-21,,,,,,,"{""market_momentum"": 0.04950254202242821, ""market_volatility"": 0.007252056985208533, ""momentum"": 0.10874469214437377, ""volatility"": 0.01562324266488052, ""volume_state"": 15.006435131754209}",assumed_next_daily_close,,3,0000004962,,0.04950254202242821,0.007252056985208533,0.10874469214437377,,,,,,,5e5e1d315525adfc396f5b1b,False,,,,,,bounded_preclose_bid_ask,,,False,not_requested_for_horizon_or_variant,missing_decision_or_entry_bar,ordinary,covered_call,,missing_decision_or_entry_bar,,,True,,H23,3,AXP,,double_cost,0.01562324266488052,15.006435131754209,2023
,,,ea6aebd442e817f1b90b3e80,time_value,,,1,2,2023-06-26,2023-06-26,,,370,,,2023-06-27,371,False,,,2024-02-21,,,,,,,"{""market_momentum"": 0.04950254202242821, ""market_volatility"": 0.007252056985208533, ""momentum"": 0.10874469214437377, ""volatility"": 0.01562324266488052, ""volume_state"": 15.006435131754209}",assumed_next_daily_close,,5,0000004962,,0.04950254202242821,0.007252056985208533,0.10874469214437377,,,,,,,5e5e1d315525adfc396f5b1b,False,,,,,,bounded_preclose_bid_ask,,,False,not_requested_for_horizon_or_variant,missing_decision_or_entry_bar,ordinary,covered_call,,missing_decision_or_entry_bar,,,False,,H23,3,AXP,,double_cost,0.01562324266488052,15.006435131754209,2023
,,,ea6aebd442e817f1b90b3e80,time_value,,,1,2,2023-06-26,2023-06-26,,,370,,,2023-06-27,371,False,,,2024-02-21,,,,,,,"{""market_momentum"": 0.04950254202242821, ""market_volatility"": 0.007252056985208533, ""momentum"": 0.10874469214437377, ""volatility"": 0.01562324266488052, ""volume_state"": 15.006435131754209}",assumed_next_daily_close,,5,0000004962,,0.04950254202242821,0.007252056985208533,0.10874469214437377,,,,,,,5e5e1d315525adfc396f5b1b,False,,,,,,bounded_preclose_bid_ask,,,False,not_requested_for_horizon_or_variant,missing_decision_or_entry_bar,ordinary,covered_call,,missing_decision_or_entry_bar,,,True,,H23,3,AXP,,double_cost,0.01562324266488052,15.006435131754209,2023
,,,ea6aebd442e817f1b90b3e80,time_value,,,1,2,2023-06-26,2023-06-26,,,370,,,2023-06-27,371,False,,,2024-02-21,,,,,,,"{""market_momentum"": 0.04950254202242821, ""market_volatility"": 0.007252056985208533, ""momentum"": 0.10874469214437377, ""volatility"": 0.01562324266488052, ""volume_state"": 15.006435131754209}",assumed_next_daily_close,,10,0000004962,,0.04950254202242821,0.007252056985208533,0.10874469214437377,,,,,,,5e5e1d315525adfc396f5b1b,False,,,,,,bounded_preclose_bid_ask,,,False,not_requested_for_horizon_or_variant,missing_decision_or_entry_bar,ordinary,covered_call,,missing_decision_or_entry_bar,,,False,,H23,3,AXP,,double_cost,0.01562324266488052,15.006435131754209,2023
,,,ea6aebd442e817f1b90b3e80,time_value,,,1,2,2023-06-26,2023-06-26,,,370,,,2023-06-27,371,False,,,2024-02-21,,,,,,,"{""market_momentum"": 0.04950254202242821, ""market_volatility"": 0.007252056985208533, ""momentum"": 0.10874469214437377, ""volatility"": 0.01562324266488052, ""volume_state"": 15.006435131754209}",assumed_next_daily_close,,10,0000004962,,0.04950254202242821,0.007252056985208533,0.10874469214437377,,,,,,,5e5e1d315525adfc396f5b1b,False,,,,,,bounded_preclose_bid_ask,,,False,not_requested_for_horizon_or_variant,missing_decision_or_entry_bar,ordinary,covered_call,,missing_decision_or_entry_bar,,,True,,H23,3,AXP,,double_cost,0.01562324266488052,15.006435131754209,2023
,,,ea6aebd442e817f1b90b3e80,time_value,,,1,2,2023-06-26,2023-06-26,,,370,,,2023-06-27,371,False,,,2024-02-21,,,,,,,"{""market_momentum"": 0.04950254202242821, ""market_volatility"": 0.007252056985208533, ""momentum"": 0.10874469214437377, ""volatility"": 0.01562324266488052, ""volume_state"": 15.006435131754209}",assumed_next_daily_close,,21,0000004962,,0.04950254202242821,0.007252056985208533,0.10874469214437377,,,,,,,5e5e1d315525adfc396f5b1b,False,,,,,,bounded_preclose_bid_ask,,,False,not_requested_for_horizon_or_variant,missing_decision_or_entry_bar,ordinary,covered_call,,missing_decision_or_entry_bar,,,False,,H23,3,AXP,,double_cost,0.01562324266488052,15.006435131754209,2023
,,,ea6aebd442e817f1b90b3e80,time_value,,,1,2,2023-06-26,2023-06-26,,,370,,,2023-06-27,371,False,,,2024-02-21,,,,,,,"{""market_momentum"": 0.04950254202242821, ""market_volatility"": 0.007252056985208533, ""momentum"": 0.10874469214437377, ""volatility"": 0.01562324266488052, ""volume_state"": 15.006435131754209}",assumed_next_daily_close,,21,0000004962,,0.04950254202242821,0.007252056985208533,0.10874469214437377,,,,,,,5e5e1d315525adfc396f5b1b,False,,,,,,bounded_preclose_bid_ask,,,False,not_requested_for_horizon_or_variant,missing_decision_or_entry_bar,ordinary,covered_call,,missing_decision_or_entry_bar,,,True,,H23,3,AXP,,double_cost,0.01562324266488052,15.006435131754209,2023
,,,ea6aebd442e817f1b90b3e80,time_value,,,1,2,2023-06-26,2023-06-26,,,370,,,2023-06-27,371,False,,,2024-02-21,,,,,,,"{""market_momentum"": 0.04950254202242821, ""market_volatility"": 0.007252056985208533, ""momentum"": 0.10874469214437377, ""volatility"": 0.01562324266488052, ""volume_state"": 15.006435131754209}",assumed_next_daily_close,,42,0000004962,,0.04950254202242821,0.007252056985208533,0.10874469214437377,,,,,,,5e5e1d315525adfc396f5b1b,False,,,,,,bounded_preclose_bid_ask,,,False,not_requested_for_horizon_or_variant,missing_decision_or_entry_bar,ordinary,covered_call,,missing_decision_or_entry_bar,,,False,,H23,3,AXP,,double_cost,0.01562324266488052,15.006435131754209,2023
,,,ea6aebd442e817f1b90b3e80,time_value,,,1,2,2023-06-26,2023-06-26,,,370,,,2023-06-27,371,False,,,2024-02-21,,,,,,,"{""market_momentum"": 0.04950254202242821, ""market_volatility"": 0.007252056985208533, ""momentum"": 0.10874469214437377, ""volatility"": 0.01562324266488052, ""volume_state"": 15.006435131754209}",assumed_next_daily_close,,42,0000004962,,0.04950254202242821,0.007252056985208533,0.10874469214437377,,,,,,,5e5e1d315525adfc396f5b1b,False,,,,,,bounded_preclose_bid_ask,,,False,not_requested_for_horizon_or_variant,missing_decision_or_entry_bar,ordinary,covered_call,,missing_decision_or_entry_bar,,,True,,H23,3,AXP,,double_cost,0.01562324266488052,15.006435131754209,2023
,,,ea6aebd442e817f1b90b3e80,time_value,,,1,2,2023-06-26,2023-06-26,,,370,,,2023-06-27,371,False,,,2024-02-21,,,,,,,"{""market_momentum"": 0.04950254202242821, ""market_volatility"": 0.007252056985208533, ""momentum"": 0.10874469214437377, ""volatility"": 0.01562324266488052, ""volume_state"": 15.006435131754209}",assumed_next_daily_close,,63,0000004962,,0.04950254202242821,0.007252056985208533,0.10874469214437377,,,,,,,5e5e1d315525adfc396f5b1b,False,,,,,,bounded_preclose_bid_ask,,,False,not_requested_for_horizon_or_variant,missing_decision_or_entry_bar,ordinary,covered_call,,missing_decision_or_entry_bar,,,False,,H23,3,AXP,,double_cost,0.01562324266488052,15.006435131754209,2023
,,,ea6aebd442e817f1b90b3e80,time_value,,,1,2,2023-06-26,2023-06-26,,,370,,,2023-06-27,371,False,,,2024-02-21,,,,,,,"{""market_momentum"": 0.04950254202242821, ""market_volatility"": 0.007252056985208533, ""momentum"": 0.10874469214437377, ""volatility"": 0.01562324266488052, ""volume_state"": 15.006435131754209}",assumed_next_daily_close,,63,0000004962,,0.04950254202242821,0.007252056985208533,0.10874469214437377,,,,,,,5e5e1d315525adfc396f5b1b,False,,,,,,bounded_preclose_bid_ask,,,False,not_requested_for_horizon_or_variant,missing_decision_or_entry_bar,ordinary,covered_call,,missing_decision_or_entry_bar,,,True,,H23,3,AXP,,double_cost,0.01562324266488052,15.006435131754209,2023
,,,ea6aebd442e817f1b90b3e80,time_value,,,1,2,2023-06-26,2023-06-26,,,370,,,2023-06-27,371,False,,,2024-02-21,,,,,,,"{""market_momentum"": 0.04950254202242821, ""market_volatility"": 0.007252056985208533, ""momentum"": 0.10874469214437377, ""volatility"": 0.01562324266488052, ""volume_state"": 15.006435131754209}",assumed_next_daily_close,,expiry,0000004962,,0.04950254202242821,0.007252056985208533,0.10874469214437377,,,,,,,5e5e1d315525adfc396f5b1b,False,,,,,,bounded_preclose_bid_ask,,,False,not_requested_for_horizon_or_variant,missing_decision_or_entry_bar,ordinary,covered_call,,missing_decision_or_entry_bar,,,False,,H23,3,AXP,,double_cost,0.01562324266488052,15.006435131754209,2023
,,,ea6aebd442e817f1b90b3e80,time_value,,,1,2,2023-06-26,2023-06-26,,,370,,,2023-06-27,371,False,,,2024-02-21,,,,,,,"{""market_momentum"": 0.04950254202242821, ""market_volatility"": 0.007252056985208533, ""momentum"": 0.10874469214437377, ""volatility"": 0.01562324266488052, ""volume_state"": 15.006435131754209}",assumed_next_daily_close,,expiry,0000004962,,0.04950254202242821,0.007252056985208533,0.10874469214437377,,,,,,,5e5e1d315525adfc396f5b1b,False,,,,,,bounded_preclose_bid_ask,,,False,not_requested_for_horizon_or_variant,missing_decision_or_entry_bar,ordinary,covered_call,,missing_decision_or_entry_bar,,,True,,H23,3,AXP,,double_cost,0.01562324266488052,15.006435131754209,2023
,,,ed673769b3befc4b47fbf0d9,time_value,,,1,2,2024-07-30,2024-07-30,,,645,,,2024-07-31,646,False,,,2024-07-30,,,,,,,"{""market_momentum"": -0.004079232663261267, ""market_volatility"": 0.008339321916729755, ""momentum"": 0.09039084431008404, ""volatility"": 0.013716343194315818, ""volume_state"": 14.809527100192412}",assumed_next_daily_close,,1,0000004962,,-0.004079232663261267,0.008339321916729755,0.09039084431008404,,,,,,,956651b8e2b7a781abf6828e,False,,,,,,bounded_preclose_bid_ask,,,False,not_requested_for_horizon_or_variant,no_standard_contract_within_rules,event,covered_call,,no_standard_contract_within_rules,,,False,,H23,3,AXP,,double_cost,0.013716343194315818,14.809527100192412,2024
,,,ed673769b3befc4b47fbf0d9,time_value,,,1,2,2024-07-30,2024-07-30,,,645,,,2024-07-31,646,False,,,2024-07-30,,,,,,,"{""market_momentum"": -0.004079232663261267, ""market_volatility"": 0.008339321916729755, ""momentum"": 0.09039084431008404, ""volatility"": 0.013716343194315818, ""volume_state"": 14.809527100192412}",assumed_next_daily_close,,1,0000004962,,-0.004079232663261267,0.008339321916729755,0.09039084431008404,,,,,,,956651b8e2b7a781abf6828e,False,,,,,,bounded_preclose_bid_ask,,,False,not_requested_for_horizon_or_variant,no_standard_contract_within_rules,event,covered_call,,no_standard_contract_within_rules,,,True,,H23,3,AXP,,double_cost,0.013716343194315818,14.809527100192412,2024
,,,ed673769b3befc4b47fbf0d9,time_value,,,1,2,2024-07-30,2024-07-30,,,645,,,2024-07-31,646,False,,,2024-07-30,,,,,,,"{""market_momentum"": -0.004079232663261267, ""market_volatility"": 0.008339321916729755, ""momentum"": 0.09039084431008404, ""volatility"": 0.013716343194315818, ""volume_state"": 14.809527100192412}",assumed_next_daily_close,,2,0000004962,,-0.004079232663261267,0.008339321916729755,0.09039084431008404,,,,,,,956651b8e2b7a781abf6828e,False,,,,,,bounded_preclose_bid_ask,,,False,not_requested_for_horizon_or_variant,no_standard_contract_within_rules,event,covered_call,,no_standard_contract_within_rules,,,False,,H23,3,AXP,,double_cost,0.013716343194315818,14.809527100192412,2024
,,,ed673769b3befc4b47fbf0d9,time_value,,,1,2,2024-07-30,2024-07-30,,,645,,,2024-07-31,646,False,,,2024-07-30,,,,,,,"{""market_momentum"": -0.004079232663261267, ""market_volatility"": 0.008339321916729755, ""momentum"": 0.09039084431008404, ""volatility"": 0.013716343194315818, ""volume_state"": 14.809527100192412}",assumed_next_daily_close,,2,0000004962,,-0.004079232663261267,0.008339321916729755,0.09039084431008404,,,,,,,956651b8e2b7a781abf6828e,False,,,,,,bounded_preclose_bid_ask,,,False,not_requested_for_horizon_or_variant,no_standard_contract_within_rules,event,covered_call,,no_standard_contract_within_rules,,,True,,H23,3,AXP,,double_cost,0.013716343194315818,14.809527100192412,2024
,,,ed673769b3befc4b47fbf0d9,time_value,,,1,2,2024-07-30,2024-07-30,,,645,,,2024-07-31,646,False,,,2024-07-30,,,,,,,"{""market_momentum"": -0.004079232663261267, ""market_volatility"": 0.008339321916729755, ""momentum"": 0.09039084431008404, ""volatility"": 0.013716343194315818, ""volume_state"": 14.809527100192412}",assumed_next_daily_close,,3,0000004962,,-0.004079232663261267,0.008339321916729755,0.09039084431008404,,,,,,,956651b8e2b7a781abf6828e,False,,,,,,bounded_preclose_bid_ask,,,False,not_requested_for_horizon_or_variant,no_standard_contract_within_rules,event,covered_call,,no_standard_contract_within_rules,,,False,,H23,3,AXP,,double_cost,0.013716343194315818,14.809527100192412,2024
,,,ed673769b3befc4b47fbf0d9,time_value,,,1,2,2024-07-30,2024-07-30,,,645,,,2024-07-31,646,False,,,2024-07-30,,,,,,,"{""market_momentum"": -0.004079232663261267, ""market_volatility"": 0.008339321916729755, ""momentum"": 0.09039084431008404, ""volatility"": 0.013716343194315818, ""volume_state"": 14.809527100192412}",assumed_next_daily_close,,3,0000004962,,-0.004079232663261267,0.008339321916729755,0.09039084431008404,,,,,,,956651b8e2b7a781abf6828e,False,,,,,,bounded_preclose_bid_ask,,,False,not_requested_for_horizon_or_variant,no_standard_contract_within_rules,event,covered_call,,no_standard_contract_within_rules,,,True,,H23,3,AXP,,double_cost,0.013716343194315818,14.809527100192412,2024
,,,ed673769b3befc4b47fbf0d9,time_value,,,1,2,2024-07-30,2024-07-30,,,645,,,2024-07-31,646,False,,,2024-07-30,,,,,,,"{""market_momentum"": -0.004079232663261267, ""market_volatility"": 0.008339321916729755, ""momentum"": 0.09039084431008404, ""volatility"": 0.013716343194315818, ""volume_state"": 14.809527100192412}",assumed_next_daily_close,,5,0000004962,,-0.004079232663261267,0.008339321916729755,0.09039084431008404,,,,,,,956651b8e2b7a781abf6828e,False,,,,,,bounded_preclose_bid_ask,,,False,not_requested_for_horizon_or_variant,no_standard_contract_within_rules,event,covered_call,,no_standard_contract_within_rules,,,False,,H23,3,AXP,,double_cost,0.013716343194315818,14.809527100192412,2024
,,,ed673769b3befc4b47fbf0d9,time_value,,,1,2,2024-07-30,2024-07-30,,,645,,,2024-07-31,646,False,,,2024-07-30,,,,,,,"{""market_momentum"": -0.004079232663261267, ""market_volatility"": 0.008339321916729755, ""momentum"": 0.09039084431008404, ""volatility"": 0.013716343194315818, ""volume_state"": 14.809527100192412}",assumed_next_daily_close,,5,0000004962,,-0.004079232663261267,0.008339321916729755,0.09039084431008404,,,,,,,956651b8e2b7a781abf6828e,False,,,,,,bounded_preclose_bid_ask,,,False,not_requested_for_horizon_or_variant,no_standard_contract_within_rules,event,covered_call,,no_standard_contract_within_rules,,,True,,H23,3,AXP,,double_cost,0.013716343194315818,14.809527100192412,2024
,,,ed673769b3befc4b47fbf0d9,time_value,,,1,2,2024-07-30,2024-07-30,,,645,,,2024-07-31,646,False,,,2024-07-30,,,,,,,"{""market_momentum"": -0.004079232663261267, ""market_volatility"": 0.008339321916729755, ""momentum"": 0.09039084431008404, ""volatility"": 0.013716343194315818, ""volume_state"": 14.809527100192412}",assumed_next_daily_close,,10,0000004962,,-0.004079232663261267,0.008339321916729755,0.09039084431008404,,,,,,,956651b8e2b7a781abf6828e,False,,,,,,bounded_preclose_bid_ask,,,False,not_requested_for_horizon_or_variant,no_standard_contract_within_rules,event,covered_call,,no_standard_contract_within_rules,,,False,,H23,3,AXP,,double_cost,0.013716343194315818,14.809527100192412,2024
,,,ed673769b3befc4b47fbf0d9,time_value,,,1,2,2024-07-30,2024-07-30,,,645,,,2024-07-31,646,False,,,2024-07-30,,,,,,,"{""market_momentum"": -0.004079232663261267, ""market_volatility"": 0.008339321916729755, ""momentum"": 0.09039084431008404, ""volatility"": 0.013716343194315818, ""volume_state"": 14.809527100192412}",assumed_next_daily_close,,10,0000004962,,-0.004079232663261267,0.008339321916729755,0.09039084431008404,,,,,,,956651b8e2b7a781abf6828e,False,,,,,,bounded_preclose_bid_ask,,,False,not_requested_for_horizon_or_variant,no_standard_contract_within_rules,event,covered_call,,no_standard_contract_within_rules,,,True,,H23,3,AXP,,double_cost,0.013716343194315818,14.809527100192412,2024
,,,ed673769b3befc4b47fbf0d9,time_value,,,1,2,2024-07-30,2024-07-30,,,645,,,2024-07-31,646,False,,,2024-07-30,,,,,,,"{""market_momentum"": -0.004079232663261267, ""market_volatility"": 0.008339321916729755, ""momentum"": 0.09039084431008404, ""volatility"": 0.013716343194315818, ""volume_state"": 14.809527100192412}",assumed_next_daily_close,,21,0000004962,,-0.004079232663261267,0.008339321916729755,0.09039084431008404,,,,,,,956651b8e2b7a781abf6828e,False,,,,,,bounded_preclose_bid_ask,,,False,not_requested_for_horizon_or_variant,no_standard_contract_within_rules,event,covered_call,,no_standard_contract_within_rules,,,False,,H23,3,AXP,,double_cost,0.013716343194315818,14.809527100192412,2024
,,,ed673769b3befc4b47fbf0d9,time_value,,,1,2,2024-07-30,2024-07-30,,,645,,,2024-07-31,646,False,,,2024-07-30,,,,,,,"{""market_momentum"": -0.004079232663261267, ""market_volatility"": 0.008339321916729755, ""momentum"": 0.09039084431008404, ""volatility"": 0.013716343194315818, ""volume_state"": 14.809527100192412}",assumed_next_daily_close,,21,0000004962,,-0.004079232663261267,0.008339321916729755,0.09039084431008404,,,,,,,956651b8e2b7a781abf6828e,False,,,,,,bounded_preclose_bid_ask,,,False,not_requested_for_horizon_or_variant,no_standard_contract_within_rules,event,covered_call,,no_standard_contract_within_rules,,,True,,H23,3,AXP,,double_cost,0.013716343194315818,14.809527100192412,2024
,,,ed673769b3befc4b47fbf0d9,time_value,,,1,2,2024-07-30,2024-07-30,,,645,,,2024-07-31,646,False,,,2024-07-30,,,,,,,"{""market_momentum"": -0.004079232663261267, ""market_volatility"": 0.008339321916729755, ""momentum"": 0.09039084431008404, ""volatility"": 0.013716343194315818, ""volume_state"": 14.809527100192412}",assumed_next_daily_close,,42,0000004962,,-0.004079232663261267,0.008339321916729755,0.09039084431008404,,,,,,,956651b8e2b7a781abf6828e,False,,,,,,bounded_preclose_bid_ask,,,False,not_requested_for_horizon_or_variant,no_standard_contract_within_rules,event,covered_call,,no_standard_contract_within_rules,,,False,,H23,3,AXP,,double_cost,0.013716343194315818,14.809527100192412,2024
,,,ed673769b3befc4b47fbf0d9,time_value,,,1,2,2024-07-30,2024-07-30,,,645,,,2024-07-31,646,False,,,2024-07-30,,,,,,,"{""market_momentum"": -0.004079232663261267, ""market_volatility"": 0.008339321916729755, ""momentum"": 0.09039084431008404, ""volatility"": 0.013716343194315818, ""volume_state"": 14.809527100192412}",assumed_next_daily_close,,42,0000004962,,-0.004079232663261267,0.008339321916729755,0.09039084431008404,,,,,,,956651b8e2b7a781abf6828e,False,,,,,,bounded_preclose_bid_ask,,,False,not_requested_for_horizon_or_variant,no_standard_contract_within_rules,event,covered_call,,no_standard_contract_within_rules,,,True,,H23,3,AXP,,double_cost,0.013716343194315818,14.809527100192412,2024
,,,ed673769b3befc4b47fbf0d9,time_value,,,1,2,2024-07-30,2024-07-30,,,645,,,2024-07-31,646,False,,,2024-07-30,,,,,,,"{""market_momentum"": -0.004079232663261267, ""market_volatility"": 0.008339321916729755, ""momentum"": 0.09039084431008404, ""volatility"": 0.013716343194315818, ""volume_state"": 14.809527100192412}",assumed_next_daily_close,,63,0000004962,,-0.004079232663261267,0.008339321916729755,0.09039084431008404,,,,,,,956651b8e2b7a781abf6828e,False,,,,,,bounded_preclose_bid_ask,,,False,not_requested_for_horizon_or_variant,no_standard_contract_within_rules,event,covered_call,,no_standard_contract_within_rules,,,False,,H23,3,AXP,,double_cost,0.013716343194315818,14.809527100192412,2024
,,,ed673769b3befc4b47fbf0d9,time_value,,,1,2,2024-07-30,2024-07-30,,,645,,,2024-07-31,646,False,,,2024-07-30,,,,,,,"{""market_momentum"": -0.004079232663261267, ""market_volatility"": 0.008339321916729755, ""momentum"": 0.09039084431008404, ""volatility"": 0.013716343194315818, ""volume_state"": 14.809527100192412}",assumed_next_daily_close,,63,0000004962,,-0.004079232663261267,0.008339321916729755,0.09039084431008404,,,,,,,956651b8e2b7a781abf6828e,False,,,,,,bounded_preclose_bid_ask,,,False,not_requested_for_horizon_or_variant,no_standard_contract_within_rules,event,covered_call,,no_standard_contract_within_rules,,,True,,H23,3,AXP,,double_cost,0.013716343194315818,14.809527100192412,2024
,,,ed673769b3befc4b47fbf0d9,time_value,,,1,2,2024-07-30,2024-07-30,,,645,,,2024-07-31,646,False,,,2024-07-30,,,,,,,"{""market_momentum"": -0.004079232663261267, ""market_volatility"": 0.008339321916729755, ""momentum"": 0.09039084431008404, ""volatility"": 0.013716343194315818, ""volume_state"": 14.809527100192412}",assumed_next_daily_close,,expiry,0000004962,,-0.004079232663261267,0.008339321916729755,0.09039084431008404,,,,,,,956651b8e2b7a781abf6828e,False,,,,,,bounded_preclose_bid_ask,,,False,not_requested_for_horizon_or_variant,no_standard_contract_within_rules,event,covered_call,,no_standard_contract_within_rules,,,False,,H23,3,AXP,,double_cost,0.013716343194315818,14.809527100192412,2024
,,,ed673769b3befc4b47fbf0d9,time_value,,,1,2,2024-07-30,2024-07-30,,,645,,,2024-07-31,646,False,,,2024-07-30,,,,,,,"{""market_momentum"": -0.004079232663261267, ""market_volatility"": 0.008339321916729755, ""momentum"": 0.09039084431008404, ""volatility"": 0.013716343194315818, ""volume_state"": 14.809527100192412}",assumed_next_daily_close,,expiry,0000004962,,-0.004079232663261267,0.008339321916729755,0.09039084431008404,,,,,,,956651b8e2b7a781abf6828e,False,,,,,,bounded_preclose_bid_ask,,,False,not_requested_for_horizon_or_variant,no_standard_contract_within_rules,event,covered_call,,no_standard_contract_within_rules,,,True,,H23,3,AXP,,double_cost,0.013716343194315818,14.809527100192412,2024
0.051638294845654076,2024-02-23,537,f4695ad7a651b91269f4b0a8,time_value,75.5472,O:AXP240621P00200000,1,2,2024-02-21,2024-02-21,121,0.030442410735454502,535,0.0,0.007334810037852271,2024-02-22,536,True,2024-02-23,537,2024-02-21,7,3027833.0,2024-02-23,scheduled_exit,537,2024-06-21,"{""market_momentum"": 0.028462095356293293, ""market_volatility"": 0.007411212209138988, ""momentum"": 0.13988433057672567, ""volatility"": 0.01810362636476073, ""volume_state"": 15.174073186495786}",assumed_next_daily_close,21399.0,1,0000004962,0,0.028462095356293293,0.007411212209138988,0.13988433057672567,-127.02600000000007,-0.005936071779055099,78.47879999999999,5.15,4.85,-30.00000000000007,5e5e1d315525adfc396f5b1b,True,0.00641025641025641,156,3.339949104519566e-05,2994057.6,,bounded_preclose_bid_ask,,,False,not_requested_for_horizon_or_variant,,event,protective_put,100,completed,213.99,214.56,False,57.0,H23,3,AXP,154.026,double_cost,0.01810362636476073,15.174073186495786,2024
0.051638294845654076,2024-02-23,537,f4695ad7a651b91269f4b0a8,time_value,25.7472,O:AXP240621P00200000,1,2,2024-02-21,2024-02-21,121,0.030442410735454502,535,0.0,0.00240000000000007,2024-02-22,536,True,2024-02-23,537,2024-02-21,7,3027833.0,2024-02-23,scheduled_exit,537,2024-06-21,"{""market_momentum"": 0.028462095356293293, ""market_volatility"": 0.007411212209138988, ""momentum"": 0.13988433057672567, ""volatility"": 0.01810362636476073, ""volume_state"": 15.174073186495786}",assumed_next_daily_close,21399.0,1,0000004962,0,0.028462095356293293,0.007411212209138988,0.13988433057672567,5.574000000000002,0.00026047946165708684,25.6788,5.15,0.0,-0.0,5e5e1d315525adfc396f5b1b,True,0.00641025641025641,156,3.339949104519566e-05,2994057.6,,bounded_preclose_bid_ask,,,False,not_requested_for_horizon_or_variant,,event,protective_put,100,completed,213.99,214.56,True,57.0,H23,3,AXP,51.426,double_cost,0.01810362636476073,15.174073186495786,2024
0.051638294845654076,2024-02-26,538,f4695ad7a651b91269f4b0a8,time_value,70.83519999999999,O:AXP240621P00200000,1,2,2024-02-21,2024-02-21,121,0.030442410735454502,535,0.0,0.007334810037852271,2024-02-22,536,True,2024-02-26,538,2024-02-21,7,3027833.0,2024-02-26,scheduled_exit,538,2024-06-21,"{""market_momentum"": 0.028462095356293293, ""market_volatility"": 0.007411212209138988, ""momentum"": 0.13988433057672567, ""volatility"": 0.01810362636476073, ""volume_state"": 15.174073186495786}",assumed_next_daily_close,21399.0,2,0000004962,0,0.028462095356293293,0.007411212209138988,0.13988433057672567,67.68599999999998,0.003163045002102901,78.47879999999999,5.15,4.35,-80.00000000000007,5e5e1d315525adfc396f5b1b,True,0.00641025641025641,156,3.339949104519566e-05,2994057.6,,bounded_preclose_bid_ask,,,False,not_requested_for_horizon_or_variant,,event,protective_put,100,completed,213.99,216.96,False,297.0,H23,3,AXP,149.31399999999996,double_cost,0.01810362636476073,15.174073186495786,2024
0.051638294845654076,2024-02-26,538,f4695ad7a651b91269f4b0a8,time_value,26.035199999999996,O:AXP240621P00200000,1,2,2024-02-21,2024-02-21,121,0.030442410735454502,535,0.0,0.00240000000000007,2024-02-22,536,True,2024-02-26,538,2024-02-21,7,3027833.0,2024-02-26,scheduled_exit,538,2024-06-21,"{""market_momentum"": 0.028462095356293293, ""market_volatility"": 0.007411212209138988, ""momentum"": 0.13988433057672567, ""volatility"": 0.01810362636476073, ""volume_state"": 15.174073186495786}",assumed_next_daily_close,21399.0,2,0000004962,0,0.028462095356293293,0.007411212209138988,0.13988433057672567,245.28599999999997,0.011462498247581662,25.6788,5.15,0.0,-0.0,5e5e1d315525adfc396f5b1b,True,0.00641025641025641,156,3.339949104519566e-05,2994057.6,,bounded_preclose_bid_ask,,,False,not_requested_for_horizon_or_variant,,event,protective_put,100,completed,213.99,216.96,True,297.0,H23,3,AXP,51.714,double_cost,0.01810362636476073,15.174073186495786,2024
0.051638294845654076,2024-02-27,539,f4695ad7a651b91269f4b0a8,time_value,70.4576,O:AXP240621P00200000,1,2,2024-02-21,2024-02-21,121,0.030442410735454502,535,0.0,0.007334810037852271,2024-02-22,536,True,2024-02-27,539,2024-02-21,7,3027833.0,2024-02-27,scheduled_exit,539,2024-06-21,"{""market_momentum"": 0.028462095356293293, ""market_volatility"": 0.007411212209138988, ""momentum"": 0.13988433057672567, ""volatility"": 0.01810362636476073, ""volume_state"": 15.174073186495786}",assumed_next_daily_close,21399.0,3,0000004962,0,0.028462095356293293,0.007411212209138988,0.13988433057672567,165.06359999999995,0.007713612785644187,78.47879999999999,5.15,4.3,-85.00000000000006,5e5e1d315525adfc396f5b1b,True,0.00641025641025641,156,3.339949104519566e-05,2994057.6,,bounded_preclose_bid_ask,,,False,not_requested_for_horizon_or_variant,,event,protective_put,100,completed,213.99,217.98,False,399.0,H23,3,AXP,148.9364,double_cost,0.01810362636476073,15.174073186495786,2024
0.051638294845654076,2024-02-27,539,f4695ad7a651b91269f4b0a8,time_value,26.1576,O:AXP240621P00200000,1,2,2024-02-21,2024-02-21,121,0.030442410735454502,535,0.0,0.00240000000000007,2024-02-22,536,True,2024-02-27,539,2024-02-21,7,3027833.0,2024-02-27,scheduled_exit,539,2024-06-21,"{""market_momentum"": 0.028462095356293293, ""market_volatility"": 0.007411212209138988, ""momentum"": 0.13988433057672567, ""volatility"": 0.01810362636476073, ""volume_state"": 15.174073186495786}",assumed_next_daily_close,21399.0,3,0000004962,0,0.028462095356293293,0.007411212209138988,0.13988433057672567,347.1636,0.016223356231599605,25.6788,5.15,0.0,-0.0,5e5e1d315525adfc396f5b1b,True,0.00641025641025641,156,3.339949104519566e-05,2994057.6,,bounded_preclose_bid_ask,,,False,not_requested_for_horizon_or_variant,,event,protective_put,100,completed,213.99,217.98,True,399.0,H23,3,AXP,51.8364,double_cost,0.01810362636476073,15.174073186495786,2024
0.051638294845654076,2024-02-29,541,f4695ad7a651b91269f4b0a8,time_value,66.6304,O:AXP240621P00200000,1,2,2024-02-21,2024-02-21,121,0.030442410735454502,535,0.0,0.007334810037852271,2024-02-22,536,True,2024-02-29,541,2024-02-21,7,3027833.0,2024-02-29,scheduled_exit,541,2024-06-21,"{""market_momentum"": 0.028462095356293293, ""market_volatility"": 0.007411212209138988, ""momentum"": 0.13988433057672567, ""volatility"": 0.01810362636476073, ""volume_state"": 15.174073186495786}",assumed_next_daily_close,21399.0,5,0000004962,0,0.028462095356293293,0.007411212209138988,0.13988433057672567,272.89079999999996,0.01275250245338567,78.47879999999999,5.15,3.9,-125.00000000000004,5e5e1d315525adfc396f5b1b,True,0.00641025641025641,156,3.339949104519566e-05,2994057.6,,bounded_preclose_bid_ask,,,False,not_requested_for_horizon_or_variant,,event,protective_put,100,completed,213.99,219.42,False,543.0,H23,3,AXP,145.1092,double_cost,0.01810362636476073,15.174073186495786,2024
0.051638294845654076,2024-02-29,541,f4695ad7a651b91269f4b0a8,time_value,26.330399999999997,O:AXP240621P00200000,1,2,2024-02-21,2024-02-21,121,0.030442410735454502,535,0.0,0.00240000000000007,2024-02-22,536,True,2024-02-29,541,2024-02-21,7,3027833.0,2024-02-29,scheduled_exit,541,2024-06-21,"{""market_momentum"": 0.028462095356293293, ""market_volatility"": 0.007411212209138988, ""momentum"": 0.13988433057672567, ""volatility"": 0.01810362636476073, ""volume_state"": 15.174073186495786}",assumed_next_daily_close,21399.0,5,0000004962,0,0.028462095356293293,0.007411212209138988,0.13988433057672567,490.9908,0.02294456750315435,25.6788,5.15,0.0,-0.0,5e5e1d315525adfc396f5b1b,True,0.00641025641025641,156,3.339949104519566e-05,2994057.6,,bounded_preclose_bid_ask,,,False,not_requested_for_horizon_or_variant,,event,protective_put,100,completed,213.99,219.42,True,543.0,H23,3,AXP,52.00919999999999,double_cost,0.01810362636476073,15.174073186495786,2024
0.051638294845654076,2024-03-07,546,f4695ad7a651b91269f4b0a8,time_value,62.1104,O:AXP240621P00200000,1,2,2024-02-21,2024-02-21,121,0.030442410735454502,535,0.0,0.007334810037852271,2024-02-22,536,True,2024-03-07,546,2024-02-21,7,3027833.0,2024-03-07,scheduled_exit,546,2024-06-21,"{""market_momentum"": 0.028462095356293293, ""market_volatility"": 0.007411212209138988, ""momentum"": 0.13988433057672567, ""volatility"": 0.01810362636476073, ""volume_state"": 15.174073186495786}",assumed_next_daily_close,21399.0,10,0000004962,0,0.028462095356293293,0.007411212209138988,0.13988433057672567,627.4108,0.02931963175849339,78.47879999999999,5.15,3.4,-175.00000000000006,5e5e1d315525adfc396f5b1b,True,0.00641025641025641,156,3.339949104519566e-05,2994057.6,,bounded_preclose_bid_ask,,,False,not_requested_for_horizon_or_variant,,event,protective_put,100,completed,213.99,223.42,False,943.0,H23,3,AXP,140.5892,double_cost,0.01810362636476073,15.174073186495786,2024
0.051638294845654076,2024-03-07,546,f4695ad7a651b91269f4b0a8,time_value,26.810399999999998,O:AXP240621P00200000,1,2,2024-02-21,2024-02-21,121,0.030442410735454502,535,0.0,0.00240000000000007,2024-02-22,536,True,2024-03-07,546,2024-02-21,7,3027833.0,2024-03-07,scheduled_exit,546,2024-06-21,"{""market_momentum"": 0.028462095356293293, ""market_volatility"": 0.007411212209138988, ""momentum"": 0.13988433057672567, ""volatility"": 0.01810362636476073, ""volume_state"": 15.174073186495786}",assumed_next_daily_close,21399.0,10,0000004962,0,0.028462095356293293,0.007411212209138988,0.13988433057672567,890.5108,0.04161459881302865,25.6788,5.15,0.0,-0.0,5e5e1d315525adfc396f5b1b,True,0.00641025641025641,156,3.339949104519566e-05,2994057.6,,bounded_preclose_bid_ask,,,False,not_requested_for_horizon_or_variant,,event,protective_put,100,completed,213.99,223.42,True,943.0,H23,3,AXP,52.4892,double_cost,0.01810362636476073,15.174073186495786,2024
0.051638294845654076,2024-03-22,557,f4695ad7a651b91269f4b0a8,time_value,52.4152,O:AXP240621P00200000,1,2,2024-02-21,2024-02-21,121,0.030442410735454502,535,0.0,0.007334810037852271,2024-02-22,536,True,2024-03-22,557,2024-02-21,7,3027833.0,2024-03-22,scheduled_exit,557,2024-06-21,"{""market_momentum"": 0.028462095356293293, ""market_volatility"": 0.007411212209138988, ""momentum"": 0.13988433057672567, ""volatility"": 0.01810362636476073, ""volume_state"": 15.174073186495786}",assumed_next_daily_close,21399.0,21,0000004962,0,0.028462095356293293,0.007411212209138988,0.13988433057672567,791.106,0.03696929763073041,78.47879999999999,5.15,2.4,-275.00000000000006,5e5e1d315525adfc396f5b1b,True,0.00641025641025641,156,3.339949104519566e-05,2994057.6,,bounded_preclose_bid_ask,,,False,not_requested_for_horizon_or_variant,,event,protective_put,100,completed,213.99,225.96,False,1197.0,H23,3,AXP,130.894,double_cost,0.01810362636476073,15.174073186495786,2024
0.051638294845654076,2024-03-22,557,f4695ad7a651b91269f4b0a8,time_value,27.115199999999998,O:AXP240621P00200000,1,2,2024-02-21,2024-02-21,121,0.030442410735454502,535,0.0,0.00240000000000007,2024-02-22,536,True,2024-03-22,557,2024-02-21,7,3027833.0,2024-03-22,scheduled_exit,557,2024-06-21,"{""market_momentum"": 0.028462095356293293, ""market_volatility"": 0.007411212209138988, ""momentum"": 0.13988433057672567, ""volatility"": 0.01810362636476073, ""volume_state"": 15.174073186495786}",assumed_next_daily_close,21399.0,21,0000004962,0,0.028462095356293293,0.007411212209138988,0.13988433057672567,1144.2060000000001,0.053470068694798825,25.6788,5.15,0.0,-0.0,5e5e1d315525adfc396f5b1b,True,0.00641025641025641,156,3.339949104519566e-05,2994057.6,,bounded_preclose_bid_ask,,,False,not_requested_for_horizon_or_variant,,event,protective_put,100,completed,213.99,225.96,True,1197.0,H23,3,AXP,52.794,double_cost,0.01810362636476073,15.174073186495786,2024
0.051638294845654076,2024-04-23,578,f4695ad7a651b91269f4b0a8,time_value,35.075199999999995,O:AXP240621P00200000,1,2,2024-02-21,2024-02-21,121,0.030442410735454502,535,70.0,0.007334810037852271,2024-02-22,536,True,2024-04-23,578,2024-02-21,7,3027833.0,2024-04-23,scheduled_exit,578,2024-06-21,"{""market_momentum"": 0.028462095356293293, ""market_volatility"": 0.007411212209138988, ""momentum"": 0.13988433057672567, ""volatility"": 0.01810362636476073, ""volume_state"": 15.174073186495786}",assumed_next_daily_close,21399.0,42,0000004962,0,0.028462095356293293,0.007411212209138988,0.13988433057672567,1989.446,0.09296911070610776,78.47879999999999,5.15,0.51,-464.00000000000006,5e5e1d315525adfc396f5b1b,True,0.00641025641025641,156,3.339949104519566e-05,2994057.6,,bounded_preclose_bid_ask,,,False,not_requested_for_horizon_or_variant,,event,protective_put,100,completed,213.99,238.96,False,2497.0,H23,3,AXP,113.55399999999999,double_cost,0.01810362636476073,15.174073186495786,2024
0.051638294845654076,2024-04-23,578,f4695ad7a651b91269f4b0a8,time_value,28.675199999999997,O:AXP240621P00200000,1,2,2024-02-21,2024-02-21,121,0.030442410735454502,535,70.0,0.00240000000000007,2024-02-22,536,True,2024-04-23,578,2024-02-21,7,3027833.0,2024-04-23,scheduled_exit,578,2024-06-21,"{""market_momentum"": 0.028462095356293293, ""market_volatility"": 0.007411212209138988, ""momentum"": 0.13988433057672567, ""volatility"": 0.01810362636476073, ""volume_state"": 15.174073186495786}",assumed_next_daily_close,21399.0,42,0000004962,0,0.028462095356293293,0.007411212209138988,0.13988433057672567,2512.6459999999997,0.11741885134819383,25.6788,5.15,0.0,-0.0,5e5e1d315525adfc396f5b1b,True,0.00641025641025641,156,3.339949104519566e-05,2994057.6,,bounded_preclose_bid_ask,,,False,not_requested_for_horizon_or_variant,,event,protective_put,100,completed,213.99,238.96,True,2497.0,H23,3,AXP,54.354,double_cost,0.01810362636476073,15.174073186495786,2024
0.051638294845654076,2024-05-23,600,f4695ad7a651b91269f4b0a8,time_value,31.2552,O:AXP240621P00200000,1,2,2024-02-21,2024-02-21,121,0.030442410735454502,535,70.0,0.007334810037852271,2024-02-22,536,False,2024-05-22,599,2024-02-21,7,3027833.0,2024-05-23,scheduled_exit,600,2024-06-21,"{""market_momentum"": 0.028462095356293293, ""market_volatility"": 0.007411212209138988, ""momentum"": 0.13988433057672567, ""volatility"": 0.01810362636476073, ""volume_state"": 15.174073186495786}",assumed_next_daily_close,21399.0,63,0000004962,0,0.028462095356293293,0.007411212209138988,0.13988433057672567,1609.2659999999998,0.07520285994672647,78.47879999999999,5.15,0.17,-498.00000000000006,5e5e1d315525adfc396f5b1b,True,0.00641025641025641,156,3.339949104519566e-05,2994057.6,,bounded_preclose_bid_ask,,,False,not_requested_for_horizon_or_variant,,event,protective_put,100,completed,213.99,235.46,False,2147.0,H23,3,AXP,109.734,double_cost,0.01810362636476073,15.174073186495786,2024
0.051638294845654076,2024-05-22,599,f4695ad7a651b91269f4b0a8,time_value,28.810799999999997,O:AXP240621P00200000,1,2,2024-02-21,2024-02-21,121,0.030442410735454502,535,70.0,0.00240000000000007,2024-02-22,536,True,2024-05-22,599,2024-02-21,7,3027833.0,2024-05-22,scheduled_exit,599,2024-06-21,"{""market_momentum"": 0.028462095356293293, ""market_volatility"": 0.007411212209138988, ""momentum"": 0.13988433057672567, ""volatility"": 0.01810362636476073, ""volume_state"": 15.174073186495786}",assumed_next_daily_close,21399.0,63,0000004962,0,0.028462095356293293,0.007411212209138988,0.13988433057672567,2625.5103999999997,0.12269313519323331,25.6788,5.15,0.0,-0.0,5e5e1d315525adfc396f5b1b,True,0.00641025641025641,156,3.339949104519566e-05,2994057.6,,bounded_preclose_bid_ask,,,False,not_requested_for_horizon_or_variant,,event,protective_put,100,completed,213.99,240.09,True,2610.0,H23,3,AXP,54.489599999999996,double_cost,0.01810362636476073,15.174073186495786,2024
0.051638294845654076,2024-06-21,619,f4695ad7a651b91269f4b0a8,time_value,28.9456,O:AXP240621P00200000,1,2,2024-02-21,2024-02-21,121,0.030442410735454502,535,70.0,,2024-02-22,536,True,2024-06-21,619,2024-02-21,7,3027833.0,2024-06-21,expiry_worthless,619,2024-06-21,"{""market_momentum"": 0.028462095356293293, ""market_volatility"": 0.007411212209138988, ""momentum"": 0.13988433057672567, ""volatility"": 0.01810362636476073, ""volume_state"": 15.174073186495786}",assumed_next_daily_close,21399.0,expiry,0000004962,1,0.028462095356293293,0.007411212209138988,0.13988433057672567,1086.5756,0.05077693350156549,78.47879999999999,5.15,0.0,-515.0,5e5e1d315525adfc396f5b1b,False,0.00641025641025641,156,3.339949104519566e-05,2994057.6,,bounded_preclose_bid_ask,,,False,not_requested_for_horizon_or_variant,,event,protective_put,100,completed,213.99,230.38,False,1639.0,H23,3,AXP,107.42439999999999,double_cost,0.01810362636476073,15.174073186495786,2024
0.051638294845654076,2024-06-21,619,f4695ad7a651b91269f4b0a8,time_value,27.645599999999998,O:AXP240621P00200000,1,2,2024-02-21,2024-02-21,121,0.030442410735454502,535,70.0,0.00240000000000007,2024-02-22,536,True,2024-06-21,619,2024-02-21,7,3027833.0,2024-06-21,scheduled_exit,619,2024-06-21,"{""market_momentum"": 0.028462095356293293, ""market_volatility"": 0.007411212209138988, ""momentum"": 0.13988433057672567, ""volatility"": 0.01810362636476073, ""volume_state"": 15.174073186495786}",assumed_next_daily_close,21399.0,expiry,0000004962,0,0.028462095356293293,0.007411212209138988,0.13988433057672567,1655.6756,0.07737163418851348,25.6788,5.15,0.0,-0.0,5e5e1d315525adfc396f5b1b,True,0.00641025641025641,156,3.339949104519566e-05,2994057.6,,bounded_preclose_bid_ask,,,False,not_requested_for_horizon_or_variant,,event,protective_put,100,completed,213.99,230.38,True,1639.0,H23,3,AXP,53.3244,double_cost,0.01810362636476073,15.174073186495786,2024
0.04319787566978062,2024-02-23,537,f7185dde562e8dfec895af00,time_value,129.9472,O:AXP240621C00220000,1,2,2024-02-21,2024-02-21,121,0.041253734174214046,535,0.0,0.01219485022664614,2024-02-22,536,True,2024-02-23,537,2024-02-21,21,3027833.0,2024-02-23,scheduled_exit,537,2024-06-21,"{""market_momentum"": 0.028462095356293293, ""market_volatility"": 0.007411212209138988, ""momentum"": 0.13988433057672567, ""volatility"": 0.01810362636476073, ""volume_state"": 15.174073186495786}",assumed_next_daily_close,21399.0,1,0000004962,0,0.028462095356293293,0.007411212209138988,0.13988433057672567,-197.42599999999996,-0.009225945137623252,130.4788,10.35,10.29,6.00000000000005,5e5e1d315525adfc396f5b1b,True,0.01,100,3.339949104519566e-05,2994057.6,,bounded_preclose_bid_ask,,,False,not_requested_for_horizon_or_variant,,event,covered_call,100,completed,213.99,214.56,False,57.0,H23,3,AXP,260.42600000000004,double_cost,0.01810362636476073,15.174073186495786,2024
0.04319787566978062,2024-02-23,537,f7185dde562e8dfec895af00,time_value,25.7472,O:AXP240621C00220000,1,2,2024-02-21,2024-02-21,121,0.041253734174214046,535,0.0,0.00240000000000007,2024-02-22,536,True,2024-02-23,537,2024-02-21,21,3027833.0,2024-02-23,scheduled_exit,537,2024-06-21,"{""market_momentum"": 0.028462095356293293, ""market_volatility"": 0.007411212209138988, ""momentum"": 0.13988433057672567, ""volatility"": 0.01810362636476073, ""volume_state"": 15.174073186495786}",assumed_next_daily_close,21399.0,1,0000004962,0,0.028462095356293293,0.007411212209138988,0.13988433057672567,5.574000000000002,0.00026047946165708684,25.6788,10.35,0.0,-0.0,5e5e1d315525adfc396f5b1b,True,0.01,100,3.339949104519566e-05,2994057.6,,bounded_preclose_bid_ask,,,False,not_requested_for_horizon_or_variant,,event,covered_call,100,completed,213.99,214.56,True,57.0,H23,3,AXP,51.426,double_cost,0.01810362636476073,15.174073186495786,2024
0.04319787566978062,2024-02-26,538,f7185dde562e8dfec895af00,time_value,140.1352,O:AXP240621C00220000,1,2,2024-02-21,2024-02-21,121,0.041253734174214046,535,0.0,0.01219485022664614,2024-02-22,536,True,2024-02-26,538,2024-02-21,21,3027833.0,2024-02-26,scheduled_exit,538,2024-06-21,"{""market_momentum"": 0.028462095356293293, ""market_volatility"": 0.007411212209138988, ""momentum"": 0.13988433057672567, ""volatility"": 0.01810362636476073, ""volume_state"": 15.174073186495786}",assumed_next_daily_close,21399.0,2,0000004962,0,0.028462095356293293,0.007411212209138988,0.13988433057672567,-66.61399999999998,-0.0031129492032337946,130.4788,10.35,11.28,-92.99999999999997,5e5e1d315525adfc396f5b1b,True,0.01,100,3.339949104519566e-05,2994057.6,,bounded_preclose_bid_ask,,,False,not_requested_for_horizon_or_variant,,event,covered_call,100,completed,213.99,216.96,False,297.0,H23,3,AXP,270.61400000000003,double_cost,0.01810362636476073,15.174073186495786,2024
0.04319787566978062,2024-02-26,538,f7185dde562e8dfec895af00,time_value,26.035199999999996,O:AXP240621C00220000,1,2,2024-02-21,2024-02-21,121,0.041253734174214046,535,0.0,0.00240000000000007,2024-02-22,536,True,2024-02-26,538,2024-02-21,21,3027833.0,2024-02-26,scheduled_exit,538,2024-06-21,"{""market_momentum"": 0.028462095356293293, ""market_volatility"": 0.007411212209138988, ""momentum"": 0.13988433057672567, ""volatility"": 0.01810362636476073, ""volume_state"": 15.174073186495786}",assumed_next_daily_close,21399.0,2,0000004962,0,0.028462095356293293,0.007411212209138988,0.13988433057672567,245.28599999999997,0.011462498247581662,25.6788,10.35,0.0,-0.0,5e5e1d315525adfc396f5b1b,True,0.01,100,3.339949104519566e-05,2994057.6,,bounded_preclose_bid_ask,,,False,not_requested_for_horizon_or_variant,,event,covered_call,100,completed,213.99,216.96,True,297.0,H23,3,AXP,51.714,double_cost,0.01810362636476073,15.174073186495786,2024
0.04319787566978062,2024-02-27,539,f7185dde562e8dfec895af00,time_value,143.45759999999999,O:AXP240621C00220000,1,2,2024-02-21,2024-02-21,121,0.041253734174214046,535,0.0,0.01219485022664614,2024-02-22,536,True,2024-02-27,539,2024-02-21,21,3027833.0,2024-02-27,scheduled_exit,539,2024-06-21,"{""market_momentum"": 0.028462095356293293, ""market_volatility"": 0.007411212209138988, ""momentum"": 0.13988433057672567, ""volatility"": 0.01810362636476073, ""volume_state"": 15.174073186495786}",assumed_next_daily_close,21399.0,3,0000004962,0,0.028462095356293293,0.007411212209138988,0.13988433057672567,0.0636000000000081,2.972101500070475e-06,130.4788,10.35,11.6,-125.0,5e5e1d315525adfc396f5b1b,True,0.01,100,3.339949104519566e-05,2994057.6,,bounded_preclose_bid_ask,,,False,not_requested_for_horizon_or_variant,,event,covered_call,100,completed,213.99,217.98,False,399.0,H23,3,AXP,273.9364,double_cost,0.01810362636476073,15.174073186495786,2024
0.04319787566978062,2024-02-27,539,f7185dde562e8dfec895af00,time_value,26.1576,O:AXP240621C00220000,1,2,2024-02-21,2024-02-21,121,0.041253734174214046,535,0.0,0.00240000000000007,2024-02-22,536,True,2024-02-27,539,2024-02-21,21,3027833.0,2024-02-27,scheduled_exit,539,2024-06-21,"{""market_momentum"": 0.028462095356293293, ""market_volatility"": 0.007411212209138988, ""momentum"": 0.13988433057672567, ""volatility"": 0.01810362636476073, ""volume_state"": 15.174073186495786}",assumed_next_daily_close,21399.0,3,0000004962,0,0.028462095356293293,0.007411212209138988,0.13988433057672567,347.1636,0.016223356231599605,25.6788,10.35,0.0,-0.0,5e5e1d315525adfc396f5b1b,True,0.01,100,3.339949104519566e-05,2994057.6,,bounded_preclose_bid_ask,,,False,not_requested_for_horizon_or_variant,,event,covered_call,100,completed,213.99,217.98,True,399.0,H23,3,AXP,51.8364,double_cost,0.01810362636476073,15.174073186495786,2024
0.04319787566978062,2024-02-29,541,f7185dde562e8dfec895af00,time_value,151.1304,O:AXP240621C00220000,1,2,2024-02-21,2024-02-21,121,0.041253734174214046,535,0.0,0.01219485022664614,2024-02-22,536,True,2024-02-29,541,2024-02-21,21,3027833.0,2024-02-29,scheduled_exit,541,2024-06-21,"{""market_momentum"": 0.028462095356293293, ""market_volatility"": 0.007411212209138988, ""momentum"": 0.13988433057672567, ""volatility"": 0.01810362636476073, ""volume_state"": 15.174073186495786}",assumed_next_daily_close,21399.0,5,0000004962,0,0.028462095356293293,0.007411212209138988,0.13988433057672567,61.390799999999984,0.0028688630309827556,130.4788,10.35,12.35,-200.0,5e5e1d315525adfc396f5b1b,True,0.01,100,3.339949104519566e-05,2994057.6,,bounded_preclose_bid_ask,,,False,not_requested_for_horizon_or_variant,,event,covered_call,100,completed,213.99,219.42,False,543.0,H23,3,AXP,281.6092,double_cost,0.01810362636476073,15.174073186495786,2024
0.04319787566978062,2024-02-29,541,f7185dde562e8dfec895af00,time_value,26.330399999999997,O:AXP240621C00220000,1,2,2024-02-21,2024-02-21,121,0.041253734174214046,535,0.0,0.00240000000000007,2024-02-22,536,True,2024-02-29,541,2024-02-21,21,3027833.0,2024-02-29,scheduled_exit,541,2024-06-21,"{""market_momentum"": 0.028462095356293293, ""market_volatility"": 0.007411212209138988, ""momentum"": 0.13988433057672567, ""volatility"": 0.01810362636476073, ""volume_state"": 15.174073186495786}",assumed_next_daily_close,21399.0,5,0000004962,0,0.028462095356293293,0.007411212209138988,0.13988433057672567,490.9908,0.02294456750315435,25.6788,10.35,0.0,-0.0,5e5e1d315525adfc396f5b1b,True,0.01,100,3.339949104519566e-05,2994057.6,,bounded_preclose_bid_ask,,,False,not_requested_for_horizon_or_variant,,event,covered_call,100,completed,213.99,219.42,True,543.0,H23,3,AXP,52.00919999999999,double_cost,0.01810362636476073,15.174073186495786,2024
0.04319787566978062,2024-03-07,546,f7185dde562e8dfec895af00,time_value,176.31040000000002,O:AXP240621C00220000,1,2,2024-02-21,2024-02-21,121,0.041253734174214046,535,0.0,0.01219485022664614,2024-02-22,536,True,2024-03-07,546,2024-02-21,21,3027833.0,2024-03-07,scheduled_exit,546,2024-06-21,"{""market_momentum"": 0.028462095356293293, ""market_volatility"": 0.007411212209138988, ""momentum"": 0.13988433057672567, ""volatility"": 0.01810362636476073, ""volume_state"": 15.174073186495786}",assumed_next_daily_close,21399.0,10,0000004962,0,0.028462095356293293,0.007411212209138988,0.13988433057672567,189.2107999999999,0.008842039347633062,130.4788,10.35,14.82,-447.00000000000006,5e5e1d315525adfc396f5b1b,True,0.01,100,3.339949104519566e-05,2994057.6,,bounded_preclose_bid_ask,,,False,not_requested_for_horizon_or_variant,,event,covered_call,100,completed,213.99,223.42,False,943.0,H23,3,AXP,306.78920000000005,double_cost,0.01810362636476073,15.174073186495786,2024
0.04319787566978062,2024-03-07,546,f7185dde562e8dfec895af00,time_value,26.810399999999998,O:AXP240621C00220000,1,2,2024-02-21,2024-02-21,121,0.041253734174214046,535,0.0,0.00240000000000007,2024-02-22,536,True,2024-03-07,546,2024-02-21,21,3027833.0,2024-03-07,scheduled_exit,546,2024-06-21,"{""market_momentum"": 0.028462095356293293, ""market_volatility"": 0.007411212209138988, ""momentum"": 0.13988433057672567, ""volatility"": 0.01810362636476073, ""volume_state"": 15.174073186495786}",assumed_next_daily_close,21399.0,10,0000004962,0,0.028462095356293293,0.007411212209138988,0.13988433057672567,890.5108,0.04161459881302865,25.6788,10.35,0.0,-0.0,5e5e1d315525adfc396f5b1b,True,0.01,100,3.339949104519566e-05,2994057.6,,bounded_preclose_bid_ask,,,False,not_requested_for_horizon_or_variant,,event,covered_call,100,completed,213.99,223.42,True,943.0,H23,3,AXP,52.4892,double_cost,0.01810362636476073,15.174073186495786,2024
0.04319787566978062,2024-03-22,557,f7185dde562e8dfec895af00,time_value,190.9152,O:AXP240621C00220000,1,2,2024-02-21,2024-02-21,121,0.041253734174214046,535,0.0,0.01219485022664614,2024-02-22,536,True,2024-03-22,557,2024-02-21,21,3027833.0,2024-03-22,scheduled_exit,557,2024-06-21,"{""market_momentum"": 0.028462095356293293, ""market_volatility"": 0.007411212209138988, ""momentum"": 0.13988433057672567, ""volatility"": 0.01810362636476073, ""volume_state"": 15.174073186495786}",assumed_next_daily_close,21399.0,21,0000004962,0,0.028462095356293293,0.007411212209138988,0.13988433057672567,285.606,0.013346698443852516,130.4788,10.35,16.25,-590.0,5e5e1d315525adfc396f5b1b,True,0.01,100,3.339949104519566e-05,2994057.6,,bounded_preclose_bid_ask,,,False,not_requested_for_horizon_or_variant,,event,covered_call,100,completed,213.99,225.96,False,1197.0,H23,3,AXP,321.394,double_cost,0.01810362636476073,15.174073186495786,2024
0.04319787566978062,2024-03-22,557,f7185dde562e8dfec895af00,time_value,27.115199999999998,O:AXP240621C00220000,1,2,2024-02-21,2024-02-21,121,0.041253734174214046,535,0.0,0.00240000000000007,2024-02-22,536,True,2024-03-22,557,2024-02-21,21,3027833.0,2024-03-22,scheduled_exit,557,2024-06-21,"{""market_momentum"": 0.028462095356293293, ""market_volatility"": 0.007411212209138988, ""momentum"": 0.13988433057672567, ""volatility"": 0.01810362636476073, ""volume_state"": 15.174073186495786}",assumed_next_daily_close,21399.0,21,0000004962,0,0.028462095356293293,0.007411212209138988,0.13988433057672567,1144.2060000000001,0.053470068694798825,25.6788,10.35,0.0,-0.0,5e5e1d315525adfc396f5b1b,True,0.01,100,3.339949104519566e-05,2994057.6,,bounded_preclose_bid_ask,,,False,not_requested_for_horizon_or_variant,,event,covered_call,100,completed,213.99,225.96,True,1197.0,H23,3,AXP,52.794,double_cost,0.01810362636476073,15.174073186495786,2024
0.04319787566978062,2024-04-23,578,f7185dde562e8dfec895af00,time_value,261.8752,O:AXP240621C00220000,1,2,2024-02-21,2024-02-21,121,0.041253734174214046,535,70.0,,2024-02-22,536,True,2024-04-23,578,2024-02-21,21,3027833.0,2024-04-23,scheduled_exit,578,2024-06-21,"{""market_momentum"": 0.028462095356293293, ""market_volatility"": 0.007411212209138988, ""momentum"": 0.13988433057672567, ""volatility"": 0.01810362636476073, ""volume_state"": 15.174073186495786}",assumed_next_daily_close,21399.0,42,0000004962,1,0.028462095356293293,0.007411212209138988,0.13988433057672567,890.6459999999997,0.04162091686527407,130.4788,10.35,23.19,-1284.0000000000002,5e5e1d315525adfc396f5b1b,False,0.01,100,3.339949104519566e-05,2994057.6,,bounded_preclose_bid_ask,,,False,not_requested_for_horizon_or_variant,,event,covered_call,100,completed,213.99,238.96,False,2497.0,H23,3,AXP,392.35400000000004,double_cost,0.01810362636476073,15.174073186495786,2024
0.04319787566978062,2024-04-23,578,f7185dde562e8dfec895af00,time_value,28.675199999999997,O:AXP240621C00220000,1,2,2024-02-21,2024-02-21,121,0.041253734174214046,535,70.0,0.00240000000000007,2024-02-22,536,True,2024-04-23,578,2024-02-21,21,3027833.0,2024-04-23,scheduled_exit,578,2024-06-21,"{""market_momentum"": 0.028462095356293293, ""market_volatility"": 0.007411212209138988, ""momentum"": 0.13988433057672567, ""volatility"": 0.01810362636476073, ""volume_state"": 15.174073186495786}",assumed_next_daily_close,21399.0,42,0000004962,0,0.028462095356293293,0.007411212209138988,0.13988433057672567,2512.6459999999997,0.11741885134819383,25.6788,10.35,0.0,-0.0,5e5e1d315525adfc396f5b1b,True,0.01,100,3.339949104519566e-05,2994057.6,,bounded_preclose_bid_ask,,,False,not_requested_for_horizon_or_variant,,event,covered_call,100,completed,213.99,238.96,True,2497.0,H23,3,AXP,54.354,double_cost,0.01810362636476073,15.174073186495786,2024
0.04319787566978062,2024-05-23,600,f7185dde562e8dfec895af00,time_value,204.4552,O:AXP240621C00220000,1,2,2024-02-21,2024-02-21,121,0.041253734174214046,535,70.0,,2024-02-22,536,False,2024-05-22,599,2024-02-21,21,3027833.0,2024-05-23,scheduled_exit,600,2024-06-21,"{""market_momentum"": 0.028462095356293293, ""market_volatility"": 0.007411212209138988, ""momentum"": 0.13988433057672567, ""volatility"": 0.01810362636476073, ""volume_state"": 15.174073186495786}",assumed_next_daily_close,21399.0,63,0000004962,1,0.028462095356293293,0.007411212209138988,0.13988433057672567,1168.0659999999998,0.05458507406888172,130.4788,10.35,17.49,-713.9999999999999,5e5e1d315525adfc396f5b1b,False,0.01,100,3.339949104519566e-05,2994057.6,,bounded_preclose_bid_ask,,,False,not_requested_for_horizon_or_variant,,event,covered_call,100,completed,213.99,235.46,False,2147.0,H23,3,AXP,334.93399999999997,double_cost,0.01810362636476073,15.174073186495786,2024
0.04319787566978062,2024-05-22,599,f7185dde562e8dfec895af00,time_value,28.810799999999997,O:AXP240621C00220000,1,2,2024-02-21,2024-02-21,121,0.041253734174214046,535,70.0,0.00240000000000007,2024-02-22,536,True,2024-05-22,599,2024-02-21,21,3027833.0,2024-05-22,scheduled_exit,599,2024-06-21,"{""market_momentum"": 0.028462095356293293, ""market_volatility"": 0.007411212209138988, ""momentum"": 0.13988433057672567, ""volatility"": 0.01810362636476073, ""volume_state"": 15.174073186495786}",assumed_next_daily_close,21399.0,63,0000004962,0,0.028462095356293293,0.007411212209138988,0.13988433057672567,2625.5103999999997,0.12269313519323331,25.6788,10.35,0.0,-0.0,5e5e1d315525adfc396f5b1b,True,0.01,100,3.339949104519566e-05,2994057.6,,bounded_preclose_bid_ask,,,False,not_requested_for_horizon_or_variant,,event,covered_call,100,completed,213.99,240.09,True,2610.0,H23,3,AXP,54.489599999999996,double_cost,0.01810362636476073,15.174073186495786,2024
0.04319787566978062,2024-06-21,619,f7185dde562e8dfec895af00,time_value,27.7,O:AXP240621C00220000,1,2,2024-02-21,2024-02-21,121,0.041253734174214046,535,70.0,,2024-02-22,536,True,2024-06-21,619,2024-02-21,21,3027833.0,2024-06-21,modelled_physical_expiry,619,2024-06-21,"{""market_momentum"": 0.028462095356293293, ""market_volatility"": 0.007411212209138988, ""momentum"": 0.13988433057672567, ""volatility"": 0.01810362636476073, ""volume_state"": 15.174073186495786}",assumed_next_daily_close,21399.0,expiry,0000004962,2,0.028462095356293293,0.007411212209138988,0.13988433057672567,1547.8211999999999,0.072331473433338,130.4788,10.35,0.0,1035.0,5e5e1d315525adfc396f5b1b,False,0.01,100,3.339949104519566e-05,2994057.6,,bounded_preclose_bid_ask,,,False,not_requested_for_horizon_or_variant,,event,covered_call,100,completed,213.99,220.0,False,601.0,H23,3,AXP,158.1788,double_cost,0.01810362636476073,15.174073186495786,2024
0.04319787566978062,2024-06-21,619,f7185dde562e8dfec895af00,time_value,27.645599999999998,O:AXP240621C00220000,1,2,2024-02-21,2024-02-21,121,0.041253734174214046,535,70.0,0.00240000000000007,2024-02-22,536,True,2024-06-21,619,2024-02-21,21,3027833.0,2024-06-21,scheduled_exit,619,2024-06-21,"{""market_momentum"": 0.028462095356293293, ""market_volatility"": 0.007411212209138988, ""momentum"": 0.13988433057672567, ""volatility"": 0.01810362636476073, ""volume_state"": 15.174073186495786}",assumed_next_daily_close,21399.0,expiry,0000004962,0,0.028462095356293293,0.007411212209138988,0.13988433057672567,1655.6756,0.07737163418851348,25.6788,10.35,0.0,-0.0,5e5e1d315525adfc396f5b1b,True,0.01,100,3.339949104519566e-05,2994057.6,,bounded_preclose_bid_ask,,,False,not_requested_for_horizon_or_variant,,event,covered_call,100,completed,213.99,230.38,True,1639.0,H23,3,AXP,53.3244,double_cost,0.01810362636476073,15.174073186495786,2024
