achieved_otm,actual_exit_date,actual_exit_session,anchor_id,assignment_policy,closing_cost,contract_ticker,contracts,cost_multiplier,date,decision_date,decision_dte,decision_premium_ratio,decision_session,dividend_accrual,downside_loss,entry_date,entry_session,evaluation_aligned,evaluation_date,evaluation_session,event_decision,execution_option_volume,execution_stock_volume,exit_date,exit_reason,exit_session,expiry,features_json,fill_model,funded_notional,horizon,issuer,mark_gap_sessions,market_momentum,market_volatility,momentum,net_pnl,net_return,opening_cost,option_entry,option_exit,option_pnl,pair_id,path_complete,prior_option_participation,prior_option_volume,prior_stock_participation,prior_stock_volume,quote_contracts_within_displayed_size,quote_decision_option_age_seconds,quote_decision_option_ask,quote_decision_option_ask_size,quote_decision_option_bid,quote_decision_option_bid_size,quote_decision_option_relative_spread,quote_decision_stock_age_seconds,quote_decision_stock_ask,quote_decision_stock_ask_size,quote_decision_stock_bid,quote_decision_stock_bid_size,quote_decision_stock_relative_spread,quote_displayed_option_size,quote_downside_loss,quote_entry_option,quote_entry_option_age_seconds,quote_entry_option_ask,quote_entry_option_ask_size,quote_entry_option_bid,quote_entry_option_bid_size,quote_entry_option_relative_spread,quote_entry_stock,quote_entry_stock_age_seconds,quote_entry_stock_ask,quote_entry_stock_ask_size,quote_entry_stock_bid,quote_entry_stock_bid_size,quote_entry_stock_relative_spread,quote_exit_option,quote_exit_option_age_seconds,quote_exit_option_ask,quote_exit_option_ask_size,quote_exit_option_bid,quote_exit_option_bid_size,quote_exit_option_relative_spread,quote_exit_stock,quote_exit_stock_age_seconds,quote_exit_stock_ask,quote_exit_stock_ask_size,quote_exit_stock_bid,quote_exit_stock_bid_size,quote_exit_stock_relative_spread,quote_fill_model,quote_net_pnl,quote_net_return,quote_option_pnl,quote_path_complete,quote_status,quote_stock_pnl,quote_total_cost,reason,role,shape,shares_exit,status,stock_entry,stock_exit,stock_only,stock_pnl,study,task,ticker,total_cost,variant,volatility,volume_state,year
,,,08189ca63e06b0c9cb907cda,time_value,,,1,1,2023-02-21,2023-02-21,,,284,,,2023-02-22,285,False,,,2023-02-21,,,,,,,"{""market_momentum"": 0.008108517732646314, ""market_volatility"": 0.010323714718565928, ""momentum"": 0.1443271767810026, ""volatility"": 0.025893038084354093, ""volume_state"": 15.245388548207401}",assumed_next_daily_close,,1,0000004962,,0.008108517732646314,0.010323714718565928,0.1443271767810026,,,,,,,22ec1e05640fbe4ff0d8a69f,False,,,,,,,,,,,,,,,,,,,,,,,,,,,,,,,,,,,,,,,,,,,,,,,,bounded_preclose_bid_ask,,,,False,not_requested_for_horizon_or_variant,,,missing_decision_or_entry_bar,event,protective_put,,missing_decision_or_entry_bar,,,False,,H23,0,AXP,,primary,0.025893038084354093,15.245388548207401,2023
,,,08189ca63e06b0c9cb907cda,time_value,,,1,1,2023-02-21,2023-02-21,,,284,,,2023-02-22,285,False,,,2023-02-21,,,,,,,"{""market_momentum"": 0.008108517732646314, ""market_volatility"": 0.010323714718565928, ""momentum"": 0.1443271767810026, ""volatility"": 0.025893038084354093, ""volume_state"": 15.245388548207401}",assumed_next_daily_close,,1,0000004962,,0.008108517732646314,0.010323714718565928,0.1443271767810026,,,,,,,22ec1e05640fbe4ff0d8a69f,False,,,,,,,,,,,,,,,,,,,,,,,,,,,,,,,,,,,,,,,,,,,,,,,,bounded_preclose_bid_ask,,,,False,not_requested_for_horizon_or_variant,,,missing_decision_or_entry_bar,event,protective_put,,missing_decision_or_entry_bar,,,True,,H23,0,AXP,,primary,0.025893038084354093,15.245388548207401,2023
,,,08189ca63e06b0c9cb907cda,time_value,,,1,1,2023-02-21,2023-02-21,,,284,,,2023-02-22,285,False,,,2023-02-21,,,,,,,"{""market_momentum"": 0.008108517732646314, ""market_volatility"": 0.010323714718565928, ""momentum"": 0.1443271767810026, ""volatility"": 0.025893038084354093, ""volume_state"": 15.245388548207401}",assumed_next_daily_close,,2,0000004962,,0.008108517732646314,0.010323714718565928,0.1443271767810026,,,,,,,22ec1e05640fbe4ff0d8a69f,False,,,,,,,,,,,,,,,,,,,,,,,,,,,,,,,,,,,,,,,,,,,,,,,,bounded_preclose_bid_ask,,,,False,not_requested_for_horizon_or_variant,,,missing_decision_or_entry_bar,event,protective_put,,missing_decision_or_entry_bar,,,False,,H23,0,AXP,,primary,0.025893038084354093,15.245388548207401,2023
,,,08189ca63e06b0c9cb907cda,time_value,,,1,1,2023-02-21,2023-02-21,,,284,,,2023-02-22,285,False,,,2023-02-21,,,,,,,"{""market_momentum"": 0.008108517732646314, ""market_volatility"": 0.010323714718565928, ""momentum"": 0.1443271767810026, ""volatility"": 0.025893038084354093, ""volume_state"": 15.245388548207401}",assumed_next_daily_close,,2,0000004962,,0.008108517732646314,0.010323714718565928,0.1443271767810026,,,,,,,22ec1e05640fbe4ff0d8a69f,False,,,,,,,,,,,,,,,,,,,,,,,,,,,,,,,,,,,,,,,,,,,,,,,,bounded_preclose_bid_ask,,,,False,not_requested_for_horizon_or_variant,,,missing_decision_or_entry_bar,event,protective_put,,missing_decision_or_entry_bar,,,True,,H23,0,AXP,,primary,0.025893038084354093,15.245388548207401,2023
,,,08189ca63e06b0c9cb907cda,time_value,,,1,1,2023-02-21,2023-02-21,,,284,,,2023-02-22,285,False,,,2023-02-21,,,,,,,"{""market_momentum"": 0.008108517732646314, ""market_volatility"": 0.010323714718565928, ""momentum"": 0.1443271767810026, ""volatility"": 0.025893038084354093, ""volume_state"": 15.245388548207401}",assumed_next_daily_close,,3,0000004962,,0.008108517732646314,0.010323714718565928,0.1443271767810026,,,,,,,22ec1e05640fbe4ff0d8a69f,False,,,,,,,,,,,,,,,,,,,,,,,,,,,,,,,,,,,,,,,,,,,,,,,,bounded_preclose_bid_ask,,,,False,not_requested_for_horizon_or_variant,,,missing_decision_or_entry_bar,event,protective_put,,missing_decision_or_entry_bar,,,False,,H23,0,AXP,,primary,0.025893038084354093,15.245388548207401,2023
,,,08189ca63e06b0c9cb907cda,time_value,,,1,1,2023-02-21,2023-02-21,,,284,,,2023-02-22,285,False,,,2023-02-21,,,,,,,"{""market_momentum"": 0.008108517732646314, ""market_volatility"": 0.010323714718565928, ""momentum"": 0.1443271767810026, ""volatility"": 0.025893038084354093, ""volume_state"": 15.245388548207401}",assumed_next_daily_close,,3,0000004962,,0.008108517732646314,0.010323714718565928,0.1443271767810026,,,,,,,22ec1e05640fbe4ff0d8a69f,False,,,,,,,,,,,,,,,,,,,,,,,,,,,,,,,,,,,,,,,,,,,,,,,,bounded_preclose_bid_ask,,,,False,not_requested_for_horizon_or_variant,,,missing_decision_or_entry_bar,event,protective_put,,missing_decision_or_entry_bar,,,True,,H23,0,AXP,,primary,0.025893038084354093,15.245388548207401,2023
,,,08189ca63e06b0c9cb907cda,time_value,,,1,1,2023-02-21,2023-02-21,,,284,,,2023-02-22,285,False,,,2023-02-21,,,,,,,"{""market_momentum"": 0.008108517732646314, ""market_volatility"": 0.010323714718565928, ""momentum"": 0.1443271767810026, ""volatility"": 0.025893038084354093, ""volume_state"": 15.245388548207401}",assumed_next_daily_close,,5,0000004962,,0.008108517732646314,0.010323714718565928,0.1443271767810026,,,,,,,22ec1e05640fbe4ff0d8a69f,False,,,,,,,,,,,,,,,,,,,,,,,,,,,,,,,,,,,,,,,,,,,,,,,,bounded_preclose_bid_ask,,,,False,not_requested_for_horizon_or_variant,,,missing_decision_or_entry_bar,event,protective_put,,missing_decision_or_entry_bar,,,False,,H23,0,AXP,,primary,0.025893038084354093,15.245388548207401,2023
,,,08189ca63e06b0c9cb907cda,time_value,,,1,1,2023-02-21,2023-02-21,,,284,,,2023-02-22,285,False,,,2023-02-21,,,,,,,"{""market_momentum"": 0.008108517732646314, ""market_volatility"": 0.010323714718565928, ""momentum"": 0.1443271767810026, ""volatility"": 0.025893038084354093, ""volume_state"": 15.245388548207401}",assumed_next_daily_close,,5,0000004962,,0.008108517732646314,0.010323714718565928,0.1443271767810026,,,,,,,22ec1e05640fbe4ff0d8a69f,False,,,,,,,,,,,,,,,,,,,,,,,,,,,,,,,,,,,,,,,,,,,,,,,,bounded_preclose_bid_ask,,,,False,not_requested_for_horizon_or_variant,,,missing_decision_or_entry_bar,event,protective_put,,missing_decision_or_entry_bar,,,True,,H23,0,AXP,,primary,0.025893038084354093,15.245388548207401,2023
,,,08189ca63e06b0c9cb907cda,time_value,,,1,1,2023-02-21,2023-02-21,,,284,,,2023-02-22,285,False,,,2023-02-21,,,,,,,"{""market_momentum"": 0.008108517732646314, ""market_volatility"": 0.010323714718565928, ""momentum"": 0.1443271767810026, ""volatility"": 0.025893038084354093, ""volume_state"": 15.245388548207401}",assumed_next_daily_close,,10,0000004962,,0.008108517732646314,0.010323714718565928,0.1443271767810026,,,,,,,22ec1e05640fbe4ff0d8a69f,False,,,,,,,,,,,,,,,,,,,,,,,,,,,,,,,,,,,,,,,,,,,,,,,,bounded_preclose_bid_ask,,,,False,bar_outcome_not_completed,,,missing_decision_or_entry_bar,event,protective_put,,missing_decision_or_entry_bar,,,False,,H23,0,AXP,,primary,0.025893038084354093,15.245388548207401,2023
,,,08189ca63e06b0c9cb907cda,time_value,,,1,1,2023-02-21,2023-02-21,,,284,,,2023-02-22,285,False,,,2023-02-21,,,,,,,"{""market_momentum"": 0.008108517732646314, ""market_volatility"": 0.010323714718565928, ""momentum"": 0.1443271767810026, ""volatility"": 0.025893038084354093, ""volume_state"": 15.245388548207401}",assumed_next_daily_close,,10,0000004962,,0.008108517732646314,0.010323714718565928,0.1443271767810026,,,,,,,22ec1e05640fbe4ff0d8a69f,False,,,,,,,,,,,,,,,,,,,,,,,,,,,,,,,,,,,,,,,,,,,,,,,,bounded_preclose_bid_ask,,,,False,bar_outcome_not_completed,,,missing_decision_or_entry_bar,event,protective_put,,missing_decision_or_entry_bar,,,True,,H23,0,AXP,,primary,0.025893038084354093,15.245388548207401,2023
,,,08189ca63e06b0c9cb907cda,time_value,,,1,1,2023-02-21,2023-02-21,,,284,,,2023-02-22,285,False,,,2023-02-21,,,,,,,"{""market_momentum"": 0.008108517732646314, ""market_volatility"": 0.010323714718565928, ""momentum"": 0.1443271767810026, ""volatility"": 0.025893038084354093, ""volume_state"": 15.245388548207401}",assumed_next_daily_close,,21,0000004962,,0.008108517732646314,0.010323714718565928,0.1443271767810026,,,,,,,22ec1e05640fbe4ff0d8a69f,False,,,,,,,,,,,,,,,,,,,,,,,,,,,,,,,,,,,,,,,,,,,,,,,,bounded_preclose_bid_ask,,,,False,not_requested_for_horizon_or_variant,,,missing_decision_or_entry_bar,event,protective_put,,missing_decision_or_entry_bar,,,False,,H23,0,AXP,,primary,0.025893038084354093,15.245388548207401,2023
,,,08189ca63e06b0c9cb907cda,time_value,,,1,1,2023-02-21,2023-02-21,,,284,,,2023-02-22,285,False,,,2023-02-21,,,,,,,"{""market_momentum"": 0.008108517732646314, ""market_volatility"": 0.010323714718565928, ""momentum"": 0.1443271767810026, ""volatility"": 0.025893038084354093, ""volume_state"": 15.245388548207401}",assumed_next_daily_close,,21,0000004962,,0.008108517732646314,0.010323714718565928,0.1443271767810026,,,,,,,22ec1e05640fbe4ff0d8a69f,False,,,,,,,,,,,,,,,,,,,,,,,,,,,,,,,,,,,,,,,,,,,,,,,,bounded_preclose_bid_ask,,,,False,not_requested_for_horizon_or_variant,,,missing_decision_or_entry_bar,event,protective_put,,missing_decision_or_entry_bar,,,True,,H23,0,AXP,,primary,0.025893038084354093,15.245388548207401,2023
,,,08189ca63e06b0c9cb907cda,time_value,,,1,1,2023-02-21,2023-02-21,,,284,,,2023-02-22,285,False,,,2023-02-21,,,,,,,"{""market_momentum"": 0.008108517732646314, ""market_volatility"": 0.010323714718565928, ""momentum"": 0.1443271767810026, ""volatility"": 0.025893038084354093, ""volume_state"": 15.245388548207401}",assumed_next_daily_close,,42,0000004962,,0.008108517732646314,0.010323714718565928,0.1443271767810026,,,,,,,22ec1e05640fbe4ff0d8a69f,False,,,,,,,,,,,,,,,,,,,,,,,,,,,,,,,,,,,,,,,,,,,,,,,,bounded_preclose_bid_ask,,,,False,not_requested_for_horizon_or_variant,,,missing_decision_or_entry_bar,event,protective_put,,missing_decision_or_entry_bar,,,False,,H23,0,AXP,,primary,0.025893038084354093,15.245388548207401,2023
,,,08189ca63e06b0c9cb907cda,time_value,,,1,1,2023-02-21,2023-02-21,,,284,,,2023-02-22,285,False,,,2023-02-21,,,,,,,"{""market_momentum"": 0.008108517732646314, ""market_volatility"": 0.010323714718565928, ""momentum"": 0.1443271767810026, ""volatility"": 0.025893038084354093, ""volume_state"": 15.245388548207401}",assumed_next_daily_close,,42,0000004962,,0.008108517732646314,0.010323714718565928,0.1443271767810026,,,,,,,22ec1e05640fbe4ff0d8a69f,False,,,,,,,,,,,,,,,,,,,,,,,,,,,,,,,,,,,,,,,,,,,,,,,,bounded_preclose_bid_ask,,,,False,not_requested_for_horizon_or_variant,,,missing_decision_or_entry_bar,event,protective_put,,missing_decision_or_entry_bar,,,True,,H23,0,AXP,,primary,0.025893038084354093,15.245388548207401,2023
,,,08189ca63e06b0c9cb907cda,time_value,,,1,1,2023-02-21,2023-02-21,,,284,,,2023-02-22,285,False,,,2023-02-21,,,,,,,"{""market_momentum"": 0.008108517732646314, ""market_volatility"": 0.010323714718565928, ""momentum"": 0.1443271767810026, ""volatility"": 0.025893038084354093, ""volume_state"": 15.245388548207401}",assumed_next_daily_close,,63,0000004962,,0.008108517732646314,0.010323714718565928,0.1443271767810026,,,,,,,22ec1e05640fbe4ff0d8a69f,False,,,,,,,,,,,,,,,,,,,,,,,,,,,,,,,,,,,,,,,,,,,,,,,,bounded_preclose_bid_ask,,,,False,not_requested_for_horizon_or_variant,,,missing_decision_or_entry_bar,event,protective_put,,missing_decision_or_entry_bar,,,False,,H23,0,AXP,,primary,0.025893038084354093,15.245388548207401,2023
,,,08189ca63e06b0c9cb907cda,time_value,,,1,1,2023-02-21,2023-02-21,,,284,,,2023-02-22,285,False,,,2023-02-21,,,,,,,"{""market_momentum"": 0.008108517732646314, ""market_volatility"": 0.010323714718565928, ""momentum"": 0.1443271767810026, ""volatility"": 0.025893038084354093, ""volume_state"": 15.245388548207401}",assumed_next_daily_close,,63,0000004962,,0.008108517732646314,0.010323714718565928,0.1443271767810026,,,,,,,22ec1e05640fbe4ff0d8a69f,False,,,,,,,,,,,,,,,,,,,,,,,,,,,,,,,,,,,,,,,,,,,,,,,,bounded_preclose_bid_ask,,,,False,not_requested_for_horizon_or_variant,,,missing_decision_or_entry_bar,event,protective_put,,missing_decision_or_entry_bar,,,True,,H23,0,AXP,,primary,0.025893038084354093,15.245388548207401,2023
,,,08189ca63e06b0c9cb907cda,time_value,,,1,1,2023-02-21,2023-02-21,,,284,,,2023-02-22,285,False,,,2023-02-21,,,,,,,"{""market_momentum"": 0.008108517732646314, ""market_volatility"": 0.010323714718565928, ""momentum"": 0.1443271767810026, ""volatility"": 0.025893038084354093, ""volume_state"": 15.245388548207401}",assumed_next_daily_close,,expiry,0000004962,,0.008108517732646314,0.010323714718565928,0.1443271767810026,,,,,,,22ec1e05640fbe4ff0d8a69f,False,,,,,,,,,,,,,,,,,,,,,,,,,,,,,,,,,,,,,,,,,,,,,,,,bounded_preclose_bid_ask,,,,False,not_requested_for_horizon_or_variant,,,missing_decision_or_entry_bar,event,protective_put,,missing_decision_or_entry_bar,,,False,,H23,0,AXP,,primary,0.025893038084354093,15.245388548207401,2023
,,,08189ca63e06b0c9cb907cda,time_value,,,1,1,2023-02-21,2023-02-21,,,284,,,2023-02-22,285,False,,,2023-02-21,,,,,,,"{""market_momentum"": 0.008108517732646314, ""market_volatility"": 0.010323714718565928, ""momentum"": 0.1443271767810026, ""volatility"": 0.025893038084354093, ""volume_state"": 15.245388548207401}",assumed_next_daily_close,,expiry,0000004962,,0.008108517732646314,0.010323714718565928,0.1443271767810026,,,,,,,22ec1e05640fbe4ff0d8a69f,False,,,,,,,,,,,,,,,,,,,,,,,,,,,,,,,,,,,,,,,,,,,,,,,,bounded_preclose_bid_ask,,,,False,not_requested_for_horizon_or_variant,,,missing_decision_or_entry_bar,event,protective_put,,missing_decision_or_entry_bar,,,True,,H23,0,AXP,,primary,0.025893038084354093,15.245388548207401,2023
,,,1716ff2799509eadfa7b9d6b,time_value,,,1,1,2022-06-13,2022-06-13,,,111,,,2022-06-14,112,False,,,2022-06-13,,,,,,,"{""market_momentum"": -0.044196360299739945, ""market_volatility"": 0.019467383046285182, ""momentum"": -0.0008040431886056076, ""volatility"": 0.04634833024814775, ""volume_state"": 18.59660793441876}",assumed_next_daily_close,,1,0000002488,,-0.044196360299739945,0.019467383046285182,-0.0008040431886056076,,,,,,,2365de4d09ca404355304144,False,,,,,,,,,,,,,,,,,,,,,,,,,,,,,,,,,,,,,,,,,,,,,,,,bounded_preclose_bid_ask,,,,False,not_requested_for_horizon_or_variant,,,no_standard_contract_within_rules,event,protective_put,,no_standard_contract_within_rules,,,False,,H23,0,AMD,,primary,0.04634833024814775,18.59660793441876,2022
,,,1716ff2799509eadfa7b9d6b,time_value,,,1,1,2022-06-13,2022-06-13,,,111,,,2022-06-14,112,False,,,2022-06-13,,,,,,,"{""market_momentum"": -0.044196360299739945, ""market_volatility"": 0.019467383046285182, ""momentum"": -0.0008040431886056076, ""volatility"": 0.04634833024814775, ""volume_state"": 18.59660793441876}",assumed_next_daily_close,,1,0000002488,,-0.044196360299739945,0.019467383046285182,-0.0008040431886056076,,,,,,,2365de4d09ca404355304144,False,,,,,,,,,,,,,,,,,,,,,,,,,,,,,,,,,,,,,,,,,,,,,,,,bounded_preclose_bid_ask,,,,False,not_requested_for_horizon_or_variant,,,no_standard_contract_within_rules,event,protective_put,,no_standard_contract_within_rules,,,True,,H23,0,AMD,,primary,0.04634833024814775,18.59660793441876,2022
,,,1716ff2799509eadfa7b9d6b,time_value,,,1,1,2022-06-13,2022-06-13,,,111,,,2022-06-14,112,False,,,2022-06-13,,,,,,,"{""market_momentum"": -0.044196360299739945, ""market_volatility"": 0.019467383046285182, ""momentum"": -0.0008040431886056076, ""volatility"": 0.04634833024814775, ""volume_state"": 18.59660793441876}",assumed_next_daily_close,,2,0000002488,,-0.044196360299739945,0.019467383046285182,-0.0008040431886056076,,,,,,,2365de4d09ca404355304144,False,,,,,,,,,,,,,,,,,,,,,,,,,,,,,,,,,,,,,,,,,,,,,,,,bounded_preclose_bid_ask,,,,False,not_requested_for_horizon_or_variant,,,no_standard_contract_within_rules,event,protective_put,,no_standard_contract_within_rules,,,False,,H23,0,AMD,,primary,0.04634833024814775,18.59660793441876,2022
,,,1716ff2799509eadfa7b9d6b,time_value,,,1,1,2022-06-13,2022-06-13,,,111,,,2022-06-14,112,False,,,2022-06-13,,,,,,,"{""market_momentum"": -0.044196360299739945, ""market_volatility"": 0.019467383046285182, ""momentum"": -0.0008040431886056076, ""volatility"": 0.04634833024814775, ""volume_state"": 18.59660793441876}",assumed_next_daily_close,,2,0000002488,,-0.044196360299739945,0.019467383046285182,-0.0008040431886056076,,,,,,,2365de4d09ca404355304144,False,,,,,,,,,,,,,,,,,,,,,,,,,,,,,,,,,,,,,,,,,,,,,,,,bounded_preclose_bid_ask,,,,False,not_requested_for_horizon_or_variant,,,no_standard_contract_within_rules,event,protective_put,,no_standard_contract_within_rules,,,True,,H23,0,AMD,,primary,0.04634833024814775,18.59660793441876,2022
,,,1716ff2799509eadfa7b9d6b,time_value,,,1,1,2022-06-13,2022-06-13,,,111,,,2022-06-14,112,False,,,2022-06-13,,,,,,,"{""market_momentum"": -0.044196360299739945, ""market_volatility"": 0.019467383046285182, ""momentum"": -0.0008040431886056076, ""volatility"": 0.04634833024814775, ""volume_state"": 18.59660793441876}",assumed_next_daily_close,,3,0000002488,,-0.044196360299739945,0.019467383046285182,-0.0008040431886056076,,,,,,,2365de4d09ca404355304144,False,,,,,,,,,,,,,,,,,,,,,,,,,,,,,,,,,,,,,,,,,,,,,,,,bounded_preclose_bid_ask,,,,False,not_requested_for_horizon_or_variant,,,no_standard_contract_within_rules,event,protective_put,,no_standard_contract_within_rules,,,False,,H23,0,AMD,,primary,0.04634833024814775,18.59660793441876,2022
,,,1716ff2799509eadfa7b9d6b,time_value,,,1,1,2022-06-13,2022-06-13,,,111,,,2022-06-14,112,False,,,2022-06-13,,,,,,,"{""market_momentum"": -0.044196360299739945, ""market_volatility"": 0.019467383046285182, ""momentum"": -0.0008040431886056076, ""volatility"": 0.04634833024814775, ""volume_state"": 18.59660793441876}",assumed_next_daily_close,,3,0000002488,,-0.044196360299739945,0.019467383046285182,-0.0008040431886056076,,,,,,,2365de4d09ca404355304144,False,,,,,,,,,,,,,,,,,,,,,,,,,,,,,,,,,,,,,,,,,,,,,,,,bounded_preclose_bid_ask,,,,False,not_requested_for_horizon_or_variant,,,no_standard_contract_within_rules,event,protective_put,,no_standard_contract_within_rules,,,True,,H23,0,AMD,,primary,0.04634833024814775,18.59660793441876,2022
,,,1716ff2799509eadfa7b9d6b,time_value,,,1,1,2022-06-13,2022-06-13,,,111,,,2022-06-14,112,False,,,2022-06-13,,,,,,,"{""market_momentum"": -0.044196360299739945, ""market_volatility"": 0.019467383046285182, ""momentum"": -0.0008040431886056076, ""volatility"": 0.04634833024814775, ""volume_state"": 18.59660793441876}",assumed_next_daily_close,,5,0000002488,,-0.044196360299739945,0.019467383046285182,-0.0008040431886056076,,,,,,,2365de4d09ca404355304144,False,,,,,,,,,,,,,,,,,,,,,,,,,,,,,,,,,,,,,,,,,,,,,,,,bounded_preclose_bid_ask,,,,False,not_requested_for_horizon_or_variant,,,no_standard_contract_within_rules,event,protective_put,,no_standard_contract_within_rules,,,False,,H23,0,AMD,,primary,0.04634833024814775,18.59660793441876,2022
,,,1716ff2799509eadfa7b9d6b,time_value,,,1,1,2022-06-13,2022-06-13,,,111,,,2022-06-14,112,False,,,2022-06-13,,,,,,,"{""market_momentum"": -0.044196360299739945, ""market_volatility"": 0.019467383046285182, ""momentum"": -0.0008040431886056076, ""volatility"": 0.04634833024814775, ""volume_state"": 18.59660793441876}",assumed_next_daily_close,,5,0000002488,,-0.044196360299739945,0.019467383046285182,-0.0008040431886056076,,,,,,,2365de4d09ca404355304144,False,,,,,,,,,,,,,,,,,,,,,,,,,,,,,,,,,,,,,,,,,,,,,,,,bounded_preclose_bid_ask,,,,False,not_requested_for_horizon_or_variant,,,no_standard_contract_within_rules,event,protective_put,,no_standard_contract_within_rules,,,True,,H23,0,AMD,,primary,0.04634833024814775,18.59660793441876,2022
,,,1716ff2799509eadfa7b9d6b,time_value,,,1,1,2022-06-13,2022-06-13,,,111,,,2022-06-14,112,False,,,2022-06-13,,,,,,,"{""market_momentum"": -0.044196360299739945, ""market_volatility"": 0.019467383046285182, ""momentum"": -0.0008040431886056076, ""volatility"": 0.04634833024814775, ""volume_state"": 18.59660793441876}",assumed_next_daily_close,,10,0000002488,,-0.044196360299739945,0.019467383046285182,-0.0008040431886056076,,,,,,,2365de4d09ca404355304144,False,,,,,,,,,,,,,,,,,,,,,,,,,,,,,,,,,,,,,,,,,,,,,,,,bounded_preclose_bid_ask,,,,False,not_sampled_or_missing_quotes,,,no_standard_contract_within_rules,event,protective_put,,no_standard_contract_within_rules,,,False,,H23,0,AMD,,primary,0.04634833024814775,18.59660793441876,2022
,,,1716ff2799509eadfa7b9d6b,time_value,,,1,1,2022-06-13,2022-06-13,,,111,,,2022-06-14,112,False,,,2022-06-13,,,,,,,"{""market_momentum"": -0.044196360299739945, ""market_volatility"": 0.019467383046285182, ""momentum"": -0.0008040431886056076, ""volatility"": 0.04634833024814775, ""volume_state"": 18.59660793441876}",assumed_next_daily_close,,10,0000002488,,-0.044196360299739945,0.019467383046285182,-0.0008040431886056076,,,,,,,2365de4d09ca404355304144,False,,,,,,,,,,,,,,,,,,,,,,,,,,,,,,,,,,,,,,,,,,,,,,,,bounded_preclose_bid_ask,,,,False,not_sampled_or_missing_quotes,,,no_standard_contract_within_rules,event,protective_put,,no_standard_contract_within_rules,,,True,,H23,0,AMD,,primary,0.04634833024814775,18.59660793441876,2022
,,,1716ff2799509eadfa7b9d6b,time_value,,,1,1,2022-06-13,2022-06-13,,,111,,,2022-06-14,112,False,,,2022-06-13,,,,,,,"{""market_momentum"": -0.044196360299739945, ""market_volatility"": 0.019467383046285182, ""momentum"": -0.0008040431886056076, ""volatility"": 0.04634833024814775, ""volume_state"": 18.59660793441876}",assumed_next_daily_close,,21,0000002488,,-0.044196360299739945,0.019467383046285182,-0.0008040431886056076,,,,,,,2365de4d09ca404355304144,False,,,,,,,,,,,,,,,,,,,,,,,,,,,,,,,,,,,,,,,,,,,,,,,,bounded_preclose_bid_ask,,,,False,not_requested_for_horizon_or_variant,,,no_standard_contract_within_rules,event,protective_put,,no_standard_contract_within_rules,,,False,,H23,0,AMD,,primary,0.04634833024814775,18.59660793441876,2022
,,,1716ff2799509eadfa7b9d6b,time_value,,,1,1,2022-06-13,2022-06-13,,,111,,,2022-06-14,112,False,,,2022-06-13,,,,,,,"{""market_momentum"": -0.044196360299739945, ""market_volatility"": 0.019467383046285182, ""momentum"": -0.0008040431886056076, ""volatility"": 0.04634833024814775, ""volume_state"": 18.59660793441876}",assumed_next_daily_close,,21,0000002488,,-0.044196360299739945,0.019467383046285182,-0.0008040431886056076,,,,,,,2365de4d09ca404355304144,False,,,,,,,,,,,,,,,,,,,,,,,,,,,,,,,,,,,,,,,,,,,,,,,,bounded_preclose_bid_ask,,,,False,not_requested_for_horizon_or_variant,,,no_standard_contract_within_rules,event,protective_put,,no_standard_contract_within_rules,,,True,,H23,0,AMD,,primary,0.04634833024814775,18.59660793441876,2022
,,,1716ff2799509eadfa7b9d6b,time_value,,,1,1,2022-06-13,2022-06-13,,,111,,,2022-06-14,112,False,,,2022-06-13,,,,,,,"{""market_momentum"": -0.044196360299739945, ""market_volatility"": 0.019467383046285182, ""momentum"": -0.0008040431886056076, ""volatility"": 0.04634833024814775, ""volume_state"": 18.59660793441876}",assumed_next_daily_close,,42,0000002488,,-0.044196360299739945,0.019467383046285182,-0.0008040431886056076,,,,,,,2365de4d09ca404355304144,False,,,,,,,,,,,,,,,,,,,,,,,,,,,,,,,,,,,,,,,,,,,,,,,,bounded_preclose_bid_ask,,,,False,not_requested_for_horizon_or_variant,,,no_standard_contract_within_rules,event,protective_put,,no_standard_contract_within_rules,,,False,,H23,0,AMD,,primary,0.04634833024814775,18.59660793441876,2022
,,,1716ff2799509eadfa7b9d6b,time_value,,,1,1,2022-06-13,2022-06-13,,,111,,,2022-06-14,112,False,,,2022-06-13,,,,,,,"{""market_momentum"": -0.044196360299739945, ""market_volatility"": 0.019467383046285182, ""momentum"": -0.0008040431886056076, ""volatility"": 0.04634833024814775, ""volume_state"": 18.59660793441876}",assumed_next_daily_close,,42,0000002488,,-0.044196360299739945,0.019467383046285182,-0.0008040431886056076,,,,,,,2365de4d09ca404355304144,False,,,,,,,,,,,,,,,,,,,,,,,,,,,,,,,,,,,,,,,,,,,,,,,,bounded_preclose_bid_ask,,,,False,not_requested_for_horizon_or_variant,,,no_standard_contract_within_rules,event,protective_put,,no_standard_contract_within_rules,,,True,,H23,0,AMD,,primary,0.04634833024814775,18.59660793441876,2022
,,,1716ff2799509eadfa7b9d6b,time_value,,,1,1,2022-06-13,2022-06-13,,,111,,,2022-06-14,112,False,,,2022-06-13,,,,,,,"{""market_momentum"": -0.044196360299739945, ""market_volatility"": 0.019467383046285182, ""momentum"": -0.0008040431886056076, ""volatility"": 0.04634833024814775, ""volume_state"": 18.59660793441876}",assumed_next_daily_close,,63,0000002488,,-0.044196360299739945,0.019467383046285182,-0.0008040431886056076,,,,,,,2365de4d09ca404355304144,False,,,,,,,,,,,,,,,,,,,,,,,,,,,,,,,,,,,,,,,,,,,,,,,,bounded_preclose_bid_ask,,,,False,not_requested_for_horizon_or_variant,,,no_standard_contract_within_rules,event,protective_put,,no_standard_contract_within_rules,,,False,,H23,0,AMD,,primary,0.04634833024814775,18.59660793441876,2022
,,,1716ff2799509eadfa7b9d6b,time_value,,,1,1,2022-06-13,2022-06-13,,,111,,,2022-06-14,112,False,,,2022-06-13,,,,,,,"{""market_momentum"": -0.044196360299739945, ""market_volatility"": 0.019467383046285182, ""momentum"": -0.0008040431886056076, ""volatility"": 0.04634833024814775, ""volume_state"": 18.59660793441876}",assumed_next_daily_close,,63,0000002488,,-0.044196360299739945,0.019467383046285182,-0.0008040431886056076,,,,,,,2365de4d09ca404355304144,False,,,,,,,,,,,,,,,,,,,,,,,,,,,,,,,,,,,,,,,,,,,,,,,,bounded_preclose_bid_ask,,,,False,not_requested_for_horizon_or_variant,,,no_standard_contract_within_rules,event,protective_put,,no_standard_contract_within_rules,,,True,,H23,0,AMD,,primary,0.04634833024814775,18.59660793441876,2022
,,,1716ff2799509eadfa7b9d6b,time_value,,,1,1,2022-06-13,2022-06-13,,,111,,,2022-06-14,112,False,,,2022-06-13,,,,,,,"{""market_momentum"": -0.044196360299739945, ""market_volatility"": 0.019467383046285182, ""momentum"": -0.0008040431886056076, ""volatility"": 0.04634833024814775, ""volume_state"": 18.59660793441876}",assumed_next_daily_close,,expiry,0000002488,,-0.044196360299739945,0.019467383046285182,-0.0008040431886056076,,,,,,,2365de4d09ca404355304144,False,,,,,,,,,,,,,,,,,,,,,,,,,,,,,,,,,,,,,,,,,,,,,,,,bounded_preclose_bid_ask,,,,False,not_requested_for_horizon_or_variant,,,no_standard_contract_within_rules,event,protective_put,,no_standard_contract_within_rules,,,False,,H23,0,AMD,,primary,0.04634833024814775,18.59660793441876,2022
,,,1716ff2799509eadfa7b9d6b,time_value,,,1,1,2022-06-13,2022-06-13,,,111,,,2022-06-14,112,False,,,2022-06-13,,,,,,,"{""market_momentum"": -0.044196360299739945, ""market_volatility"": 0.019467383046285182, ""momentum"": -0.0008040431886056076, ""volatility"": 0.04634833024814775, ""volume_state"": 18.59660793441876}",assumed_next_daily_close,,expiry,0000002488,,-0.044196360299739945,0.019467383046285182,-0.0008040431886056076,,,,,,,2365de4d09ca404355304144,False,,,,,,,,,,,,,,,,,,,,,,,,,,,,,,,,,,,,,,,,,,,,,,,,bounded_preclose_bid_ask,,,,False,not_requested_for_horizon_or_variant,,,no_standard_contract_within_rules,event,protective_put,,no_standard_contract_within_rules,,,True,,H23,0,AMD,,primary,0.04634833024814775,18.59660793441876,2022
0.053820097854723414,2022-02-11,28,1f9f520ae2ab15989411f694,time_value,37.7408,O:AMD220617C00140000,1,1,2022-02-09,2022-02-09,128,0.09341362438840799,26,0.0,0.08055871829530095,2022-02-10,27,True,2022-02-11,28,2022-06-10,229,108939859.0,2022-02-11,scheduled_exit,28,2022-06-17,"{""market_momentum"": -0.01712100706751729, ""market_volatility"": 0.012640436624071728, ""momentum"": 0.006439393939393856, ""volatility"": 0.03901188867155281, ""volume_state"": 18.36068771284885}",assumed_next_daily_close,12577.0,1,0000002488,0,-0.01712100706751729,0.012640436624071728,0.006439393939393856,-1013.187,-0.08055871829530095,55.4462,9.45,6.06,338.99999999999994,974adb708dac1471a8674416,True,0.0005408328826392645,1849,9.320503163635088e-07,107290345.0,,,,,,,,,,,,,,,,,,,,,,,,,,,,,,,,,,,,,,,,,,,,bounded_preclose_bid_ask,,,,False,not_requested_for_horizon_or_variant,,,,ordinary,covered_call,100,completed,125.77,113.18,False,-1259.0,H23,0,AMD,93.187,primary,0.03901188867155281,18.36068771284885,2022
0.053820097854723414,2022-02-11,28,1f9f520ae2ab15989411f694,time_value,6.790799999999999,O:AMD220617C00140000,1,1,2022-02-09,2022-02-09,128,0.09341362438840799,26,0.0,0.10124330126421245,2022-02-10,27,True,2022-02-11,28,2022-06-10,229,108939859.0,2022-02-11,scheduled_exit,28,2022-06-17,"{""market_momentum"": -0.01712100706751729, ""market_volatility"": 0.012640436624071728, ""momentum"": 0.006439393939393856, ""volatility"": 0.03901188867155281, ""volume_state"": 18.36068771284885}",assumed_next_daily_close,12577.0,1,0000002488,0,-0.01712100706751729,0.012640436624071728,0.006439393939393856,-1273.337,-0.10124330126421245,7.546199999999999,9.45,0.0,-0.0,974adb708dac1471a8674416,True,0.0005408328826392645,1849,9.320503163635088e-07,107290345.0,,,,,,,,,,,,,,,,,,,,,,,,,,,,,,,,,,,,,,,,,,,,bounded_preclose_bid_ask,,,,False,not_requested_for_horizon_or_variant,,,,ordinary,covered_call,100,completed,125.77,113.18,True,-1259.0,H23,0,AMD,14.336999999999998,primary,0.03901188867155281,18.36068771284885,2022
0.053820097854723414,2022-02-14,29,1f9f520ae2ab15989411f694,time_value,38.7562,O:AMD220617C00140000,1,1,2022-02-09,2022-02-09,128,0.09341362438840799,26,0.0,0.08055871829530098,2022-02-10,27,True,2022-02-14,29,2022-06-10,229,108939859.0,2022-02-14,scheduled_exit,29,2022-06-17,"{""market_momentum"": -0.01712100706751729, ""market_volatility"": 0.012640436624071728, ""momentum"": 0.006439393939393856, ""volatility"": 0.03901188867155281, ""volume_state"": 18.36068771284885}",assumed_next_daily_close,12577.0,2,0000002488,0,-0.01712100706751729,0.012640436624071728,0.006439393939393856,-924.2024,-0.07348353343404627,55.4462,9.45,6.25,319.99999999999994,974adb708dac1471a8674416,True,0.0005408328826392645,1849,9.320503163635088e-07,107290345.0,,,,,,,,,,,,,,,,,,,,,,,,,,,,,,,,,,,,,,,,,,,,bounded_preclose_bid_ask,,,,False,not_requested_for_horizon_or_variant,,,,ordinary,covered_call,100,completed,125.77,114.27,False,-1150.0,H23,0,AMD,94.2024,primary,0.03901188867155281,18.36068771284885,2022
0.053820097854723414,2022-02-14,29,1f9f520ae2ab15989411f694,time_value,6.856199999999999,O:AMD220617C00140000,1,1,2022-02-09,2022-02-09,128,0.09341362438840799,26,0.0,0.1012433012642125,2022-02-10,27,True,2022-02-14,29,2022-06-10,229,108939859.0,2022-02-14,scheduled_exit,29,2022-06-17,"{""market_momentum"": -0.01712100706751729, ""market_volatility"": 0.012640436624071728, ""momentum"": 0.006439393939393856, ""volatility"": 0.03901188867155281, ""volume_state"": 18.36068771284885}",assumed_next_daily_close,12577.0,2,0000002488,0,-0.01712100706751729,0.012640436624071728,0.006439393939393856,-1164.4024,-0.09258188757255306,7.546199999999999,9.45,0.0,-0.0,974adb708dac1471a8674416,True,0.0005408328826392645,1849,9.320503163635088e-07,107290345.0,,,,,,,,,,,,,,,,,,,,,,,,,,,,,,,,,,,,,,,,,,,,bounded_preclose_bid_ask,,,,False,not_requested_for_horizon_or_variant,,,,ordinary,covered_call,100,completed,125.77,114.27,True,-1150.0,H23,0,AMD,14.402399999999998,primary,0.03901188867155281,18.36068771284885,2022
0.053820097854723414,2022-02-15,30,1f9f520ae2ab15989411f694,time_value,48.438199999999995,O:AMD220617C00140000,1,1,2022-02-09,2022-02-09,128,0.09341362438840799,26,0.0,0.08055871829530098,2022-02-10,27,True,2022-02-15,30,2022-06-10,229,108939859.0,2022-02-15,scheduled_exit,30,2022-06-17,"{""market_momentum"": -0.01712100706751729, ""market_volatility"": 0.012640436624071728, ""momentum"": 0.006439393939393856, ""volatility"": 0.03901188867155281, ""volume_state"": 18.36068771284885}",assumed_next_daily_close,12577.0,3,0000002488,0,-0.01712100706751729,0.012640436624071728,0.006439393939393856,-398.88439999999997,-0.031715385227001666,55.4462,9.45,8.1,134.99999999999997,974adb708dac1471a8674416,True,0.0005408328826392645,1849,9.320503163635088e-07,107290345.0,,,,,,,,,,,,,,,,,,,,,,,,,,,,,,,,,,,,,,,,,,,,bounded_preclose_bid_ask,,,,False,not_requested_for_horizon_or_variant,,,,ordinary,covered_call,100,completed,125.77,121.47,False,-430.0,H23,0,AMD,103.8844,primary,0.03901188867155281,18.36068771284885,2022
0.053820097854723414,2022-02-15,30,1f9f520ae2ab15989411f694,time_value,7.2882,O:AMD220617C00140000,1,1,2022-02-09,2022-02-09,128,0.09341362438840799,26,0.0,0.1012433012642125,2022-02-10,27,True,2022-02-15,30,2022-06-10,229,108939859.0,2022-02-15,scheduled_exit,30,2022-06-17,"{""market_momentum"": -0.01712100706751729, ""market_volatility"": 0.012640436624071728, ""momentum"": 0.006439393939393856, ""volatility"": 0.03901188867155281, ""volume_state"": 18.36068771284885}",assumed_next_daily_close,12577.0,3,0000002488,0,-0.01712100706751729,0.012640436624071728,0.006439393939393856,-444.8344,-0.035368879701041585,7.546199999999999,9.45,0.0,-0.0,974adb708dac1471a8674416,True,0.0005408328826392645,1849,9.320503163635088e-07,107290345.0,,,,,,,,,,,,,,,,,,,,,,,,,,,,,,,,,,,,,,,,,,,,bounded_preclose_bid_ask,,,,False,not_requested_for_horizon_or_variant,,,,ordinary,covered_call,100,completed,125.77,121.47,True,-430.0,H23,0,AMD,14.834399999999999,primary,0.03901188867155281,18.36068771284885,2022
0.053820097854723414,2022-02-17,32,1f9f520ae2ab15989411f694,time_value,33.642199999999995,O:AMD220617C00140000,1,1,2022-02-09,2022-02-09,128,0.09341362438840799,26,0.0,0.08055871829530098,2022-02-10,27,True,2022-02-17,32,2022-06-10,229,108939859.0,2022-02-17,scheduled_exit,32,2022-06-17,"{""market_momentum"": -0.01712100706751729, ""market_volatility"": 0.012640436624071728, ""momentum"": 0.006439393939393856, ""volatility"": 0.03901188867155281, ""volume_state"": 18.36068771284885}",assumed_next_daily_close,12577.0,5,0000002488,0,-0.01712100706751729,0.012640436624071728,0.006439393939393856,-1009.0884,-0.08023283771964697,55.4462,9.45,5.25,419.99999999999994,974adb708dac1471a8674416,True,0.0005408328826392645,1849,9.320503163635088e-07,107290345.0,,,,,,,,,,,,,,,,,,,,,,,,,,,,,,,,,,,,,,,,,,,,bounded_preclose_bid_ask,,,,False,not_requested_for_horizon_or_variant,,,,ordinary,covered_call,100,completed,125.77,112.37,False,-1340.0,H23,0,AMD,89.0884,primary,0.03901188867155281,18.36068771284885,2022
0.053820097854723414,2022-02-17,32,1f9f520ae2ab15989411f694,time_value,6.7421999999999995,O:AMD220617C00140000,1,1,2022-02-09,2022-02-09,128,0.09341362438840799,26,0.0,0.10767976464975748,2022-02-10,27,True,2022-02-17,32,2022-06-10,229,108939859.0,2022-02-17,scheduled_exit,32,2022-06-17,"{""market_momentum"": -0.01712100706751729, ""market_volatility"": 0.012640436624071728, ""momentum"": 0.006439393939393856, ""volatility"": 0.03901188867155281, ""volume_state"": 18.36068771284885}",assumed_next_daily_close,12577.0,5,0000002488,0,-0.01712100706751729,0.012640436624071728,0.006439393939393856,-1354.2884,-0.10767976464975748,7.546199999999999,9.45,0.0,-0.0,974adb708dac1471a8674416,True,0.0005408328826392645,1849,9.320503163635088e-07,107290345.0,,,,,,,,,,,,,,,,,,,,,,,,,,,,,,,,,,,,,,,,,,,,bounded_preclose_bid_ask,,,,False,not_requested_for_horizon_or_variant,,,,ordinary,covered_call,100,completed,125.77,112.37,True,-1340.0,H23,0,AMD,14.2884,primary,0.03901188867155281,18.36068771284885,2022
0.053820097854723414,2022-02-25,37,1f9f520ae2ab15989411f694,time_value,42.913599999999995,O:AMD220617C00140000,1,1,2022-02-09,2022-02-09,128,0.09341362438840799,26,0.0,0.09579643794227562,2022-02-10,27,True,2022-02-25,37,2022-06-10,229,108939859.0,2022-02-25,scheduled_exit,37,2022-06-17,"{""market_momentum"": -0.01712100706751729, ""market_volatility"": 0.012640436624071728, ""momentum"": 0.006439393939393856, ""volatility"": 0.03901188867155281, ""volume_state"": 18.36068771284885}",assumed_next_daily_close,12577.0,10,0000002488,0,-0.01712100706751729,0.012640436624071728,0.006439393939393856,-324.3598,-0.025789918104476426,55.4462,9.45,7,244.99999999999994,974adb708dac1471a8674416,True,0.0005408328826392645,1849,9.320503163635088e-07,107290345.0,,,,,,,,,,,,,,,,,,,,,,,,,,,,,,,,,,,,,,,,,,,,bounded_preclose_bid_ask,,,,False,decision_missing_or_stale_quote,,,,ordinary,covered_call,100,completed,125.77,121.06,False,-471.0,H23,0,AMD,98.35979999999999,primary,0.03901188867155281,18.36068771284885,2022
0.053820097854723414,2022-02-25,37,1f9f520ae2ab15989411f694,time_value,7.263599999999999,O:AMD220617C00140000,1,1,2022-02-09,2022-02-09,128,0.09341362438840799,26,0.0,0.12841948000318046,2022-02-10,27,True,2022-02-25,37,2022-06-10,229,108939859.0,2022-02-25,scheduled_exit,37,2022-06-17,"{""market_momentum"": -0.01712100706751729, ""market_volatility"": 0.012640436624071728, ""momentum"": 0.006439393939393856, ""volatility"": 0.03901188867155281, ""volume_state"": 18.36068771284885}",assumed_next_daily_close,12577.0,10,0000002488,0,-0.01712100706751729,0.012640436624071728,0.006439393939393856,-485.8098,-0.03862684264928043,7.546199999999999,9.45,0.0,-0.0,974adb708dac1471a8674416,True,0.0005408328826392645,1849,9.320503163635088e-07,107290345.0,,,,,,,,,,,,,,,,,,,,,,,,,,,,,,,,,,,,,,,,,,,,bounded_preclose_bid_ask,,,,False,decision_missing_or_stale_quote,,,,ordinary,covered_call,100,completed,125.77,121.06,True,-471.0,H23,0,AMD,14.8098,primary,0.03901188867155281,18.36068771284885,2022
0.053820097854723414,2022-03-14,48,1f9f520ae2ab15989411f694,time_value,18.785,O:AMD220617C00140000,1,1,2022-02-09,2022-02-09,128,0.09341362438840799,26,0.0,0.1368554663274231,2022-02-10,27,True,2022-03-14,48,2022-06-10,229,108939859.0,2022-03-14,scheduled_exit,48,2022-06-17,"{""market_momentum"": -0.01712100706751729, ""market_volatility"": 0.012640436624071728, ""momentum"": 0.006439393939393856, ""volatility"": 0.03901188867155281, ""volume_state"": 18.36068771284885}",assumed_next_daily_close,12577.0,21,0000002488,0,-0.01712100706751729,0.012640436624071728,0.006439393939393856,-1721.2312000000002,-0.1368554663274231,55.4462,9.45,2.4,704.9999999999999,974adb708dac1471a8674416,True,0.0005408328826392645,1849,9.320503163635088e-07,107290345.0,,,,,,,,,,,,,,,,,,,,,,,,,,,,,,,,,,,,,,,,,,,,bounded_preclose_bid_ask,,,,False,not_requested_for_horizon_or_variant,,,,ordinary,covered_call,100,completed,125.77,102.25,False,-2352.0,H23,0,AMD,74.2312,primary,0.03901188867155281,18.36068771284885,2022
0.053820097854723414,2022-03-14,48,1f9f520ae2ab15989411f694,time_value,6.135,O:AMD220617C00140000,1,1,2022-02-09,2022-02-09,128,0.09341362438840799,26,0.0,0.1880958257136042,2022-02-10,27,True,2022-03-14,48,2022-06-10,229,108939859.0,2022-03-14,scheduled_exit,48,2022-06-17,"{""market_momentum"": -0.01712100706751729, ""market_volatility"": 0.012640436624071728, ""momentum"": 0.006439393939393856, ""volatility"": 0.03901188867155281, ""volume_state"": 18.36068771284885}",assumed_next_daily_close,12577.0,21,0000002488,0,-0.01712100706751729,0.012640436624071728,0.006439393939393856,-2365.6812,-0.1880958257136042,7.546199999999999,9.45,0.0,-0.0,974adb708dac1471a8674416,True,0.0005408328826392645,1849,9.320503163635088e-07,107290345.0,,,,,,,,,,,,,,,,,,,,,,,,,,,,,,,,,,,,,,,,,,,,bounded_preclose_bid_ask,,,,False,not_requested_for_horizon_or_variant,,,,ordinary,covered_call,100,completed,125.77,102.25,True,-2352.0,H23,0,AMD,13.681199999999999,primary,0.03901188867155281,18.36068771284885,2022
0.053820097854723414,2022-04-12,69,1f9f520ae2ab15989411f694,time_value,9.405999999999999,O:AMD220617C00140000,1,1,2022-02-09,2022-02-09,128,0.09341362438840799,26,0.0,0.17872721634730063,2022-02-10,27,True,2022-04-12,69,2022-06-10,229,108939859.0,2022-04-12,scheduled_exit,69,2022-06-17,"{""market_momentum"": -0.01712100706751729, ""market_volatility"": 0.012640436624071728, ""momentum"": 0.006439393939393856, ""volatility"": 0.03901188867155281, ""volume_state"": 18.36068771284885}",assumed_next_daily_close,12577.0,42,0000002488,0,-0.01712100706751729,0.012640436624071728,0.006439393939393856,-2247.8522,-0.17872721634730063,55.4462,9.45,0.61,884.0,974adb708dac1471a8674416,True,0.0005408328826392645,1849,9.320503163635088e-07,107290345.0,,,,,,,,,,,,,,,,,,,,,,,,,,,,,,,,,,,,,,,,,,,,bounded_preclose_bid_ask,,,,False,not_requested_for_horizon_or_variant,,,,ordinary,covered_call,100,completed,125.77,95.1,False,-3067.0,H23,0,AMD,64.8522,primary,0.03901188867155281,18.36068771284885,2022
0.053820097854723414,2022-04-12,69,1f9f520ae2ab15989411f694,time_value,5.7059999999999995,O:AMD220617C00140000,1,1,2022-02-09,2022-02-09,128,0.09341362438840799,26,0.0,0.2449115210304524,2022-02-10,27,True,2022-04-12,69,2022-06-10,229,108939859.0,2022-04-12,scheduled_exit,69,2022-06-17,"{""market_momentum"": -0.01712100706751729, ""market_volatility"": 0.012640436624071728, ""momentum"": 0.006439393939393856, ""volatility"": 0.03901188867155281, ""volume_state"": 18.36068771284885}",assumed_next_daily_close,12577.0,42,0000002488,0,-0.01712100706751729,0.012640436624071728,0.006439393939393856,-3080.2522,-0.2449115210304524,7.546199999999999,9.45,0.0,-0.0,974adb708dac1471a8674416,True,0.0005408328826392645,1849,9.320503163635088e-07,107290345.0,,,,,,,,,,,,,,,,,,,,,,,,,,,,,,,,,,,,,,,,,,,,bounded_preclose_bid_ask,,,,False,not_requested_for_horizon_or_variant,,,,ordinary,covered_call,100,completed,125.77,95.1,True,-3067.0,H23,0,AMD,13.252199999999998,primary,0.03901188867155281,18.36068771284885,2022
0.053820097854723414,2022-05-12,90,1f9f520ae2ab15989411f694,time_value,6.4235999999999995,O:AMD220617C00140000,1,1,2022-02-09,2022-02-09,128,0.09341362438840799,26,0.0,0.2563600858710345,2022-02-10,27,True,2022-05-12,90,2022-06-10,229,108939859.0,2022-05-12,scheduled_exit,90,2022-06-17,"{""market_momentum"": -0.01712100706751729, ""market_volatility"": 0.012640436624071728, ""momentum"": 0.006439393939393856, ""volatility"": 0.03901188867155281, ""volume_state"": 18.36068771284885}",assumed_next_daily_close,12577.0,63,0000002488,0,-0.01712100706751729,0.012640436624071728,0.006439393939393856,-2998.8698,-0.23844078874135327,55.4462,9.45,0.11,934.0,974adb708dac1471a8674416,True,0.0005408328826392645,1849,9.320503163635088e-07,107290345.0,,,,,,,,,,,,,,,,,,,,,,,,,,,,,,,,,,,,,,,,,,,,bounded_preclose_bid_ask,,,,False,not_requested_for_horizon_or_variant,,,,ordinary,covered_call,100,completed,125.77,87.06,False,-3871.0,H23,0,AMD,61.8698,primary,0.03901188867155281,18.36068771284885,2022
0.053820097854723414,2022-05-12,90,1f9f520ae2ab15989411f694,time_value,5.223599999999999,O:AMD220617C00140000,1,1,2022-02-09,2022-02-09,128,0.09341362438840799,26,0.0,0.3258838196708278,2022-02-10,27,True,2022-05-12,90,2022-06-10,229,108939859.0,2022-05-12,scheduled_exit,90,2022-06-17,"{""market_momentum"": -0.01712100706751729, ""market_volatility"": 0.012640436624071728, ""momentum"": 0.006439393939393856, ""volatility"": 0.03901188867155281, ""volume_state"": 18.36068771284885}",assumed_next_daily_close,12577.0,63,0000002488,0,-0.01712100706751729,0.012640436624071728,0.006439393939393856,-3883.7697999999996,-0.30879937982030686,7.546199999999999,9.45,0.0,-0.0,974adb708dac1471a8674416,True,0.0005408328826392645,1849,9.320503163635088e-07,107290345.0,,,,,,,,,,,,,,,,,,,,,,,,,,,,,,,,,,,,,,,,,,,,bounded_preclose_bid_ask,,,,False,not_requested_for_horizon_or_variant,,,,ordinary,covered_call,100,completed,125.77,87.06,True,-3871.0,H23,0,AMD,12.769799999999998,primary,0.03901188867155281,18.36068771284885,2022
0.053820097854723414,2022-06-17,115,1f9f520ae2ab15989411f694,time_value,5.544199999999999,O:AMD220617C00140000,1,1,2022-02-09,2022-02-09,128,0.09341362438840799,26,0.0,0.28114736423630443,2022-02-10,27,True,2022-06-17,115,2022-06-10,229,108939859.0,2022-06-17,expiry_worthless,115,2022-06-17,"{""market_momentum"": -0.01712100706751729, ""market_volatility"": 0.012640436624071728, ""momentum"": 0.006439393939393856, ""volatility"": 0.03901188867155281, ""volume_state"": 18.36068771284885}",assumed_next_daily_close,12577.0,expiry,0000002488,0,-0.01712100706751729,0.012640436624071728,0.006439393939393856,-3535.9904000000006,-0.28114736423630443,55.4462,9.45,0.0,944.9999999999999,974adb708dac1471a8674416,True,0.0005408328826392645,1849,9.320503163635088e-07,107290345.0,,,,,,,,,,,,,,,,,,,,,,,,,,,,,,,,,,,,,,,,,,,,bounded_preclose_bid_ask,,,,False,not_requested_for_horizon_or_variant,,,,ordinary,covered_call,100,completed,125.77,81.57,False,-4420.000000000001,H23,0,AMD,60.990399999999994,primary,0.03901188867155281,18.36068771284885,2022
0.053820097854723414,2022-06-17,115,1f9f520ae2ab15989411f694,time_value,4.894199999999999,O:AMD220617C00140000,1,1,2022-02-09,2022-02-09,128,0.09341362438840799,26,0.0,0.35242429832233446,2022-02-10,27,True,2022-06-17,115,2022-06-10,229,108939859.0,2022-06-17,scheduled_exit,115,2022-06-17,"{""market_momentum"": -0.01712100706751729, ""market_volatility"": 0.012640436624071728, ""momentum"": 0.006439393939393856, ""volatility"": 0.03901188867155281, ""volume_state"": 18.36068771284885}",assumed_next_daily_close,12577.0,expiry,0000002488,0,-0.01712100706751729,0.012640436624071728,0.006439393939393856,-4432.4404,-0.35242429832233446,7.546199999999999,9.45,0.0,-0.0,974adb708dac1471a8674416,True,0.0005408328826392645,1849,9.320503163635088e-07,107290345.0,,,,,,,,,,,,,,,,,,,,,,,,,,,,,,,,,,,,,,,,,,,,bounded_preclose_bid_ask,,,,False,not_requested_for_horizon_or_variant,,,,ordinary,covered_call,100,completed,125.77,81.57,True,-4420.000000000001,H23,0,AMD,12.440399999999997,primary,0.03901188867155281,18.36068771284885,2022
,,,1fbd3b9689238a3be3ed4169,time_value,,,1,1,2023-04-25,2023-04-25,,,328,,,2023-04-26,329,False,,,2023-11-01,,,,,,,"{""market_momentum"": 0.02610233733417555, ""market_volatility"": 0.006959160216222656, ""momentum"": -0.02290649643259479, ""volatility"": 0.014829512563819048, ""volume_state"": 15.055628071919148}",assumed_next_daily_close,,1,0000004962,,0.02610233733417555,0.006959160216222656,-0.02290649643259479,,,,,,,22d1881c2853de058df960bd,False,,,,,,,,,,,,,,,,,,,,,,,,,,,,,,,,,,,,,,,,,,,,,,,,bounded_preclose_bid_ask,,,,False,not_requested_for_horizon_or_variant,,,thin_prior_option_volume,ordinary,covered_call,,thin_prior_option_volume,,,False,,H23,0,AXP,,primary,0.014829512563819048,15.055628071919148,2023
,,,1fbd3b9689238a3be3ed4169,time_value,,,1,1,2023-04-25,2023-04-25,,,328,,,2023-04-26,329,False,,,2023-11-01,,,,,,,"{""market_momentum"": 0.02610233733417555, ""market_volatility"": 0.006959160216222656, ""momentum"": -0.02290649643259479, ""volatility"": 0.014829512563819048, ""volume_state"": 15.055628071919148}",assumed_next_daily_close,,1,0000004962,,0.02610233733417555,0.006959160216222656,-0.02290649643259479,,,,,,,22d1881c2853de058df960bd,False,,,,,,,,,,,,,,,,,,,,,,,,,,,,,,,,,,,,,,,,,,,,,,,,bounded_preclose_bid_ask,,,,False,not_requested_for_horizon_or_variant,,,thin_prior_option_volume,ordinary,covered_call,,thin_prior_option_volume,,,True,,H23,0,AXP,,primary,0.014829512563819048,15.055628071919148,2023
,,,1fbd3b9689238a3be3ed4169,time_value,,,1,1,2023-04-25,2023-04-25,,,328,,,2023-04-26,329,False,,,2023-11-01,,,,,,,"{""market_momentum"": 0.02610233733417555, ""market_volatility"": 0.006959160216222656, ""momentum"": -0.02290649643259479, ""volatility"": 0.014829512563819048, ""volume_state"": 15.055628071919148}",assumed_next_daily_close,,2,0000004962,,0.02610233733417555,0.006959160216222656,-0.02290649643259479,,,,,,,22d1881c2853de058df960bd,False,,,,,,,,,,,,,,,,,,,,,,,,,,,,,,,,,,,,,,,,,,,,,,,,bounded_preclose_bid_ask,,,,False,not_requested_for_horizon_or_variant,,,thin_prior_option_volume,ordinary,covered_call,,thin_prior_option_volume,,,False,,H23,0,AXP,,primary,0.014829512563819048,15.055628071919148,2023
,,,1fbd3b9689238a3be3ed4169,time_value,,,1,1,2023-04-25,2023-04-25,,,328,,,2023-04-26,329,False,,,2023-11-01,,,,,,,"{""market_momentum"": 0.02610233733417555, ""market_volatility"": 0.006959160216222656, ""momentum"": -0.02290649643259479, ""volatility"": 0.014829512563819048, ""volume_state"": 15.055628071919148}",assumed_next_daily_close,,2,0000004962,,0.02610233733417555,0.006959160216222656,-0.02290649643259479,,,,,,,22d1881c2853de058df960bd,False,,,,,,,,,,,,,,,,,,,,,,,,,,,,,,,,,,,,,,,,,,,,,,,,bounded_preclose_bid_ask,,,,False,not_requested_for_horizon_or_variant,,,thin_prior_option_volume,ordinary,covered_call,,thin_prior_option_volume,,,True,,H23,0,AXP,,primary,0.014829512563819048,15.055628071919148,2023
,,,1fbd3b9689238a3be3ed4169,time_value,,,1,1,2023-04-25,2023-04-25,,,328,,,2023-04-26,329,False,,,2023-11-01,,,,,,,"{""market_momentum"": 0.02610233733417555, ""market_volatility"": 0.006959160216222656, ""momentum"": -0.02290649643259479, ""volatility"": 0.014829512563819048, ""volume_state"": 15.055628071919148}",assumed_next_daily_close,,3,0000004962,,0.02610233733417555,0.006959160216222656,-0.02290649643259479,,,,,,,22d1881c2853de058df960bd,False,,,,,,,,,,,,,,,,,,,,,,,,,,,,,,,,,,,,,,,,,,,,,,,,bounded_preclose_bid_ask,,,,False,not_requested_for_horizon_or_variant,,,thin_prior_option_volume,ordinary,covered_call,,thin_prior_option_volume,,,False,,H23,0,AXP,,primary,0.014829512563819048,15.055628071919148,2023
,,,1fbd3b9689238a3be3ed4169,time_value,,,1,1,2023-04-25,2023-04-25,,,328,,,2023-04-26,329,False,,,2023-11-01,,,,,,,"{""market_momentum"": 0.02610233733417555, ""market_volatility"": 0.006959160216222656, ""momentum"": -0.02290649643259479, ""volatility"": 0.014829512563819048, ""volume_state"": 15.055628071919148}",assumed_next_daily_close,,3,0000004962,,0.02610233733417555,0.006959160216222656,-0.02290649643259479,,,,,,,22d1881c2853de058df960bd,False,,,,,,,,,,,,,,,,,,,,,,,,,,,,,,,,,,,,,,,,,,,,,,,,bounded_preclose_bid_ask,,,,False,not_requested_for_horizon_or_variant,,,thin_prior_option_volume,ordinary,covered_call,,thin_prior_option_volume,,,True,,H23,0,AXP,,primary,0.014829512563819048,15.055628071919148,2023
,,,1fbd3b9689238a3be3ed4169,time_value,,,1,1,2023-04-25,2023-04-25,,,328,,,2023-04-26,329,False,,,2023-11-01,,,,,,,"{""market_momentum"": 0.02610233733417555, ""market_volatility"": 0.006959160216222656, ""momentum"": -0.02290649643259479, ""volatility"": 0.014829512563819048, ""volume_state"": 15.055628071919148}",assumed_next_daily_close,,5,0000004962,,0.02610233733417555,0.006959160216222656,-0.02290649643259479,,,,,,,22d1881c2853de058df960bd,False,,,,,,,,,,,,,,,,,,,,,,,,,,,,,,,,,,,,,,,,,,,,,,,,bounded_preclose_bid_ask,,,,False,not_requested_for_horizon_or_variant,,,thin_prior_option_volume,ordinary,covered_call,,thin_prior_option_volume,,,False,,H23,0,AXP,,primary,0.014829512563819048,15.055628071919148,2023
,,,1fbd3b9689238a3be3ed4169,time_value,,,1,1,2023-04-25,2023-04-25,,,328,,,2023-04-26,329,False,,,2023-11-01,,,,,,,"{""market_momentum"": 0.02610233733417555, ""market_volatility"": 0.006959160216222656, ""momentum"": -0.02290649643259479, ""volatility"": 0.014829512563819048, ""volume_state"": 15.055628071919148}",assumed_next_daily_close,,5,0000004962,,0.02610233733417555,0.006959160216222656,-0.02290649643259479,,,,,,,22d1881c2853de058df960bd,False,,,,,,,,,,,,,,,,,,,,,,,,,,,,,,,,,,,,,,,,,,,,,,,,bounded_preclose_bid_ask,,,,False,not_requested_for_horizon_or_variant,,,thin_prior_option_volume,ordinary,covered_call,,thin_prior_option_volume,,,True,,H23,0,AXP,,primary,0.014829512563819048,15.055628071919148,2023
,,,1fbd3b9689238a3be3ed4169,time_value,,,1,1,2023-04-25,2023-04-25,,,328,,,2023-04-26,329,False,,,2023-11-01,,,,,,,"{""market_momentum"": 0.02610233733417555, ""market_volatility"": 0.006959160216222656, ""momentum"": -0.02290649643259479, ""volatility"": 0.014829512563819048, ""volume_state"": 15.055628071919148}",assumed_next_daily_close,,10,0000004962,,0.02610233733417555,0.006959160216222656,-0.02290649643259479,,,,,,,22d1881c2853de058df960bd,False,,,,,,,,,,,,,,,,,,,,,,,,,,,,,,,,,,,,,,,,,,,,,,,,bounded_preclose_bid_ask,,,,False,bar_outcome_not_completed,,,thin_prior_option_volume,ordinary,covered_call,,thin_prior_option_volume,,,False,,H23,0,AXP,,primary,0.014829512563819048,15.055628071919148,2023
,,,1fbd3b9689238a3be3ed4169,time_value,,,1,1,2023-04-25,2023-04-25,,,328,,,2023-04-26,329,False,,,2023-11-01,,,,,,,"{""market_momentum"": 0.02610233733417555, ""market_volatility"": 0.006959160216222656, ""momentum"": -0.02290649643259479, ""volatility"": 0.014829512563819048, ""volume_state"": 15.055628071919148}",assumed_next_daily_close,,10,0000004962,,0.02610233733417555,0.006959160216222656,-0.02290649643259479,,,,,,,22d1881c2853de058df960bd,False,,,,,,,,,,,,,,,,,,,,,,,,,,,,,,,,,,,,,,,,,,,,,,,,bounded_preclose_bid_ask,,,,False,bar_outcome_not_completed,,,thin_prior_option_volume,ordinary,covered_call,,thin_prior_option_volume,,,True,,H23,0,AXP,,primary,0.014829512563819048,15.055628071919148,2023
,,,1fbd3b9689238a3be3ed4169,time_value,,,1,1,2023-04-25,2023-04-25,,,328,,,2023-04-26,329,False,,,2023-11-01,,,,,,,"{""market_momentum"": 0.02610233733417555, ""market_volatility"": 0.006959160216222656, ""momentum"": -0.02290649643259479, ""volatility"": 0.014829512563819048, ""volume_state"": 15.055628071919148}",assumed_next_daily_close,,21,0000004962,,0.02610233733417555,0.006959160216222656,-0.02290649643259479,,,,,,,22d1881c2853de058df960bd,False,,,,,,,,,,,,,,,,,,,,,,,,,,,,,,,,,,,,,,,,,,,,,,,,bounded_preclose_bid_ask,,,,False,not_requested_for_horizon_or_variant,,,thin_prior_option_volume,ordinary,covered_call,,thin_prior_option_volume,,,False,,H23,0,AXP,,primary,0.014829512563819048,15.055628071919148,2023
,,,1fbd3b9689238a3be3ed4169,time_value,,,1,1,2023-04-25,2023-04-25,,,328,,,2023-04-26,329,False,,,2023-11-01,,,,,,,"{""market_momentum"": 0.02610233733417555, ""market_volatility"": 0.006959160216222656, ""momentum"": -0.02290649643259479, ""volatility"": 0.014829512563819048, ""volume_state"": 15.055628071919148}",assumed_next_daily_close,,21,0000004962,,0.02610233733417555,0.006959160216222656,-0.02290649643259479,,,,,,,22d1881c2853de058df960bd,False,,,,,,,,,,,,,,,,,,,,,,,,,,,,,,,,,,,,,,,,,,,,,,,,bounded_preclose_bid_ask,,,,False,not_requested_for_horizon_or_variant,,,thin_prior_option_volume,ordinary,covered_call,,thin_prior_option_volume,,,True,,H23,0,AXP,,primary,0.014829512563819048,15.055628071919148,2023
,,,1fbd3b9689238a3be3ed4169,time_value,,,1,1,2023-04-25,2023-04-25,,,328,,,2023-04-26,329,False,,,2023-11-01,,,,,,,"{""market_momentum"": 0.02610233733417555, ""market_volatility"": 0.006959160216222656, ""momentum"": -0.02290649643259479, ""volatility"": 0.014829512563819048, ""volume_state"": 15.055628071919148}",assumed_next_daily_close,,42,0000004962,,0.02610233733417555,0.006959160216222656,-0.02290649643259479,,,,,,,22d1881c2853de058df960bd,False,,,,,,,,,,,,,,,,,,,,,,,,,,,,,,,,,,,,,,,,,,,,,,,,bounded_preclose_bid_ask,,,,False,not_requested_for_horizon_or_variant,,,thin_prior_option_volume,ordinary,covered_call,,thin_prior_option_volume,,,False,,H23,0,AXP,,primary,0.014829512563819048,15.055628071919148,2023
,,,1fbd3b9689238a3be3ed4169,time_value,,,1,1,2023-04-25,2023-04-25,,,328,,,2023-04-26,329,False,,,2023-11-01,,,,,,,"{""market_momentum"": 0.02610233733417555, ""market_volatility"": 0.006959160216222656, ""momentum"": -0.02290649643259479, ""volatility"": 0.014829512563819048, ""volume_state"": 15.055628071919148}",assumed_next_daily_close,,42,0000004962,,0.02610233733417555,0.006959160216222656,-0.02290649643259479,,,,,,,22d1881c2853de058df960bd,False,,,,,,,,,,,,,,,,,,,,,,,,,,,,,,,,,,,,,,,,,,,,,,,,bounded_preclose_bid_ask,,,,False,not_requested_for_horizon_or_variant,,,thin_prior_option_volume,ordinary,covered_call,,thin_prior_option_volume,,,True,,H23,0,AXP,,primary,0.014829512563819048,15.055628071919148,2023
,,,1fbd3b9689238a3be3ed4169,time_value,,,1,1,2023-04-25,2023-04-25,,,328,,,2023-04-26,329,False,,,2023-11-01,,,,,,,"{""market_momentum"": 0.02610233733417555, ""market_volatility"": 0.006959160216222656, ""momentum"": -0.02290649643259479, ""volatility"": 0.014829512563819048, ""volume_state"": 15.055628071919148}",assumed_next_daily_close,,63,0000004962,,0.02610233733417555,0.006959160216222656,-0.02290649643259479,,,,,,,22d1881c2853de058df960bd,False,,,,,,,,,,,,,,,,,,,,,,,,,,,,,,,,,,,,,,,,,,,,,,,,bounded_preclose_bid_ask,,,,False,not_requested_for_horizon_or_variant,,,thin_prior_option_volume,ordinary,covered_call,,thin_prior_option_volume,,,False,,H23,0,AXP,,primary,0.014829512563819048,15.055628071919148,2023
,,,1fbd3b9689238a3be3ed4169,time_value,,,1,1,2023-04-25,2023-04-25,,,328,,,2023-04-26,329,False,,,2023-11-01,,,,,,,"{""market_momentum"": 0.02610233733417555, ""market_volatility"": 0.006959160216222656, ""momentum"": -0.02290649643259479, ""volatility"": 0.014829512563819048, ""volume_state"": 15.055628071919148}",assumed_next_daily_close,,63,0000004962,,0.02610233733417555,0.006959160216222656,-0.02290649643259479,,,,,,,22d1881c2853de058df960bd,False,,,,,,,,,,,,,,,,,,,,,,,,,,,,,,,,,,,,,,,,,,,,,,,,bounded_preclose_bid_ask,,,,False,not_requested_for_horizon_or_variant,,,thin_prior_option_volume,ordinary,covered_call,,thin_prior_option_volume,,,True,,H23,0,AXP,,primary,0.014829512563819048,15.055628071919148,2023
,,,1fbd3b9689238a3be3ed4169,time_value,,,1,1,2023-04-25,2023-04-25,,,328,,,2023-04-26,329,False,,,2023-11-01,,,,,,,"{""market_momentum"": 0.02610233733417555, ""market_volatility"": 0.006959160216222656, ""momentum"": -0.02290649643259479, ""volatility"": 0.014829512563819048, ""volume_state"": 15.055628071919148}",assumed_next_daily_close,,expiry,0000004962,,0.02610233733417555,0.006959160216222656,-0.02290649643259479,,,,,,,22d1881c2853de058df960bd,False,,,,,,,,,,,,,,,,,,,,,,,,,,,,,,,,,,,,,,,,,,,,,,,,bounded_preclose_bid_ask,,,,False,not_requested_for_horizon_or_variant,,,thin_prior_option_volume,ordinary,covered_call,,thin_prior_option_volume,,,False,,H23,0,AXP,,primary,0.014829512563819048,15.055628071919148,2023
,,,1fbd3b9689238a3be3ed4169,time_value,,,1,1,2023-04-25,2023-04-25,,,328,,,2023-04-26,329,False,,,2023-11-01,,,,,,,"{""market_momentum"": 0.02610233733417555, ""market_volatility"": 0.006959160216222656, ""momentum"": -0.02290649643259479, ""volatility"": 0.014829512563819048, ""volume_state"": 15.055628071919148}",assumed_next_daily_close,,expiry,0000004962,,0.02610233733417555,0.006959160216222656,-0.02290649643259479,,,,,,,22d1881c2853de058df960bd,False,,,,,,,,,,,,,,,,,,,,,,,,,,,,,,,,,,,,,,,,,,,,,,,,bounded_preclose_bid_ask,,,,False,not_requested_for_horizon_or_variant,,,thin_prior_option_volume,ordinary,covered_call,,thin_prior_option_volume,,,True,,H23,0,AXP,,primary,0.014829512563819048,15.055628071919148,2023
0.05083315756169582,2022-06-14,112,24145da22db004a275ce8925,time_value,71.8694,O:AMD221021P00090000,1,1,2022-06-10,2022-06-10,133,0.10398650073824088,110,0.0,0.02074822393378551,2022-06-13,111,True,2022-06-14,112,2022-06-10,243,98148812.0,2022-06-14,scheduled_exit,112,2022-10-21,"{""market_momentum"": -0.0075111394016549315, ""market_volatility"": 0.017617720334410038, ""momentum"": 0.0784804367606915, ""volatility"": 0.04275520358408988, ""volume_state"": 18.608938226403495}",assumed_next_daily_close,8699.0,1,0000002488,0,-0.0075111394016549315,0.017617720334410038,0.0784804367606915,-180.48880000000014,-0.02074822393378551,73.6194,13.55,13.2,-35.00000000000014,974adb708dac1471a8674416,True,0.0010515247108307045,951,1.0426761531345018e-06,95907055.8,,,,,,,,,,,,,,,,,,,,,,,,,,,,,,,,,,,,,,,,,,,,bounded_preclose_bid_ask,,,,False,not_requested_for_horizon_or_variant,,,,event,protective_put,100,completed,86.99,86.99,False,0.0,H23,0,AMD,145.4888,primary,0.04275520358408988,18.608938226403495,2022
0.05083315756169582,2022-06-14,112,24145da22db004a275ce8925,time_value,5.219399999999999,O:AMD221021P00090000,1,1,2022-06-10,2022-06-10,133,0.10398650073824088,110,0.0,0.0012,2022-06-13,111,True,2022-06-14,112,2022-06-10,243,98148812.0,2022-06-14,scheduled_exit,112,2022-10-21,"{""market_momentum"": -0.0075111394016549315, ""market_volatility"": 0.017617720334410038, ""momentum"": 0.0784804367606915, ""volatility"": 0.04275520358408988, ""volume_state"": 18.608938226403495}",assumed_next_daily_close,8699.0,1,0000002488,0,-0.0075111394016549315,0.017617720334410038,0.0784804367606915,-10.438799999999999,-0.0012,5.219399999999999,13.55,0.0,-0.0,974adb708dac1471a8674416,True,0.0010515247108307045,951,1.0426761531345018e-06,95907055.8,,,,,,,,,,,,,,,,,,,,,,,,,,,,,,,,,,,,,,,,,,,,bounded_preclose_bid_ask,,,,False,not_requested_for_horizon_or_variant,,,,event,protective_put,100,completed,86.99,86.99,True,0.0,H23,0,AMD,10.438799999999999,primary,0.04275520358408988,18.608938226403495,2022
0.05083315756169582,2022-06-15,113,24145da22db004a275ce8925,time_value,65.558,O:AMD221021P00090000,1,1,2022-06-10,2022-06-10,133,0.10398650073824088,110,0.0,0.020748223933785444,2022-06-13,111,True,2022-06-15,113,2022-06-10,243,98148812.0,2022-06-15,scheduled_exit,113,2022-10-21,"{""market_momentum"": -0.0075111394016549315, ""market_volatility"": 0.017617720334410038, ""momentum"": 0.0784804367606915, ""volatility"": 0.04275520358408988, ""volume_state"": 18.608938226403495}",assumed_next_daily_close,8699.0,2,0000002488,0,-0.0075111394016549315,0.017617720334410038,0.0784804367606915,-72.17740000000006,-0.008297206575468452,73.6194,13.55,11.91,-164.00000000000006,974adb708dac1471a8674416,True,0.0010515247108307045,951,1.0426761531345018e-06,95907055.8,,,,,,,,,,,,,,,,,,,,,,,,,,,,,,,,,,,,,,,,,,,,bounded_preclose_bid_ask,,,,False,not_requested_for_horizon_or_variant,,,,event,protective_put,100,completed,86.99,89.3,False,231.0,H23,0,AMD,139.1774,primary,0.04275520358408988,18.608938226403495,2022
0.05083315756169582,2022-06-15,113,24145da22db004a275ce8925,time_value,5.358,O:AMD221021P00090000,1,1,2022-06-10,2022-06-10,133,0.10398650073824088,110,0.0,0.0011999999999999943,2022-06-13,111,True,2022-06-15,113,2022-06-10,243,98148812.0,2022-06-15,scheduled_exit,113,2022-10-21,"{""market_momentum"": -0.0075111394016549315, ""market_volatility"": 0.017617720334410038, ""momentum"": 0.0784804367606915, ""volatility"": 0.04275520358408988, ""volume_state"": 18.608938226403495}",assumed_next_daily_close,8699.0,2,0000002488,0,-0.0075111394016549315,0.017617720334410038,0.0784804367606915,220.4226,0.025338843545235083,5.219399999999999,13.55,0.0,-0.0,974adb708dac1471a8674416,True,0.0010515247108307045,951,1.0426761531345018e-06,95907055.8,,,,,,,,,,,,,,,,,,,,,,,,,,,,,,,,,,,,,,,,,,,,bounded_preclose_bid_ask,,,,False,not_requested_for_horizon_or_variant,,,,event,protective_put,100,completed,86.99,89.3,True,231.0,H23,0,AMD,10.577399999999999,primary,0.04275520358408988,18.608938226403495,2022
0.05083315756169582,2022-06-16,114,24145da22db004a275ce8925,time_value,83.32300000000001,O:AMD221021P00090000,1,1,2022-06-10,2022-06-10,133,0.10398650073824088,110,0.0,0.05183841820898954,2022-06-13,111,True,2022-06-16,114,2022-06-10,243,98148812.0,2022-06-16,scheduled_exit,114,2022-10-21,"{""market_momentum"": -0.0075111394016549315, ""market_volatility"": 0.017617720334410038, ""momentum"": 0.0784804367606915, ""volatility"": 0.04275520358408988, ""volume_state"": 18.608938226403495}",assumed_next_daily_close,8699.0,3,0000002488,0,-0.0075111394016549315,0.017617720334410038,0.0784804367606915,-450.9424,-0.05183841820898954,73.6194,13.55,15.55,200.0,974adb708dac1471a8674416,True,0.0010515247108307045,951,1.0426761531345018e-06,95907055.8,,,,,,,,,,,,,,,,,,,,,,,,,,,,,,,,,,,,,,,,,,,,bounded_preclose_bid_ask,,,,False,not_requested_for_horizon_or_variant,,,,event,protective_put,100,completed,86.99,82.05,False,-494.0,H23,0,AMD,156.94240000000002,primary,0.04275520358408988,18.608938226403495,2022
0.05083315756169582,2022-06-16,114,24145da22db004a275ce8925,time_value,4.922999999999999,O:AMD221021P00090000,1,1,2022-06-10,2022-06-10,133,0.10398650073824088,110,0.0,0.05795406368548109,2022-06-13,111,True,2022-06-16,114,2022-06-10,243,98148812.0,2022-06-16,scheduled_exit,114,2022-10-21,"{""market_momentum"": -0.0075111394016549315, ""market_volatility"": 0.017617720334410038, ""momentum"": 0.0784804367606915, ""volatility"": 0.04275520358408988, ""volume_state"": 18.608938226403495}",assumed_next_daily_close,8699.0,3,0000002488,0,-0.0075111394016549315,0.017617720334410038,0.0784804367606915,-504.1424,-0.05795406368548109,5.219399999999999,13.55,0.0,-0.0,974adb708dac1471a8674416,True,0.0010515247108307045,951,1.0426761531345018e-06,95907055.8,,,,,,,,,,,,,,,,,,,,,,,,,,,,,,,,,,,,,,,,,,,,bounded_preclose_bid_ask,,,,False,not_requested_for_horizon_or_variant,,,,event,protective_put,100,completed,86.99,82.05,True,-494.0,H23,0,AMD,10.142399999999999,primary,0.04275520358408988,18.608938226403495,2022
0.05083315756169582,2022-06-21,116,24145da22db004a275ce8925,time_value,73.4274,O:AMD221021P00090000,1,1,2022-06-10,2022-06-10,133,0.10398650073824088,110,0.0,0.05844506265087936,2022-06-13,111,True,2022-06-21,116,2022-06-10,243,98148812.0,2022-06-21,scheduled_exit,116,2022-10-21,"{""market_momentum"": -0.0075111394016549315, ""market_volatility"": 0.017617720334410038, ""momentum"": 0.0784804367606915, ""volatility"": 0.04275520358408988, ""volume_state"": 18.608938226403495}",assumed_next_daily_close,8699.0,5,0000002488,0,-0.0075111394016549315,0.017617720334410038,0.0784804367606915,-467.04679999999996,-0.053689711461087475,73.6194,13.55,13.55,0.0,974adb708dac1471a8674416,True,0.0010515247108307045,951,1.0426761531345018e-06,95907055.8,,,,,,,,,,,,,,,,,,,,,,,,,,,,,,,,,,,,,,,,,,,,bounded_preclose_bid_ask,,,,False,not_requested_for_horizon_or_variant,,,,event,protective_put,100,completed,86.99,83.79,False,-320.0,H23,0,AMD,147.04680000000002,primary,0.04275520358408988,18.608938226403495,2022
0.05083315756169582,2022-06-21,116,24145da22db004a275ce8925,time_value,5.027399999999999,O:AMD221021P00090000,1,1,2022-06-10,2022-06-10,133,0.10398650073824088,110,0.0,0.06346862857799757,2022-06-13,111,True,2022-06-21,116,2022-06-10,243,98148812.0,2022-06-21,scheduled_exit,116,2022-10-21,"{""market_momentum"": -0.0075111394016549315, ""market_volatility"": 0.017617720334410038, ""momentum"": 0.0784804367606915, ""volatility"": 0.04275520358408988, ""volume_state"": 18.608938226403495}",assumed_next_daily_close,8699.0,5,0000002488,0,-0.0075111394016549315,0.017617720334410038,0.0784804367606915,-330.2468,-0.03796376595010921,5.219399999999999,13.55,0.0,-0.0,974adb708dac1471a8674416,True,0.0010515247108307045,951,1.0426761531345018e-06,95907055.8,,,,,,,,,,,,,,,,,,,,,,,,,,,,,,,,,,,,,,,,,,,,bounded_preclose_bid_ask,,,,False,not_requested_for_horizon_or_variant,,,,event,protective_put,100,completed,86.99,83.79,True,-320.0,H23,0,AMD,10.246799999999999,primary,0.04275520358408988,18.608938226403495,2022
0.05083315756169582,2022-06-28,121,24145da22db004a275ce8925,time_value,79.99680000000001,O:AMD221021P00090000,1,1,2022-06-10,2022-06-10,133,0.10398650073824088,110,0.0,0.07352755489136682,2022-06-13,111,True,2022-06-28,121,2022-06-10,243,98148812.0,2022-06-28,scheduled_exit,121,2022-10-21,"{""market_momentum"": -0.0075111394016549315, ""market_volatility"": 0.017617720334410038, ""momentum"": 0.0784804367606915, ""volatility"": 0.04275520358408988, ""volume_state"": 18.608938226403495}",assumed_next_daily_close,8699.0,10,0000002488,0,-0.0075111394016549315,0.017617720334410038,0.0784804367606915,-639.6162,-0.07352755489136682,73.6194,13.55,14.9,134.99999999999997,974adb708dac1471a8674416,True,0.0010515247108307045,951,1.0426761531345018e-06,95907055.8,,,,,,,,,,,,,,,,,,,,,,,,,,,,,,,,,,,,,,,,,,,,bounded_preclose_bid_ask,,,,False,decision_asynchronous_quotes,,,,event,protective_put,100,completed,86.99,80.78,False,-621.0,H23,0,AMD,153.6162,primary,0.04275520358408988,18.608938226403495,2022
0.05083315756169582,2022-06-28,121,24145da22db004a275ce8925,time_value,4.8468,O:AMD221021P00090000,1,1,2022-06-10,2022-06-10,133,0.10398650073824088,110,0.0,0.07254468329693067,2022-06-13,111,True,2022-06-28,121,2022-06-10,243,98148812.0,2022-06-28,scheduled_exit,121,2022-10-21,"{""market_momentum"": -0.0075111394016549315, ""market_volatility"": 0.017617720334410038, ""momentum"": 0.0784804367606915, ""volatility"": 0.04275520358408988, ""volume_state"": 18.608938226403495}",assumed_next_daily_close,8699.0,10,0000002488,0,-0.0075111394016549315,0.017617720334410038,0.0784804367606915,-631.0662,-0.07254468329693067,5.219399999999999,13.55,0.0,-0.0,974adb708dac1471a8674416,True,0.0010515247108307045,951,1.0426761531345018e-06,95907055.8,,,,,,,,,,,,,,,,,,,,,,,,,,,,,,,,,,,,,,,,,,,,bounded_preclose_bid_ask,,,,False,decision_asynchronous_quotes,,,,event,protective_put,100,completed,86.99,80.78,True,-621.0,H23,0,AMD,10.066199999999998,primary,0.04275520358408988,18.608938226403495,2022
0.05083315756169582,2022-07-14,132,24145da22db004a275ce8925,time_value,82.116,O:AMD221021P00090000,1,1,2022-06-10,2022-06-10,133,0.10398650073824088,110,0.0,0.10806304172893431,2022-06-13,111,True,2022-07-14,132,2022-06-10,243,98148812.0,2022-07-14,scheduled_exit,132,2022-10-21,"{""market_momentum"": -0.0075111394016549315, ""market_volatility"": 0.017617720334410038, ""momentum"": 0.0784804367606915, ""volatility"": 0.04275520358408988, ""volume_state"": 18.608938226403495}",assumed_next_daily_close,8699.0,21,0000002488,0,-0.0075111394016549315,0.017617720334410038,0.0784804367606915,-814.735400000001,-0.09365851247269813,73.6194,13.55,15.35,179.9999999999999,974adb708dac1471a8674416,True,0.0010515247108307045,951,1.0426761531345018e-06,95907055.8,,,,,,,,,,,,,,,,,,,,,,,,,,,,,,,,,,,,,,,,,,,,bounded_preclose_bid_ask,,,,False,not_requested_for_horizon_or_variant,,,,event,protective_put,100,completed,86.99,78.6,False,-839.0000000000009,H23,0,AMD,155.7354,primary,0.04275520358408988,18.608938226403495,2022
0.05083315756169582,2022-07-14,132,24145da22db004a275ce8925,time_value,4.715999999999999,O:AMD221021P00090000,1,1,2022-06-10,2022-06-10,133,0.10398650073824088,110,0.0,0.15422917576732958,2022-06-13,111,True,2022-07-14,132,2022-06-10,243,98148812.0,2022-07-14,scheduled_exit,132,2022-10-21,"{""market_momentum"": -0.0075111394016549315, ""market_volatility"": 0.017617720334410038, ""momentum"": 0.0784804367606915, ""volatility"": 0.04275520358408988, ""volume_state"": 18.608938226403495}",assumed_next_daily_close,8699.0,21,0000002488,0,-0.0075111394016549315,0.017617720334410038,0.0784804367606915,-848.9354000000009,-0.09758999885044269,5.219399999999999,13.55,0.0,-0.0,974adb708dac1471a8674416,True,0.0010515247108307045,951,1.0426761531345018e-06,95907055.8,,,,,,,,,,,,,,,,,,,,,,,,,,,,,,,,,,,,,,,,,,,,bounded_preclose_bid_ask,,,,False,not_requested_for_horizon_or_variant,,,,event,protective_put,100,completed,86.99,78.6,True,-839.0000000000009,H23,0,AMD,9.935399999999998,primary,0.04275520358408988,18.608938226403495,2022
0.05083315756169582,2022-08-12,153,24145da22db004a275ce8925,time_value,24.699799999999996,O:AMD221021P00090000,1,1,2022-06-10,2022-06-10,133,0.10398650073824088,110,0.0,0.10806304172893431,2022-06-13,111,True,2022-08-12,153,2022-06-10,243,98148812.0,2022-08-12,scheduled_exit,153,2022-10-21,"{""market_momentum"": -0.0075111394016549315, ""market_volatility"": 0.017617720334410038, ""momentum"": 0.0784804367606915, ""volatility"": 0.04275520358408988, ""volume_state"": 18.608938226403495}",assumed_next_daily_close,8699.0,42,0000002488,0,-0.0075111394016549315,0.017617720334410038,0.0784804367606915,290.6807999999999,0.03341542706058167,73.6194,13.55,3.6,-995.0000000000001,974adb708dac1471a8674416,True,0.0010515247108307045,951,1.0426761531345018e-06,95907055.8,,,,,,,,,,,,,,,,,,,,,,,,,,,,,,,,,,,,,,,,,,,,bounded_preclose_bid_ask,,,,False,not_requested_for_horizon_or_variant,,,,event,protective_put,100,completed,86.99,100.83,False,1384.0,H23,0,AMD,98.3192,primary,0.04275520358408988,18.608938226403495,2022
0.05083315756169582,2022-08-12,153,24145da22db004a275ce8925,time_value,6.049799999999999,O:AMD221021P00090000,1,1,2022-06-10,2022-06-10,133,0.10398650073824088,110,0.0,0.15422917576732958,2022-06-13,111,True,2022-08-12,153,2022-06-10,243,98148812.0,2022-08-12,scheduled_exit,153,2022-10-21,"{""market_momentum"": -0.0075111394016549315, ""market_volatility"": 0.017617720334410038, ""momentum"": 0.0784804367606915, ""volatility"": 0.04275520358408988, ""volume_state"": 18.608938226403495}",assumed_next_daily_close,8699.0,42,0000002488,0,-0.0075111394016549315,0.017617720334410038,0.0784804367606915,1372.7308,0.15780328773422234,5.219399999999999,13.55,0.0,-0.0,974adb708dac1471a8674416,True,0.0010515247108307045,951,1.0426761531345018e-06,95907055.8,,,,,,,,,,,,,,,,,,,,,,,,,,,,,,,,,,,,,,,,,,,,bounded_preclose_bid_ask,,,,False,not_requested_for_horizon_or_variant,,,,event,protective_put,100,completed,86.99,100.83,True,1384.0,H23,0,AMD,11.269199999999998,primary,0.04275520358408988,18.608938226403495,2022
0.05083315756169582,2022-09-13,174,24145da22db004a275ce8925,time_value,74.37180000000001,O:AMD221021P00090000,1,1,2022-06-10,2022-06-10,133,0.10398650073824088,110,0.0,0.12840455224738476,2022-06-13,111,True,2022-09-13,174,2022-06-10,243,98148812.0,2022-09-13,scheduled_exit,174,2022-10-21,"{""market_momentum"": -0.0075111394016549315, ""market_volatility"": 0.017617720334410038, ""momentum"": 0.0784804367606915, ""volatility"": 0.04275520358408988, ""volume_state"": 18.608938226403495}",assumed_next_daily_close,8699.0,63,0000002488,0,-0.0075111394016549315,0.017617720334410038,0.0784804367606915,-1116.9912,-0.12840455224738476,73.6194,13.55,13.82,26.999999999999957,974adb708dac1471a8674416,True,0.0010515247108307045,951,1.0426761531345018e-06,95907055.8,,,,,,,,,,,,,,,,,,,,,,,,,,,,,,,,,,,,,,,,,,,,bounded_preclose_bid_ask,,,,False,not_requested_for_horizon_or_variant,,,,event,protective_put,100,completed,86.99,77.03,False,-996.0,H23,0,AMD,147.9912,primary,0.04275520358408988,18.608938226403495,2022
0.05083315756169582,2022-09-13,174,24145da22db004a275ce8925,time_value,4.6217999999999995,O:AMD221021P00090000,1,1,2022-06-10,2022-06-10,133,0.10398650073824088,110,0.0,0.15422917576732958,2022-06-13,111,True,2022-09-13,174,2022-06-10,243,98148812.0,2022-09-13,scheduled_exit,174,2022-10-21,"{""market_momentum"": -0.0075111394016549315, ""market_volatility"": 0.017617720334410038, ""momentum"": 0.0784804367606915, ""volatility"": 0.04275520358408988, ""volume_state"": 18.608938226403495}",assumed_next_daily_close,8699.0,63,0000002488,0,-0.0075111394016549315,0.017617720334410038,0.0784804367606915,-1005.8412,-0.1156272215197149,5.219399999999999,13.55,0.0,-0.0,974adb708dac1471a8674416,True,0.0010515247108307045,951,1.0426761531345018e-06,95907055.8,,,,,,,,,,,,,,,,,,,,,,,,,,,,,,,,,,,,,,,,,,,,bounded_preclose_bid_ask,,,,False,not_requested_for_horizon_or_variant,,,,event,protective_put,100,completed,86.99,77.03,True,-996.0,H23,0,AMD,9.841199999999999,primary,0.04275520358408988,18.608938226403495,2022
0.05083315756169582,2022-10-21,202,24145da22db004a275ce8925,time_value,6.05,O:AMD221021P00090000,1,1,2022-06-10,2022-06-10,133,0.10398650073824088,110,0.0,0.15577949189562013,2022-06-13,111,True,2022-10-21,202,2022-06-10,243,98148812.0,2022-10-21,modelled_physical_expiry,202,2022-10-21,"{""market_momentum"": -0.0075111394016549315, ""market_volatility"": 0.017617720334410038, ""momentum"": 0.0784804367606915, ""volatility"": 0.04275520358408988, ""volume_state"": 18.608938226403495}",assumed_next_daily_close,8699.0,expiry,0000002488,0,-0.0075111394016549315,0.017617720334410038,0.0784804367606915,-1133.6694,-0.13032180710426486,73.6194,13.55,0.0,-1355.0,974adb708dac1471a8674416,True,0.0010515247108307045,951,1.0426761531345018e-06,95907055.8,,,,,,,,,,,,,,,,,,,,,,,,,,,,,,,,,,,,,,,,,,,,bounded_preclose_bid_ask,,,,False,not_requested_for_horizon_or_variant,,,,event,protective_put,100,completed,86.99,90.0,False,301.0,H23,0,AMD,79.6694,primary,0.04275520358408988,18.608938226403495,2022
0.05083315756169582,2022-10-21,202,24145da22db004a275ce8925,time_value,3.5292,O:AMD221021P00090000,1,1,2022-06-10,2022-06-10,133,0.10398650073824088,110,0.0,0.3579234164846534,2022-06-13,111,True,2022-10-21,202,2022-06-10,243,98148812.0,2022-10-21,scheduled_exit,202,2022-10-21,"{""market_momentum"": -0.0075111394016549315, ""market_volatility"": 0.017617720334410038, ""momentum"": 0.0784804367606915, ""volatility"": 0.04275520358408988, ""volume_state"": 18.608938226403495}",assumed_next_daily_close,8699.0,expiry,0000002488,0,-0.0075111394016549315,0.017617720334410038,0.0784804367606915,-2825.7486,-0.3248360271295551,5.219399999999999,13.55,0.0,-0.0,974adb708dac1471a8674416,True,0.0010515247108307045,951,1.0426761531345018e-06,95907055.8,,,,,,,,,,,,,,,,,,,,,,,,,,,,,,,,,,,,,,,,,,,,bounded_preclose_bid_ask,,,,False,not_requested_for_horizon_or_variant,,,,event,protective_put,100,completed,86.99,58.82,True,-2817.0,H23,0,AMD,8.7486,primary,0.04275520358408988,18.608938226403495,2022
0.051179291767952106,2023-05-05,336,280f2ee61049d8b41399e845,time_value,57.659,O:AXP231020C00160000,1,1,2023-05-03,2023-05-03,170,0.06668418632152946,334,0.0,0.007006061420603455,2023-05-04,335,True,2023-05-05,336,2023-05-03,4,3997870.0,2023-05-05,scheduled_exit,336,2023-10-20,"{""market_momentum"": -0.007129821146124815, ""market_volatility"": 0.007594922702782506, ""momentum"": -0.0706435462205397, ""volatility"": 0.01512464377087702, ""volume_state"": 14.984411485657267}",assumed_next_daily_close,14881.0,1,0000004962,0,-0.007129821146124815,0.007594922702782506,-0.0706435462205397,168.21239999999995,0.011303837107721251,52.128600000000006,8.51,9.57,-106.00000000000006,9cdf4d0394f4dd253a7057bd,True,0.00684931506849315,146,3.5607080425214055e-05,2808430.2,,,,,,,,,,,,,,,,,,,,,,,,,,,,,,,,,,,,,,,,,,,,bounded_preclose_bid_ask,,,,False,not_requested_for_horizon_or_variant,,,,event,covered_call,100,completed,148.81,152.65,False,384.0,H23,0,AXP,109.7876,primary,0.01512464377087702,14.984411485657267,2023
0.051179291767952106,2023-05-05,336,280f2ee61049d8b41399e845,time_value,9.158999999999999,O:AXP231020C00160000,1,1,2023-05-03,2023-05-03,170,0.06668418632152946,334,0.0,0.0011999999999999515,2023-05-04,335,True,2023-05-05,336,2023-05-03,4,3997870.0,2023-05-05,scheduled_exit,336,2023-10-20,"{""market_momentum"": -0.007129821146124815, ""market_volatility"": 0.007594922702782506, ""momentum"": -0.0706435462205397, ""volatility"": 0.01512464377087702, ""volume_state"": 14.984411485657267}",assumed_next_daily_close,14881.0,1,0000004962,0,-0.007129821146124815,0.007594922702782506,-0.0706435462205397,365.9124,0.024589234594449297,8.9286,8.51,0.0,-0.0,9cdf4d0394f4dd253a7057bd,True,0.00684931506849315,146,3.5607080425214055e-05,2808430.2,,,,,,,,,,,,,,,,,,,,,,,,,,,,,,,,,,,,,,,,,,,,bounded_preclose_bid_ask,,,,False,not_requested_for_horizon_or_variant,,,,event,covered_call,100,completed,148.81,152.65,True,384.0,H23,0,AXP,18.0876,primary,0.01512464377087702,14.984411485657267,2023
0.051179291767952106,2023-05-09,338,280f2ee61049d8b41399e845,time_value,56.3528,O:AXP231020C00160000,1,1,2023-05-03,2023-05-03,170,0.06668418632152946,334,0.0,0.007006061420603455,2023-05-04,335,False,2023-05-08,337,2023-05-03,4,3997870.0,2023-05-09,scheduled_exit,338,2023-10-20,"{""market_momentum"": -0.007129821146124815, ""market_volatility"": 0.007594922702782506, ""momentum"": -0.0706435462205397, ""volatility"": 0.01512464377087702, ""volume_state"": 14.984411485657267}",assumed_next_daily_close,14881.0,2,0000004962,0,-0.007129821146124815,0.007594922702782506,-0.0706435462205397,269.5185999999999,0.01811159196290571,52.128600000000006,8.51,9.3,-79.00000000000009,9cdf4d0394f4dd253a7057bd,True,0.00684931506849315,146,3.5607080425214055e-05,2808430.2,,,,,,,,,,,,,,,,,,,,,,,,,,,,,,,,,,,,,,,,,,,,bounded_preclose_bid_ask,,,,False,not_requested_for_horizon_or_variant,,,,event,covered_call,100,completed,148.81,153.38,False,457.0,H23,0,AXP,108.48140000000001,primary,0.01512464377087702,14.984411485657267,2023
0.051179291767952106,2023-05-08,337,280f2ee61049d8b41399e845,time_value,9.1824,O:AXP231020C00160000,1,1,2023-05-03,2023-05-03,170,0.06668418632152946,334,0.0,0.0011999999999999515,2023-05-04,335,True,2023-05-08,337,2023-05-03,4,3997870.0,2023-05-08,scheduled_exit,337,2023-10-20,"{""market_momentum"": -0.007129821146124815, ""market_volatility"": 0.007594922702782506, ""momentum"": -0.0706435462205397, ""volatility"": 0.01512464377087702, ""volume_state"": 14.984411485657267}",assumed_next_daily_close,14881.0,2,0000004962,0,-0.007129821146124815,0.007594922702782506,-0.0706435462205397,404.889,0.027208453732948057,8.9286,8.51,0.0,-0.0,9cdf4d0394f4dd253a7057bd,True,0.00684931506849315,146,3.5607080425214055e-05,2808430.2,,,,,,,,,,,,,,,,,,,,,,,,,,,,,,,,,,,,,,,,,,,,bounded_preclose_bid_ask,,,,False,not_requested_for_horizon_or_variant,,,,event,covered_call,100,completed,148.81,153.04,True,423.0,H23,0,AXP,18.110999999999997,primary,0.01512464377087702,14.984411485657267,2023
0.051179291767952106,2023-05-09,338,280f2ee61049d8b41399e845,time_value,56.3528,O:AXP231020C00160000,1,1,2023-05-03,2023-05-03,170,0.06668418632152946,334,0.0,0.007006061420603455,2023-05-04,335,True,2023-05-09,338,2023-05-03,4,3997870.0,2023-05-09,scheduled_exit,338,2023-10-20,"{""market_momentum"": -0.007129821146124815, ""market_volatility"": 0.007594922702782506, ""momentum"": -0.0706435462205397, ""volatility"": 0.01512464377087702, ""volume_state"": 14.984411485657267}",assumed_next_daily_close,14881.0,3,0000004962,0,-0.007129821146124815,0.007594922702782506,-0.0706435462205397,269.5185999999999,0.01811159196290571,52.128600000000006,8.51,9.3,-79.00000000000009,9cdf4d0394f4dd253a7057bd,True,0.00684931506849315,146,3.5607080425214055e-05,2808430.2,,,,,,,,,,,,,,,,,,,,,,,,,,,,,,,,,,,,,,,,,,,,bounded_preclose_bid_ask,,,,False,not_requested_for_horizon_or_variant,,,,event,covered_call,100,completed,148.81,153.38,False,457.0,H23,0,AXP,108.48140000000001,primary,0.01512464377087702,14.984411485657267,2023
0.051179291767952106,2023-05-09,338,280f2ee61049d8b41399e845,time_value,9.2028,O:AXP231020C00160000,1,1,2023-05-03,2023-05-03,170,0.06668418632152946,334,0.0,0.0011999999999999515,2023-05-04,335,True,2023-05-09,338,2023-05-03,4,3997870.0,2023-05-09,scheduled_exit,338,2023-10-20,"{""market_momentum"": -0.007129821146124815, ""market_volatility"": 0.007594922702782506, ""momentum"": -0.0706435462205397, ""volatility"": 0.01512464377087702, ""volume_state"": 14.984411485657267}",assumed_next_daily_close,14881.0,3,0000004962,0,-0.007129821146124815,0.007594922702782506,-0.0706435462205397,438.86859999999996,0.02949187554599825,8.9286,8.51,0.0,-0.0,9cdf4d0394f4dd253a7057bd,True,0.00684931506849315,146,3.5607080425214055e-05,2808430.2,,,,,,,,,,,,,,,,,,,,,,,,,,,,,,,,,,,,,,,,,,,,bounded_preclose_bid_ask,,,,False,not_requested_for_horizon_or_variant,,,,event,covered_call,100,completed,148.81,153.38,True,457.0,H23,0,AXP,18.1314,primary,0.01512464377087702,14.984411485657267,2023
0.051179291767952106,2023-05-11,340,280f2ee61049d8b41399e845,time_value,44.779399999999995,O:AXP231020C00160000,1,1,2023-05-03,2023-05-03,170,0.06668418632152946,334,0.0,0.007006061420603455,2023-05-04,335,True,2023-05-11,340,2023-05-03,4,3997870.0,2023-05-11,scheduled_exit,340,2023-10-20,"{""market_momentum"": -0.007129821146124815, ""market_volatility"": 0.007594922702782506, ""momentum"": -0.0706435462205397, ""volatility"": 0.01512464377087702, ""volume_state"": 14.984411485657267}",assumed_next_daily_close,14881.0,5,0000004962,0,-0.007129821146124815,0.007594922702782506,-0.0706435462205397,-32.908,-0.002211410523486325,52.128600000000006,8.51,7.05,146.0,9cdf4d0394f4dd253a7057bd,True,0.00684931506849315,146,3.5607080425214055e-05,2808430.2,,,,,,,,,,,,,,,,,,,,,,,,,,,,,,,,,,,,,,,,,,,,bounded_preclose_bid_ask,,,,False,not_requested_for_horizon_or_variant,,,,event,covered_call,100,completed,148.81,147.99,False,-82.0,H23,0,AXP,96.908,primary,0.01512464377087702,14.984411485657267,2023
0.051179291767952106,2023-05-11,340,280f2ee61049d8b41399e845,time_value,8.879399999999999,O:AXP231020C00160000,1,1,2023-05-03,2023-05-03,170,0.06668418632152946,334,0.0,0.006707076137356361,2023-05-04,335,True,2023-05-11,340,2023-05-03,4,3997870.0,2023-05-11,scheduled_exit,340,2023-10-20,"{""market_momentum"": -0.007129821146124815, ""market_volatility"": 0.007594922702782506, ""momentum"": -0.0706435462205397, ""volatility"": 0.01512464377087702, ""volume_state"": 14.984411485657267}",assumed_next_daily_close,14881.0,5,0000004962,0,-0.007129821146124815,0.007594922702782506,-0.0706435462205397,-99.808,-0.006707076137356361,8.9286,8.51,0.0,-0.0,9cdf4d0394f4dd253a7057bd,True,0.00684931506849315,146,3.5607080425214055e-05,2808430.2,,,,,,,,,,,,,,,,,,,,,,,,,,,,,,,,,,,,,,,,,,,,bounded_preclose_bid_ask,,,,False,not_requested_for_horizon_or_variant,,,,event,covered_call,100,completed,148.81,147.99,True,-82.0,H23,0,AXP,17.808,primary,0.01512464377087702,14.984411485657267,2023
0.051179291767952106,2023-05-18,345,280f2ee61049d8b41399e845,time_value,52.858799999999995,O:AXP231020C00160000,1,1,2023-05-03,2023-05-03,170,0.06668418632152946,334,0.0,0.007006061420603455,2023-05-04,335,True,2023-05-18,345,2023-05-03,4,3997870.0,2023-05-18,scheduled_exit,345,2023-10-20,"{""market_momentum"": -0.007129821146124815, ""market_volatility"": 0.007594922702782506, ""momentum"": -0.0706435462205397, ""volatility"": 0.01512464377087702, ""volume_state"": 14.984411485657267}",assumed_next_daily_close,14881.0,10,0000004962,0,-0.007129821146124815,0.007594922702782506,-0.0706435462205397,353.0125999999982,0.02372237080841329,52.128600000000006,8.51,8.6,-8.999999999999986,9cdf4d0394f4dd253a7057bd,True,0.00684931506849315,146,3.5607080425214055e-05,2808430.2,,,,,,,,,,,,,,,,,,,,,,,,,,,,,,,,,,,,,,,,,,,,bounded_preclose_bid_ask,,,,False,decision_asynchronous_quotes,,,,event,covered_call,100,completed,148.81,153.48,False,466.9999999999982,H23,0,AXP,104.98740000000001,primary,0.01512464377087702,14.984411485657267,2023
0.051179291767952106,2023-05-18,345,280f2ee61049d8b41399e845,time_value,9.208799999999998,O:AXP231020C00160000,1,1,2023-05-03,2023-05-03,170,0.06668418632152946,334,0.0,0.007110032927894582,2023-05-04,335,True,2023-05-18,345,2023-05-03,4,3997870.0,2023-05-18,scheduled_exit,345,2023-10-20,"{""market_momentum"": -0.007129821146124815, ""market_volatility"": 0.007594922702782506, ""momentum"": -0.0706435462205397, ""volatility"": 0.01512464377087702, ""volume_state"": 14.984411485657267}",assumed_next_daily_close,14881.0,10,0000004962,0,-0.007129821146124815,0.007594922702782506,-0.0706435462205397,448.86259999999817,0.030163470196895248,8.9286,8.51,0.0,-0.0,9cdf4d0394f4dd253a7057bd,True,0.00684931506849315,146,3.5607080425214055e-05,2808430.2,,,,,,,,,,,,,,,,,,,,,,,,,,,,,,,,,,,,,,,,,,,,bounded_preclose_bid_ask,,,,False,decision_asynchronous_quotes,,,,event,covered_call,100,completed,148.81,153.48,True,466.9999999999982,H23,0,AXP,18.1374,primary,0.01512464377087702,14.984411485657267,2023
0.051179291767952106,2023-06-05,356,280f2ee61049d8b41399e845,time_value,90.4458,O:AXP231020C00160000,1,1,2023-05-03,2023-05-03,170,0.06668418632152946,334,0.0,0.007006061420603455,2023-05-04,335,True,2023-06-05,356,2023-05-03,4,3997870.0,2023-06-05,scheduled_exit,356,2023-10-20,"{""market_momentum"": -0.007129821146124815, ""market_volatility"": 0.007594922702782506, ""momentum"": -0.0706435462205397, ""volatility"": 0.01512464377087702, ""volume_state"": 14.984411485657267}",assumed_next_daily_close,14881.0,21,0000004962,0,-0.007129821146124815,0.007594922702782506,-0.0706435462205397,975.4256,0.06554839056515019,52.128600000000006,8.51,15.95,-744.0,9cdf4d0394f4dd253a7057bd,True,0.00684931506849315,146,3.5607080425214055e-05,2808430.2,,,,,,,,,,,,,,,,,,,,,,,,,,,,,,,,,,,,,,,,,,,,bounded_preclose_bid_ask,,,,False,not_requested_for_horizon_or_variant,,,,event,covered_call,100,completed,148.81,167.43,False,1862.0,H23,0,AXP,142.57440000000003,primary,0.01512464377087702,14.984411485657267,2023
0.051179291767952106,2023-06-05,356,280f2ee61049d8b41399e845,time_value,10.0458,O:AXP231020C00160000,1,1,2023-05-03,2023-05-03,170,0.06668418632152946,334,0.0,0.007110032927894582,2023-05-04,335,True,2023-06-05,356,2023-05-03,4,3997870.0,2023-06-05,scheduled_exit,356,2023-10-20,"{""market_momentum"": -0.007129821146124815, ""market_volatility"": 0.007594922702782506, ""momentum"": -0.0706435462205397, ""volatility"": 0.01512464377087702, ""volume_state"": 14.984411485657267}",assumed_next_daily_close,14881.0,21,0000004962,0,-0.007129821146124815,0.007594922702782506,-0.0706435462205397,1843.0256,0.1238509239970432,8.9286,8.51,0.0,-0.0,9cdf4d0394f4dd253a7057bd,True,0.00684931506849315,146,3.5607080425214055e-05,2808430.2,,,,,,,,,,,,,,,,,,,,,,,,,,,,,,,,,,,,,,,,,,,,bounded_preclose_bid_ask,,,,False,not_requested_for_horizon_or_variant,,,,event,covered_call,100,completed,148.81,167.43,True,1862.0,H23,0,AXP,18.9744,primary,0.01512464377087702,14.984411485657267,2023
0.051179291767952106,2023-07-07,378,280f2ee61049d8b41399e845,time_value,95.83800000000001,O:AXP231020C00160000,1,1,2023-05-03,2023-05-03,170,0.06668418632152946,334,60.0,,2023-05-04,335,False,2023-07-06,377,2023-05-03,4,3997870.0,2023-07-07,scheduled_exit,378,2023-10-20,"{""market_momentum"": -0.007129821146124815, ""market_volatility"": 0.007594922702782506, ""momentum"": -0.0706435462205397, ""volatility"": 0.01512464377087702, ""volume_state"": 14.984411485657267}",assumed_next_daily_close,14881.0,42,0000004962,3,-0.007129821146124815,0.007594922702782506,-0.0706435462205397,1162.0334,0.07808839459713729,52.128600000000006,8.51,17,-849.0,9cdf4d0394f4dd253a7057bd,False,0.00684931506849315,146,3.5607080425214055e-05,2808430.2,,,,,,,,,,,,,,,,,,,,,,,,,,,,,,,,,,,,,,,,,,,,bounded_preclose_bid_ask,,,,False,not_requested_for_horizon_or_variant,,,,event,covered_call,100,completed,148.81,169.8,False,2099.0,H23,0,AXP,147.96660000000003,primary,0.01512464377087702,14.984411485657267,2023
0.051179291767952106,2023-07-06,377,280f2ee61049d8b41399e845,time_value,10.2564,O:AXP231020C00160000,1,1,2023-05-03,2023-05-03,170,0.06668418632152946,334,60.0,0.007110032927894582,2023-05-04,335,True,2023-07-06,377,2023-05-03,4,3997870.0,2023-07-06,scheduled_exit,377,2023-10-20,"{""market_momentum"": -0.007129821146124815, ""market_volatility"": 0.007594922702782506, ""momentum"": -0.0706435462205397, ""volatility"": 0.01512464377087702, ""volume_state"": 14.984411485657267}",assumed_next_daily_close,14881.0,42,0000004962,0,-0.007129821146124815,0.007594922702782506,-0.0706435462205397,2253.8149999999996,0.15145588334117327,8.9286,8.51,0.0,-0.0,9cdf4d0394f4dd253a7057bd,True,0.00684931506849315,146,3.5607080425214055e-05,2808430.2,,,,,,,,,,,,,,,,,,,,,,,,,,,,,,,,,,,,,,,,,,,,bounded_preclose_bid_ask,,,,False,not_requested_for_horizon_or_variant,,,,event,covered_call,100,completed,148.81,170.94,True,2213.0,H23,0,AXP,19.185,primary,0.01512464377087702,14.984411485657267,2023
0.051179291767952106,2023-08-07,399,280f2ee61049d8b41399e845,time_value,70.9176,O:AXP231020C00160000,1,1,2023-05-03,2023-05-03,170,0.06668418632152946,334,60.0,,2023-05-04,335,False,2023-08-04,398,2023-05-03,4,3997870.0,2023-08-07,scheduled_exit,399,2023-10-20,"{""market_momentum"": -0.007129821146124815, ""market_volatility"": 0.007594922702782506, ""momentum"": -0.0706435462205397, ""volatility"": 0.01512464377087702, ""volume_state"": 14.984411485657267}",assumed_next_daily_close,14881.0,63,0000004962,5,-0.007129821146124815,0.007594922702782506,-0.0706435462205397,1397.9538,0.09394219474497682,52.128600000000006,8.51,12.05,-354.0000000000001,9cdf4d0394f4dd253a7057bd,False,0.00684931506849315,146,3.5607080425214055e-05,2808430.2,,,,,,,,,,,,,,,,,,,,,,,,,,,,,,,,,,,,,,,,,,,,bounded_preclose_bid_ask,,,,False,not_requested_for_horizon_or_variant,,,,event,covered_call,100,completed,148.81,166.96,False,1815.0,H23,0,AXP,123.0462,primary,0.01512464377087702,14.984411485657267,2023
0.051179291767952106,2023-08-04,398,280f2ee61049d8b41399e845,time_value,9.9246,O:AXP231020C00160000,1,1,2023-05-03,2023-05-03,170,0.06668418632152946,334,60.0,0.007110032927894582,2023-05-04,335,True,2023-08-04,398,2023-05-03,4,3997870.0,2023-08-04,scheduled_exit,398,2023-10-20,"{""market_momentum"": -0.007129821146124815, ""market_volatility"": 0.007594922702782506, ""momentum"": -0.0706435462205397, ""volatility"": 0.01512464377087702, ""volume_state"": 14.984411485657267}",assumed_next_daily_close,14881.0,63,0000004962,0,-0.007129821146124815,0.007594922702782506,-0.0706435462205397,1701.1468,0.11431669914656273,8.9286,8.51,0.0,-0.0,9cdf4d0394f4dd253a7057bd,True,0.00684931506849315,146,3.5607080425214055e-05,2808430.2,,,,,,,,,,,,,,,,,,,,,,,,,,,,,,,,,,,,,,,,,,,,bounded_preclose_bid_ask,,,,False,not_requested_for_horizon_or_variant,,,,event,covered_call,100,completed,148.81,165.41,True,1660.0,H23,0,AXP,18.8532,primary,0.01512464377087702,14.984411485657267,2023
0.051179291767952106,2023-10-20,452,280f2ee61049d8b41399e845,time_value,9.1442,O:AXP231020C00160000,1,1,2023-05-03,2023-05-03,170,0.06668418632152946,334,120.0,,2023-05-04,335,True,2023-10-20,452,2023-05-03,4,3997870.0,2023-10-20,expiry_worthless,452,2023-10-20,"{""market_momentum"": -0.007129821146124815, ""market_volatility"": 0.007594922702782506, ""momentum"": -0.0706435462205397, ""volatility"": 0.01512464377087702, ""volume_state"": 14.984411485657267}",assumed_next_daily_close,14881.0,expiry,0000004962,5,-0.007129821146124815,0.007594922702782506,-0.0706435462205397,185.72719999999998,0.012480827901350714,52.128600000000006,8.51,0.0,851.0,9cdf4d0394f4dd253a7057bd,False,0.00684931506849315,146,3.5607080425214055e-05,2808430.2,,,,,,,,,,,,,,,,,,,,,,,,,,,,,,,,,,,,,,,,,,,,bounded_preclose_bid_ask,,,,False,not_requested_for_horizon_or_variant,,,,event,covered_call,100,completed,148.81,141.57,False,-724.0,H23,0,AXP,61.272800000000004,primary,0.01512464377087702,14.984411485657267,2023
0.051179291767952106,2023-10-20,452,280f2ee61049d8b41399e845,time_value,8.4942,O:AXP231020C00160000,1,1,2023-05-03,2023-05-03,170,0.06668418632152946,334,120.0,0.0417594785296687,2023-05-04,335,True,2023-10-20,452,2023-05-03,4,3997870.0,2023-10-20,scheduled_exit,452,2023-10-20,"{""market_momentum"": -0.007129821146124815, ""market_volatility"": 0.007594922702782506, ""momentum"": -0.0706435462205397, ""volatility"": 0.01512464377087702, ""volume_state"": 14.984411485657267}",assumed_next_daily_close,14881.0,expiry,0000004962,0,-0.007129821146124815,0.007594922702782506,-0.0706435462205397,-621.4227999999999,-0.0417594785296687,8.9286,8.51,0.0,-0.0,9cdf4d0394f4dd253a7057bd,True,0.00684931506849315,146,3.5607080425214055e-05,2808430.2,,,,,,,,,,,,,,,,,,,,,,,,,,,,,,,,,,,,,,,,,,,,bounded_preclose_bid_ask,,,,False,not_requested_for_horizon_or_variant,,,,event,covered_call,100,completed,148.81,141.57,True,-724.0,H23,0,AXP,17.4228,primary,0.01512464377087702,14.984411485657267,2023
0.04319787566978062,2024-02-23,537,2d8b9c4f57150f2917eb67f8,time_value,64.9736,O:AXP240621C00220000,1,1,2024-02-21,2024-02-21,121,0.041253734174214046,535,0.0,0.006097425113322985,2024-02-22,536,True,2024-02-23,537,2024-02-21,21,3027833.0,2024-02-23,scheduled_exit,537,2024-06-21,"{""market_momentum"": 0.028462095356293293, ""market_volatility"": 0.007411212209138988, ""momentum"": 0.13988433057672567, ""volatility"": 0.01810362636476073, ""volume_state"": 15.174073186495786}",assumed_next_daily_close,21399.0,1,0000004962,0,0.028462095356293293,0.007411212209138988,0.13988433057672567,-67.21299999999997,-0.003140941165475021,65.2394,10.35,10.29,6.00000000000005,5e5e1d315525adfc396f5b1b,True,0.01,100,3.339949104519566e-05,2994057.6,,,,,,,,,,,,,,,,,,,,,,,,,,,,,,,,,,,,,,,,,,,,bounded_preclose_bid_ask,,,,False,not_requested_for_horizon_or_variant,,,,event,covered_call,100,completed,213.99,214.56,False,57.0,H23,0,AXP,130.21300000000002,primary,0.01810362636476073,15.174073186495786,2024
0.04319787566978062,2024-02-23,537,2d8b9c4f57150f2917eb67f8,time_value,12.8736,O:AXP240621C00220000,1,1,2024-02-21,2024-02-21,121,0.041253734174214046,535,0.0,0.001200000000000035,2024-02-22,536,True,2024-02-23,537,2024-02-21,21,3027833.0,2024-02-23,scheduled_exit,537,2024-06-21,"{""market_momentum"": 0.028462095356293293, ""market_volatility"": 0.007411212209138988, ""momentum"": 0.13988433057672567, ""volatility"": 0.01810362636476073, ""volume_state"": 15.174073186495786}",assumed_next_daily_close,21399.0,1,0000004962,0,0.028462095356293293,0.007411212209138988,0.13988433057672567,31.287000000000003,0.0014620776671807095,12.8394,10.35,0.0,-0.0,5e5e1d315525adfc396f5b1b,True,0.01,100,3.339949104519566e-05,2994057.6,,,,,,,,,,,,,,,,,,,,,,,,,,,,,,,,,,,,,,,,,,,,bounded_preclose_bid_ask,,,,False,not_requested_for_horizon_or_variant,,,,event,covered_call,100,completed,213.99,214.56,True,57.0,H23,0,AXP,25.713,primary,0.01810362636476073,15.174073186495786,2024
0.04319787566978062,2024-02-26,538,2d8b9c4f57150f2917eb67f8,time_value,70.0676,O:AXP240621C00220000,1,1,2024-02-21,2024-02-21,121,0.041253734174214046,535,0.0,0.006097425113322985,2024-02-22,536,True,2024-02-26,538,2024-02-21,21,3027833.0,2024-02-26,scheduled_exit,538,2024-06-21,"{""market_momentum"": 0.028462095356293293, ""market_volatility"": 0.007411212209138988, ""momentum"": 0.13988433057672567, ""volatility"": 0.01810362636476073, ""volume_state"": 15.174073186495786}",assumed_next_daily_close,21399.0,2,0000004962,0,0.028462095356293293,0.007411212209138988,0.13988433057672567,68.69300000000001,0.0032101032758540126,65.2394,10.35,11.28,-92.99999999999997,5e5e1d315525adfc396f5b1b,True,0.01,100,3.339949104519566e-05,2994057.6,,,,,,,,,,,,,,,,,,,,,,,,,,,,,,,,,,,,,,,,,,,,bounded_preclose_bid_ask,,,,False,not_requested_for_horizon_or_variant,,,,event,covered_call,100,completed,213.99,216.96,False,297.0,H23,0,AXP,135.30700000000002,primary,0.01810362636476073,15.174073186495786,2024
0.04319787566978062,2024-02-26,538,2d8b9c4f57150f2917eb67f8,time_value,13.017599999999998,O:AXP240621C00220000,1,1,2024-02-21,2024-02-21,121,0.041253734174214046,535,0.0,0.001200000000000035,2024-02-22,536,True,2024-02-26,538,2024-02-21,21,3027833.0,2024-02-26,scheduled_exit,538,2024-06-21,"{""market_momentum"": 0.028462095356293293, ""market_volatility"": 0.007411212209138988, ""momentum"": 0.13988433057672567, ""volatility"": 0.01810362636476073, ""volume_state"": 15.174073186495786}",assumed_next_daily_close,21399.0,2,0000004962,0,0.028462095356293293,0.007411212209138988,0.13988433057672567,271.143,0.012670825739520537,12.8394,10.35,0.0,-0.0,5e5e1d315525adfc396f5b1b,True,0.01,100,3.339949104519566e-05,2994057.6,,,,,,,,,,,,,,,,,,,,,,,,,,,,,,,,,,,,,,,,,,,,bounded_preclose_bid_ask,,,,False,not_requested_for_horizon_or_variant,,,,event,covered_call,100,completed,213.99,216.96,True,297.0,H23,0,AXP,25.857,primary,0.01810362636476073,15.174073186495786,2024
0.04319787566978062,2024-02-27,539,2d8b9c4f57150f2917eb67f8,time_value,71.72879999999999,O:AXP240621C00220000,1,1,2024-02-21,2024-02-21,121,0.041253734174214046,535,0.0,0.006097425113322985,2024-02-22,536,True,2024-02-27,539,2024-02-21,21,3027833.0,2024-02-27,scheduled_exit,539,2024-06-21,"{""market_momentum"": 0.028462095356293293, ""market_volatility"": 0.007411212209138988, ""momentum"": 0.13988433057672567, ""volatility"": 0.01810362636476073, ""volume_state"": 15.174073186495786}",assumed_next_daily_close,21399.0,3,0000004962,0,0.028462095356293293,0.007411212209138988,0.13988433057672567,137.03180000000003,0.006403654376372729,65.2394,10.35,11.6,-125.0,5e5e1d315525adfc396f5b1b,True,0.01,100,3.339949104519566e-05,2994057.6,,,,,,,,,,,,,,,,,,,,,,,,,,,,,,,,,,,,,,,,,,,,bounded_preclose_bid_ask,,,,False,not_requested_for_horizon_or_variant,,,,event,covered_call,100,completed,213.99,217.98,False,399.0,H23,0,AXP,136.9682,primary,0.01810362636476073,15.174073186495786,2024
0.04319787566978062,2024-02-27,539,2d8b9c4f57150f2917eb67f8,time_value,13.0788,O:AXP240621C00220000,1,1,2024-02-21,2024-02-21,121,0.041253734174214046,535,0.0,0.001200000000000035,2024-02-22,536,True,2024-02-27,539,2024-02-21,21,3027833.0,2024-02-27,scheduled_exit,539,2024-06-21,"{""market_momentum"": 0.028462095356293293, ""market_volatility"": 0.007411212209138988, ""momentum"": 0.13988433057672567, ""volatility"": 0.01810362636476073, ""volume_state"": 15.174073186495786}",assumed_next_daily_close,21399.0,3,0000004962,0,0.028462095356293293,0.007411212209138988,0.13988433057672567,373.0818,0.017434543670264965,12.8394,10.35,0.0,-0.0,5e5e1d315525adfc396f5b1b,True,0.01,100,3.339949104519566e-05,2994057.6,,,,,,,,,,,,,,,,,,,,,,,,,,,,,,,,,,,,,,,,,,,,bounded_preclose_bid_ask,,,,False,not_requested_for_horizon_or_variant,,,,event,covered_call,100,completed,213.99,217.98,True,399.0,H23,0,AXP,25.9182,primary,0.01810362636476073,15.174073186495786,2024
0.04319787566978062,2024-02-29,541,2d8b9c4f57150f2917eb67f8,time_value,75.5652,O:AXP240621C00220000,1,1,2024-02-21,2024-02-21,121,0.041253734174214046,535,0.0,0.006097425113322985,2024-02-22,536,True,2024-02-29,541,2024-02-21,21,3027833.0,2024-02-29,scheduled_exit,541,2024-06-21,"{""market_momentum"": 0.028462095356293293, ""market_volatility"": 0.007411212209138988, ""momentum"": 0.13988433057672567, ""volatility"": 0.01810362636476073, ""volume_state"": 15.174073186495786}",assumed_next_daily_close,21399.0,5,0000004962,0,0.028462095356293293,0.007411212209138988,0.13988433057672567,202.1954,0.009448824711435114,65.2394,10.35,12.35,-200.0,5e5e1d315525adfc396f5b1b,True,0.01,100,3.339949104519566e-05,2994057.6,,,,,,,,,,,,,,,,,,,,,,,,,,,,,,,,,,,,,,,,,,,,bounded_preclose_bid_ask,,,,False,not_requested_for_horizon_or_variant,,,,event,covered_call,100,completed,213.99,219.42,False,543.0,H23,0,AXP,140.8046,primary,0.01810362636476073,15.174073186495786,2024
0.04319787566978062,2024-02-29,541,2d8b9c4f57150f2917eb67f8,time_value,13.165199999999999,O:AXP240621C00220000,1,1,2024-02-21,2024-02-21,121,0.041253734174214046,535,0.0,0.001200000000000035,2024-02-22,536,True,2024-02-29,541,2024-02-21,21,3027833.0,2024-02-29,scheduled_exit,541,2024-06-21,"{""market_momentum"": 0.028462095356293293, ""market_volatility"": 0.007411212209138988, ""momentum"": 0.13988433057672567, ""volatility"": 0.01810362636476073, ""volume_state"": 15.174073186495786}",assumed_next_daily_close,21399.0,5,0000004962,0,0.028462095356293293,0.007411212209138988,0.13988433057672567,516.9954,0.024159792513668864,12.8394,10.35,0.0,-0.0,5e5e1d315525adfc396f5b1b,True,0.01,100,3.339949104519566e-05,2994057.6,,,,,,,,,,,,,,,,,,,,,,,,,,,,,,,,,,,,,,,,,,,,bounded_preclose_bid_ask,,,,False,not_requested_for_horizon_or_variant,,,,event,covered_call,100,completed,213.99,219.42,True,543.0,H23,0,AXP,26.004599999999996,primary,0.01810362636476073,15.174073186495786,2024
0.04319787566978062,2024-03-07,546,2d8b9c4f57150f2917eb67f8,time_value,88.15520000000001,O:AXP240621C00220000,1,1,2024-02-21,2024-02-21,121,0.041253734174214046,535,0.0,0.006097425113322985,2024-02-22,536,True,2024-03-07,546,2024-02-21,21,3027833.0,2024-03-07,scheduled_exit,546,2024-06-21,"{""market_momentum"": 0.028462095356293293, ""market_volatility"": 0.007411212209138988, ""momentum"": 0.13988433057672567, ""volatility"": 0.01810362636476073, ""volume_state"": 15.174073186495786}",assumed_next_daily_close,21399.0,10,0000004962,0,0.028462095356293293,0.007411212209138988,0.13988433057672567,342.6053999999999,0.01601034627786345,65.2394,10.35,14.82,-447.00000000000006,5e5e1d315525adfc396f5b1b,True,0.01,100,3.339949104519566e-05,2994057.6,True,1.387881728,8.75,6,8.6,24,0.01729106628242079,0.001060352,210.82,3300,210.81,400,4.7434954818162395e-05,33,,10,1.938610176,10.2,62,10,33,0.019801980198019733,214.03,0.000641536,214.03,1000,214,2600,0.00014017709039086578,15.2,4.557138176,15.2,34,15,11,0.013245033112582735,223.34,0.000261376,223.35,8800,223.34,500,4.4773780474113614e-05,bounded_preclose_bid_ask,375.75260000000037,0.01755607157875066,-519.9999999999999,False,completed_bounded_proxy,931.0000000000002,35.2474,,event,covered_call,100,completed,213.99,223.42,False,943.0,H23,0,AXP,153.39460000000003,primary,0.01810362636476073,15.174073186495786,2024
0.04319787566978062,2024-03-07,546,2d8b9c4f57150f2917eb67f8,time_value,13.405199999999999,O:AXP240621C00220000,1,1,2024-02-21,2024-02-21,121,0.041253734174214046,535,0.0,0.001200000000000035,2024-02-22,536,True,2024-03-07,546,2024-02-21,21,3027833.0,2024-03-07,scheduled_exit,546,2024-06-21,"{""market_momentum"": 0.028462095356293293, ""market_volatility"": 0.007411212209138988, ""momentum"": 0.13988433057672567, ""volatility"": 0.01810362636476073, ""volume_state"": 15.174073186495786}",assumed_next_daily_close,21399.0,10,0000004962,0,0.028462095356293293,0.007411212209138988,0.13988433057672567,916.7554,0.04284103930090191,12.8394,10.35,0.0,-0.0,5e5e1d315525adfc396f5b1b,True,0.01,100,3.339949104519566e-05,2994057.6,True,1.387881728,8.75,6,8.6,24,0.01729106628242079,0.001060352,210.82,3300,210.81,400,4.7434954818162395e-05,11,,0.0,1.938610176,10.2,62,10,33,0.019801980198019733,214.03,0.000641536,214.03,1000,214,2600,0.00014017709039086578,0.0,4.557138176,15.2,34,15,11,0.013245033112582735,223.34,0.000261376,223.35,8800,223.34,500,4.4773780474113614e-05,bounded_preclose_bid_ask,922.2526000000003,0.04308987525113303,0.0,False,completed_bounded_proxy,931.0000000000002,8.7474,,event,covered_call,100,completed,213.99,223.42,True,943.0,H23,0,AXP,26.2446,primary,0.01810362636476073,15.174073186495786,2024
0.04319787566978062,2024-03-22,557,2d8b9c4f57150f2917eb67f8,time_value,95.4576,O:AXP240621C00220000,1,1,2024-02-21,2024-02-21,121,0.041253734174214046,535,0.0,0.006097425113322985,2024-02-22,536,True,2024-03-22,557,2024-02-21,21,3027833.0,2024-03-22,scheduled_exit,557,2024-06-21,"{""market_momentum"": 0.028462095356293293, ""market_volatility"": 0.007411212209138988, ""momentum"": 0.13988433057672567, ""volatility"": 0.01810362636476073, ""volume_state"": 15.174073186495786}",assumed_next_daily_close,21399.0,21,0000004962,0,0.028462095356293293,0.007411212209138988,0.13988433057672567,446.30299999999994,0.020856254965185287,65.2394,10.35,16.25,-590.0,5e5e1d315525adfc396f5b1b,True,0.01,100,3.339949104519566e-05,2994057.6,,,,,,,,,,,,,,,,,,,,,,,,,,,,,,,,,,,,,,,,,,,,bounded_preclose_bid_ask,,,,False,not_requested_for_horizon_or_variant,,,,event,covered_call,100,completed,213.99,225.96,False,1197.0,H23,0,AXP,160.697,primary,0.01810362636476073,15.174073186495786,2024
0.04319787566978062,2024-03-22,557,2d8b9c4f57150f2917eb67f8,time_value,13.557599999999999,O:AXP240621C00220000,1,1,2024-02-21,2024-02-21,121,0.041253734174214046,535,0.0,0.001200000000000035,2024-02-22,536,True,2024-03-22,557,2024-02-21,21,3027833.0,2024-03-22,scheduled_exit,557,2024-06-21,"{""market_momentum"": 0.028462095356293293, ""market_volatility"": 0.007411212209138988, ""momentum"": 0.13988433057672567, ""volatility"": 0.01810362636476073, ""volume_state"": 15.174073186495786}",assumed_next_daily_close,21399.0,21,0000004962,0,0.028462095356293293,0.007411212209138988,0.13988433057672567,1170.6029999999998,0.05470363101079489,12.8394,10.35,0.0,-0.0,5e5e1d315525adfc396f5b1b,True,0.01,100,3.339949104519566e-05,2994057.6,,,,,,,,,,,,,,,,,,,,,,,,,,,,,,,,,,,,,,,,,,,,bounded_preclose_bid_ask,,,,False,not_requested_for_horizon_or_variant,,,,event,covered_call,100,completed,213.99,225.96,True,1197.0,H23,0,AXP,26.397,primary,0.01810362636476073,15.174073186495786,2024
0.04319787566978062,2024-04-23,578,2d8b9c4f57150f2917eb67f8,time_value,130.9376,O:AXP240621C00220000,1,1,2024-02-21,2024-02-21,121,0.041253734174214046,535,70.0,,2024-02-22,536,True,2024-04-23,578,2024-02-21,21,3027833.0,2024-04-23,scheduled_exit,578,2024-06-21,"{""market_momentum"": 0.028462095356293293, ""market_volatility"": 0.007411212209138988, ""momentum"": 0.13988433057672567, ""volatility"": 0.01810362636476073, ""volume_state"": 15.174073186495786}",assumed_next_daily_close,21399.0,42,0000004962,1,0.028462095356293293,0.007411212209138988,0.13988433057672567,1086.8229999999999,0.05078849478947614,65.2394,10.35,23.19,-1284.0000000000002,5e5e1d315525adfc396f5b1b,False,0.01,100,3.339949104519566e-05,2994057.6,,,,,,,,,,,,,,,,,,,,,,,,,,,,,,,,,,,,,,,,,,,,bounded_preclose_bid_ask,,,,False,not_requested_for_horizon_or_variant,,,,event,covered_call,100,completed,213.99,238.96,False,2497.0,H23,0,AXP,196.17700000000002,primary,0.01810362636476073,15.174073186495786,2024
0.04319787566978062,2024-04-23,578,2d8b9c4f57150f2917eb67f8,time_value,14.337599999999998,O:AXP240621C00220000,1,1,2024-02-21,2024-02-21,121,0.041253734174214046,535,70.0,0.001200000000000035,2024-02-22,536,True,2024-04-23,578,2024-02-21,21,3027833.0,2024-04-23,scheduled_exit,578,2024-06-21,"{""market_momentum"": 0.028462095356293293, ""market_volatility"": 0.007411212209138988, ""momentum"": 0.13988433057672567, ""volatility"": 0.01810362636476073, ""volume_state"": 15.174073186495786}",assumed_next_daily_close,21399.0,42,0000004962,0,0.028462095356293293,0.007411212209138988,0.13988433057672567,2539.8230000000003,0.11868886396560588,12.8394,10.35,0.0,-0.0,5e5e1d315525adfc396f5b1b,True,0.01,100,3.339949104519566e-05,2994057.6,,,,,,,,,,,,,,,,,,,,,,,,,,,,,,,,,,,,,,,,,,,,bounded_preclose_bid_ask,,,,False,not_requested_for_horizon_or_variant,,,,event,covered_call,100,completed,213.99,238.96,True,2497.0,H23,0,AXP,27.177,primary,0.01810362636476073,15.174073186495786,2024
0.04319787566978062,2024-05-23,600,2d8b9c4f57150f2917eb67f8,time_value,102.2276,O:AXP240621C00220000,1,1,2024-02-21,2024-02-21,121,0.041253734174214046,535,70.0,,2024-02-22,536,False,2024-05-22,599,2024-02-21,21,3027833.0,2024-05-23,scheduled_exit,600,2024-06-21,"{""market_momentum"": 0.028462095356293293, ""market_volatility"": 0.007411212209138988, ""momentum"": 0.13988433057672567, ""volatility"": 0.01810362636476073, ""volume_state"": 15.174073186495786}",assumed_next_daily_close,21399.0,63,0000004962,1,0.028462095356293293,0.007411212209138988,0.13988433057672567,1335.5330000000001,0.06241100051404272,65.2394,10.35,17.49,-713.9999999999999,5e5e1d315525adfc396f5b1b,False,0.01,100,3.339949104519566e-05,2994057.6,,,,,,,,,,,,,,,,,,,,,,,,,,,,,,,,,,,,,,,,,,,,bounded_preclose_bid_ask,,,,False,not_requested_for_horizon_or_variant,,,,event,covered_call,100,completed,213.99,235.46,False,2147.0,H23,0,AXP,167.46699999999998,primary,0.01810362636476073,15.174073186495786,2024
0.04319787566978062,2024-05-22,599,2d8b9c4f57150f2917eb67f8,time_value,14.405399999999998,O:AXP240621C00220000,1,1,2024-02-21,2024-02-21,121,0.041253734174214046,535,70.0,0.001200000000000035,2024-02-22,536,True,2024-05-22,599,2024-02-21,21,3027833.0,2024-05-22,scheduled_exit,599,2024-06-21,"{""market_momentum"": 0.028462095356293293, ""market_volatility"": 0.007411212209138988, ""momentum"": 0.13988433057672567, ""volatility"": 0.01810362636476073, ""volume_state"": 15.174073186495786}",assumed_next_daily_close,21399.0,63,0000004962,0,0.028462095356293293,0.007411212209138988,0.13988433057672567,2652.7552,0.1239663161829992,12.8394,10.35,0.0,-0.0,5e5e1d315525adfc396f5b1b,True,0.01,100,3.339949104519566e-05,2994057.6,,,,,,,,,,,,,,,,,,,,,,,,,,,,,,,,,,,,,,,,,,,,bounded_preclose_bid_ask,,,,False,not_requested_for_horizon_or_variant,,,,event,covered_call,100,completed,213.99,240.09,True,2610.0,H23,0,AXP,27.244799999999998,primary,0.01810362636476073,15.174073186495786,2024
0.04319787566978062,2024-06-21,619,2d8b9c4f57150f2917eb67f8,time_value,13.85,O:AXP240621C00220000,1,1,2024-02-21,2024-02-21,121,0.041253734174214046,535,70.0,,2024-02-22,536,True,2024-06-21,619,2024-02-21,21,3027833.0,2024-06-21,modelled_physical_expiry,619,2024-06-21,"{""market_momentum"": 0.028462095356293293, ""market_volatility"": 0.007411212209138988, ""momentum"": 0.13988433057672567, ""volatility"": 0.01810362636476073, ""volume_state"": 15.174073186495786}",assumed_next_daily_close,21399.0,expiry,0000004962,2,0.028462095356293293,0.007411212209138988,0.13988433057672567,1626.9106000000002,0.07602741249591104,65.2394,10.35,0.0,1035.0,5e5e1d315525adfc396f5b1b,False,0.01,100,3.339949104519566e-05,2994057.6,,,,,,,,,,,,,,,,,,,,,,,,,,,,,,,,,,,,,,,,,,,,bounded_preclose_bid_ask,,,,False,not_requested_for_horizon_or_variant,,,,event,covered_call,100,completed,213.99,220.0,False,601.0,H23,0,AXP,79.0894,primary,0.01810362636476073,15.174073186495786,2024
0.04319787566978062,2024-06-21,619,2d8b9c4f57150f2917eb67f8,time_value,13.822799999999999,O:AXP240621C00220000,1,1,2024-02-21,2024-02-21,121,0.041253734174214046,535,70.0,0.001200000000000035,2024-02-22,536,True,2024-06-21,619,2024-02-21,21,3027833.0,2024-06-21,scheduled_exit,619,2024-06-21,"{""market_momentum"": 0.028462095356293293, ""market_volatility"": 0.007411212209138988, ""momentum"": 0.13988433057672567, ""volatility"": 0.01810362636476073, ""volume_state"": 15.174073186495786}",assumed_next_daily_close,21399.0,expiry,0000004962,0,0.028462095356293293,0.007411212209138988,0.13988433057672567,1682.3378,0.07861758960699099,12.8394,10.35,0.0,-0.0,5e5e1d315525adfc396f5b1b,True,0.01,100,3.339949104519566e-05,2994057.6,,,,,,,,,,,,,,,,,,,,,,,,,,,,,,,,,,,,,,,,,,,,bounded_preclose_bid_ask,,,,False,not_requested_for_horizon_or_variant,,,,event,covered_call,100,completed,213.99,230.38,True,1639.0,H23,0,AXP,26.6622,primary,0.01810362636476073,15.174073186495786,2024
0.048610590966968736,2025-05-01,834,2dd7532e29fac4173013bdd7,time_value,112.56240000000003,O:AXP250919C00280000,1,1,2025-04-29,2025-04-29,143,0.06160587221930942,832,0.0,0.008865920948913327,2025-04-30,833,True,2025-05-01,834,2025-04-29,27,3522670.0,2025-05-01,scheduled_exit,834,2025-09-19,"{""market_momentum"": -0.0024115466292335963, ""market_volatility"": 0.03242703772174959, ""momentum"": 0.005800813620611578, ""volatility"": 0.044230052996412056, ""volume_state"": 15.250733180293725}",assumed_next_daily_close,26641.000000000004,1,0000004962,0,-0.0024115466292335963,0.03242703772174959,0.005800813620611578,-236.19699999999997,-0.008865920948913327,100.6346,16.8,19.16,-235.99999999999994,f81f7af660b9bf0aa1f7485e,True,0.001841620626151013,543,4.03388365456628e-05,2479000.6,,,,,,,,,,,,,,,,,,,,,,,,,,,,,,,,,,,,,,,,,,,,bounded_preclose_bid_ask,,,,False,not_requested_for_horizon_or_variant,,,,event,covered_call,100,completed,266.41,268.54,False,213.0,H23,0,AXP,213.19700000000003,primary,0.044230052996412056,15.250733180293725,2025
0.048610590966968736,2025-05-01,834,2dd7532e29fac4173013bdd7,time_value,16.1124,O:AXP250919C00280000,1,1,2025-04-29,2025-04-29,143,0.06160587221930942,832,0.0,0.0011999999999999912,2025-04-30,833,True,2025-05-01,834,2025-04-29,27,3522670.0,2025-05-01,scheduled_exit,834,2025-09-19,"{""market_momentum"": -0.0024115466292335963, ""market_volatility"": 0.03242703772174959, ""momentum"": 0.005800813620611578, ""volatility"": 0.044230052996412056, ""volume_state"": 15.250733180293725}",assumed_next_daily_close,26641.000000000004,1,0000004962,0,-0.0024115466292335963,0.03242703772174959,0.005800813620611578,180.903,0.0067903982583236355,15.9846,16.8,0.0,-0.0,f81f7af660b9bf0aa1f7485e,True,0.001841620626151013,543,4.03388365456628e-05,2479000.6,,,,,,,,,,,,,,,,,,,,,,,,,,,,,,,,,,,,,,,,,,,,bounded_preclose_bid_ask,,,,False,not_requested_for_horizon_or_variant,,,,event,covered_call,100,completed,266.41,268.54,True,213.0,H23,0,AXP,32.097,primary,0.044230052996412056,15.250733180293725,2025
0.048610590966968736,2025-05-02,835,2dd7532e29fac4173013bdd7,time_value,125.76100000000001,O:AXP250919C00280000,1,1,2025-04-29,2025-04-29,143,0.06160587221930942,832,0.0,0.008865920948913374,2025-04-30,833,True,2025-05-02,835,2025-04-29,27,3522670.0,2025-05-02,scheduled_exit,835,2025-09-19,"{""market_momentum"": -0.0024115466292335963, ""market_volatility"": 0.03242703772174959, ""momentum"": 0.005800813620611578, ""volatility"": 0.044230052996412056, ""volume_state"": 15.250733180293725}",assumed_next_daily_close,26641.000000000004,2,0000004962,0,-0.0024115466292335963,0.03242703772174959,0.005800813620611578,327.6044000000001,0.012297000863330958,100.6346,16.8,21.7,-489.9999999999999,f81f7af660b9bf0aa1f7485e,True,0.001841620626151013,543,4.03388365456628e-05,2479000.6,,,,,,,,,,,,,,,,,,,,,,,,,,,,,,,,,,,,,,,,,,,,bounded_preclose_bid_ask,,,,False,not_requested_for_horizon_or_variant,,,,event,covered_call,100,completed,266.41,276.85,False,1044.0,H23,0,AXP,226.3956,primary,0.044230052996412056,15.250733180293725,2025
0.048610590966968736,2025-05-02,835,2dd7532e29fac4173013bdd7,time_value,16.611,O:AXP250919C00280000,1,1,2025-04-29,2025-04-29,143,0.06160587221930942,832,0.0,0.0011999999999999912,2025-04-30,833,True,2025-05-02,835,2025-04-29,27,3522670.0,2025-05-02,scheduled_exit,835,2025-09-19,"{""market_momentum"": -0.0024115466292335963, ""market_volatility"": 0.03242703772174959, ""momentum"": 0.005800813620611578, ""volatility"": 0.044230052996412056, ""volume_state"": 15.250733180293725}",assumed_next_daily_close,26641.000000000004,2,0000004962,0,-0.0024115466292335963,0.03242703772174959,0.005800813620611578,1011.4044,0.03796420554783979,15.9846,16.8,0.0,-0.0,f81f7af660b9bf0aa1f7485e,True,0.001841620626151013,543,4.03388365456628e-05,2479000.6,,,,,,,,,,,,,,,,,,,,,,,,,,,,,,,,,,,,,,,,,,,,bounded_preclose_bid_ask,,,,False,not_requested_for_horizon_or_variant,,,,event,covered_call,100,completed,266.41,276.85,True,1044.0,H23,0,AXP,32.595600000000005,primary,0.044230052996412056,15.250733180293725,2025
0.048610590966968736,2025-05-05,836,2dd7532e29fac4173013bdd7,time_value,130.5818,O:AXP250919C00280000,1,1,2025-04-29,2025-04-29,143,0.06160587221930942,832,0.0,0.008865920948913374,2025-04-30,833,True,2025-05-05,836,2025-04-29,27,3522670.0,2025-05-05,scheduled_exit,836,2025-09-19,"{""market_momentum"": -0.0024115466292335963, ""market_volatility"": 0.03242703772174959, ""momentum"": 0.005800813620611578, ""volatility"": 0.044230052996412056, ""volume_state"": 15.250733180293725}",assumed_next_daily_close,26641.000000000004,3,0000004962,0,-0.0024115466292335963,0.03242703772174959,0.005800813620611578,345.783599999993,0.012979377650988812,100.6346,16.8,22.65,-584.9999999999998,f81f7af660b9bf0aa1f7485e,True,0.001841620626151013,543,4.03388365456628e-05,2479000.6,,,,,,,,,,,,,,,,,,,,,,,,,,,,,,,,,,,,,,,,,,,,bounded_preclose_bid_ask,,,,False,not_requested_for_horizon_or_variant,,,,event,covered_call,100,completed,266.41,278.03,False,1161.9999999999927,H23,0,AXP,231.2164,primary,0.044230052996412056,15.250733180293725,2025
0.048610590966968736,2025-05-05,836,2dd7532e29fac4173013bdd7,time_value,16.681799999999996,O:AXP250919C00280000,1,1,2025-04-29,2025-04-29,143,0.06160587221930942,832,0.0,0.0011999999999999912,2025-04-30,833,True,2025-05-05,836,2025-04-29,27,3522670.0,2025-05-05,scheduled_exit,836,2025-09-19,"{""market_momentum"": -0.0024115466292335963, ""market_volatility"": 0.03242703772174959, ""momentum"": 0.005800813620611578, ""volatility"": 0.044230052996412056, ""volume_state"": 15.250733180293725}",assumed_next_daily_close,26641.000000000004,3,0000004962,0,-0.0024115466292335963,0.03242703772174959,0.005800813620611578,1129.3335999999927,0.04239081115573712,15.9846,16.8,0.0,-0.0,f81f7af660b9bf0aa1f7485e,True,0.001841620626151013,543,4.03388365456628e-05,2479000.6,,,,,,,,,,,,,,,,,,,,,,,,,,,,,,,,,,,,,,,,,,,,bounded_preclose_bid_ask,,,,False,not_requested_for_horizon_or_variant,,,,event,covered_call,100,completed,266.41,278.03,True,1161.9999999999927,H23,0,AXP,32.666399999999996,primary,0.044230052996412056,15.250733180293725,2025
0.048610590966968736,2025-05-07,838,2dd7532e29fac4173013bdd7,time_value,119.9744,O:AXP250919C00280000,1,1,2025-04-29,2025-04-29,143,0.06160587221930942,832,0.0,0.008865920948913374,2025-04-30,833,True,2025-05-07,838,2025-04-29,27,3522670.0,2025-05-07,scheduled_exit,838,2025-09-19,"{""market_momentum"": -0.0024115466292335963, ""market_volatility"": 0.03242703772174959, ""momentum"": 0.005800813620611578, ""volatility"": 0.044230052996412056, ""volume_state"": 15.250733180293725}",assumed_next_daily_close,26641.000000000004,5,0000004962,0,-0.0024115466292335963,0.03242703772174959,0.005800813620611578,387.3909999999964,0.014541158364926103,100.6346,16.8,20.55,-375.0,f81f7af660b9bf0aa1f7485e,True,0.001841620626151013,543,4.03388365456628e-05,2479000.6,,,,,,,,,,,,,,,,,,,,,,,,,,,,,,,,,,,,,,,,,,,,bounded_preclose_bid_ask,,,,False,not_requested_for_horizon_or_variant,,,,event,covered_call,100,completed,266.41,276.24,False,982.9999999999964,H23,0,AXP,220.609,primary,0.044230052996412056,15.250733180293725,2025
0.048610590966968736,2025-05-07,838,2dd7532e29fac4173013bdd7,time_value,16.574399999999997,O:AXP250919C00280000,1,1,2025-04-29,2025-04-29,143,0.06160587221930942,832,0.0,0.0011999999999999912,2025-04-30,833,True,2025-05-07,838,2025-04-29,27,3522670.0,2025-05-07,scheduled_exit,838,2025-09-19,"{""market_momentum"": -0.0024115466292335963, ""market_volatility"": 0.03242703772174959, ""momentum"": 0.005800813620611578, ""volatility"": 0.044230052996412056, ""volume_state"": 15.250733180293725}",assumed_next_daily_close,26641.000000000004,5,0000004962,0,-0.0024115466292335963,0.03242703772174959,0.005800813620611578,950.4409999999964,0.03567587553019767,15.9846,16.8,0.0,-0.0,f81f7af660b9bf0aa1f7485e,True,0.001841620626151013,543,4.03388365456628e-05,2479000.6,,,,,,,,,,,,,,,,,,,,,,,,,,,,,,,,,,,,,,,,,,,,bounded_preclose_bid_ask,,,,False,not_requested_for_horizon_or_variant,,,,event,covered_call,100,completed,266.41,276.24,True,982.9999999999964,H23,0,AXP,32.559,primary,0.044230052996412056,15.250733180293725,2025
0.048610590966968736,2025-05-14,843,2dd7532e29fac4173013bdd7,time_value,195.506,O:AXP250919C00280000,1,1,2025-04-29,2025-04-29,143,0.06160587221930942,832,0.0,0.008865920948913374,2025-04-30,833,True,2025-05-14,843,2025-04-29,27,3522670.0,2025-05-14,scheduled_exit,843,2025-09-19,"{""market_momentum"": -0.0024115466292335963, ""market_volatility"": 0.03242703772174959, ""momentum"": 0.005800813620611578, ""volatility"": 0.044230052996412056, ""volume_state"": 15.250733180293725}",assumed_next_daily_close,26641.000000000004,10,0000004962,0,-0.0024115466292335963,0.03242703772174959,0.005800813620611578,1215.8594,0.04563865470515371,100.6346,16.8,35.37,-1856.9999999999998,f81f7af660b9bf0aa1f7485e,True,0.001841620626151013,543,4.03388365456628e-05,2479000.6,,,,,,,,,,,,,,,,,,,,,,,,,,,,,,,,,,,,,,,,,,,,bounded_preclose_bid_ask,,,,False,decision_asynchronous_quotes,,,,event,covered_call,100,completed,266.41,300.1,False,3369.0,H23,0,AXP,296.1406,primary,0.044230052996412056,15.250733180293725,2025
0.048610590966968736,2025-05-14,843,2dd7532e29fac4173013bdd7,time_value,18.006,O:AXP250919C00280000,1,1,2025-04-29,2025-04-29,143,0.06160587221930942,832,0.0,0.0011999999999999912,2025-04-30,833,True,2025-05-14,843,2025-04-29,27,3522670.0,2025-05-14,scheduled_exit,843,2025-09-19,"{""market_momentum"": -0.0024115466292335963, ""market_volatility"": 0.03242703772174959, ""momentum"": 0.005800813620611578, ""volatility"": 0.044230052996412056, ""volume_state"": 15.250733180293725}",assumed_next_daily_close,26641.000000000004,10,0000004962,0,-0.0024115466292335963,0.03242703772174959,0.005800813620611578,3335.0094000000004,0.12518334146616117,15.9846,16.8,0.0,-0.0,f81f7af660b9bf0aa1f7485e,True,0.001841620626151013,543,4.03388365456628e-05,2479000.6,,,,,,,,,,,,,,,,,,,,,,,,,,,,,,,,,,,,,,,,,,,,bounded_preclose_bid_ask,,,,False,decision_asynchronous_quotes,,,,event,covered_call,100,completed,266.41,300.1,True,3369.0,H23,0,AXP,33.9906,primary,0.044230052996412056,15.250733180293725,2025
0.048610590966968736,2025-06-03,856,2dd7532e29fac4173013bdd7,time_value,171.2434,O:AXP250919C00280000,1,1,2025-04-29,2025-04-29,143,0.06160587221930942,832,0.0,,2025-04-30,833,False,2025-05-30,854,2025-04-29,27,3522670.0,2025-06-03,scheduled_exit,856,2025-09-19,"{""market_momentum"": -0.0024115466292335963, ""market_volatility"": 0.03242703772174959, ""momentum"": 0.005800813620611578, ""volatility"": 0.044230052996412056, ""volume_state"": 15.250733180293725}",assumed_next_daily_close,26641.000000000004,21,0000004962,3,-0.0024115466292335963,0.03242703772174959,0.005800813620611578,1451.1219999999962,0.05446950189557434,100.6346,16.8,30.55,-1375.0,f81f7af660b9bf0aa1f7485e,False,0.001841620626151013,543,4.03388365456628e-05,2479000.6,,,,,,,,,,,,,,,,,,,,,,,,,,,,,,,,,,,,,,,,,,,,bounded_preclose_bid_ask,,,,False,not_requested_for_horizon_or_variant,,,,event,covered_call,100,completed,266.41,297.39,False,3097.9999999999964,H23,0,AXP,271.87800000000004,primary,0.044230052996412056,15.250733180293725,2025
0.048610590966968736,2025-05-30,854,2dd7532e29fac4173013bdd7,time_value,17.642999999999997,O:AXP250919C00280000,1,1,2025-04-29,2025-04-29,143,0.06160587221930942,832,0.0,0.0011999999999999912,2025-04-30,833,True,2025-05-30,854,2025-04-29,27,3522670.0,2025-05-30,scheduled_exit,854,2025-09-19,"{""market_momentum"": -0.0024115466292335963, ""market_volatility"": 0.03242703772174959, ""momentum"": 0.005800813620611578, ""volatility"": 0.044230052996412056, ""volume_state"": 15.250733180293725}",assumed_next_daily_close,26641.000000000004,21,0000004962,0,-0.0024115466292335963,0.03242703772174959,0.005800813620611578,2730.3723999999966,0.10248760932397419,15.9846,16.8,0.0,-0.0,f81f7af660b9bf0aa1f7485e,True,0.001841620626151013,543,4.03388365456628e-05,2479000.6,,,,,,,,,,,,,,,,,,,,,,,,,,,,,,,,,,,,,,,,,,,,bounded_preclose_bid_ask,,,,False,not_requested_for_horizon_or_variant,,,,event,covered_call,100,completed,266.41,294.05,True,2763.9999999999964,H23,0,AXP,33.6276,primary,0.044230052996412056,15.250733180293725,2025
0.048610590966968736,2025-07-01,875,2dd7532e29fac4173013bdd7,time_value,262.20180000000005,O:AXP250919C00280000,1,1,2025-04-29,2025-04-29,143,0.06160587221930942,832,0.0,,2025-04-30,833,True,2025-07-01,875,2025-04-29,27,3522670.0,2025-07-01,scheduled_exit,875,2025-09-19,"{""market_momentum"": -0.0024115466292335963, ""market_volatility"": 0.03242703772174959, ""momentum"": 0.005800813620611578, ""volatility"": 0.044230052996412056, ""volume_state"": 15.250733180293725}",assumed_next_daily_close,26641.000000000004,42,0000004962,4,-0.0024115466292335963,0.03242703772174959,0.005800813620611578,2085.1635999999935,0.0782689688825492,100.6346,16.8,48.44,-3163.9999999999995,f81f7af660b9bf0aa1f7485e,False,0.001841620626151013,543,4.03388365456628e-05,2479000.6,,,,,,,,,,,,,,,,,,,,,,,,,,,,,,,,,,,,,,,,,,,,bounded_preclose_bid_ask,,,,False,not_requested_for_horizon_or_variant,,,,event,covered_call,100,completed,266.41,322.53,False,5611.999999999993,H23,0,AXP,362.8364,primary,0.044230052996412056,15.250733180293725,2025
0.048610590966968736,2025-07-01,875,2dd7532e29fac4173013bdd7,time_value,19.351799999999997,O:AXP250919C00280000,1,1,2025-04-29,2025-04-29,143,0.06160587221930942,832,0.0,0.0011999999999999912,2025-04-30,833,True,2025-07-01,875,2025-04-29,27,3522670.0,2025-07-01,scheduled_exit,875,2025-09-19,"{""market_momentum"": -0.0024115466292335963, ""market_volatility"": 0.03242703772174959, ""momentum"": 0.005800813620611578, ""volatility"": 0.044230052996412056, ""volume_state"": 15.250733180293725}",assumed_next_daily_close,26641.000000000004,42,0000004962,0,-0.0024115466292335963,0.03242703772174959,0.005800813620611578,5576.663599999993,0.2093263616230619,15.9846,16.8,0.0,-0.0,f81f7af660b9bf0aa1f7485e,True,0.001841620626151013,543,4.03388365456628e-05,2479000.6,,,,,,,,,,,,,,,,,,,,,,,,,,,,,,,,,,,,,,,,,,,,bounded_preclose_bid_ask,,,,False,not_requested_for_horizon_or_variant,,,,event,covered_call,100,completed,266.41,322.53,True,5611.999999999993,H23,0,AXP,35.3364,primary,0.044230052996412056,15.250733180293725,2025
0.048610590966968736,2025-07-31,896,2dd7532e29fac4173013bdd7,time_value,143.3586,O:AXP250919C00280000,1,1,2025-04-29,2025-04-29,143,0.06160587221930942,832,82.0,,2025-04-30,833,True,2025-07-31,896,2025-04-29,27,3522670.0,2025-07-31,scheduled_exit,896,2025-09-19,"{""market_momentum"": -0.0024115466292335963, ""market_volatility"": 0.03242703772174959, ""momentum"": 0.005800813620611578, ""volatility"": 0.044230052996412056, ""volume_state"": 15.250733180293725}",assumed_next_daily_close,26641.000000000004,63,0000004962,6,-0.0024115466292335963,0.03242703772174959,0.005800813620611578,2313.0067999999965,0.08682132052100132,100.6346,16.8,24.95,-814.9999999999999,f81f7af660b9bf0aa1f7485e,False,0.001841620626151013,543,4.03388365456628e-05,2479000.6,,,,,,,,,,,,,,,,,,,,,,,,,,,,,,,,,,,,,,,,,,,,bounded_preclose_bid_ask,,,,False,not_requested_for_horizon_or_variant,,,,event,covered_call,100,completed,266.41,299.31,False,3289.9999999999964,H23,0,AXP,243.9932,primary,0.044230052996412056,15.250733180293725,2025
0.048610590966968736,2025-07-31,896,2dd7532e29fac4173013bdd7,time_value,17.958599999999997,O:AXP250919C00280000,1,1,2025-04-29,2025-04-29,143,0.06160587221930942,832,82.0,0.0011999999999999912,2025-04-30,833,True,2025-07-31,896,2025-04-29,27,3522670.0,2025-07-31,scheduled_exit,896,2025-09-19,"{""market_momentum"": -0.0024115466292335963, ""market_volatility"": 0.03242703772174959, ""momentum"": 0.005800813620611578, ""volatility"": 0.044230052996412056, ""volume_state"": 15.250733180293725}",assumed_next_daily_close,26641.000000000004,63,0000004962,0,-0.0024115466292335963,0.03242703772174959,0.005800813620611578,3338.0567999999967,0.12529772906422418,15.9846,16.8,0.0,-0.0,f81f7af660b9bf0aa1f7485e,True,0.001841620626151013,543,4.03388365456628e-05,2479000.6,,,,,,,,,,,,,,,,,,,,,,,,,,,,,,,,,,,,,,,,,,,,bounded_preclose_bid_ask,,,,False,not_requested_for_horizon_or_variant,,,,event,covered_call,100,completed,266.41,299.31,True,3289.9999999999964,H23,0,AXP,33.9432,primary,0.044230052996412056,15.250733180293725,2025
0.048610590966968736,2025-09-19,931,2dd7532e29fac4173013bdd7,time_value,17.449999999999996,O:AXP250919C00280000,1,1,2025-04-29,2025-04-29,143,0.06160587221930942,832,82.0,,2025-04-30,833,True,2025-09-19,931,2025-04-29,27,3522670.0,2025-09-19,modelled_physical_expiry,931,2025-09-19,"{""market_momentum"": -0.0024115466292335963, ""market_volatility"": 0.03242703772174959, ""momentum"": 0.005800813620611578, ""volatility"": 0.044230052996412056, ""volume_state"": 15.250733180293725}",assumed_next_daily_close,26641.000000000004,expiry,0000004962,7,-0.0024115466292335963,0.03242703772174959,0.005800813620611578,3002.9153999999967,0.11271781840021006,100.6346,16.8,0.0,1680.0,f81f7af660b9bf0aa1f7485e,False,0.001841620626151013,543,4.03388365456628e-05,2479000.6,,,,,,,,,,,,,,,,,,,,,,,,,,,,,,,,,,,,,,,,,,,,bounded_preclose_bid_ask,,,,False,not_requested_for_horizon_or_variant,,,,event,covered_call,100,completed,266.41,280.0,False,1358.9999999999964,H23,0,AXP,118.0846,primary,0.044230052996412056,15.250733180293725,2025
0.048610590966968736,2025-09-19,931,2dd7532e29fac4173013bdd7,time_value,20.4672,O:AXP250919C00280000,1,1,2025-04-29,2025-04-29,143,0.06160587221930942,832,82.0,0.0011999999999999912,2025-04-30,833,True,2025-09-19,931,2025-04-29,27,3522670.0,2025-09-19,scheduled_exit,931,2025-09-19,"{""market_momentum"": -0.0024115466292335963, ""market_volatility"": 0.03242703772174959, ""momentum"": 0.005800813620611578, ""volatility"": 0.044230052996412056, ""volume_state"": 15.250733180293725}",assumed_next_daily_close,26641.000000000004,expiry,0000004962,0,-0.0024115466292335963,0.03242703772174959,0.005800813620611578,7516.5481999999965,0.2821421192898163,15.9846,16.8,0.0,-0.0,f81f7af660b9bf0aa1f7485e,True,0.001841620626151013,543,4.03388365456628e-05,2479000.6,,,,,,,,,,,,,,,,,,,,,,,,,,,,,,,,,,,,,,,,,,,,bounded_preclose_bid_ask,,,,False,not_requested_for_horizon_or_variant,,,,event,covered_call,100,completed,266.41,341.12,True,7470.999999999996,H23,0,AXP,36.4518,primary,0.044230052996412056,15.250733180293725,2025
,,,2f0cea06ce1ff8eac3ffc14b,time_value,,,1,1,2024-10-01,2024-10-01,,,689,,,2024-10-02,690,False,,,2025-03-26,,,,,,,"{""market_momentum"": 0.008763837638376515, ""market_volatility"": 0.008516893617383467, ""momentum"": 0.0753231017770597, ""volatility"": 0.03037397851474746, ""volume_state"": 17.310388834714}",assumed_next_daily_close,,1,0000002488,,0.008763837638376515,0.008516893617383467,0.0753231017770597,,,,,,,ee18e6990f1758a14789ca09,False,,,,,,,,,,,,,,,,,,,,,,,,,,,,,,,,,,,,,,,,,,,,,,,,bounded_preclose_bid_ask,,,,False,not_requested_for_horizon_or_variant,,,no_standard_contract_within_rules,ordinary,protective_put,,no_standard_contract_within_rules,,,False,,H23,0,AMD,,primary,0.03037397851474746,17.310388834714,2024
,,,2f0cea06ce1ff8eac3ffc14b,time_value,,,1,1,2024-10-01,2024-10-01,,,689,,,2024-10-02,690,False,,,2025-03-26,,,,,,,"{""market_momentum"": 0.008763837638376515, ""market_volatility"": 0.008516893617383467, ""momentum"": 0.0753231017770597, ""volatility"": 0.03037397851474746, ""volume_state"": 17.310388834714}",assumed_next_daily_close,,1,0000002488,,0.008763837638376515,0.008516893617383467,0.0753231017770597,,,,,,,ee18e6990f1758a14789ca09,False,,,,,,,,,,,,,,,,,,,,,,,,,,,,,,,,,,,,,,,,,,,,,,,,bounded_preclose_bid_ask,,,,False,not_requested_for_horizon_or_variant,,,no_standard_contract_within_rules,ordinary,protective_put,,no_standard_contract_within_rules,,,True,,H23,0,AMD,,primary,0.03037397851474746,17.310388834714,2024
,,,2f0cea06ce1ff8eac3ffc14b,time_value,,,1,1,2024-10-01,2024-10-01,,,689,,,2024-10-02,690,False,,,2025-03-26,,,,,,,"{""market_momentum"": 0.008763837638376515, ""market_volatility"": 0.008516893617383467, ""momentum"": 0.0753231017770597, ""volatility"": 0.03037397851474746, ""volume_state"": 17.310388834714}",assumed_next_daily_close,,2,0000002488,,0.008763837638376515,0.008516893617383467,0.0753231017770597,,,,,,,ee18e6990f1758a14789ca09,False,,,,,,,,,,,,,,,,,,,,,,,,,,,,,,,,,,,,,,,,,,,,,,,,bounded_preclose_bid_ask,,,,False,not_requested_for_horizon_or_variant,,,no_standard_contract_within_rules,ordinary,protective_put,,no_standard_contract_within_rules,,,False,,H23,0,AMD,,primary,0.03037397851474746,17.310388834714,2024
,,,2f0cea06ce1ff8eac3ffc14b,time_value,,,1,1,2024-10-01,2024-10-01,,,689,,,2024-10-02,690,False,,,2025-03-26,,,,,,,"{""market_momentum"": 0.008763837638376515, ""market_volatility"": 0.008516893617383467, ""momentum"": 0.0753231017770597, ""volatility"": 0.03037397851474746, ""volume_state"": 17.310388834714}",assumed_next_daily_close,,2,0000002488,,0.008763837638376515,0.008516893617383467,0.0753231017770597,,,,,,,ee18e6990f1758a14789ca09,False,,,,,,,,,,,,,,,,,,,,,,,,,,,,,,,,,,,,,,,,,,,,,,,,bounded_preclose_bid_ask,,,,False,not_requested_for_horizon_or_variant,,,no_standard_contract_within_rules,ordinary,protective_put,,no_standard_contract_within_rules,,,True,,H23,0,AMD,,primary,0.03037397851474746,17.310388834714,2024
,,,2f0cea06ce1ff8eac3ffc14b,time_value,,,1,1,2024-10-01,2024-10-01,,,689,,,2024-10-02,690,False,,,2025-03-26,,,,,,,"{""market_momentum"": 0.008763837638376515, ""market_volatility"": 0.008516893617383467, ""momentum"": 0.0753231017770597, ""volatility"": 0.03037397851474746, ""volume_state"": 17.310388834714}",assumed_next_daily_close,,3,0000002488,,0.008763837638376515,0.008516893617383467,0.0753231017770597,,,,,,,ee18e6990f1758a14789ca09,False,,,,,,,,,,,,,,,,,,,,,,,,,,,,,,,,,,,,,,,,,,,,,,,,bounded_preclose_bid_ask,,,,False,not_requested_for_horizon_or_variant,,,no_standard_contract_within_rules,ordinary,protective_put,,no_standard_contract_within_rules,,,False,,H23,0,AMD,,primary,0.03037397851474746,17.310388834714,2024
,,,2f0cea06ce1ff8eac3ffc14b,time_value,,,1,1,2024-10-01,2024-10-01,,,689,,,2024-10-02,690,False,,,2025-03-26,,,,,,,"{""market_momentum"": 0.008763837638376515, ""market_volatility"": 0.008516893617383467, ""momentum"": 0.0753231017770597, ""volatility"": 0.03037397851474746, ""volume_state"": 17.310388834714}",assumed_next_daily_close,,3,0000002488,,0.008763837638376515,0.008516893617383467,0.0753231017770597,,,,,,,ee18e6990f1758a14789ca09,False,,,,,,,,,,,,,,,,,,,,,,,,,,,,,,,,,,,,,,,,,,,,,,,,bounded_preclose_bid_ask,,,,False,not_requested_for_horizon_or_variant,,,no_standard_contract_within_rules,ordinary,protective_put,,no_standard_contract_within_rules,,,True,,H23,0,AMD,,primary,0.03037397851474746,17.310388834714,2024
,,,2f0cea06ce1ff8eac3ffc14b,time_value,,,1,1,2024-10-01,2024-10-01,,,689,,,2024-10-02,690,False,,,2025-03-26,,,,,,,"{""market_momentum"": 0.008763837638376515, ""market_volatility"": 0.008516893617383467, ""momentum"": 0.0753231017770597, ""volatility"": 0.03037397851474746, ""volume_state"": 17.310388834714}",assumed_next_daily_close,,5,0000002488,,0.008763837638376515,0.008516893617383467,0.0753231017770597,,,,,,,ee18e6990f1758a14789ca09,False,,,,,,,,,,,,,,,,,,,,,,,,,,,,,,,,,,,,,,,,,,,,,,,,bounded_preclose_bid_ask,,,,False,not_requested_for_horizon_or_variant,,,no_standard_contract_within_rules,ordinary,protective_put,,no_standard_contract_within_rules,,,False,,H23,0,AMD,,primary,0.03037397851474746,17.310388834714,2024
,,,2f0cea06ce1ff8eac3ffc14b,time_value,,,1,1,2024-10-01,2024-10-01,,,689,,,2024-10-02,690,False,,,2025-03-26,,,,,,,"{""market_momentum"": 0.008763837638376515, ""market_volatility"": 0.008516893617383467, ""momentum"": 0.0753231017770597, ""volatility"": 0.03037397851474746, ""volume_state"": 17.310388834714}",assumed_next_daily_close,,5,0000002488,,0.008763837638376515,0.008516893617383467,0.0753231017770597,,,,,,,ee18e6990f1758a14789ca09,False,,,,,,,,,,,,,,,,,,,,,,,,,,,,,,,,,,,,,,,,,,,,,,,,bounded_preclose_bid_ask,,,,False,not_requested_for_horizon_or_variant,,,no_standard_contract_within_rules,ordinary,protective_put,,no_standard_contract_within_rules,,,True,,H23,0,AMD,,primary,0.03037397851474746,17.310388834714,2024
,,,2f0cea06ce1ff8eac3ffc14b,time_value,,,1,1,2024-10-01,2024-10-01,,,689,,,2024-10-02,690,False,,,2025-03-26,,,,,,,"{""market_momentum"": 0.008763837638376515, ""market_volatility"": 0.008516893617383467, ""momentum"": 0.0753231017770597, ""volatility"": 0.03037397851474746, ""volume_state"": 17.310388834714}",assumed_next_daily_close,,10,0000002488,,0.008763837638376515,0.008516893617383467,0.0753231017770597,,,,,,,ee18e6990f1758a14789ca09,False,,,,,,,,,,,,,,,,,,,,,,,,,,,,,,,,,,,,,,,,,,,,,,,,bounded_preclose_bid_ask,,,,False,not_sampled_or_missing_quotes,,,no_standard_contract_within_rules,ordinary,protective_put,,no_standard_contract_within_rules,,,False,,H23,0,AMD,,primary,0.03037397851474746,17.310388834714,2024
,,,2f0cea06ce1ff8eac3ffc14b,time_value,,,1,1,2024-10-01,2024-10-01,,,689,,,2024-10-02,690,False,,,2025-03-26,,,,,,,"{""market_momentum"": 0.008763837638376515, ""market_volatility"": 0.008516893617383467, ""momentum"": 0.0753231017770597, ""volatility"": 0.03037397851474746, ""volume_state"": 17.310388834714}",assumed_next_daily_close,,10,0000002488,,0.008763837638376515,0.008516893617383467,0.0753231017770597,,,,,,,ee18e6990f1758a14789ca09,False,,,,,,,,,,,,,,,,,,,,,,,,,,,,,,,,,,,,,,,,,,,,,,,,bounded_preclose_bid_ask,,,,False,not_sampled_or_missing_quotes,,,no_standard_contract_within_rules,ordinary,protective_put,,no_standard_contract_within_rules,,,True,,H23,0,AMD,,primary,0.03037397851474746,17.310388834714,2024
,,,2f0cea06ce1ff8eac3ffc14b,time_value,,,1,1,2024-10-01,2024-10-01,,,689,,,2024-10-02,690,False,,,2025-03-26,,,,,,,"{""market_momentum"": 0.008763837638376515, ""market_volatility"": 0.008516893617383467, ""momentum"": 0.0753231017770597, ""volatility"": 0.03037397851474746, ""volume_state"": 17.310388834714}",assumed_next_daily_close,,21,0000002488,,0.008763837638376515,0.008516893617383467,0.0753231017770597,,,,,,,ee18e6990f1758a14789ca09,False,,,,,,,,,,,,,,,,,,,,,,,,,,,,,,,,,,,,,,,,,,,,,,,,bounded_preclose_bid_ask,,,,False,not_requested_for_horizon_or_variant,,,no_standard_contract_within_rules,ordinary,protective_put,,no_standard_contract_within_rules,,,False,,H23,0,AMD,,primary,0.03037397851474746,17.310388834714,2024
,,,2f0cea06ce1ff8eac3ffc14b,time_value,,,1,1,2024-10-01,2024-10-01,,,689,,,2024-10-02,690,False,,,2025-03-26,,,,,,,"{""market_momentum"": 0.008763837638376515, ""market_volatility"": 0.008516893617383467, ""momentum"": 0.0753231017770597, ""volatility"": 0.03037397851474746, ""volume_state"": 17.310388834714}",assumed_next_daily_close,,21,0000002488,,0.008763837638376515,0.008516893617383467,0.0753231017770597,,,,,,,ee18e6990f1758a14789ca09,False,,,,,,,,,,,,,,,,,,,,,,,,,,,,,,,,,,,,,,,,,,,,,,,,bounded_preclose_bid_ask,,,,False,not_requested_for_horizon_or_variant,,,no_standard_contract_within_rules,ordinary,protective_put,,no_standard_contract_within_rules,,,True,,H23,0,AMD,,primary,0.03037397851474746,17.310388834714,2024
,,,2f0cea06ce1ff8eac3ffc14b,time_value,,,1,1,2024-10-01,2024-10-01,,,689,,,2024-10-02,690,False,,,2025-03-26,,,,,,,"{""market_momentum"": 0.008763837638376515, ""market_volatility"": 0.008516893617383467, ""momentum"": 0.0753231017770597, ""volatility"": 0.03037397851474746, ""volume_state"": 17.310388834714}",assumed_next_daily_close,,42,0000002488,,0.008763837638376515,0.008516893617383467,0.0753231017770597,,,,,,,ee18e6990f1758a14789ca09,False,,,,,,,,,,,,,,,,,,,,,,,,,,,,,,,,,,,,,,,,,,,,,,,,bounded_preclose_bid_ask,,,,False,not_requested_for_horizon_or_variant,,,no_standard_contract_within_rules,ordinary,protective_put,,no_standard_contract_within_rules,,,False,,H23,0,AMD,,primary,0.03037397851474746,17.310388834714,2024
,,,2f0cea06ce1ff8eac3ffc14b,time_value,,,1,1,2024-10-01,2024-10-01,,,689,,,2024-10-02,690,False,,,2025-03-26,,,,,,,"{""market_momentum"": 0.008763837638376515, ""market_volatility"": 0.008516893617383467, ""momentum"": 0.0753231017770597, ""volatility"": 0.03037397851474746, ""volume_state"": 17.310388834714}",assumed_next_daily_close,,42,0000002488,,0.008763837638376515,0.008516893617383467,0.0753231017770597,,,,,,,ee18e6990f1758a14789ca09,False,,,,,,,,,,,,,,,,,,,,,,,,,,,,,,,,,,,,,,,,,,,,,,,,bounded_preclose_bid_ask,,,,False,not_requested_for_horizon_or_variant,,,no_standard_contract_within_rules,ordinary,protective_put,,no_standard_contract_within_rules,,,True,,H23,0,AMD,,primary,0.03037397851474746,17.310388834714,2024
,,,2f0cea06ce1ff8eac3ffc14b,time_value,,,1,1,2024-10-01,2024-10-01,,,689,,,2024-10-02,690,False,,,2025-03-26,,,,,,,"{""market_momentum"": 0.008763837638376515, ""market_volatility"": 0.008516893617383467, ""momentum"": 0.0753231017770597, ""volatility"": 0.03037397851474746, ""volume_state"": 17.310388834714}",assumed_next_daily_close,,63,0000002488,,0.008763837638376515,0.008516893617383467,0.0753231017770597,,,,,,,ee18e6990f1758a14789ca09,False,,,,,,,,,,,,,,,,,,,,,,,,,,,,,,,,,,,,,,,,,,,,,,,,bounded_preclose_bid_ask,,,,False,not_requested_for_horizon_or_variant,,,no_standard_contract_within_rules,ordinary,protective_put,,no_standard_contract_within_rules,,,False,,H23,0,AMD,,primary,0.03037397851474746,17.310388834714,2024
,,,2f0cea06ce1ff8eac3ffc14b,time_value,,,1,1,2024-10-01,2024-10-01,,,689,,,2024-10-02,690,False,,,2025-03-26,,,,,,,"{""market_momentum"": 0.008763837638376515, ""market_volatility"": 0.008516893617383467, ""momentum"": 0.0753231017770597, ""volatility"": 0.03037397851474746, ""volume_state"": 17.310388834714}",assumed_next_daily_close,,63,0000002488,,0.008763837638376515,0.008516893617383467,0.0753231017770597,,,,,,,ee18e6990f1758a14789ca09,False,,,,,,,,,,,,,,,,,,,,,,,,,,,,,,,,,,,,,,,,,,,,,,,,bounded_preclose_bid_ask,,,,False,not_requested_for_horizon_or_variant,,,no_standard_contract_within_rules,ordinary,protective_put,,no_standard_contract_within_rules,,,True,,H23,0,AMD,,primary,0.03037397851474746,17.310388834714,2024
,,,2f0cea06ce1ff8eac3ffc14b,time_value,,,1,1,2024-10-01,2024-10-01,,,689,,,2024-10-02,690,False,,,2025-03-26,,,,,,,"{""market_momentum"": 0.008763837638376515, ""market_volatility"": 0.008516893617383467, ""momentum"": 0.0753231017770597, ""volatility"": 0.03037397851474746, ""volume_state"": 17.310388834714}",assumed_next_daily_close,,expiry,0000002488,,0.008763837638376515,0.008516893617383467,0.0753231017770597,,,,,,,ee18e6990f1758a14789ca09,False,,,,,,,,,,,,,,,,,,,,,,,,,,,,,,,,,,,,,,,,,,,,,,,,bounded_preclose_bid_ask,,,,False,not_requested_for_horizon_or_variant,,,no_standard_contract_within_rules,ordinary,protective_put,,no_standard_contract_within_rules,,,False,,H23,0,AMD,,primary,0.03037397851474746,17.310388834714,2024
,,,2f0cea06ce1ff8eac3ffc14b,time_value,,,1,1,2024-10-01,2024-10-01,,,689,,,2024-10-02,690,False,,,2025-03-26,,,,,,,"{""market_momentum"": 0.008763837638376515, ""market_volatility"": 0.008516893617383467, ""momentum"": 0.0753231017770597, ""volatility"": 0.03037397851474746, ""volume_state"": 17.310388834714}",assumed_next_daily_close,,expiry,0000002488,,0.008763837638376515,0.008516893617383467,0.0753231017770597,,,,,,,ee18e6990f1758a14789ca09,False,,,,,,,,,,,,,,,,,,,,,,,,,,,,,,,,,,,,,,,,,,,,,,,,bounded_preclose_bid_ask,,,,False,not_requested_for_horizon_or_variant,,,no_standard_contract_within_rules,ordinary,protective_put,,no_standard_contract_within_rules,,,True,,H23,0,AMD,,primary,0.03037397851474746,17.310388834714,2024
,,,3dfd69ef4daacb30b6e5cd11,time_value,,,1,1,2025-02-03,2025-02-03,,,773,,,2025-02-04,774,False,,,2025-02-03,,,,,,,"{""market_momentum"": 0.019946082446082425, ""market_volatility"": 0.008586738747058094, ""momentum"": 0.06651167492166166, ""volatility"": 0.014510064104480346, ""volume_state"": 14.792503336108494}",assumed_next_daily_close,,1,0000004962,,0.019946082446082425,0.008586738747058094,0.06651167492166166,,,,,,,578221006b234f3d17eb9f93,False,,,,,,,,,,,,,,,,,,,,,,,,,,,,,,,,,,,,,,,,,,,,,,,,bounded_preclose_bid_ask,,,,False,not_requested_for_horizon_or_variant,,,thin_prior_option_volume,event,covered_call,,thin_prior_option_volume,,,False,,H23,0,AXP,,primary,0.014510064104480346,14.792503336108494,2025
,,,3dfd69ef4daacb30b6e5cd11,time_value,,,1,1,2025-02-03,2025-02-03,,,773,,,2025-02-04,774,False,,,2025-02-03,,,,,,,"{""market_momentum"": 0.019946082446082425, ""market_volatility"": 0.008586738747058094, ""momentum"": 0.06651167492166166, ""volatility"": 0.014510064104480346, ""volume_state"": 14.792503336108494}",assumed_next_daily_close,,1,0000004962,,0.019946082446082425,0.008586738747058094,0.06651167492166166,,,,,,,578221006b234f3d17eb9f93,False,,,,,,,,,,,,,,,,,,,,,,,,,,,,,,,,,,,,,,,,,,,,,,,,bounded_preclose_bid_ask,,,,False,not_requested_for_horizon_or_variant,,,thin_prior_option_volume,event,covered_call,,thin_prior_option_volume,,,True,,H23,0,AXP,,primary,0.014510064104480346,14.792503336108494,2025
,,,3dfd69ef4daacb30b6e5cd11,time_value,,,1,1,2025-02-03,2025-02-03,,,773,,,2025-02-04,774,False,,,2025-02-03,,,,,,,"{""market_momentum"": 0.019946082446082425, ""market_volatility"": 0.008586738747058094, ""momentum"": 0.06651167492166166, ""volatility"": 0.014510064104480346, ""volume_state"": 14.792503336108494}",assumed_next_daily_close,,2,0000004962,,0.019946082446082425,0.008586738747058094,0.06651167492166166,,,,,,,578221006b234f3d17eb9f93,False,,,,,,,,,,,,,,,,,,,,,,,,,,,,,,,,,,,,,,,,,,,,,,,,bounded_preclose_bid_ask,,,,False,not_requested_for_horizon_or_variant,,,thin_prior_option_volume,event,covered_call,,thin_prior_option_volume,,,False,,H23,0,AXP,,primary,0.014510064104480346,14.792503336108494,2025
,,,3dfd69ef4daacb30b6e5cd11,time_value,,,1,1,2025-02-03,2025-02-03,,,773,,,2025-02-04,774,False,,,2025-02-03,,,,,,,"{""market_momentum"": 0.019946082446082425, ""market_volatility"": 0.008586738747058094, ""momentum"": 0.06651167492166166, ""volatility"": 0.014510064104480346, ""volume_state"": 14.792503336108494}",assumed_next_daily_close,,2,0000004962,,0.019946082446082425,0.008586738747058094,0.06651167492166166,,,,,,,578221006b234f3d17eb9f93,False,,,,,,,,,,,,,,,,,,,,,,,,,,,,,,,,,,,,,,,,,,,,,,,,bounded_preclose_bid_ask,,,,False,not_requested_for_horizon_or_variant,,,thin_prior_option_volume,event,covered_call,,thin_prior_option_volume,,,True,,H23,0,AXP,,primary,0.014510064104480346,14.792503336108494,2025
,,,3dfd69ef4daacb30b6e5cd11,time_value,,,1,1,2025-02-03,2025-02-03,,,773,,,2025-02-04,774,False,,,2025-02-03,,,,,,,"{""market_momentum"": 0.019946082446082425, ""market_volatility"": 0.008586738747058094, ""momentum"": 0.06651167492166166, ""volatility"": 0.014510064104480346, ""volume_state"": 14.792503336108494}",assumed_next_daily_close,,3,0000004962,,0.019946082446082425,0.008586738747058094,0.06651167492166166,,,,,,,578221006b234f3d17eb9f93,False,,,,,,,,,,,,,,,,,,,,,,,,,,,,,,,,,,,,,,,,,,,,,,,,bounded_preclose_bid_ask,,,,False,not_requested_for_horizon_or_variant,,,thin_prior_option_volume,event,covered_call,,thin_prior_option_volume,,,False,,H23,0,AXP,,primary,0.014510064104480346,14.792503336108494,2025
,,,3dfd69ef4daacb30b6e5cd11,time_value,,,1,1,2025-02-03,2025-02-03,,,773,,,2025-02-04,774,False,,,2025-02-03,,,,,,,"{""market_momentum"": 0.019946082446082425, ""market_volatility"": 0.008586738747058094, ""momentum"": 0.06651167492166166, ""volatility"": 0.014510064104480346, ""volume_state"": 14.792503336108494}",assumed_next_daily_close,,3,0000004962,,0.019946082446082425,0.008586738747058094,0.06651167492166166,,,,,,,578221006b234f3d17eb9f93,False,,,,,,,,,,,,,,,,,,,,,,,,,,,,,,,,,,,,,,,,,,,,,,,,bounded_preclose_bid_ask,,,,False,not_requested_for_horizon_or_variant,,,thin_prior_option_volume,event,covered_call,,thin_prior_option_volume,,,True,,H23,0,AXP,,primary,0.014510064104480346,14.792503336108494,2025
,,,3dfd69ef4daacb30b6e5cd11,time_value,,,1,1,2025-02-03,2025-02-03,,,773,,,2025-02-04,774,False,,,2025-02-03,,,,,,,"{""market_momentum"": 0.019946082446082425, ""market_volatility"": 0.008586738747058094, ""momentum"": 0.06651167492166166, ""volatility"": 0.014510064104480346, ""volume_state"": 14.792503336108494}",assumed_next_daily_close,,5,0000004962,,0.019946082446082425,0.008586738747058094,0.06651167492166166,,,,,,,578221006b234f3d17eb9f93,False,,,,,,,,,,,,,,,,,,,,,,,,,,,,,,,,,,,,,,,,,,,,,,,,bounded_preclose_bid_ask,,,,False,not_requested_for_horizon_or_variant,,,thin_prior_option_volume,event,covered_call,,thin_prior_option_volume,,,False,,H23,0,AXP,,primary,0.014510064104480346,14.792503336108494,2025
,,,3dfd69ef4daacb30b6e5cd11,time_value,,,1,1,2025-02-03,2025-02-03,,,773,,,2025-02-04,774,False,,,2025-02-03,,,,,,,"{""market_momentum"": 0.019946082446082425, ""market_volatility"": 0.008586738747058094, ""momentum"": 0.06651167492166166, ""volatility"": 0.014510064104480346, ""volume_state"": 14.792503336108494}",assumed_next_daily_close,,5,0000004962,,0.019946082446082425,0.008586738747058094,0.06651167492166166,,,,,,,578221006b234f3d17eb9f93,False,,,,,,,,,,,,,,,,,,,,,,,,,,,,,,,,,,,,,,,,,,,,,,,,bounded_preclose_bid_ask,,,,False,not_requested_for_horizon_or_variant,,,thin_prior_option_volume,event,covered_call,,thin_prior_option_volume,,,True,,H23,0,AXP,,primary,0.014510064104480346,14.792503336108494,2025
,,,3dfd69ef4daacb30b6e5cd11,time_value,,,1,1,2025-02-03,2025-02-03,,,773,,,2025-02-04,774,False,,,2025-02-03,,,,,,,"{""market_momentum"": 0.019946082446082425, ""market_volatility"": 0.008586738747058094, ""momentum"": 0.06651167492166166, ""volatility"": 0.014510064104480346, ""volume_state"": 14.792503336108494}",assumed_next_daily_close,,10,0000004962,,0.019946082446082425,0.008586738747058094,0.06651167492166166,,,,,,,578221006b234f3d17eb9f93,False,,,,,,,,,,,,,,,,,,,,,,,,,,,,,,,,,,,,,,,,,,,,,,,,bounded_preclose_bid_ask,,,,False,bar_outcome_not_completed,,,thin_prior_option_volume,event,covered_call,,thin_prior_option_volume,,,False,,H23,0,AXP,,primary,0.014510064104480346,14.792503336108494,2025
,,,3dfd69ef4daacb30b6e5cd11,time_value,,,1,1,2025-02-03,2025-02-03,,,773,,,2025-02-04,774,False,,,2025-02-03,,,,,,,"{""market_momentum"": 0.019946082446082425, ""market_volatility"": 0.008586738747058094, ""momentum"": 0.06651167492166166, ""volatility"": 0.014510064104480346, ""volume_state"": 14.792503336108494}",assumed_next_daily_close,,10,0000004962,,0.019946082446082425,0.008586738747058094,0.06651167492166166,,,,,,,578221006b234f3d17eb9f93,False,,,,,,,,,,,,,,,,,,,,,,,,,,,,,,,,,,,,,,,,,,,,,,,,bounded_preclose_bid_ask,,,,False,bar_outcome_not_completed,,,thin_prior_option_volume,event,covered_call,,thin_prior_option_volume,,,True,,H23,0,AXP,,primary,0.014510064104480346,14.792503336108494,2025
,,,3dfd69ef4daacb30b6e5cd11,time_value,,,1,1,2025-02-03,2025-02-03,,,773,,,2025-02-04,774,False,,,2025-02-03,,,,,,,"{""market_momentum"": 0.019946082446082425, ""market_volatility"": 0.008586738747058094, ""momentum"": 0.06651167492166166, ""volatility"": 0.014510064104480346, ""volume_state"": 14.792503336108494}",assumed_next_daily_close,,21,0000004962,,0.019946082446082425,0.008586738747058094,0.06651167492166166,,,,,,,578221006b234f3d17eb9f93,False,,,,,,,,,,,,,,,,,,,,,,,,,,,,,,,,,,,,,,,,,,,,,,,,bounded_preclose_bid_ask,,,,False,not_requested_for_horizon_or_variant,,,thin_prior_option_volume,event,covered_call,,thin_prior_option_volume,,,False,,H23,0,AXP,,primary,0.014510064104480346,14.792503336108494,2025
,,,3dfd69ef4daacb30b6e5cd11,time_value,,,1,1,2025-02-03,2025-02-03,,,773,,,2025-02-04,774,False,,,2025-02-03,,,,,,,"{""market_momentum"": 0.019946082446082425, ""market_volatility"": 0.008586738747058094, ""momentum"": 0.06651167492166166, ""volatility"": 0.014510064104480346, ""volume_state"": 14.792503336108494}",assumed_next_daily_close,,21,0000004962,,0.019946082446082425,0.008586738747058094,0.06651167492166166,,,,,,,578221006b234f3d17eb9f93,False,,,,,,,,,,,,,,,,,,,,,,,,,,,,,,,,,,,,,,,,,,,,,,,,bounded_preclose_bid_ask,,,,False,not_requested_for_horizon_or_variant,,,thin_prior_option_volume,event,covered_call,,thin_prior_option_volume,,,True,,H23,0,AXP,,primary,0.014510064104480346,14.792503336108494,2025
,,,3dfd69ef4daacb30b6e5cd11,time_value,,,1,1,2025-02-03,2025-02-03,,,773,,,2025-02-04,774,False,,,2025-02-03,,,,,,,"{""market_momentum"": 0.019946082446082425, ""market_volatility"": 0.008586738747058094, ""momentum"": 0.06651167492166166, ""volatility"": 0.014510064104480346, ""volume_state"": 14.792503336108494}",assumed_next_daily_close,,42,0000004962,,0.019946082446082425,0.008586738747058094,0.06651167492166166,,,,,,,578221006b234f3d17eb9f93,False,,,,,,,,,,,,,,,,,,,,,,,,,,,,,,,,,,,,,,,,,,,,,,,,bounded_preclose_bid_ask,,,,False,not_requested_for_horizon_or_variant,,,thin_prior_option_volume,event,covered_call,,thin_prior_option_volume,,,False,,H23,0,AXP,,primary,0.014510064104480346,14.792503336108494,2025
,,,3dfd69ef4daacb30b6e5cd11,time_value,,,1,1,2025-02-03,2025-02-03,,,773,,,2025-02-04,774,False,,,2025-02-03,,,,,,,"{""market_momentum"": 0.019946082446082425, ""market_volatility"": 0.008586738747058094, ""momentum"": 0.06651167492166166, ""volatility"": 0.014510064104480346, ""volume_state"": 14.792503336108494}",assumed_next_daily_close,,42,0000004962,,0.019946082446082425,0.008586738747058094,0.06651167492166166,,,,,,,578221006b234f3d17eb9f93,False,,,,,,,,,,,,,,,,,,,,,,,,,,,,,,,,,,,,,,,,,,,,,,,,bounded_preclose_bid_ask,,,,False,not_requested_for_horizon_or_variant,,,thin_prior_option_volume,event,covered_call,,thin_prior_option_volume,,,True,,H23,0,AXP,,primary,0.014510064104480346,14.792503336108494,2025
,,,3dfd69ef4daacb30b6e5cd11,time_value,,,1,1,2025-02-03,2025-02-03,,,773,,,2025-02-04,774,False,,,2025-02-03,,,,,,,"{""market_momentum"": 0.019946082446082425, ""market_volatility"": 0.008586738747058094, ""momentum"": 0.06651167492166166, ""volatility"": 0.014510064104480346, ""volume_state"": 14.792503336108494}",assumed_next_daily_close,,63,0000004962,,0.019946082446082425,0.008586738747058094,0.06651167492166166,,,,,,,578221006b234f3d17eb9f93,False,,,,,,,,,,,,,,,,,,,,,,,,,,,,,,,,,,,,,,,,,,,,,,,,bounded_preclose_bid_ask,,,,False,not_requested_for_horizon_or_variant,,,thin_prior_option_volume,event,covered_call,,thin_prior_option_volume,,,False,,H23,0,AXP,,primary,0.014510064104480346,14.792503336108494,2025
,,,3dfd69ef4daacb30b6e5cd11,time_value,,,1,1,2025-02-03,2025-02-03,,,773,,,2025-02-04,774,False,,,2025-02-03,,,,,,,"{""market_momentum"": 0.019946082446082425, ""market_volatility"": 0.008586738747058094, ""momentum"": 0.06651167492166166, ""volatility"": 0.014510064104480346, ""volume_state"": 14.792503336108494}",assumed_next_daily_close,,63,0000004962,,0.019946082446082425,0.008586738747058094,0.06651167492166166,,,,,,,578221006b234f3d17eb9f93,False,,,,,,,,,,,,,,,,,,,,,,,,,,,,,,,,,,,,,,,,,,,,,,,,bounded_preclose_bid_ask,,,,False,not_requested_for_horizon_or_variant,,,thin_prior_option_volume,event,covered_call,,thin_prior_option_volume,,,True,,H23,0,AXP,,primary,0.014510064104480346,14.792503336108494,2025
,,,3dfd69ef4daacb30b6e5cd11,time_value,,,1,1,2025-02-03,2025-02-03,,,773,,,2025-02-04,774,False,,,2025-02-03,,,,,,,"{""market_momentum"": 0.019946082446082425, ""market_volatility"": 0.008586738747058094, ""momentum"": 0.06651167492166166, ""volatility"": 0.014510064104480346, ""volume_state"": 14.792503336108494}",assumed_next_daily_close,,expiry,0000004962,,0.019946082446082425,0.008586738747058094,0.06651167492166166,,,,,,,578221006b234f3d17eb9f93,False,,,,,,,,,,,,,,,,,,,,,,,,,,,,,,,,,,,,,,,,,,,,,,,,bounded_preclose_bid_ask,,,,False,not_requested_for_horizon_or_variant,,,thin_prior_option_volume,event,covered_call,,thin_prior_option_volume,,,False,,H23,0,AXP,,primary,0.014510064104480346,14.792503336108494,2025
,,,3dfd69ef4daacb30b6e5cd11,time_value,,,1,1,2025-02-03,2025-02-03,,,773,,,2025-02-04,774,False,,,2025-02-03,,,,,,,"{""market_momentum"": 0.019946082446082425, ""market_volatility"": 0.008586738747058094, ""momentum"": 0.06651167492166166, ""volatility"": 0.014510064104480346, ""volume_state"": 14.792503336108494}",assumed_next_daily_close,,expiry,0000004962,,0.019946082446082425,0.008586738747058094,0.06651167492166166,,,,,,,578221006b234f3d17eb9f93,False,,,,,,,,,,,,,,,,,,,,,,,,,,,,,,,,,,,,,,,,,,,,,,,,bounded_preclose_bid_ask,,,,False,not_requested_for_horizon_or_variant,,,thin_prior_option_volume,event,covered_call,,thin_prior_option_volume,,,True,,H23,0,AXP,,primary,0.014510064104480346,14.792503336108494,2025
,,,46844fded2ce56dc9984b947,time_value,,,1,1,2023-11-09,2023-11-09,,,466,,,2023-11-10,467,False,,,2024-04-29,,,,,,,"{""market_momentum"": -0.0056839017235057465, ""market_volatility"": 0.009333956393016686, ""momentum"": 0.005676192990561768, ""volatility"": 0.016885114209320155, ""volume_state"": 15.004428446468827}",assumed_next_daily_close,,1,0000004962,,-0.0056839017235057465,0.009333956393016686,0.005676192990561768,,,,,,,c413f50e9e0949687bdf1398,False,,,,,,,,,,,,,,,,,,,,,,,,,,,,,,,,,,,,,,,,,,,,,,,,bounded_preclose_bid_ask,,,,False,not_requested_for_horizon_or_variant,,,thin_prior_option_volume,ordinary,covered_call,,thin_prior_option_volume,,,False,,H23,0,AXP,,primary,0.016885114209320155,15.004428446468827,2023
,,,46844fded2ce56dc9984b947,time_value,,,1,1,2023-11-09,2023-11-09,,,466,,,2023-11-10,467,False,,,2024-04-29,,,,,,,"{""market_momentum"": -0.0056839017235057465, ""market_volatility"": 0.009333956393016686, ""momentum"": 0.005676192990561768, ""volatility"": 0.016885114209320155, ""volume_state"": 15.004428446468827}",assumed_next_daily_close,,1,0000004962,,-0.0056839017235057465,0.009333956393016686,0.005676192990561768,,,,,,,c413f50e9e0949687bdf1398,False,,,,,,,,,,,,,,,,,,,,,,,,,,,,,,,,,,,,,,,,,,,,,,,,bounded_preclose_bid_ask,,,,False,not_requested_for_horizon_or_variant,,,thin_prior_option_volume,ordinary,covered_call,,thin_prior_option_volume,,,True,,H23,0,AXP,,primary,0.016885114209320155,15.004428446468827,2023
,,,46844fded2ce56dc9984b947,time_value,,,1,1,2023-11-09,2023-11-09,,,466,,,2023-11-10,467,False,,,2024-04-29,,,,,,,"{""market_momentum"": -0.0056839017235057465, ""market_volatility"": 0.009333956393016686, ""momentum"": 0.005676192990561768, ""volatility"": 0.016885114209320155, ""volume_state"": 15.004428446468827}",assumed_next_daily_close,,2,0000004962,,-0.0056839017235057465,0.009333956393016686,0.005676192990561768,,,,,,,c413f50e9e0949687bdf1398,False,,,,,,,,,,,,,,,,,,,,,,,,,,,,,,,,,,,,,,,,,,,,,,,,bounded_preclose_bid_ask,,,,False,not_requested_for_horizon_or_variant,,,thin_prior_option_volume,ordinary,covered_call,,thin_prior_option_volume,,,False,,H23,0,AXP,,primary,0.016885114209320155,15.004428446468827,2023
,,,46844fded2ce56dc9984b947,time_value,,,1,1,2023-11-09,2023-11-09,,,466,,,2023-11-10,467,False,,,2024-04-29,,,,,,,"{""market_momentum"": -0.0056839017235057465, ""market_volatility"": 0.009333956393016686, ""momentum"": 0.005676192990561768, ""volatility"": 0.016885114209320155, ""volume_state"": 15.004428446468827}",assumed_next_daily_close,,2,0000004962,,-0.0056839017235057465,0.009333956393016686,0.005676192990561768,,,,,,,c413f50e9e0949687bdf1398,False,,,,,,,,,,,,,,,,,,,,,,,,,,,,,,,,,,,,,,,,,,,,,,,,bounded_preclose_bid_ask,,,,False,not_requested_for_horizon_or_variant,,,thin_prior_option_volume,ordinary,covered_call,,thin_prior_option_volume,,,True,,H23,0,AXP,,primary,0.016885114209320155,15.004428446468827,2023
,,,46844fded2ce56dc9984b947,time_value,,,1,1,2023-11-09,2023-11-09,,,466,,,2023-11-10,467,False,,,2024-04-29,,,,,,,"{""market_momentum"": -0.0056839017235057465, ""market_volatility"": 0.009333956393016686, ""momentum"": 0.005676192990561768, ""volatility"": 0.016885114209320155, ""volume_state"": 15.004428446468827}",assumed_next_daily_close,,3,0000004962,,-0.0056839017235057465,0.009333956393016686,0.005676192990561768,,,,,,,c413f50e9e0949687bdf1398,False,,,,,,,,,,,,,,,,,,,,,,,,,,,,,,,,,,,,,,,,,,,,,,,,bounded_preclose_bid_ask,,,,False,not_requested_for_horizon_or_variant,,,thin_prior_option_volume,ordinary,covered_call,,thin_prior_option_volume,,,False,,H23,0,AXP,,primary,0.016885114209320155,15.004428446468827,2023
,,,46844fded2ce56dc9984b947,time_value,,,1,1,2023-11-09,2023-11-09,,,466,,,2023-11-10,467,False,,,2024-04-29,,,,,,,"{""market_momentum"": -0.0056839017235057465, ""market_volatility"": 0.009333956393016686, ""momentum"": 0.005676192990561768, ""volatility"": 0.016885114209320155, ""volume_state"": 15.004428446468827}",assumed_next_daily_close,,3,0000004962,,-0.0056839017235057465,0.009333956393016686,0.005676192990561768,,,,,,,c413f50e9e0949687bdf1398,False,,,,,,,,,,,,,,,,,,,,,,,,,,,,,,,,,,,,,,,,,,,,,,,,bounded_preclose_bid_ask,,,,False,not_requested_for_horizon_or_variant,,,thin_prior_option_volume,ordinary,covered_call,,thin_prior_option_volume,,,True,,H23,0,AXP,,primary,0.016885114209320155,15.004428446468827,2023
,,,46844fded2ce56dc9984b947,time_value,,,1,1,2023-11-09,2023-11-09,,,466,,,2023-11-10,467,False,,,2024-04-29,,,,,,,"{""market_momentum"": -0.0056839017235057465, ""market_volatility"": 0.009333956393016686, ""momentum"": 0.005676192990561768, ""volatility"": 0.016885114209320155, ""volume_state"": 15.004428446468827}",assumed_next_daily_close,,5,0000004962,,-0.0056839017235057465,0.009333956393016686,0.005676192990561768,,,,,,,c413f50e9e0949687bdf1398,False,,,,,,,,,,,,,,,,,,,,,,,,,,,,,,,,,,,,,,,,,,,,,,,,bounded_preclose_bid_ask,,,,False,not_requested_for_horizon_or_variant,,,thin_prior_option_volume,ordinary,covered_call,,thin_prior_option_volume,,,False,,H23,0,AXP,,primary,0.016885114209320155,15.004428446468827,2023
,,,46844fded2ce56dc9984b947,time_value,,,1,1,2023-11-09,2023-11-09,,,466,,,2023-11-10,467,False,,,2024-04-29,,,,,,,"{""market_momentum"": -0.0056839017235057465, ""market_volatility"": 0.009333956393016686, ""momentum"": 0.005676192990561768, ""volatility"": 0.016885114209320155, ""volume_state"": 15.004428446468827}",assumed_next_daily_close,,5,0000004962,,-0.0056839017235057465,0.009333956393016686,0.005676192990561768,,,,,,,c413f50e9e0949687bdf1398,False,,,,,,,,,,,,,,,,,,,,,,,,,,,,,,,,,,,,,,,,,,,,,,,,bounded_preclose_bid_ask,,,,False,not_requested_for_horizon_or_variant,,,thin_prior_option_volume,ordinary,covered_call,,thin_prior_option_volume,,,True,,H23,0,AXP,,primary,0.016885114209320155,15.004428446468827,2023
,,,46844fded2ce56dc9984b947,time_value,,,1,1,2023-11-09,2023-11-09,,,466,,,2023-11-10,467,False,,,2024-04-29,,,,,,,"{""market_momentum"": -0.0056839017235057465, ""market_volatility"": 0.009333956393016686, ""momentum"": 0.005676192990561768, ""volatility"": 0.016885114209320155, ""volume_state"": 15.004428446468827}",assumed_next_daily_close,,10,0000004962,,-0.0056839017235057465,0.009333956393016686,0.005676192990561768,,,,,,,c413f50e9e0949687bdf1398,False,,,,,,,,,,,,,,,,,,,,,,,,,,,,,,,,,,,,,,,,,,,,,,,,bounded_preclose_bid_ask,,,,False,bar_outcome_not_completed,,,thin_prior_option_volume,ordinary,covered_call,,thin_prior_option_volume,,,False,,H23,0,AXP,,primary,0.016885114209320155,15.004428446468827,2023
,,,46844fded2ce56dc9984b947,time_value,,,1,1,2023-11-09,2023-11-09,,,466,,,2023-11-10,467,False,,,2024-04-29,,,,,,,"{""market_momentum"": -0.0056839017235057465, ""market_volatility"": 0.009333956393016686, ""momentum"": 0.005676192990561768, ""volatility"": 0.016885114209320155, ""volume_state"": 15.004428446468827}",assumed_next_daily_close,,10,0000004962,,-0.0056839017235057465,0.009333956393016686,0.005676192990561768,,,,,,,c413f50e9e0949687bdf1398,False,,,,,,,,,,,,,,,,,,,,,,,,,,,,,,,,,,,,,,,,,,,,,,,,bounded_preclose_bid_ask,,,,False,bar_outcome_not_completed,,,thin_prior_option_volume,ordinary,covered_call,,thin_prior_option_volume,,,True,,H23,0,AXP,,primary,0.016885114209320155,15.004428446468827,2023
,,,46844fded2ce56dc9984b947,time_value,,,1,1,2023-11-09,2023-11-09,,,466,,,2023-11-10,467,False,,,2024-04-29,,,,,,,"{""market_momentum"": -0.0056839017235057465, ""market_volatility"": 0.009333956393016686, ""momentum"": 0.005676192990561768, ""volatility"": 0.016885114209320155, ""volume_state"": 15.004428446468827}",assumed_next_daily_close,,21,0000004962,,-0.0056839017235057465,0.009333956393016686,0.005676192990561768,,,,,,,c413f50e9e0949687bdf1398,False,,,,,,,,,,,,,,,,,,,,,,,,,,,,,,,,,,,,,,,,,,,,,,,,bounded_preclose_bid_ask,,,,False,not_requested_for_horizon_or_variant,,,thin_prior_option_volume,ordinary,covered_call,,thin_prior_option_volume,,,False,,H23,0,AXP,,primary,0.016885114209320155,15.004428446468827,2023
,,,46844fded2ce56dc9984b947,time_value,,,1,1,2023-11-09,2023-11-09,,,466,,,2023-11-10,467,False,,,2024-04-29,,,,,,,"{""market_momentum"": -0.0056839017235057465, ""market_volatility"": 0.009333956393016686, ""momentum"": 0.005676192990561768, ""volatility"": 0.016885114209320155, ""volume_state"": 15.004428446468827}",assumed_next_daily_close,,21,0000004962,,-0.0056839017235057465,0.009333956393016686,0.005676192990561768,,,,,,,c413f50e9e0949687bdf1398,False,,,,,,,,,,,,,,,,,,,,,,,,,,,,,,,,,,,,,,,,,,,,,,,,bounded_preclose_bid_ask,,,,False,not_requested_for_horizon_or_variant,,,thin_prior_option_volume,ordinary,covered_call,,thin_prior_option_volume,,,True,,H23,0,AXP,,primary,0.016885114209320155,15.004428446468827,2023
,,,46844fded2ce56dc9984b947,time_value,,,1,1,2023-11-09,2023-11-09,,,466,,,2023-11-10,467,False,,,2024-04-29,,,,,,,"{""market_momentum"": -0.0056839017235057465, ""market_volatility"": 0.009333956393016686, ""momentum"": 0.005676192990561768, ""volatility"": 0.016885114209320155, ""volume_state"": 15.004428446468827}",assumed_next_daily_close,,42,0000004962,,-0.0056839017235057465,0.009333956393016686,0.005676192990561768,,,,,,,c413f50e9e0949687bdf1398,False,,,,,,,,,,,,,,,,,,,,,,,,,,,,,,,,,,,,,,,,,,,,,,,,bounded_preclose_bid_ask,,,,False,not_requested_for_horizon_or_variant,,,thin_prior_option_volume,ordinary,covered_call,,thin_prior_option_volume,,,False,,H23,0,AXP,,primary,0.016885114209320155,15.004428446468827,2023
,,,46844fded2ce56dc9984b947,time_value,,,1,1,2023-11-09,2023-11-09,,,466,,,2023-11-10,467,False,,,2024-04-29,,,,,,,"{""market_momentum"": -0.0056839017235057465, ""market_volatility"": 0.009333956393016686, ""momentum"": 0.005676192990561768, ""volatility"": 0.016885114209320155, ""volume_state"": 15.004428446468827}",assumed_next_daily_close,,42,0000004962,,-0.0056839017235057465,0.009333956393016686,0.005676192990561768,,,,,,,c413f50e9e0949687bdf1398,False,,,,,,,,,,,,,,,,,,,,,,,,,,,,,,,,,,,,,,,,,,,,,,,,bounded_preclose_bid_ask,,,,False,not_requested_for_horizon_or_variant,,,thin_prior_option_volume,ordinary,covered_call,,thin_prior_option_volume,,,True,,H23,0,AXP,,primary,0.016885114209320155,15.004428446468827,2023
,,,46844fded2ce56dc9984b947,time_value,,,1,1,2023-11-09,2023-11-09,,,466,,,2023-11-10,467,False,,,2024-04-29,,,,,,,"{""market_momentum"": -0.0056839017235057465, ""market_volatility"": 0.009333956393016686, ""momentum"": 0.005676192990561768, ""volatility"": 0.016885114209320155, ""volume_state"": 15.004428446468827}",assumed_next_daily_close,,63,0000004962,,-0.0056839017235057465,0.009333956393016686,0.005676192990561768,,,,,,,c413f50e9e0949687bdf1398,False,,,,,,,,,,,,,,,,,,,,,,,,,,,,,,,,,,,,,,,,,,,,,,,,bounded_preclose_bid_ask,,,,False,not_requested_for_horizon_or_variant,,,thin_prior_option_volume,ordinary,covered_call,,thin_prior_option_volume,,,False,,H23,0,AXP,,primary,0.016885114209320155,15.004428446468827,2023
,,,46844fded2ce56dc9984b947,time_value,,,1,1,2023-11-09,2023-11-09,,,466,,,2023-11-10,467,False,,,2024-04-29,,,,,,,"{""market_momentum"": -0.0056839017235057465, ""market_volatility"": 0.009333956393016686, ""momentum"": 0.005676192990561768, ""volatility"": 0.016885114209320155, ""volume_state"": 15.004428446468827}",assumed_next_daily_close,,63,0000004962,,-0.0056839017235057465,0.009333956393016686,0.005676192990561768,,,,,,,c413f50e9e0949687bdf1398,False,,,,,,,,,,,,,,,,,,,,,,,,,,,,,,,,,,,,,,,,,,,,,,,,bounded_preclose_bid_ask,,,,False,not_requested_for_horizon_or_variant,,,thin_prior_option_volume,ordinary,covered_call,,thin_prior_option_volume,,,True,,H23,0,AXP,,primary,0.016885114209320155,15.004428446468827,2023
,,,46844fded2ce56dc9984b947,time_value,,,1,1,2023-11-09,2023-11-09,,,466,,,2023-11-10,467,False,,,2024-04-29,,,,,,,"{""market_momentum"": -0.0056839017235057465, ""market_volatility"": 0.009333956393016686, ""momentum"": 0.005676192990561768, ""volatility"": 0.016885114209320155, ""volume_state"": 15.004428446468827}",assumed_next_daily_close,,expiry,0000004962,,-0.0056839017235057465,0.009333956393016686,0.005676192990561768,,,,,,,c413f50e9e0949687bdf1398,False,,,,,,,,,,,,,,,,,,,,,,,,,,,,,,,,,,,,,,,,,,,,,,,,bounded_preclose_bid_ask,,,,False,not_requested_for_horizon_or_variant,,,thin_prior_option_volume,ordinary,covered_call,,thin_prior_option_volume,,,False,,H23,0,AXP,,primary,0.016885114209320155,15.004428446468827,2023
,,,46844fded2ce56dc9984b947,time_value,,,1,1,2023-11-09,2023-11-09,,,466,,,2023-11-10,467,False,,,2024-04-29,,,,,,,"{""market_momentum"": -0.0056839017235057465, ""market_volatility"": 0.009333956393016686, ""momentum"": 0.005676192990561768, ""volatility"": 0.016885114209320155, ""volume_state"": 15.004428446468827}",assumed_next_daily_close,,expiry,0000004962,,-0.0056839017235057465,0.009333956393016686,0.005676192990561768,,,,,,,c413f50e9e0949687bdf1398,False,,,,,,,,,,,,,,,,,,,,,,,,,,,,,,,,,,,,,,,,,,,,,,,,bounded_preclose_bid_ask,,,,False,not_requested_for_horizon_or_variant,,,thin_prior_option_volume,ordinary,covered_call,,thin_prior_option_volume,,,True,,H23,0,AXP,,primary,0.016885114209320155,15.004428446468827,2023
0.052222538148042785,2025-02-05,775,471941aad2598a58e96719fe,time_value,69.7318,O:AXP250620P00300000,1,1,2025-02-03,2025-02-03,137,0.03525732158089281,773,0.0,0.0047715416521547545,2025-02-04,774,True,2025-02-05,775,2025-02-03,1,1884457.0,2025-02-05,scheduled_exit,775,2025-06-20,"{""market_momentum"": 0.019946082446082425, ""market_volatility"": 0.008586738747058094, ""momentum"": 0.06651167492166166, ""volatility"": 0.014510064104480346, ""volume_state"": 14.792503336108494}",assumed_next_daily_close,31583.0,1,0000004962,0,0.019946082446082425,0.008586738747058094,0.06651167492166166,206.91839999999632,0.006551575214514021,75.3498,11.15,9.97,-117.99999999999997,578221006b234f3d17eb9f93,True,0.005714285714285714,175,4.08577579648522e-05,2447515.6,,,,,,,,,,,,,,,,,,,,,,,,,,,,,,,,,,,,,,,,,,,,bounded_preclose_bid_ask,,,,False,not_requested_for_horizon_or_variant,,,,event,protective_put,100,completed,315.83,320.53,False,469.99999999999636,H23,0,AXP,145.0816,primary,0.014510064104480346,14.792503336108494,2025
0.052222538148042785,2025-02-05,775,471941aad2598a58e96719fe,time_value,19.231799999999996,O:AXP250620P00300000,1,1,2025-02-03,2025-02-03,137,0.03525732158089281,773,0.0,0.0011999999999999524,2025-02-04,774,True,2025-02-05,775,2025-02-03,1,1884457.0,2025-02-05,scheduled_exit,775,2025-06-20,"{""market_momentum"": 0.019946082446082425, ""market_volatility"": 0.008586738747058094, ""momentum"": 0.06651167492166166, ""volatility"": 0.014510064104480346, ""volume_state"": 14.792503336108494}",assumed_next_daily_close,31583.0,1,0000004962,0,0.019946082446082425,0.008586738747058094,0.06651167492166166,431.81839999999636,0.013672494696513831,18.9498,11.15,0.0,-0.0,578221006b234f3d17eb9f93,True,0.005714285714285714,175,4.08577579648522e-05,2447515.6,,,,,,,,,,,,,,,,,,,,,,,,,,,,,,,,,,,,,,,,,,,,bounded_preclose_bid_ask,,,,False,not_requested_for_horizon_or_variant,,,,event,protective_put,100,completed,315.83,320.53,True,469.99999999999636,H23,0,AXP,38.181599999999996,primary,0.014510064104480346,14.792503336108494,2025
0.052222538148042785,2025-02-06,776,471941aad2598a58e96719fe,time_value,69.809,O:AXP250620P00300000,1,1,2025-02-03,2025-02-03,137,0.03525732158089281,773,0.0,0.0047715416521547545,2025-02-04,774,True,2025-02-06,776,2025-02-03,1,1884457.0,2025-02-06,scheduled_exit,776,2025-06-20,"{""market_momentum"": 0.019946082446082425, ""market_volatility"": 0.008586738747058094, ""momentum"": 0.06651167492166166, ""volatility"": 0.014510064104480346, ""volume_state"": 14.792503336108494}",assumed_next_daily_close,31583.0,2,0000004962,0,0.019946082446082425,0.008586738747058094,0.06651167492166166,170.84119999999635,0.005409277142766563,75.3498,11.15,9.99,-116.00000000000001,578221006b234f3d17eb9f93,True,0.005714285714285714,175,4.08577579648522e-05,2447515.6,,,,,,,,,,,,,,,,,,,,,,,,,,,,,,,,,,,,,,,,,,,,bounded_preclose_bid_ask,,,,False,not_requested_for_horizon_or_variant,,,,event,protective_put,100,completed,315.83,320.15,False,431.99999999999636,H23,0,AXP,145.15879999999999,primary,0.014510064104480346,14.792503336108494,2025
0.052222538148042785,2025-02-06,776,471941aad2598a58e96719fe,time_value,19.208999999999996,O:AXP250620P00300000,1,1,2025-02-03,2025-02-03,137,0.03525732158089281,773,0.0,0.0011999999999999524,2025-02-04,774,True,2025-02-06,776,2025-02-03,1,1884457.0,2025-02-06,scheduled_exit,776,2025-06-20,"{""market_momentum"": 0.019946082446082425, ""market_volatility"": 0.008586738747058094, ""momentum"": 0.06651167492166166, ""volatility"": 0.014510064104480346, ""volume_state"": 14.792503336108494}",assumed_next_daily_close,31583.0,2,0000004962,0,0.019946082446082425,0.008586738747058094,0.06651167492166166,393.8411999999964,0.012470037678497812,18.9498,11.15,0.0,-0.0,578221006b234f3d17eb9f93,True,0.005714285714285714,175,4.08577579648522e-05,2447515.6,,,,,,,,,,,,,,,,,,,,,,,,,,,,,,,,,,,,,,,,,,,,bounded_preclose_bid_ask,,,,False,not_requested_for_horizon_or_variant,,,,event,protective_put,100,completed,315.83,320.15,True,431.99999999999636,H23,0,AXP,38.1588,primary,0.014510064104480346,14.792503336108494,2025
0.052222538148042785,2025-02-07,777,471941aad2598a58e96719fe,time_value,71.1562,O:AXP250620P00300000,1,1,2025-02-03,2025-02-03,137,0.03525732158089281,773,0.0,0.0047715416521547545,2025-02-04,774,True,2025-02-07,777,2025-02-03,1,1884457.0,2025-02-07,scheduled_exit,777,2025-06-20,"{""market_momentum"": 0.019946082446082425, ""market_volatility"": 0.008586738747058094, ""momentum"": 0.06651167492166166, ""volatility"": 0.014510064104480346, ""volume_state"": 14.792503336108494}",assumed_next_daily_close,31583.0,3,0000004962,0,0.019946082446082425,0.008586738747058094,0.06651167492166166,-137.50599999999997,-0.004353797929265744,75.3498,11.15,10.3,-84.99999999999997,578221006b234f3d17eb9f93,True,0.005714285714285714,175,4.08577579648522e-05,2447515.6,,,,,,,,,,,,,,,,,,,,,,,,,,,,,,,,,,,,,,,,,,,,bounded_preclose_bid_ask,,,,False,not_requested_for_horizon_or_variant,,,,event,protective_put,100,completed,315.83,316.77,False,94.0,H23,0,AXP,146.506,primary,0.014510064104480346,14.792503336108494,2025
0.052222538148042785,2025-02-07,777,471941aad2598a58e96719fe,time_value,19.0062,O:AXP250620P00300000,1,1,2025-02-03,2025-02-03,137,0.03525732158089281,773,0.0,0.0011999999999999524,2025-02-04,774,True,2025-02-07,777,2025-02-03,1,1884457.0,2025-02-07,scheduled_exit,777,2025-06-20,"{""market_momentum"": 0.019946082446082425, ""market_volatility"": 0.008586738747058094, ""momentum"": 0.06651167492166166, ""volatility"": 0.014510064104480346, ""volume_state"": 14.792503336108494}",assumed_next_daily_close,31583.0,3,0000004962,0,0.019946082446082425,0.008586738747058094,0.06651167492166166,56.044000000000004,0.0017744989393027896,18.9498,11.15,0.0,-0.0,578221006b234f3d17eb9f93,True,0.005714285714285714,175,4.08577579648522e-05,2447515.6,,,,,,,,,,,,,,,,,,,,,,,,,,,,,,,,,,,,,,,,,,,,bounded_preclose_bid_ask,,,,False,not_requested_for_horizon_or_variant,,,,event,protective_put,100,completed,315.83,316.77,True,94.0,H23,0,AXP,37.956,primary,0.014510064104480346,14.792503336108494,2025
0.052222538148042785,2025-02-11,779,471941aad2598a58e96719fe,time_value,82.3742,O:AXP250620P00300000,1,1,2025-02-03,2025-02-03,137,0.03525732158089281,773,0.0,0.020128676819808122,2025-02-04,774,True,2025-02-11,779,2025-02-03,1,1884457.0,2025-02-11,scheduled_exit,779,2025-06-20,"{""market_momentum"": 0.019946082446082425, ""market_volatility"": 0.008586738747058094, ""momentum"": 0.06651167492166166, ""volatility"": 0.014510064104480346, ""volume_state"": 14.792503336108494}",assumed_next_daily_close,31583.0,5,0000004962,0,0.019946082446082425,0.008586738747058094,0.06651167492166166,-635.7239999999999,-0.020128676819808122,75.3498,11.15,12.63,148.00000000000006,578221006b234f3d17eb9f93,True,0.005714285714285714,175,4.08577579648522e-05,2447515.6,,,,,,,,,,,,,,,,,,,,,,,,,,,,,,,,,,,,,,,,,,,,bounded_preclose_bid_ask,,,,False,not_requested_for_horizon_or_variant,,,,event,protective_put,100,completed,315.83,309.57,False,-626.0,H23,0,AXP,157.724,primary,0.014510064104480346,14.792503336108494,2025
0.052222538148042785,2025-02-11,779,471941aad2598a58e96719fe,time_value,18.574199999999998,O:AXP250620P00300000,1,1,2025-02-03,2025-02-03,137,0.03525732158089281,773,0.0,0.021008897191527088,2025-02-04,774,True,2025-02-11,779,2025-02-03,1,1884457.0,2025-02-11,scheduled_exit,779,2025-06-20,"{""market_momentum"": 0.019946082446082425, ""market_volatility"": 0.008586738747058094, ""momentum"": 0.06651167492166166, ""volatility"": 0.014510064104480346, ""volume_state"": 14.792503336108494}",assumed_next_daily_close,31583.0,5,0000004962,0,0.019946082446082425,0.008586738747058094,0.06651167492166166,-663.524,-0.021008897191527088,18.9498,11.15,0.0,-0.0,578221006b234f3d17eb9f93,True,0.005714285714285714,175,4.08577579648522e-05,2447515.6,,,,,,,,,,,,,,,,,,,,,,,,,,,,,,,,,,,,,,,,,,,,bounded_preclose_bid_ask,,,,False,not_requested_for_horizon_or_variant,,,,event,protective_put,100,completed,315.83,309.57,True,-626.0,H23,0,AXP,37.524,primary,0.014510064104480346,14.792503336108494,2025
0.052222538148042785,2025-02-19,784,471941aad2598a58e96719fe,time_value,78.5452,O:AXP250620P00300000,1,1,2025-02-03,2025-02-03,137,0.03525732158089281,773,0.0,0.02739238831016709,2025-02-04,774,True,2025-02-19,784,2025-02-03,1,1884457.0,2025-02-19,scheduled_exit,784,2025-06-20,"{""market_momentum"": 0.019946082446082425, ""market_volatility"": 0.008586738747058094, ""momentum"": 0.06651167492166166, ""volatility"": 0.014510064104480346, ""volume_state"": 14.792503336108494}",assumed_next_daily_close,31583.0,10,0000004962,0,0.019946082446082425,0.008586738747058094,0.06651167492166166,-673.8950000000001,-0.021337270050343544,75.3498,11.15,11.86,70.99999999999991,578221006b234f3d17eb9f93,True,0.005714285714285714,175,4.08577579648522e-05,2447515.6,,0.950832896,11.25,20,10.4,31,0.0785219399538106,0.000502528,316.43,1400,316.42,800,3.16030654973245e-05,,,,,,,,,,,,,,,,,,,,,,,,,,,,,,,bounded_preclose_bid_ask,,,,False,entry_asynchronous_quotes,,,,event,protective_put,100,completed,315.83,309.92,False,-591.0,H23,0,AXP,153.89499999999998,primary,0.014510064104480346,14.792503336108494,2025
0.052222538148042785,2025-02-19,784,471941aad2598a58e96719fe,time_value,18.5952,O:AXP250620P00300000,1,1,2025-02-03,2025-02-03,137,0.03525732158089281,773,0.0,0.031039920210239755,2025-02-04,774,True,2025-02-19,784,2025-02-03,1,1884457.0,2025-02-19,scheduled_exit,784,2025-06-20,"{""market_momentum"": 0.019946082446082425, ""market_volatility"": 0.008586738747058094, ""momentum"": 0.06651167492166166, ""volatility"": 0.014510064104480346, ""volume_state"": 14.792503336108494}",assumed_next_daily_close,31583.0,10,0000004962,0,0.019946082446082425,0.008586738747058094,0.06651167492166166,-628.545,-0.019901370990722856,18.9498,11.15,0.0,-0.0,578221006b234f3d17eb9f93,True,0.005714285714285714,175,4.08577579648522e-05,2447515.6,,0.950832896,11.25,20,10.4,31,0.0785219399538106,0.000502528,316.43,1400,316.42,800,3.16030654973245e-05,,,,,,,,,,,,,,,,,,,,,,,,,,,,,,,bounded_preclose_bid_ask,,,,False,entry_asynchronous_quotes,,,,event,protective_put,100,completed,315.83,309.92,True,-591.0,H23,0,AXP,37.545,primary,0.014510064104480346,14.792503336108494,2025
0.052222538148042785,2025-03-06,795,471941aad2598a58e96719fe,time_value,172.1884,O:AXP250620P00300000,1,1,2025-02-03,2025-02-03,137,0.03525732158089281,773,0.0,0.07223943893866953,2025-02-04,774,True,2025-03-06,795,2025-02-03,1,1884457.0,2025-03-06,scheduled_exit,795,2025-06-20,"{""market_momentum"": 0.019946082446082425, ""market_volatility"": 0.008586738747058094, ""momentum"": 0.06651167492166166, ""volatility"": 0.014510064104480346, ""volume_state"": 14.792503336108494}",assumed_next_daily_close,31583.0,21,0000004962,0,0.019946082446082425,0.008586738747058094,0.06651167492166166,-2281.5382,-0.07223943893866953,75.3498,11.15,31,1985.0000000000002,578221006b234f3d17eb9f93,True,0.005714285714285714,175,4.08577579648522e-05,2447515.6,,,,,,,,,,,,,,,,,,,,,,,,,,,,,,,,,,,,,,,,,,,,bounded_preclose_bid_ask,,,,False,not_requested_for_horizon_or_variant,,,,event,protective_put,100,completed,315.83,275.64,False,-4019.0,H23,0,AXP,247.53820000000002,primary,0.014510064104480346,14.792503336108494,2025
0.052222538148042785,2025-03-06,795,471941aad2598a58e96719fe,time_value,16.5384,O:AXP250620P00300000,1,1,2025-02-03,2025-02-03,137,0.03525732158089281,773,0.0,0.12837565145806287,2025-02-04,774,True,2025-03-06,795,2025-02-03,1,1884457.0,2025-03-06,scheduled_exit,795,2025-06-20,"{""market_momentum"": 0.019946082446082425, ""market_volatility"": 0.008586738747058094, ""momentum"": 0.06651167492166166, ""volatility"": 0.014510064104480346, ""volume_state"": 14.792503336108494}",assumed_next_daily_close,31583.0,21,0000004962,0,0.019946082446082425,0.008586738747058094,0.06651167492166166,-4054.4882,-0.12837565145806287,18.9498,11.15,0.0,-0.0,578221006b234f3d17eb9f93,True,0.005714285714285714,175,4.08577579648522e-05,2447515.6,,,,,,,,,,,,,,,,,,,,,,,,,,,,,,,,,,,,,,,,,,,,bounded_preclose_bid_ask,,,,False,not_requested_for_horizon_or_variant,,,,event,protective_put,100,completed,315.83,275.64,True,-4019.0,H23,0,AXP,35.4882,primary,0.014510064104480346,14.792503336108494,2025
0.052222538148042785,2025-04-04,816,471941aad2598a58e96719fe,time_value,352.2708,O:AXP250620P00300000,1,1,2025-02-03,2025-02-03,137,0.03525732158089281,773,82.0,,2025-02-04,774,True,2025-04-04,816,2025-02-03,1,1884457.0,2025-04-04,scheduled_exit,816,2025-06-20,"{""market_momentum"": 0.019946082446082425, ""market_volatility"": 0.008586738747058094, ""momentum"": 0.06651167492166166, ""volatility"": 0.014510064104480346, ""volume_state"": 14.792503336108494}",assumed_next_daily_close,31583.0,42,0000004962,4,0.019946082446082425,0.008586738747058094,0.06651167492166166,-2923.6206,-0.09256943925529558,75.3498,11.15,67.52,5637.0,578221006b234f3d17eb9f93,False,0.005714285714285714,175,4.08577579648522e-05,2447515.6,,,,,,,,,,,,,,,,,,,,,,,,,,,,,,,,,,,,,,,,,,,,bounded_preclose_bid_ask,,,,False,not_requested_for_horizon_or_variant,,,,event,protective_put,100,completed,315.83,233.68,False,-8215.0,H23,0,AXP,427.6206,primary,0.014510064104480346,14.792503336108494,2025
0.052222538148042785,2025-04-04,816,471941aad2598a58e96719fe,time_value,14.0208,O:AXP250620P00300000,1,1,2025-02-03,2025-02-03,137,0.03525732158089281,773,82.0,0.2585558876610835,2025-02-04,774,True,2025-04-04,816,2025-02-03,1,1884457.0,2025-04-04,scheduled_exit,816,2025-06-20,"{""market_momentum"": 0.019946082446082425, ""market_volatility"": 0.008586738747058094, ""momentum"": 0.06651167492166166, ""volatility"": 0.014510064104480346, ""volume_state"": 14.792503336108494}",assumed_next_daily_close,31583.0,42,0000004962,0,0.019946082446082425,0.008586738747058094,0.06651167492166166,-8165.970600000001,-0.2585558876610835,18.9498,11.15,0.0,-0.0,578221006b234f3d17eb9f93,True,0.005714285714285714,175,4.08577579648522e-05,2447515.6,,,,,,,,,,,,,,,,,,,,,,,,,,,,,,,,,,,,,,,,,,,,bounded_preclose_bid_ask,,,,False,not_requested_for_horizon_or_variant,,,,event,protective_put,100,completed,315.83,233.68,True,-8215.0,H23,0,AXP,32.9706,primary,0.014510064104480346,14.792503336108494,2025
0.052222538148042785,2025-05-07,838,471941aad2598a58e96719fe,time_value,140.0244,O:AXP250620P00300000,1,1,2025-02-03,2025-02-03,137,0.03525732158089281,773,82.0,,2025-02-04,774,False,2025-05-06,837,2025-02-03,1,1884457.0,2025-05-07,scheduled_exit,838,2025-06-20,"{""market_momentum"": 0.019946082446082425, ""market_volatility"": 0.008586738747058094, ""momentum"": 0.06651167492166166, ""volatility"": 0.014510064104480346, ""volume_state"": 14.792503336108494}",assumed_next_daily_close,31583.0,63,0000004962,7,0.019946082446082425,0.008586738747058094,0.06651167492166166,-2751.3742,-0.0871156698223728,75.3498,11.15,24.56,1340.9999999999998,578221006b234f3d17eb9f93,False,0.005714285714285714,175,4.08577579648522e-05,2447515.6,,,,,,,,,,,,,,,,,,,,,,,,,,,,,,,,,,,,,,,,,,,,bounded_preclose_bid_ask,,,,False,not_requested_for_horizon_or_variant,,,,event,protective_put,100,completed,315.83,276.24,False,-3959.0,H23,0,AXP,215.37420000000003,primary,0.014510064104480346,14.792503336108494,2025
0.052222538148042785,2025-05-06,837,471941aad2598a58e96719fe,time_value,16.522199999999998,O:AXP250620P00300000,1,1,2025-02-03,2025-02-03,137,0.03525732158089281,773,82.0,0.26580227337491685,2025-02-04,774,True,2025-05-06,837,2025-02-03,1,1884457.0,2025-05-06,scheduled_exit,837,2025-06-20,"{""market_momentum"": 0.019946082446082425, ""market_volatility"": 0.008586738747058094, ""momentum"": 0.06651167492166166, ""volatility"": 0.014510064104480346, ""volume_state"": 14.792503336108494}",assumed_next_daily_close,31583.0,63,0000004962,0,0.019946082446082425,0.008586738747058094,0.06651167492166166,-3999.4719999999998,-0.12663369534243105,18.9498,11.15,0.0,-0.0,578221006b234f3d17eb9f93,True,0.005714285714285714,175,4.08577579648522e-05,2447515.6,,,,,,,,,,,,,,,,,,,,,,,,,,,,,,,,,,,,,,,,,,,,bounded_preclose_bid_ask,,,,False,not_requested_for_horizon_or_variant,,,,event,protective_put,100,completed,315.83,275.37,True,-4046.0,H23,0,AXP,35.471999999999994,primary,0.014510064104480346,14.792503336108494,2025
0.052222538148042785,2025-06-20,868,471941aad2598a58e96719fe,time_value,18.65,O:AXP250620P00300000,1,1,2025-02-03,2025-02-03,137,0.03525732158089281,773,82.0,,2025-02-04,774,True,2025-06-20,868,2025-02-03,1,1884457.0,2025-06-20,modelled_physical_expiry,868,2025-06-20,"{""market_momentum"": 0.019946082446082425, ""market_volatility"": 0.008586738747058094, ""momentum"": 0.06651167492166166, ""volatility"": 0.014510064104480346, ""volume_state"": 14.792503336108494}",assumed_next_daily_close,31583.0,expiry,0000004962,7,0.019946082446082425,0.008586738747058094,0.06651167492166166,-2709.9998,-0.08580564860842858,75.3498,11.15,0.0,-1115.0,578221006b234f3d17eb9f93,False,0.005714285714285714,175,4.08577579648522e-05,2447515.6,,,,,,,,,,,,,,,,,,,,,,,,,,,,,,,,,,,,,,,,,,,,bounded_preclose_bid_ask,,,,False,not_requested_for_horizon_or_variant,,,,event,protective_put,100,completed,315.83,300.0,False,-1583.0,H23,0,AXP,93.9998,primary,0.014510064104480346,14.792503336108494,2025
0.052222538148042785,2025-06-20,868,471941aad2598a58e96719fe,time_value,17.915399999999995,O:AXP250620P00300000,1,1,2025-02-03,2025-02-03,137,0.03525732158089281,773,82.0,0.26580227337491685,2025-02-04,774,True,2025-06-20,868,2025-02-03,1,1884457.0,2025-06-20,scheduled_exit,868,2025-06-20,"{""market_momentum"": 0.019946082446082425, ""market_volatility"": 0.008586738747058094, ""momentum"": 0.06651167492166166, ""volatility"": 0.014510064104480346, ""volume_state"": 14.792503336108494}",assumed_next_daily_close,31583.0,expiry,0000004962,0,0.019946082446082425,0.008586738747058094,0.06651167492166166,-1678.8652000000038,-0.053157242820504824,18.9498,11.15,0.0,-0.0,578221006b234f3d17eb9f93,True,0.005714285714285714,175,4.08577579648522e-05,2447515.6,,,,,,,,,,,,,,,,,,,,,,,,,,,,,,,,,,,,,,,,,,,,bounded_preclose_bid_ask,,,,False,not_requested_for_horizon_or_variant,,,,event,protective_put,100,completed,315.83,298.59,True,-1724.0000000000036,H23,0,AXP,36.865199999999994,primary,0.014510064104480346,14.792503336108494,2025
0.047100462836918044,2025-03-28,811,4a3424ab01ba6b7c9d7fc4dc,time_value,58.343199999999996,O:AMD250718P00105000,1,1,2025-03-26,2025-03-26,114,0.07033306107632271,809,0.0,0.02638464135021096,2025-03-27,810,True,2025-03-28,811,2025-03-26,711,32773714.0,2025-03-28,scheduled_exit,811,2025-07-18,"{""market_momentum"": -0.04316437802907913, ""market_volatility"": 0.013089707290464835, ""momentum"": 0.05992689495959991, ""volatility"": 0.02922169279562864, ""volume_state"": 17.38886569546928}",assumed_next_daily_close,10665.0,1,0000002488,0,-0.04316437802907913,0.013089707290464835,0.05992689495959991,-281.3921999999999,-0.02638464135021096,50.049,8.6,10.3,170.0000000000001,ee18e6990f1758a14789ca09,True,0.0012004801920768306,833,2.901127565004376e-06,34469356.4,,,,,,,,,,,,,,,,,,,,,,,,,,,,,,,,,,,,,,,,,,,,bounded_preclose_bid_ask,,,,False,not_requested_for_horizon_or_variant,,,,event,protective_put,100,completed,106.65,103.22,False,-343.0,H23,0,AMD,108.3922,primary,0.02922169279562864,17.38886569546928,2025
0.047100462836918044,2025-03-28,811,4a3424ab01ba6b7c9d7fc4dc,time_value,6.193199999999999,O:AMD250718P00105000,1,1,2025-03-26,2025-03-26,114,0.07033306107632271,809,0.0,0.03334197843413033,2025-03-27,810,True,2025-03-28,811,2025-03-26,711,32773714.0,2025-03-28,scheduled_exit,811,2025-07-18,"{""market_momentum"": -0.04316437802907913, ""market_volatility"": 0.013089707290464835, ""momentum"": 0.05992689495959991, ""volatility"": 0.02922169279562864, ""volume_state"": 17.38886569546928}",assumed_next_daily_close,10665.0,1,0000002488,0,-0.04316437802907913,0.013089707290464835,0.05992689495959991,-355.5922,-0.03334197843413033,6.398999999999999,8.6,0.0,-0.0,ee18e6990f1758a14789ca09,True,0.0012004801920768306,833,2.901127565004376e-06,34469356.4,,,,,,,,,,,,,,,,,,,,,,,,,,,,,,,,,,,,,,,,,,,,bounded_preclose_bid_ask,,,,False,not_requested_for_horizon_or_variant,,,,event,protective_put,100,completed,106.65,103.22,True,-343.0,H23,0,AMD,12.592199999999998,primary,0.02922169279562864,17.38886569546928,2025
0.047100462836918044,2025-03-31,812,4a3424ab01ba6b7c9d7fc4dc,time_value,61.3644,O:AMD250718P00105000,1,1,2025-03-26,2025-03-26,114,0.07033306107632271,809,0.0,0.026384641350211055,2025-03-27,810,True,2025-03-31,812,2025-03-26,711,32773714.0,2025-03-31,scheduled_exit,812,2025-07-18,"{""market_momentum"": -0.04316437802907913, ""market_volatility"": 0.013089707290464835, ""momentum"": 0.05992689495959991, ""volatility"": 0.02922169279562864, ""volume_state"": 17.38886569546928}",assumed_next_daily_close,10665.0,2,0000002488,0,-0.04316437802907913,0.013089707290464835,0.05992689495959991,-271.41339999999997,-0.025448982653539613,50.049,8.6,10.91,231.00000000000006,ee18e6990f1758a14789ca09,True,0.0012004801920768306,833,2.901127565004376e-06,34469356.4,,,,,,,,,,,,,,,,,,,,,,,,,,,,,,,,,,,,,,,,,,,,bounded_preclose_bid_ask,,,,False,not_requested_for_horizon_or_variant,,,,event,protective_put,100,completed,106.65,102.74,False,-391.0,H23,0,AMD,111.4134,primary,0.02922169279562864,17.38886569546928,2025
0.047100462836918044,2025-03-31,812,4a3424ab01ba6b7c9d7fc4dc,time_value,6.1644,O:AMD250718P00105000,1,1,2025-03-26,2025-03-26,114,0.07033306107632271,809,0.0,0.03783998124706985,2025-03-27,810,True,2025-03-31,812,2025-03-26,711,32773714.0,2025-03-31,scheduled_exit,812,2025-07-18,"{""market_momentum"": -0.04316437802907913, ""market_volatility"": 0.013089707290464835, ""momentum"": 0.05992689495959991, ""volatility"": 0.02922169279562864, ""volume_state"": 17.38886569546928}",assumed_next_daily_close,10665.0,2,0000002488,0,-0.04316437802907913,0.013089707290464835,0.05992689495959991,-403.5634,-0.03783998124706985,6.398999999999999,8.6,0.0,-0.0,ee18e6990f1758a14789ca09,True,0.0012004801920768306,833,2.901127565004376e-06,34469356.4,,,,,,,,,,,,,,,,,,,,,,,,,,,,,,,,,,,,,,,,,,,,bounded_preclose_bid_ask,,,,False,not_requested_for_horizon_or_variant,,,,event,protective_put,100,completed,106.65,102.74,True,-391.0,H23,0,AMD,12.563399999999998,primary,0.02922169279562864,17.38886569546928,2025
0.047100462836918044,2025-04-01,813,4a3424ab01ba6b7c9d7fc4dc,time_value,62.3168,O:AMD250718P00105000,1,1,2025-03-26,2025-03-26,114,0.07033306107632271,809,0.0,0.026384641350211055,2025-03-27,810,True,2025-04-01,813,2025-03-26,711,32773714.0,2025-04-01,scheduled_exit,813,2025-07-18,"{""market_momentum"": -0.04316437802907913, ""market_volatility"": 0.013089707290464835, ""momentum"": 0.05992689495959991, ""volatility"": 0.02922169279562864, ""volume_state"": 17.38886569546928}",assumed_next_daily_close,10665.0,3,0000002488,0,-0.04316437802907913,0.013089707290464835,0.05992689495959991,-249.3658,-0.023381697140178154,50.049,8.6,11.1,250.0,ee18e6990f1758a14789ca09,True,0.0012004801920768306,833,2.901127565004376e-06,34469356.4,,,,,,,,,,,,,,,,,,,,,,,,,,,,,,,,,,,,,,,,,,,,bounded_preclose_bid_ask,,,,False,not_requested_for_horizon_or_variant,,,,event,protective_put,100,completed,106.65,102.78,False,-387.0,H23,0,AMD,112.36580000000001,primary,0.02922169279562864,17.38886569546928,2025
0.047100462836918044,2025-04-01,813,4a3424ab01ba6b7c9d7fc4dc,time_value,6.166799999999999,O:AMD250718P00105000,1,1,2025-03-26,2025-03-26,114,0.07033306107632271,809,0.0,0.037839981247069804,2025-03-27,810,True,2025-04-01,813,2025-03-26,711,32773714.0,2025-04-01,scheduled_exit,813,2025-07-18,"{""market_momentum"": -0.04316437802907913, ""market_volatility"": 0.013089707290464835, ""momentum"": 0.05992689495959991, ""volatility"": 0.02922169279562864, ""volume_state"": 17.38886569546928}",assumed_next_daily_close,10665.0,3,0000002488,0,-0.04316437802907913,0.013089707290464835,0.05992689495959991,-399.5658,-0.0374651476793249,6.398999999999999,8.6,0.0,-0.0,ee18e6990f1758a14789ca09,True,0.0012004801920768306,833,2.901127565004376e-06,34469356.4,,,,,,,,,,,,,,,,,,,,,,,,,,,,,,,,,,,,,,,,,,,,bounded_preclose_bid_ask,,,,False,not_requested_for_horizon_or_variant,,,,event,protective_put,100,completed,106.65,102.78,True,-387.0,H23,0,AMD,12.5658,primary,0.02922169279562864,17.38886569546928,2025
0.047100462836918044,2025-04-03,815,4a3424ab01ba6b7c9d7fc4dc,time_value,85.67800000000001,O:AMD250718P00105000,1,1,2025-03-26,2025-03-26,114,0.07033306107632271,809,0.0,0.0649533052039381,2025-03-27,810,True,2025-04-03,815,2025-03-26,711,32773714.0,2025-04-03,scheduled_exit,815,2025-07-18,"{""market_momentum"": -0.04316437802907913, ""market_volatility"": 0.013089707290464835, ""momentum"": 0.05992689495959991, ""volatility"": 0.02922169279562864, ""volume_state"": 17.38886569546928}",assumed_next_daily_close,10665.0,5,0000002488,0,-0.04316437802907913,0.013089707290464835,0.05992689495959991,-692.7269999999999,-0.0649533052039381,50.049,8.6,15.88,728.0000000000001,ee18e6990f1758a14789ca09,True,0.0012004801920768306,833,2.901127565004376e-06,34469356.4,,,,,,,,,,,,,,,,,,,,,,,,,,,,,,,,,,,,,,,,,,,,bounded_preclose_bid_ask,,,,False,not_requested_for_horizon_or_variant,,,,event,protective_put,100,completed,106.65,93.8,False,-1285.0,H23,0,AMD,135.727,primary,0.02922169279562864,17.38886569546928,2025
0.047100462836918044,2025-04-03,815,4a3424ab01ba6b7c9d7fc4dc,time_value,5.627999999999999,O:AMD250718P00105000,1,1,2025-03-26,2025-03-26,114,0.07033306107632271,809,0.0,0.12161528363806844,2025-03-27,810,True,2025-04-03,815,2025-03-26,711,32773714.0,2025-04-03,scheduled_exit,815,2025-07-18,"{""market_momentum"": -0.04316437802907913, ""market_volatility"": 0.013089707290464835, ""momentum"": 0.05992689495959991, ""volatility"": 0.02922169279562864, ""volume_state"": 17.38886569546928}",assumed_next_daily_close,10665.0,5,0000002488,0,-0.04316437802907913,0.013089707290464835,0.05992689495959991,-1297.0269999999998,-0.12161528363806844,6.398999999999999,8.6,0.0,-0.0,ee18e6990f1758a14789ca09,True,0.0012004801920768306,833,2.901127565004376e-06,34469356.4,,,,,,,,,,,,,,,,,,,,,,,,,,,,,,,,,,,,,,,,,,,,bounded_preclose_bid_ask,,,,False,not_requested_for_horizon_or_variant,,,,event,protective_put,100,completed,106.65,93.8,True,-1285.0,H23,0,AMD,12.026999999999997,primary,0.02922169279562864,17.38886569546928,2025
0.047100462836918044,2025-04-10,820,4a3424ab01ba6b7c9d7fc4dc,time_value,107.22200000000001,O:AMD250718P00105000,1,1,2025-03-26,2025-03-26,114,0.07033306107632271,809,0.0,0.09667056727613699,2025-03-27,810,True,2025-04-10,820,2025-03-26,711,32773714.0,2025-04-10,scheduled_exit,820,2025-07-18,"{""market_momentum"": -0.04316437802907913, ""market_volatility"": 0.013089707290464835, ""momentum"": 0.05992689495959991, ""volatility"": 0.02922169279562864, ""volume_state"": 17.38886569546928}",assumed_next_daily_close,10665.0,10,0000002488,0,-0.04316437802907913,0.013089707290464835,0.05992689495959991,-787.271,-0.07381819034224098,50.049,8.6,20.25,1165.0,ee18e6990f1758a14789ca09,True,0.0012004801920768306,833,2.901127565004376e-06,34469356.4,,0.244551168,7.45,239,7.3,206,0.020338983050847505,0.001252963,110.2,1200,110.19,500,9.074821906624726e-05,,,,,,,,,,,,,,,,,,,,,,,,,,,,,,,bounded_preclose_bid_ask,,,,False,entry_asynchronous_quotes,,,,event,protective_put,100,completed,106.65,88.7,False,-1795.0,H23,0,AMD,157.27100000000002,primary,0.02922169279562864,17.38886569546928,2025
0.047100462836918044,2025-04-10,820,4a3424ab01ba6b7c9d7fc4dc,time_value,5.321999999999999,O:AMD250718P00105000,1,1,2025-03-26,2025-03-26,114,0.07033306107632271,809,0.0,0.2677066666666667,2025-03-27,810,True,2025-04-10,820,2025-03-26,711,32773714.0,2025-04-10,scheduled_exit,820,2025-07-18,"{""market_momentum"": -0.04316437802907913, ""market_volatility"": 0.013089707290464835, ""momentum"": 0.05992689495959991, ""volatility"": 0.02922169279562864, ""volume_state"": 17.38886569546928}",assumed_next_daily_close,10665.0,10,0000002488,0,-0.04316437802907913,0.013089707290464835,0.05992689495959991,-1806.7209999999998,-0.16940656352555084,6.398999999999999,8.6,0.0,-0.0,ee18e6990f1758a14789ca09,True,0.0012004801920768306,833,2.901127565004376e-06,34469356.4,,0.244551168,7.45,239,7.3,206,0.020338983050847505,0.001252963,110.2,1200,110.19,500,9.074821906624726e-05,,,,,,,,,,,,,,,,,,,,,,,,,,,,,,,bounded_preclose_bid_ask,,,,False,entry_asynchronous_quotes,,,,event,protective_put,100,completed,106.65,88.7,True,-1795.0,H23,0,AMD,11.720999999999998,primary,0.02922169279562864,17.38886569546928,2025
0.047100462836918044,2025-04-28,831,4a3424ab01ba6b7c9d7fc4dc,time_value,74.9334,O:AMD250718P00105000,1,1,2025-03-26,2025-03-26,114,0.07033306107632271,809,0.0,0.09667056727613699,2025-03-27,810,True,2025-04-28,831,2025-03-26,711,32773714.0,2025-04-28,scheduled_exit,831,2025-07-18,"{""market_momentum"": -0.04316437802907913, ""market_volatility"": 0.013089707290464835, ""momentum"": 0.05992689495959991, ""volatility"": 0.02922169279562864, ""volume_state"": 17.38886569546928}",assumed_next_daily_close,10665.0,21,0000002488,0,-0.04316437802907913,0.013089707290464835,0.05992689495959991,-640.9824,-0.060101490857946555,50.049,8.6,13.7,509.99999999999994,ee18e6990f1758a14789ca09,True,0.0012004801920768306,833,2.901127565004376e-06,34469356.4,,,,,,,,,,,,,,,,,,,,,,,,,,,,,,,,,,,,,,,,,,,,bounded_preclose_bid_ask,,,,False,not_requested_for_horizon_or_variant,,,,event,protective_put,100,completed,106.65,96.39,False,-1026.0,H23,0,AMD,124.98240000000001,primary,0.02922169279562864,17.38886569546928,2025
0.047100462836918044,2025-04-28,831,4a3424ab01ba6b7c9d7fc4dc,time_value,5.783399999999999,O:AMD250718P00105000,1,1,2025-03-26,2025-03-26,114,0.07033306107632271,809,0.0,0.2677066666666667,2025-03-27,810,True,2025-04-28,831,2025-03-26,711,32773714.0,2025-04-28,scheduled_exit,831,2025-07-18,"{""market_momentum"": -0.04316437802907913, ""market_volatility"": 0.013089707290464835, ""momentum"": 0.05992689495959991, ""volatility"": 0.02922169279562864, ""volume_state"": 17.38886569546928}",assumed_next_daily_close,10665.0,21,0000002488,0,-0.04316437802907913,0.013089707290464835,0.05992689495959991,-1038.1824,-0.09734481012658228,6.398999999999999,8.6,0.0,-0.0,ee18e6990f1758a14789ca09,True,0.0012004801920768306,833,2.901127565004376e-06,34469356.4,,,,,,,,,,,,,,,,,,,,,,,,,,,,,,,,,,,,,,,,,,,,bounded_preclose_bid_ask,,,,False,not_requested_for_horizon_or_variant,,,,event,protective_put,100,completed,106.65,96.39,True,-1026.0,H23,0,AMD,12.182399999999998,primary,0.02922169279562864,17.38886569546928,2025
0.047100462836918044,2025-05-28,852,4a3424ab01ba6b7c9d7fc4dc,time_value,25.171599999999998,O:AMD250718P00105000,1,1,2025-03-26,2025-03-26,114,0.07033306107632271,809,0.0,0.09667056727613699,2025-03-27,810,True,2025-05-28,852,2025-03-26,711,32773714.0,2025-05-28,scheduled_exit,852,2025-07-18,"{""market_momentum"": -0.04316437802907913, ""market_volatility"": 0.013089707290464835, ""momentum"": 0.05992689495959991, ""volatility"": 0.02922169279562864, ""volume_state"": 17.38886569546928}",assumed_next_daily_close,10665.0,42,0000002488,0,-0.04316437802907913,0.013089707290464835,0.05992689495959991,40.779399999999995,0.0038236661978434125,50.049,8.6,3.55,-505.0,ee18e6990f1758a14789ca09,True,0.0012004801920768306,833,2.901127565004376e-06,34469356.4,,,,,,,,,,,,,,,,,,,,,,,,,,,,,,,,,,,,,,,,,,,,bounded_preclose_bid_ask,,,,False,not_requested_for_horizon_or_variant,,,,event,protective_put,100,completed,106.65,112.86,False,621.0,H23,0,AMD,75.22059999999999,primary,0.02922169279562864,17.38886569546928,2025
0.047100462836918044,2025-05-28,852,4a3424ab01ba6b7c9d7fc4dc,time_value,6.771599999999999,O:AMD250718P00105000,1,1,2025-03-26,2025-03-26,114,0.07033306107632271,809,0.0,0.2677066666666667,2025-03-27,810,True,2025-05-28,852,2025-03-26,711,32773714.0,2025-05-28,scheduled_exit,852,2025-07-18,"{""market_momentum"": -0.04316437802907913, ""market_volatility"": 0.013089707290464835, ""momentum"": 0.05992689495959991, ""volatility"": 0.02922169279562864, ""volume_state"": 17.38886569546928}",assumed_next_daily_close,10665.0,42,0000002488,0,-0.04316437802907913,0.013089707290464835,0.05992689495959991,607.8294,0.05699291139240506,6.398999999999999,8.6,0.0,-0.0,ee18e6990f1758a14789ca09,True,0.0012004801920768306,833,2.901127565004376e-06,34469356.4,,,,,,,,,,,,,,,,,,,,,,,,,,,,,,,,,,,,,,,,,,,,bounded_preclose_bid_ask,,,,False,not_requested_for_horizon_or_variant,,,,event,protective_put,100,completed,106.65,112.86,True,621.0,H23,0,AMD,13.170599999999999,primary,0.02922169279562864,17.38886569546928,2025
0.047100462836918044,2025-06-27,873,4a3424ab01ba6b7c9d7fc4dc,time_value,9.9286,O:AMD250718P00105000,1,1,2025-03-26,2025-03-26,114,0.07033306107632271,809,0.0,0.09667056727613699,2025-03-27,810,True,2025-06-27,873,2025-03-26,711,32773714.0,2025-06-27,scheduled_exit,873,2025-07-18,"{""market_momentum"": -0.04316437802907913, ""market_volatility"": 0.013089707290464835, ""momentum"": 0.05992689495959991, ""volatility"": 0.02922169279562864, ""volume_state"": 17.38886569546928}",assumed_next_daily_close,10665.0,63,0000002488,0,-0.04316437802907913,0.013089707290464835,0.05992689495959991,2809.0224,0.26338700421940925,50.049,8.6,0.13,-846.9999999999999,ee18e6990f1758a14789ca09,True,0.0012004801920768306,833,2.901127565004376e-06,34469356.4,,,,,,,,,,,,,,,,,,,,,,,,,,,,,,,,,,,,,,,,,,,,bounded_preclose_bid_ask,,,,False,not_requested_for_horizon_or_variant,,,,event,protective_put,100,completed,106.65,143.81,False,3716.0,H23,0,AMD,59.977599999999995,primary,0.02922169279562864,17.38886569546928,2025
0.047100462836918044,2025-06-27,873,4a3424ab01ba6b7c9d7fc4dc,time_value,8.628599999999999,O:AMD250718P00105000,1,1,2025-03-26,2025-03-26,114,0.07033306107632271,809,0.0,0.2677066666666667,2025-03-27,810,True,2025-06-27,873,2025-03-26,711,32773714.0,2025-06-27,scheduled_exit,873,2025-07-18,"{""market_momentum"": -0.04316437802907913, ""market_volatility"": 0.013089707290464835, ""momentum"": 0.05992689495959991, ""volatility"": 0.02922169279562864, ""volume_state"": 17.38886569546928}",assumed_next_daily_close,10665.0,63,0000002488,0,-0.04316437802907913,0.013089707290464835,0.05992689495959991,3700.9724,0.347020384435068,6.398999999999999,8.6,0.0,-0.0,ee18e6990f1758a14789ca09,True,0.0012004801920768306,833,2.901127565004376e-06,34469356.4,,,,,,,,,,,,,,,,,,,,,,,,,,,,,,,,,,,,,,,,,,,,bounded_preclose_bid_ask,,,,False,not_requested_for_horizon_or_variant,,,,event,protective_put,100,completed,106.65,143.81,True,3716.0,H23,0,AMD,15.027599999999998,primary,0.02922169279562864,17.38886569546928,2025
0.047100462836918044,2025-07-18,887,4a3424ab01ba6b7c9d7fc4dc,time_value,10.0694,O:AMD250718P00105000,1,1,2025-03-26,2025-03-26,114,0.07033306107632271,809,0.0,0.09667056727613699,2025-03-27,810,True,2025-07-18,887,2025-03-26,711,32773714.0,2025-07-18,expiry_worthless,887,2025-07-18,"{""market_momentum"": -0.04316437802907913, ""market_volatility"": 0.013089707290464835, ""momentum"": 0.05992689495959991, ""volatility"": 0.02922169279562864, ""volume_state"": 17.38886569546928}",assumed_next_daily_close,10665.0,expiry,0000002488,0,-0.04316437802907913,0.013089707290464835,0.05992689495959991,4113.8816,0.3857366713548992,50.049,8.6,0.0,-860.0,ee18e6990f1758a14789ca09,True,0.0012004801920768306,833,2.901127565004376e-06,34469356.4,,,,,,,,,,,,,,,,,,,,,,,,,,,,,,,,,,,,,,,,,,,,bounded_preclose_bid_ask,,,,False,not_requested_for_horizon_or_variant,,,,event,protective_put,100,completed,106.65,156.99,False,5034.0,H23,0,AMD,60.1184,primary,0.02922169279562864,17.38886569546928,2025
0.047100462836918044,2025-07-18,887,4a3424ab01ba6b7c9d7fc4dc,time_value,9.4194,O:AMD250718P00105000,1,1,2025-03-26,2025-03-26,114,0.07033306107632271,809,0.0,0.2677066666666667,2025-03-27,810,True,2025-07-18,887,2025-03-26,711,32773714.0,2025-07-18,scheduled_exit,887,2025-07-18,"{""market_momentum"": -0.04316437802907913, ""market_volatility"": 0.013089707290464835, ""momentum"": 0.05992689495959991, ""volatility"": 0.02922169279562864, ""volume_state"": 17.38886569546928}",assumed_next_daily_close,10665.0,expiry,0000002488,0,-0.04316437802907913,0.013089707290464835,0.05992689495959991,5018.1816,0.4705280450070323,6.398999999999999,8.6,0.0,-0.0,ee18e6990f1758a14789ca09,True,0.0012004801920768306,833,2.901127565004376e-06,34469356.4,,,,,,,,,,,,,,,,,,,,,,,,,,,,,,,,,,,,,,,,,,,,bounded_preclose_bid_ask,,,,False,not_requested_for_horizon_or_variant,,,,event,protective_put,100,completed,106.65,156.99,True,5034.0,H23,0,AMD,15.818399999999999,primary,0.02922169279562864,17.38886569546928,2025
0.052910721050637655,2024-05-02,585,4a548f1e99b3455c30e854a1,time_value,86.1196,O:AMD240816P00150000,1,1,2024-04-30,2024-04-30,108,0.06755903523172117,583,0.0,0.01161796631316288,2024-05-01,584,True,2024-05-02,585,2025-03-14,156,89413168.0,2024-05-02,scheduled_exit,585,2024-08-16,"{""market_momentum"": -0.038647157959246115, ""market_volatility"": 0.008503234770382983, ""momentum"": -0.13614050398167343, ""volatility"": 0.03093264576009373, ""volume_state"": 17.834771180478228}",assumed_next_daily_close,14427.000000000002,1,0000002488,0,-0.038647157959246115,0.008503234770382983,-0.13614050398167343,63.07419999999813,0.0043719553614748816,83.8062,14.9,15.34,43.99999999999995,94abbd3bae510cb507b576d2,True,0.0004079967360261118,2451,2.3049460920821445e-06,43384962.6,,,,,,,,,,,,,,,,,,,,,,,,,,,,,,,,,,,,,,,,,,,,bounded_preclose_bid_ask,,,,False,not_requested_for_horizon_or_variant,,,,ordinary,protective_put,100,completed,144.27,146.16,False,188.99999999999818,H23,0,AMD,169.9258,primary,0.03093264576009373,17.834771180478228,2024
0.052910721050637655,2024-05-02,585,4a548f1e99b3455c30e854a1,time_value,8.769599999999999,O:AMD240816P00150000,1,1,2024-04-30,2024-04-30,108,0.06755903523172117,583,0.0,0.0011999999999999613,2024-05-01,584,True,2024-05-02,585,2025-03-14,156,89413168.0,2024-05-02,scheduled_exit,585,2024-08-16,"{""market_momentum"": -0.038647157959246115, ""market_volatility"": 0.008503234770382983, ""momentum"": -0.13614050398167343, ""volatility"": 0.03093264576009373, ""volume_state"": 17.834771180478228}",assumed_next_daily_close,14427.000000000002,1,0000002488,0,-0.038647157959246115,0.008503234770382983,-0.13614050398167343,171.57419999999817,0.011892576419213846,8.6562,14.9,0.0,-0.0,94abbd3bae510cb507b576d2,True,0.0004079967360261118,2451,2.3049460920821445e-06,43384962.6,,,,,,,,,,,,,,,,,,,,,,,,,,,,,,,,,,,,,,,,,,,,bounded_preclose_bid_ask,,,,False,not_requested_for_horizon_or_variant,,,,ordinary,protective_put,100,completed,144.27,146.16,True,188.99999999999818,H23,0,AMD,17.4258,primary,0.03093264576009373,17.834771180478228,2024
0.052910721050637655,2024-05-03,586,4a548f1e99b3455c30e854a1,time_value,72.93599999999999,O:AMD240816P00150000,1,1,2024-04-30,2024-04-30,108,0.06755903523172117,583,0.0,0.01161796631316288,2024-05-01,584,True,2024-05-03,586,2025-03-14,156,89413168.0,2024-05-03,scheduled_exit,586,2024-08-16,"{""market_momentum"": -0.038647157959246115, ""market_volatility"": 0.008503234770382983, ""momentum"": -0.13614050398167343, ""volatility"": 0.03093264576009373, ""volume_state"": 17.834771180478228}",assumed_next_daily_close,14427.000000000002,2,0000002488,0,-0.038647157959246115,0.008503234770382983,-0.13614050398167343,251.2577999999982,0.017415803701393093,83.8062,14.9,12.65,-225.0,94abbd3bae510cb507b576d2,True,0.0004079967360261118,2451,2.3049460920821445e-06,43384962.6,,,,,,,,,,,,,,,,,,,,,,,,,,,,,,,,,,,,,,,,,,,,bounded_preclose_bid_ask,,,,False,not_requested_for_horizon_or_variant,,,,ordinary,protective_put,100,completed,144.27,150.6,False,632.9999999999982,H23,0,AMD,156.7422,primary,0.03093264576009373,17.834771180478228,2024
0.052910721050637655,2024-05-03,586,4a548f1e99b3455c30e854a1,time_value,9.036,O:AMD240816P00150000,1,1,2024-04-30,2024-04-30,108,0.06755903523172117,583,0.0,0.0011999999999999613,2024-05-01,584,True,2024-05-03,586,2025-03-14,156,89413168.0,2024-05-03,scheduled_exit,586,2024-08-16,"{""market_momentum"": -0.038647157959246115, ""market_volatility"": 0.008503234770382983, ""momentum"": -0.13614050398167343, ""volatility"": 0.03093264576009373, ""volume_state"": 17.834771180478228}",assumed_next_daily_close,14427.000000000002,2,0000002488,0,-0.038647157959246115,0.008503234770382983,-0.13614050398167343,615.3077999999982,0.04264974007070064,8.6562,14.9,0.0,-0.0,94abbd3bae510cb507b576d2,True,0.0004079967360261118,2451,2.3049460920821445e-06,43384962.6,,,,,,,,,,,,,,,,,,,,,,,,,,,,,,,,,,,,,,,,,,,,bounded_preclose_bid_ask,,,,False,not_requested_for_horizon_or_variant,,,,ordinary,protective_put,100,completed,144.27,150.6,True,632.9999999999982,H23,0,AMD,17.6922,primary,0.03093264576009373,17.834771180478228,2024
0.052910721050637655,2024-05-06,587,4a548f1e99b3455c30e854a1,time_value,62.646800000000006,O:AMD240816P00150000,1,1,2024-04-30,2024-04-30,108,0.06755903523172117,583,0.0,0.01161796631316288,2024-05-01,584,True,2024-05-06,587,2025-03-14,156,89413168.0,2024-05-06,scheduled_exit,587,2024-08-16,"{""market_momentum"": -0.038647157959246115, ""market_volatility"": 0.008503234770382983, ""momentum"": -0.13614050398167343, ""volatility"": 0.03093264576009373, ""volume_state"": 17.834771180478228}",assumed_next_daily_close,14427.000000000002,3,0000002488,0,-0.038647157959246115,0.008503234770382983,-0.13614050398167343,567.5469999999981,0.03933922506411576,83.8062,14.9,10.53,-437.0000000000001,94abbd3bae510cb507b576d2,True,0.0004079967360261118,2451,2.3049460920821445e-06,43384962.6,,,,,,,,,,,,,,,,,,,,,,,,,,,,,,,,,,,,,,,,,,,,bounded_preclose_bid_ask,,,,False,not_requested_for_horizon_or_variant,,,,ordinary,protective_put,100,completed,144.27,155.78,False,1150.9999999999982,H23,0,AMD,146.453,primary,0.03093264576009373,17.834771180478228,2024
0.052910721050637655,2024-05-06,587,4a548f1e99b3455c30e854a1,time_value,9.3468,O:AMD240816P00150000,1,1,2024-04-30,2024-04-30,108,0.06755903523172117,583,0.0,0.0011999999999999613,2024-05-01,584,True,2024-05-06,587,2025-03-14,156,89413168.0,2024-05-06,scheduled_exit,587,2024-08-16,"{""market_momentum"": -0.038647157959246115, ""market_volatility"": 0.008503234770382983, ""momentum"": -0.13614050398167343, ""volatility"": 0.03093264576009373, ""volume_state"": 17.834771180478228}",assumed_next_daily_close,14427.000000000002,3,0000002488,0,-0.038647157959246115,0.008503234770382983,-0.13614050398167343,1132.9969999999983,0.0785330976641019,8.6562,14.9,0.0,-0.0,94abbd3bae510cb507b576d2,True,0.0004079967360261118,2451,2.3049460920821445e-06,43384962.6,,,,,,,,,,,,,,,,,,,,,,,,,,,,,,,,,,,,,,,,,,,,bounded_preclose_bid_ask,,,,False,not_requested_for_horizon_or_variant,,,,ordinary,protective_put,100,completed,144.27,155.78,True,1150.9999999999982,H23,0,AMD,18.003,primary,0.03093264576009373,17.834771180478228,2024
0.052910721050637655,2024-05-08,589,4a548f1e99b3455c30e854a1,time_value,64.1172,O:AMD240816P00150000,1,1,2024-04-30,2024-04-30,108,0.06755903523172117,583,0.0,0.01161796631316288,2024-05-01,584,True,2024-05-08,589,2025-03-14,156,89413168.0,2024-05-08,scheduled_exit,589,2024-08-16,"{""market_momentum"": -0.038647157959246115, ""market_volatility"": 0.008503234770382983, ""momentum"": -0.13614050398167343, ""volatility"": 0.03093264576009373, ""volume_state"": 17.834771180478228}",assumed_next_daily_close,14427.000000000002,5,0000002488,0,-0.038647157959246115,0.008503234770382983,-0.13614050398167343,382.07659999999817,0.026483440770776884,83.8062,14.9,10.85,-405.00000000000006,94abbd3bae510cb507b576d2,True,0.0004079967360261118,2451,2.3049460920821445e-06,43384962.6,,,,,,,,,,,,,,,,,,,,,,,,,,,,,,,,,,,,,,,,,,,,bounded_preclose_bid_ask,,,,False,not_requested_for_horizon_or_variant,,,,ordinary,protective_put,100,completed,144.27,153.62,False,934.9999999999982,H23,0,AMD,147.92340000000002,primary,0.03093264576009373,17.834771180478228,2024
0.052910721050637655,2024-05-08,589,4a548f1e99b3455c30e854a1,time_value,9.2172,O:AMD240816P00150000,1,1,2024-04-30,2024-04-30,108,0.06755903523172117,583,0.0,0.0011999999999999613,2024-05-01,584,True,2024-05-08,589,2025-03-14,156,89413168.0,2024-05-08,scheduled_exit,589,2024-08-16,"{""market_momentum"": -0.038647157959246115, ""market_volatility"": 0.008503234770382983, ""momentum"": -0.13614050398167343, ""volatility"": 0.03093264576009373, ""volume_state"": 17.834771180478228}",assumed_next_daily_close,14427.000000000002,5,0000002488,0,-0.038647157959246115,0.008503234770382983,-0.13614050398167343,917.1265999999981,0.06357015318500021,8.6562,14.9,0.0,-0.0,94abbd3bae510cb507b576d2,True,0.0004079967360261118,2451,2.3049460920821445e-06,43384962.6,,,,,,,,,,,,,,,,,,,,,,,,,,,,,,,,,,,,,,,,,,,,bounded_preclose_bid_ask,,,,False,not_requested_for_horizon_or_variant,,,,ordinary,protective_put,100,completed,144.27,153.62,True,934.9999999999982,H23,0,AMD,17.8734,primary,0.03093264576009373,17.834771180478228,2024
0.052910721050637655,2024-05-15,594,4a548f1e99b3455c30e854a1,time_value,50.230199999999996,O:AMD240816P00150000,1,1,2024-04-30,2024-04-30,108,0.06755903523172117,583,0.0,0.01161796631316288,2024-05-01,584,True,2024-05-15,594,2025-03-14,156,89413168.0,2024-05-15,scheduled_exit,594,2024-08-16,"{""market_momentum"": -0.038647157959246115, ""market_volatility"": 0.008503234770382983, ""momentum"": -0.13614050398167343, ""volatility"": 0.03093264576009373, ""volume_state"": 17.834771180478228}",assumed_next_daily_close,14427.000000000002,10,0000002488,0,-0.038647157959246115,0.008503234770382983,-0.13614050398167343,715.9635999999964,0.04962664448603288,83.8062,14.9,8,-690.0,94abbd3bae510cb507b576d2,True,0.0004079967360261118,2451,2.3049460920821445e-06,43384962.6,True,1.097161984,13.1,10,10.7,15,0.20168067226890762,0.061299008,158.58,600,158.36,800,0.0013882753833533087,40,,16.2,0.420755968,16.2,102,16,54,0.012422360248447159,144.24,0.00422466,144.24,16900,144.23,100,6.933129961534527e-05,7.9,0.791936512,8.05,96,7.9,40,0.018808777429467127,159.66,0.006824462,159.67,900,159.66,200,6.263113393662296e-05,bounded_preclose_bid_ask,680.5219999999988,0.047179839156960536,-829.9999999999999,False,completed_bounded_proxy,1541.9999999999986,31.478,,ordinary,protective_put,100,completed,144.27,159.67,False,1539.9999999999964,H23,0,AMD,134.03640000000001,primary,0.03093264576009373,17.834771180478228,2024
0.052910721050637655,2024-05-15,594,4a548f1e99b3455c30e854a1,time_value,9.580199999999998,O:AMD240816P00150000,1,1,2024-04-30,2024-04-30,108,0.06755903523172117,583,0.0,0.0011999999999999613,2024-05-01,584,True,2024-05-15,594,2025-03-14,156,89413168.0,2024-05-15,scheduled_exit,594,2024-08-16,"{""market_momentum"": -0.038647157959246115, ""market_volatility"": 0.008503234770382983, ""momentum"": -0.13614050398167343, ""volatility"": 0.03093264576009373, ""volume_state"": 17.834771180478228}",assumed_next_daily_close,14427.000000000002,10,0000002488,0,-0.038647157959246115,0.008503234770382983,-0.13614050398167343,1521.7635999999964,0.10548025230470619,8.6562,14.9,0.0,-0.0,94abbd3bae510cb507b576d2,True,0.0004079967360261118,2451,2.3049460920821445e-06,43384962.6,True,1.097161984,13.1,10,10.7,15,0.20168067226890762,0.061299008,158.58,600,158.36,800,0.0013882753833533087,40,,0.0,0.420755968,16.2,102,16,54,0.012422360248447159,144.24,0.00422466,144.24,16900,144.23,100,6.933129961534527e-05,0.0,0.791936512,8.05,96,7.9,40,0.018808777429467127,159.66,0.006824462,159.67,900,159.66,200,6.263113393662296e-05,bounded_preclose_bid_ask,1535.9219999999987,0.10648377703826946,0.0,False,completed_bounded_proxy,1541.9999999999986,6.077999999999999,,ordinary,protective_put,100,completed,144.27,159.67,True,1539.9999999999964,H23,0,AMD,18.236399999999996,primary,0.03093264576009373,17.834771180478228,2024
0.052910721050637655,2024-05-31,605,4a548f1e99b3455c30e854a1,time_value,43.664,O:AMD240816P00150000,1,1,2024-04-30,2024-04-30,108,0.06755903523172117,583,0.0,0.01161796631316288,2024-05-01,584,True,2024-05-31,605,2025-03-14,156,89413168.0,2024-05-31,scheduled_exit,605,2024-08-16,"{""market_momentum"": -0.038647157959246115, ""market_volatility"": 0.008503234770382983, ""momentum"": -0.13614050398167343, ""volatility"": 0.03093264576009373, ""volume_state"": 17.834771180478228}",assumed_next_daily_close,14427.000000000002,21,0000002488,0,-0.038647157959246115,0.008503234770382983,-0.13614050398167343,1305.5297999999982,0.0904921189436472,83.8062,14.9,6.6,-830.0000000000001,94abbd3bae510cb507b576d2,True,0.0004079967360261118,2451,2.3049460920821445e-06,43384962.6,,,,,,,,,,,,,,,,,,,,,,,,,,,,,,,,,,,,,,,,,,,,bounded_preclose_bid_ask,,,,False,not_requested_for_horizon_or_variant,,,,ordinary,protective_put,100,completed,144.27,166.9,False,2262.999999999998,H23,0,AMD,127.4702,primary,0.03093264576009373,17.834771180478228,2024
0.052910721050637655,2024-05-31,605,4a548f1e99b3455c30e854a1,time_value,10.014,O:AMD240816P00150000,1,1,2024-04-30,2024-04-30,108,0.06755903523172117,583,0.0,0.0011999999999999613,2024-05-01,584,True,2024-05-31,605,2025-03-14,156,89413168.0,2024-05-31,scheduled_exit,605,2024-08-16,"{""market_momentum"": -0.038647157959246115, ""market_volatility"": 0.008503234770382983, ""momentum"": -0.13614050398167343, ""volatility"": 0.03093264576009373, ""volume_state"": 17.834771180478228}",assumed_next_daily_close,14427.000000000002,21,0000002488,0,-0.038647157959246115,0.008503234770382983,-0.13614050398167343,2244.329799999998,0.15556455257503277,8.6562,14.9,0.0,-0.0,94abbd3bae510cb507b576d2,True,0.0004079967360261118,2451,2.3049460920821445e-06,43384962.6,,,,,,,,,,,,,,,,,,,,,,,,,,,,,,,,,,,,,,,,,,,,bounded_preclose_bid_ask,,,,False,not_requested_for_horizon_or_variant,,,,ordinary,protective_put,100,completed,144.27,166.9,True,2262.999999999998,H23,0,AMD,18.6702,primary,0.03093264576009373,17.834771180478228,2024
0.052910721050637655,2024-07-02,626,4a548f1e99b3455c30e854a1,time_value,31.8086,O:AMD240816P00150000,1,1,2024-04-30,2024-04-30,108,0.06755903523172117,583,0.0,0.01161796631316288,2024-05-01,584,True,2024-07-02,626,2025-03-14,156,89413168.0,2024-07-02,scheduled_exit,626,2024-08-16,"{""market_momentum"": -0.038647157959246115, ""market_volatility"": 0.008503234770382983, ""momentum"": -0.13614050398167343, ""volatility"": 0.03093264576009373, ""volume_state"": 17.834771180478228}",assumed_next_daily_close,14427.000000000002,42,0000002488,0,-0.038647157959246115,0.008503234770382983,-0.13614050398167343,824.3851999999982,0.05714183128855605,83.8062,14.9,4.26,-1064.0,94abbd3bae510cb507b576d2,True,0.0004079967360261118,2451,2.3049460920821445e-06,43384962.6,,,,,,,,,,,,,,,,,,,,,,,,,,,,,,,,,,,,,,,,,,,,bounded_preclose_bid_ask,,,,False,not_requested_for_horizon_or_variant,,,,ordinary,protective_put,100,completed,144.27,164.31,False,2003.9999999999982,H23,0,AMD,115.6148,primary,0.03093264576009373,17.834771180478228,2024
0.052910721050637655,2024-07-02,626,4a548f1e99b3455c30e854a1,time_value,9.8586,O:AMD240816P00150000,1,1,2024-04-30,2024-04-30,108,0.06755903523172117,583,0.0,0.0011999999999999613,2024-05-01,584,True,2024-07-02,626,2025-03-14,156,89413168.0,2024-07-02,scheduled_exit,626,2024-08-16,"{""market_momentum"": -0.038647157959246115, ""market_volatility"": 0.008503234770382983, ""momentum"": -0.13614050398167343, ""volatility"": 0.03093264576009373, ""volume_state"": 17.834771180478228}",assumed_next_daily_close,14427.000000000002,42,0000002488,0,-0.038647157959246115,0.008503234770382983,-0.13614050398167343,1985.4851999999983,0.13762287377833216,8.6562,14.9,0.0,-0.0,94abbd3bae510cb507b576d2,True,0.0004079967360261118,2451,2.3049460920821445e-06,43384962.6,,,,,,,,,,,,,,,,,,,,,,,,,,,,,,,,,,,,,,,,,,,,bounded_preclose_bid_ask,,,,False,not_requested_for_horizon_or_variant,,,,ordinary,protective_put,100,completed,144.27,164.31,True,2003.9999999999982,H23,0,AMD,18.5148,primary,0.03093264576009373,17.834771180478228,2024
0.052910721050637655,2024-08-01,647,4a548f1e99b3455c30e854a1,time_value,99.3524,O:AMD240816P00150000,1,1,2024-04-30,2024-04-30,108,0.06755903523172117,583,0.0,0.07147422194496443,2024-05-01,584,True,2024-08-01,647,2025-03-14,156,89413168.0,2024-08-01,scheduled_exit,647,2024-08-16,"{""market_momentum"": -0.038647157959246115, ""market_volatility"": 0.008503234770382983, ""momentum"": -0.13614050398167343, ""volatility"": 0.03093264576009373, ""volume_state"": 17.834771180478228}",assumed_next_daily_close,14427.000000000002,63,0000002488,0,-0.038647157959246115,0.008503234770382983,-0.13614050398167343,-1031.158600000002,-0.07147422194496443,83.8062,14.9,18.15,324.99999999999983,94abbd3bae510cb507b576d2,True,0.0004079967360261118,2451,2.3049460920821445e-06,43384962.6,,,,,,,,,,,,,,,,,,,,,,,,,,,,,,,,,,,,,,,,,,,,bounded_preclose_bid_ask,,,,False,not_requested_for_horizon_or_variant,,,,ordinary,protective_put,100,completed,144.27,132.54,False,-1173.0000000000018,H23,0,AMD,183.1586,primary,0.03093264576009373,17.834771180478228,2024
0.052910721050637655,2024-08-01,647,4a548f1e99b3455c30e854a1,time_value,7.952399999999999,O:AMD240816P00150000,1,1,2024-04-30,2024-04-30,108,0.06755903523172117,583,0.0,0.08245710126845508,2024-05-01,584,True,2024-08-01,647,2025-03-14,156,89413168.0,2024-08-01,scheduled_exit,647,2024-08-16,"{""market_momentum"": -0.038647157959246115, ""market_volatility"": 0.008503234770382983, ""momentum"": -0.13614050398167343, ""volatility"": 0.03093264576009373, ""volume_state"": 17.834771180478228}",assumed_next_daily_close,14427.000000000002,63,0000002488,0,-0.038647157959246115,0.008503234770382983,-0.13614050398167343,-1189.6086000000016,-0.08245710126845508,8.6562,14.9,0.0,-0.0,94abbd3bae510cb507b576d2,True,0.0004079967360261118,2451,2.3049460920821445e-06,43384962.6,,,,,,,,,,,,,,,,,,,,,,,,,,,,,,,,,,,,,,,,,,,,bounded_preclose_bid_ask,,,,False,not_requested_for_horizon_or_variant,,,,ordinary,protective_put,100,completed,144.27,132.54,True,-1173.0000000000018,H23,0,AMD,16.6086,primary,0.03093264576009373,17.834771180478228,2024
0.052910721050637655,2024-08-16,658,4a548f1e99b3455c30e854a1,time_value,9.65,O:AMD240816P00150000,1,1,2024-04-30,2024-04-30,108,0.06755903523172117,583,0.0,0.07873549594510311,2024-05-01,584,True,2024-08-16,658,2025-03-14,156,89413168.0,2024-08-16,modelled_physical_expiry,658,2024-08-16,"{""market_momentum"": -0.038647157959246115, ""market_volatility"": 0.008503234770382983, ""momentum"": -0.13614050398167343, ""volatility"": 0.03093264576009373, ""volume_state"": 17.834771180478228}",assumed_next_daily_close,14427.000000000002,expiry,0000002488,0,-0.038647157959246115,0.008503234770382983,-0.13614050398167343,-1010.4562000000018,-0.07003924585845994,83.8062,14.9,0.0,-1490.0,94abbd3bae510cb507b576d2,True,0.0004079967360261118,2451,2.3049460920821445e-06,43384962.6,,,,,,,,,,,,,,,,,,,,,,,,,,,,,,,,,,,,,,,,,,,,bounded_preclose_bid_ask,,,,False,not_requested_for_horizon_or_variant,,,,ordinary,protective_put,100,completed,144.27,150.0,False,572.9999999999982,H23,0,AMD,93.45620000000001,primary,0.03093264576009373,17.834771180478228,2024
0.052910721050637655,2024-08-16,658,4a548f1e99b3455c30e854a1,time_value,8.913599999999999,O:AMD240816P00150000,1,1,2024-04-30,2024-04-30,108,0.06755903523172117,583,0.0,0.1092657101268457,2024-05-01,584,True,2024-08-16,658,2025-03-14,156,89413168.0,2024-08-16,scheduled_exit,658,2024-08-16,"{""market_momentum"": -0.038647157959246115, ""market_volatility"": 0.008503234770382983, ""momentum"": -0.13614050398167343, ""volatility"": 0.03093264576009373, ""volume_state"": 17.834771180478228}",assumed_next_daily_close,14427.000000000002,expiry,0000002488,0,-0.038647157959246115,0.008503234770382983,-0.13614050398167343,411.4301999999982,0.028518070284882385,8.6562,14.9,0.0,-0.0,94abbd3bae510cb507b576d2,True,0.0004079967360261118,2451,2.3049460920821445e-06,43384962.6,,,,,,,,,,,,,,,,,,,,,,,,,,,,,,,,,,,,,,,,,,,,bounded_preclose_bid_ask,,,,False,not_requested_for_horizon_or_variant,,,,ordinary,protective_put,100,completed,144.27,148.56,True,428.9999999999982,H23,0,AMD,17.5698,primary,0.03093264576009373,17.834771180478228,2024
,,,4d8c0fbedf0848b26a021499,time_value,,,1,1,2024-12-02,2024-12-02,,,732,,,2024-12-03,733,False,,,2024-12-02,,,,,,,"{""market_momentum"": 0.061532779966235296, ""market_volatility"": 0.007684733738372533, ""momentum"": 0.0017132314180285935, ""volatility"": 0.010080588399268777, ""volume_state"": 15.28122907285531}",assumed_next_daily_close,,1,0000005272,,0.061532779966235296,0.007684733738372533,0.0017132314180285935,,,,,,,915793df3a040cd0c802d9f2,False,,,,,,,,,,,,,,,,,,,,,,,,,,,,,,,,,,,,,,,,,,,,,,,,bounded_preclose_bid_ask,,,,False,not_requested_for_horizon_or_variant,,,missing_decision_or_entry_bar,event,covered_call,,missing_decision_or_entry_bar,,,False,,H23,0,AIG,,primary,0.010080588399268777,15.28122907285531,2024
,,,4d8c0fbedf0848b26a021499,time_value,,,1,1,2024-12-02,2024-12-02,,,732,,,2024-12-03,733,False,,,2024-12-02,,,,,,,"{""market_momentum"": 0.061532779966235296, ""market_volatility"": 0.007684733738372533, ""momentum"": 0.0017132314180285935, ""volatility"": 0.010080588399268777, ""volume_state"": 15.28122907285531}",assumed_next_daily_close,,1,0000005272,,0.061532779966235296,0.007684733738372533,0.0017132314180285935,,,,,,,915793df3a040cd0c802d9f2,False,,,,,,,,,,,,,,,,,,,,,,,,,,,,,,,,,,,,,,,,,,,,,,,,bounded_preclose_bid_ask,,,,False,not_requested_for_horizon_or_variant,,,missing_decision_or_entry_bar,event,covered_call,,missing_decision_or_entry_bar,,,True,,H23,0,AIG,,primary,0.010080588399268777,15.28122907285531,2024
,,,4d8c0fbedf0848b26a021499,time_value,,,1,1,2024-12-02,2024-12-02,,,732,,,2024-12-03,733,False,,,2024-12-02,,,,,,,"{""market_momentum"": 0.061532779966235296, ""market_volatility"": 0.007684733738372533, ""momentum"": 0.0017132314180285935, ""volatility"": 0.010080588399268777, ""volume_state"": 15.28122907285531}",assumed_next_daily_close,,2,0000005272,,0.061532779966235296,0.007684733738372533,0.0017132314180285935,,,,,,,915793df3a040cd0c802d9f2,False,,,,,,,,,,,,,,,,,,,,,,,,,,,,,,,,,,,,,,,,,,,,,,,,bounded_preclose_bid_ask,,,,False,not_requested_for_horizon_or_variant,,,missing_decision_or_entry_bar,event,covered_call,,missing_decision_or_entry_bar,,,False,,H23,0,AIG,,primary,0.010080588399268777,15.28122907285531,2024
,,,4d8c0fbedf0848b26a021499,time_value,,,1,1,2024-12-02,2024-12-02,,,732,,,2024-12-03,733,False,,,2024-12-02,,,,,,,"{""market_momentum"": 0.061532779966235296, ""market_volatility"": 0.007684733738372533, ""momentum"": 0.0017132314180285935, ""volatility"": 0.010080588399268777, ""volume_state"": 15.28122907285531}",assumed_next_daily_close,,2,0000005272,,0.061532779966235296,0.007684733738372533,0.0017132314180285935,,,,,,,915793df3a040cd0c802d9f2,False,,,,,,,,,,,,,,,,,,,,,,,,,,,,,,,,,,,,,,,,,,,,,,,,bounded_preclose_bid_ask,,,,False,not_requested_for_horizon_or_variant,,,missing_decision_or_entry_bar,event,covered_call,,missing_decision_or_entry_bar,,,True,,H23,0,AIG,,primary,0.010080588399268777,15.28122907285531,2024
,,,4d8c0fbedf0848b26a021499,time_value,,,1,1,2024-12-02,2024-12-02,,,732,,,2024-12-03,733,False,,,2024-12-02,,,,,,,"{""market_momentum"": 0.061532779966235296, ""market_volatility"": 0.007684733738372533, ""momentum"": 0.0017132314180285935, ""volatility"": 0.010080588399268777, ""volume_state"": 15.28122907285531}",assumed_next_daily_close,,3,0000005272,,0.061532779966235296,0.007684733738372533,0.0017132314180285935,,,,,,,915793df3a040cd0c802d9f2,False,,,,,,,,,,,,,,,,,,,,,,,,,,,,,,,,,,,,,,,,,,,,,,,,bounded_preclose_bid_ask,,,,False,not_requested_for_horizon_or_variant,,,missing_decision_or_entry_bar,event,covered_call,,missing_decision_or_entry_bar,,,False,,H23,0,AIG,,primary,0.010080588399268777,15.28122907285531,2024
,,,4d8c0fbedf0848b26a021499,time_value,,,1,1,2024-12-02,2024-12-02,,,732,,,2024-12-03,733,False,,,2024-12-02,,,,,,,"{""market_momentum"": 0.061532779966235296, ""market_volatility"": 0.007684733738372533, ""momentum"": 0.0017132314180285935, ""volatility"": 0.010080588399268777, ""volume_state"": 15.28122907285531}",assumed_next_daily_close,,3,0000005272,,0.061532779966235296,0.007684733738372533,0.0017132314180285935,,,,,,,915793df3a040cd0c802d9f2,False,,,,,,,,,,,,,,,,,,,,,,,,,,,,,,,,,,,,,,,,,,,,,,,,bounded_preclose_bid_ask,,,,False,not_requested_for_horizon_or_variant,,,missing_decision_or_entry_bar,event,covered_call,,missing_decision_or_entry_bar,,,True,,H23,0,AIG,,primary,0.010080588399268777,15.28122907285531,2024
,,,4d8c0fbedf0848b26a021499,time_value,,,1,1,2024-12-02,2024-12-02,,,732,,,2024-12-03,733,False,,,2024-12-02,,,,,,,"{""market_momentum"": 0.061532779966235296, ""market_volatility"": 0.007684733738372533, ""momentum"": 0.0017132314180285935, ""volatility"": 0.010080588399268777, ""volume_state"": 15.28122907285531}",assumed_next_daily_close,,5,0000005272,,0.061532779966235296,0.007684733738372533,0.0017132314180285935,,,,,,,915793df3a040cd0c802d9f2,False,,,,,,,,,,,,,,,,,,,,,,,,,,,,,,,,,,,,,,,,,,,,,,,,bounded_preclose_bid_ask,,,,False,not_requested_for_horizon_or_variant,,,missing_decision_or_entry_bar,event,covered_call,,missing_decision_or_entry_bar,,,False,,H23,0,AIG,,primary,0.010080588399268777,15.28122907285531,2024
,,,4d8c0fbedf0848b26a021499,time_value,,,1,1,2024-12-02,2024-12-02,,,732,,,2024-12-03,733,False,,,2024-12-02,,,,,,,"{""market_momentum"": 0.061532779966235296, ""market_volatility"": 0.007684733738372533, ""momentum"": 0.0017132314180285935, ""volatility"": 0.010080588399268777, ""volume_state"": 15.28122907285531}",assumed_next_daily_close,,5,0000005272,,0.061532779966235296,0.007684733738372533,0.0017132314180285935,,,,,,,915793df3a040cd0c802d9f2,False,,,,,,,,,,,,,,,,,,,,,,,,,,,,,,,,,,,,,,,,,,,,,,,,bounded_preclose_bid_ask,,,,False,not_requested_for_horizon_or_variant,,,missing_decision_or_entry_bar,event,covered_call,,missing_decision_or_entry_bar,,,True,,H23,0,AIG,,primary,0.010080588399268777,15.28122907285531,2024
,,,4d8c0fbedf0848b26a021499,time_value,,,1,1,2024-12-02,2024-12-02,,,732,,,2024-12-03,733,False,,,2024-12-02,,,,,,,"{""market_momentum"": 0.061532779966235296, ""market_volatility"": 0.007684733738372533, ""momentum"": 0.0017132314180285935, ""volatility"": 0.010080588399268777, ""volume_state"": 15.28122907285531}",assumed_next_daily_close,,10,0000005272,,0.061532779966235296,0.007684733738372533,0.0017132314180285935,,,,,,,915793df3a040cd0c802d9f2,False,,,,,,,,,,,,,,,,,,,,,,,,,,,,,,,,,,,,,,,,,,,,,,,,bounded_preclose_bid_ask,,,,False,bar_outcome_not_completed,,,missing_decision_or_entry_bar,event,covered_call,,missing_decision_or_entry_bar,,,False,,H23,0,AIG,,primary,0.010080588399268777,15.28122907285531,2024
,,,4d8c0fbedf0848b26a021499,time_value,,,1,1,2024-12-02,2024-12-02,,,732,,,2024-12-03,733,False,,,2024-12-02,,,,,,,"{""market_momentum"": 0.061532779966235296, ""market_volatility"": 0.007684733738372533, ""momentum"": 0.0017132314180285935, ""volatility"": 0.010080588399268777, ""volume_state"": 15.28122907285531}",assumed_next_daily_close,,10,0000005272,,0.061532779966235296,0.007684733738372533,0.0017132314180285935,,,,,,,915793df3a040cd0c802d9f2,False,,,,,,,,,,,,,,,,,,,,,,,,,,,,,,,,,,,,,,,,,,,,,,,,bounded_preclose_bid_ask,,,,False,bar_outcome_not_completed,,,missing_decision_or_entry_bar,event,covered_call,,missing_decision_or_entry_bar,,,True,,H23,0,AIG,,primary,0.010080588399268777,15.28122907285531,2024
,,,4d8c0fbedf0848b26a021499,time_value,,,1,1,2024-12-02,2024-12-02,,,732,,,2024-12-03,733,False,,,2024-12-02,,,,,,,"{""market_momentum"": 0.061532779966235296, ""market_volatility"": 0.007684733738372533, ""momentum"": 0.0017132314180285935, ""volatility"": 0.010080588399268777, ""volume_state"": 15.28122907285531}",assumed_next_daily_close,,21,0000005272,,0.061532779966235296,0.007684733738372533,0.0017132314180285935,,,,,,,915793df3a040cd0c802d9f2,False,,,,,,,,,,,,,,,,,,,,,,,,,,,,,,,,,,,,,,,,,,,,,,,,bounded_preclose_bid_ask,,,,False,not_requested_for_horizon_or_variant,,,missing_decision_or_entry_bar,event,covered_call,,missing_decision_or_entry_bar,,,False,,H23,0,AIG,,primary,0.010080588399268777,15.28122907285531,2024
,,,4d8c0fbedf0848b26a021499,time_value,,,1,1,2024-12-02,2024-12-02,,,732,,,2024-12-03,733,False,,,2024-12-02,,,,,,,"{""market_momentum"": 0.061532779966235296, ""market_volatility"": 0.007684733738372533, ""momentum"": 0.0017132314180285935, ""volatility"": 0.010080588399268777, ""volume_state"": 15.28122907285531}",assumed_next_daily_close,,21,0000005272,,0.061532779966235296,0.007684733738372533,0.0017132314180285935,,,,,,,915793df3a040cd0c802d9f2,False,,,,,,,,,,,,,,,,,,,,,,,,,,,,,,,,,,,,,,,,,,,,,,,,bounded_preclose_bid_ask,,,,False,not_requested_for_horizon_or_variant,,,missing_decision_or_entry_bar,event,covered_call,,missing_decision_or_entry_bar,,,True,,H23,0,AIG,,primary,0.010080588399268777,15.28122907285531,2024
,,,4d8c0fbedf0848b26a021499,time_value,,,1,1,2024-12-02,2024-12-02,,,732,,,2024-12-03,733,False,,,2024-12-02,,,,,,,"{""market_momentum"": 0.061532779966235296, ""market_volatility"": 0.007684733738372533, ""momentum"": 0.0017132314180285935, ""volatility"": 0.010080588399268777, ""volume_state"": 15.28122907285531}",assumed_next_daily_close,,42,0000005272,,0.061532779966235296,0.007684733738372533,0.0017132314180285935,,,,,,,915793df3a040cd0c802d9f2,False,,,,,,,,,,,,,,,,,,,,,,,,,,,,,,,,,,,,,,,,,,,,,,,,bounded_preclose_bid_ask,,,,False,not_requested_for_horizon_or_variant,,,missing_decision_or_entry_bar,event,covered_call,,missing_decision_or_entry_bar,,,False,,H23,0,AIG,,primary,0.010080588399268777,15.28122907285531,2024
,,,4d8c0fbedf0848b26a021499,time_value,,,1,1,2024-12-02,2024-12-02,,,732,,,2024-12-03,733,False,,,2024-12-02,,,,,,,"{""market_momentum"": 0.061532779966235296, ""market_volatility"": 0.007684733738372533, ""momentum"": 0.0017132314180285935, ""volatility"": 0.010080588399268777, ""volume_state"": 15.28122907285531}",assumed_next_daily_close,,42,0000005272,,0.061532779966235296,0.007684733738372533,0.0017132314180285935,,,,,,,915793df3a040cd0c802d9f2,False,,,,,,,,,,,,,,,,,,,,,,,,,,,,,,,,,,,,,,,,,,,,,,,,bounded_preclose_bid_ask,,,,False,not_requested_for_horizon_or_variant,,,missing_decision_or_entry_bar,event,covered_call,,missing_decision_or_entry_bar,,,True,,H23,0,AIG,,primary,0.010080588399268777,15.28122907285531,2024
,,,4d8c0fbedf0848b26a021499,time_value,,,1,1,2024-12-02,2024-12-02,,,732,,,2024-12-03,733,False,,,2024-12-02,,,,,,,"{""market_momentum"": 0.061532779966235296, ""market_volatility"": 0.007684733738372533, ""momentum"": 0.0017132314180285935, ""volatility"": 0.010080588399268777, ""volume_state"": 15.28122907285531}",assumed_next_daily_close,,63,0000005272,,0.061532779966235296,0.007684733738372533,0.0017132314180285935,,,,,,,915793df3a040cd0c802d9f2,False,,,,,,,,,,,,,,,,,,,,,,,,,,,,,,,,,,,,,,,,,,,,,,,,bounded_preclose_bid_ask,,,,False,not_requested_for_horizon_or_variant,,,missing_decision_or_entry_bar,event,covered_call,,missing_decision_or_entry_bar,,,False,,H23,0,AIG,,primary,0.010080588399268777,15.28122907285531,2024
,,,4d8c0fbedf0848b26a021499,time_value,,,1,1,2024-12-02,2024-12-02,,,732,,,2024-12-03,733,False,,,2024-12-02,,,,,,,"{""market_momentum"": 0.061532779966235296, ""market_volatility"": 0.007684733738372533, ""momentum"": 0.0017132314180285935, ""volatility"": 0.010080588399268777, ""volume_state"": 15.28122907285531}",assumed_next_daily_close,,63,0000005272,,0.061532779966235296,0.007684733738372533,0.0017132314180285935,,,,,,,915793df3a040cd0c802d9f2,False,,,,,,,,,,,,,,,,,,,,,,,,,,,,,,,,,,,,,,,,,,,,,,,,bounded_preclose_bid_ask,,,,False,not_requested_for_horizon_or_variant,,,missing_decision_or_entry_bar,event,covered_call,,missing_decision_or_entry_bar,,,True,,H23,0,AIG,,primary,0.010080588399268777,15.28122907285531,2024
,,,4d8c0fbedf0848b26a021499,time_value,,,1,1,2024-12-02,2024-12-02,,,732,,,2024-12-03,733,False,,,2024-12-02,,,,,,,"{""market_momentum"": 0.061532779966235296, ""market_volatility"": 0.007684733738372533, ""momentum"": 0.0017132314180285935, ""volatility"": 0.010080588399268777, ""volume_state"": 15.28122907285531}",assumed_next_daily_close,,expiry,0000005272,,0.061532779966235296,0.007684733738372533,0.0017132314180285935,,,,,,,915793df3a040cd0c802d9f2,False,,,,,,,,,,,,,,,,,,,,,,,,,,,,,,,,,,,,,,,,,,,,,,,,bounded_preclose_bid_ask,,,,False,not_requested_for_horizon_or_variant,,,missing_decision_or_entry_bar,event,covered_call,,missing_decision_or_entry_bar,,,False,,H23,0,AIG,,primary,0.010080588399268777,15.28122907285531,2024
,,,4d8c0fbedf0848b26a021499,time_value,,,1,1,2024-12-02,2024-12-02,,,732,,,2024-12-03,733,False,,,2024-12-02,,,,,,,"{""market_momentum"": 0.061532779966235296, ""market_volatility"": 0.007684733738372533, ""momentum"": 0.0017132314180285935, ""volatility"": 0.010080588399268777, ""volume_state"": 15.28122907285531}",assumed_next_daily_close,,expiry,0000005272,,0.061532779966235296,0.007684733738372533,0.0017132314180285935,,,,,,,915793df3a040cd0c802d9f2,False,,,,,,,,,,,,,,,,,,,,,,,,,,,,,,,,,,,,,,,,,,,,,,,,bounded_preclose_bid_ask,,,,False,not_requested_for_horizon_or_variant,,,missing_decision_or_entry_bar,event,covered_call,,missing_decision_or_entry_bar,,,True,,H23,0,AIG,,primary,0.010080588399268777,15.28122907285531,2024
0.059126473209864305,2025-03-18,803,52878e07b18f1780d12185da,time_value,37.1106,O:AMD250718P00095000,1,1,2025-03-14,2025-03-14,126,0.07279389917797366,801,0.0,0.010903145616215705,2025-03-17,802,True,2025-03-18,803,2025-03-14,569,43689523.0,2025-03-18,scheduled_exit,803,2025-07-18,"{""market_momentum"": -0.0672069742773801, ""market_volatility"": 0.01253504135747289, ""momentum"": -0.09622269960615826, ""volatility"": 0.024303179473143182, ""volume_state"": 17.372110980500352}",assumed_next_daily_close,10459.0,1,0000002488,0,-0.0672069742773801,0.01253504135747289,-0.09622269960615826,-114.03600000000006,-0.010903145616215705,33.925399999999996,5.4,6.05,64.99999999999994,94abbd3bae510cb507b576d2,True,0.0019569471624266144,511,2.9606419950842684e-06,33776458.0,,,,,,,,,,,,,,,,,,,,,,,,,,,,,,,,,,,,,,,,,,,,bounded_preclose_bid_ask,,,,False,not_requested_for_horizon_or_variant,,,,event,protective_put,100,completed,104.59,103.51,False,-108.0,H23,0,AMD,71.036,primary,0.024303179473143182,17.372110980500352,2025
0.059126473209864305,2025-03-18,803,52878e07b18f1780d12185da,time_value,6.2105999999999995,O:AMD250718P00095000,1,1,2025-03-14,2025-03-14,126,0.07279389917797366,801,0.0,0.011519839372788986,2025-03-17,802,True,2025-03-18,803,2025-03-14,569,43689523.0,2025-03-18,scheduled_exit,803,2025-07-18,"{""market_momentum"": -0.0672069742773801, ""market_volatility"": 0.01253504135747289, ""momentum"": -0.09622269960615826, ""volatility"": 0.024303179473143182, ""volume_state"": 17.372110980500352}",assumed_next_daily_close,10459.0,1,0000002488,0,-0.0672069742773801,0.01253504135747289,-0.09622269960615826,-120.486,-0.011519839372788986,6.275399999999999,5.4,0.0,-0.0,94abbd3bae510cb507b576d2,True,0.0019569471624266144,511,2.9606419950842684e-06,33776458.0,,,,,,,,,,,,,,,,,,,,,,,,,,,,,,,,,,,,,,,,,,,,bounded_preclose_bid_ask,,,,False,not_requested_for_horizon_or_variant,,,,event,protective_put,100,completed,104.59,103.51,True,-108.0,H23,0,AMD,12.485999999999999,primary,0.024303179473143182,17.372110980500352,2025
0.059126473209864305,2025-03-19,804,52878e07b18f1780d12185da,time_value,30.8238,O:AMD250718P00095000,1,1,2025-03-14,2025-03-14,126,0.07279389917797366,801,0.0,0.010903145616215708,2025-03-17,802,True,2025-03-19,804,2025-03-14,569,43689523.0,2025-03-19,scheduled_exit,804,2025-07-18,"{""market_momentum"": -0.0672069742773801, ""market_volatility"": 0.01253504135747289, ""momentum"": -0.09622269960615826, ""volatility"": 0.024303179473143182, ""volume_state"": 17.372110980500352}",assumed_next_daily_close,10459.0,2,0000002488,0,-0.0672069742773801,0.01253504135747289,-0.09622269960615826,35.25079999999995,0.0033703795773974516,33.925399999999996,5.4,4.76,-64.00000000000006,94abbd3bae510cb507b576d2,True,0.0019569471624266144,511,2.9606419950842684e-06,33776458.0,,,,,,,,,,,,,,,,,,,,,,,,,,,,,,,,,,,,,,,,,,,,bounded_preclose_bid_ask,,,,False,not_requested_for_horizon_or_variant,,,,event,protective_put,100,completed,104.59,106.23,False,164.0,H23,0,AMD,64.7492,primary,0.024303179473143182,17.372110980500352,2025
0.059126473209864305,2025-03-19,804,52878e07b18f1780d12185da,time_value,6.373799999999999,O:AMD250718P00095000,1,1,2025-03-14,2025-03-14,126,0.07279389917797366,801,0.0,0.011519839372789028,2025-03-17,802,True,2025-03-19,804,2025-03-14,569,43689523.0,2025-03-19,scheduled_exit,804,2025-07-18,"{""market_momentum"": -0.0672069742773801, ""market_volatility"": 0.01253504135747289, ""momentum"": -0.09622269960615826, ""volatility"": 0.024303179473143182, ""volume_state"": 17.372110980500352}",assumed_next_daily_close,10459.0,2,0000002488,0,-0.0672069742773801,0.01253504135747289,-0.09622269960615826,151.35080000000002,0.01447086719571661,6.275399999999999,5.4,0.0,-0.0,94abbd3bae510cb507b576d2,True,0.0019569471624266144,511,2.9606419950842684e-06,33776458.0,,,,,,,,,,,,,,,,,,,,,,,,,,,,,,,,,,,,,,,,,,,,bounded_preclose_bid_ask,,,,False,not_requested_for_horizon_or_variant,,,,event,protective_put,100,completed,104.59,106.23,True,164.0,H23,0,AMD,12.649199999999999,primary,0.024303179473143182,17.372110980500352,2025
0.059126473209864305,2025-03-20,805,52878e07b18f1780d12185da,time_value,31.578400000000002,O:AMD250718P00095000,1,1,2025-03-14,2025-03-14,126,0.07279389917797366,801,0.0,0.010903145616215708,2025-03-17,802,True,2025-03-20,805,2025-03-14,569,43689523.0,2025-03-20,scheduled_exit,805,2025-07-18,"{""market_momentum"": -0.0672069742773801, ""market_volatility"": 0.01253504135747289, ""momentum"": -0.09622269960615826, ""volatility"": 0.024303179473143182, ""volume_state"": 17.372110980500352}",assumed_next_daily_close,10459.0,3,0000002488,0,-0.0672069742773801,0.01253504135747289,-0.09622269960615826,139.4962,0.013337431876852471,33.925399999999996,5.4,4.9,-50.0,94abbd3bae510cb507b576d2,True,0.0019569471624266144,511,2.9606419950842684e-06,33776458.0,,,,,,,,,,,,,,,,,,,,,,,,,,,,,,,,,,,,,,,,,,,,bounded_preclose_bid_ask,,,,False,not_requested_for_horizon_or_variant,,,,event,protective_put,100,completed,104.59,107.14,False,255.0,H23,0,AMD,65.5038,primary,0.024303179473143182,17.372110980500352,2025
0.059126473209864305,2025-03-20,805,52878e07b18f1780d12185da,time_value,6.428399999999999,O:AMD250718P00095000,1,1,2025-03-14,2025-03-14,126,0.07279389917797366,801,0.0,0.011519839372789028,2025-03-17,802,True,2025-03-20,805,2025-03-14,569,43689523.0,2025-03-20,scheduled_exit,805,2025-07-18,"{""market_momentum"": -0.0672069742773801, ""market_volatility"": 0.01253504135747289, ""momentum"": -0.09622269960615826, ""volatility"": 0.024303179473143182, ""volume_state"": 17.372110980500352}",assumed_next_daily_close,10459.0,3,0000002488,0,-0.0672069742773801,0.01253504135747289,-0.09622269960615826,242.2962,0.023166287407973992,6.275399999999999,5.4,0.0,-0.0,94abbd3bae510cb507b576d2,True,0.0019569471624266144,511,2.9606419950842684e-06,33776458.0,,,,,,,,,,,,,,,,,,,,,,,,,,,,,,,,,,,,,,,,,,,,bounded_preclose_bid_ask,,,,False,not_requested_for_horizon_or_variant,,,,event,protective_put,100,completed,104.59,107.14,True,255.0,H23,0,AMD,12.703799999999998,primary,0.024303179473143182,17.372110980500352,2025
0.059126473209864305,2025-03-24,807,52878e07b18f1780d12185da,time_value,22.731,O:AMD250718P00095000,1,1,2025-03-14,2025-03-14,126,0.07279389917797366,801,0.0,0.010903145616215708,2025-03-17,802,True,2025-03-24,807,2025-03-14,569,43689523.0,2025-03-24,scheduled_exit,807,2025-07-18,"{""market_momentum"": -0.0672069742773801, ""market_volatility"": 0.01253504135747289, ""momentum"": -0.09622269960615826, ""volatility"": 0.024303179473143182, ""volume_state"": 17.372110980500352}",assumed_next_daily_close,10459.0,5,0000002488,0,-0.0672069742773801,0.01253504135747289,-0.09622269960615826,634.3436,0.06065050196003442,33.925399999999996,5.4,3.05,-235.00000000000006,94abbd3bae510cb507b576d2,True,0.0019569471624266144,511,2.9606419950842684e-06,33776458.0,,,,,,,,,,,,,,,,,,,,,,,,,,,,,,,,,,,,,,,,,,,,bounded_preclose_bid_ask,,,,False,not_requested_for_horizon_or_variant,,,,event,protective_put,100,completed,104.59,113.85,False,926.0,H23,0,AMD,56.6564,primary,0.024303179473143182,17.372110980500352,2025
0.059126473209864305,2025-03-24,807,52878e07b18f1780d12185da,time_value,6.8309999999999995,O:AMD250718P00095000,1,1,2025-03-14,2025-03-14,126,0.07279389917797366,801,0.0,0.011519839372789028,2025-03-17,802,True,2025-03-24,807,2025-03-14,569,43689523.0,2025-03-24,scheduled_exit,807,2025-07-18,"{""market_momentum"": -0.0672069742773801, ""market_volatility"": 0.01253504135747289, ""momentum"": -0.09622269960615826, ""volatility"": 0.024303179473143182, ""volume_state"": 17.372110980500352}",assumed_next_daily_close,10459.0,5,0000002488,0,-0.0672069742773801,0.01253504135747289,-0.09622269960615826,912.8936,0.08728306721483889,6.275399999999999,5.4,0.0,-0.0,94abbd3bae510cb507b576d2,True,0.0019569471624266144,511,2.9606419950842684e-06,33776458.0,,,,,,,,,,,,,,,,,,,,,,,,,,,,,,,,,,,,,,,,,,,,bounded_preclose_bid_ask,,,,False,not_requested_for_horizon_or_variant,,,,event,protective_put,100,completed,104.59,113.85,True,926.0,H23,0,AMD,13.106399999999999,primary,0.024303179473143182,17.372110980500352,2025
0.059126473209864305,2025-03-31,812,52878e07b18f1780d12185da,time_value,36.8144,O:AMD250718P00095000,1,1,2025-03-14,2025-03-14,126,0.07279389917797366,801,0.0,0.018714963189597478,2025-03-17,802,True,2025-03-31,812,2025-03-14,569,43689523.0,2025-03-31,scheduled_exit,812,2025-07-18,"{""market_momentum"": -0.0672069742773801, ""market_volatility"": 0.01253504135747289, ""momentum"": -0.09622269960615826, ""volatility"": 0.024303179473143182, ""volume_state"": 17.372110980500352}",assumed_next_daily_close,10459.0,10,0000002488,0,-0.0672069742773801,0.01253504135747289,-0.09622269960615826,-195.73980000000003,-0.018714963189597478,33.925399999999996,5.4,6,59.999999999999964,94abbd3bae510cb507b576d2,True,0.0019569471624266144,511,2.9606419950842684e-06,33776458.0,True,0.1093312,7.35,30,6.95,18,0.05594405594405587,0.001320213,100.97,1900,100.96,100,9.904422324572987e-05,137,,5.75,2.306929664,5.75,142,5.6,554,0.026431718061674072,104.6,0.005229664,104.6,800,104.58,11400,0.00019122287025524447,5.95,0.73316736,6.1,115,5.95,137,0.024896265560165887,102.73,0.044297436,102.74,21600,102.73,200,9.733781087254495e-05,bounded_preclose_bid_ask,-184.146599999999,-0.017604837476099332,20.000000000000018,False,completed_bounded_proxy,-186.99999999999903,17.146600000000003,,event,protective_put,100,completed,104.59,102.74,False,-185.0,H23,0,AMD,70.7398,primary,0.024303179473143182,17.372110980500352,2025
0.059126473209864305,2025-03-31,812,52878e07b18f1780d12185da,time_value,6.1644,O:AMD250718P00095000,1,1,2025-03-14,2025-03-14,126,0.07279389917797366,801,0.0,0.018877502629314466,2025-03-17,802,True,2025-03-31,812,2025-03-14,569,43689523.0,2025-03-31,scheduled_exit,812,2025-07-18,"{""market_momentum"": -0.0672069742773801, ""market_volatility"": 0.01253504135747289, ""momentum"": -0.09622269960615826, ""volatility"": 0.024303179473143182, ""volume_state"": 17.372110980500352}",assumed_next_daily_close,10459.0,10,0000002488,0,-0.0672069742773801,0.01253504135747289,-0.09622269960615826,-197.4398,-0.018877502629314466,6.275399999999999,5.4,0.0,-0.0,94abbd3bae510cb507b576d2,True,0.0019569471624266144,511,2.9606419950842684e-06,33776458.0,True,0.1093312,7.35,30,6.95,18,0.05594405594405587,0.001320213,100.97,1900,100.96,100,9.904422324572987e-05,137,,0.0,2.306929664,5.75,142,5.6,554,0.026431718061674072,104.6,0.005229664,104.6,800,104.58,11400,0.00019122287025524447,0.0,0.73316736,6.1,115,5.95,137,0.024896265560165887,102.73,0.044297436,102.74,21600,102.73,200,9.733781087254495e-05,bounded_preclose_bid_ask,-191.14659999999904,-0.018274053537284802,0.0,False,completed_bounded_proxy,-186.99999999999903,4.1466,,event,protective_put,100,completed,104.59,102.74,True,-185.0,H23,0,AMD,12.439799999999998,primary,0.024303179473143182,17.372110980500352,2025
0.059126473209864305,2025-04-15,823,52878e07b18f1780d12185da,time_value,52.9174,O:AMD250718P00095000,1,1,2025-03-14,2025-03-14,126,0.07279389917797366,801,0.0,0.11595448895687925,2025-03-17,802,True,2025-04-15,823,2025-03-14,569,43689523.0,2025-04-15,scheduled_exit,823,2025-07-18,"{""market_momentum"": -0.0672069742773801, ""market_volatility"": 0.01253504135747289, ""momentum"": -0.09622269960615826, ""volatility"": 0.024303179473143182, ""volume_state"": 17.372110980500352}",assumed_next_daily_close,10459.0,21,0000002488,0,-0.0672069742773801,0.01253504135747289,-0.09622269960615826,-625.8428,-0.05983772827230137,33.925399999999996,5.4,9.31,391.0,94abbd3bae510cb507b576d2,True,0.0019569471624266144,511,2.9606419950842684e-06,33776458.0,,,,,,,,,,,,,,,,,,,,,,,,,,,,,,,,,,,,,,,,,,,,bounded_preclose_bid_ask,,,,False,not_requested_for_horizon_or_variant,,,,event,protective_put,100,completed,104.59,95.29,False,-930.0,H23,0,AMD,86.8428,primary,0.024303179473143182,17.372110980500352,2025
0.059126473209864305,2025-04-15,823,52878e07b18f1780d12185da,time_value,5.7174,O:AMD250718P00095000,1,1,2025-03-14,2025-03-14,126,0.07279389917797366,801,0.0,0.2532716320871977,2025-03-17,802,True,2025-04-15,823,2025-03-14,569,43689523.0,2025-04-15,scheduled_exit,823,2025-07-18,"{""market_momentum"": -0.0672069742773801, ""market_volatility"": 0.01253504135747289, ""momentum"": -0.09622269960615826, ""volatility"": 0.024303179473143182, ""volume_state"": 17.372110980500352}",assumed_next_daily_close,10459.0,21,0000002488,0,-0.0672069742773801,0.01253504135747289,-0.09622269960615826,-941.9928,-0.09006528348790516,6.275399999999999,5.4,0.0,-0.0,94abbd3bae510cb507b576d2,True,0.0019569471624266144,511,2.9606419950842684e-06,33776458.0,,,,,,,,,,,,,,,,,,,,,,,,,,,,,,,,,,,,,,,,,,,,bounded_preclose_bid_ask,,,,False,not_requested_for_horizon_or_variant,,,,event,protective_put,100,completed,104.59,95.29,True,-930.0,H23,0,AMD,11.992799999999999,primary,0.024303179473143182,17.372110980500352,2025
0.059126473209864305,2025-05-15,844,52878e07b18f1780d12185da,time_value,15.6494,O:AMD250718P00095000,1,1,2025-03-14,2025-03-14,126,0.07279389917797366,801,0.0,0.11595448895687925,2025-03-17,802,True,2025-05-15,844,2025-03-14,569,43689523.0,2025-05-15,scheduled_exit,844,2025-07-18,"{""market_momentum"": -0.0672069742773801, ""market_volatility"": 0.01253504135747289, ""momentum"": -0.09622269960615826, ""volatility"": 0.024303179473143182, ""volume_state"": 17.372110980500352}",assumed_next_daily_close,10459.0,42,0000002488,0,-0.0672069742773801,0.01253504135747289,-0.09622269960615826,612.4252,0.05855485228033273,33.925399999999996,5.4,1.62,-378.0,94abbd3bae510cb507b576d2,True,0.0019569471624266144,511,2.9606419950842684e-06,33776458.0,,,,,,,,,,,,,,,,,,,,,,,,,,,,,,,,,,,,,,,,,,,,bounded_preclose_bid_ask,,,,False,not_requested_for_horizon_or_variant,,,,event,protective_put,100,completed,104.59,114.99,False,1040.0,H23,0,AMD,49.574799999999996,primary,0.024303179473143182,17.372110980500352,2025
0.059126473209864305,2025-05-15,844,52878e07b18f1780d12185da,time_value,6.899399999999999,O:AMD250718P00095000,1,1,2025-03-14,2025-03-14,126,0.07279389917797366,801,0.0,0.2532716320871977,2025-03-17,802,True,2025-05-15,844,2025-03-14,569,43689523.0,2025-05-15,scheduled_exit,844,2025-07-18,"{""market_momentum"": -0.0672069742773801, ""market_volatility"": 0.01253504135747289, ""momentum"": -0.09622269960615826, ""volatility"": 0.024303179473143182, ""volume_state"": 17.372110980500352}",assumed_next_daily_close,10459.0,42,0000002488,0,-0.0672069742773801,0.01253504135747289,-0.09622269960615826,1026.8252,0.09817623099722726,6.275399999999999,5.4,0.0,-0.0,94abbd3bae510cb507b576d2,True,0.0019569471624266144,511,2.9606419950842684e-06,33776458.0,,,,,,,,,,,,,,,,,,,,,,,,,,,,,,,,,,,,,,,,,,,,bounded_preclose_bid_ask,,,,False,not_requested_for_horizon_or_variant,,,,event,protective_put,100,completed,104.59,114.99,True,1040.0,H23,0,AMD,13.174799999999998,primary,0.024303179473143182,17.372110980500352,2025
0.059126473209864305,2025-06-16,865,52878e07b18f1780d12185da,time_value,9.4834,O:AMD250718P00095000,1,1,2025-03-14,2025-03-14,126,0.07279389917797366,801,0.0,0.11595448895687925,2025-03-17,802,True,2025-06-16,865,2025-03-14,569,43689523.0,2025-06-16,scheduled_exit,865,2025-07-18,"{""market_momentum"": -0.0672069742773801, ""market_volatility"": 0.01253504135747289, ""momentum"": -0.09622269960615826, ""volatility"": 0.024303179473143182, ""volume_state"": 17.372110980500352}",assumed_next_daily_close,10459.0,63,0000002488,0,-0.0672069742773801,0.01253504135747289,-0.09622269960615826,1621.5911999999998,0.15504266182235393,33.925399999999996,5.4,0.25,-515.0,94abbd3bae510cb507b576d2,True,0.0019569471624266144,511,2.9606419950842684e-06,33776458.0,,,,,,,,,,,,,,,,,,,,,,,,,,,,,,,,,,,,,,,,,,,,bounded_preclose_bid_ask,,,,False,not_requested_for_horizon_or_variant,,,,event,protective_put,100,completed,104.59,126.39,False,2180.0,H23,0,AMD,43.4088,primary,0.024303179473143182,17.372110980500352,2025
0.059126473209864305,2025-06-16,865,52878e07b18f1780d12185da,time_value,7.583399999999999,O:AMD250718P00095000,1,1,2025-03-14,2025-03-14,126,0.07279389917797366,801,0.0,0.2532716320871977,2025-03-17,802,True,2025-06-16,865,2025-03-14,569,43689523.0,2025-06-16,scheduled_exit,865,2025-07-18,"{""market_momentum"": -0.0672069742773801, ""market_volatility"": 0.01253504135747289, ""momentum"": -0.09622269960615826, ""volatility"": 0.024303179473143182, ""volume_state"": 17.372110980500352}",assumed_next_daily_close,10459.0,63,0000002488,0,-0.0672069742773801,0.01253504135747289,-0.09622269960615826,2166.1412,0.207107868821111,6.275399999999999,5.4,0.0,-0.0,94abbd3bae510cb507b576d2,True,0.0019569471624266144,511,2.9606419950842684e-06,33776458.0,,,,,,,,,,,,,,,,,,,,,,,,,,,,,,,,,,,,,,,,,,,,bounded_preclose_bid_ask,,,,False,not_requested_for_horizon_or_variant,,,,event,protective_put,100,completed,104.59,126.39,True,2180.0,H23,0,AMD,13.858799999999999,primary,0.024303179473143182,17.372110980500352,2025
0.059126473209864305,2025-07-18,887,52878e07b18f1780d12185da,time_value,10.0694,O:AMD250718P00095000,1,1,2025-03-14,2025-03-14,126,0.07279389917797366,801,0.0,0.11595448895687925,2025-03-17,802,True,2025-07-18,887,2025-03-14,569,43689523.0,2025-07-18,expiry_worthless,887,2025-07-18,"{""market_momentum"": -0.0672069742773801, ""market_volatility"": 0.01253504135747289, ""momentum"": -0.09622269960615826, ""volatility"": 0.024303179473143182, ""volume_state"": 17.372110980500352}",assumed_next_daily_close,10459.0,expiry,0000002488,0,-0.0672069742773801,0.01253504135747289,-0.09622269960615826,4656.0052,0.4451673391337604,33.925399999999996,5.4,0.0,-540.0,94abbd3bae510cb507b576d2,True,0.0019569471624266144,511,2.9606419950842684e-06,33776458.0,,,,,,,,,,,,,,,,,,,,,,,,,,,,,,,,,,,,,,,,,,,,bounded_preclose_bid_ask,,,,False,not_requested_for_horizon_or_variant,,,,event,protective_put,100,completed,104.59,156.99,False,5240.0,H23,0,AMD,43.9948,primary,0.024303179473143182,17.372110980500352,2025
0.059126473209864305,2025-07-18,887,52878e07b18f1780d12185da,time_value,9.4194,O:AMD250718P00095000,1,1,2025-03-14,2025-03-14,126,0.07279389917797366,801,0.0,0.2532716320871977,2025-03-17,802,True,2025-07-18,887,2025-03-14,569,43689523.0,2025-07-18,scheduled_exit,887,2025-07-18,"{""market_momentum"": -0.0672069742773801, ""market_volatility"": 0.01253504135747289, ""momentum"": -0.09622269960615826, ""volatility"": 0.024303179473143182, ""volume_state"": 17.372110980500352}",assumed_next_daily_close,10459.0,expiry,0000002488,0,-0.0672069742773801,0.01253504135747289,-0.09622269960615826,5224.3052,0.4995033177167989,6.275399999999999,5.4,0.0,-0.0,94abbd3bae510cb507b576d2,True,0.0019569471624266144,511,2.9606419950842684e-06,33776458.0,,,,,,,,,,,,,,,,,,,,,,,,,,,,,,,,,,,,,,,,,,,,bounded_preclose_bid_ask,,,,False,not_requested_for_horizon_or_variant,,,,event,protective_put,100,completed,104.59,156.99,True,5240.0,H23,0,AMD,15.694799999999999,primary,0.024303179473143182,17.372110980500352,2025
0.04736876683529334,2023-05-05,336,54f9b6d8cd259a8059ab69c4,time_value,52.059,O:AXP231020P00145000,1,1,2023-05-03,2023-05-03,170,0.052230471059720125,334,0.0,0.008410536926281884,2023-05-04,335,True,2023-05-05,336,2023-05-03,155,3997870.0,2023-05-05,scheduled_exit,336,2023-10-20,"{""market_momentum"": -0.007129821146124815, ""market_volatility"": 0.007594922702782506, ""momentum"": -0.0706435462205397, ""volatility"": 0.01512464377087702, ""volume_state"": 14.984411485657267}",assumed_next_daily_close,14881.0,1,0000004962,0,-0.007129821146124815,0.007594922702782506,-0.0706435462205397,54.36239999999998,0.0036531415899469107,62.578599999999994,10.6,8.45,-215.00000000000003,9cdf4d0394f4dd253a7057bd,True,0.004975124378109453,201,3.5607080425214055e-05,2808430.2,,,,,,,,,,,,,,,,,,,,,,,,,,,,,,,,,,,,,,,,,,,,bounded_preclose_bid_ask,,,,False,not_requested_for_horizon_or_variant,,,,event,protective_put,100,completed,148.81,152.65,False,384.0,H23,0,AXP,114.63759999999999,primary,0.01512464377087702,14.984411485657267,2023
0.04736876683529334,2023-05-05,336,54f9b6d8cd259a8059ab69c4,time_value,9.158999999999999,O:AXP231020P00145000,1,1,2023-05-03,2023-05-03,170,0.052230471059720125,334,0.0,0.0011999999999999515,2023-05-04,335,True,2023-05-05,336,2023-05-03,155,3997870.0,2023-05-05,scheduled_exit,336,2023-10-20,"{""market_momentum"": -0.007129821146124815, ""market_volatility"": 0.007594922702782506, ""momentum"": -0.0706435462205397, ""volatility"": 0.01512464377087702, ""volume_state"": 14.984411485657267}",assumed_next_daily_close,14881.0,1,0000004962,0,-0.007129821146124815,0.007594922702782506,-0.0706435462205397,365.9124,0.024589234594449297,8.9286,10.6,0.0,-0.0,9cdf4d0394f4dd253a7057bd,True,0.004975124378109453,201,3.5607080425214055e-05,2808430.2,,,,,,,,,,,,,,,,,,,,,,,,,,,,,,,,,,,,,,,,,,,,bounded_preclose_bid_ask,,,,False,not_requested_for_horizon_or_variant,,,,event,protective_put,100,completed,148.81,152.65,True,384.0,H23,0,AXP,18.0876,primary,0.01512464377087702,14.984411485657267,2023
0.04736876683529334,2023-05-08,337,54f9b6d8cd259a8059ab69c4,time_value,51.33240000000001,O:AXP231020P00145000,1,1,2023-05-03,2023-05-03,170,0.052230471059720125,334,0.0,0.008410536926281884,2023-05-04,335,True,2023-05-08,337,2023-05-03,155,3997870.0,2023-05-08,scheduled_exit,337,2023-10-20,"{""market_momentum"": -0.007129821146124815, ""market_volatility"": 0.007594922702782506, ""momentum"": -0.0706435462205397, ""volatility"": 0.01512464377087702, ""volume_state"": 14.984411485657267}",assumed_next_daily_close,14881.0,2,0000004962,0,-0.007129821146124815,0.007594922702782506,-0.0706435462205397,79.08900000000011,0.005314763792755871,62.578599999999994,10.6,8.3,-229.9999999999999,9cdf4d0394f4dd253a7057bd,True,0.004975124378109453,201,3.5607080425214055e-05,2808430.2,,,,,,,,,,,,,,,,,,,,,,,,,,,,,,,,,,,,,,,,,,,,bounded_preclose_bid_ask,,,,False,not_requested_for_horizon_or_variant,,,,event,protective_put,100,completed,148.81,153.04,False,423.0,H23,0,AXP,113.911,primary,0.01512464377087702,14.984411485657267,2023
0.04736876683529334,2023-05-08,337,54f9b6d8cd259a8059ab69c4,time_value,9.1824,O:AXP231020P00145000,1,1,2023-05-03,2023-05-03,170,0.052230471059720125,334,0.0,0.0011999999999999515,2023-05-04,335,True,2023-05-08,337,2023-05-03,155,3997870.0,2023-05-08,scheduled_exit,337,2023-10-20,"{""market_momentum"": -0.007129821146124815, ""market_volatility"": 0.007594922702782506, ""momentum"": -0.0706435462205397, ""volatility"": 0.01512464377087702, ""volume_state"": 14.984411485657267}",assumed_next_daily_close,14881.0,2,0000004962,0,-0.007129821146124815,0.007594922702782506,-0.0706435462205397,404.889,0.027208453732948057,8.9286,10.6,0.0,-0.0,9cdf4d0394f4dd253a7057bd,True,0.004975124378109453,201,3.5607080425214055e-05,2808430.2,,,,,,,,,,,,,,,,,,,,,,,,,,,,,,,,,,,,,,,,,,,,bounded_preclose_bid_ask,,,,False,not_requested_for_horizon_or_variant,,,,event,protective_put,100,completed,148.81,153.04,True,423.0,H23,0,AXP,18.110999999999997,primary,0.01512464377087702,14.984411485657267,2023
0.04736876683529334,2023-05-09,338,54f9b6d8cd259a8059ab69c4,time_value,48.052800000000005,O:AXP231020P00145000,1,1,2023-05-03,2023-05-03,170,0.052230471059720125,334,0.0,0.008410536926281884,2023-05-04,335,True,2023-05-09,338,2023-05-03,155,3997870.0,2023-05-09,scheduled_exit,338,2023-10-20,"{""market_momentum"": -0.007129821146124815, ""market_volatility"": 0.007594922702782506, ""momentum"": -0.0706435462205397, ""volatility"": 0.01512464377087702, ""volume_state"": 14.984411485657267}",assumed_next_daily_close,14881.0,3,0000004962,0,-0.007129821146124815,0.007594922702782506,-0.0706435462205397,50.3686,0.003384759088770916,62.578599999999994,10.6,7.64,-296.0,9cdf4d0394f4dd253a7057bd,True,0.004975124378109453,201,3.5607080425214055e-05,2808430.2,,,,,,,,,,,,,,,,,,,,,,,,,,,,,,,,,,,,,,,,,,,,bounded_preclose_bid_ask,,,,False,not_requested_for_horizon_or_variant,,,,event,protective_put,100,completed,148.81,153.38,False,457.0,H23,0,AXP,110.6314,primary,0.01512464377087702,14.984411485657267,2023
0.04736876683529334,2023-05-09,338,54f9b6d8cd259a8059ab69c4,time_value,9.2028,O:AXP231020P00145000,1,1,2023-05-03,2023-05-03,170,0.052230471059720125,334,0.0,0.0011999999999999515,2023-05-04,335,True,2023-05-09,338,2023-05-03,155,3997870.0,2023-05-09,scheduled_exit,338,2023-10-20,"{""market_momentum"": -0.007129821146124815, ""market_volatility"": 0.007594922702782506, ""momentum"": -0.0706435462205397, ""volatility"": 0.01512464377087702, ""volume_state"": 14.984411485657267}",assumed_next_daily_close,14881.0,3,0000004962,0,-0.007129821146124815,0.007594922702782506,-0.0706435462205397,438.86859999999996,0.02949187554599825,8.9286,10.6,0.0,-0.0,9cdf4d0394f4dd253a7057bd,True,0.004975124378109453,201,3.5607080425214055e-05,2808430.2,,,,,,,,,,,,,,,,,,,,,,,,,,,,,,,,,,,,,,,,,,,,bounded_preclose_bid_ask,,,,False,not_requested_for_horizon_or_variant,,,,event,protective_put,100,completed,148.81,153.38,True,457.0,H23,0,AXP,18.1314,primary,0.01512464377087702,14.984411485657267,2023
0.04736876683529334,2023-05-11,340,54f9b6d8cd259a8059ab69c4,time_value,58.779399999999995,O:AXP231020P00145000,1,1,2023-05-03,2023-05-03,170,0.052230471059720125,334,0.0,0.018705597742087226,2023-05-04,335,True,2023-05-11,340,2023-05-03,155,3997870.0,2023-05-11,scheduled_exit,340,2023-10-20,"{""market_momentum"": -0.007129821146124815, ""market_volatility"": 0.007594922702782506, ""momentum"": -0.0706435462205397, ""volatility"": 0.01512464377087702, ""volume_state"": 14.984411485657267}",assumed_next_daily_close,14881.0,5,0000004962,0,-0.007129821146124815,0.007594922702782506,-0.0706435462205397,-278.358,-0.018705597742087226,62.578599999999994,10.6,9.85,-75.0,9cdf4d0394f4dd253a7057bd,True,0.004975124378109453,201,3.5607080425214055e-05,2808430.2,,,,,,,,,,,,,,,,,,,,,,,,,,,,,,,,,,,,,,,,,,,,bounded_preclose_bid_ask,,,,False,not_requested_for_horizon_or_variant,,,,event,protective_put,100,completed,148.81,147.99,False,-82.0,H23,0,AXP,121.35799999999999,primary,0.01512464377087702,14.984411485657267,2023
0.04736876683529334,2023-05-11,340,54f9b6d8cd259a8059ab69c4,time_value,8.879399999999999,O:AXP231020P00145000,1,1,2023-05-03,2023-05-03,170,0.052230471059720125,334,0.0,0.006707076137356361,2023-05-04,335,True,2023-05-11,340,2023-05-03,155,3997870.0,2023-05-11,scheduled_exit,340,2023-10-20,"{""market_momentum"": -0.007129821146124815, ""market_volatility"": 0.007594922702782506, ""momentum"": -0.0706435462205397, ""volatility"": 0.01512464377087702, ""volume_state"": 14.984411485657267}",assumed_next_daily_close,14881.0,5,0000004962,0,-0.007129821146124815,0.007594922702782506,-0.0706435462205397,-99.808,-0.006707076137356361,8.9286,10.6,0.0,-0.0,9cdf4d0394f4dd253a7057bd,True,0.004975124378109453,201,3.5607080425214055e-05,2808430.2,,,,,,,,,,,,,,,,,,,,,,,,,,,,,,,,,,,,,,,,,,,,bounded_preclose_bid_ask,,,,False,not_requested_for_horizon_or_variant,,,,event,protective_put,100,completed,148.81,147.99,True,-82.0,H23,0,AXP,17.808,primary,0.01512464377087702,14.984411485657267,2023
0.04736876683529334,2023-05-18,345,54f9b6d8cd259a8059ab69c4,time_value,43.9588,O:AXP231020P00145000,1,1,2023-05-03,2023-05-03,170,0.052230471059720125,334,0.0,0.024375593038102328,2023-05-04,335,True,2023-05-18,345,2023-05-03,155,3997870.0,2023-05-18,scheduled_exit,345,2023-10-20,"{""market_momentum"": -0.007129821146124815, ""market_volatility"": 0.007594922702782506, ""momentum"": -0.0706435462205397, ""volatility"": 0.01512464377087702, ""volume_state"": 14.984411485657267}",assumed_next_daily_close,14881.0,10,0000004962,0,-0.007129821146124815,0.007594922702782506,-0.0706435462205397,-17.537400000001753,-0.0011785095087696897,62.578599999999994,10.6,6.82,-377.99999999999994,9cdf4d0394f4dd253a7057bd,True,0.004975124378109453,201,3.5607080425214055e-05,2808430.2,,,,,,,,,,,,,,,,,,,,,,,,,,,,,,,,,,,,,,,,,,,,bounded_preclose_bid_ask,,,,False,decision_asynchronous_quotes,,,,event,protective_put,100,completed,148.81,153.48,False,466.9999999999982,H23,0,AXP,106.53739999999999,primary,0.01512464377087702,14.984411485657267,2023
0.04736876683529334,2023-05-18,345,54f9b6d8cd259a8059ab69c4,time_value,9.208799999999998,O:AXP231020P00145000,1,1,2023-05-03,2023-05-03,170,0.052230471059720125,334,0.0,0.007110032927894582,2023-05-04,335,True,2023-05-18,345,2023-05-03,155,3997870.0,2023-05-18,scheduled_exit,345,2023-10-20,"{""market_momentum"": -0.007129821146124815, ""market_volatility"": 0.007594922702782506, ""momentum"": -0.0706435462205397, ""volatility"": 0.01512464377087702, ""volume_state"": 14.984411485657267}",assumed_next_daily_close,14881.0,10,0000004962,0,-0.007129821146124815,0.007594922702782506,-0.0706435462205397,448.86259999999817,0.030163470196895248,8.9286,10.6,0.0,-0.0,9cdf4d0394f4dd253a7057bd,True,0.004975124378109453,201,3.5607080425214055e-05,2808430.2,,,,,,,,,,,,,,,,,,,,,,,,,,,,,,,,,,,,,,,,,,,,bounded_preclose_bid_ask,,,,False,decision_asynchronous_quotes,,,,event,protective_put,100,completed,148.81,153.48,True,466.9999999999982,H23,0,AXP,18.1374,primary,0.01512464377087702,14.984411485657267,2023
0.04736876683529334,2023-06-05,356,54f9b6d8cd259a8059ab69c4,time_value,27.9458,O:AXP231020P00145000,1,1,2023-05-03,2023-05-03,170,0.052230471059720125,334,0.0,0.024375593038102328,2023-05-04,335,True,2023-06-05,356,2023-05-03,155,3997870.0,2023-06-05,scheduled_exit,356,2023-10-20,"{""market_momentum"": -0.007129821146124815, ""market_volatility"": 0.007594922702782506, ""momentum"": -0.0706435462205397, ""volatility"": 0.01512464377087702, ""volume_state"": 14.984411485657267}",assumed_next_daily_close,14881.0,21,0000004962,0,-0.007129821146124815,0.007594922702782506,-0.0706435462205397,1056.4756,0.07099493313621397,62.578599999999994,10.6,3.45,-715.0,9cdf4d0394f4dd253a7057bd,True,0.004975124378109453,201,3.5607080425214055e-05,2808430.2,,,,,,,,,,,,,,,,,,,,,,,,,,,,,,,,,,,,,,,,,,,,bounded_preclose_bid_ask,,,,False,not_requested_for_horizon_or_variant,,,,event,protective_put,100,completed,148.81,167.43,False,1862.0,H23,0,AXP,90.52439999999999,primary,0.01512464377087702,14.984411485657267,2023
0.04736876683529334,2023-06-05,356,54f9b6d8cd259a8059ab69c4,time_value,10.0458,O:AXP231020P00145000,1,1,2023-05-03,2023-05-03,170,0.052230471059720125,334,0.0,0.007110032927894582,2023-05-04,335,True,2023-06-05,356,2023-05-03,155,3997870.0,2023-06-05,scheduled_exit,356,2023-10-20,"{""market_momentum"": -0.007129821146124815, ""market_volatility"": 0.007594922702782506, ""momentum"": -0.0706435462205397, ""volatility"": 0.01512464377087702, ""volume_state"": 14.984411485657267}",assumed_next_daily_close,14881.0,21,0000004962,0,-0.007129821146124815,0.007594922702782506,-0.0706435462205397,1843.0256,0.1238509239970432,8.9286,10.6,0.0,-0.0,9cdf4d0394f4dd253a7057bd,True,0.004975124378109453,201,3.5607080425214055e-05,2808430.2,,,,,,,,,,,,,,,,,,,,,,,,,,,,,,,,,,,,,,,,,,,,bounded_preclose_bid_ask,,,,False,not_requested_for_horizon_or_variant,,,,event,protective_put,100,completed,148.81,167.43,True,1862.0,H23,0,AXP,18.9744,primary,0.01512464377087702,14.984411485657267,2023
0.04736876683529334,2023-07-06,377,54f9b6d8cd259a8059ab69c4,time_value,21.806400000000004,O:AXP231020P00145000,1,1,2023-05-03,2023-05-03,170,0.052230471059720125,334,60.0,,2023-05-04,335,True,2023-07-06,377,2023-05-03,155,3997870.0,2023-07-06,scheduled_exit,377,2023-10-20,"{""market_momentum"": -0.007129821146124815, ""market_volatility"": 0.007594922702782506, ""momentum"": -0.0706435462205397, ""volatility"": 0.01512464377087702, ""volume_state"": 14.984411485657267}",assumed_next_daily_close,14881.0,42,0000004962,1,-0.007129821146124815,0.007594922702782506,-0.0706435462205397,1346.615,0.09049223842483704,62.578599999999994,10.6,2.18,-842.0,9cdf4d0394f4dd253a7057bd,False,0.004975124378109453,201,3.5607080425214055e-05,2808430.2,,,,,,,,,,,,,,,,,,,,,,,,,,,,,,,,,,,,,,,,,,,,bounded_preclose_bid_ask,,,,False,not_requested_for_horizon_or_variant,,,,event,protective_put,100,completed,148.81,170.94,False,2213.0,H23,0,AXP,84.38499999999999,primary,0.01512464377087702,14.984411485657267,2023
0.04736876683529334,2023-07-06,377,54f9b6d8cd259a8059ab69c4,time_value,10.2564,O:AXP231020P00145000,1,1,2023-05-03,2023-05-03,170,0.052230471059720125,334,60.0,0.007110032927894582,2023-05-04,335,True,2023-07-06,377,2023-05-03,155,3997870.0,2023-07-06,scheduled_exit,377,2023-10-20,"{""market_momentum"": -0.007129821146124815, ""market_volatility"": 0.007594922702782506, ""momentum"": -0.0706435462205397, ""volatility"": 0.01512464377087702, ""volume_state"": 14.984411485657267}",assumed_next_daily_close,14881.0,42,0000004962,0,-0.007129821146124815,0.007594922702782506,-0.0706435462205397,2253.8149999999996,0.15145588334117327,8.9286,10.6,0.0,-0.0,9cdf4d0394f4dd253a7057bd,True,0.004975124378109453,201,3.5607080425214055e-05,2808430.2,,,,,,,,,,,,,,,,,,,,,,,,,,,,,,,,,,,,,,,,,,,,bounded_preclose_bid_ask,,,,False,not_requested_for_horizon_or_variant,,,,event,protective_put,100,completed,148.81,170.94,True,2213.0,H23,0,AXP,19.185,primary,0.01512464377087702,14.984411485657267,2023
0.04736876683529334,2023-08-04,398,54f9b6d8cd259a8059ab69c4,time_value,18.474600000000002,O:AXP231020P00145000,1,1,2023-05-03,2023-05-03,170,0.052230471059720125,334,60.0,,2023-05-04,335,True,2023-08-04,398,2023-05-03,155,3997870.0,2023-08-04,scheduled_exit,398,2023-10-20,"{""market_momentum"": -0.007129821146124815, ""market_volatility"": 0.007594922702782506, ""momentum"": -0.0706435462205397, ""volatility"": 0.01512464377087702, ""volume_state"": 14.984411485657267}",assumed_next_daily_close,14881.0,63,0000004962,1,-0.007129821146124815,0.007594922702782506,-0.0706435462205397,736.9467999999999,0.04952266648746723,62.578599999999994,10.6,1.58,-902.0,9cdf4d0394f4dd253a7057bd,False,0.004975124378109453,201,3.5607080425214055e-05,2808430.2,,,,,,,,,,,,,,,,,,,,,,,,,,,,,,,,,,,,,,,,,,,,bounded_preclose_bid_ask,,,,False,not_requested_for_horizon_or_variant,,,,event,protective_put,100,completed,148.81,165.41,False,1660.0,H23,0,AXP,81.0532,primary,0.01512464377087702,14.984411485657267,2023
0.04736876683529334,2023-08-04,398,54f9b6d8cd259a8059ab69c4,time_value,9.9246,O:AXP231020P00145000,1,1,2023-05-03,2023-05-03,170,0.052230471059720125,334,60.0,0.007110032927894582,2023-05-04,335,True,2023-08-04,398,2023-05-03,155,3997870.0,2023-08-04,scheduled_exit,398,2023-10-20,"{""market_momentum"": -0.007129821146124815, ""market_volatility"": 0.007594922702782506, ""momentum"": -0.0706435462205397, ""volatility"": 0.01512464377087702, ""volume_state"": 14.984411485657267}",assumed_next_daily_close,14881.0,63,0000004962,0,-0.007129821146124815,0.007594922702782506,-0.0706435462205397,1701.1468,0.11431669914656273,8.9286,10.6,0.0,-0.0,9cdf4d0394f4dd253a7057bd,True,0.004975124378109453,201,3.5607080425214055e-05,2808430.2,,,,,,,,,,,,,,,,,,,,,,,,,,,,,,,,,,,,,,,,,,,,bounded_preclose_bid_ask,,,,False,not_requested_for_horizon_or_variant,,,,event,protective_put,100,completed,148.81,165.41,True,1660.0,H23,0,AXP,18.8532,primary,0.01512464377087702,14.984411485657267,2023
0.04736876683529334,2023-10-20,452,54f9b6d8cd259a8059ab69c4,time_value,9.35,O:AXP231020P00145000,1,1,2023-05-03,2023-05-03,170,0.052230471059720125,334,120.0,,2023-05-04,335,True,2023-10-20,452,2023-05-03,155,3997870.0,2023-10-20,modelled_physical_expiry,452,2023-10-20,"{""market_momentum"": -0.007129821146124815, ""market_volatility"": 0.007594922702782506, ""momentum"": -0.0706435462205397, ""volatility"": 0.01512464377087702, ""volume_state"": 14.984411485657267}",assumed_next_daily_close,14881.0,expiry,0000004962,1,-0.007129821146124815,0.007594922702782506,-0.0706435462205397,-1392.9286,-0.09360450238559237,62.578599999999994,10.6,0.0,-1060.0,9cdf4d0394f4dd253a7057bd,False,0.004975124378109453,201,3.5607080425214055e-05,2808430.2,,,,,,,,,,,,,,,,,,,,,,,,,,,,,,,,,,,,,,,,,,,,bounded_preclose_bid_ask,,,,False,not_requested_for_horizon_or_variant,,,,event,protective_put,100,completed,148.81,145.0,False,-381.0,H23,0,AXP,71.92859999999999,primary,0.01512464377087702,14.984411485657267,2023
0.04736876683529334,2023-10-20,452,54f9b6d8cd259a8059ab69c4,time_value,8.4942,O:AXP231020P00145000,1,1,2023-05-03,2023-05-03,170,0.052230471059720125,334,120.0,0.0417594785296687,2023-05-04,335,True,2023-10-20,452,2023-05-03,155,3997870.0,2023-10-20,scheduled_exit,452,2023-10-20,"{""market_momentum"": -0.007129821146124815, ""market_volatility"": 0.007594922702782506, ""momentum"": -0.0706435462205397, ""volatility"": 0.01512464377087702, ""volume_state"": 14.984411485657267}",assumed_next_daily_close,14881.0,expiry,0000004962,0,-0.007129821146124815,0.007594922702782506,-0.0706435462205397,-621.4227999999999,-0.0417594785296687,8.9286,10.6,0.0,-0.0,9cdf4d0394f4dd253a7057bd,True,0.004975124378109453,201,3.5607080425214055e-05,2808430.2,,,,,,,,,,,,,,,,,,,,,,,,,,,,,,,,,,,,,,,,,,,,bounded_preclose_bid_ask,,,,False,not_requested_for_horizon_or_variant,,,,event,protective_put,100,completed,148.81,141.57,True,-724.0,H23,0,AXP,17.4228,primary,0.01512464377087702,14.984411485657267,2023
,,,5f68023c92037f22c73ba43f,time_value,,,1,1,2022-04-04,2022-04-04,,,63,,,2022-04-05,64,False,,,2023-02-21,,,,,,,"{""market_momentum"": 0.05699146169331515, ""market_volatility"": 0.014121578039566623, ""momentum"": 0.08505348366579946, ""volatility"": 0.026314544887485948, ""volume_state"": 15.23590534582416}",assumed_next_daily_close,,1,0000004962,,0.05699146169331515,0.014121578039566623,0.08505348366579946,,,,,,,22ec1e05640fbe4ff0d8a69f,False,,,,,,,,,,,,,,,,,,,,,,,,,,,,,,,,,,,,,,,,,,,,,,,,bounded_preclose_bid_ask,,,,False,not_requested_for_horizon_or_variant,,,no_standard_contract_within_rules,ordinary,covered_call,,no_standard_contract_within_rules,,,False,,H23,0,AXP,,primary,0.026314544887485948,15.23590534582416,2022
,,,5f68023c92037f22c73ba43f,time_value,,,1,1,2022-04-04,2022-04-04,,,63,,,2022-04-05,64,False,,,2023-02-21,,,,,,,"{""market_momentum"": 0.05699146169331515, ""market_volatility"": 0.014121578039566623, ""momentum"": 0.08505348366579946, ""volatility"": 0.026314544887485948, ""volume_state"": 15.23590534582416}",assumed_next_daily_close,,1,0000004962,,0.05699146169331515,0.014121578039566623,0.08505348366579946,,,,,,,22ec1e05640fbe4ff0d8a69f,False,,,,,,,,,,,,,,,,,,,,,,,,,,,,,,,,,,,,,,,,,,,,,,,,bounded_preclose_bid_ask,,,,False,not_requested_for_horizon_or_variant,,,no_standard_contract_within_rules,ordinary,covered_call,,no_standard_contract_within_rules,,,True,,H23,0,AXP,,primary,0.026314544887485948,15.23590534582416,2022
,,,5f68023c92037f22c73ba43f,time_value,,,1,1,2022-04-04,2022-04-04,,,63,,,2022-04-05,64,False,,,2023-02-21,,,,,,,"{""market_momentum"": 0.05699146169331515, ""market_volatility"": 0.014121578039566623, ""momentum"": 0.08505348366579946, ""volatility"": 0.026314544887485948, ""volume_state"": 15.23590534582416}",assumed_next_daily_close,,2,0000004962,,0.05699146169331515,0.014121578039566623,0.08505348366579946,,,,,,,22ec1e05640fbe4ff0d8a69f,False,,,,,,,,,,,,,,,,,,,,,,,,,,,,,,,,,,,,,,,,,,,,,,,,bounded_preclose_bid_ask,,,,False,not_requested_for_horizon_or_variant,,,no_standard_contract_within_rules,ordinary,covered_call,,no_standard_contract_within_rules,,,False,,H23,0,AXP,,primary,0.026314544887485948,15.23590534582416,2022
,,,5f68023c92037f22c73ba43f,time_value,,,1,1,2022-04-04,2022-04-04,,,63,,,2022-04-05,64,False,,,2023-02-21,,,,,,,"{""market_momentum"": 0.05699146169331515, ""market_volatility"": 0.014121578039566623, ""momentum"": 0.08505348366579946, ""volatility"": 0.026314544887485948, ""volume_state"": 15.23590534582416}",assumed_next_daily_close,,2,0000004962,,0.05699146169331515,0.014121578039566623,0.08505348366579946,,,,,,,22ec1e05640fbe4ff0d8a69f,False,,,,,,,,,,,,,,,,,,,,,,,,,,,,,,,,,,,,,,,,,,,,,,,,bounded_preclose_bid_ask,,,,False,not_requested_for_horizon_or_variant,,,no_standard_contract_within_rules,ordinary,covered_call,,no_standard_contract_within_rules,,,True,,H23,0,AXP,,primary,0.026314544887485948,15.23590534582416,2022
,,,5f68023c92037f22c73ba43f,time_value,,,1,1,2022-04-04,2022-04-04,,,63,,,2022-04-05,64,False,,,2023-02-21,,,,,,,"{""market_momentum"": 0.05699146169331515, ""market_volatility"": 0.014121578039566623, ""momentum"": 0.08505348366579946, ""volatility"": 0.026314544887485948, ""volume_state"": 15.23590534582416}",assumed_next_daily_close,,3,0000004962,,0.05699146169331515,0.014121578039566623,0.08505348366579946,,,,,,,22ec1e05640fbe4ff0d8a69f,False,,,,,,,,,,,,,,,,,,,,,,,,,,,,,,,,,,,,,,,,,,,,,,,,bounded_preclose_bid_ask,,,,False,not_requested_for_horizon_or_variant,,,no_standard_contract_within_rules,ordinary,covered_call,,no_standard_contract_within_rules,,,False,,H23,0,AXP,,primary,0.026314544887485948,15.23590534582416,2022
,,,5f68023c92037f22c73ba43f,time_value,,,1,1,2022-04-04,2022-04-04,,,63,,,2022-04-05,64,False,,,2023-02-21,,,,,,,"{""market_momentum"": 0.05699146169331515, ""market_volatility"": 0.014121578039566623, ""momentum"": 0.08505348366579946, ""volatility"": 0.026314544887485948, ""volume_state"": 15.23590534582416}",assumed_next_daily_close,,3,0000004962,,0.05699146169331515,0.014121578039566623,0.08505348366579946,,,,,,,22ec1e05640fbe4ff0d8a69f,False,,,,,,,,,,,,,,,,,,,,,,,,,,,,,,,,,,,,,,,,,,,,,,,,bounded_preclose_bid_ask,,,,False,not_requested_for_horizon_or_variant,,,no_standard_contract_within_rules,ordinary,covered_call,,no_standard_contract_within_rules,,,True,,H23,0,AXP,,primary,0.026314544887485948,15.23590534582416,2022
,,,5f68023c92037f22c73ba43f,time_value,,,1,1,2022-04-04,2022-04-04,,,63,,,2022-04-05,64,False,,,2023-02-21,,,,,,,"{""market_momentum"": 0.05699146169331515, ""market_volatility"": 0.014121578039566623, ""momentum"": 0.08505348366579946, ""volatility"": 0.026314544887485948, ""volume_state"": 15.23590534582416}",assumed_next_daily_close,,5,0000004962,,0.05699146169331515,0.014121578039566623,0.08505348366579946,,,,,,,22ec1e05640fbe4ff0d8a69f,False,,,,,,,,,,,,,,,,,,,,,,,,,,,,,,,,,,,,,,,,,,,,,,,,bounded_preclose_bid_ask,,,,False,not_requested_for_horizon_or_variant,,,no_standard_contract_within_rules,ordinary,covered_call,,no_standard_contract_within_rules,,,False,,H23,0,AXP,,primary,0.026314544887485948,15.23590534582416,2022
,,,5f68023c92037f22c73ba43f,time_value,,,1,1,2022-04-04,2022-04-04,,,63,,,2022-04-05,64,False,,,2023-02-21,,,,,,,"{""market_momentum"": 0.05699146169331515, ""market_volatility"": 0.014121578039566623, ""momentum"": 0.08505348366579946, ""volatility"": 0.026314544887485948, ""volume_state"": 15.23590534582416}",assumed_next_daily_close,,5,0000004962,,0.05699146169331515,0.014121578039566623,0.08505348366579946,,,,,,,22ec1e05640fbe4ff0d8a69f,False,,,,,,,,,,,,,,,,,,,,,,,,,,,,,,,,,,,,,,,,,,,,,,,,bounded_preclose_bid_ask,,,,False,not_requested_for_horizon_or_variant,,,no_standard_contract_within_rules,ordinary,covered_call,,no_standard_contract_within_rules,,,True,,H23,0,AXP,,primary,0.026314544887485948,15.23590534582416,2022
,,,5f68023c92037f22c73ba43f,time_value,,,1,1,2022-04-04,2022-04-04,,,63,,,2022-04-05,64,False,,,2023-02-21,,,,,,,"{""market_momentum"": 0.05699146169331515, ""market_volatility"": 0.014121578039566623, ""momentum"": 0.08505348366579946, ""volatility"": 0.026314544887485948, ""volume_state"": 15.23590534582416}",assumed_next_daily_close,,10,0000004962,,0.05699146169331515,0.014121578039566623,0.08505348366579946,,,,,,,22ec1e05640fbe4ff0d8a69f,False,,,,,,,,,,,,,,,,,,,,,,,,,,,,,,,,,,,,,,,,,,,,,,,,bounded_preclose_bid_ask,,,,False,not_sampled_or_missing_quotes,,,no_standard_contract_within_rules,ordinary,covered_call,,no_standard_contract_within_rules,,,False,,H23,0,AXP,,primary,0.026314544887485948,15.23590534582416,2022
,,,5f68023c92037f22c73ba43f,time_value,,,1,1,2022-04-04,2022-04-04,,,63,,,2022-04-05,64,False,,,2023-02-21,,,,,,,"{""market_momentum"": 0.05699146169331515, ""market_volatility"": 0.014121578039566623, ""momentum"": 0.08505348366579946, ""volatility"": 0.026314544887485948, ""volume_state"": 15.23590534582416}",assumed_next_daily_close,,10,0000004962,,0.05699146169331515,0.014121578039566623,0.08505348366579946,,,,,,,22ec1e05640fbe4ff0d8a69f,False,,,,,,,,,,,,,,,,,,,,,,,,,,,,,,,,,,,,,,,,,,,,,,,,bounded_preclose_bid_ask,,,,False,not_sampled_or_missing_quotes,,,no_standard_contract_within_rules,ordinary,covered_call,,no_standard_contract_within_rules,,,True,,H23,0,AXP,,primary,0.026314544887485948,15.23590534582416,2022
,,,5f68023c92037f22c73ba43f,time_value,,,1,1,2022-04-04,2022-04-04,,,63,,,2022-04-05,64,False,,,2023-02-21,,,,,,,"{""market_momentum"": 0.05699146169331515, ""market_volatility"": 0.014121578039566623, ""momentum"": 0.08505348366579946, ""volatility"": 0.026314544887485948, ""volume_state"": 15.23590534582416}",assumed_next_daily_close,,21,0000004962,,0.05699146169331515,0.014121578039566623,0.08505348366579946,,,,,,,22ec1e05640fbe4ff0d8a69f,False,,,,,,,,,,,,,,,,,,,,,,,,,,,,,,,,,,,,,,,,,,,,,,,,bounded_preclose_bid_ask,,,,False,not_requested_for_horizon_or_variant,,,no_standard_contract_within_rules,ordinary,covered_call,,no_standard_contract_within_rules,,,False,,H23,0,AXP,,primary,0.026314544887485948,15.23590534582416,2022
,,,5f68023c92037f22c73ba43f,time_value,,,1,1,2022-04-04,2022-04-04,,,63,,,2022-04-05,64,False,,,2023-02-21,,,,,,,"{""market_momentum"": 0.05699146169331515, ""market_volatility"": 0.014121578039566623, ""momentum"": 0.08505348366579946, ""volatility"": 0.026314544887485948, ""volume_state"": 15.23590534582416}",assumed_next_daily_close,,21,0000004962,,0.05699146169331515,0.014121578039566623,0.08505348366579946,,,,,,,22ec1e05640fbe4ff0d8a69f,False,,,,,,,,,,,,,,,,,,,,,,,,,,,,,,,,,,,,,,,,,,,,,,,,bounded_preclose_bid_ask,,,,False,not_requested_for_horizon_or_variant,,,no_standard_contract_within_rules,ordinary,covered_call,,no_standard_contract_within_rules,,,True,,H23,0,AXP,,primary,0.026314544887485948,15.23590534582416,2022
,,,5f68023c92037f22c73ba43f,time_value,,,1,1,2022-04-04,2022-04-04,,,63,,,2022-04-05,64,False,,,2023-02-21,,,,,,,"{""market_momentum"": 0.05699146169331515, ""market_volatility"": 0.014121578039566623, ""momentum"": 0.08505348366579946, ""volatility"": 0.026314544887485948, ""volume_state"": 15.23590534582416}",assumed_next_daily_close,,42,0000004962,,0.05699146169331515,0.014121578039566623,0.08505348366579946,,,,,,,22ec1e05640fbe4ff0d8a69f,False,,,,,,,,,,,,,,,,,,,,,,,,,,,,,,,,,,,,,,,,,,,,,,,,bounded_preclose_bid_ask,,,,False,not_requested_for_horizon_or_variant,,,no_standard_contract_within_rules,ordinary,covered_call,,no_standard_contract_within_rules,,,False,,H23,0,AXP,,primary,0.026314544887485948,15.23590534582416,2022
,,,5f68023c92037f22c73ba43f,time_value,,,1,1,2022-04-04,2022-04-04,,,63,,,2022-04-05,64,False,,,2023-02-21,,,,,,,"{""market_momentum"": 0.05699146169331515, ""market_volatility"": 0.014121578039566623, ""momentum"": 0.08505348366579946, ""volatility"": 0.026314544887485948, ""volume_state"": 15.23590534582416}",assumed_next_daily_close,,42,0000004962,,0.05699146169331515,0.014121578039566623,0.08505348366579946,,,,,,,22ec1e05640fbe4ff0d8a69f,False,,,,,,,,,,,,,,,,,,,,,,,,,,,,,,,,,,,,,,,,,,,,,,,,bounded_preclose_bid_ask,,,,False,not_requested_for_horizon_or_variant,,,no_standard_contract_within_rules,ordinary,covered_call,,no_standard_contract_within_rules,,,True,,H23,0,AXP,,primary,0.026314544887485948,15.23590534582416,2022
,,,5f68023c92037f22c73ba43f,time_value,,,1,1,2022-04-04,2022-04-04,,,63,,,2022-04-05,64,False,,,2023-02-21,,,,,,,"{""market_momentum"": 0.05699146169331515, ""market_volatility"": 0.014121578039566623, ""momentum"": 0.08505348366579946, ""volatility"": 0.026314544887485948, ""volume_state"": 15.23590534582416}",assumed_next_daily_close,,63,0000004962,,0.05699146169331515,0.014121578039566623,0.08505348366579946,,,,,,,22ec1e05640fbe4ff0d8a69f,False,,,,,,,,,,,,,,,,,,,,,,,,,,,,,,,,,,,,,,,,,,,,,,,,bounded_preclose_bid_ask,,,,False,not_requested_for_horizon_or_variant,,,no_standard_contract_within_rules,ordinary,covered_call,,no_standard_contract_within_rules,,,False,,H23,0,AXP,,primary,0.026314544887485948,15.23590534582416,2022
,,,5f68023c92037f22c73ba43f,time_value,,,1,1,2022-04-04,2022-04-04,,,63,,,2022-04-05,64,False,,,2023-02-21,,,,,,,"{""market_momentum"": 0.05699146169331515, ""market_volatility"": 0.014121578039566623, ""momentum"": 0.08505348366579946, ""volatility"": 0.026314544887485948, ""volume_state"": 15.23590534582416}",assumed_next_daily_close,,63,0000004962,,0.05699146169331515,0.014121578039566623,0.08505348366579946,,,,,,,22ec1e05640fbe4ff0d8a69f,False,,,,,,,,,,,,,,,,,,,,,,,,,,,,,,,,,,,,,,,,,,,,,,,,bounded_preclose_bid_ask,,,,False,not_requested_for_horizon_or_variant,,,no_standard_contract_within_rules,ordinary,covered_call,,no_standard_contract_within_rules,,,True,,H23,0,AXP,,primary,0.026314544887485948,15.23590534582416,2022
,,,5f68023c92037f22c73ba43f,time_value,,,1,1,2022-04-04,2022-04-04,,,63,,,2022-04-05,64,False,,,2023-02-21,,,,,,,"{""market_momentum"": 0.05699146169331515, ""market_volatility"": 0.014121578039566623, ""momentum"": 0.08505348366579946, ""volatility"": 0.026314544887485948, ""volume_state"": 15.23590534582416}",assumed_next_daily_close,,expiry,0000004962,,0.05699146169331515,0.014121578039566623,0.08505348366579946,,,,,,,22ec1e05640fbe4ff0d8a69f,False,,,,,,,,,,,,,,,,,,,,,,,,,,,,,,,,,,,,,,,,,,,,,,,,bounded_preclose_bid_ask,,,,False,not_requested_for_horizon_or_variant,,,no_standard_contract_within_rules,ordinary,covered_call,,no_standard_contract_within_rules,,,False,,H23,0,AXP,,primary,0.026314544887485948,15.23590534582416,2022
,,,5f68023c92037f22c73ba43f,time_value,,,1,1,2022-04-04,2022-04-04,,,63,,,2022-04-05,64,False,,,2023-02-21,,,,,,,"{""market_momentum"": 0.05699146169331515, ""market_volatility"": 0.014121578039566623, ""momentum"": 0.08505348366579946, ""volatility"": 0.026314544887485948, ""volume_state"": 15.23590534582416}",assumed_next_daily_close,,expiry,0000004962,,0.05699146169331515,0.014121578039566623,0.08505348366579946,,,,,,,22ec1e05640fbe4ff0d8a69f,False,,,,,,,,,,,,,,,,,,,,,,,,,,,,,,,,,,,,,,,,,,,,,,,,bounded_preclose_bid_ask,,,,False,not_requested_for_horizon_or_variant,,,no_standard_contract_within_rules,ordinary,covered_call,,no_standard_contract_within_rules,,,True,,H23,0,AXP,,primary,0.026314544887485948,15.23590534582416,2022
,,,5f9d9d779facd30db10a9fea,time_value,,,1,1,2024-12-02,2024-12-02,,,732,,,2024-12-03,733,False,,,2024-12-02,,,,,,,"{""market_momentum"": 0.061532779966235296, ""market_volatility"": 0.007684733738372533, ""momentum"": 0.0017132314180285935, ""volatility"": 0.010080588399268777, ""volume_state"": 15.28122907285531}",assumed_next_daily_close,,1,0000005272,,0.061532779966235296,0.007684733738372533,0.0017132314180285935,,,,,,,915793df3a040cd0c802d9f2,False,,,,,,,,,,,,,,,,,,,,,,,,,,,,,,,,,,,,,,,,,,,,,,,,bounded_preclose_bid_ask,,,,False,not_requested_for_horizon_or_variant,,,missing_decision_or_entry_bar,event,protective_put,,missing_decision_or_entry_bar,,,False,,H23,0,AIG,,primary,0.010080588399268777,15.28122907285531,2024
,,,5f9d9d779facd30db10a9fea,time_value,,,1,1,2024-12-02,2024-12-02,,,732,,,2024-12-03,733,False,,,2024-12-02,,,,,,,"{""market_momentum"": 0.061532779966235296, ""market_volatility"": 0.007684733738372533, ""momentum"": 0.0017132314180285935, ""volatility"": 0.010080588399268777, ""volume_state"": 15.28122907285531}",assumed_next_daily_close,,1,0000005272,,0.061532779966235296,0.007684733738372533,0.0017132314180285935,,,,,,,915793df3a040cd0c802d9f2,False,,,,,,,,,,,,,,,,,,,,,,,,,,,,,,,,,,,,,,,,,,,,,,,,bounded_preclose_bid_ask,,,,False,not_requested_for_horizon_or_variant,,,missing_decision_or_entry_bar,event,protective_put,,missing_decision_or_entry_bar,,,True,,H23,0,AIG,,primary,0.010080588399268777,15.28122907285531,2024
,,,5f9d9d779facd30db10a9fea,time_value,,,1,1,2024-12-02,2024-12-02,,,732,,,2024-12-03,733,False,,,2024-12-02,,,,,,,"{""market_momentum"": 0.061532779966235296, ""market_volatility"": 0.007684733738372533, ""momentum"": 0.0017132314180285935, ""volatility"": 0.010080588399268777, ""volume_state"": 15.28122907285531}",assumed_next_daily_close,,2,0000005272,,0.061532779966235296,0.007684733738372533,0.0017132314180285935,,,,,,,915793df3a040cd0c802d9f2,False,,,,,,,,,,,,,,,,,,,,,,,,,,,,,,,,,,,,,,,,,,,,,,,,bounded_preclose_bid_ask,,,,False,not_requested_for_horizon_or_variant,,,missing_decision_or_entry_bar,event,protective_put,,missing_decision_or_entry_bar,,,False,,H23,0,AIG,,primary,0.010080588399268777,15.28122907285531,2024
,,,5f9d9d779facd30db10a9fea,time_value,,,1,1,2024-12-02,2024-12-02,,,732,,,2024-12-03,733,False,,,2024-12-02,,,,,,,"{""market_momentum"": 0.061532779966235296, ""market_volatility"": 0.007684733738372533, ""momentum"": 0.0017132314180285935, ""volatility"": 0.010080588399268777, ""volume_state"": 15.28122907285531}",assumed_next_daily_close,,2,0000005272,,0.061532779966235296,0.007684733738372533,0.0017132314180285935,,,,,,,915793df3a040cd0c802d9f2,False,,,,,,,,,,,,,,,,,,,,,,,,,,,,,,,,,,,,,,,,,,,,,,,,bounded_preclose_bid_ask,,,,False,not_requested_for_horizon_or_variant,,,missing_decision_or_entry_bar,event,protective_put,,missing_decision_or_entry_bar,,,True,,H23,0,AIG,,primary,0.010080588399268777,15.28122907285531,2024
,,,5f9d9d779facd30db10a9fea,time_value,,,1,1,2024-12-02,2024-12-02,,,732,,,2024-12-03,733,False,,,2024-12-02,,,,,,,"{""market_momentum"": 0.061532779966235296, ""market_volatility"": 0.007684733738372533, ""momentum"": 0.0017132314180285935, ""volatility"": 0.010080588399268777, ""volume_state"": 15.28122907285531}",assumed_next_daily_close,,3,0000005272,,0.061532779966235296,0.007684733738372533,0.0017132314180285935,,,,,,,915793df3a040cd0c802d9f2,False,,,,,,,,,,,,,,,,,,,,,,,,,,,,,,,,,,,,,,,,,,,,,,,,bounded_preclose_bid_ask,,,,False,not_requested_for_horizon_or_variant,,,missing_decision_or_entry_bar,event,protective_put,,missing_decision_or_entry_bar,,,False,,H23,0,AIG,,primary,0.010080588399268777,15.28122907285531,2024
,,,5f9d9d779facd30db10a9fea,time_value,,,1,1,2024-12-02,2024-12-02,,,732,,,2024-12-03,733,False,,,2024-12-02,,,,,,,"{""market_momentum"": 0.061532779966235296, ""market_volatility"": 0.007684733738372533, ""momentum"": 0.0017132314180285935, ""volatility"": 0.010080588399268777, ""volume_state"": 15.28122907285531}",assumed_next_daily_close,,3,0000005272,,0.061532779966235296,0.007684733738372533,0.0017132314180285935,,,,,,,915793df3a040cd0c802d9f2,False,,,,,,,,,,,,,,,,,,,,,,,,,,,,,,,,,,,,,,,,,,,,,,,,bounded_preclose_bid_ask,,,,False,not_requested_for_horizon_or_variant,,,missing_decision_or_entry_bar,event,protective_put,,missing_decision_or_entry_bar,,,True,,H23,0,AIG,,primary,0.010080588399268777,15.28122907285531,2024
,,,5f9d9d779facd30db10a9fea,time_value,,,1,1,2024-12-02,2024-12-02,,,732,,,2024-12-03,733,False,,,2024-12-02,,,,,,,"{""market_momentum"": 0.061532779966235296, ""market_volatility"": 0.007684733738372533, ""momentum"": 0.0017132314180285935, ""volatility"": 0.010080588399268777, ""volume_state"": 15.28122907285531}",assumed_next_daily_close,,5,0000005272,,0.061532779966235296,0.007684733738372533,0.0017132314180285935,,,,,,,915793df3a040cd0c802d9f2,False,,,,,,,,,,,,,,,,,,,,,,,,,,,,,,,,,,,,,,,,,,,,,,,,bounded_preclose_bid_ask,,,,False,not_requested_for_horizon_or_variant,,,missing_decision_or_entry_bar,event,protective_put,,missing_decision_or_entry_bar,,,False,,H23,0,AIG,,primary,0.010080588399268777,15.28122907285531,2024
,,,5f9d9d779facd30db10a9fea,time_value,,,1,1,2024-12-02,2024-12-02,,,732,,,2024-12-03,733,False,,,2024-12-02,,,,,,,"{""market_momentum"": 0.061532779966235296, ""market_volatility"": 0.007684733738372533, ""momentum"": 0.0017132314180285935, ""volatility"": 0.010080588399268777, ""volume_state"": 15.28122907285531}",assumed_next_daily_close,,5,0000005272,,0.061532779966235296,0.007684733738372533,0.0017132314180285935,,,,,,,915793df3a040cd0c802d9f2,False,,,,,,,,,,,,,,,,,,,,,,,,,,,,,,,,,,,,,,,,,,,,,,,,bounded_preclose_bid_ask,,,,False,not_requested_for_horizon_or_variant,,,missing_decision_or_entry_bar,event,protective_put,,missing_decision_or_entry_bar,,,True,,H23,0,AIG,,primary,0.010080588399268777,15.28122907285531,2024
,,,5f9d9d779facd30db10a9fea,time_value,,,1,1,2024-12-02,2024-12-02,,,732,,,2024-12-03,733,False,,,2024-12-02,,,,,,,"{""market_momentum"": 0.061532779966235296, ""market_volatility"": 0.007684733738372533, ""momentum"": 0.0017132314180285935, ""volatility"": 0.010080588399268777, ""volume_state"": 15.28122907285531}",assumed_next_daily_close,,10,0000005272,,0.061532779966235296,0.007684733738372533,0.0017132314180285935,,,,,,,915793df3a040cd0c802d9f2,False,,,,,,,,,,,,,,,,,,,,,,,,,,,,,,,,,,,,,,,,,,,,,,,,bounded_preclose_bid_ask,,,,False,bar_outcome_not_completed,,,missing_decision_or_entry_bar,event,protective_put,,missing_decision_or_entry_bar,,,False,,H23,0,AIG,,primary,0.010080588399268777,15.28122907285531,2024
,,,5f9d9d779facd30db10a9fea,time_value,,,1,1,2024-12-02,2024-12-02,,,732,,,2024-12-03,733,False,,,2024-12-02,,,,,,,"{""market_momentum"": 0.061532779966235296, ""market_volatility"": 0.007684733738372533, ""momentum"": 0.0017132314180285935, ""volatility"": 0.010080588399268777, ""volume_state"": 15.28122907285531}",assumed_next_daily_close,,10,0000005272,,0.061532779966235296,0.007684733738372533,0.0017132314180285935,,,,,,,915793df3a040cd0c802d9f2,False,,,,,,,,,,,,,,,,,,,,,,,,,,,,,,,,,,,,,,,,,,,,,,,,bounded_preclose_bid_ask,,,,False,bar_outcome_not_completed,,,missing_decision_or_entry_bar,event,protective_put,,missing_decision_or_entry_bar,,,True,,H23,0,AIG,,primary,0.010080588399268777,15.28122907285531,2024
,,,5f9d9d779facd30db10a9fea,time_value,,,1,1,2024-12-02,2024-12-02,,,732,,,2024-12-03,733,False,,,2024-12-02,,,,,,,"{""market_momentum"": 0.061532779966235296, ""market_volatility"": 0.007684733738372533, ""momentum"": 0.0017132314180285935, ""volatility"": 0.010080588399268777, ""volume_state"": 15.28122907285531}",assumed_next_daily_close,,21,0000005272,,0.061532779966235296,0.007684733738372533,0.0017132314180285935,,,,,,,915793df3a040cd0c802d9f2,False,,,,,,,,,,,,,,,,,,,,,,,,,,,,,,,,,,,,,,,,,,,,,,,,bounded_preclose_bid_ask,,,,False,not_requested_for_horizon_or_variant,,,missing_decision_or_entry_bar,event,protective_put,,missing_decision_or_entry_bar,,,False,,H23,0,AIG,,primary,0.010080588399268777,15.28122907285531,2024
,,,5f9d9d779facd30db10a9fea,time_value,,,1,1,2024-12-02,2024-12-02,,,732,,,2024-12-03,733,False,,,2024-12-02,,,,,,,"{""market_momentum"": 0.061532779966235296, ""market_volatility"": 0.007684733738372533, ""momentum"": 0.0017132314180285935, ""volatility"": 0.010080588399268777, ""volume_state"": 15.28122907285531}",assumed_next_daily_close,,21,0000005272,,0.061532779966235296,0.007684733738372533,0.0017132314180285935,,,,,,,915793df3a040cd0c802d9f2,False,,,,,,,,,,,,,,,,,,,,,,,,,,,,,,,,,,,,,,,,,,,,,,,,bounded_preclose_bid_ask,,,,False,not_requested_for_horizon_or_variant,,,missing_decision_or_entry_bar,event,protective_put,,missing_decision_or_entry_bar,,,True,,H23,0,AIG,,primary,0.010080588399268777,15.28122907285531,2024
,,,5f9d9d779facd30db10a9fea,time_value,,,1,1,2024-12-02,2024-12-02,,,732,,,2024-12-03,733,False,,,2024-12-02,,,,,,,"{""market_momentum"": 0.061532779966235296, ""market_volatility"": 0.007684733738372533, ""momentum"": 0.0017132314180285935, ""volatility"": 0.010080588399268777, ""volume_state"": 15.28122907285531}",assumed_next_daily_close,,42,0000005272,,0.061532779966235296,0.007684733738372533,0.0017132314180285935,,,,,,,915793df3a040cd0c802d9f2,False,,,,,,,,,,,,,,,,,,,,,,,,,,,,,,,,,,,,,,,,,,,,,,,,bounded_preclose_bid_ask,,,,False,not_requested_for_horizon_or_variant,,,missing_decision_or_entry_bar,event,protective_put,,missing_decision_or_entry_bar,,,False,,H23,0,AIG,,primary,0.010080588399268777,15.28122907285531,2024
,,,5f9d9d779facd30db10a9fea,time_value,,,1,1,2024-12-02,2024-12-02,,,732,,,2024-12-03,733,False,,,2024-12-02,,,,,,,"{""market_momentum"": 0.061532779966235296, ""market_volatility"": 0.007684733738372533, ""momentum"": 0.0017132314180285935, ""volatility"": 0.010080588399268777, ""volume_state"": 15.28122907285531}",assumed_next_daily_close,,42,0000005272,,0.061532779966235296,0.007684733738372533,0.0017132314180285935,,,,,,,915793df3a040cd0c802d9f2,False,,,,,,,,,,,,,,,,,,,,,,,,,,,,,,,,,,,,,,,,,,,,,,,,bounded_preclose_bid_ask,,,,False,not_requested_for_horizon_or_variant,,,missing_decision_or_entry_bar,event,protective_put,,missing_decision_or_entry_bar,,,True,,H23,0,AIG,,primary,0.010080588399268777,15.28122907285531,2024
,,,5f9d9d779facd30db10a9fea,time_value,,,1,1,2024-12-02,2024-12-02,,,732,,,2024-12-03,733,False,,,2024-12-02,,,,,,,"{""market_momentum"": 0.061532779966235296, ""market_volatility"": 0.007684733738372533, ""momentum"": 0.0017132314180285935, ""volatility"": 0.010080588399268777, ""volume_state"": 15.28122907285531}",assumed_next_daily_close,,63,0000005272,,0.061532779966235296,0.007684733738372533,0.0017132314180285935,,,,,,,915793df3a040cd0c802d9f2,False,,,,,,,,,,,,,,,,,,,,,,,,,,,,,,,,,,,,,,,,,,,,,,,,bounded_preclose_bid_ask,,,,False,not_requested_for_horizon_or_variant,,,missing_decision_or_entry_bar,event,protective_put,,missing_decision_or_entry_bar,,,False,,H23,0,AIG,,primary,0.010080588399268777,15.28122907285531,2024
,,,5f9d9d779facd30db10a9fea,time_value,,,1,1,2024-12-02,2024-12-02,,,732,,,2024-12-03,733,False,,,2024-12-02,,,,,,,"{""market_momentum"": 0.061532779966235296, ""market_volatility"": 0.007684733738372533, ""momentum"": 0.0017132314180285935, ""volatility"": 0.010080588399268777, ""volume_state"": 15.28122907285531}",assumed_next_daily_close,,63,0000005272,,0.061532779966235296,0.007684733738372533,0.0017132314180285935,,,,,,,915793df3a040cd0c802d9f2,False,,,,,,,,,,,,,,,,,,,,,,,,,,,,,,,,,,,,,,,,,,,,,,,,bounded_preclose_bid_ask,,,,False,not_requested_for_horizon_or_variant,,,missing_decision_or_entry_bar,event,protective_put,,missing_decision_or_entry_bar,,,True,,H23,0,AIG,,primary,0.010080588399268777,15.28122907285531,2024
,,,5f9d9d779facd30db10a9fea,time_value,,,1,1,2024-12-02,2024-12-02,,,732,,,2024-12-03,733,False,,,2024-12-02,,,,,,,"{""market_momentum"": 0.061532779966235296, ""market_volatility"": 0.007684733738372533, ""momentum"": 0.0017132314180285935, ""volatility"": 0.010080588399268777, ""volume_state"": 15.28122907285531}",assumed_next_daily_close,,expiry,0000005272,,0.061532779966235296,0.007684733738372533,0.0017132314180285935,,,,,,,915793df3a040cd0c802d9f2,False,,,,,,,,,,,,,,,,,,,,,,,,,,,,,,,,,,,,,,,,,,,,,,,,bounded_preclose_bid_ask,,,,False,not_requested_for_horizon_or_variant,,,missing_decision_or_entry_bar,event,protective_put,,missing_decision_or_entry_bar,,,False,,H23,0,AIG,,primary,0.010080588399268777,15.28122907285531,2024
,,,5f9d9d779facd30db10a9fea,time_value,,,1,1,2024-12-02,2024-12-02,,,732,,,2024-12-03,733,False,,,2024-12-02,,,,,,,"{""market_momentum"": 0.061532779966235296, ""market_volatility"": 0.007684733738372533, ""momentum"": 0.0017132314180285935, ""volatility"": 0.010080588399268777, ""volume_state"": 15.28122907285531}",assumed_next_daily_close,,expiry,0000005272,,0.061532779966235296,0.007684733738372533,0.0017132314180285935,,,,,,,915793df3a040cd0c802d9f2,False,,,,,,,,,,,,,,,,,,,,,,,,,,,,,,,,,,,,,,,,,,,,,,,,bounded_preclose_bid_ask,,,,False,not_requested_for_horizon_or_variant,,,missing_decision_or_entry_bar,event,protective_put,,missing_decision_or_entry_bar,,,True,,H23,0,AIG,,primary,0.010080588399268777,15.28122907285531,2024
,,,6134f4aaf1bf999583d6a507,time_value,,,1,1,2024-06-03,2024-06-03,,,606,,,2024-06-04,607,False,,,2024-12-02,,,,,,,"{""market_momentum"": 0.04508643050907857, ""market_volatility"": 0.0060434691287607045, ""momentum"": 0.0028169014084507005, ""volatility"": 0.010427683608543991, ""volume_state"": 15.186724771165343}",assumed_next_daily_close,,1,0000005272,,0.04508643050907857,0.0060434691287607045,0.0028169014084507005,,,,,,,915793df3a040cd0c802d9f2,False,,,,,,,,,,,,,,,,,,,,,,,,,,,,,,,,,,,,,,,,,,,,,,,,bounded_preclose_bid_ask,,,,False,not_requested_for_horizon_or_variant,,,missing_decision_or_entry_bar,ordinary,covered_call,,missing_decision_or_entry_bar,,,False,,H23,0,AIG,,primary,0.010427683608543991,15.186724771165343,2024
,,,6134f4aaf1bf999583d6a507,time_value,,,1,1,2024-06-03,2024-06-03,,,606,,,2024-06-04,607,False,,,2024-12-02,,,,,,,"{""market_momentum"": 0.04508643050907857, ""market_volatility"": 0.0060434691287607045, ""momentum"": 0.0028169014084507005, ""volatility"": 0.010427683608543991, ""volume_state"": 15.186724771165343}",assumed_next_daily_close,,1,0000005272,,0.04508643050907857,0.0060434691287607045,0.0028169014084507005,,,,,,,915793df3a040cd0c802d9f2,False,,,,,,,,,,,,,,,,,,,,,,,,,,,,,,,,,,,,,,,,,,,,,,,,bounded_preclose_bid_ask,,,,False,not_requested_for_horizon_or_variant,,,missing_decision_or_entry_bar,ordinary,covered_call,,missing_decision_or_entry_bar,,,True,,H23,0,AIG,,primary,0.010427683608543991,15.186724771165343,2024
,,,6134f4aaf1bf999583d6a507,time_value,,,1,1,2024-06-03,2024-06-03,,,606,,,2024-06-04,607,False,,,2024-12-02,,,,,,,"{""market_momentum"": 0.04508643050907857, ""market_volatility"": 0.0060434691287607045, ""momentum"": 0.0028169014084507005, ""volatility"": 0.010427683608543991, ""volume_state"": 15.186724771165343}",assumed_next_daily_close,,2,0000005272,,0.04508643050907857,0.0060434691287607045,0.0028169014084507005,,,,,,,915793df3a040cd0c802d9f2,False,,,,,,,,,,,,,,,,,,,,,,,,,,,,,,,,,,,,,,,,,,,,,,,,bounded_preclose_bid_ask,,,,False,not_requested_for_horizon_or_variant,,,missing_decision_or_entry_bar,ordinary,covered_call,,missing_decision_or_entry_bar,,,False,,H23,0,AIG,,primary,0.010427683608543991,15.186724771165343,2024
,,,6134f4aaf1bf999583d6a507,time_value,,,1,1,2024-06-03,2024-06-03,,,606,,,2024-06-04,607,False,,,2024-12-02,,,,,,,"{""market_momentum"": 0.04508643050907857, ""market_volatility"": 0.0060434691287607045, ""momentum"": 0.0028169014084507005, ""volatility"": 0.010427683608543991, ""volume_state"": 15.186724771165343}",assumed_next_daily_close,,2,0000005272,,0.04508643050907857,0.0060434691287607045,0.0028169014084507005,,,,,,,915793df3a040cd0c802d9f2,False,,,,,,,,,,,,,,,,,,,,,,,,,,,,,,,,,,,,,,,,,,,,,,,,bounded_preclose_bid_ask,,,,False,not_requested_for_horizon_or_variant,,,missing_decision_or_entry_bar,ordinary,covered_call,,missing_decision_or_entry_bar,,,True,,H23,0,AIG,,primary,0.010427683608543991,15.186724771165343,2024
,,,6134f4aaf1bf999583d6a507,time_value,,,1,1,2024-06-03,2024-06-03,,,606,,,2024-06-04,607,False,,,2024-12-02,,,,,,,"{""market_momentum"": 0.04508643050907857, ""market_volatility"": 0.0060434691287607045, ""momentum"": 0.0028169014084507005, ""volatility"": 0.010427683608543991, ""volume_state"": 15.186724771165343}",assumed_next_daily_close,,3,0000005272,,0.04508643050907857,0.0060434691287607045,0.0028169014084507005,,,,,,,915793df3a040cd0c802d9f2,False,,,,,,,,,,,,,,,,,,,,,,,,,,,,,,,,,,,,,,,,,,,,,,,,bounded_preclose_bid_ask,,,,False,not_requested_for_horizon_or_variant,,,missing_decision_or_entry_bar,ordinary,covered_call,,missing_decision_or_entry_bar,,,False,,H23,0,AIG,,primary,0.010427683608543991,15.186724771165343,2024
,,,6134f4aaf1bf999583d6a507,time_value,,,1,1,2024-06-03,2024-06-03,,,606,,,2024-06-04,607,False,,,2024-12-02,,,,,,,"{""market_momentum"": 0.04508643050907857, ""market_volatility"": 0.0060434691287607045, ""momentum"": 0.0028169014084507005, ""volatility"": 0.010427683608543991, ""volume_state"": 15.186724771165343}",assumed_next_daily_close,,3,0000005272,,0.04508643050907857,0.0060434691287607045,0.0028169014084507005,,,,,,,915793df3a040cd0c802d9f2,False,,,,,,,,,,,,,,,,,,,,,,,,,,,,,,,,,,,,,,,,,,,,,,,,bounded_preclose_bid_ask,,,,False,not_requested_for_horizon_or_variant,,,missing_decision_or_entry_bar,ordinary,covered_call,,missing_decision_or_entry_bar,,,True,,H23,0,AIG,,primary,0.010427683608543991,15.186724771165343,2024
,,,6134f4aaf1bf999583d6a507,time_value,,,1,1,2024-06-03,2024-06-03,,,606,,,2024-06-04,607,False,,,2024-12-02,,,,,,,"{""market_momentum"": 0.04508643050907857, ""market_volatility"": 0.0060434691287607045, ""momentum"": 0.0028169014084507005, ""volatility"": 0.010427683608543991, ""volume_state"": 15.186724771165343}",assumed_next_daily_close,,5,0000005272,,0.04508643050907857,0.0060434691287607045,0.0028169014084507005,,,,,,,915793df3a040cd0c802d9f2,False,,,,,,,,,,,,,,,,,,,,,,,,,,,,,,,,,,,,,,,,,,,,,,,,bounded_preclose_bid_ask,,,,False,not_requested_for_horizon_or_variant,,,missing_decision_or_entry_bar,ordinary,covered_call,,missing_decision_or_entry_bar,,,False,,H23,0,AIG,,primary,0.010427683608543991,15.186724771165343,2024
,,,6134f4aaf1bf999583d6a507,time_value,,,1,1,2024-06-03,2024-06-03,,,606,,,2024-06-04,607,False,,,2024-12-02,,,,,,,"{""market_momentum"": 0.04508643050907857, ""market_volatility"": 0.0060434691287607045, ""momentum"": 0.0028169014084507005, ""volatility"": 0.010427683608543991, ""volume_state"": 15.186724771165343}",assumed_next_daily_close,,5,0000005272,,0.04508643050907857,0.0060434691287607045,0.0028169014084507005,,,,,,,915793df3a040cd0c802d9f2,False,,,,,,,,,,,,,,,,,,,,,,,,,,,,,,,,,,,,,,,,,,,,,,,,bounded_preclose_bid_ask,,,,False,not_requested_for_horizon_or_variant,,,missing_decision_or_entry_bar,ordinary,covered_call,,missing_decision_or_entry_bar,,,True,,H23,0,AIG,,primary,0.010427683608543991,15.186724771165343,2024
,,,6134f4aaf1bf999583d6a507,time_value,,,1,1,2024-06-03,2024-06-03,,,606,,,2024-06-04,607,False,,,2024-12-02,,,,,,,"{""market_momentum"": 0.04508643050907857, ""market_volatility"": 0.0060434691287607045, ""momentum"": 0.0028169014084507005, ""volatility"": 0.010427683608543991, ""volume_state"": 15.186724771165343}",assumed_next_daily_close,,10,0000005272,,0.04508643050907857,0.0060434691287607045,0.0028169014084507005,,,,,,,915793df3a040cd0c802d9f2,False,,,,,,,,,,,,,,,,,,,,,,,,,,,,,,,,,,,,,,,,,,,,,,,,bounded_preclose_bid_ask,,,,False,bar_outcome_not_completed,,,missing_decision_or_entry_bar,ordinary,covered_call,,missing_decision_or_entry_bar,,,False,,H23,0,AIG,,primary,0.010427683608543991,15.186724771165343,2024
,,,6134f4aaf1bf999583d6a507,time_value,,,1,1,2024-06-03,2024-06-03,,,606,,,2024-06-04,607,False,,,2024-12-02,,,,,,,"{""market_momentum"": 0.04508643050907857, ""market_volatility"": 0.0060434691287607045, ""momentum"": 0.0028169014084507005, ""volatility"": 0.010427683608543991, ""volume_state"": 15.186724771165343}",assumed_next_daily_close,,10,0000005272,,0.04508643050907857,0.0060434691287607045,0.0028169014084507005,,,,,,,915793df3a040cd0c802d9f2,False,,,,,,,,,,,,,,,,,,,,,,,,,,,,,,,,,,,,,,,,,,,,,,,,bounded_preclose_bid_ask,,,,False,bar_outcome_not_completed,,,missing_decision_or_entry_bar,ordinary,covered_call,,missing_decision_or_entry_bar,,,True,,H23,0,AIG,,primary,0.010427683608543991,15.186724771165343,2024
,,,6134f4aaf1bf999583d6a507,time_value,,,1,1,2024-06-03,2024-06-03,,,606,,,2024-06-04,607,False,,,2024-12-02,,,,,,,"{""market_momentum"": 0.04508643050907857, ""market_volatility"": 0.0060434691287607045, ""momentum"": 0.0028169014084507005, ""volatility"": 0.010427683608543991, ""volume_state"": 15.186724771165343}",assumed_next_daily_close,,21,0000005272,,0.04508643050907857,0.0060434691287607045,0.0028169014084507005,,,,,,,915793df3a040cd0c802d9f2,False,,,,,,,,,,,,,,,,,,,,,,,,,,,,,,,,,,,,,,,,,,,,,,,,bounded_preclose_bid_ask,,,,False,not_requested_for_horizon_or_variant,,,missing_decision_or_entry_bar,ordinary,covered_call,,missing_decision_or_entry_bar,,,False,,H23,0,AIG,,primary,0.010427683608543991,15.186724771165343,2024
,,,6134f4aaf1bf999583d6a507,time_value,,,1,1,2024-06-03,2024-06-03,,,606,,,2024-06-04,607,False,,,2024-12-02,,,,,,,"{""market_momentum"": 0.04508643050907857, ""market_volatility"": 0.0060434691287607045, ""momentum"": 0.0028169014084507005, ""volatility"": 0.010427683608543991, ""volume_state"": 15.186724771165343}",assumed_next_daily_close,,21,0000005272,,0.04508643050907857,0.0060434691287607045,0.0028169014084507005,,,,,,,915793df3a040cd0c802d9f2,False,,,,,,,,,,,,,,,,,,,,,,,,,,,,,,,,,,,,,,,,,,,,,,,,bounded_preclose_bid_ask,,,,False,not_requested_for_horizon_or_variant,,,missing_decision_or_entry_bar,ordinary,covered_call,,missing_decision_or_entry_bar,,,True,,H23,0,AIG,,primary,0.010427683608543991,15.186724771165343,2024
,,,6134f4aaf1bf999583d6a507,time_value,,,1,1,2024-06-03,2024-06-03,,,606,,,2024-06-04,607,False,,,2024-12-02,,,,,,,"{""market_momentum"": 0.04508643050907857, ""market_volatility"": 0.0060434691287607045, ""momentum"": 0.0028169014084507005, ""volatility"": 0.010427683608543991, ""volume_state"": 15.186724771165343}",assumed_next_daily_close,,42,0000005272,,0.04508643050907857,0.0060434691287607045,0.0028169014084507005,,,,,,,915793df3a040cd0c802d9f2,False,,,,,,,,,,,,,,,,,,,,,,,,,,,,,,,,,,,,,,,,,,,,,,,,bounded_preclose_bid_ask,,,,False,not_requested_for_horizon_or_variant,,,missing_decision_or_entry_bar,ordinary,covered_call,,missing_decision_or_entry_bar,,,False,,H23,0,AIG,,primary,0.010427683608543991,15.186724771165343,2024
,,,6134f4aaf1bf999583d6a507,time_value,,,1,1,2024-06-03,2024-06-03,,,606,,,2024-06-04,607,False,,,2024-12-02,,,,,,,"{""market_momentum"": 0.04508643050907857, ""market_volatility"": 0.0060434691287607045, ""momentum"": 0.0028169014084507005, ""volatility"": 0.010427683608543991, ""volume_state"": 15.186724771165343}",assumed_next_daily_close,,42,0000005272,,0.04508643050907857,0.0060434691287607045,0.0028169014084507005,,,,,,,915793df3a040cd0c802d9f2,False,,,,,,,,,,,,,,,,,,,,,,,,,,,,,,,,,,,,,,,,,,,,,,,,bounded_preclose_bid_ask,,,,False,not_requested_for_horizon_or_variant,,,missing_decision_or_entry_bar,ordinary,covered_call,,missing_decision_or_entry_bar,,,True,,H23,0,AIG,,primary,0.010427683608543991,15.186724771165343,2024
,,,6134f4aaf1bf999583d6a507,time_value,,,1,1,2024-06-03,2024-06-03,,,606,,,2024-06-04,607,False,,,2024-12-02,,,,,,,"{""market_momentum"": 0.04508643050907857, ""market_volatility"": 0.0060434691287607045, ""momentum"": 0.0028169014084507005, ""volatility"": 0.010427683608543991, ""volume_state"": 15.186724771165343}",assumed_next_daily_close,,63,0000005272,,0.04508643050907857,0.0060434691287607045,0.0028169014084507005,,,,,,,915793df3a040cd0c802d9f2,False,,,,,,,,,,,,,,,,,,,,,,,,,,,,,,,,,,,,,,,,,,,,,,,,bounded_preclose_bid_ask,,,,False,not_requested_for_horizon_or_variant,,,missing_decision_or_entry_bar,ordinary,covered_call,,missing_decision_or_entry_bar,,,False,,H23,0,AIG,,primary,0.010427683608543991,15.186724771165343,2024
,,,6134f4aaf1bf999583d6a507,time_value,,,1,1,2024-06-03,2024-06-03,,,606,,,2024-06-04,607,False,,,2024-12-02,,,,,,,"{""market_momentum"": 0.04508643050907857, ""market_volatility"": 0.0060434691287607045, ""momentum"": 0.0028169014084507005, ""volatility"": 0.010427683608543991, ""volume_state"": 15.186724771165343}",assumed_next_daily_close,,63,0000005272,,0.04508643050907857,0.0060434691287607045,0.0028169014084507005,,,,,,,915793df3a040cd0c802d9f2,False,,,,,,,,,,,,,,,,,,,,,,,,,,,,,,,,,,,,,,,,,,,,,,,,bounded_preclose_bid_ask,,,,False,not_requested_for_horizon_or_variant,,,missing_decision_or_entry_bar,ordinary,covered_call,,missing_decision_or_entry_bar,,,True,,H23,0,AIG,,primary,0.010427683608543991,15.186724771165343,2024
,,,6134f4aaf1bf999583d6a507,time_value,,,1,1,2024-06-03,2024-06-03,,,606,,,2024-06-04,607,False,,,2024-12-02,,,,,,,"{""market_momentum"": 0.04508643050907857, ""market_volatility"": 0.0060434691287607045, ""momentum"": 0.0028169014084507005, ""volatility"": 0.010427683608543991, ""volume_state"": 15.186724771165343}",assumed_next_daily_close,,expiry,0000005272,,0.04508643050907857,0.0060434691287607045,0.0028169014084507005,,,,,,,915793df3a040cd0c802d9f2,False,,,,,,,,,,,,,,,,,,,,,,,,,,,,,,,,,,,,,,,,,,,,,,,,bounded_preclose_bid_ask,,,,False,not_requested_for_horizon_or_variant,,,missing_decision_or_entry_bar,ordinary,covered_call,,missing_decision_or_entry_bar,,,False,,H23,0,AIG,,primary,0.010427683608543991,15.186724771165343,2024
,,,6134f4aaf1bf999583d6a507,time_value,,,1,1,2024-06-03,2024-06-03,,,606,,,2024-06-04,607,False,,,2024-12-02,,,,,,,"{""market_momentum"": 0.04508643050907857, ""market_volatility"": 0.0060434691287607045, ""momentum"": 0.0028169014084507005, ""volatility"": 0.010427683608543991, ""volume_state"": 15.186724771165343}",assumed_next_daily_close,,expiry,0000005272,,0.04508643050907857,0.0060434691287607045,0.0028169014084507005,,,,,,,915793df3a040cd0c802d9f2,False,,,,,,,,,,,,,,,,,,,,,,,,,,,,,,,,,,,,,,,,,,,,,,,,bounded_preclose_bid_ask,,,,False,not_requested_for_horizon_or_variant,,,missing_decision_or_entry_bar,ordinary,covered_call,,missing_decision_or_entry_bar,,,True,,H23,0,AIG,,primary,0.010427683608543991,15.186724771165343,2024
,,,66dec862e0ed2260e60444e0,time_value,,,1,1,2024-09-16,2024-09-16,,,678,,,2024-09-17,679,False,,,2025-02-03,,,,,,,"{""market_momentum"": 0.017665033359249183, ""market_volatility"": 0.008408151517643481, ""momentum"": 0.0464529058116232, ""volatility"": 0.01640720203070698, ""volume_state"": 14.770920202938466}",assumed_next_daily_close,,1,0000004962,,0.017665033359249183,0.008408151517643481,0.0464529058116232,,,,,,,578221006b234f3d17eb9f93,False,,,,,,,,,,,,,,,,,,,,,,,,,,,,,,,,,,,,,,,,,,,,,,,,bounded_preclose_bid_ask,,,,False,not_requested_for_horizon_or_variant,,,thin_prior_option_volume,ordinary,protective_put,,thin_prior_option_volume,,,False,,H23,0,AXP,,primary,0.01640720203070698,14.770920202938466,2024
,,,66dec862e0ed2260e60444e0,time_value,,,1,1,2024-09-16,2024-09-16,,,678,,,2024-09-17,679,False,,,2025-02-03,,,,,,,"{""market_momentum"": 0.017665033359249183, ""market_volatility"": 0.008408151517643481, ""momentum"": 0.0464529058116232, ""volatility"": 0.01640720203070698, ""volume_state"": 14.770920202938466}",assumed_next_daily_close,,1,0000004962,,0.017665033359249183,0.008408151517643481,0.0464529058116232,,,,,,,578221006b234f3d17eb9f93,False,,,,,,,,,,,,,,,,,,,,,,,,,,,,,,,,,,,,,,,,,,,,,,,,bounded_preclose_bid_ask,,,,False,not_requested_for_horizon_or_variant,,,thin_prior_option_volume,ordinary,protective_put,,thin_prior_option_volume,,,True,,H23,0,AXP,,primary,0.01640720203070698,14.770920202938466,2024
,,,66dec862e0ed2260e60444e0,time_value,,,1,1,2024-09-16,2024-09-16,,,678,,,2024-09-17,679,False,,,2025-02-03,,,,,,,"{""market_momentum"": 0.017665033359249183, ""market_volatility"": 0.008408151517643481, ""momentum"": 0.0464529058116232, ""volatility"": 0.01640720203070698, ""volume_state"": 14.770920202938466}",assumed_next_daily_close,,2,0000004962,,0.017665033359249183,0.008408151517643481,0.0464529058116232,,,,,,,578221006b234f3d17eb9f93,False,,,,,,,,,,,,,,,,,,,,,,,,,,,,,,,,,,,,,,,,,,,,,,,,bounded_preclose_bid_ask,,,,False,not_requested_for_horizon_or_variant,,,thin_prior_option_volume,ordinary,protective_put,,thin_prior_option_volume,,,False,,H23,0,AXP,,primary,0.01640720203070698,14.770920202938466,2024
,,,66dec862e0ed2260e60444e0,time_value,,,1,1,2024-09-16,2024-09-16,,,678,,,2024-09-17,679,False,,,2025-02-03,,,,,,,"{""market_momentum"": 0.017665033359249183, ""market_volatility"": 0.008408151517643481, ""momentum"": 0.0464529058116232, ""volatility"": 0.01640720203070698, ""volume_state"": 14.770920202938466}",assumed_next_daily_close,,2,0000004962,,0.017665033359249183,0.008408151517643481,0.0464529058116232,,,,,,,578221006b234f3d17eb9f93,False,,,,,,,,,,,,,,,,,,,,,,,,,,,,,,,,,,,,,,,,,,,,,,,,bounded_preclose_bid_ask,,,,False,not_requested_for_horizon_or_variant,,,thin_prior_option_volume,ordinary,protective_put,,thin_prior_option_volume,,,True,,H23,0,AXP,,primary,0.01640720203070698,14.770920202938466,2024
,,,66dec862e0ed2260e60444e0,time_value,,,1,1,2024-09-16,2024-09-16,,,678,,,2024-09-17,679,False,,,2025-02-03,,,,,,,"{""market_momentum"": 0.017665033359249183, ""market_volatility"": 0.008408151517643481, ""momentum"": 0.0464529058116232, ""volatility"": 0.01640720203070698, ""volume_state"": 14.770920202938466}",assumed_next_daily_close,,3,0000004962,,0.017665033359249183,0.008408151517643481,0.0464529058116232,,,,,,,578221006b234f3d17eb9f93,False,,,,,,,,,,,,,,,,,,,,,,,,,,,,,,,,,,,,,,,,,,,,,,,,bounded_preclose_bid_ask,,,,False,not_requested_for_horizon_or_variant,,,thin_prior_option_volume,ordinary,protective_put,,thin_prior_option_volume,,,False,,H23,0,AXP,,primary,0.01640720203070698,14.770920202938466,2024
,,,66dec862e0ed2260e60444e0,time_value,,,1,1,2024-09-16,2024-09-16,,,678,,,2024-09-17,679,False,,,2025-02-03,,,,,,,"{""market_momentum"": 0.017665033359249183, ""market_volatility"": 0.008408151517643481, ""momentum"": 0.0464529058116232, ""volatility"": 0.01640720203070698, ""volume_state"": 14.770920202938466}",assumed_next_daily_close,,3,0000004962,,0.017665033359249183,0.008408151517643481,0.0464529058116232,,,,,,,578221006b234f3d17eb9f93,False,,,,,,,,,,,,,,,,,,,,,,,,,,,,,,,,,,,,,,,,,,,,,,,,bounded_preclose_bid_ask,,,,False,not_requested_for_horizon_or_variant,,,thin_prior_option_volume,ordinary,protective_put,,thin_prior_option_volume,,,True,,H23,0,AXP,,primary,0.01640720203070698,14.770920202938466,2024
,,,66dec862e0ed2260e60444e0,time_value,,,1,1,2024-09-16,2024-09-16,,,678,,,2024-09-17,679,False,,,2025-02-03,,,,,,,"{""market_momentum"": 0.017665033359249183, ""market_volatility"": 0.008408151517643481, ""momentum"": 0.0464529058116232, ""volatility"": 0.01640720203070698, ""volume_state"": 14.770920202938466}",assumed_next_daily_close,,5,0000004962,,0.017665033359249183,0.008408151517643481,0.0464529058116232,,,,,,,578221006b234f3d17eb9f93,False,,,,,,,,,,,,,,,,,,,,,,,,,,,,,,,,,,,,,,,,,,,,,,,,bounded_preclose_bid_ask,,,,False,not_requested_for_horizon_or_variant,,,thin_prior_option_volume,ordinary,protective_put,,thin_prior_option_volume,,,False,,H23,0,AXP,,primary,0.01640720203070698,14.770920202938466,2024
,,,66dec862e0ed2260e60444e0,time_value,,,1,1,2024-09-16,2024-09-16,,,678,,,2024-09-17,679,False,,,2025-02-03,,,,,,,"{""market_momentum"": 0.017665033359249183, ""market_volatility"": 0.008408151517643481, ""momentum"": 0.0464529058116232, ""volatility"": 0.01640720203070698, ""volume_state"": 14.770920202938466}",assumed_next_daily_close,,5,0000004962,,0.017665033359249183,0.008408151517643481,0.0464529058116232,,,,,,,578221006b234f3d17eb9f93,False,,,,,,,,,,,,,,,,,,,,,,,,,,,,,,,,,,,,,,,,,,,,,,,,bounded_preclose_bid_ask,,,,False,not_requested_for_horizon_or_variant,,,thin_prior_option_volume,ordinary,protective_put,,thin_prior_option_volume,,,True,,H23,0,AXP,,primary,0.01640720203070698,14.770920202938466,2024
,,,66dec862e0ed2260e60444e0,time_value,,,1,1,2024-09-16,2024-09-16,,,678,,,2024-09-17,679,False,,,2025-02-03,,,,,,,"{""market_momentum"": 0.017665033359249183, ""market_volatility"": 0.008408151517643481, ""momentum"": 0.0464529058116232, ""volatility"": 0.01640720203070698, ""volume_state"": 14.770920202938466}",assumed_next_daily_close,,10,0000004962,,0.017665033359249183,0.008408151517643481,0.0464529058116232,,,,,,,578221006b234f3d17eb9f93,False,,,,,,,,,,,,,,,,,,,,,,,,,,,,,,,,,,,,,,,,,,,,,,,,bounded_preclose_bid_ask,,,,False,bar_outcome_not_completed,,,thin_prior_option_volume,ordinary,protective_put,,thin_prior_option_volume,,,False,,H23,0,AXP,,primary,0.01640720203070698,14.770920202938466,2024
,,,66dec862e0ed2260e60444e0,time_value,,,1,1,2024-09-16,2024-09-16,,,678,,,2024-09-17,679,False,,,2025-02-03,,,,,,,"{""market_momentum"": 0.017665033359249183, ""market_volatility"": 0.008408151517643481, ""momentum"": 0.0464529058116232, ""volatility"": 0.01640720203070698, ""volume_state"": 14.770920202938466}",assumed_next_daily_close,,10,0000004962,,0.017665033359249183,0.008408151517643481,0.0464529058116232,,,,,,,578221006b234f3d17eb9f93,False,,,,,,,,,,,,,,,,,,,,,,,,,,,,,,,,,,,,,,,,,,,,,,,,bounded_preclose_bid_ask,,,,False,bar_outcome_not_completed,,,thin_prior_option_volume,ordinary,protective_put,,thin_prior_option_volume,,,True,,H23,0,AXP,,primary,0.01640720203070698,14.770920202938466,2024
,,,66dec862e0ed2260e60444e0,time_value,,,1,1,2024-09-16,2024-09-16,,,678,,,2024-09-17,679,False,,,2025-02-03,,,,,,,"{""market_momentum"": 0.017665033359249183, ""market_volatility"": 0.008408151517643481, ""momentum"": 0.0464529058116232, ""volatility"": 0.01640720203070698, ""volume_state"": 14.770920202938466}",assumed_next_daily_close,,21,0000004962,,0.017665033359249183,0.008408151517643481,0.0464529058116232,,,,,,,578221006b234f3d17eb9f93,False,,,,,,,,,,,,,,,,,,,,,,,,,,,,,,,,,,,,,,,,,,,,,,,,bounded_preclose_bid_ask,,,,False,not_requested_for_horizon_or_variant,,,thin_prior_option_volume,ordinary,protective_put,,thin_prior_option_volume,,,False,,H23,0,AXP,,primary,0.01640720203070698,14.770920202938466,2024
,,,66dec862e0ed2260e60444e0,time_value,,,1,1,2024-09-16,2024-09-16,,,678,,,2024-09-17,679,False,,,2025-02-03,,,,,,,"{""market_momentum"": 0.017665033359249183, ""market_volatility"": 0.008408151517643481, ""momentum"": 0.0464529058116232, ""volatility"": 0.01640720203070698, ""volume_state"": 14.770920202938466}",assumed_next_daily_close,,21,0000004962,,0.017665033359249183,0.008408151517643481,0.0464529058116232,,,,,,,578221006b234f3d17eb9f93,False,,,,,,,,,,,,,,,,,,,,,,,,,,,,,,,,,,,,,,,,,,,,,,,,bounded_preclose_bid_ask,,,,False,not_requested_for_horizon_or_variant,,,thin_prior_option_volume,ordinary,protective_put,,thin_prior_option_volume,,,True,,H23,0,AXP,,primary,0.01640720203070698,14.770920202938466,2024
,,,66dec862e0ed2260e60444e0,time_value,,,1,1,2024-09-16,2024-09-16,,,678,,,2024-09-17,679,False,,,2025-02-03,,,,,,,"{""market_momentum"": 0.017665033359249183, ""market_volatility"": 0.008408151517643481, ""momentum"": 0.0464529058116232, ""volatility"": 0.01640720203070698, ""volume_state"": 14.770920202938466}",assumed_next_daily_close,,42,0000004962,,0.017665033359249183,0.008408151517643481,0.0464529058116232,,,,,,,578221006b234f3d17eb9f93,False,,,,,,,,,,,,,,,,,,,,,,,,,,,,,,,,,,,,,,,,,,,,,,,,bounded_preclose_bid_ask,,,,False,not_requested_for_horizon_or_variant,,,thin_prior_option_volume,ordinary,protective_put,,thin_prior_option_volume,,,False,,H23,0,AXP,,primary,0.01640720203070698,14.770920202938466,2024
,,,66dec862e0ed2260e60444e0,time_value,,,1,1,2024-09-16,2024-09-16,,,678,,,2024-09-17,679,False,,,2025-02-03,,,,,,,"{""market_momentum"": 0.017665033359249183, ""market_volatility"": 0.008408151517643481, ""momentum"": 0.0464529058116232, ""volatility"": 0.01640720203070698, ""volume_state"": 14.770920202938466}",assumed_next_daily_close,,42,0000004962,,0.017665033359249183,0.008408151517643481,0.0464529058116232,,,,,,,578221006b234f3d17eb9f93,False,,,,,,,,,,,,,,,,,,,,,,,,,,,,,,,,,,,,,,,,,,,,,,,,bounded_preclose_bid_ask,,,,False,not_requested_for_horizon_or_variant,,,thin_prior_option_volume,ordinary,protective_put,,thin_prior_option_volume,,,True,,H23,0,AXP,,primary,0.01640720203070698,14.770920202938466,2024
,,,66dec862e0ed2260e60444e0,time_value,,,1,1,2024-09-16,2024-09-16,,,678,,,2024-09-17,679,False,,,2025-02-03,,,,,,,"{""market_momentum"": 0.017665033359249183, ""market_volatility"": 0.008408151517643481, ""momentum"": 0.0464529058116232, ""volatility"": 0.01640720203070698, ""volume_state"": 14.770920202938466}",assumed_next_daily_close,,63,0000004962,,0.017665033359249183,0.008408151517643481,0.0464529058116232,,,,,,,578221006b234f3d17eb9f93,False,,,,,,,,,,,,,,,,,,,,,,,,,,,,,,,,,,,,,,,,,,,,,,,,bounded_preclose_bid_ask,,,,False,not_requested_for_horizon_or_variant,,,thin_prior_option_volume,ordinary,protective_put,,thin_prior_option_volume,,,False,,H23,0,AXP,,primary,0.01640720203070698,14.770920202938466,2024
,,,66dec862e0ed2260e60444e0,time_value,,,1,1,2024-09-16,2024-09-16,,,678,,,2024-09-17,679,False,,,2025-02-03,,,,,,,"{""market_momentum"": 0.017665033359249183, ""market_volatility"": 0.008408151517643481, ""momentum"": 0.0464529058116232, ""volatility"": 0.01640720203070698, ""volume_state"": 14.770920202938466}",assumed_next_daily_close,,63,0000004962,,0.017665033359249183,0.008408151517643481,0.0464529058116232,,,,,,,578221006b234f3d17eb9f93,False,,,,,,,,,,,,,,,,,,,,,,,,,,,,,,,,,,,,,,,,,,,,,,,,bounded_preclose_bid_ask,,,,False,not_requested_for_horizon_or_variant,,,thin_prior_option_volume,ordinary,protective_put,,thin_prior_option_volume,,,True,,H23,0,AXP,,primary,0.01640720203070698,14.770920202938466,2024
,,,66dec862e0ed2260e60444e0,time_value,,,1,1,2024-09-16,2024-09-16,,,678,,,2024-09-17,679,False,,,2025-02-03,,,,,,,"{""market_momentum"": 0.017665033359249183, ""market_volatility"": 0.008408151517643481, ""momentum"": 0.0464529058116232, ""volatility"": 0.01640720203070698, ""volume_state"": 14.770920202938466}",assumed_next_daily_close,,expiry,0000004962,,0.017665033359249183,0.008408151517643481,0.0464529058116232,,,,,,,578221006b234f3d17eb9f93,False,,,,,,,,,,,,,,,,,,,,,,,,,,,,,,,,,,,,,,,,,,,,,,,,bounded_preclose_bid_ask,,,,False,not_requested_for_horizon_or_variant,,,thin_prior_option_volume,ordinary,protective_put,,thin_prior_option_volume,,,False,,H23,0,AXP,,primary,0.01640720203070698,14.770920202938466,2024
,,,66dec862e0ed2260e60444e0,time_value,,,1,1,2024-09-16,2024-09-16,,,678,,,2024-09-17,679,False,,,2025-02-03,,,,,,,"{""market_momentum"": 0.017665033359249183, ""market_volatility"": 0.008408151517643481, ""momentum"": 0.0464529058116232, ""volatility"": 0.01640720203070698, ""volume_state"": 14.770920202938466}",assumed_next_daily_close,,expiry,0000004962,,0.017665033359249183,0.008408151517643481,0.0464529058116232,,,,,,,578221006b234f3d17eb9f93,False,,,,,,,,,,,,,,,,,,,,,,,,,,,,,,,,,,,,,,,,,,,,,,,,bounded_preclose_bid_ask,,,,False,not_requested_for_horizon_or_variant,,,thin_prior_option_volume,ordinary,protective_put,,thin_prior_option_volume,,,True,,H23,0,AXP,,primary,0.01640720203070698,14.770920202938466,2024
0.046375355767620974,2024-05-01,584,6cd8ab27174625a1da791fb6,time_value,57.7876,O:AXP240920C00250000,1,1,2024-04-29,2024-04-29,144,0.04624979072492885,582,0.0,0.013288014357133698,2024-04-30,583,True,2024-05-01,584,2024-04-29,62,3564276.0,2024-05-01,scheduled_exit,584,2024-09-20,"{""market_momentum"": -0.024872388016900282, ""market_volatility"": 0.007778130944973878, ""momentum"": 0.049321445825464494, ""volatility"": 0.01783920526635064, ""volume_state"": 15.016434920509496}",assumed_next_daily_close,23403.0,1,0000004962,0,-0.024872388016900282,0.007778130944973878,0.049321445825464494,-310.97939999999994,-0.013288014357133698,61.1918,9.3,8.65,65.00000000000003,c413f50e9e0949687bdf1398,True,0.006024096385542169,166,2.4286834116939938e-05,4117457.2,,,,,,,,,,,,,,,,,,,,,,,,,,,,,,,,,,,,,,,,,,,,bounded_preclose_bid_ask,,,,False,not_requested_for_horizon_or_variant,,,,event,covered_call,100,completed,234.03,231.46,False,-257.0,H23,0,AXP,118.9794,primary,0.01783920526635064,15.016434920509496,2024
0.046375355767620974,2024-05-01,584,6cd8ab27174625a1da791fb6,time_value,13.887599999999999,O:AXP240920C00250000,1,1,2024-04-29,2024-04-29,144,0.04624979072492885,582,0.0,0.012174909199675257,2024-04-30,583,True,2024-05-01,584,2024-04-29,62,3564276.0,2024-05-01,scheduled_exit,584,2024-09-20,"{""market_momentum"": -0.024872388016900282, ""market_volatility"": 0.007778130944973878, ""momentum"": 0.049321445825464494, ""volatility"": 0.01783920526635064, ""volume_state"": 15.016434920509496}",assumed_next_daily_close,23403.0,1,0000004962,0,-0.024872388016900282,0.007778130944973878,0.049321445825464494,-284.92940000000004,-0.012174909199675257,14.041799999999999,9.3,0.0,-0.0,c413f50e9e0949687bdf1398,True,0.006024096385542169,166,2.4286834116939938e-05,4117457.2,,,,,,,,,,,,,,,,,,,,,,,,,,,,,,,,,,,,,,,,,,,,bounded_preclose_bid_ask,,,,False,not_requested_for_horizon_or_variant,,,,event,covered_call,100,completed,234.03,231.46,True,-257.0,H23,0,AXP,27.929399999999998,primary,0.01783920526635064,15.016434920509496,2024
0.046375355767620974,2024-05-02,585,6cd8ab27174625a1da791fb6,time_value,54.85000000000001,O:AXP240920C00250000,1,1,2024-04-29,2024-04-29,144,0.04624979072492885,582,0.0,0.013288014357133723,2024-04-30,583,True,2024-05-02,585,2024-04-29,62,3564276.0,2024-05-02,scheduled_exit,585,2024-09-20,"{""market_momentum"": -0.024872388016900282, ""market_volatility"": 0.007778130944973878, ""momentum"": 0.049321445825464494, ""volatility"": 0.01783920526635064, ""volume_state"": 15.016434920509496}",assumed_next_daily_close,23403.0,2,0000004962,0,-0.024872388016900282,0.007778130944973878,0.049321445825464494,-144.04180000000002,-0.006154843396145794,61.1918,9.3,8.05,125.0,c413f50e9e0949687bdf1398,True,0.006024096385542169,166,2.4286834116939938e-05,4117457.2,,,,,,,,,,,,,,,,,,,,,,,,,,,,,,,,,,,,,,,,,,,,bounded_preclose_bid_ask,,,,False,not_requested_for_horizon_or_variant,,,,event,covered_call,100,completed,234.03,232.5,False,-153.0,H23,0,AXP,116.04180000000001,primary,0.01783920526635064,15.016434920509496,2024
0.046375355767620974,2024-05-02,585,6cd8ab27174625a1da791fb6,time_value,13.95,O:AXP240920C00250000,1,1,2024-04-29,2024-04-29,144,0.04624979072492885,582,0.0,0.012174909199675217,2024-04-30,583,True,2024-05-02,585,2024-04-29,62,3564276.0,2024-05-02,scheduled_exit,585,2024-09-20,"{""market_momentum"": -0.024872388016900282, ""market_volatility"": 0.007778130944973878, ""momentum"": 0.049321445825464494, ""volatility"": 0.01783920526635064, ""volume_state"": 15.016434920509496}",assumed_next_daily_close,23403.0,2,0000004962,0,-0.024872388016900282,0.007778130944973878,0.049321445825464494,-180.99179999999998,-0.00773370080758877,14.041799999999999,9.3,0.0,-0.0,c413f50e9e0949687bdf1398,True,0.006024096385542169,166,2.4286834116939938e-05,4117457.2,,,,,,,,,,,,,,,,,,,,,,,,,,,,,,,,,,,,,,,,,,,,bounded_preclose_bid_ask,,,,False,not_requested_for_horizon_or_variant,,,,event,covered_call,100,completed,234.03,232.5,True,-153.0,H23,0,AXP,27.991799999999998,primary,0.01783920526635064,15.016434920509496,2024
0.046375355767620974,2024-05-03,586,6cd8ab27174625a1da791fb6,time_value,50.4962,O:AXP240920C00250000,1,1,2024-04-29,2024-04-29,144,0.04624979072492885,582,0.0,0.013288014357133723,2024-04-30,583,True,2024-05-03,586,2024-04-29,62,3564276.0,2024-05-03,scheduled_exit,586,2024-09-20,"{""market_momentum"": -0.024872388016900282, ""market_volatility"": 0.007778130944973878, ""momentum"": 0.049321445825464494, ""volatility"": 0.01783920526635064, ""volume_state"": 15.016434920509496}",assumed_next_daily_close,23403.0,3,0000004962,0,-0.024872388016900282,0.007778130944973878,0.049321445825464494,-227.68799999999993,-0.009729009101397254,61.1918,9.3,7.2,210.00000000000006,c413f50e9e0949687bdf1398,True,0.006024096385542169,166,2.4286834116939938e-05,4117457.2,,,,,,,,,,,,,,,,,,,,,,,,,,,,,,,,,,,,,,,,,,,,bounded_preclose_bid_ask,,,,False,not_requested_for_horizon_or_variant,,,,event,covered_call,100,completed,234.03,230.77,False,-326.0,H23,0,AXP,111.688,primary,0.01783920526635064,15.016434920509496,2024
0.046375355767620974,2024-05-03,586,6cd8ab27174625a1da791fb6,time_value,13.8462,O:AXP240920C00250000,1,1,2024-04-29,2024-04-29,144,0.04624979072492885,582,0.0,0.01512148015211725,2024-04-30,583,True,2024-05-03,586,2024-04-29,62,3564276.0,2024-05-03,scheduled_exit,586,2024-09-20,"{""market_momentum"": -0.024872388016900282, ""market_volatility"": 0.007778130944973878, ""momentum"": 0.049321445825464494, ""volatility"": 0.01783920526635064, ""volume_state"": 15.016434920509496}",assumed_next_daily_close,23403.0,3,0000004962,0,-0.024872388016900282,0.007778130944973878,0.049321445825464494,-353.88800000000003,-0.01512148015211725,14.041799999999999,9.3,0.0,-0.0,c413f50e9e0949687bdf1398,True,0.006024096385542169,166,2.4286834116939938e-05,4117457.2,,,,,,,,,,,,,,,,,,,,,,,,,,,,,,,,,,,,,,,,,,,,bounded_preclose_bid_ask,,,,False,not_requested_for_horizon_or_variant,,,,event,covered_call,100,completed,234.03,230.77,True,-326.0,H23,0,AXP,27.887999999999998,primary,0.01783920526635064,15.016434920509496,2024
0.046375355767620974,2024-05-07,588,6cd8ab27174625a1da791fb6,time_value,55.4796,O:AXP240920C00250000,1,1,2024-04-29,2024-04-29,144,0.04624979072492885,582,0.0,0.013288014357133723,2024-04-30,583,True,2024-05-07,588,2024-04-29,62,3564276.0,2024-05-07,scheduled_exit,588,2024-09-20,"{""market_momentum"": -0.024872388016900282, ""market_volatility"": 0.007778130944973878, ""momentum"": 0.049321445825464494, ""volatility"": 0.01783920526635064, ""volume_state"": 15.016434920509496}",assumed_next_daily_close,23403.0,5,0000004962,0,-0.024872388016900282,0.007778130944973878,0.049321445825464494,61.32860000000003,0.0026205443746528238,61.1918,9.3,8.15,115.00000000000003,c413f50e9e0949687bdf1398,True,0.006024096385542169,166,2.4286834116939938e-05,4117457.2,,,,,,,,,,,,,,,,,,,,,,,,,,,,,,,,,,,,,,,,,,,,bounded_preclose_bid_ask,,,,False,not_requested_for_horizon_or_variant,,,,event,covered_call,100,completed,234.03,234.66,False,63.0,H23,0,AXP,116.6714,primary,0.01783920526635064,15.016434920509496,2024
0.046375355767620974,2024-05-07,588,6cd8ab27174625a1da791fb6,time_value,14.0796,O:AXP240920C00250000,1,1,2024-04-29,2024-04-29,144,0.04624979072492885,582,0.0,0.01512148015211721,2024-04-30,583,True,2024-05-07,588,2024-04-29,62,3564276.0,2024-05-07,scheduled_exit,588,2024-09-20,"{""market_momentum"": -0.024872388016900282, ""market_volatility"": 0.007778130944973878, ""momentum"": 0.049321445825464494, ""volatility"": 0.01783920526635064, ""volume_state"": 15.016434920509496}",assumed_next_daily_close,23403.0,5,0000004962,0,-0.024872388016900282,0.007778130944973878,0.049321445825464494,34.878600000000006,0.0014903473913600823,14.041799999999999,9.3,0.0,-0.0,c413f50e9e0949687bdf1398,True,0.006024096385542169,166,2.4286834116939938e-05,4117457.2,,,,,,,,,,,,,,,,,,,,,,,,,,,,,,,,,,,,,,,,,,,,bounded_preclose_bid_ask,,,,False,not_requested_for_horizon_or_variant,,,,event,covered_call,100,completed,234.03,234.66,True,63.0,H23,0,AXP,28.121399999999998,primary,0.01783920526635064,15.016434920509496,2024
0.046375355767620974,2024-05-14,593,6cd8ab27174625a1da791fb6,time_value,70.3918,O:AXP240920C00250000,1,1,2024-04-29,2024-04-29,144,0.04624979072492885,582,0.0,0.013288014357133723,2024-04-30,583,True,2024-05-14,593,2024-04-29,62,3564276.0,2024-05-14,scheduled_exit,593,2024-09-20,"{""market_momentum"": -0.024872388016900282, ""market_volatility"": 0.007778130944973878, ""momentum"": 0.049321445825464494, ""volatility"": 0.01783920526635064, ""volume_state"": 15.016434920509496}",assumed_next_daily_close,23403.0,10,0000004962,0,-0.024872388016900282,0.007778130944973878,0.049321445825464494,443.41639999999995,0.018946989702174934,61.1918,9.3,11.05,-175.0,c413f50e9e0949687bdf1398,True,0.006024096385542169,166,2.4286834116939938e-05,4117457.2,,2.781377536,11.45,6,11.2,6,0.02207505518763797,0.0002944,239.08,400,239.07,4300,4.182787828095504e-05,,,,0.259451136,9.3,20,9.15,8,0.016260162601626053,,0.000378624,233.99,9200,233.98,2100,4.273778233655716e-05,,,,,,,,,,,,,,,bounded_preclose_bid_ask,,,,False,exit_asynchronous_quotes,,,,event,covered_call,100,completed,234.03,241.53,False,750.0,H23,0,AXP,131.5836,primary,0.01783920526635064,15.016434920509496,2024
0.046375355767620974,2024-05-14,593,6cd8ab27174625a1da791fb6,time_value,14.4918,O:AXP240920C00250000,1,1,2024-04-29,2024-04-29,144,0.04624979072492885,582,0.0,0.01512148015211721,2024-04-30,583,True,2024-05-14,593,2024-04-29,62,3564276.0,2024-05-14,scheduled_exit,593,2024-09-20,"{""market_momentum"": -0.024872388016900282, ""market_volatility"": 0.007778130944973878, ""momentum"": 0.049321445825464494, ""volatility"": 0.01783920526635064, ""volume_state"": 15.016434920509496}",assumed_next_daily_close,23403.0,10,0000004962,0,-0.024872388016900282,0.007778130944973878,0.049321445825464494,721.4664,0.030827945135239072,14.041799999999999,9.3,0.0,-0.0,c413f50e9e0949687bdf1398,True,0.006024096385542169,166,2.4286834116939938e-05,4117457.2,,2.781377536,11.45,6,11.2,6,0.02207505518763797,0.0002944,239.08,400,239.07,4300,4.182787828095504e-05,,,,0.259451136,9.3,20,9.15,8,0.016260162601626053,,0.000378624,233.99,9200,233.98,2100,4.273778233655716e-05,,,,,,,,,,,,,,,bounded_preclose_bid_ask,,,,False,exit_asynchronous_quotes,,,,event,covered_call,100,completed,234.03,241.53,True,750.0,H23,0,AXP,28.5336,primary,0.01783920526635064,15.016434920509496,2024
0.046375355767620974,2024-05-30,604,6cd8ab27174625a1da791fb6,time_value,52.383199999999995,O:AXP240920C00250000,1,1,2024-04-29,2024-04-29,144,0.04624979072492885,582,0.0,0.013288014357133723,2024-04-30,583,True,2024-05-30,604,2024-04-29,62,3564276.0,2024-05-30,scheduled_exit,604,2024-09-20,"{""market_momentum"": -0.024872388016900282, ""market_volatility"": 0.007778130944973878, ""momentum"": 0.049321445825464494, ""volatility"": 0.01783920526635064, ""volume_state"": 15.016434920509496}",assumed_next_daily_close,23403.0,21,0000004962,0,-0.024872388016900282,0.007778130944973878,0.049321445825464494,385.42500000000007,0.016469042430457638,61.1918,9.3,7.5,180.00000000000006,c413f50e9e0949687bdf1398,True,0.006024096385542169,166,2.4286834116939938e-05,4117457.2,,,,,,,,,,,,,,,,,,,,,,,,,,,,,,,,,,,,,,,,,,,,bounded_preclose_bid_ask,,,,False,not_requested_for_horizon_or_variant,,,,event,covered_call,100,completed,234.03,237.22,False,319.0,H23,0,AXP,113.57499999999999,primary,0.01783920526635064,15.016434920509496,2024
0.046375355767620974,2024-05-30,604,6cd8ab27174625a1da791fb6,time_value,14.233199999999998,O:AXP240920C00250000,1,1,2024-04-29,2024-04-29,144,0.04624979072492885,582,0.0,0.01512148015211721,2024-04-30,583,True,2024-05-30,604,2024-04-29,62,3564276.0,2024-05-30,scheduled_exit,604,2024-09-20,"{""market_momentum"": -0.024872388016900282, ""market_volatility"": 0.007778130944973878, ""momentum"": 0.049321445825464494, ""volatility"": 0.01783920526635064, ""volume_state"": 15.016434920509496}",assumed_next_daily_close,23403.0,21,0000004962,0,-0.024872388016900282,0.007778130944973878,0.049321445825464494,290.72499999999997,0.01242255266418835,14.041799999999999,9.3,0.0,-0.0,c413f50e9e0949687bdf1398,True,0.006024096385542169,166,2.4286834116939938e-05,4117457.2,,,,,,,,,,,,,,,,,,,,,,,,,,,,,,,,,,,,,,,,,,,,bounded_preclose_bid_ask,,,,False,not_requested_for_horizon_or_variant,,,,event,covered_call,100,completed,234.03,237.22,True,319.0,H23,0,AXP,28.275,primary,0.01783920526635064,15.016434920509496,2024
0.046375355767620974,2024-07-01,625,6cd8ab27174625a1da791fb6,time_value,39.7786,O:AXP240920C00250000,1,1,2024-04-29,2024-04-29,144,0.04624979072492885,582,0.0,0.026179259069350105,2024-04-30,583,True,2024-07-01,625,2024-04-29,62,3564276.0,2024-07-01,scheduled_exit,625,2024-09-20,"{""market_momentum"": -0.024872388016900282, ""market_volatility"": 0.007778130944973878, ""momentum"": 0.049321445825464494, ""volatility"": 0.01783920526635064, ""volume_state"": 15.016434920509496}",assumed_next_daily_close,23403.0,42,0000004962,0,-0.024872388016900282,0.007778130944973878,0.049321445825464494,305.02960000000013,0.01303378199376149,61.1918,9.3,5.02,428.0000000000001,c413f50e9e0949687bdf1398,True,0.006024096385542169,166,2.4286834116939938e-05,4117457.2,,,,,,,,,,,,,,,,,,,,,,,,,,,,,,,,,,,,,,,,,,,,bounded_preclose_bid_ask,,,,False,not_requested_for_horizon_or_variant,,,,event,covered_call,100,completed,234.03,233.81,False,-22.0,H23,0,AXP,100.9704,primary,0.01783920526635064,15.016434920509496,2024
0.046375355767620974,2024-07-01,625,6cd8ab27174625a1da791fb6,time_value,14.028599999999999,O:AXP240920C00250000,1,1,2024-04-29,2024-04-29,144,0.04624979072492885,582,0.0,0.05176144938683071,2024-04-30,583,True,2024-07-01,625,2024-04-29,62,3564276.0,2024-07-01,scheduled_exit,625,2024-09-20,"{""market_momentum"": -0.024872388016900282, ""market_volatility"": 0.007778130944973878, ""momentum"": 0.049321445825464494, ""volatility"": 0.01783920526635064, ""volume_state"": 15.016434920509496}",assumed_next_daily_close,23403.0,42,0000004962,0,-0.024872388016900282,0.007778130944973878,0.049321445825464494,-50.07039999999999,-0.002139486390633679,14.041799999999999,9.3,0.0,-0.0,c413f50e9e0949687bdf1398,True,0.006024096385542169,166,2.4286834116939938e-05,4117457.2,,,,,,,,,,,,,,,,,,,,,,,,,,,,,,,,,,,,,,,,,,,,bounded_preclose_bid_ask,,,,False,not_requested_for_horizon_or_variant,,,,event,covered_call,100,completed,234.03,233.81,True,-22.0,H23,0,AXP,28.0704,primary,0.01783920526635064,15.016434920509496,2024
0.046375355767620974,2024-07-31,646,6cd8ab27174625a1da791fb6,time_value,71.83239999999999,O:AXP240920C00250000,1,1,2024-04-29,2024-04-29,144,0.04624979072492885,582,70.0,0.026179259069350105,2024-04-30,583,True,2024-07-31,646,2024-04-29,62,3564276.0,2024-07-31,scheduled_exit,646,2024-09-20,"{""market_momentum"": -0.024872388016900282, ""market_volatility"": 0.007778130944973878, ""momentum"": 0.049321445825464494, ""volatility"": 0.01783920526635064, ""volume_state"": 15.016434920509496}",assumed_next_daily_close,23403.0,63,0000004962,0,-0.024872388016900282,0.007778130944973878,0.049321445825464494,1647.9758000000002,0.0704172883818314,61.1918,9.3,11.2,-189.99999999999986,c413f50e9e0949687bdf1398,True,0.006024096385542169,166,2.4286834116939938e-05,4117457.2,,,,,,,,,,,,,,,,,,,,,,,,,,,,,,,,,,,,,,,,,,,,bounded_preclose_bid_ask,,,,False,not_requested_for_horizon_or_variant,,,,event,covered_call,100,completed,234.03,253.04,False,1901.0,H23,0,AXP,133.0242,primary,0.01783920526635064,15.016434920509496,2024
0.046375355767620974,2024-07-31,646,6cd8ab27174625a1da791fb6,time_value,15.1824,O:AXP240920C00250000,1,1,2024-04-29,2024-04-29,144,0.04624979072492885,582,70.0,0.05176144938683071,2024-04-30,583,True,2024-07-31,646,2024-04-29,62,3564276.0,2024-07-31,scheduled_exit,646,2024-09-20,"{""market_momentum"": -0.024872388016900282, ""market_volatility"": 0.007778130944973878, ""momentum"": 0.049321445825464494, ""volatility"": 0.01783920526635064, ""volume_state"": 15.016434920509496}",assumed_next_daily_close,23403.0,63,0000004962,0,-0.024872388016900282,0.007778130944973878,0.049321445825464494,1941.7758000000001,0.08297123445712089,14.041799999999999,9.3,0.0,-0.0,c413f50e9e0949687bdf1398,True,0.006024096385542169,166,2.4286834116939938e-05,4117457.2,,,,,,,,,,,,,,,,,,,,,,,,,,,,,,,,,,,,,,,,,,,,bounded_preclose_bid_ask,,,,False,not_requested_for_horizon_or_variant,,,,event,covered_call,100,completed,234.03,253.04,True,1901.0,H23,0,AXP,29.224199999999996,primary,0.01783920526635064,15.016434920509496,2024
0.046375355767620974,2024-09-20,682,6cd8ab27174625a1da791fb6,time_value,15.649999999999999,O:AXP240920C00250000,1,1,2024-04-29,2024-04-29,144,0.04624979072492885,582,70.0,0.026179259069350105,2024-04-30,583,True,2024-09-20,682,2024-04-29,62,3564276.0,2024-09-20,modelled_physical_expiry,682,2024-09-20,"{""market_momentum"": -0.024872388016900282, ""market_volatility"": 0.007778130944973878, ""momentum"": 0.049321445825464494, ""volatility"": 0.01783920526635064, ""volume_state"": 15.016434920509496}",assumed_next_daily_close,23403.0,expiry,0000004962,0,-0.024872388016900282,0.007778130944973878,0.049321445825464494,2520.1582,0.10768526257317437,61.1918,9.3,0.0,930.0000000000001,c413f50e9e0949687bdf1398,True,0.006024096385542169,166,2.4286834116939938e-05,4117457.2,,,,,,,,,,,,,,,,,,,,,,,,,,,,,,,,,,,,,,,,,,,,bounded_preclose_bid_ask,,,,False,not_requested_for_horizon_or_variant,,,,event,covered_call,100,completed,234.03,250.0,False,1597.0,H23,0,AXP,76.8418,primary,0.01783920526635064,15.016434920509496,2024
0.046375355767620974,2024-09-20,682,6cd8ab27174625a1da791fb6,time_value,16.1394,O:AXP240920C00250000,1,1,2024-04-29,2024-04-29,144,0.04624979072492885,582,70.0,0.05176144938683071,2024-04-30,583,True,2024-09-20,682,2024-04-29,62,3564276.0,2024-09-20,scheduled_exit,682,2024-09-20,"{""market_momentum"": -0.024872388016900282, ""market_volatility"": 0.007778130944973878, ""momentum"": 0.049321445825464494, ""volatility"": 0.01783920526635064, ""volume_state"": 15.016434920509496}",assumed_next_daily_close,23403.0,expiry,0000004962,0,-0.024872388016900282,0.007778130944973878,0.049321445825464494,3535.8188,0.15108399777806264,14.041799999999999,9.3,0.0,-0.0,c413f50e9e0949687bdf1398,True,0.006024096385542169,166,2.4286834116939938e-05,4117457.2,,,,,,,,,,,,,,,,,,,,,,,,,,,,,,,,,,,,,,,,,,,,bounded_preclose_bid_ask,,,,False,not_requested_for_horizon_or_variant,,,,event,covered_call,100,completed,234.03,268.99,True,3496.0,H23,0,AXP,30.181199999999997,primary,0.01783920526635064,15.016434920509496,2024
,,,7578850c2830fa1cb276b312,time_value,,,1,1,2023-02-21,2023-02-21,,,284,,,2023-02-22,285,False,,,2023-02-21,,,,,,,"{""market_momentum"": 0.008108517732646314, ""market_volatility"": 0.010323714718565928, ""momentum"": 0.1443271767810026, ""volatility"": 0.025893038084354093, ""volume_state"": 15.245388548207401}",assumed_next_daily_close,,1,0000004962,,0.008108517732646314,0.010323714718565928,0.1443271767810026,,,,,,,22ec1e05640fbe4ff0d8a69f,False,,,,,,,,,,,,,,,,,,,,,,,,,,,,,,,,,,,,,,,,,,,,,,,,bounded_preclose_bid_ask,,,,False,not_requested_for_horizon_or_variant,,,no_standard_contract_within_rules,event,covered_call,,no_standard_contract_within_rules,,,False,,H23,0,AXP,,primary,0.025893038084354093,15.245388548207401,2023
,,,7578850c2830fa1cb276b312,time_value,,,1,1,2023-02-21,2023-02-21,,,284,,,2023-02-22,285,False,,,2023-02-21,,,,,,,"{""market_momentum"": 0.008108517732646314, ""market_volatility"": 0.010323714718565928, ""momentum"": 0.1443271767810026, ""volatility"": 0.025893038084354093, ""volume_state"": 15.245388548207401}",assumed_next_daily_close,,1,0000004962,,0.008108517732646314,0.010323714718565928,0.1443271767810026,,,,,,,22ec1e05640fbe4ff0d8a69f,False,,,,,,,,,,,,,,,,,,,,,,,,,,,,,,,,,,,,,,,,,,,,,,,,bounded_preclose_bid_ask,,,,False,not_requested_for_horizon_or_variant,,,no_standard_contract_within_rules,event,covered_call,,no_standard_contract_within_rules,,,True,,H23,0,AXP,,primary,0.025893038084354093,15.245388548207401,2023
,,,7578850c2830fa1cb276b312,time_value,,,1,1,2023-02-21,2023-02-21,,,284,,,2023-02-22,285,False,,,2023-02-21,,,,,,,"{""market_momentum"": 0.008108517732646314, ""market_volatility"": 0.010323714718565928, ""momentum"": 0.1443271767810026, ""volatility"": 0.025893038084354093, ""volume_state"": 15.245388548207401}",assumed_next_daily_close,,2,0000004962,,0.008108517732646314,0.010323714718565928,0.1443271767810026,,,,,,,22ec1e05640fbe4ff0d8a69f,False,,,,,,,,,,,,,,,,,,,,,,,,,,,,,,,,,,,,,,,,,,,,,,,,bounded_preclose_bid_ask,,,,False,not_requested_for_horizon_or_variant,,,no_standard_contract_within_rules,event,covered_call,,no_standard_contract_within_rules,,,False,,H23,0,AXP,,primary,0.025893038084354093,15.245388548207401,2023
,,,7578850c2830fa1cb276b312,time_value,,,1,1,2023-02-21,2023-02-21,,,284,,,2023-02-22,285,False,,,2023-02-21,,,,,,,"{""market_momentum"": 0.008108517732646314, ""market_volatility"": 0.010323714718565928, ""momentum"": 0.1443271767810026, ""volatility"": 0.025893038084354093, ""volume_state"": 15.245388548207401}",assumed_next_daily_close,,2,0000004962,,0.008108517732646314,0.010323714718565928,0.1443271767810026,,,,,,,22ec1e05640fbe4ff0d8a69f,False,,,,,,,,,,,,,,,,,,,,,,,,,,,,,,,,,,,,,,,,,,,,,,,,bounded_preclose_bid_ask,,,,False,not_requested_for_horizon_or_variant,,,no_standard_contract_within_rules,event,covered_call,,no_standard_contract_within_rules,,,True,,H23,0,AXP,,primary,0.025893038084354093,15.245388548207401,2023
,,,7578850c2830fa1cb276b312,time_value,,,1,1,2023-02-21,2023-02-21,,,284,,,2023-02-22,285,False,,,2023-02-21,,,,,,,"{""market_momentum"": 0.008108517732646314, ""market_volatility"": 0.010323714718565928, ""momentum"": 0.1443271767810026, ""volatility"": 0.025893038084354093, ""volume_state"": 15.245388548207401}",assumed_next_daily_close,,3,0000004962,,0.008108517732646314,0.010323714718565928,0.1443271767810026,,,,,,,22ec1e05640fbe4ff0d8a69f,False,,,,,,,,,,,,,,,,,,,,,,,,,,,,,,,,,,,,,,,,,,,,,,,,bounded_preclose_bid_ask,,,,False,not_requested_for_horizon_or_variant,,,no_standard_contract_within_rules,event,covered_call,,no_standard_contract_within_rules,,,False,,H23,0,AXP,,primary,0.025893038084354093,15.245388548207401,2023
,,,7578850c2830fa1cb276b312,time_value,,,1,1,2023-02-21,2023-02-21,,,284,,,2023-02-22,285,False,,,2023-02-21,,,,,,,"{""market_momentum"": 0.008108517732646314, ""market_volatility"": 0.010323714718565928, ""momentum"": 0.1443271767810026, ""volatility"": 0.025893038084354093, ""volume_state"": 15.245388548207401}",assumed_next_daily_close,,3,0000004962,,0.008108517732646314,0.010323714718565928,0.1443271767810026,,,,,,,22ec1e05640fbe4ff0d8a69f,False,,,,,,,,,,,,,,,,,,,,,,,,,,,,,,,,,,,,,,,,,,,,,,,,bounded_preclose_bid_ask,,,,False,not_requested_for_horizon_or_variant,,,no_standard_contract_within_rules,event,covered_call,,no_standard_contract_within_rules,,,True,,H23,0,AXP,,primary,0.025893038084354093,15.245388548207401,2023
,,,7578850c2830fa1cb276b312,time_value,,,1,1,2023-02-21,2023-02-21,,,284,,,2023-02-22,285,False,,,2023-02-21,,,,,,,"{""market_momentum"": 0.008108517732646314, ""market_volatility"": 0.010323714718565928, ""momentum"": 0.1443271767810026, ""volatility"": 0.025893038084354093, ""volume_state"": 15.245388548207401}",assumed_next_daily_close,,5,0000004962,,0.008108517732646314,0.010323714718565928,0.1443271767810026,,,,,,,22ec1e05640fbe4ff0d8a69f,False,,,,,,,,,,,,,,,,,,,,,,,,,,,,,,,,,,,,,,,,,,,,,,,,bounded_preclose_bid_ask,,,,False,not_requested_for_horizon_or_variant,,,no_standard_contract_within_rules,event,covered_call,,no_standard_contract_within_rules,,,False,,H23,0,AXP,,primary,0.025893038084354093,15.245388548207401,2023
,,,7578850c2830fa1cb276b312,time_value,,,1,1,2023-02-21,2023-02-21,,,284,,,2023-02-22,285,False,,,2023-02-21,,,,,,,"{""market_momentum"": 0.008108517732646314, ""market_volatility"": 0.010323714718565928, ""momentum"": 0.1443271767810026, ""volatility"": 0.025893038084354093, ""volume_state"": 15.245388548207401}",assumed_next_daily_close,,5,0000004962,,0.008108517732646314,0.010323714718565928,0.1443271767810026,,,,,,,22ec1e05640fbe4ff0d8a69f,False,,,,,,,,,,,,,,,,,,,,,,,,,,,,,,,,,,,,,,,,,,,,,,,,bounded_preclose_bid_ask,,,,False,not_requested_for_horizon_or_variant,,,no_standard_contract_within_rules,event,covered_call,,no_standard_contract_within_rules,,,True,,H23,0,AXP,,primary,0.025893038084354093,15.245388548207401,2023
,,,7578850c2830fa1cb276b312,time_value,,,1,1,2023-02-21,2023-02-21,,,284,,,2023-02-22,285,False,,,2023-02-21,,,,,,,"{""market_momentum"": 0.008108517732646314, ""market_volatility"": 0.010323714718565928, ""momentum"": 0.1443271767810026, ""volatility"": 0.025893038084354093, ""volume_state"": 15.245388548207401}",assumed_next_daily_close,,10,0000004962,,0.008108517732646314,0.010323714718565928,0.1443271767810026,,,,,,,22ec1e05640fbe4ff0d8a69f,False,,,,,,,,,,,,,,,,,,,,,,,,,,,,,,,,,,,,,,,,,,,,,,,,bounded_preclose_bid_ask,,,,False,not_sampled_or_missing_quotes,,,no_standard_contract_within_rules,event,covered_call,,no_standard_contract_within_rules,,,False,,H23,0,AXP,,primary,0.025893038084354093,15.245388548207401,2023
,,,7578850c2830fa1cb276b312,time_value,,,1,1,2023-02-21,2023-02-21,,,284,,,2023-02-22,285,False,,,2023-02-21,,,,,,,"{""market_momentum"": 0.008108517732646314, ""market_volatility"": 0.010323714718565928, ""momentum"": 0.1443271767810026, ""volatility"": 0.025893038084354093, ""volume_state"": 15.245388548207401}",assumed_next_daily_close,,10,0000004962,,0.008108517732646314,0.010323714718565928,0.1443271767810026,,,,,,,22ec1e05640fbe4ff0d8a69f,False,,,,,,,,,,,,,,,,,,,,,,,,,,,,,,,,,,,,,,,,,,,,,,,,bounded_preclose_bid_ask,,,,False,not_sampled_or_missing_quotes,,,no_standard_contract_within_rules,event,covered_call,,no_standard_contract_within_rules,,,True,,H23,0,AXP,,primary,0.025893038084354093,15.245388548207401,2023
,,,7578850c2830fa1cb276b312,time_value,,,1,1,2023-02-21,2023-02-21,,,284,,,2023-02-22,285,False,,,2023-02-21,,,,,,,"{""market_momentum"": 0.008108517732646314, ""market_volatility"": 0.010323714718565928, ""momentum"": 0.1443271767810026, ""volatility"": 0.025893038084354093, ""volume_state"": 15.245388548207401}",assumed_next_daily_close,,21,0000004962,,0.008108517732646314,0.010323714718565928,0.1443271767810026,,,,,,,22ec1e05640fbe4ff0d8a69f,False,,,,,,,,,,,,,,,,,,,,,,,,,,,,,,,,,,,,,,,,,,,,,,,,bounded_preclose_bid_ask,,,,False,not_requested_for_horizon_or_variant,,,no_standard_contract_within_rules,event,covered_call,,no_standard_contract_within_rules,,,False,,H23,0,AXP,,primary,0.025893038084354093,15.245388548207401,2023
,,,7578850c2830fa1cb276b312,time_value,,,1,1,2023-02-21,2023-02-21,,,284,,,2023-02-22,285,False,,,2023-02-21,,,,,,,"{""market_momentum"": 0.008108517732646314, ""market_volatility"": 0.010323714718565928, ""momentum"": 0.1443271767810026, ""volatility"": 0.025893038084354093, ""volume_state"": 15.245388548207401}",assumed_next_daily_close,,21,0000004962,,0.008108517732646314,0.010323714718565928,0.1443271767810026,,,,,,,22ec1e05640fbe4ff0d8a69f,False,,,,,,,,,,,,,,,,,,,,,,,,,,,,,,,,,,,,,,,,,,,,,,,,bounded_preclose_bid_ask,,,,False,not_requested_for_horizon_or_variant,,,no_standard_contract_within_rules,event,covered_call,,no_standard_contract_within_rules,,,True,,H23,0,AXP,,primary,0.025893038084354093,15.245388548207401,2023
,,,7578850c2830fa1cb276b312,time_value,,,1,1,2023-02-21,2023-02-21,,,284,,,2023-02-22,285,False,,,2023-02-21,,,,,,,"{""market_momentum"": 0.008108517732646314, ""market_volatility"": 0.010323714718565928, ""momentum"": 0.1443271767810026, ""volatility"": 0.025893038084354093, ""volume_state"": 15.245388548207401}",assumed_next_daily_close,,42,0000004962,,0.008108517732646314,0.010323714718565928,0.1443271767810026,,,,,,,22ec1e05640fbe4ff0d8a69f,False,,,,,,,,,,,,,,,,,,,,,,,,,,,,,,,,,,,,,,,,,,,,,,,,bounded_preclose_bid_ask,,,,False,not_requested_for_horizon_or_variant,,,no_standard_contract_within_rules,event,covered_call,,no_standard_contract_within_rules,,,False,,H23,0,AXP,,primary,0.025893038084354093,15.245388548207401,2023
,,,7578850c2830fa1cb276b312,time_value,,,1,1,2023-02-21,2023-02-21,,,284,,,2023-02-22,285,False,,,2023-02-21,,,,,,,"{""market_momentum"": 0.008108517732646314, ""market_volatility"": 0.010323714718565928, ""momentum"": 0.1443271767810026, ""volatility"": 0.025893038084354093, ""volume_state"": 15.245388548207401}",assumed_next_daily_close,,42,0000004962,,0.008108517732646314,0.010323714718565928,0.1443271767810026,,,,,,,22ec1e05640fbe4ff0d8a69f,False,,,,,,,,,,,,,,,,,,,,,,,,,,,,,,,,,,,,,,,,,,,,,,,,bounded_preclose_bid_ask,,,,False,not_requested_for_horizon_or_variant,,,no_standard_contract_within_rules,event,covered_call,,no_standard_contract_within_rules,,,True,,H23,0,AXP,,primary,0.025893038084354093,15.245388548207401,2023
,,,7578850c2830fa1cb276b312,time_value,,,1,1,2023-02-21,2023-02-21,,,284,,,2023-02-22,285,False,,,2023-02-21,,,,,,,"{""market_momentum"": 0.008108517732646314, ""market_volatility"": 0.010323714718565928, ""momentum"": 0.1443271767810026, ""volatility"": 0.025893038084354093, ""volume_state"": 15.245388548207401}",assumed_next_daily_close,,63,0000004962,,0.008108517732646314,0.010323714718565928,0.1443271767810026,,,,,,,22ec1e05640fbe4ff0d8a69f,False,,,,,,,,,,,,,,,,,,,,,,,,,,,,,,,,,,,,,,,,,,,,,,,,bounded_preclose_bid_ask,,,,False,not_requested_for_horizon_or_variant,,,no_standard_contract_within_rules,event,covered_call,,no_standard_contract_within_rules,,,False,,H23,0,AXP,,primary,0.025893038084354093,15.245388548207401,2023
,,,7578850c2830fa1cb276b312,time_value,,,1,1,2023-02-21,2023-02-21,,,284,,,2023-02-22,285,False,,,2023-02-21,,,,,,,"{""market_momentum"": 0.008108517732646314, ""market_volatility"": 0.010323714718565928, ""momentum"": 0.1443271767810026, ""volatility"": 0.025893038084354093, ""volume_state"": 15.245388548207401}",assumed_next_daily_close,,63,0000004962,,0.008108517732646314,0.010323714718565928,0.1443271767810026,,,,,,,22ec1e05640fbe4ff0d8a69f,False,,,,,,,,,,,,,,,,,,,,,,,,,,,,,,,,,,,,,,,,,,,,,,,,bounded_preclose_bid_ask,,,,False,not_requested_for_horizon_or_variant,,,no_standard_contract_within_rules,event,covered_call,,no_standard_contract_within_rules,,,True,,H23,0,AXP,,primary,0.025893038084354093,15.245388548207401,2023
,,,7578850c2830fa1cb276b312,time_value,,,1,1,2023-02-21,2023-02-21,,,284,,,2023-02-22,285,False,,,2023-02-21,,,,,,,"{""market_momentum"": 0.008108517732646314, ""market_volatility"": 0.010323714718565928, ""momentum"": 0.1443271767810026, ""volatility"": 0.025893038084354093, ""volume_state"": 15.245388548207401}",assumed_next_daily_close,,expiry,0000004962,,0.008108517732646314,0.010323714718565928,0.1443271767810026,,,,,,,22ec1e05640fbe4ff0d8a69f,False,,,,,,,,,,,,,,,,,,,,,,,,,,,,,,,,,,,,,,,,,,,,,,,,bounded_preclose_bid_ask,,,,False,not_requested_for_horizon_or_variant,,,no_standard_contract_within_rules,event,covered_call,,no_standard_contract_within_rules,,,False,,H23,0,AXP,,primary,0.025893038084354093,15.245388548207401,2023
,,,7578850c2830fa1cb276b312,time_value,,,1,1,2023-02-21,2023-02-21,,,284,,,2023-02-22,285,False,,,2023-02-21,,,,,,,"{""market_momentum"": 0.008108517732646314, ""market_volatility"": 0.010323714718565928, ""momentum"": 0.1443271767810026, ""volatility"": 0.025893038084354093, ""volume_state"": 15.245388548207401}",assumed_next_daily_close,,expiry,0000004962,,0.008108517732646314,0.010323714718565928,0.1443271767810026,,,,,,,22ec1e05640fbe4ff0d8a69f,False,,,,,,,,,,,,,,,,,,,,,,,,,,,,,,,,,,,,,,,,,,,,,,,,bounded_preclose_bid_ask,,,,False,not_requested_for_horizon_or_variant,,,no_standard_contract_within_rules,event,covered_call,,no_standard_contract_within_rules,,,True,,H23,0,AXP,,primary,0.025893038084354093,15.245388548207401,2023
,,,763bb705d8741b1bc1bc95a3,time_value,,,1,1,2022-07-26,2022-07-26,,,140,,,2022-07-27,141,False,,,2023-05-03,,,,,,,"{""market_momentum"": 0.002076497128794097, ""market_volatility"": 0.011186582805364095, ""momentum"": 0.025179609989736562, ""volatility"": 0.017904416628525377, ""volume_state"": 15.162022686403535}",assumed_next_daily_close,,1,0000004962,,0.002076497128794097,0.011186582805364095,0.025179609989736562,,,,,,,9cdf4d0394f4dd253a7057bd,False,,,,,,,,,,,,,,,,,,,,,,,,,,,,,,,,,,,,,,,,,,,,,,,,bounded_preclose_bid_ask,,,,False,not_requested_for_horizon_or_variant,,,no_standard_contract_within_rules,ordinary,covered_call,,no_standard_contract_within_rules,,,False,,H23,0,AXP,,primary,0.017904416628525377,15.162022686403535,2022
,,,763bb705d8741b1bc1bc95a3,time_value,,,1,1,2022-07-26,2022-07-26,,,140,,,2022-07-27,141,False,,,2023-05-03,,,,,,,"{""market_momentum"": 0.002076497128794097, ""market_volatility"": 0.011186582805364095, ""momentum"": 0.025179609989736562, ""volatility"": 0.017904416628525377, ""volume_state"": 15.162022686403535}",assumed_next_daily_close,,1,0000004962,,0.002076497128794097,0.011186582805364095,0.025179609989736562,,,,,,,9cdf4d0394f4dd253a7057bd,False,,,,,,,,,,,,,,,,,,,,,,,,,,,,,,,,,,,,,,,,,,,,,,,,bounded_preclose_bid_ask,,,,False,not_requested_for_horizon_or_variant,,,no_standard_contract_within_rules,ordinary,covered_call,,no_standard_contract_within_rules,,,True,,H23,0,AXP,,primary,0.017904416628525377,15.162022686403535,2022
,,,763bb705d8741b1bc1bc95a3,time_value,,,1,1,2022-07-26,2022-07-26,,,140,,,2022-07-27,141,False,,,2023-05-03,,,,,,,"{""market_momentum"": 0.002076497128794097, ""market_volatility"": 0.011186582805364095, ""momentum"": 0.025179609989736562, ""volatility"": 0.017904416628525377, ""volume_state"": 15.162022686403535}",assumed_next_daily_close,,2,0000004962,,0.002076497128794097,0.011186582805364095,0.025179609989736562,,,,,,,9cdf4d0394f4dd253a7057bd,False,,,,,,,,,,,,,,,,,,,,,,,,,,,,,,,,,,,,,,,,,,,,,,,,bounded_preclose_bid_ask,,,,False,not_requested_for_horizon_or_variant,,,no_standard_contract_within_rules,ordinary,covered_call,,no_standard_contract_within_rules,,,False,,H23,0,AXP,,primary,0.017904416628525377,15.162022686403535,2022
,,,763bb705d8741b1bc1bc95a3,time_value,,,1,1,2022-07-26,2022-07-26,,,140,,,2022-07-27,141,False,,,2023-05-03,,,,,,,"{""market_momentum"": 0.002076497128794097, ""market_volatility"": 0.011186582805364095, ""momentum"": 0.025179609989736562, ""volatility"": 0.017904416628525377, ""volume_state"": 15.162022686403535}",assumed_next_daily_close,,2,0000004962,,0.002076497128794097,0.011186582805364095,0.025179609989736562,,,,,,,9cdf4d0394f4dd253a7057bd,False,,,,,,,,,,,,,,,,,,,,,,,,,,,,,,,,,,,,,,,,,,,,,,,,bounded_preclose_bid_ask,,,,False,not_requested_for_horizon_or_variant,,,no_standard_contract_within_rules,ordinary,covered_call,,no_standard_contract_within_rules,,,True,,H23,0,AXP,,primary,0.017904416628525377,15.162022686403535,2022
,,,763bb705d8741b1bc1bc95a3,time_value,,,1,1,2022-07-26,2022-07-26,,,140,,,2022-07-27,141,False,,,2023-05-03,,,,,,,"{""market_momentum"": 0.002076497128794097, ""market_volatility"": 0.011186582805364095, ""momentum"": 0.025179609989736562, ""volatility"": 0.017904416628525377, ""volume_state"": 15.162022686403535}",assumed_next_daily_close,,3,0000004962,,0.002076497128794097,0.011186582805364095,0.025179609989736562,,,,,,,9cdf4d0394f4dd253a7057bd,False,,,,,,,,,,,,,,,,,,,,,,,,,,,,,,,,,,,,,,,,,,,,,,,,bounded_preclose_bid_ask,,,,False,not_requested_for_horizon_or_variant,,,no_standard_contract_within_rules,ordinary,covered_call,,no_standard_contract_within_rules,,,False,,H23,0,AXP,,primary,0.017904416628525377,15.162022686403535,2022
,,,763bb705d8741b1bc1bc95a3,time_value,,,1,1,2022-07-26,2022-07-26,,,140,,,2022-07-27,141,False,,,2023-05-03,,,,,,,"{""market_momentum"": 0.002076497128794097, ""market_volatility"": 0.011186582805364095, ""momentum"": 0.025179609989736562, ""volatility"": 0.017904416628525377, ""volume_state"": 15.162022686403535}",assumed_next_daily_close,,3,0000004962,,0.002076497128794097,0.011186582805364095,0.025179609989736562,,,,,,,9cdf4d0394f4dd253a7057bd,False,,,,,,,,,,,,,,,,,,,,,,,,,,,,,,,,,,,,,,,,,,,,,,,,bounded_preclose_bid_ask,,,,False,not_requested_for_horizon_or_variant,,,no_standard_contract_within_rules,ordinary,covered_call,,no_standard_contract_within_rules,,,True,,H23,0,AXP,,primary,0.017904416628525377,15.162022686403535,2022
,,,763bb705d8741b1bc1bc95a3,time_value,,,1,1,2022-07-26,2022-07-26,,,140,,,2022-07-27,141,False,,,2023-05-03,,,,,,,"{""market_momentum"": 0.002076497128794097, ""market_volatility"": 0.011186582805364095, ""momentum"": 0.025179609989736562, ""volatility"": 0.017904416628525377, ""volume_state"": 15.162022686403535}",assumed_next_daily_close,,5,0000004962,,0.002076497128794097,0.011186582805364095,0.025179609989736562,,,,,,,9cdf4d0394f4dd253a7057bd,False,,,,,,,,,,,,,,,,,,,,,,,,,,,,,,,,,,,,,,,,,,,,,,,,bounded_preclose_bid_ask,,,,False,not_requested_for_horizon_or_variant,,,no_standard_contract_within_rules,ordinary,covered_call,,no_standard_contract_within_rules,,,False,,H23,0,AXP,,primary,0.017904416628525377,15.162022686403535,2022
,,,763bb705d8741b1bc1bc95a3,time_value,,,1,1,2022-07-26,2022-07-26,,,140,,,2022-07-27,141,False,,,2023-05-03,,,,,,,"{""market_momentum"": 0.002076497128794097, ""market_volatility"": 0.011186582805364095, ""momentum"": 0.025179609989736562, ""volatility"": 0.017904416628525377, ""volume_state"": 15.162022686403535}",assumed_next_daily_close,,5,0000004962,,0.002076497128794097,0.011186582805364095,0.025179609989736562,,,,,,,9cdf4d0394f4dd253a7057bd,False,,,,,,,,,,,,,,,,,,,,,,,,,,,,,,,,,,,,,,,,,,,,,,,,bounded_preclose_bid_ask,,,,False,not_requested_for_horizon_or_variant,,,no_standard_contract_within_rules,ordinary,covered_call,,no_standard_contract_within_rules,,,True,,H23,0,AXP,,primary,0.017904416628525377,15.162022686403535,2022
,,,763bb705d8741b1bc1bc95a3,time_value,,,1,1,2022-07-26,2022-07-26,,,140,,,2022-07-27,141,False,,,2023-05-03,,,,,,,"{""market_momentum"": 0.002076497128794097, ""market_volatility"": 0.011186582805364095, ""momentum"": 0.025179609989736562, ""volatility"": 0.017904416628525377, ""volume_state"": 15.162022686403535}",assumed_next_daily_close,,10,0000004962,,0.002076497128794097,0.011186582805364095,0.025179609989736562,,,,,,,9cdf4d0394f4dd253a7057bd,False,,,,,,,,,,,,,,,,,,,,,,,,,,,,,,,,,,,,,,,,,,,,,,,,bounded_preclose_bid_ask,,,,False,not_sampled_or_missing_quotes,,,no_standard_contract_within_rules,ordinary,covered_call,,no_standard_contract_within_rules,,,False,,H23,0,AXP,,primary,0.017904416628525377,15.162022686403535,2022
,,,763bb705d8741b1bc1bc95a3,time_value,,,1,1,2022-07-26,2022-07-26,,,140,,,2022-07-27,141,False,,,2023-05-03,,,,,,,"{""market_momentum"": 0.002076497128794097, ""market_volatility"": 0.011186582805364095, ""momentum"": 0.025179609989736562, ""volatility"": 0.017904416628525377, ""volume_state"": 15.162022686403535}",assumed_next_daily_close,,10,0000004962,,0.002076497128794097,0.011186582805364095,0.025179609989736562,,,,,,,9cdf4d0394f4dd253a7057bd,False,,,,,,,,,,,,,,,,,,,,,,,,,,,,,,,,,,,,,,,,,,,,,,,,bounded_preclose_bid_ask,,,,False,not_sampled_or_missing_quotes,,,no_standard_contract_within_rules,ordinary,covered_call,,no_standard_contract_within_rules,,,True,,H23,0,AXP,,primary,0.017904416628525377,15.162022686403535,2022
,,,763bb705d8741b1bc1bc95a3,time_value,,,1,1,2022-07-26,2022-07-26,,,140,,,2022-07-27,141,False,,,2023-05-03,,,,,,,"{""market_momentum"": 0.002076497128794097, ""market_volatility"": 0.011186582805364095, ""momentum"": 0.025179609989736562, ""volatility"": 0.017904416628525377, ""volume_state"": 15.162022686403535}",assumed_next_daily_close,,21,0000004962,,0.002076497128794097,0.011186582805364095,0.025179609989736562,,,,,,,9cdf4d0394f4dd253a7057bd,False,,,,,,,,,,,,,,,,,,,,,,,,,,,,,,,,,,,,,,,,,,,,,,,,bounded_preclose_bid_ask,,,,False,not_requested_for_horizon_or_variant,,,no_standard_contract_within_rules,ordinary,covered_call,,no_standard_contract_within_rules,,,False,,H23,0,AXP,,primary,0.017904416628525377,15.162022686403535,2022
,,,763bb705d8741b1bc1bc95a3,time_value,,,1,1,2022-07-26,2022-07-26,,,140,,,2022-07-27,141,False,,,2023-05-03,,,,,,,"{""market_momentum"": 0.002076497128794097, ""market_volatility"": 0.011186582805364095, ""momentum"": 0.025179609989736562, ""volatility"": 0.017904416628525377, ""volume_state"": 15.162022686403535}",assumed_next_daily_close,,21,0000004962,,0.002076497128794097,0.011186582805364095,0.025179609989736562,,,,,,,9cdf4d0394f4dd253a7057bd,False,,,,,,,,,,,,,,,,,,,,,,,,,,,,,,,,,,,,,,,,,,,,,,,,bounded_preclose_bid_ask,,,,False,not_requested_for_horizon_or_variant,,,no_standard_contract_within_rules,ordinary,covered_call,,no_standard_contract_within_rules,,,True,,H23,0,AXP,,primary,0.017904416628525377,15.162022686403535,2022
,,,763bb705d8741b1bc1bc95a3,time_value,,,1,1,2022-07-26,2022-07-26,,,140,,,2022-07-27,141,False,,,2023-05-03,,,,,,,"{""market_momentum"": 0.002076497128794097, ""market_volatility"": 0.011186582805364095, ""momentum"": 0.025179609989736562, ""volatility"": 0.017904416628525377, ""volume_state"": 15.162022686403535}",assumed_next_daily_close,,42,0000004962,,0.002076497128794097,0.011186582805364095,0.025179609989736562,,,,,,,9cdf4d0394f4dd253a7057bd,False,,,,,,,,,,,,,,,,,,,,,,,,,,,,,,,,,,,,,,,,,,,,,,,,bounded_preclose_bid_ask,,,,False,not_requested_for_horizon_or_variant,,,no_standard_contract_within_rules,ordinary,covered_call,,no_standard_contract_within_rules,,,False,,H23,0,AXP,,primary,0.017904416628525377,15.162022686403535,2022
,,,763bb705d8741b1bc1bc95a3,time_value,,,1,1,2022-07-26,2022-07-26,,,140,,,2022-07-27,141,False,,,2023-05-03,,,,,,,"{""market_momentum"": 0.002076497128794097, ""market_volatility"": 0.011186582805364095, ""momentum"": 0.025179609989736562, ""volatility"": 0.017904416628525377, ""volume_state"": 15.162022686403535}",assumed_next_daily_close,,42,0000004962,,0.002076497128794097,0.011186582805364095,0.025179609989736562,,,,,,,9cdf4d0394f4dd253a7057bd,False,,,,,,,,,,,,,,,,,,,,,,,,,,,,,,,,,,,,,,,,,,,,,,,,bounded_preclose_bid_ask,,,,False,not_requested_for_horizon_or_variant,,,no_standard_contract_within_rules,ordinary,covered_call,,no_standard_contract_within_rules,,,True,,H23,0,AXP,,primary,0.017904416628525377,15.162022686403535,2022
,,,763bb705d8741b1bc1bc95a3,time_value,,,1,1,2022-07-26,2022-07-26,,,140,,,2022-07-27,141,False,,,2023-05-03,,,,,,,"{""market_momentum"": 0.002076497128794097, ""market_volatility"": 0.011186582805364095, ""momentum"": 0.025179609989736562, ""volatility"": 0.017904416628525377, ""volume_state"": 15.162022686403535}",assumed_next_daily_close,,63,0000004962,,0.002076497128794097,0.011186582805364095,0.025179609989736562,,,,,,,9cdf4d0394f4dd253a7057bd,False,,,,,,,,,,,,,,,,,,,,,,,,,,,,,,,,,,,,,,,,,,,,,,,,bounded_preclose_bid_ask,,,,False,not_requested_for_horizon_or_variant,,,no_standard_contract_within_rules,ordinary,covered_call,,no_standard_contract_within_rules,,,False,,H23,0,AXP,,primary,0.017904416628525377,15.162022686403535,2022
,,,763bb705d8741b1bc1bc95a3,time_value,,,1,1,2022-07-26,2022-07-26,,,140,,,2022-07-27,141,False,,,2023-05-03,,,,,,,"{""market_momentum"": 0.002076497128794097, ""market_volatility"": 0.011186582805364095, ""momentum"": 0.025179609989736562, ""volatility"": 0.017904416628525377, ""volume_state"": 15.162022686403535}",assumed_next_daily_close,,63,0000004962,,0.002076497128794097,0.011186582805364095,0.025179609989736562,,,,,,,9cdf4d0394f4dd253a7057bd,False,,,,,,,,,,,,,,,,,,,,,,,,,,,,,,,,,,,,,,,,,,,,,,,,bounded_preclose_bid_ask,,,,False,not_requested_for_horizon_or_variant,,,no_standard_contract_within_rules,ordinary,covered_call,,no_standard_contract_within_rules,,,True,,H23,0,AXP,,primary,0.017904416628525377,15.162022686403535,2022
,,,763bb705d8741b1bc1bc95a3,time_value,,,1,1,2022-07-26,2022-07-26,,,140,,,2022-07-27,141,False,,,2023-05-03,,,,,,,"{""market_momentum"": 0.002076497128794097, ""market_volatility"": 0.011186582805364095, ""momentum"": 0.025179609989736562, ""volatility"": 0.017904416628525377, ""volume_state"": 15.162022686403535}",assumed_next_daily_close,,expiry,0000004962,,0.002076497128794097,0.011186582805364095,0.025179609989736562,,,,,,,9cdf4d0394f4dd253a7057bd,False,,,,,,,,,,,,,,,,,,,,,,,,,,,,,,,,,,,,,,,,,,,,,,,,bounded_preclose_bid_ask,,,,False,not_requested_for_horizon_or_variant,,,no_standard_contract_within_rules,ordinary,covered_call,,no_standard_contract_within_rules,,,False,,H23,0,AXP,,primary,0.017904416628525377,15.162022686403535,2022
,,,763bb705d8741b1bc1bc95a3,time_value,,,1,1,2022-07-26,2022-07-26,,,140,,,2022-07-27,141,False,,,2023-05-03,,,,,,,"{""market_momentum"": 0.002076497128794097, ""market_volatility"": 0.011186582805364095, ""momentum"": 0.025179609989736562, ""volatility"": 0.017904416628525377, ""volume_state"": 15.162022686403535}",assumed_next_daily_close,,expiry,0000004962,,0.002076497128794097,0.011186582805364095,0.025179609989736562,,,,,,,9cdf4d0394f4dd253a7057bd,False,,,,,,,,,,,,,,,,,,,,,,,,,,,,,,,,,,,,,,,,,,,,,,,,bounded_preclose_bid_ask,,,,False,not_requested_for_horizon_or_variant,,,no_standard_contract_within_rules,ordinary,covered_call,,no_standard_contract_within_rules,,,True,,H23,0,AXP,,primary,0.017904416628525377,15.162022686403535,2022
0.051638294845654076,2024-02-23,537,78424b356f35ecacbdab56a6,time_value,37.7736,O:AXP240621P00200000,1,1,2024-02-21,2024-02-21,121,0.030442410735454502,535,0.0,0.0036674050189260507,2024-02-22,536,True,2024-02-23,537,2024-02-21,7,3027833.0,2024-02-23,scheduled_exit,537,2024-06-21,"{""market_momentum"": 0.028462095356293293, ""market_volatility"": 0.007411212209138988, ""momentum"": 0.13988433057672567, ""volatility"": 0.01810362636476073, ""volume_state"": 15.174073186495786}",assumed_next_daily_close,21399.0,1,0000004962,0,0.028462095356293293,0.007411212209138988,0.13988433057672567,-50.01300000000007,-0.002337165288097578,39.239399999999996,5.15,4.85,-30.00000000000007,5e5e1d315525adfc396f5b1b,True,0.00641025641025641,156,3.339949104519566e-05,2994057.6,,,,,,,,,,,,,,,,,,,,,,,,,,,,,,,,,,,,,,,,,,,,bounded_preclose_bid_ask,,,,False,not_requested_for_horizon_or_variant,,,,event,protective_put,100,completed,213.99,214.56,False,57.0,H23,0,AXP,77.013,primary,0.01810362636476073,15.174073186495786,2024
0.051638294845654076,2024-02-23,537,78424b356f35ecacbdab56a6,time_value,12.8736,O:AXP240621P00200000,1,1,2024-02-21,2024-02-21,121,0.030442410735454502,535,0.0,0.001200000000000035,2024-02-22,536,True,2024-02-23,537,2024-02-21,7,3027833.0,2024-02-23,scheduled_exit,537,2024-06-21,"{""market_momentum"": 0.028462095356293293, ""market_volatility"": 0.007411212209138988, ""momentum"": 0.13988433057672567, ""volatility"": 0.01810362636476073, ""volume_state"": 15.174073186495786}",assumed_next_daily_close,21399.0,1,0000004962,0,0.028462095356293293,0.007411212209138988,0.13988433057672567,31.287000000000003,0.0014620776671807095,12.8394,5.15,0.0,-0.0,5e5e1d315525adfc396f5b1b,True,0.00641025641025641,156,3.339949104519566e-05,2994057.6,,,,,,,,,,,,,,,,,,,,,,,,,,,,,,,,,,,,,,,,,,,,bounded_preclose_bid_ask,,,,False,not_requested_for_horizon_or_variant,,,,event,protective_put,100,completed,213.99,214.56,True,57.0,H23,0,AXP,25.713,primary,0.01810362636476073,15.174073186495786,2024
0.051638294845654076,2024-02-26,538,78424b356f35ecacbdab56a6,time_value,35.41759999999999,O:AXP240621P00200000,1,1,2024-02-21,2024-02-21,121,0.030442410735454502,535,0.0,0.0036674050189260507,2024-02-22,536,True,2024-02-26,538,2024-02-21,7,3027833.0,2024-02-26,scheduled_exit,538,2024-06-21,"{""market_momentum"": 0.028462095356293293, ""market_volatility"": 0.007411212209138988, ""momentum"": 0.13988433057672567, ""volatility"": 0.01810362636476073, ""volume_state"": 15.174073186495786}",assumed_next_daily_close,21399.0,2,0000004962,0,0.028462095356293293,0.007411212209138988,0.13988433057672567,142.34299999999996,0.006651852890321976,39.239399999999996,5.15,4.35,-80.00000000000007,5e5e1d315525adfc396f5b1b,True,0.00641025641025641,156,3.339949104519566e-05,2994057.6,,,,,,,,,,,,,,,,,,,,,,,,,,,,,,,,,,,,,,,,,,,,bounded_preclose_bid_ask,,,,False,not_requested_for_horizon_or_variant,,,,event,protective_put,100,completed,213.99,216.96,False,297.0,H23,0,AXP,74.65699999999998,primary,0.01810362636476073,15.174073186495786,2024
0.051638294845654076,2024-02-26,538,78424b356f35ecacbdab56a6,time_value,13.017599999999998,O:AXP240621P00200000,1,1,2024-02-21,2024-02-21,121,0.030442410735454502,535,0.0,0.001200000000000035,2024-02-22,536,True,2024-02-26,538,2024-02-21,7,3027833.0,2024-02-26,scheduled_exit,538,2024-06-21,"{""market_momentum"": 0.028462095356293293, ""market_volatility"": 0.007411212209138988, ""momentum"": 0.13988433057672567, ""volatility"": 0.01810362636476073, ""volume_state"": 15.174073186495786}",assumed_next_daily_close,21399.0,2,0000004962,0,0.028462095356293293,0.007411212209138988,0.13988433057672567,271.143,0.012670825739520537,12.8394,5.15,0.0,-0.0,5e5e1d315525adfc396f5b1b,True,0.00641025641025641,156,3.339949104519566e-05,2994057.6,,,,,,,,,,,,,,,,,,,,,,,,,,,,,,,,,,,,,,,,,,,,bounded_preclose_bid_ask,,,,False,not_requested_for_horizon_or_variant,,,,event,protective_put,100,completed,213.99,216.96,True,297.0,H23,0,AXP,25.857,primary,0.01810362636476073,15.174073186495786,2024
0.051638294845654076,2024-02-27,539,78424b356f35ecacbdab56a6,time_value,35.2288,O:AXP240621P00200000,1,1,2024-02-21,2024-02-21,121,0.030442410735454502,535,0.0,0.0036674050189260507,2024-02-22,536,True,2024-02-27,539,2024-02-21,7,3027833.0,2024-02-27,scheduled_exit,539,2024-06-21,"{""market_momentum"": 0.028462095356293293, ""market_volatility"": 0.007411212209138988, ""momentum"": 0.13988433057672567, ""volatility"": 0.01810362636476073, ""volume_state"": 15.174073186495786}",assumed_next_daily_close,21399.0,3,0000004962,0,0.028462095356293293,0.007411212209138988,0.13988433057672567,239.53179999999995,0.011193597831674375,39.239399999999996,5.15,4.3,-85.00000000000006,5e5e1d315525adfc396f5b1b,True,0.00641025641025641,156,3.339949104519566e-05,2994057.6,,,,,,,,,,,,,,,,,,,,,,,,,,,,,,,,,,,,,,,,,,,,bounded_preclose_bid_ask,,,,False,not_requested_for_horizon_or_variant,,,,event,protective_put,100,completed,213.99,217.98,False,399.0,H23,0,AXP,74.4682,primary,0.01810362636476073,15.174073186495786,2024
0.051638294845654076,2024-02-27,539,78424b356f35ecacbdab56a6,time_value,13.0788,O:AXP240621P00200000,1,1,2024-02-21,2024-02-21,121,0.030442410735454502,535,0.0,0.001200000000000035,2024-02-22,536,True,2024-02-27,539,2024-02-21,7,3027833.0,2024-02-27,scheduled_exit,539,2024-06-21,"{""market_momentum"": 0.028462095356293293, ""market_volatility"": 0.007411212209138988, ""momentum"": 0.13988433057672567, ""volatility"": 0.01810362636476073, ""volume_state"": 15.174073186495786}",assumed_next_daily_close,21399.0,3,0000004962,0,0.028462095356293293,0.007411212209138988,0.13988433057672567,373.0818,0.017434543670264965,12.8394,5.15,0.0,-0.0,5e5e1d315525adfc396f5b1b,True,0.00641025641025641,156,3.339949104519566e-05,2994057.6,,,,,,,,,,,,,,,,,,,,,,,,,,,,,,,,,,,,,,,,,,,,bounded_preclose_bid_ask,,,,False,not_requested_for_horizon_or_variant,,,,event,protective_put,100,completed,213.99,217.98,True,399.0,H23,0,AXP,25.9182,primary,0.01810362636476073,15.174073186495786,2024
0.051638294845654076,2024-02-29,541,78424b356f35ecacbdab56a6,time_value,33.3152,O:AXP240621P00200000,1,1,2024-02-21,2024-02-21,121,0.030442410735454502,535,0.0,0.0036674050189260507,2024-02-22,536,True,2024-02-29,541,2024-02-21,7,3027833.0,2024-02-29,scheduled_exit,541,2024-06-21,"{""market_momentum"": 0.028462095356293293, ""market_volatility"": 0.007411212209138988, ""momentum"": 0.13988433057672567, ""volatility"": 0.01810362636476073, ""volume_state"": 15.174073186495786}",assumed_next_daily_close,21399.0,5,0000004962,0,0.028462095356293293,0.007411212209138988,0.13988433057672567,345.44539999999995,0.01614306275994205,39.239399999999996,5.15,3.9,-125.00000000000004,5e5e1d315525adfc396f5b1b,True,0.00641025641025641,156,3.339949104519566e-05,2994057.6,,,,,,,,,,,,,,,,,,,,,,,,,,,,,,,,,,,,,,,,,,,,bounded_preclose_bid_ask,,,,False,not_requested_for_horizon_or_variant,,,,event,protective_put,100,completed,213.99,219.42,False,543.0,H23,0,AXP,72.5546,primary,0.01810362636476073,15.174073186495786,2024
0.051638294845654076,2024-02-29,541,78424b356f35ecacbdab56a6,time_value,13.165199999999999,O:AXP240621P00200000,1,1,2024-02-21,2024-02-21,121,0.030442410735454502,535,0.0,0.001200000000000035,2024-02-22,536,True,2024-02-29,541,2024-02-21,7,3027833.0,2024-02-29,scheduled_exit,541,2024-06-21,"{""market_momentum"": 0.028462095356293293, ""market_volatility"": 0.007411212209138988, ""momentum"": 0.13988433057672567, ""volatility"": 0.01810362636476073, ""volume_state"": 15.174073186495786}",assumed_next_daily_close,21399.0,5,0000004962,0,0.028462095356293293,0.007411212209138988,0.13988433057672567,516.9954,0.024159792513668864,12.8394,5.15,0.0,-0.0,5e5e1d315525adfc396f5b1b,True,0.00641025641025641,156,3.339949104519566e-05,2994057.6,,,,,,,,,,,,,,,,,,,,,,,,,,,,,,,,,,,,,,,,,,,,bounded_preclose_bid_ask,,,,False,not_requested_for_horizon_or_variant,,,,event,protective_put,100,completed,213.99,219.42,True,543.0,H23,0,AXP,26.004599999999996,primary,0.01810362636476073,15.174073186495786,2024
0.051638294845654076,2024-03-07,546,78424b356f35ecacbdab56a6,time_value,31.0552,O:AXP240621P00200000,1,1,2024-02-21,2024-02-21,121,0.030442410735454502,535,0.0,0.0036674050189260507,2024-02-22,536,True,2024-03-07,546,2024-02-21,7,3027833.0,2024-03-07,scheduled_exit,546,2024-06-21,"{""market_momentum"": 0.028462095356293293, ""market_volatility"": 0.007411212209138988, ""momentum"": 0.13988433057672567, ""volatility"": 0.01810362636476073, ""volume_state"": 15.174073186495786}",assumed_next_daily_close,21399.0,10,0000004962,0,0.028462095356293293,0.007411212209138988,0.13988433057672567,697.7053999999999,0.03260457965325482,39.239399999999996,5.15,3.4,-175.00000000000006,5e5e1d315525adfc396f5b1b,True,0.00641025641025641,156,3.339949104519566e-05,2994057.6,,,,,,,,,,,,,,,,,,,,,,,,,,,,,,,,,,,,,,,,,,,,bounded_preclose_bid_ask,,,,False,decision_asynchronous_quotes,,,,event,protective_put,100,completed,213.99,223.42,False,943.0,H23,0,AXP,70.2946,primary,0.01810362636476073,15.174073186495786,2024
0.051638294845654076,2024-03-07,546,78424b356f35ecacbdab56a6,time_value,13.405199999999999,O:AXP240621P00200000,1,1,2024-02-21,2024-02-21,121,0.030442410735454502,535,0.0,0.001200000000000035,2024-02-22,536,True,2024-03-07,546,2024-02-21,7,3027833.0,2024-03-07,scheduled_exit,546,2024-06-21,"{""market_momentum"": 0.028462095356293293, ""market_volatility"": 0.007411212209138988, ""momentum"": 0.13988433057672567, ""volatility"": 0.01810362636476073, ""volume_state"": 15.174073186495786}",assumed_next_daily_close,21399.0,10,0000004962,0,0.028462095356293293,0.007411212209138988,0.13988433057672567,916.7554,0.04284103930090191,12.8394,5.15,0.0,-0.0,5e5e1d315525adfc396f5b1b,True,0.00641025641025641,156,3.339949104519566e-05,2994057.6,,,,,,,,,,,,,,,,,,,,,,,,,,,,,,,,,,,,,,,,,,,,bounded_preclose_bid_ask,,,,False,decision_asynchronous_quotes,,,,event,protective_put,100,completed,213.99,223.42,True,943.0,H23,0,AXP,26.2446,primary,0.01810362636476073,15.174073186495786,2024
0.051638294845654076,2024-03-22,557,78424b356f35ecacbdab56a6,time_value,26.2076,O:AXP240621P00200000,1,1,2024-02-21,2024-02-21,121,0.030442410735454502,535,0.0,0.0036674050189260507,2024-02-22,536,True,2024-03-22,557,2024-02-21,7,3027833.0,2024-03-22,scheduled_exit,557,2024-06-21,"{""market_momentum"": 0.028462095356293293, ""market_volatility"": 0.007411212209138988, ""momentum"": 0.13988433057672567, ""volatility"": 0.01810362636476073, ""volume_state"": 15.174073186495786}",assumed_next_daily_close,21399.0,21,0000004962,0,0.028462095356293293,0.007411212209138988,0.13988433057672567,856.553,0.040027711575307254,39.239399999999996,5.15,2.4,-275.00000000000006,5e5e1d315525adfc396f5b1b,True,0.00641025641025641,156,3.339949104519566e-05,2994057.6,,,,,,,,,,,,,,,,,,,,,,,,,,,,,,,,,,,,,,,,,,,,bounded_preclose_bid_ask,,,,False,not_requested_for_horizon_or_variant,,,,event,protective_put,100,completed,213.99,225.96,False,1197.0,H23,0,AXP,65.447,primary,0.01810362636476073,15.174073186495786,2024
0.051638294845654076,2024-03-22,557,78424b356f35ecacbdab56a6,time_value,13.557599999999999,O:AXP240621P00200000,1,1,2024-02-21,2024-02-21,121,0.030442410735454502,535,0.0,0.001200000000000035,2024-02-22,536,True,2024-03-22,557,2024-02-21,7,3027833.0,2024-03-22,scheduled_exit,557,2024-06-21,"{""market_momentum"": 0.028462095356293293, ""market_volatility"": 0.007411212209138988, ""momentum"": 0.13988433057672567, ""volatility"": 0.01810362636476073, ""volume_state"": 15.174073186495786}",assumed_next_daily_close,21399.0,21,0000004962,0,0.028462095356293293,0.007411212209138988,0.13988433057672567,1170.6029999999998,0.05470363101079489,12.8394,5.15,0.0,-0.0,5e5e1d315525adfc396f5b1b,True,0.00641025641025641,156,3.339949104519566e-05,2994057.6,,,,,,,,,,,,,,,,,,,,,,,,,,,,,,,,,,,,,,,,,,,,bounded_preclose_bid_ask,,,,False,not_requested_for_horizon_or_variant,,,,event,protective_put,100,completed,213.99,225.96,True,1197.0,H23,0,AXP,26.397,primary,0.01810362636476073,15.174073186495786,2024
0.051638294845654076,2024-04-23,578,78424b356f35ecacbdab56a6,time_value,17.537599999999998,O:AXP240621P00200000,1,1,2024-02-21,2024-02-21,121,0.030442410735454502,535,70.0,0.0036674050189260507,2024-02-22,536,True,2024-04-23,578,2024-02-21,7,3027833.0,2024-04-23,scheduled_exit,578,2024-06-21,"{""market_momentum"": 0.028462095356293293, ""market_volatility"": 0.007411212209138988, ""momentum"": 0.13988433057672567, ""volatility"": 0.01810362636476073, ""volume_state"": 15.174073186495786}",assumed_next_daily_close,21399.0,42,0000004962,0,0.028462095356293293,0.007411212209138988,0.13988433057672567,2046.223,0.09562236553109958,39.239399999999996,5.15,0.51,-464.00000000000006,5e5e1d315525adfc396f5b1b,True,0.00641025641025641,156,3.339949104519566e-05,2994057.6,,,,,,,,,,,,,,,,,,,,,,,,,,,,,,,,,,,,,,,,,,,,bounded_preclose_bid_ask,,,,False,not_requested_for_horizon_or_variant,,,,event,protective_put,100,completed,213.99,238.96,False,2497.0,H23,0,AXP,56.776999999999994,primary,0.01810362636476073,15.174073186495786,2024
0.051638294845654076,2024-04-23,578,78424b356f35ecacbdab56a6,time_value,14.337599999999998,O:AXP240621P00200000,1,1,2024-02-21,2024-02-21,121,0.030442410735454502,535,70.0,0.001200000000000035,2024-02-22,536,True,2024-04-23,578,2024-02-21,7,3027833.0,2024-04-23,scheduled_exit,578,2024-06-21,"{""market_momentum"": 0.028462095356293293, ""market_volatility"": 0.007411212209138988, ""momentum"": 0.13988433057672567, ""volatility"": 0.01810362636476073, ""volume_state"": 15.174073186495786}",assumed_next_daily_close,21399.0,42,0000004962,0,0.028462095356293293,0.007411212209138988,0.13988433057672567,2539.8230000000003,0.11868886396560588,12.8394,5.15,0.0,-0.0,5e5e1d315525adfc396f5b1b,True,0.00641025641025641,156,3.339949104519566e-05,2994057.6,,,,,,,,,,,,,,,,,,,,,,,,,,,,,,,,,,,,,,,,,,,,bounded_preclose_bid_ask,,,,False,not_requested_for_horizon_or_variant,,,,event,protective_put,100,completed,213.99,238.96,True,2497.0,H23,0,AXP,27.177,primary,0.01810362636476073,15.174073186495786,2024
0.051638294845654076,2024-05-23,600,78424b356f35ecacbdab56a6,time_value,15.6276,O:AXP240621P00200000,1,1,2024-02-21,2024-02-21,121,0.030442410735454502,535,70.0,0.0036674050189260507,2024-02-22,536,False,2024-05-22,599,2024-02-21,7,3027833.0,2024-05-23,scheduled_exit,600,2024-06-21,"{""market_momentum"": 0.028462095356293293, ""market_volatility"": 0.007411212209138988, ""momentum"": 0.13988433057672567, ""volatility"": 0.01810362636476073, ""volume_state"": 15.174073186495786}",assumed_next_daily_close,21399.0,63,0000004962,0,0.028462095356293293,0.007411212209138988,0.13988433057672567,1664.133,0.07776685826440488,39.239399999999996,5.15,0.17,-498.00000000000006,5e5e1d315525adfc396f5b1b,True,0.00641025641025641,156,3.339949104519566e-05,2994057.6,,,,,,,,,,,,,,,,,,,,,,,,,,,,,,,,,,,,,,,,,,,,bounded_preclose_bid_ask,,,,False,not_requested_for_horizon_or_variant,,,,event,protective_put,100,completed,213.99,235.46,False,2147.0,H23,0,AXP,54.867,primary,0.01810362636476073,15.174073186495786,2024
0.051638294845654076,2024-05-22,599,78424b356f35ecacbdab56a6,time_value,14.405399999999998,O:AXP240621P00200000,1,1,2024-02-21,2024-02-21,121,0.030442410735454502,535,70.0,0.001200000000000035,2024-02-22,536,True,2024-05-22,599,2024-02-21,7,3027833.0,2024-05-22,scheduled_exit,599,2024-06-21,"{""market_momentum"": 0.028462095356293293, ""market_volatility"": 0.007411212209138988, ""momentum"": 0.13988433057672567, ""volatility"": 0.01810362636476073, ""volume_state"": 15.174073186495786}",assumed_next_daily_close,21399.0,63,0000004962,0,0.028462095356293293,0.007411212209138988,0.13988433057672567,2652.7552,0.1239663161829992,12.8394,5.15,0.0,-0.0,5e5e1d315525adfc396f5b1b,True,0.00641025641025641,156,3.339949104519566e-05,2994057.6,,,,,,,,,,,,,,,,,,,,,,,,,,,,,,,,,,,,,,,,,,,,bounded_preclose_bid_ask,,,,False,not_requested_for_horizon_or_variant,,,,event,protective_put,100,completed,213.99,240.09,True,2610.0,H23,0,AXP,27.244799999999998,primary,0.01810362636476073,15.174073186495786,2024
0.051638294845654076,2024-06-21,619,78424b356f35ecacbdab56a6,time_value,14.4728,O:AXP240621P00200000,1,1,2024-02-21,2024-02-21,121,0.030442410735454502,535,70.0,,2024-02-22,536,True,2024-06-21,619,2024-02-21,7,3027833.0,2024-06-21,expiry_worthless,619,2024-06-21,"{""market_momentum"": 0.028462095356293293, ""market_volatility"": 0.007411212209138988, ""momentum"": 0.13988433057672567, ""volatility"": 0.01810362636476073, ""volume_state"": 15.174073186495786}",assumed_next_daily_close,21399.0,expiry,0000004962,1,0.028462095356293293,0.007411212209138988,0.13988433057672567,1140.2878,0.05328696668068602,39.239399999999996,5.15,0.0,-515.0,5e5e1d315525adfc396f5b1b,False,0.00641025641025641,156,3.339949104519566e-05,2994057.6,,,,,,,,,,,,,,,,,,,,,,,,,,,,,,,,,,,,,,,,,,,,bounded_preclose_bid_ask,,,,False,not_requested_for_horizon_or_variant,,,,event,protective_put,100,completed,213.99,230.38,False,1639.0,H23,0,AXP,53.712199999999996,primary,0.01810362636476073,15.174073186495786,2024
0.051638294845654076,2024-06-21,619,78424b356f35ecacbdab56a6,time_value,13.822799999999999,O:AXP240621P00200000,1,1,2024-02-21,2024-02-21,121,0.030442410735454502,535,70.0,0.001200000000000035,2024-02-22,536,True,2024-06-21,619,2024-02-21,7,3027833.0,2024-06-21,scheduled_exit,619,2024-06-21,"{""market_momentum"": 0.028462095356293293, ""market_volatility"": 0.007411212209138988, ""momentum"": 0.13988433057672567, ""volatility"": 0.01810362636476073, ""volume_state"": 15.174073186495786}",assumed_next_daily_close,21399.0,expiry,0000004962,0,0.028462095356293293,0.007411212209138988,0.13988433057672567,1682.3378,0.07861758960699099,12.8394,5.15,0.0,-0.0,5e5e1d315525adfc396f5b1b,True,0.00641025641025641,156,3.339949104519566e-05,2994057.6,,,,,,,,,,,,,,,,,,,,,,,,,,,,,,,,,,,,,,,,,,,,bounded_preclose_bid_ask,,,,False,not_requested_for_horizon_or_variant,,,,event,protective_put,100,completed,213.99,230.38,True,1639.0,H23,0,AXP,26.6622,primary,0.01810362636476073,15.174073186495786,2024
,,,8377caa208a80ff8a36e25cf,time_value,,,1,1,2024-04-29,2024-04-29,,,582,,,2024-04-30,583,False,,,2024-04-29,,,,,,,"{""market_momentum"": -0.024872388016900282, ""market_volatility"": 0.007778130944973878, ""momentum"": 0.049321445825464494, ""volatility"": 0.01783920526635064, ""volume_state"": 15.016434920509496}",assumed_next_daily_close,,1,0000004962,,-0.024872388016900282,0.007778130944973878,0.049321445825464494,,,,,,,c413f50e9e0949687bdf1398,False,,,,,,,,,,,,,,,,,,,,,,,,,,,,,,,,,,,,,,,,,,,,,,,,bounded_preclose_bid_ask,,,,False,not_requested_for_horizon_or_variant,,,no_standard_contract_within_rules,event,protective_put,,no_standard_contract_within_rules,,,False,,H23,0,AXP,,primary,0.01783920526635064,15.016434920509496,2024
,,,8377caa208a80ff8a36e25cf,time_value,,,1,1,2024-04-29,2024-04-29,,,582,,,2024-04-30,583,False,,,2024-04-29,,,,,,,"{""market_momentum"": -0.024872388016900282, ""market_volatility"": 0.007778130944973878, ""momentum"": 0.049321445825464494, ""volatility"": 0.01783920526635064, ""volume_state"": 15.016434920509496}",assumed_next_daily_close,,1,0000004962,,-0.024872388016900282,0.007778130944973878,0.049321445825464494,,,,,,,c413f50e9e0949687bdf1398,False,,,,,,,,,,,,,,,,,,,,,,,,,,,,,,,,,,,,,,,,,,,,,,,,bounded_preclose_bid_ask,,,,False,not_requested_for_horizon_or_variant,,,no_standard_contract_within_rules,event,protective_put,,no_standard_contract_within_rules,,,True,,H23,0,AXP,,primary,0.01783920526635064,15.016434920509496,2024
,,,8377caa208a80ff8a36e25cf,time_value,,,1,1,2024-04-29,2024-04-29,,,582,,,2024-04-30,583,False,,,2024-04-29,,,,,,,"{""market_momentum"": -0.024872388016900282, ""market_volatility"": 0.007778130944973878, ""momentum"": 0.049321445825464494, ""volatility"": 0.01783920526635064, ""volume_state"": 15.016434920509496}",assumed_next_daily_close,,2,0000004962,,-0.024872388016900282,0.007778130944973878,0.049321445825464494,,,,,,,c413f50e9e0949687bdf1398,False,,,,,,,,,,,,,,,,,,,,,,,,,,,,,,,,,,,,,,,,,,,,,,,,bounded_preclose_bid_ask,,,,False,not_requested_for_horizon_or_variant,,,no_standard_contract_within_rules,event,protective_put,,no_standard_contract_within_rules,,,False,,H23,0,AXP,,primary,0.01783920526635064,15.016434920509496,2024
,,,8377caa208a80ff8a36e25cf,time_value,,,1,1,2024-04-29,2024-04-29,,,582,,,2024-04-30,583,False,,,2024-04-29,,,,,,,"{""market_momentum"": -0.024872388016900282, ""market_volatility"": 0.007778130944973878, ""momentum"": 0.049321445825464494, ""volatility"": 0.01783920526635064, ""volume_state"": 15.016434920509496}",assumed_next_daily_close,,2,0000004962,,-0.024872388016900282,0.007778130944973878,0.049321445825464494,,,,,,,c413f50e9e0949687bdf1398,False,,,,,,,,,,,,,,,,,,,,,,,,,,,,,,,,,,,,,,,,,,,,,,,,bounded_preclose_bid_ask,,,,False,not_requested_for_horizon_or_variant,,,no_standard_contract_within_rules,event,protective_put,,no_standard_contract_within_rules,,,True,,H23,0,AXP,,primary,0.01783920526635064,15.016434920509496,2024
,,,8377caa208a80ff8a36e25cf,time_value,,,1,1,2024-04-29,2024-04-29,,,582,,,2024-04-30,583,False,,,2024-04-29,,,,,,,"{""market_momentum"": -0.024872388016900282, ""market_volatility"": 0.007778130944973878, ""momentum"": 0.049321445825464494, ""volatility"": 0.01783920526635064, ""volume_state"": 15.016434920509496}",assumed_next_daily_close,,3,0000004962,,-0.024872388016900282,0.007778130944973878,0.049321445825464494,,,,,,,c413f50e9e0949687bdf1398,False,,,,,,,,,,,,,,,,,,,,,,,,,,,,,,,,,,,,,,,,,,,,,,,,bounded_preclose_bid_ask,,,,False,not_requested_for_horizon_or_variant,,,no_standard_contract_within_rules,event,protective_put,,no_standard_contract_within_rules,,,False,,H23,0,AXP,,primary,0.01783920526635064,15.016434920509496,2024
,,,8377caa208a80ff8a36e25cf,time_value,,,1,1,2024-04-29,2024-04-29,,,582,,,2024-04-30,583,False,,,2024-04-29,,,,,,,"{""market_momentum"": -0.024872388016900282, ""market_volatility"": 0.007778130944973878, ""momentum"": 0.049321445825464494, ""volatility"": 0.01783920526635064, ""volume_state"": 15.016434920509496}",assumed_next_daily_close,,3,0000004962,,-0.024872388016900282,0.007778130944973878,0.049321445825464494,,,,,,,c413f50e9e0949687bdf1398,False,,,,,,,,,,,,,,,,,,,,,,,,,,,,,,,,,,,,,,,,,,,,,,,,bounded_preclose_bid_ask,,,,False,not_requested_for_horizon_or_variant,,,no_standard_contract_within_rules,event,protective_put,,no_standard_contract_within_rules,,,True,,H23,0,AXP,,primary,0.01783920526635064,15.016434920509496,2024
,,,8377caa208a80ff8a36e25cf,time_value,,,1,1,2024-04-29,2024-04-29,,,582,,,2024-04-30,583,False,,,2024-04-29,,,,,,,"{""market_momentum"": -0.024872388016900282, ""market_volatility"": 0.007778130944973878, ""momentum"": 0.049321445825464494, ""volatility"": 0.01783920526635064, ""volume_state"": 15.016434920509496}",assumed_next_daily_close,,5,0000004962,,-0.024872388016900282,0.007778130944973878,0.049321445825464494,,,,,,,c413f50e9e0949687bdf1398,False,,,,,,,,,,,,,,,,,,,,,,,,,,,,,,,,,,,,,,,,,,,,,,,,bounded_preclose_bid_ask,,,,False,not_requested_for_horizon_or_variant,,,no_standard_contract_within_rules,event,protective_put,,no_standard_contract_within_rules,,,False,,H23,0,AXP,,primary,0.01783920526635064,15.016434920509496,2024
,,,8377caa208a80ff8a36e25cf,time_value,,,1,1,2024-04-29,2024-04-29,,,582,,,2024-04-30,583,False,,,2024-04-29,,,,,,,"{""market_momentum"": -0.024872388016900282, ""market_volatility"": 0.007778130944973878, ""momentum"": 0.049321445825464494, ""volatility"": 0.01783920526635064, ""volume_state"": 15.016434920509496}",assumed_next_daily_close,,5,0000004962,,-0.024872388016900282,0.007778130944973878,0.049321445825464494,,,,,,,c413f50e9e0949687bdf1398,False,,,,,,,,,,,,,,,,,,,,,,,,,,,,,,,,,,,,,,,,,,,,,,,,bounded_preclose_bid_ask,,,,False,not_requested_for_horizon_or_variant,,,no_standard_contract_within_rules,event,protective_put,,no_standard_contract_within_rules,,,True,,H23,0,AXP,,primary,0.01783920526635064,15.016434920509496,2024
,,,8377caa208a80ff8a36e25cf,time_value,,,1,1,2024-04-29,2024-04-29,,,582,,,2024-04-30,583,False,,,2024-04-29,,,,,,,"{""market_momentum"": -0.024872388016900282, ""market_volatility"": 0.007778130944973878, ""momentum"": 0.049321445825464494, ""volatility"": 0.01783920526635064, ""volume_state"": 15.016434920509496}",assumed_next_daily_close,,10,0000004962,,-0.024872388016900282,0.007778130944973878,0.049321445825464494,,,,,,,c413f50e9e0949687bdf1398,False,,,,,,,,,,,,,,,,,,,,,,,,,,,,,,,,,,,,,,,,,,,,,,,,bounded_preclose_bid_ask,,,,False,not_sampled_or_missing_quotes,,,no_standard_contract_within_rules,event,protective_put,,no_standard_contract_within_rules,,,False,,H23,0,AXP,,primary,0.01783920526635064,15.016434920509496,2024
,,,8377caa208a80ff8a36e25cf,time_value,,,1,1,2024-04-29,2024-04-29,,,582,,,2024-04-30,583,False,,,2024-04-29,,,,,,,"{""market_momentum"": -0.024872388016900282, ""market_volatility"": 0.007778130944973878, ""momentum"": 0.049321445825464494, ""volatility"": 0.01783920526635064, ""volume_state"": 15.016434920509496}",assumed_next_daily_close,,10,0000004962,,-0.024872388016900282,0.007778130944973878,0.049321445825464494,,,,,,,c413f50e9e0949687bdf1398,False,,,,,,,,,,,,,,,,,,,,,,,,,,,,,,,,,,,,,,,,,,,,,,,,bounded_preclose_bid_ask,,,,False,not_sampled_or_missing_quotes,,,no_standard_contract_within_rules,event,protective_put,,no_standard_contract_within_rules,,,True,,H23,0,AXP,,primary,0.01783920526635064,15.016434920509496,2024
,,,8377caa208a80ff8a36e25cf,time_value,,,1,1,2024-04-29,2024-04-29,,,582,,,2024-04-30,583,False,,,2024-04-29,,,,,,,"{""market_momentum"": -0.024872388016900282, ""market_volatility"": 0.007778130944973878, ""momentum"": 0.049321445825464494, ""volatility"": 0.01783920526635064, ""volume_state"": 15.016434920509496}",assumed_next_daily_close,,21,0000004962,,-0.024872388016900282,0.007778130944973878,0.049321445825464494,,,,,,,c413f50e9e0949687bdf1398,False,,,,,,,,,,,,,,,,,,,,,,,,,,,,,,,,,,,,,,,,,,,,,,,,bounded_preclose_bid_ask,,,,False,not_requested_for_horizon_or_variant,,,no_standard_contract_within_rules,event,protective_put,,no_standard_contract_within_rules,,,False,,H23,0,AXP,,primary,0.01783920526635064,15.016434920509496,2024
,,,8377caa208a80ff8a36e25cf,time_value,,,1,1,2024-04-29,2024-04-29,,,582,,,2024-04-30,583,False,,,2024-04-29,,,,,,,"{""market_momentum"": -0.024872388016900282, ""market_volatility"": 0.007778130944973878, ""momentum"": 0.049321445825464494, ""volatility"": 0.01783920526635064, ""volume_state"": 15.016434920509496}",assumed_next_daily_close,,21,0000004962,,-0.024872388016900282,0.007778130944973878,0.049321445825464494,,,,,,,c413f50e9e0949687bdf1398,False,,,,,,,,,,,,,,,,,,,,,,,,,,,,,,,,,,,,,,,,,,,,,,,,bounded_preclose_bid_ask,,,,False,not_requested_for_horizon_or_variant,,,no_standard_contract_within_rules,event,protective_put,,no_standard_contract_within_rules,,,True,,H23,0,AXP,,primary,0.01783920526635064,15.016434920509496,2024
,,,8377caa208a80ff8a36e25cf,time_value,,,1,1,2024-04-29,2024-04-29,,,582,,,2024-04-30,583,False,,,2024-04-29,,,,,,,"{""market_momentum"": -0.024872388016900282, ""market_volatility"": 0.007778130944973878, ""momentum"": 0.049321445825464494, ""volatility"": 0.01783920526635064, ""volume_state"": 15.016434920509496}",assumed_next_daily_close,,42,0000004962,,-0.024872388016900282,0.007778130944973878,0.049321445825464494,,,,,,,c413f50e9e0949687bdf1398,False,,,,,,,,,,,,,,,,,,,,,,,,,,,,,,,,,,,,,,,,,,,,,,,,bounded_preclose_bid_ask,,,,False,not_requested_for_horizon_or_variant,,,no_standard_contract_within_rules,event,protective_put,,no_standard_contract_within_rules,,,False,,H23,0,AXP,,primary,0.01783920526635064,15.016434920509496,2024
,,,8377caa208a80ff8a36e25cf,time_value,,,1,1,2024-04-29,2024-04-29,,,582,,,2024-04-30,583,False,,,2024-04-29,,,,,,,"{""market_momentum"": -0.024872388016900282, ""market_volatility"": 0.007778130944973878, ""momentum"": 0.049321445825464494, ""volatility"": 0.01783920526635064, ""volume_state"": 15.016434920509496}",assumed_next_daily_close,,42,0000004962,,-0.024872388016900282,0.007778130944973878,0.049321445825464494,,,,,,,c413f50e9e0949687bdf1398,False,,,,,,,,,,,,,,,,,,,,,,,,,,,,,,,,,,,,,,,,,,,,,,,,bounded_preclose_bid_ask,,,,False,not_requested_for_horizon_or_variant,,,no_standard_contract_within_rules,event,protective_put,,no_standard_contract_within_rules,,,True,,H23,0,AXP,,primary,0.01783920526635064,15.016434920509496,2024
,,,8377caa208a80ff8a36e25cf,time_value,,,1,1,2024-04-29,2024-04-29,,,582,,,2024-04-30,583,False,,,2024-04-29,,,,,,,"{""market_momentum"": -0.024872388016900282, ""market_volatility"": 0.007778130944973878, ""momentum"": 0.049321445825464494, ""volatility"": 0.01783920526635064, ""volume_state"": 15.016434920509496}",assumed_next_daily_close,,63,0000004962,,-0.024872388016900282,0.007778130944973878,0.049321445825464494,,,,,,,c413f50e9e0949687bdf1398,False,,,,,,,,,,,,,,,,,,,,,,,,,,,,,,,,,,,,,,,,,,,,,,,,bounded_preclose_bid_ask,,,,False,not_requested_for_horizon_or_variant,,,no_standard_contract_within_rules,event,protective_put,,no_standard_contract_within_rules,,,False,,H23,0,AXP,,primary,0.01783920526635064,15.016434920509496,2024
,,,8377caa208a80ff8a36e25cf,time_value,,,1,1,2024-04-29,2024-04-29,,,582,,,2024-04-30,583,False,,,2024-04-29,,,,,,,"{""market_momentum"": -0.024872388016900282, ""market_volatility"": 0.007778130944973878, ""momentum"": 0.049321445825464494, ""volatility"": 0.01783920526635064, ""volume_state"": 15.016434920509496}",assumed_next_daily_close,,63,0000004962,,-0.024872388016900282,0.007778130944973878,0.049321445825464494,,,,,,,c413f50e9e0949687bdf1398,False,,,,,,,,,,,,,,,,,,,,,,,,,,,,,,,,,,,,,,,,,,,,,,,,bounded_preclose_bid_ask,,,,False,not_requested_for_horizon_or_variant,,,no_standard_contract_within_rules,event,protective_put,,no_standard_contract_within_rules,,,True,,H23,0,AXP,,primary,0.01783920526635064,15.016434920509496,2024
,,,8377caa208a80ff8a36e25cf,time_value,,,1,1,2024-04-29,2024-04-29,,,582,,,2024-04-30,583,False,,,2024-04-29,,,,,,,"{""market_momentum"": -0.024872388016900282, ""market_volatility"": 0.007778130944973878, ""momentum"": 0.049321445825464494, ""volatility"": 0.01783920526635064, ""volume_state"": 15.016434920509496}",assumed_next_daily_close,,expiry,0000004962,,-0.024872388016900282,0.007778130944973878,0.049321445825464494,,,,,,,c413f50e9e0949687bdf1398,False,,,,,,,,,,,,,,,,,,,,,,,,,,,,,,,,,,,,,,,,,,,,,,,,bounded_preclose_bid_ask,,,,False,not_requested_for_horizon_or_variant,,,no_standard_contract_within_rules,event,protective_put,,no_standard_contract_within_rules,,,False,,H23,0,AXP,,primary,0.01783920526635064,15.016434920509496,2024
,,,8377caa208a80ff8a36e25cf,time_value,,,1,1,2024-04-29,2024-04-29,,,582,,,2024-04-30,583,False,,,2024-04-29,,,,,,,"{""market_momentum"": -0.024872388016900282, ""market_volatility"": 0.007778130944973878, ""momentum"": 0.049321445825464494, ""volatility"": 0.01783920526635064, ""volume_state"": 15.016434920509496}",assumed_next_daily_close,,expiry,0000004962,,-0.024872388016900282,0.007778130944973878,0.049321445825464494,,,,,,,c413f50e9e0949687bdf1398,False,,,,,,,,,,,,,,,,,,,,,,,,,,,,,,,,,,,,,,,,,,,,,,,,bounded_preclose_bid_ask,,,,False,not_requested_for_horizon_or_variant,,,no_standard_contract_within_rules,event,protective_put,,no_standard_contract_within_rules,,,True,,H23,0,AXP,,primary,0.01783920526635064,15.016434920509496,2024
,,,860a4a02650de87c2724f5bd,time_value,,,1,1,2023-11-09,2023-11-09,,,466,,,2023-11-10,467,False,,,2024-04-29,,,,,,,"{""market_momentum"": -0.0056839017235057465, ""market_volatility"": 0.009333956393016686, ""momentum"": 0.005676192990561768, ""volatility"": 0.016885114209320155, ""volume_state"": 15.004428446468827}",assumed_next_daily_close,,1,0000004962,,-0.0056839017235057465,0.009333956393016686,0.005676192990561768,,,,,,,c413f50e9e0949687bdf1398,False,,,,,,,,,,,,,,,,,,,,,,,,,,,,,,,,,,,,,,,,,,,,,,,,bounded_preclose_bid_ask,,,,False,not_requested_for_horizon_or_variant,,,missing_decision_or_entry_bar,ordinary,protective_put,,missing_decision_or_entry_bar,,,False,,H23,0,AXP,,primary,0.016885114209320155,15.004428446468827,2023
,,,860a4a02650de87c2724f5bd,time_value,,,1,1,2023-11-09,2023-11-09,,,466,,,2023-11-10,467,False,,,2024-04-29,,,,,,,"{""market_momentum"": -0.0056839017235057465, ""market_volatility"": 0.009333956393016686, ""momentum"": 0.005676192990561768, ""volatility"": 0.016885114209320155, ""volume_state"": 15.004428446468827}",assumed_next_daily_close,,1,0000004962,,-0.0056839017235057465,0.009333956393016686,0.005676192990561768,,,,,,,c413f50e9e0949687bdf1398,False,,,,,,,,,,,,,,,,,,,,,,,,,,,,,,,,,,,,,,,,,,,,,,,,bounded_preclose_bid_ask,,,,False,not_requested_for_horizon_or_variant,,,missing_decision_or_entry_bar,ordinary,protective_put,,missing_decision_or_entry_bar,,,True,,H23,0,AXP,,primary,0.016885114209320155,15.004428446468827,2023
,,,860a4a02650de87c2724f5bd,time_value,,,1,1,2023-11-09,2023-11-09,,,466,,,2023-11-10,467,False,,,2024-04-29,,,,,,,"{""market_momentum"": -0.0056839017235057465, ""market_volatility"": 0.009333956393016686, ""momentum"": 0.005676192990561768, ""volatility"": 0.016885114209320155, ""volume_state"": 15.004428446468827}",assumed_next_daily_close,,2,0000004962,,-0.0056839017235057465,0.009333956393016686,0.005676192990561768,,,,,,,c413f50e9e0949687bdf1398,False,,,,,,,,,,,,,,,,,,,,,,,,,,,,,,,,,,,,,,,,,,,,,,,,bounded_preclose_bid_ask,,,,False,not_requested_for_horizon_or_variant,,,missing_decision_or_entry_bar,ordinary,protective_put,,missing_decision_or_entry_bar,,,False,,H23,0,AXP,,primary,0.016885114209320155,15.004428446468827,2023
,,,860a4a02650de87c2724f5bd,time_value,,,1,1,2023-11-09,2023-11-09,,,466,,,2023-11-10,467,False,,,2024-04-29,,,,,,,"{""market_momentum"": -0.0056839017235057465, ""market_volatility"": 0.009333956393016686, ""momentum"": 0.005676192990561768, ""volatility"": 0.016885114209320155, ""volume_state"": 15.004428446468827}",assumed_next_daily_close,,2,0000004962,,-0.0056839017235057465,0.009333956393016686,0.005676192990561768,,,,,,,c413f50e9e0949687bdf1398,False,,,,,,,,,,,,,,,,,,,,,,,,,,,,,,,,,,,,,,,,,,,,,,,,bounded_preclose_bid_ask,,,,False,not_requested_for_horizon_or_variant,,,missing_decision_or_entry_bar,ordinary,protective_put,,missing_decision_or_entry_bar,,,True,,H23,0,AXP,,primary,0.016885114209320155,15.004428446468827,2023
,,,860a4a02650de87c2724f5bd,time_value,,,1,1,2023-11-09,2023-11-09,,,466,,,2023-11-10,467,False,,,2024-04-29,,,,,,,"{""market_momentum"": -0.0056839017235057465, ""market_volatility"": 0.009333956393016686, ""momentum"": 0.005676192990561768, ""volatility"": 0.016885114209320155, ""volume_state"": 15.004428446468827}",assumed_next_daily_close,,3,0000004962,,-0.0056839017235057465,0.009333956393016686,0.005676192990561768,,,,,,,c413f50e9e0949687bdf1398,False,,,,,,,,,,,,,,,,,,,,,,,,,,,,,,,,,,,,,,,,,,,,,,,,bounded_preclose_bid_ask,,,,False,not_requested_for_horizon_or_variant,,,missing_decision_or_entry_bar,ordinary,protective_put,,missing_decision_or_entry_bar,,,False,,H23,0,AXP,,primary,0.016885114209320155,15.004428446468827,2023
,,,860a4a02650de87c2724f5bd,time_value,,,1,1,2023-11-09,2023-11-09,,,466,,,2023-11-10,467,False,,,2024-04-29,,,,,,,"{""market_momentum"": -0.0056839017235057465, ""market_volatility"": 0.009333956393016686, ""momentum"": 0.005676192990561768, ""volatility"": 0.016885114209320155, ""volume_state"": 15.004428446468827}",assumed_next_daily_close,,3,0000004962,,-0.0056839017235057465,0.009333956393016686,0.005676192990561768,,,,,,,c413f50e9e0949687bdf1398,False,,,,,,,,,,,,,,,,,,,,,,,,,,,,,,,,,,,,,,,,,,,,,,,,bounded_preclose_bid_ask,,,,False,not_requested_for_horizon_or_variant,,,missing_decision_or_entry_bar,ordinary,protective_put,,missing_decision_or_entry_bar,,,True,,H23,0,AXP,,primary,0.016885114209320155,15.004428446468827,2023
,,,860a4a02650de87c2724f5bd,time_value,,,1,1,2023-11-09,2023-11-09,,,466,,,2023-11-10,467,False,,,2024-04-29,,,,,,,"{""market_momentum"": -0.0056839017235057465, ""market_volatility"": 0.009333956393016686, ""momentum"": 0.005676192990561768, ""volatility"": 0.016885114209320155, ""volume_state"": 15.004428446468827}",assumed_next_daily_close,,5,0000004962,,-0.0056839017235057465,0.009333956393016686,0.005676192990561768,,,,,,,c413f50e9e0949687bdf1398,False,,,,,,,,,,,,,,,,,,,,,,,,,,,,,,,,,,,,,,,,,,,,,,,,bounded_preclose_bid_ask,,,,False,not_requested_for_horizon_or_variant,,,missing_decision_or_entry_bar,ordinary,protective_put,,missing_decision_or_entry_bar,,,False,,H23,0,AXP,,primary,0.016885114209320155,15.004428446468827,2023
,,,860a4a02650de87c2724f5bd,time_value,,,1,1,2023-11-09,2023-11-09,,,466,,,2023-11-10,467,False,,,2024-04-29,,,,,,,"{""market_momentum"": -0.0056839017235057465, ""market_volatility"": 0.009333956393016686, ""momentum"": 0.005676192990561768, ""volatility"": 0.016885114209320155, ""volume_state"": 15.004428446468827}",assumed_next_daily_close,,5,0000004962,,-0.0056839017235057465,0.009333956393016686,0.005676192990561768,,,,,,,c413f50e9e0949687bdf1398,False,,,,,,,,,,,,,,,,,,,,,,,,,,,,,,,,,,,,,,,,,,,,,,,,bounded_preclose_bid_ask,,,,False,not_requested_for_horizon_or_variant,,,missing_decision_or_entry_bar,ordinary,protective_put,,missing_decision_or_entry_bar,,,True,,H23,0,AXP,,primary,0.016885114209320155,15.004428446468827,2023
,,,860a4a02650de87c2724f5bd,time_value,,,1,1,2023-11-09,2023-11-09,,,466,,,2023-11-10,467,False,,,2024-04-29,,,,,,,"{""market_momentum"": -0.0056839017235057465, ""market_volatility"": 0.009333956393016686, ""momentum"": 0.005676192990561768, ""volatility"": 0.016885114209320155, ""volume_state"": 15.004428446468827}",assumed_next_daily_close,,10,0000004962,,-0.0056839017235057465,0.009333956393016686,0.005676192990561768,,,,,,,c413f50e9e0949687bdf1398,False,,,,,,,,,,,,,,,,,,,,,,,,,,,,,,,,,,,,,,,,,,,,,,,,bounded_preclose_bid_ask,,,,False,bar_outcome_not_completed,,,missing_decision_or_entry_bar,ordinary,protective_put,,missing_decision_or_entry_bar,,,False,,H23,0,AXP,,primary,0.016885114209320155,15.004428446468827,2023
,,,860a4a02650de87c2724f5bd,time_value,,,1,1,2023-11-09,2023-11-09,,,466,,,2023-11-10,467,False,,,2024-04-29,,,,,,,"{""market_momentum"": -0.0056839017235057465, ""market_volatility"": 0.009333956393016686, ""momentum"": 0.005676192990561768, ""volatility"": 0.016885114209320155, ""volume_state"": 15.004428446468827}",assumed_next_daily_close,,10,0000004962,,-0.0056839017235057465,0.009333956393016686,0.005676192990561768,,,,,,,c413f50e9e0949687bdf1398,False,,,,,,,,,,,,,,,,,,,,,,,,,,,,,,,,,,,,,,,,,,,,,,,,bounded_preclose_bid_ask,,,,False,bar_outcome_not_completed,,,missing_decision_or_entry_bar,ordinary,protective_put,,missing_decision_or_entry_bar,,,True,,H23,0,AXP,,primary,0.016885114209320155,15.004428446468827,2023
,,,860a4a02650de87c2724f5bd,time_value,,,1,1,2023-11-09,2023-11-09,,,466,,,2023-11-10,467,False,,,2024-04-29,,,,,,,"{""market_momentum"": -0.0056839017235057465, ""market_volatility"": 0.009333956393016686, ""momentum"": 0.005676192990561768, ""volatility"": 0.016885114209320155, ""volume_state"": 15.004428446468827}",assumed_next_daily_close,,21,0000004962,,-0.0056839017235057465,0.009333956393016686,0.005676192990561768,,,,,,,c413f50e9e0949687bdf1398,False,,,,,,,,,,,,,,,,,,,,,,,,,,,,,,,,,,,,,,,,,,,,,,,,bounded_preclose_bid_ask,,,,False,not_requested_for_horizon_or_variant,,,missing_decision_or_entry_bar,ordinary,protective_put,,missing_decision_or_entry_bar,,,False,,H23,0,AXP,,primary,0.016885114209320155,15.004428446468827,2023
,,,860a4a02650de87c2724f5bd,time_value,,,1,1,2023-11-09,2023-11-09,,,466,,,2023-11-10,467,False,,,2024-04-29,,,,,,,"{""market_momentum"": -0.0056839017235057465, ""market_volatility"": 0.009333956393016686, ""momentum"": 0.005676192990561768, ""volatility"": 0.016885114209320155, ""volume_state"": 15.004428446468827}",assumed_next_daily_close,,21,0000004962,,-0.0056839017235057465,0.009333956393016686,0.005676192990561768,,,,,,,c413f50e9e0949687bdf1398,False,,,,,,,,,,,,,,,,,,,,,,,,,,,,,,,,,,,,,,,,,,,,,,,,bounded_preclose_bid_ask,,,,False,not_requested_for_horizon_or_variant,,,missing_decision_or_entry_bar,ordinary,protective_put,,missing_decision_or_entry_bar,,,True,,H23,0,AXP,,primary,0.016885114209320155,15.004428446468827,2023
,,,860a4a02650de87c2724f5bd,time_value,,,1,1,2023-11-09,2023-11-09,,,466,,,2023-11-10,467,False,,,2024-04-29,,,,,,,"{""market_momentum"": -0.0056839017235057465, ""market_volatility"": 0.009333956393016686, ""momentum"": 0.005676192990561768, ""volatility"": 0.016885114209320155, ""volume_state"": 15.004428446468827}",assumed_next_daily_close,,42,0000004962,,-0.0056839017235057465,0.009333956393016686,0.005676192990561768,,,,,,,c413f50e9e0949687bdf1398,False,,,,,,,,,,,,,,,,,,,,,,,,,,,,,,,,,,,,,,,,,,,,,,,,bounded_preclose_bid_ask,,,,False,not_requested_for_horizon_or_variant,,,missing_decision_or_entry_bar,ordinary,protective_put,,missing_decision_or_entry_bar,,,False,,H23,0,AXP,,primary,0.016885114209320155,15.004428446468827,2023
,,,860a4a02650de87c2724f5bd,time_value,,,1,1,2023-11-09,2023-11-09,,,466,,,2023-11-10,467,False,,,2024-04-29,,,,,,,"{""market_momentum"": -0.0056839017235057465, ""market_volatility"": 0.009333956393016686, ""momentum"": 0.005676192990561768, ""volatility"": 0.016885114209320155, ""volume_state"": 15.004428446468827}",assumed_next_daily_close,,42,0000004962,,-0.0056839017235057465,0.009333956393016686,0.005676192990561768,,,,,,,c413f50e9e0949687bdf1398,False,,,,,,,,,,,,,,,,,,,,,,,,,,,,,,,,,,,,,,,,,,,,,,,,bounded_preclose_bid_ask,,,,False,not_requested_for_horizon_or_variant,,,missing_decision_or_entry_bar,ordinary,protective_put,,missing_decision_or_entry_bar,,,True,,H23,0,AXP,,primary,0.016885114209320155,15.004428446468827,2023
,,,860a4a02650de87c2724f5bd,time_value,,,1,1,2023-11-09,2023-11-09,,,466,,,2023-11-10,467,False,,,2024-04-29,,,,,,,"{""market_momentum"": -0.0056839017235057465, ""market_volatility"": 0.009333956393016686, ""momentum"": 0.005676192990561768, ""volatility"": 0.016885114209320155, ""volume_state"": 15.004428446468827}",assumed_next_daily_close,,63,0000004962,,-0.0056839017235057465,0.009333956393016686,0.005676192990561768,,,,,,,c413f50e9e0949687bdf1398,False,,,,,,,,,,,,,,,,,,,,,,,,,,,,,,,,,,,,,,,,,,,,,,,,bounded_preclose_bid_ask,,,,False,not_requested_for_horizon_or_variant,,,missing_decision_or_entry_bar,ordinary,protective_put,,missing_decision_or_entry_bar,,,False,,H23,0,AXP,,primary,0.016885114209320155,15.004428446468827,2023
,,,860a4a02650de87c2724f5bd,time_value,,,1,1,2023-11-09,2023-11-09,,,466,,,2023-11-10,467,False,,,2024-04-29,,,,,,,"{""market_momentum"": -0.0056839017235057465, ""market_volatility"": 0.009333956393016686, ""momentum"": 0.005676192990561768, ""volatility"": 0.016885114209320155, ""volume_state"": 15.004428446468827}",assumed_next_daily_close,,63,0000004962,,-0.0056839017235057465,0.009333956393016686,0.005676192990561768,,,,,,,c413f50e9e0949687bdf1398,False,,,,,,,,,,,,,,,,,,,,,,,,,,,,,,,,,,,,,,,,,,,,,,,,bounded_preclose_bid_ask,,,,False,not_requested_for_horizon_or_variant,,,missing_decision_or_entry_bar,ordinary,protective_put,,missing_decision_or_entry_bar,,,True,,H23,0,AXP,,primary,0.016885114209320155,15.004428446468827,2023
,,,860a4a02650de87c2724f5bd,time_value,,,1,1,2023-11-09,2023-11-09,,,466,,,2023-11-10,467,False,,,2024-04-29,,,,,,,"{""market_momentum"": -0.0056839017235057465, ""market_volatility"": 0.009333956393016686, ""momentum"": 0.005676192990561768, ""volatility"": 0.016885114209320155, ""volume_state"": 15.004428446468827}",assumed_next_daily_close,,expiry,0000004962,,-0.0056839017235057465,0.009333956393016686,0.005676192990561768,,,,,,,c413f50e9e0949687bdf1398,False,,,,,,,,,,,,,,,,,,,,,,,,,,,,,,,,,,,,,,,,,,,,,,,,bounded_preclose_bid_ask,,,,False,not_requested_for_horizon_or_variant,,,missing_decision_or_entry_bar,ordinary,protective_put,,missing_decision_or_entry_bar,,,False,,H23,0,AXP,,primary,0.016885114209320155,15.004428446468827,2023
,,,860a4a02650de87c2724f5bd,time_value,,,1,1,2023-11-09,2023-11-09,,,466,,,2023-11-10,467,False,,,2024-04-29,,,,,,,"{""market_momentum"": -0.0056839017235057465, ""market_volatility"": 0.009333956393016686, ""momentum"": 0.005676192990561768, ""volatility"": 0.016885114209320155, ""volume_state"": 15.004428446468827}",assumed_next_daily_close,,expiry,0000004962,,-0.0056839017235057465,0.009333956393016686,0.005676192990561768,,,,,,,c413f50e9e0949687bdf1398,False,,,,,,,,,,,,,,,,,,,,,,,,,,,,,,,,,,,,,,,,,,,,,,,,bounded_preclose_bid_ask,,,,False,not_requested_for_horizon_or_variant,,,missing_decision_or_entry_bar,ordinary,protective_put,,missing_decision_or_entry_bar,,,True,,H23,0,AXP,,primary,0.016885114209320155,15.004428446468827,2023
,,,895f3b9e5c82c1ee602c980f,time_value,,,1,1,2022-03-08,2022-03-08,,,44,,,2022-03-09,45,False,,,2022-03-08,,,,,,,"{""market_momentum"": -0.07232003565856915, ""market_volatility"": 0.014657046051352953, ""momentum"": -0.13882163034705397, ""volatility"": 0.03035866163993918, ""volume_state"": 15.381399656323877}",assumed_next_daily_close,,1,0000004962,,-0.07232003565856915,0.014657046051352953,-0.13882163034705397,,,,,,,3763243f08a0b9f3c3a85afe,False,,,,,,,,,,,,,,,,,,,,,,,,,,,,,,,,,,,,,,,,,,,,,,,,bounded_preclose_bid_ask,,,,False,not_requested_for_horizon_or_variant,,,no_standard_contract_within_rules,event,covered_call,,no_standard_contract_within_rules,,,False,,H23,0,AXP,,primary,0.03035866163993918,15.381399656323877,2022
,,,895f3b9e5c82c1ee602c980f,time_value,,,1,1,2022-03-08,2022-03-08,,,44,,,2022-03-09,45,False,,,2022-03-08,,,,,,,"{""market_momentum"": -0.07232003565856915, ""market_volatility"": 0.014657046051352953, ""momentum"": -0.13882163034705397, ""volatility"": 0.03035866163993918, ""volume_state"": 15.381399656323877}",assumed_next_daily_close,,1,0000004962,,-0.07232003565856915,0.014657046051352953,-0.13882163034705397,,,,,,,3763243f08a0b9f3c3a85afe,False,,,,,,,,,,,,,,,,,,,,,,,,,,,,,,,,,,,,,,,,,,,,,,,,bounded_preclose_bid_ask,,,,False,not_requested_for_horizon_or_variant,,,no_standard_contract_within_rules,event,covered_call,,no_standard_contract_within_rules,,,True,,H23,0,AXP,,primary,0.03035866163993918,15.381399656323877,2022
,,,895f3b9e5c82c1ee602c980f,time_value,,,1,1,2022-03-08,2022-03-08,,,44,,,2022-03-09,45,False,,,2022-03-08,,,,,,,"{""market_momentum"": -0.07232003565856915, ""market_volatility"": 0.014657046051352953, ""momentum"": -0.13882163034705397, ""volatility"": 0.03035866163993918, ""volume_state"": 15.381399656323877}",assumed_next_daily_close,,2,0000004962,,-0.07232003565856915,0.014657046051352953,-0.13882163034705397,,,,,,,3763243f08a0b9f3c3a85afe,False,,,,,,,,,,,,,,,,,,,,,,,,,,,,,,,,,,,,,,,,,,,,,,,,bounded_preclose_bid_ask,,,,False,not_requested_for_horizon_or_variant,,,no_standard_contract_within_rules,event,covered_call,,no_standard_contract_within_rules,,,False,,H23,0,AXP,,primary,0.03035866163993918,15.381399656323877,2022
,,,895f3b9e5c82c1ee602c980f,time_value,,,1,1,2022-03-08,2022-03-08,,,44,,,2022-03-09,45,False,,,2022-03-08,,,,,,,"{""market_momentum"": -0.07232003565856915, ""market_volatility"": 0.014657046051352953, ""momentum"": -0.13882163034705397, ""volatility"": 0.03035866163993918, ""volume_state"": 15.381399656323877}",assumed_next_daily_close,,2,0000004962,,-0.07232003565856915,0.014657046051352953,-0.13882163034705397,,,,,,,3763243f08a0b9f3c3a85afe,False,,,,,,,,,,,,,,,,,,,,,,,,,,,,,,,,,,,,,,,,,,,,,,,,bounded_preclose_bid_ask,,,,False,not_requested_for_horizon_or_variant,,,no_standard_contract_within_rules,event,covered_call,,no_standard_contract_within_rules,,,True,,H23,0,AXP,,primary,0.03035866163993918,15.381399656323877,2022
,,,895f3b9e5c82c1ee602c980f,time_value,,,1,1,2022-03-08,2022-03-08,,,44,,,2022-03-09,45,False,,,2022-03-08,,,,,,,"{""market_momentum"": -0.07232003565856915, ""market_volatility"": 0.014657046051352953, ""momentum"": -0.13882163034705397, ""volatility"": 0.03035866163993918, ""volume_state"": 15.381399656323877}",assumed_next_daily_close,,3,0000004962,,-0.07232003565856915,0.014657046051352953,-0.13882163034705397,,,,,,,3763243f08a0b9f3c3a85afe,False,,,,,,,,,,,,,,,,,,,,,,,,,,,,,,,,,,,,,,,,,,,,,,,,bounded_preclose_bid_ask,,,,False,not_requested_for_horizon_or_variant,,,no_standard_contract_within_rules,event,covered_call,,no_standard_contract_within_rules,,,False,,H23,0,AXP,,primary,0.03035866163993918,15.381399656323877,2022
,,,895f3b9e5c82c1ee602c980f,time_value,,,1,1,2022-03-08,2022-03-08,,,44,,,2022-03-09,45,False,,,2022-03-08,,,,,,,"{""market_momentum"": -0.07232003565856915, ""market_volatility"": 0.014657046051352953, ""momentum"": -0.13882163034705397, ""volatility"": 0.03035866163993918, ""volume_state"": 15.381399656323877}",assumed_next_daily_close,,3,0000004962,,-0.07232003565856915,0.014657046051352953,-0.13882163034705397,,,,,,,3763243f08a0b9f3c3a85afe,False,,,,,,,,,,,,,,,,,,,,,,,,,,,,,,,,,,,,,,,,,,,,,,,,bounded_preclose_bid_ask,,,,False,not_requested_for_horizon_or_variant,,,no_standard_contract_within_rules,event,covered_call,,no_standard_contract_within_rules,,,True,,H23,0,AXP,,primary,0.03035866163993918,15.381399656323877,2022
,,,895f3b9e5c82c1ee602c980f,time_value,,,1,1,2022-03-08,2022-03-08,,,44,,,2022-03-09,45,False,,,2022-03-08,,,,,,,"{""market_momentum"": -0.07232003565856915, ""market_volatility"": 0.014657046051352953, ""momentum"": -0.13882163034705397, ""volatility"": 0.03035866163993918, ""volume_state"": 15.381399656323877}",assumed_next_daily_close,,5,0000004962,,-0.07232003565856915,0.014657046051352953,-0.13882163034705397,,,,,,,3763243f08a0b9f3c3a85afe,False,,,,,,,,,,,,,,,,,,,,,,,,,,,,,,,,,,,,,,,,,,,,,,,,bounded_preclose_bid_ask,,,,False,not_requested_for_horizon_or_variant,,,no_standard_contract_within_rules,event,covered_call,,no_standard_contract_within_rules,,,False,,H23,0,AXP,,primary,0.03035866163993918,15.381399656323877,2022
,,,895f3b9e5c82c1ee602c980f,time_value,,,1,1,2022-03-08,2022-03-08,,,44,,,2022-03-09,45,False,,,2022-03-08,,,,,,,"{""market_momentum"": -0.07232003565856915, ""market_volatility"": 0.014657046051352953, ""momentum"": -0.13882163034705397, ""volatility"": 0.03035866163993918, ""volume_state"": 15.381399656323877}",assumed_next_daily_close,,5,0000004962,,-0.07232003565856915,0.014657046051352953,-0.13882163034705397,,,,,,,3763243f08a0b9f3c3a85afe,False,,,,,,,,,,,,,,,,,,,,,,,,,,,,,,,,,,,,,,,,,,,,,,,,bounded_preclose_bid_ask,,,,False,not_requested_for_horizon_or_variant,,,no_standard_contract_within_rules,event,covered_call,,no_standard_contract_within_rules,,,True,,H23,0,AXP,,primary,0.03035866163993918,15.381399656323877,2022
,,,895f3b9e5c82c1ee602c980f,time_value,,,1,1,2022-03-08,2022-03-08,,,44,,,2022-03-09,45,False,,,2022-03-08,,,,,,,"{""market_momentum"": -0.07232003565856915, ""market_volatility"": 0.014657046051352953, ""momentum"": -0.13882163034705397, ""volatility"": 0.03035866163993918, ""volume_state"": 15.381399656323877}",assumed_next_daily_close,,10,0000004962,,-0.07232003565856915,0.014657046051352953,-0.13882163034705397,,,,,,,3763243f08a0b9f3c3a85afe,False,,,,,,,,,,,,,,,,,,,,,,,,,,,,,,,,,,,,,,,,,,,,,,,,bounded_preclose_bid_ask,,,,False,not_sampled_or_missing_quotes,,,no_standard_contract_within_rules,event,covered_call,,no_standard_contract_within_rules,,,False,,H23,0,AXP,,primary,0.03035866163993918,15.381399656323877,2022
,,,895f3b9e5c82c1ee602c980f,time_value,,,1,1,2022-03-08,2022-03-08,,,44,,,2022-03-09,45,False,,,2022-03-08,,,,,,,"{""market_momentum"": -0.07232003565856915, ""market_volatility"": 0.014657046051352953, ""momentum"": -0.13882163034705397, ""volatility"": 0.03035866163993918, ""volume_state"": 15.381399656323877}",assumed_next_daily_close,,10,0000004962,,-0.07232003565856915,0.014657046051352953,-0.13882163034705397,,,,,,,3763243f08a0b9f3c3a85afe,False,,,,,,,,,,,,,,,,,,,,,,,,,,,,,,,,,,,,,,,,,,,,,,,,bounded_preclose_bid_ask,,,,False,not_sampled_or_missing_quotes,,,no_standard_contract_within_rules,event,covered_call,,no_standard_contract_within_rules,,,True,,H23,0,AXP,,primary,0.03035866163993918,15.381399656323877,2022
,,,895f3b9e5c82c1ee602c980f,time_value,,,1,1,2022-03-08,2022-03-08,,,44,,,2022-03-09,45,False,,,2022-03-08,,,,,,,"{""market_momentum"": -0.07232003565856915, ""market_volatility"": 0.014657046051352953, ""momentum"": -0.13882163034705397, ""volatility"": 0.03035866163993918, ""volume_state"": 15.381399656323877}",assumed_next_daily_close,,21,0000004962,,-0.07232003565856915,0.014657046051352953,-0.13882163034705397,,,,,,,3763243f08a0b9f3c3a85afe,False,,,,,,,,,,,,,,,,,,,,,,,,,,,,,,,,,,,,,,,,,,,,,,,,bounded_preclose_bid_ask,,,,False,not_requested_for_horizon_or_variant,,,no_standard_contract_within_rules,event,covered_call,,no_standard_contract_within_rules,,,False,,H23,0,AXP,,primary,0.03035866163993918,15.381399656323877,2022
,,,895f3b9e5c82c1ee602c980f,time_value,,,1,1,2022-03-08,2022-03-08,,,44,,,2022-03-09,45,False,,,2022-03-08,,,,,,,"{""market_momentum"": -0.07232003565856915, ""market_volatility"": 0.014657046051352953, ""momentum"": -0.13882163034705397, ""volatility"": 0.03035866163993918, ""volume_state"": 15.381399656323877}",assumed_next_daily_close,,21,0000004962,,-0.07232003565856915,0.014657046051352953,-0.13882163034705397,,,,,,,3763243f08a0b9f3c3a85afe,False,,,,,,,,,,,,,,,,,,,,,,,,,,,,,,,,,,,,,,,,,,,,,,,,bounded_preclose_bid_ask,,,,False,not_requested_for_horizon_or_variant,,,no_standard_contract_within_rules,event,covered_call,,no_standard_contract_within_rules,,,True,,H23,0,AXP,,primary,0.03035866163993918,15.381399656323877,2022
,,,895f3b9e5c82c1ee602c980f,time_value,,,1,1,2022-03-08,2022-03-08,,,44,,,2022-03-09,45,False,,,2022-03-08,,,,,,,"{""market_momentum"": -0.07232003565856915, ""market_volatility"": 0.014657046051352953, ""momentum"": -0.13882163034705397, ""volatility"": 0.03035866163993918, ""volume_state"": 15.381399656323877}",assumed_next_daily_close,,42,0000004962,,-0.07232003565856915,0.014657046051352953,-0.13882163034705397,,,,,,,3763243f08a0b9f3c3a85afe,False,,,,,,,,,,,,,,,,,,,,,,,,,,,,,,,,,,,,,,,,,,,,,,,,bounded_preclose_bid_ask,,,,False,not_requested_for_horizon_or_variant,,,no_standard_contract_within_rules,event,covered_call,,no_standard_contract_within_rules,,,False,,H23,0,AXP,,primary,0.03035866163993918,15.381399656323877,2022
,,,895f3b9e5c82c1ee602c980f,time_value,,,1,1,2022-03-08,2022-03-08,,,44,,,2022-03-09,45,False,,,2022-03-08,,,,,,,"{""market_momentum"": -0.07232003565856915, ""market_volatility"": 0.014657046051352953, ""momentum"": -0.13882163034705397, ""volatility"": 0.03035866163993918, ""volume_state"": 15.381399656323877}",assumed_next_daily_close,,42,0000004962,,-0.07232003565856915,0.014657046051352953,-0.13882163034705397,,,,,,,3763243f08a0b9f3c3a85afe,False,,,,,,,,,,,,,,,,,,,,,,,,,,,,,,,,,,,,,,,,,,,,,,,,bounded_preclose_bid_ask,,,,False,not_requested_for_horizon_or_variant,,,no_standard_contract_within_rules,event,covered_call,,no_standard_contract_within_rules,,,True,,H23,0,AXP,,primary,0.03035866163993918,15.381399656323877,2022
,,,895f3b9e5c82c1ee602c980f,time_value,,,1,1,2022-03-08,2022-03-08,,,44,,,2022-03-09,45,False,,,2022-03-08,,,,,,,"{""market_momentum"": -0.07232003565856915, ""market_volatility"": 0.014657046051352953, ""momentum"": -0.13882163034705397, ""volatility"": 0.03035866163993918, ""volume_state"": 15.381399656323877}",assumed_next_daily_close,,63,0000004962,,-0.07232003565856915,0.014657046051352953,-0.13882163034705397,,,,,,,3763243f08a0b9f3c3a85afe,False,,,,,,,,,,,,,,,,,,,,,,,,,,,,,,,,,,,,,,,,,,,,,,,,bounded_preclose_bid_ask,,,,False,not_requested_for_horizon_or_variant,,,no_standard_contract_within_rules,event,covered_call,,no_standard_contract_within_rules,,,False,,H23,0,AXP,,primary,0.03035866163993918,15.381399656323877,2022
,,,895f3b9e5c82c1ee602c980f,time_value,,,1,1,2022-03-08,2022-03-08,,,44,,,2022-03-09,45,False,,,2022-03-08,,,,,,,"{""market_momentum"": -0.07232003565856915, ""market_volatility"": 0.014657046051352953, ""momentum"": -0.13882163034705397, ""volatility"": 0.03035866163993918, ""volume_state"": 15.381399656323877}",assumed_next_daily_close,,63,0000004962,,-0.07232003565856915,0.014657046051352953,-0.13882163034705397,,,,,,,3763243f08a0b9f3c3a85afe,False,,,,,,,,,,,,,,,,,,,,,,,,,,,,,,,,,,,,,,,,,,,,,,,,bounded_preclose_bid_ask,,,,False,not_requested_for_horizon_or_variant,,,no_standard_contract_within_rules,event,covered_call,,no_standard_contract_within_rules,,,True,,H23,0,AXP,,primary,0.03035866163993918,15.381399656323877,2022
,,,895f3b9e5c82c1ee602c980f,time_value,,,1,1,2022-03-08,2022-03-08,,,44,,,2022-03-09,45,False,,,2022-03-08,,,,,,,"{""market_momentum"": -0.07232003565856915, ""market_volatility"": 0.014657046051352953, ""momentum"": -0.13882163034705397, ""volatility"": 0.03035866163993918, ""volume_state"": 15.381399656323877}",assumed_next_daily_close,,expiry,0000004962,,-0.07232003565856915,0.014657046051352953,-0.13882163034705397,,,,,,,3763243f08a0b9f3c3a85afe,False,,,,,,,,,,,,,,,,,,,,,,,,,,,,,,,,,,,,,,,,,,,,,,,,bounded_preclose_bid_ask,,,,False,not_requested_for_horizon_or_variant,,,no_standard_contract_within_rules,event,covered_call,,no_standard_contract_within_rules,,,False,,H23,0,AXP,,primary,0.03035866163993918,15.381399656323877,2022
,,,895f3b9e5c82c1ee602c980f,time_value,,,1,1,2022-03-08,2022-03-08,,,44,,,2022-03-09,45,False,,,2022-03-08,,,,,,,"{""market_momentum"": -0.07232003565856915, ""market_volatility"": 0.014657046051352953, ""momentum"": -0.13882163034705397, ""volatility"": 0.03035866163993918, ""volume_state"": 15.381399656323877}",assumed_next_daily_close,,expiry,0000004962,,-0.07232003565856915,0.014657046051352953,-0.13882163034705397,,,,,,,3763243f08a0b9f3c3a85afe,False,,,,,,,,,,,,,,,,,,,,,,,,,,,,,,,,,,,,,,,,,,,,,,,,bounded_preclose_bid_ask,,,,False,not_requested_for_horizon_or_variant,,,no_standard_contract_within_rules,event,covered_call,,no_standard_contract_within_rules,,,True,,H23,0,AXP,,primary,0.03035866163993918,15.381399656323877,2022
0.04179820684429858,2024-05-02,585,8dbf3f33dbfd79ea7d9671bd,time_value,49.919599999999996,O:AMD240816C00165000,1,1,2024-04-30,2024-04-30,108,0.09597171360020204,583,0.0,0.006661981007832597,2024-05-01,584,True,2024-05-02,585,2025-03-14,1813,89413168.0,2024-05-02,scheduled_exit,585,2024-08-16,"{""market_momentum"": -0.038647157959246115, ""market_volatility"": 0.008503234770382983, ""momentum"": -0.13614050398167343, ""volatility"": 0.03093264576009373, ""volume_state"": 17.834771180478228}",assumed_next_daily_close,14427.000000000002,1,0000002488,0,-0.038647157959246115,0.008503234770382983,-0.13614050398167343,56.024199999998224,0.003883288278921343,48.0562,7.75,8.1,-34.999999999999964,94abbd3bae510cb507b576d2,True,0.0024813895781637717,403,2.3049460920821445e-06,43384962.6,,,,,,,,,,,,,,,,,,,,,,,,,,,,,,,,,,,,,,,,,,,,bounded_preclose_bid_ask,,,,False,not_requested_for_horizon_or_variant,,,,ordinary,covered_call,100,completed,144.27,146.16,False,188.99999999999818,H23,0,AMD,97.97579999999999,primary,0.03093264576009373,17.834771180478228,2024
0.04179820684429858,2024-05-02,585,8dbf3f33dbfd79ea7d9671bd,time_value,8.769599999999999,O:AMD240816C00165000,1,1,2024-04-30,2024-04-30,108,0.09597171360020204,583,0.0,0.0011999999999999613,2024-05-01,584,True,2024-05-02,585,2025-03-14,1813,89413168.0,2024-05-02,scheduled_exit,585,2024-08-16,"{""market_momentum"": -0.038647157959246115, ""market_volatility"": 0.008503234770382983, ""momentum"": -0.13614050398167343, ""volatility"": 0.03093264576009373, ""volume_state"": 17.834771180478228}",assumed_next_daily_close,14427.000000000002,1,0000002488,0,-0.038647157959246115,0.008503234770382983,-0.13614050398167343,171.57419999999817,0.011892576419213846,8.6562,7.75,0.0,-0.0,94abbd3bae510cb507b576d2,True,0.0024813895781637717,403,2.3049460920821445e-06,43384962.6,,,,,,,,,,,,,,,,,,,,,,,,,,,,,,,,,,,,,,,,,,,,bounded_preclose_bid_ask,,,,False,not_requested_for_horizon_or_variant,,,,ordinary,covered_call,100,completed,144.27,146.16,True,188.99999999999818,H23,0,AMD,17.4258,primary,0.03093264576009373,17.834771180478228,2024
0.04179820684429858,2024-05-03,586,8dbf3f33dbfd79ea7d9671bd,time_value,57.43600000000001,O:AMD240816C00165000,1,1,2024-04-30,2024-04-30,108,0.09597171360020204,583,0.0,0.006661981007832597,2024-05-01,584,True,2024-05-03,586,2025-03-14,1813,89413168.0,2024-05-03,scheduled_exit,586,2024-08-16,"{""market_momentum"": -0.038647157959246115, ""market_volatility"": 0.008503234770382983, ""momentum"": -0.13614050398167343, ""volatility"": 0.03093264576009373, ""volume_state"": 17.834771180478228}",assumed_next_daily_close,14427.000000000002,2,0000002488,0,-0.038647157959246115,0.008503234770382983,-0.13614050398167343,347.50779999999816,0.024087322381645394,48.0562,7.75,9.55,-180.00000000000006,94abbd3bae510cb507b576d2,True,0.0024813895781637717,403,2.3049460920821445e-06,43384962.6,,,,,,,,,,,,,,,,,,,,,,,,,,,,,,,,,,,,,,,,,,,,bounded_preclose_bid_ask,,,,False,not_requested_for_horizon_or_variant,,,,ordinary,covered_call,100,completed,144.27,150.6,False,632.9999999999982,H23,0,AMD,105.4922,primary,0.03093264576009373,17.834771180478228,2024
0.04179820684429858,2024-05-03,586,8dbf3f33dbfd79ea7d9671bd,time_value,9.036,O:AMD240816C00165000,1,1,2024-04-30,2024-04-30,108,0.09597171360020204,583,0.0,0.0011999999999999613,2024-05-01,584,True,2024-05-03,586,2025-03-14,1813,89413168.0,2024-05-03,scheduled_exit,586,2024-08-16,"{""market_momentum"": -0.038647157959246115, ""market_volatility"": 0.008503234770382983, ""momentum"": -0.13614050398167343, ""volatility"": 0.03093264576009373, ""volume_state"": 17.834771180478228}",assumed_next_daily_close,14427.000000000002,2,0000002488,0,-0.038647157959246115,0.008503234770382983,-0.13614050398167343,615.3077999999982,0.04264974007070064,8.6562,7.75,0.0,-0.0,94abbd3bae510cb507b576d2,True,0.0024813895781637717,403,2.3049460920821445e-06,43384962.6,,,,,,,,,,,,,,,,,,,,,,,,,,,,,,,,,,,,,,,,,,,,bounded_preclose_bid_ask,,,,False,not_requested_for_horizon_or_variant,,,,ordinary,covered_call,100,completed,144.27,150.6,True,632.9999999999982,H23,0,AMD,17.6922,primary,0.03093264576009373,17.834771180478228,2024
0.04179820684429858,2024-05-06,587,8dbf3f33dbfd79ea7d9671bd,time_value,68.2468,O:AMD240816C00165000,1,1,2024-04-30,2024-04-30,108,0.09597171360020204,583,0.0,0.006661981007832597,2024-05-01,584,True,2024-05-06,587,2025-03-14,1813,89413168.0,2024-05-06,scheduled_exit,587,2024-08-16,"{""market_momentum"": -0.038647157959246115, ""market_volatility"": 0.008503234770382983, ""momentum"": -0.13614050398167343, ""volatility"": 0.03093264576009373, ""volume_state"": 17.834771180478228}",assumed_next_daily_close,14427.000000000002,3,0000002488,0,-0.038647157959246115,0.008503234770382983,-0.13614050398167343,644.6969999999982,0.04468683718028683,48.0562,7.75,11.65,-390.00000000000006,94abbd3bae510cb507b576d2,True,0.0024813895781637717,403,2.3049460920821445e-06,43384962.6,,,,,,,,,,,,,,,,,,,,,,,,,,,,,,,,,,,,,,,,,,,,bounded_preclose_bid_ask,,,,False,not_requested_for_horizon_or_variant,,,,ordinary,covered_call,100,completed,144.27,155.78,False,1150.9999999999982,H23,0,AMD,116.303,primary,0.03093264576009373,17.834771180478228,2024
0.04179820684429858,2024-05-06,587,8dbf3f33dbfd79ea7d9671bd,time_value,9.3468,O:AMD240816C00165000,1,1,2024-04-30,2024-04-30,108,0.09597171360020204,583,0.0,0.0011999999999999613,2024-05-01,584,True,2024-05-06,587,2025-03-14,1813,89413168.0,2024-05-06,scheduled_exit,587,2024-08-16,"{""market_momentum"": -0.038647157959246115, ""market_volatility"": 0.008503234770382983, ""momentum"": -0.13614050398167343, ""volatility"": 0.03093264576009373, ""volume_state"": 17.834771180478228}",assumed_next_daily_close,14427.000000000002,3,0000002488,0,-0.038647157959246115,0.008503234770382983,-0.13614050398167343,1132.9969999999983,0.0785330976641019,8.6562,7.75,0.0,-0.0,94abbd3bae510cb507b576d2,True,0.0024813895781637717,403,2.3049460920821445e-06,43384962.6,,,,,,,,,,,,,,,,,,,,,,,,,,,,,,,,,,,,,,,,,,,,bounded_preclose_bid_ask,,,,False,not_requested_for_horizon_or_variant,,,,ordinary,covered_call,100,completed,144.27,155.78,True,1150.9999999999982,H23,0,AMD,18.003,primary,0.03093264576009373,17.834771180478228,2024
0.04179820684429858,2024-05-08,589,8dbf3f33dbfd79ea7d9671bd,time_value,61.3672,O:AMD240816C00165000,1,1,2024-04-30,2024-04-30,108,0.09597171360020204,583,0.0,0.006661981007832597,2024-05-01,584,True,2024-05-08,589,2025-03-14,1813,89413168.0,2024-05-08,scheduled_exit,589,2024-08-16,"{""market_momentum"": -0.038647157959246115, ""market_volatility"": 0.008503234770382983, ""momentum"": -0.13614050398167343, ""volatility"": 0.03093264576009373, ""volume_state"": 17.834771180478228}",assumed_next_daily_close,14427.000000000002,5,0000002488,0,-0.038647157959246115,0.008503234770382983,-0.13614050398167343,570.5765999999982,0.03954922021210218,48.0562,7.75,10.3,-255.00000000000006,94abbd3bae510cb507b576d2,True,0.0024813895781637717,403,2.3049460920821445e-06,43384962.6,,,,,,,,,,,,,,,,,,,,,,,,,,,,,,,,,,,,,,,,,,,,bounded_preclose_bid_ask,,,,False,not_requested_for_horizon_or_variant,,,,ordinary,covered_call,100,completed,144.27,153.62,False,934.9999999999982,H23,0,AMD,109.42339999999999,primary,0.03093264576009373,17.834771180478228,2024
0.04179820684429858,2024-05-08,589,8dbf3f33dbfd79ea7d9671bd,time_value,9.2172,O:AMD240816C00165000,1,1,2024-04-30,2024-04-30,108,0.09597171360020204,583,0.0,0.0011999999999999613,2024-05-01,584,True,2024-05-08,589,2025-03-14,1813,89413168.0,2024-05-08,scheduled_exit,589,2024-08-16,"{""market_momentum"": -0.038647157959246115, ""market_volatility"": 0.008503234770382983, ""momentum"": -0.13614050398167343, ""volatility"": 0.03093264576009373, ""volume_state"": 17.834771180478228}",assumed_next_daily_close,14427.000000000002,5,0000002488,0,-0.038647157959246115,0.008503234770382983,-0.13614050398167343,917.1265999999981,0.06357015318500021,8.6562,7.75,0.0,-0.0,94abbd3bae510cb507b576d2,True,0.0024813895781637717,403,2.3049460920821445e-06,43384962.6,,,,,,,,,,,,,,,,,,,,,,,,,,,,,,,,,,,,,,,,,,,,bounded_preclose_bid_ask,,,,False,not_requested_for_horizon_or_variant,,,,ordinary,covered_call,100,completed,144.27,153.62,True,934.9999999999982,H23,0,AMD,17.8734,primary,0.03093264576009373,17.834771180478228,2024
0.04179820684429858,2024-05-15,594,8dbf3f33dbfd79ea7d9671bd,time_value,71.2302,O:AMD240816C00165000,1,1,2024-04-30,2024-04-30,108,0.09597171360020204,583,0.0,0.006661981007832597,2024-05-01,584,True,2024-05-15,594,2025-03-14,1813,89413168.0,2024-05-15,scheduled_exit,594,2024-08-16,"{""market_momentum"": -0.038647157959246115, ""market_volatility"": 0.008503234770382983, ""momentum"": -0.13614050398167343, ""volatility"": 0.03093264576009373, ""volume_state"": 17.834771180478228}",assumed_next_daily_close,14427.000000000002,10,0000002488,0,-0.038647157959246115,0.008503234770382983,-0.13614050398167343,975.7135999999964,0.06763108061273974,48.0562,7.75,12.2,-444.99999999999994,94abbd3bae510cb507b576d2,True,0.0024813895781637717,403,2.3049460920821445e-06,43384962.6,True,0.032831488,15.3,7,14.95,9,0.023140495867768687,0.061299008,158.58,600,158.36,800,0.0013882753833533087,32,,7.6,0.189536768,7.75,84,7.6,74,0.019543973941368125,144.24,0.00422466,144.24,16900,144.23,100,6.933129961534527e-05,12.4,0.466617856,12.4,32,12.25,48,0.012170385395537555,159.66,0.006824462,159.67,900,159.66,200,6.263113393662296e-05,bounded_preclose_bid_ask,1034.6219999999987,0.07172920133111473,-480.00000000000006,False,completed_bounded_proxy,1541.9999999999986,27.378,,ordinary,covered_call,100,completed,144.27,159.67,False,1539.9999999999964,H23,0,AMD,119.28639999999999,primary,0.03093264576009373,17.834771180478228,2024
0.04179820684429858,2024-05-15,594,8dbf3f33dbfd79ea7d9671bd,time_value,9.580199999999998,O:AMD240816C00165000,1,1,2024-04-30,2024-04-30,108,0.09597171360020204,583,0.0,0.0011999999999999613,2024-05-01,584,True,2024-05-15,594,2025-03-14,1813,89413168.0,2024-05-15,scheduled_exit,594,2024-08-16,"{""market_momentum"": -0.038647157959246115, ""market_volatility"": 0.008503234770382983, ""momentum"": -0.13614050398167343, ""volatility"": 0.03093264576009373, ""volume_state"": 17.834771180478228}",assumed_next_daily_close,14427.000000000002,10,0000002488,0,-0.038647157959246115,0.008503234770382983,-0.13614050398167343,1521.7635999999964,0.10548025230470619,8.6562,7.75,0.0,-0.0,94abbd3bae510cb507b576d2,True,0.0024813895781637717,403,2.3049460920821445e-06,43384962.6,True,0.032831488,15.3,7,14.95,9,0.023140495867768687,0.061299008,158.58,600,158.36,800,0.0013882753833533087,48,,0.0,0.189536768,7.75,84,7.6,74,0.019543973941368125,144.24,0.00422466,144.24,16900,144.23,100,6.933129961534527e-05,0.0,0.466617856,12.4,32,12.25,48,0.012170385395537555,159.66,0.006824462,159.67,900,159.66,200,6.263113393662296e-05,bounded_preclose_bid_ask,1535.9219999999987,0.10648377703826946,0.0,False,completed_bounded_proxy,1541.9999999999986,6.077999999999999,,ordinary,covered_call,100,completed,144.27,159.67,True,1539.9999999999964,H23,0,AMD,18.236399999999996,primary,0.03093264576009373,17.834771180478228,2024
0.04179820684429858,2024-05-31,605,8dbf3f33dbfd79ea7d9671bd,time_value,88.914,O:AMD240816C00165000,1,1,2024-04-30,2024-04-30,108,0.09597171360020204,583,0.0,0.006661981007832597,2024-05-01,584,True,2024-05-31,605,2025-03-14,1813,89413168.0,2024-05-31,scheduled_exit,605,2024-08-16,"{""market_momentum"": -0.038647157959246115, ""market_volatility"": 0.008503234770382983, ""momentum"": -0.13614050398167343, ""volatility"": 0.03093264576009373, ""volume_state"": 17.834771180478228}",assumed_next_daily_close,14427.000000000002,21,0000002488,0,-0.038647157959246115,0.008503234770382983,-0.13614050398167343,1336.0297999999982,0.09260621057738948,48.0562,7.75,15.65,-790.0,94abbd3bae510cb507b576d2,True,0.0024813895781637717,403,2.3049460920821445e-06,43384962.6,,,,,,,,,,,,,,,,,,,,,,,,,,,,,,,,,,,,,,,,,,,,bounded_preclose_bid_ask,,,,False,not_requested_for_horizon_or_variant,,,,ordinary,covered_call,100,completed,144.27,166.9,False,2262.999999999998,H23,0,AMD,136.9702,primary,0.03093264576009373,17.834771180478228,2024
0.04179820684429858,2024-05-31,605,8dbf3f33dbfd79ea7d9671bd,time_value,10.014,O:AMD240816C00165000,1,1,2024-04-30,2024-04-30,108,0.09597171360020204,583,0.0,0.0011999999999999613,2024-05-01,584,True,2024-05-31,605,2025-03-14,1813,89413168.0,2024-05-31,scheduled_exit,605,2024-08-16,"{""market_momentum"": -0.038647157959246115, ""market_volatility"": 0.008503234770382983, ""momentum"": -0.13614050398167343, ""volatility"": 0.03093264576009373, ""volume_state"": 17.834771180478228}",assumed_next_daily_close,14427.000000000002,21,0000002488,0,-0.038647157959246115,0.008503234770382983,-0.13614050398167343,2244.329799999998,0.15556455257503277,8.6562,7.75,0.0,-0.0,94abbd3bae510cb507b576d2,True,0.0024813895781637717,403,2.3049460920821445e-06,43384962.6,,,,,,,,,,,,,,,,,,,,,,,,,,,,,,,,,,,,,,,,,,,,bounded_preclose_bid_ask,,,,False,not_requested_for_horizon_or_variant,,,,ordinary,covered_call,100,completed,144.27,166.9,True,2262.999999999998,H23,0,AMD,18.6702,primary,0.03093264576009373,17.834771180478228,2024
0.04179820684429858,2024-07-02,626,8dbf3f33dbfd79ea7d9671bd,time_value,66.2586,O:AMD240816C00165000,1,1,2024-04-30,2024-04-30,108,0.09597171360020204,583,0.0,0.006661981007832597,2024-05-01,584,True,2024-07-02,626,2025-03-14,1813,89413168.0,2024-07-02,scheduled_exit,626,2024-08-16,"{""market_momentum"": -0.038647157959246115, ""market_volatility"": 0.008503234770382983, ""momentum"": -0.13614050398167343, ""volatility"": 0.03093264576009373, ""volume_state"": 17.834771180478228}",assumed_next_daily_close,14427.000000000002,42,0000002488,0,-0.038647157959246115,0.008503234770382983,-0.13614050398167343,1549.685199999998,0.1074156234837456,48.0562,7.75,11.15,-340.00000000000006,94abbd3bae510cb507b576d2,True,0.0024813895781637717,403,2.3049460920821445e-06,43384962.6,,,,,,,,,,,,,,,,,,,,,,,,,,,,,,,,,,,,,,,,,,,,bounded_preclose_bid_ask,,,,False,not_requested_for_horizon_or_variant,,,,ordinary,covered_call,100,completed,144.27,164.31,False,2003.9999999999982,H23,0,AMD,114.31479999999999,primary,0.03093264576009373,17.834771180478228,2024
0.04179820684429858,2024-07-02,626,8dbf3f33dbfd79ea7d9671bd,time_value,9.8586,O:AMD240816C00165000,1,1,2024-04-30,2024-04-30,108,0.09597171360020204,583,0.0,0.0011999999999999613,2024-05-01,584,True,2024-07-02,626,2025-03-14,1813,89413168.0,2024-07-02,scheduled_exit,626,2024-08-16,"{""market_momentum"": -0.038647157959246115, ""market_volatility"": 0.008503234770382983, ""momentum"": -0.13614050398167343, ""volatility"": 0.03093264576009373, ""volume_state"": 17.834771180478228}",assumed_next_daily_close,14427.000000000002,42,0000002488,0,-0.038647157959246115,0.008503234770382983,-0.13614050398167343,1985.4851999999983,0.13762287377833216,8.6562,7.75,0.0,-0.0,94abbd3bae510cb507b576d2,True,0.0024813895781637717,403,2.3049460920821445e-06,43384962.6,,,,,,,,,,,,,,,,,,,,,,,,,,,,,,,,,,,,,,,,,,,,bounded_preclose_bid_ask,,,,False,not_requested_for_horizon_or_variant,,,,ordinary,covered_call,100,completed,144.27,164.31,True,2003.9999999999982,H23,0,AMD,18.5148,primary,0.03093264576009373,17.834771180478228,2024
0.04179820684429858,2024-08-01,647,8dbf3f33dbfd79ea7d9671bd,time_value,9.9024,O:AMD240816C00165000,1,1,2024-04-30,2024-04-30,108,0.09597171360020204,583,0.0,0.03340670964164426,2024-05-01,584,True,2024-08-01,647,2025-03-14,1813,89413168.0,2024-08-01,scheduled_exit,647,2024-08-16,"{""market_momentum"": -0.038647157959246115, ""market_volatility"": 0.008503234770382983, ""momentum"": -0.13614050398167343, ""volatility"": 0.03093264576009373, ""volume_state"": 17.834771180478228}",assumed_next_daily_close,14427.000000000002,63,0000002488,0,-0.038647157959246115,0.008503234770382983,-0.13614050398167343,-481.9586000000018,-0.03340670964164426,48.0562,7.75,0.26,749.0,94abbd3bae510cb507b576d2,True,0.0024813895781637717,403,2.3049460920821445e-06,43384962.6,,,,,,,,,,,,,,,,,,,,,,,,,,,,,,,,,,,,,,,,,,,,bounded_preclose_bid_ask,,,,False,not_requested_for_horizon_or_variant,,,,ordinary,covered_call,100,completed,144.27,132.54,False,-1173.0000000000018,H23,0,AMD,57.9586,primary,0.03093264576009373,17.834771180478228,2024
0.04179820684429858,2024-08-01,647,8dbf3f33dbfd79ea7d9671bd,time_value,7.952399999999999,O:AMD240816C00165000,1,1,2024-04-30,2024-04-30,108,0.09597171360020204,583,0.0,0.08245710126845508,2024-05-01,584,True,2024-08-01,647,2025-03-14,1813,89413168.0,2024-08-01,scheduled_exit,647,2024-08-16,"{""market_momentum"": -0.038647157959246115, ""market_volatility"": 0.008503234770382983, ""momentum"": -0.13614050398167343, ""volatility"": 0.03093264576009373, ""volume_state"": 17.834771180478228}",assumed_next_daily_close,14427.000000000002,63,0000002488,0,-0.038647157959246115,0.008503234770382983,-0.13614050398167343,-1189.6086000000016,-0.08245710126845508,8.6562,7.75,0.0,-0.0,94abbd3bae510cb507b576d2,True,0.0024813895781637717,403,2.3049460920821445e-06,43384962.6,,,,,,,,,,,,,,,,,,,,,,,,,,,,,,,,,,,,,,,,,,,,bounded_preclose_bid_ask,,,,False,not_requested_for_horizon_or_variant,,,,ordinary,covered_call,100,completed,144.27,132.54,True,-1173.0000000000018,H23,0,AMD,16.6086,primary,0.03093264576009373,17.834771180478228,2024
0.04179820684429858,2024-08-16,658,8dbf3f33dbfd79ea7d9671bd,time_value,9.5636,O:AMD240816C00165000,1,1,2024-04-30,2024-04-30,108,0.09597171360020204,583,0.0,0.05875971442434355,2024-05-01,584,True,2024-08-16,658,2025-03-14,1813,89413168.0,2024-08-16,expiry_worthless,658,2024-08-16,"{""market_momentum"": -0.038647157959246115, ""market_volatility"": 0.008503234770382983, ""momentum"": -0.13614050398167343, ""volatility"": 0.03093264576009373, ""volume_state"": 17.834771180478228}",assumed_next_daily_close,14427.000000000002,expiry,0000002488,0,-0.038647157959246115,0.008503234770382983,-0.13614050398167343,1146.3801999999982,0.07946074721009205,48.0562,7.75,0.0,775.0,94abbd3bae510cb507b576d2,True,0.0024813895781637717,403,2.3049460920821445e-06,43384962.6,,,,,,,,,,,,,,,,,,,,,,,,,,,,,,,,,,,,,,,,,,,,bounded_preclose_bid_ask,,,,False,not_requested_for_horizon_or_variant,,,,ordinary,covered_call,100,completed,144.27,148.56,False,428.9999999999982,H23,0,AMD,57.6198,primary,0.03093264576009373,17.834771180478228,2024
0.04179820684429858,2024-08-16,658,8dbf3f33dbfd79ea7d9671bd,time_value,8.913599999999999,O:AMD240816C00165000,1,1,2024-04-30,2024-04-30,108,0.09597171360020204,583,0.0,0.1092657101268457,2024-05-01,584,True,2024-08-16,658,2025-03-14,1813,89413168.0,2024-08-16,scheduled_exit,658,2024-08-16,"{""market_momentum"": -0.038647157959246115, ""market_volatility"": 0.008503234770382983, ""momentum"": -0.13614050398167343, ""volatility"": 0.03093264576009373, ""volume_state"": 17.834771180478228}",assumed_next_daily_close,14427.000000000002,expiry,0000002488,0,-0.038647157959246115,0.008503234770382983,-0.13614050398167343,411.4301999999982,0.028518070284882385,8.6562,7.75,0.0,-0.0,94abbd3bae510cb507b576d2,True,0.0024813895781637717,403,2.3049460920821445e-06,43384962.6,,,,,,,,,,,,,,,,,,,,,,,,,,,,,,,,,,,,,,,,,,,,bounded_preclose_bid_ask,,,,False,not_requested_for_horizon_or_variant,,,,ordinary,covered_call,100,completed,144.27,148.56,True,428.9999999999982,H23,0,AMD,17.5698,primary,0.03093264576009373,17.834771180478228,2024
,,,8ed43eab8dec88a47a3ed06e,time_value,,,1,1,2022-05-05,2022-05-05,,,85,,,2022-05-06,86,False,,,2022-05-05,,,,,,,"{""market_momentum"": -0.0825222269028667, ""market_volatility"": 0.018380092351151393, ""momentum"": -0.07761596548004324, ""volatility"": 0.02183171201352199, ""volume_state"": 15.043282181838334}",assumed_next_daily_close,,1,0000004962,,-0.0825222269028667,0.018380092351151393,-0.07761596548004324,,,,,,,3a578db181363f7b772334ad,False,,,,,,,,,,,,,,,,,,,,,,,,,,,,,,,,,,,,,,,,,,,,,,,,bounded_preclose_bid_ask,,,,False,not_requested_for_horizon_or_variant,,,thin_prior_option_volume,event,covered_call,,thin_prior_option_volume,,,False,,H23,0,AXP,,primary,0.02183171201352199,15.043282181838334,2022
,,,8ed43eab8dec88a47a3ed06e,time_value,,,1,1,2022-05-05,2022-05-05,,,85,,,2022-05-06,86,False,,,2022-05-05,,,,,,,"{""market_momentum"": -0.0825222269028667, ""market_volatility"": 0.018380092351151393, ""momentum"": -0.07761596548004324, ""volatility"": 0.02183171201352199, ""volume_state"": 15.043282181838334}",assumed_next_daily_close,,1,0000004962,,-0.0825222269028667,0.018380092351151393,-0.07761596548004324,,,,,,,3a578db181363f7b772334ad,False,,,,,,,,,,,,,,,,,,,,,,,,,,,,,,,,,,,,,,,,,,,,,,,,bounded_preclose_bid_ask,,,,False,not_requested_for_horizon_or_variant,,,thin_prior_option_volume,event,covered_call,,thin_prior_option_volume,,,True,,H23,0,AXP,,primary,0.02183171201352199,15.043282181838334,2022
,,,8ed43eab8dec88a47a3ed06e,time_value,,,1,1,2022-05-05,2022-05-05,,,85,,,2022-05-06,86,False,,,2022-05-05,,,,,,,"{""market_momentum"": -0.0825222269028667, ""market_volatility"": 0.018380092351151393, ""momentum"": -0.07761596548004324, ""volatility"": 0.02183171201352199, ""volume_state"": 15.043282181838334}",assumed_next_daily_close,,2,0000004962,,-0.0825222269028667,0.018380092351151393,-0.07761596548004324,,,,,,,3a578db181363f7b772334ad,False,,,,,,,,,,,,,,,,,,,,,,,,,,,,,,,,,,,,,,,,,,,,,,,,bounded_preclose_bid_ask,,,,False,not_requested_for_horizon_or_variant,,,thin_prior_option_volume,event,covered_call,,thin_prior_option_volume,,,False,,H23,0,AXP,,primary,0.02183171201352199,15.043282181838334,2022
,,,8ed43eab8dec88a47a3ed06e,time_value,,,1,1,2022-05-05,2022-05-05,,,85,,,2022-05-06,86,False,,,2022-05-05,,,,,,,"{""market_momentum"": -0.0825222269028667, ""market_volatility"": 0.018380092351151393, ""momentum"": -0.07761596548004324, ""volatility"": 0.02183171201352199, ""volume_state"": 15.043282181838334}",assumed_next_daily_close,,2,0000004962,,-0.0825222269028667,0.018380092351151393,-0.07761596548004324,,,,,,,3a578db181363f7b772334ad,False,,,,,,,,,,,,,,,,,,,,,,,,,,,,,,,,,,,,,,,,,,,,,,,,bounded_preclose_bid_ask,,,,False,not_requested_for_horizon_or_variant,,,thin_prior_option_volume,event,covered_call,,thin_prior_option_volume,,,True,,H23,0,AXP,,primary,0.02183171201352199,15.043282181838334,2022
,,,8ed43eab8dec88a47a3ed06e,time_value,,,1,1,2022-05-05,2022-05-05,,,85,,,2022-05-06,86,False,,,2022-05-05,,,,,,,"{""market_momentum"": -0.0825222269028667, ""market_volatility"": 0.018380092351151393, ""momentum"": -0.07761596548004324, ""volatility"": 0.02183171201352199, ""volume_state"": 15.043282181838334}",assumed_next_daily_close,,3,0000004962,,-0.0825222269028667,0.018380092351151393,-0.07761596548004324,,,,,,,3a578db181363f7b772334ad,False,,,,,,,,,,,,,,,,,,,,,,,,,,,,,,,,,,,,,,,,,,,,,,,,bounded_preclose_bid_ask,,,,False,not_requested_for_horizon_or_variant,,,thin_prior_option_volume,event,covered_call,,thin_prior_option_volume,,,False,,H23,0,AXP,,primary,0.02183171201352199,15.043282181838334,2022
,,,8ed43eab8dec88a47a3ed06e,time_value,,,1,1,2022-05-05,2022-05-05,,,85,,,2022-05-06,86,False,,,2022-05-05,,,,,,,"{""market_momentum"": -0.0825222269028667, ""market_volatility"": 0.018380092351151393, ""momentum"": -0.07761596548004324, ""volatility"": 0.02183171201352199, ""volume_state"": 15.043282181838334}",assumed_next_daily_close,,3,0000004962,,-0.0825222269028667,0.018380092351151393,-0.07761596548004324,,,,,,,3a578db181363f7b772334ad,False,,,,,,,,,,,,,,,,,,,,,,,,,,,,,,,,,,,,,,,,,,,,,,,,bounded_preclose_bid_ask,,,,False,not_requested_for_horizon_or_variant,,,thin_prior_option_volume,event,covered_call,,thin_prior_option_volume,,,True,,H23,0,AXP,,primary,0.02183171201352199,15.043282181838334,2022
,,,8ed43eab8dec88a47a3ed06e,time_value,,,1,1,2022-05-05,2022-05-05,,,85,,,2022-05-06,86,False,,,2022-05-05,,,,,,,"{""market_momentum"": -0.0825222269028667, ""market_volatility"": 0.018380092351151393, ""momentum"": -0.07761596548004324, ""volatility"": 0.02183171201352199, ""volume_state"": 15.043282181838334}",assumed_next_daily_close,,5,0000004962,,-0.0825222269028667,0.018380092351151393,-0.07761596548004324,,,,,,,3a578db181363f7b772334ad,False,,,,,,,,,,,,,,,,,,,,,,,,,,,,,,,,,,,,,,,,,,,,,,,,bounded_preclose_bid_ask,,,,False,not_requested_for_horizon_or_variant,,,thin_prior_option_volume,event,covered_call,,thin_prior_option_volume,,,False,,H23,0,AXP,,primary,0.02183171201352199,15.043282181838334,2022
,,,8ed43eab8dec88a47a3ed06e,time_value,,,1,1,2022-05-05,2022-05-05,,,85,,,2022-05-06,86,False,,,2022-05-05,,,,,,,"{""market_momentum"": -0.0825222269028667, ""market_volatility"": 0.018380092351151393, ""momentum"": -0.07761596548004324, ""volatility"": 0.02183171201352199, ""volume_state"": 15.043282181838334}",assumed_next_daily_close,,5,0000004962,,-0.0825222269028667,0.018380092351151393,-0.07761596548004324,,,,,,,3a578db181363f7b772334ad,False,,,,,,,,,,,,,,,,,,,,,,,,,,,,,,,,,,,,,,,,,,,,,,,,bounded_preclose_bid_ask,,,,False,not_requested_for_horizon_or_variant,,,thin_prior_option_volume,event,covered_call,,thin_prior_option_volume,,,True,,H23,0,AXP,,primary,0.02183171201352199,15.043282181838334,2022
,,,8ed43eab8dec88a47a3ed06e,time_value,,,1,1,2022-05-05,2022-05-05,,,85,,,2022-05-06,86,False,,,2022-05-05,,,,,,,"{""market_momentum"": -0.0825222269028667, ""market_volatility"": 0.018380092351151393, ""momentum"": -0.07761596548004324, ""volatility"": 0.02183171201352199, ""volume_state"": 15.043282181838334}",assumed_next_daily_close,,10,0000004962,,-0.0825222269028667,0.018380092351151393,-0.07761596548004324,,,,,,,3a578db181363f7b772334ad,False,,,,,,,,,,,,,,,,,,,,,,,,,,,,,,,,,,,,,,,,,,,,,,,,bounded_preclose_bid_ask,,,,False,bar_outcome_not_completed,,,thin_prior_option_volume,event,covered_call,,thin_prior_option_volume,,,False,,H23,0,AXP,,primary,0.02183171201352199,15.043282181838334,2022
,,,8ed43eab8dec88a47a3ed06e,time_value,,,1,1,2022-05-05,2022-05-05,,,85,,,2022-05-06,86,False,,,2022-05-05,,,,,,,"{""market_momentum"": -0.0825222269028667, ""market_volatility"": 0.018380092351151393, ""momentum"": -0.07761596548004324, ""volatility"": 0.02183171201352199, ""volume_state"": 15.043282181838334}",assumed_next_daily_close,,10,0000004962,,-0.0825222269028667,0.018380092351151393,-0.07761596548004324,,,,,,,3a578db181363f7b772334ad,False,,,,,,,,,,,,,,,,,,,,,,,,,,,,,,,,,,,,,,,,,,,,,,,,bounded_preclose_bid_ask,,,,False,bar_outcome_not_completed,,,thin_prior_option_volume,event,covered_call,,thin_prior_option_volume,,,True,,H23,0,AXP,,primary,0.02183171201352199,15.043282181838334,2022
,,,8ed43eab8dec88a47a3ed06e,time_value,,,1,1,2022-05-05,2022-05-05,,,85,,,2022-05-06,86,False,,,2022-05-05,,,,,,,"{""market_momentum"": -0.0825222269028667, ""market_volatility"": 0.018380092351151393, ""momentum"": -0.07761596548004324, ""volatility"": 0.02183171201352199, ""volume_state"": 15.043282181838334}",assumed_next_daily_close,,21,0000004962,,-0.0825222269028667,0.018380092351151393,-0.07761596548004324,,,,,,,3a578db181363f7b772334ad,False,,,,,,,,,,,,,,,,,,,,,,,,,,,,,,,,,,,,,,,,,,,,,,,,bounded_preclose_bid_ask,,,,False,not_requested_for_horizon_or_variant,,,thin_prior_option_volume,event,covered_call,,thin_prior_option_volume,,,False,,H23,0,AXP,,primary,0.02183171201352199,15.043282181838334,2022
,,,8ed43eab8dec88a47a3ed06e,time_value,,,1,1,2022-05-05,2022-05-05,,,85,,,2022-05-06,86,False,,,2022-05-05,,,,,,,"{""market_momentum"": -0.0825222269028667, ""market_volatility"": 0.018380092351151393, ""momentum"": -0.07761596548004324, ""volatility"": 0.02183171201352199, ""volume_state"": 15.043282181838334}",assumed_next_daily_close,,21,0000004962,,-0.0825222269028667,0.018380092351151393,-0.07761596548004324,,,,,,,3a578db181363f7b772334ad,False,,,,,,,,,,,,,,,,,,,,,,,,,,,,,,,,,,,,,,,,,,,,,,,,bounded_preclose_bid_ask,,,,False,not_requested_for_horizon_or_variant,,,thin_prior_option_volume,event,covered_call,,thin_prior_option_volume,,,True,,H23,0,AXP,,primary,0.02183171201352199,15.043282181838334,2022
,,,8ed43eab8dec88a47a3ed06e,time_value,,,1,1,2022-05-05,2022-05-05,,,85,,,2022-05-06,86,False,,,2022-05-05,,,,,,,"{""market_momentum"": -0.0825222269028667, ""market_volatility"": 0.018380092351151393, ""momentum"": -0.07761596548004324, ""volatility"": 0.02183171201352199, ""volume_state"": 15.043282181838334}",assumed_next_daily_close,,42,0000004962,,-0.0825222269028667,0.018380092351151393,-0.07761596548004324,,,,,,,3a578db181363f7b772334ad,False,,,,,,,,,,,,,,,,,,,,,,,,,,,,,,,,,,,,,,,,,,,,,,,,bounded_preclose_bid_ask,,,,False,not_requested_for_horizon_or_variant,,,thin_prior_option_volume,event,covered_call,,thin_prior_option_volume,,,False,,H23,0,AXP,,primary,0.02183171201352199,15.043282181838334,2022
,,,8ed43eab8dec88a47a3ed06e,time_value,,,1,1,2022-05-05,2022-05-05,,,85,,,2022-05-06,86,False,,,2022-05-05,,,,,,,"{""market_momentum"": -0.0825222269028667, ""market_volatility"": 0.018380092351151393, ""momentum"": -0.07761596548004324, ""volatility"": 0.02183171201352199, ""volume_state"": 15.043282181838334}",assumed_next_daily_close,,42,0000004962,,-0.0825222269028667,0.018380092351151393,-0.07761596548004324,,,,,,,3a578db181363f7b772334ad,False,,,,,,,,,,,,,,,,,,,,,,,,,,,,,,,,,,,,,,,,,,,,,,,,bounded_preclose_bid_ask,,,,False,not_requested_for_horizon_or_variant,,,thin_prior_option_volume,event,covered_call,,thin_prior_option_volume,,,True,,H23,0,AXP,,primary,0.02183171201352199,15.043282181838334,2022
,,,8ed43eab8dec88a47a3ed06e,time_value,,,1,1,2022-05-05,2022-05-05,,,85,,,2022-05-06,86,False,,,2022-05-05,,,,,,,"{""market_momentum"": -0.0825222269028667, ""market_volatility"": 0.018380092351151393, ""momentum"": -0.07761596548004324, ""volatility"": 0.02183171201352199, ""volume_state"": 15.043282181838334}",assumed_next_daily_close,,63,0000004962,,-0.0825222269028667,0.018380092351151393,-0.07761596548004324,,,,,,,3a578db181363f7b772334ad,False,,,,,,,,,,,,,,,,,,,,,,,,,,,,,,,,,,,,,,,,,,,,,,,,bounded_preclose_bid_ask,,,,False,not_requested_for_horizon_or_variant,,,thin_prior_option_volume,event,covered_call,,thin_prior_option_volume,,,False,,H23,0,AXP,,primary,0.02183171201352199,15.043282181838334,2022
,,,8ed43eab8dec88a47a3ed06e,time_value,,,1,1,2022-05-05,2022-05-05,,,85,,,2022-05-06,86,False,,,2022-05-05,,,,,,,"{""market_momentum"": -0.0825222269028667, ""market_volatility"": 0.018380092351151393, ""momentum"": -0.07761596548004324, ""volatility"": 0.02183171201352199, ""volume_state"": 15.043282181838334}",assumed_next_daily_close,,63,0000004962,,-0.0825222269028667,0.018380092351151393,-0.07761596548004324,,,,,,,3a578db181363f7b772334ad,False,,,,,,,,,,,,,,,,,,,,,,,,,,,,,,,,,,,,,,,,,,,,,,,,bounded_preclose_bid_ask,,,,False,not_requested_for_horizon_or_variant,,,thin_prior_option_volume,event,covered_call,,thin_prior_option_volume,,,True,,H23,0,AXP,,primary,0.02183171201352199,15.043282181838334,2022
,,,8ed43eab8dec88a47a3ed06e,time_value,,,1,1,2022-05-05,2022-05-05,,,85,,,2022-05-06,86,False,,,2022-05-05,,,,,,,"{""market_momentum"": -0.0825222269028667, ""market_volatility"": 0.018380092351151393, ""momentum"": -0.07761596548004324, ""volatility"": 0.02183171201352199, ""volume_state"": 15.043282181838334}",assumed_next_daily_close,,expiry,0000004962,,-0.0825222269028667,0.018380092351151393,-0.07761596548004324,,,,,,,3a578db181363f7b772334ad,False,,,,,,,,,,,,,,,,,,,,,,,,,,,,,,,,,,,,,,,,,,,,,,,,bounded_preclose_bid_ask,,,,False,not_requested_for_horizon_or_variant,,,thin_prior_option_volume,event,covered_call,,thin_prior_option_volume,,,False,,H23,0,AXP,,primary,0.02183171201352199,15.043282181838334,2022
,,,8ed43eab8dec88a47a3ed06e,time_value,,,1,1,2022-05-05,2022-05-05,,,85,,,2022-05-06,86,False,,,2022-05-05,,,,,,,"{""market_momentum"": -0.0825222269028667, ""market_volatility"": 0.018380092351151393, ""momentum"": -0.07761596548004324, ""volatility"": 0.02183171201352199, ""volume_state"": 15.043282181838334}",assumed_next_daily_close,,expiry,0000004962,,-0.0825222269028667,0.018380092351151393,-0.07761596548004324,,,,,,,3a578db181363f7b772334ad,False,,,,,,,,,,,,,,,,,,,,,,,,,,,,,,,,,,,,,,,,,,,,,,,,bounded_preclose_bid_ask,,,,False,not_requested_for_horizon_or_variant,,,thin_prior_option_volume,event,covered_call,,thin_prior_option_volume,,,True,,H23,0,AXP,,primary,0.02183171201352199,15.043282181838334,2022
,,,8fceb893f7a4066bb584e5f3,time_value,,,1,1,2023-08-01,2023-08-01,,,395,,,2023-08-02,396,False,,,2023-08-01,,,,,,,"{""market_momentum"": 0.02977801840822969, ""market_volatility"": 0.005078410997996713, ""momentum"": -0.026119402985074536, ""volatility"": 0.01487985319661028, ""volume_state"": 14.924478046010279}",assumed_next_daily_close,,1,0000004962,,0.02977801840822969,0.005078410997996713,-0.026119402985074536,,,,,,,a2a517066de003d4b2f0efa8,False,,,,,,,,,,,,,,,,,,,,,,,,,,,,,,,,,,,,,,,,,,,,,,,,bounded_preclose_bid_ask,,,,False,not_requested_for_horizon_or_variant,,,no_standard_contract_within_rules,event,covered_call,,no_standard_contract_within_rules,,,False,,H23,0,AXP,,primary,0.01487985319661028,14.924478046010279,2023
,,,8fceb893f7a4066bb584e5f3,time_value,,,1,1,2023-08-01,2023-08-01,,,395,,,2023-08-02,396,False,,,2023-08-01,,,,,,,"{""market_momentum"": 0.02977801840822969, ""market_volatility"": 0.005078410997996713, ""momentum"": -0.026119402985074536, ""volatility"": 0.01487985319661028, ""volume_state"": 14.924478046010279}",assumed_next_daily_close,,1,0000004962,,0.02977801840822969,0.005078410997996713,-0.026119402985074536,,,,,,,a2a517066de003d4b2f0efa8,False,,,,,,,,,,,,,,,,,,,,,,,,,,,,,,,,,,,,,,,,,,,,,,,,bounded_preclose_bid_ask,,,,False,not_requested_for_horizon_or_variant,,,no_standard_contract_within_rules,event,covered_call,,no_standard_contract_within_rules,,,True,,H23,0,AXP,,primary,0.01487985319661028,14.924478046010279,2023
,,,8fceb893f7a4066bb584e5f3,time_value,,,1,1,2023-08-01,2023-08-01,,,395,,,2023-08-02,396,False,,,2023-08-01,,,,,,,"{""market_momentum"": 0.02977801840822969, ""market_volatility"": 0.005078410997996713, ""momentum"": -0.026119402985074536, ""volatility"": 0.01487985319661028, ""volume_state"": 14.924478046010279}",assumed_next_daily_close,,2,0000004962,,0.02977801840822969,0.005078410997996713,-0.026119402985074536,,,,,,,a2a517066de003d4b2f0efa8,False,,,,,,,,,,,,,,,,,,,,,,,,,,,,,,,,,,,,,,,,,,,,,,,,bounded_preclose_bid_ask,,,,False,not_requested_for_horizon_or_variant,,,no_standard_contract_within_rules,event,covered_call,,no_standard_contract_within_rules,,,False,,H23,0,AXP,,primary,0.01487985319661028,14.924478046010279,2023
,,,8fceb893f7a4066bb584e5f3,time_value,,,1,1,2023-08-01,2023-08-01,,,395,,,2023-08-02,396,False,,,2023-08-01,,,,,,,"{""market_momentum"": 0.02977801840822969, ""market_volatility"": 0.005078410997996713, ""momentum"": -0.026119402985074536, ""volatility"": 0.01487985319661028, ""volume_state"": 14.924478046010279}",assumed_next_daily_close,,2,0000004962,,0.02977801840822969,0.005078410997996713,-0.026119402985074536,,,,,,,a2a517066de003d4b2f0efa8,False,,,,,,,,,,,,,,,,,,,,,,,,,,,,,,,,,,,,,,,,,,,,,,,,bounded_preclose_bid_ask,,,,False,not_requested_for_horizon_or_variant,,,no_standard_contract_within_rules,event,covered_call,,no_standard_contract_within_rules,,,True,,H23,0,AXP,,primary,0.01487985319661028,14.924478046010279,2023
,,,8fceb893f7a4066bb584e5f3,time_value,,,1,1,2023-08-01,2023-08-01,,,395,,,2023-08-02,396,False,,,2023-08-01,,,,,,,"{""market_momentum"": 0.02977801840822969, ""market_volatility"": 0.005078410997996713, ""momentum"": -0.026119402985074536, ""volatility"": 0.01487985319661028, ""volume_state"": 14.924478046010279}",assumed_next_daily_close,,3,0000004962,,0.02977801840822969,0.005078410997996713,-0.026119402985074536,,,,,,,a2a517066de003d4b2f0efa8,False,,,,,,,,,,,,,,,,,,,,,,,,,,,,,,,,,,,,,,,,,,,,,,,,bounded_preclose_bid_ask,,,,False,not_requested_for_horizon_or_variant,,,no_standard_contract_within_rules,event,covered_call,,no_standard_contract_within_rules,,,False,,H23,0,AXP,,primary,0.01487985319661028,14.924478046010279,2023
,,,8fceb893f7a4066bb584e5f3,time_value,,,1,1,2023-08-01,2023-08-01,,,395,,,2023-08-02,396,False,,,2023-08-01,,,,,,,"{""market_momentum"": 0.02977801840822969, ""market_volatility"": 0.005078410997996713, ""momentum"": -0.026119402985074536, ""volatility"": 0.01487985319661028, ""volume_state"": 14.924478046010279}",assumed_next_daily_close,,3,0000004962,,0.02977801840822969,0.005078410997996713,-0.026119402985074536,,,,,,,a2a517066de003d4b2f0efa8,False,,,,,,,,,,,,,,,,,,,,,,,,,,,,,,,,,,,,,,,,,,,,,,,,bounded_preclose_bid_ask,,,,False,not_requested_for_horizon_or_variant,,,no_standard_contract_within_rules,event,covered_call,,no_standard_contract_within_rules,,,True,,H23,0,AXP,,primary,0.01487985319661028,14.924478046010279,2023
,,,8fceb893f7a4066bb584e5f3,time_value,,,1,1,2023-08-01,2023-08-01,,,395,,,2023-08-02,396,False,,,2023-08-01,,,,,,,"{""market_momentum"": 0.02977801840822969, ""market_volatility"": 0.005078410997996713, ""momentum"": -0.026119402985074536, ""volatility"": 0.01487985319661028, ""volume_state"": 14.924478046010279}",assumed_next_daily_close,,5,0000004962,,0.02977801840822969,0.005078410997996713,-0.026119402985074536,,,,,,,a2a517066de003d4b2f0efa8,False,,,,,,,,,,,,,,,,,,,,,,,,,,,,,,,,,,,,,,,,,,,,,,,,bounded_preclose_bid_ask,,,,False,not_requested_for_horizon_or_variant,,,no_standard_contract_within_rules,event,covered_call,,no_standard_contract_within_rules,,,False,,H23,0,AXP,,primary,0.01487985319661028,14.924478046010279,2023
,,,8fceb893f7a4066bb584e5f3,time_value,,,1,1,2023-08-01,2023-08-01,,,395,,,2023-08-02,396,False,,,2023-08-01,,,,,,,"{""market_momentum"": 0.02977801840822969, ""market_volatility"": 0.005078410997996713, ""momentum"": -0.026119402985074536, ""volatility"": 0.01487985319661028, ""volume_state"": 14.924478046010279}",assumed_next_daily_close,,5,0000004962,,0.02977801840822969,0.005078410997996713,-0.026119402985074536,,,,,,,a2a517066de003d4b2f0efa8,False,,,,,,,,,,,,,,,,,,,,,,,,,,,,,,,,,,,,,,,,,,,,,,,,bounded_preclose_bid_ask,,,,False,not_requested_for_horizon_or_variant,,,no_standard_contract_within_rules,event,covered_call,,no_standard_contract_within_rules,,,True,,H23,0,AXP,,primary,0.01487985319661028,14.924478046010279,2023
,,,8fceb893f7a4066bb584e5f3,time_value,,,1,1,2023-08-01,2023-08-01,,,395,,,2023-08-02,396,False,,,2023-08-01,,,,,,,"{""market_momentum"": 0.02977801840822969, ""market_volatility"": 0.005078410997996713, ""momentum"": -0.026119402985074536, ""volatility"": 0.01487985319661028, ""volume_state"": 14.924478046010279}",assumed_next_daily_close,,10,0000004962,,0.02977801840822969,0.005078410997996713,-0.026119402985074536,,,,,,,a2a517066de003d4b2f0efa8,False,,,,,,,,,,,,,,,,,,,,,,,,,,,,,,,,,,,,,,,,,,,,,,,,bounded_preclose_bid_ask,,,,False,not_sampled_or_missing_quotes,,,no_standard_contract_within_rules,event,covered_call,,no_standard_contract_within_rules,,,False,,H23,0,AXP,,primary,0.01487985319661028,14.924478046010279,2023
,,,8fceb893f7a4066bb584e5f3,time_value,,,1,1,2023-08-01,2023-08-01,,,395,,,2023-08-02,396,False,,,2023-08-01,,,,,,,"{""market_momentum"": 0.02977801840822969, ""market_volatility"": 0.005078410997996713, ""momentum"": -0.026119402985074536, ""volatility"": 0.01487985319661028, ""volume_state"": 14.924478046010279}",assumed_next_daily_close,,10,0000004962,,0.02977801840822969,0.005078410997996713,-0.026119402985074536,,,,,,,a2a517066de003d4b2f0efa8,False,,,,,,,,,,,,,,,,,,,,,,,,,,,,,,,,,,,,,,,,,,,,,,,,bounded_preclose_bid_ask,,,,False,not_sampled_or_missing_quotes,,,no_standard_contract_within_rules,event,covered_call,,no_standard_contract_within_rules,,,True,,H23,0,AXP,,primary,0.01487985319661028,14.924478046010279,2023
,,,8fceb893f7a4066bb584e5f3,time_value,,,1,1,2023-08-01,2023-08-01,,,395,,,2023-08-02,396,False,,,2023-08-01,,,,,,,"{""market_momentum"": 0.02977801840822969, ""market_volatility"": 0.005078410997996713, ""momentum"": -0.026119402985074536, ""volatility"": 0.01487985319661028, ""volume_state"": 14.924478046010279}",assumed_next_daily_close,,21,0000004962,,0.02977801840822969,0.005078410997996713,-0.026119402985074536,,,,,,,a2a517066de003d4b2f0efa8,False,,,,,,,,,,,,,,,,,,,,,,,,,,,,,,,,,,,,,,,,,,,,,,,,bounded_preclose_bid_ask,,,,False,not_requested_for_horizon_or_variant,,,no_standard_contract_within_rules,event,covered_call,,no_standard_contract_within_rules,,,False,,H23,0,AXP,,primary,0.01487985319661028,14.924478046010279,2023
,,,8fceb893f7a4066bb584e5f3,time_value,,,1,1,2023-08-01,2023-08-01,,,395,,,2023-08-02,396,False,,,2023-08-01,,,,,,,"{""market_momentum"": 0.02977801840822969, ""market_volatility"": 0.005078410997996713, ""momentum"": -0.026119402985074536, ""volatility"": 0.01487985319661028, ""volume_state"": 14.924478046010279}",assumed_next_daily_close,,21,0000004962,,0.02977801840822969,0.005078410997996713,-0.026119402985074536,,,,,,,a2a517066de003d4b2f0efa8,False,,,,,,,,,,,,,,,,,,,,,,,,,,,,,,,,,,,,,,,,,,,,,,,,bounded_preclose_bid_ask,,,,False,not_requested_for_horizon_or_variant,,,no_standard_contract_within_rules,event,covered_call,,no_standard_contract_within_rules,,,True,,H23,0,AXP,,primary,0.01487985319661028,14.924478046010279,2023
,,,8fceb893f7a4066bb584e5f3,time_value,,,1,1,2023-08-01,2023-08-01,,,395,,,2023-08-02,396,False,,,2023-08-01,,,,,,,"{""market_momentum"": 0.02977801840822969, ""market_volatility"": 0.005078410997996713, ""momentum"": -0.026119402985074536, ""volatility"": 0.01487985319661028, ""volume_state"": 14.924478046010279}",assumed_next_daily_close,,42,0000004962,,0.02977801840822969,0.005078410997996713,-0.026119402985074536,,,,,,,a2a517066de003d4b2f0efa8,False,,,,,,,,,,,,,,,,,,,,,,,,,,,,,,,,,,,,,,,,,,,,,,,,bounded_preclose_bid_ask,,,,False,not_requested_for_horizon_or_variant,,,no_standard_contract_within_rules,event,covered_call,,no_standard_contract_within_rules,,,False,,H23,0,AXP,,primary,0.01487985319661028,14.924478046010279,2023
,,,8fceb893f7a4066bb584e5f3,time_value,,,1,1,2023-08-01,2023-08-01,,,395,,,2023-08-02,396,False,,,2023-08-01,,,,,,,"{""market_momentum"": 0.02977801840822969, ""market_volatility"": 0.005078410997996713, ""momentum"": -0.026119402985074536, ""volatility"": 0.01487985319661028, ""volume_state"": 14.924478046010279}",assumed_next_daily_close,,42,0000004962,,0.02977801840822969,0.005078410997996713,-0.026119402985074536,,,,,,,a2a517066de003d4b2f0efa8,False,,,,,,,,,,,,,,,,,,,,,,,,,,,,,,,,,,,,,,,,,,,,,,,,bounded_preclose_bid_ask,,,,False,not_requested_for_horizon_or_variant,,,no_standard_contract_within_rules,event,covered_call,,no_standard_contract_within_rules,,,True,,H23,0,AXP,,primary,0.01487985319661028,14.924478046010279,2023
,,,8fceb893f7a4066bb584e5f3,time_value,,,1,1,2023-08-01,2023-08-01,,,395,,,2023-08-02,396,False,,,2023-08-01,,,,,,,"{""market_momentum"": 0.02977801840822969, ""market_volatility"": 0.005078410997996713, ""momentum"": -0.026119402985074536, ""volatility"": 0.01487985319661028, ""volume_state"": 14.924478046010279}",assumed_next_daily_close,,63,0000004962,,0.02977801840822969,0.005078410997996713,-0.026119402985074536,,,,,,,a2a517066de003d4b2f0efa8,False,,,,,,,,,,,,,,,,,,,,,,,,,,,,,,,,,,,,,,,,,,,,,,,,bounded_preclose_bid_ask,,,,False,not_requested_for_horizon_or_variant,,,no_standard_contract_within_rules,event,covered_call,,no_standard_contract_within_rules,,,False,,H23,0,AXP,,primary,0.01487985319661028,14.924478046010279,2023
,,,8fceb893f7a4066bb584e5f3,time_value,,,1,1,2023-08-01,2023-08-01,,,395,,,2023-08-02,396,False,,,2023-08-01,,,,,,,"{""market_momentum"": 0.02977801840822969, ""market_volatility"": 0.005078410997996713, ""momentum"": -0.026119402985074536, ""volatility"": 0.01487985319661028, ""volume_state"": 14.924478046010279}",assumed_next_daily_close,,63,0000004962,,0.02977801840822969,0.005078410997996713,-0.026119402985074536,,,,,,,a2a517066de003d4b2f0efa8,False,,,,,,,,,,,,,,,,,,,,,,,,,,,,,,,,,,,,,,,,,,,,,,,,bounded_preclose_bid_ask,,,,False,not_requested_for_horizon_or_variant,,,no_standard_contract_within_rules,event,covered_call,,no_standard_contract_within_rules,,,True,,H23,0,AXP,,primary,0.01487985319661028,14.924478046010279,2023
,,,8fceb893f7a4066bb584e5f3,time_value,,,1,1,2023-08-01,2023-08-01,,,395,,,2023-08-02,396,False,,,2023-08-01,,,,,,,"{""market_momentum"": 0.02977801840822969, ""market_volatility"": 0.005078410997996713, ""momentum"": -0.026119402985074536, ""volatility"": 0.01487985319661028, ""volume_state"": 14.924478046010279}",assumed_next_daily_close,,expiry,0000004962,,0.02977801840822969,0.005078410997996713,-0.026119402985074536,,,,,,,a2a517066de003d4b2f0efa8,False,,,,,,,,,,,,,,,,,,,,,,,,,,,,,,,,,,,,,,,,,,,,,,,,bounded_preclose_bid_ask,,,,False,not_requested_for_horizon_or_variant,,,no_standard_contract_within_rules,event,covered_call,,no_standard_contract_within_rules,,,False,,H23,0,AXP,,primary,0.01487985319661028,14.924478046010279,2023
,,,8fceb893f7a4066bb584e5f3,time_value,,,1,1,2023-08-01,2023-08-01,,,395,,,2023-08-02,396,False,,,2023-08-01,,,,,,,"{""market_momentum"": 0.02977801840822969, ""market_volatility"": 0.005078410997996713, ""momentum"": -0.026119402985074536, ""volatility"": 0.01487985319661028, ""volume_state"": 14.924478046010279}",assumed_next_daily_close,,expiry,0000004962,,0.02977801840822969,0.005078410997996713,-0.026119402985074536,,,,,,,a2a517066de003d4b2f0efa8,False,,,,,,,,,,,,,,,,,,,,,,,,,,,,,,,,,,,,,,,,,,,,,,,,bounded_preclose_bid_ask,,,,False,not_requested_for_horizon_or_variant,,,no_standard_contract_within_rules,event,covered_call,,no_standard_contract_within_rules,,,True,,H23,0,AXP,,primary,0.01487985319661028,14.924478046010279,2023
0.049429657794676785,2024-08-01,647,91ed2dc097ce587bdbdc1833,time_value,62.6708,O:AXP241115P00240000,1,1,2024-07-30,2024-07-30,108,0.028675538656527253,645,0.0,0.013189740752450205,2024-07-31,646,True,2024-08-01,647,2024-07-30,2,2180687.0,2024-08-01,scheduled_exit,647,2024-11-15,"{""market_momentum"": -0.004079232663261267, ""market_volatility"": 0.008339321916729755, ""momentum"": 0.09039084431008404, ""volatility"": 0.013716343194315818, ""volume_state"": 14.809527100192412}",assumed_next_daily_close,25304.0,1,0000004962,0,-0.004079232663261267,0.008339321916729755,0.09039084431008404,-333.7532,-0.013189740752450205,52.0824,7.25,9.42,217.0,956651b8e2b7a781abf6828e,True,0.009259259259259259,108,3.713358435636358e-05,2692980.0,,,,,,,,,,,,,,,,,,,,,,,,,,,,,,,,,,,,,,,,,,,,bounded_preclose_bid_ask,,,,False,not_requested_for_horizon_or_variant,,,,event,protective_put,100,completed,253.04,248.68,False,-436.0,H23,0,AXP,114.75319999999999,primary,0.013716343194315818,14.809527100192412,2024
0.049429657794676785,2024-08-01,647,91ed2dc097ce587bdbdc1833,time_value,14.920799999999998,O:AXP241115P00240000,1,1,2024-07-30,2024-07-30,108,0.028675538656527253,645,0.0,0.01842013910844135,2024-07-31,646,True,2024-08-01,647,2024-07-30,2,2180687.0,2024-08-01,scheduled_exit,647,2024-11-15,"{""market_momentum"": -0.004079232663261267, ""market_volatility"": 0.008339321916729755, ""momentum"": 0.09039084431008404, ""volatility"": 0.013716343194315818, ""volume_state"": 14.809527100192412}",assumed_next_daily_close,25304.0,1,0000004962,0,-0.004079232663261267,0.008339321916729755,0.09039084431008404,-466.10319999999996,-0.01842013910844135,15.1824,7.25,0.0,-0.0,956651b8e2b7a781abf6828e,True,0.009259259259259259,108,3.713358435636358e-05,2692980.0,,,,,,,,,,,,,,,,,,,,,,,,,,,,,,,,,,,,,,,,,,,,bounded_preclose_bid_ask,,,,False,not_requested_for_horizon_or_variant,,,,event,protective_put,100,completed,253.04,248.68,True,-436.0,H23,0,AXP,30.103199999999998,primary,0.013716343194315818,14.809527100192412,2024
0.049429657794676785,2024-08-02,648,91ed2dc097ce587bdbdc1833,time_value,103.58680000000001,O:AXP241115P00240000,1,1,2024-07-30,2024-07-30,108,0.028675538656527253,645,0.0,0.0465013120455264,2024-07-31,646,True,2024-08-02,648,2024-07-30,2,2180687.0,2024-08-02,scheduled_exit,648,2024-11-15,"{""market_momentum"": -0.004079232663261267, ""market_volatility"": 0.008339321916729755, ""momentum"": 0.09039084431008404, ""volatility"": 0.013716343194315818, ""volume_state"": 14.809527100192412}",assumed_next_daily_close,25304.0,2,0000004962,0,-0.004079232663261267,0.008339321916729755,0.09039084431008404,-1176.6692,-0.0465013120455264,52.0824,7.25,17.8,1055.0,956651b8e2b7a781abf6828e,True,0.009259259259259259,108,3.713358435636358e-05,2692980.0,,,,,,,,,,,,,,,,,,,,,,,,,,,,,,,,,,,,,,,,,,,,bounded_preclose_bid_ask,,,,False,not_requested_for_horizon_or_variant,,,,event,protective_put,100,completed,253.04,232.28,False,-2076.0,H23,0,AXP,155.66920000000002,primary,0.013716343194315818,14.809527100192412,2024
0.049429657794676785,2024-08-02,648,91ed2dc097ce587bdbdc1833,time_value,13.936799999999998,O:AXP241115P00240000,1,1,2024-07-30,2024-07-30,108,0.028675538656527253,645,0.0,0.0831931394245969,2024-07-31,646,True,2024-08-02,648,2024-07-30,2,2180687.0,2024-08-02,scheduled_exit,648,2024-11-15,"{""market_momentum"": -0.004079232663261267, ""market_volatility"": 0.008339321916729755, ""momentum"": 0.09039084431008404, ""volatility"": 0.013716343194315818, ""volume_state"": 14.809527100192412}",assumed_next_daily_close,25304.0,2,0000004962,0,-0.004079232663261267,0.008339321916729755,0.09039084431008404,-2105.1192,-0.0831931394245969,15.1824,7.25,0.0,-0.0,956651b8e2b7a781abf6828e,True,0.009259259259259259,108,3.713358435636358e-05,2692980.0,,,,,,,,,,,,,,,,,,,,,,,,,,,,,,,,,,,,,,,,,,,,bounded_preclose_bid_ask,,,,False,not_requested_for_horizon_or_variant,,,,event,protective_put,100,completed,253.04,232.28,True,-2076.0,H23,0,AXP,29.1192,primary,0.013716343194315818,14.809527100192412,2024
0.049429657794676785,2024-08-05,649,91ed2dc097ce587bdbdc1833,time_value,110.7052,O:AXP241115P00240000,1,1,2024-07-30,2024-07-30,108,0.028675538656527253,645,0.0,0.0659890768257983,2024-07-31,646,True,2024-08-05,649,2024-07-30,2,2180687.0,2024-08-05,scheduled_exit,649,2024-11-15,"{""market_momentum"": -0.004079232663261267, ""market_volatility"": 0.008339321916729755, ""momentum"": 0.09039084431008404, ""volatility"": 0.013716343194315818, ""volume_state"": 14.809527100192412}",assumed_next_daily_close,25304.0,3,0000004962,0,-0.004079232663261267,0.008339321916729755,0.09039084431008404,-1669.7876,-0.0659890768257983,52.0824,7.25,19.3,1205.0,956651b8e2b7a781abf6828e,True,0.009259259259259259,108,3.713358435636358e-05,2692980.0,,,,,,,,,,,,,,,,,,,,,,,,,,,,,,,,,,,,,,,,,,,,bounded_preclose_bid_ask,,,,False,not_requested_for_horizon_or_variant,,,,event,protective_put,100,completed,253.04,225.92,False,-2712.0,H23,0,AXP,162.7876,primary,0.013716343194315818,14.809527100192412,2024
0.049429657794676785,2024-08-05,649,91ed2dc097ce587bdbdc1833,time_value,13.5552,O:AXP241115P00240000,1,1,2024-07-30,2024-07-30,108,0.028675538656527253,645,0.0,0.10831242491305722,2024-07-31,646,True,2024-08-05,649,2024-07-30,2,2180687.0,2024-08-05,scheduled_exit,649,2024-11-15,"{""market_momentum"": -0.004079232663261267, ""market_volatility"": 0.008339321916729755, ""momentum"": 0.09039084431008404, ""volatility"": 0.013716343194315818, ""volume_state"": 14.809527100192412}",assumed_next_daily_close,25304.0,3,0000004962,0,-0.004079232663261267,0.008339321916729755,0.09039084431008404,-2740.7376,-0.10831242491305722,15.1824,7.25,0.0,-0.0,956651b8e2b7a781abf6828e,True,0.009259259259259259,108,3.713358435636358e-05,2692980.0,,,,,,,,,,,,,,,,,,,,,,,,,,,,,,,,,,,,,,,,,,,,bounded_preclose_bid_ask,,,,False,not_requested_for_horizon_or_variant,,,,event,protective_put,100,completed,253.04,225.92,True,-2712.0,H23,0,AXP,28.7376,primary,0.013716343194315818,14.809527100192412,2024
0.049429657794676785,2024-08-07,651,91ed2dc097ce587bdbdc1833,time_value,89.028,O:AXP241115P00240000,1,1,2024-07-30,2024-07-30,108,0.028675538656527253,645,0.0,0.07102080303509327,2024-07-31,646,True,2024-08-07,651,2024-07-30,2,2180687.0,2024-08-07,scheduled_exit,651,2024-11-15,"{""market_momentum"": -0.004079232663261267, ""market_volatility"": 0.008339321916729755, ""momentum"": 0.09039084431008404, ""volatility"": 0.013716343194315818, ""volume_state"": 14.809527100192412}",assumed_next_daily_close,25304.0,5,0000004962,0,-0.004079232663261267,0.008339321916729755,0.09039084431008404,-1797.1104,-0.07102080303509327,52.0824,7.25,14.93,768.0,956651b8e2b7a781abf6828e,True,0.009259259259259259,108,3.713358435636358e-05,2692980.0,,,,,,,,,,,,,,,,,,,,,,,,,,,,,,,,,,,,,,,,,,,,bounded_preclose_bid_ask,,,,False,not_requested_for_horizon_or_variant,,,,event,protective_put,100,completed,253.04,228.8,False,-2424.0,H23,0,AXP,141.1104,primary,0.013716343194315818,14.809527100192412,2024
0.049429657794676785,2024-08-07,651,91ed2dc097ce587bdbdc1833,time_value,13.727999999999998,O:AXP241115P00240000,1,1,2024-07-30,2024-07-30,108,0.028675538656527253,645,0.0,0.10831242491305727,2024-07-31,646,True,2024-08-07,651,2024-07-30,2,2180687.0,2024-08-07,scheduled_exit,651,2024-11-15,"{""market_momentum"": -0.004079232663261267, ""market_volatility"": 0.008339321916729755, ""momentum"": 0.09039084431008404, ""volatility"": 0.013716343194315818, ""volume_state"": 14.809527100192412}",assumed_next_daily_close,25304.0,5,0000004962,0,-0.004079232663261267,0.008339321916729755,0.09039084431008404,-2452.9104,-0.09693765412582991,15.1824,7.25,0.0,-0.0,956651b8e2b7a781abf6828e,True,0.009259259259259259,108,3.713358435636358e-05,2692980.0,,,,,,,,,,,,,,,,,,,,,,,,,,,,,,,,,,,,,,,,,,,,bounded_preclose_bid_ask,,,,False,not_requested_for_horizon_or_variant,,,,event,protective_put,100,completed,253.04,228.8,True,-2424.0,H23,0,AXP,28.910399999999996,primary,0.013716343194315818,14.809527100192412,2024
0.049429657794676785,2024-08-14,656,91ed2dc097ce587bdbdc1833,time_value,65.7756,O:AXP241115P00240000,1,1,2024-07-30,2024-07-30,108,0.028675538656527253,645,0.0,,2024-07-31,646,True,2024-08-14,656,2024-07-30,2,2180687.0,2024-08-14,scheduled_exit,656,2024-11-15,"{""market_momentum"": -0.004079232663261267, ""market_volatility"": 0.008339321916729755, ""momentum"": 0.09039084431008404, ""volatility"": 0.013716343194315818, ""volume_state"": 14.809527100192412}",assumed_next_daily_close,25304.0,10,0000004962,1,-0.004079232663261267,0.008339321916729755,0.09039084431008404,-760.858,-0.030068684792918115,52.0824,7.25,10.1,284.99999999999994,956651b8e2b7a781abf6828e,False,0.009259259259259259,108,3.713358435636358e-05,2692980.0,,3.044968704,7.6,9,7.35,26,0.033444816053511704,7.9616e-05,252.53,2500,252.52,9000,3.960003960000358e-05,,,,,,,,,,,,,,,,,,,,,,,,,,,,,,,bounded_preclose_bid_ask,,,,False,entry_asynchronous_quotes,,,,event,protective_put,100,completed,253.04,243.76,False,-928.0,H23,0,AXP,117.858,primary,0.013716343194315818,14.809527100192412,2024
0.049429657794676785,2024-08-14,656,91ed2dc097ce587bdbdc1833,time_value,14.625599999999999,O:AXP241115P00240000,1,1,2024-07-30,2024-07-30,108,0.028675538656527253,645,0.0,0.10831242491305727,2024-07-31,646,True,2024-08-14,656,2024-07-30,2,2180687.0,2024-08-14,scheduled_exit,656,2024-11-15,"{""market_momentum"": -0.004079232663261267, ""market_volatility"": 0.008339321916729755, ""momentum"": 0.09039084431008404, ""volatility"": 0.013716343194315818, ""volume_state"": 14.809527100192412}",assumed_next_daily_close,25304.0,10,0000004962,0,-0.004079232663261267,0.008339321916729755,0.09039084431008404,-957.808,-0.037852039203288015,15.1824,7.25,0.0,-0.0,956651b8e2b7a781abf6828e,True,0.009259259259259259,108,3.713358435636358e-05,2692980.0,,3.044968704,7.6,9,7.35,26,0.033444816053511704,7.9616e-05,252.53,2500,252.52,9000,3.960003960000358e-05,,,,,,,,,,,,,,,,,,,,,,,,,,,,,,,bounded_preclose_bid_ask,,,,False,entry_asynchronous_quotes,,,,event,protective_put,100,completed,253.04,243.76,True,-928.0,H23,0,AXP,29.808,primary,0.013716343194315818,14.809527100192412,2024
0.049429657794676785,2024-08-29,667,91ed2dc097ce587bdbdc1833,time_value,42.2904,O:AXP241115P00240000,1,1,2024-07-30,2024-07-30,108,0.028675538656527253,645,0.0,,2024-07-31,646,True,2024-08-29,667,2024-07-30,2,2180687.0,2024-08-29,scheduled_exit,667,2024-11-15,"{""market_momentum"": -0.004079232663261267, ""market_volatility"": 0.008339321916729755, ""momentum"": 0.09039084431008404, ""volatility"": 0.013716343194315818, ""volume_state"": 14.809527100192412}",assumed_next_daily_close,25304.0,21,0000004962,1,-0.004079232663261267,0.008339321916729755,0.09039084431008404,381.6271999999964,0.015081694593739977,52.0824,7.25,5.21,-204.0,956651b8e2b7a781abf6828e,False,0.009259259259259259,108,3.713358435636358e-05,2692980.0,,,,,,,,,,,,,,,,,,,,,,,,,,,,,,,,,,,,,,,,,,,,bounded_preclose_bid_ask,,,,False,not_requested_for_horizon_or_variant,,,,event,protective_put,100,completed,253.04,259.84,False,679.9999999999964,H23,0,AXP,94.3728,primary,0.013716343194315818,14.809527100192412,2024
0.049429657794676785,2024-08-29,667,91ed2dc097ce587bdbdc1833,time_value,15.590399999999997,O:AXP241115P00240000,1,1,2024-07-30,2024-07-30,108,0.028675538656527253,645,0.0,0.10831242491305727,2024-07-31,646,True,2024-08-29,667,2024-07-30,2,2180687.0,2024-08-29,scheduled_exit,667,2024-11-15,"{""market_momentum"": -0.004079232663261267, ""market_volatility"": 0.008339321916729755, ""momentum"": 0.09039084431008404, ""volatility"": 0.013716343194315818, ""volume_state"": 14.809527100192412}",assumed_next_daily_close,25304.0,21,0000004962,0,-0.004079232663261267,0.008339321916729755,0.09039084431008404,649.2271999999963,0.02565709769206435,15.1824,7.25,0.0,-0.0,956651b8e2b7a781abf6828e,True,0.009259259259259259,108,3.713358435636358e-05,2692980.0,,,,,,,,,,,,,,,,,,,,,,,,,,,,,,,,,,,,,,,,,,,,bounded_preclose_bid_ask,,,,False,not_requested_for_horizon_or_variant,,,,event,protective_put,100,completed,253.04,259.84,True,679.9999999999964,H23,0,AXP,30.772799999999997,primary,0.013716343194315818,14.809527100192412,2024
0.049429657794676785,2024-09-30,688,91ed2dc097ce587bdbdc1833,time_value,29.872,O:AXP241115P00240000,1,1,2024-07-30,2024-07-30,108,0.028675538656527253,645,0.0,,2024-07-31,646,True,2024-09-30,688,2024-07-30,2,2180687.0,2024-09-30,scheduled_exit,688,2024-11-15,"{""market_momentum"": -0.004079232663261267, ""market_volatility"": 0.008339321916729755, ""momentum"": 0.09039084431008404, ""volatility"": 0.013716343194315818, ""volume_state"": 14.809527100192412}",assumed_next_daily_close,25304.0,42,0000004962,1,-0.004079232663261267,0.008339321916729755,0.09039084431008404,1268.0456,0.05011245652861208,52.0824,7.25,2.59,-466.0,956651b8e2b7a781abf6828e,False,0.009259259259259259,108,3.713358435636358e-05,2692980.0,,,,,,,,,,,,,,,,,,,,,,,,,,,,,,,,,,,,,,,,,,,,bounded_preclose_bid_ask,,,,False,not_requested_for_horizon_or_variant,,,,event,protective_put,100,completed,253.04,271.2,False,1816.0,H23,0,AXP,81.95439999999999,primary,0.013716343194315818,14.809527100192412,2024
0.049429657794676785,2024-09-30,688,91ed2dc097ce587bdbdc1833,time_value,16.272,O:AXP241115P00240000,1,1,2024-07-30,2024-07-30,108,0.028675538656527253,645,0.0,0.10831242491305727,2024-07-31,646,True,2024-09-30,688,2024-07-30,2,2180687.0,2024-09-30,scheduled_exit,688,2024-11-15,"{""market_momentum"": -0.004079232663261267, ""market_volatility"": 0.008339321916729755, ""momentum"": 0.09039084431008404, ""volatility"": 0.013716343194315818, ""volume_state"": 14.809527100192412}",assumed_next_daily_close,25304.0,42,0000004962,0,-0.004079232663261267,0.008339321916729755,0.09039084431008404,1784.5456000000001,0.07052424913057224,15.1824,7.25,0.0,-0.0,956651b8e2b7a781abf6828e,True,0.009259259259259259,108,3.713358435636358e-05,2692980.0,,,,,,,,,,,,,,,,,,,,,,,,,,,,,,,,,,,,,,,,,,,,bounded_preclose_bid_ask,,,,False,not_requested_for_horizon_or_variant,,,,event,protective_put,100,completed,253.04,271.2,True,1816.0,H23,0,AXP,31.4544,primary,0.013716343194315818,14.809527100192412,2024
0.049429657794676785,2024-10-29,709,91ed2dc097ce587bdbdc1833,time_value,19.1758,O:AXP241115P00240000,1,1,2024-07-30,2024-07-30,108,0.028675538656527253,645,70.0,,2024-07-31,646,True,2024-10-29,709,2024-07-30,2,2180687.0,2024-10-29,scheduled_exit,709,2024-11-15,"{""market_momentum"": -0.004079232663261267, ""market_volatility"": 0.008339321916729755, ""momentum"": 0.09039084431008404, ""volatility"": 0.013716343194315818, ""volume_state"": 14.809527100192412}",assumed_next_daily_close,25304.0,63,0000004962,1,-0.004079232663261267,0.008339321916729755,0.09039084431008404,1058.7418,0.04184088681631363,52.0824,7.25,0.46,-679.0,956651b8e2b7a781abf6828e,False,0.009259259259259259,108,3.713358435636358e-05,2692980.0,,,,,,,,,,,,,,,,,,,,,,,,,,,,,,,,,,,,,,,,,,,,bounded_preclose_bid_ask,,,,False,not_requested_for_horizon_or_variant,,,,event,protective_put,100,completed,253.04,270.43,False,1739.0,H23,0,AXP,71.2582,primary,0.013716343194315818,14.809527100192412,2024
0.049429657794676785,2024-10-29,709,91ed2dc097ce587bdbdc1833,time_value,16.2258,O:AXP241115P00240000,1,1,2024-07-30,2024-07-30,108,0.028675538656527253,645,70.0,0.10831242491305727,2024-07-31,646,True,2024-10-29,709,2024-07-30,2,2180687.0,2024-10-29,scheduled_exit,709,2024-11-15,"{""market_momentum"": -0.004079232663261267, ""market_volatility"": 0.008339321916729755, ""momentum"": 0.09039084431008404, ""volatility"": 0.013716343194315818, ""volume_state"": 14.809527100192412}",assumed_next_daily_close,25304.0,63,0000004962,0,-0.004079232663261267,0.008339321916729755,0.09039084431008404,1777.5918000000001,0.07024943882390136,15.1824,7.25,0.0,-0.0,956651b8e2b7a781abf6828e,True,0.009259259259259259,108,3.713358435636358e-05,2692980.0,,,,,,,,,,,,,,,,,,,,,,,,,,,,,,,,,,,,,,,,,,,,bounded_preclose_bid_ask,,,,False,not_requested_for_horizon_or_variant,,,,event,protective_put,100,completed,253.04,270.43,True,1739.0,H23,0,AXP,31.4082,primary,0.013716343194315818,14.809527100192412,2024
0.049429657794676785,2024-11-15,722,91ed2dc097ce587bdbdc1833,time_value,17.862199999999998,O:AXP241115P00240000,1,1,2024-07-30,2024-07-30,108,0.028675538656527253,645,70.0,,2024-07-31,646,True,2024-11-15,722,2024-07-30,2,2180687.0,2024-11-15,expiry_worthless,722,2024-11-15,"{""market_momentum"": -0.004079232663261267, ""market_volatility"": 0.008339321916729755, ""momentum"": 0.09039084431008404, ""volatility"": 0.013716343194315818, ""volume_state"": 14.809527100192412}",assumed_next_daily_close,25304.0,expiry,0000004962,2,-0.004079232663261267,0.008339321916729755,0.09039084431008404,2658.0554,0.1050448703762251,52.0824,7.25,0.0,-725.0,956651b8e2b7a781abf6828e,False,0.009259259259259259,108,3.713358435636358e-05,2692980.0,,,,,,,,,,,,,,,,,,,,,,,,,,,,,,,,,,,,,,,,,,,,bounded_preclose_bid_ask,,,,False,not_requested_for_horizon_or_variant,,,,event,protective_put,100,completed,253.04,286.87,False,3383.0,H23,0,AXP,69.9446,primary,0.013716343194315818,14.809527100192412,2024
0.049429657794676785,2024-11-15,722,91ed2dc097ce587bdbdc1833,time_value,17.2122,O:AXP241115P00240000,1,1,2024-07-30,2024-07-30,108,0.028675538656527253,645,70.0,0.10831242491305727,2024-07-31,646,True,2024-11-15,722,2024-07-30,2,2180687.0,2024-11-15,scheduled_exit,722,2024-11-15,"{""market_momentum"": -0.004079232663261267, ""market_volatility"": 0.008339321916729755, ""momentum"": 0.09039084431008404, ""volatility"": 0.013716343194315818, ""volume_state"": 14.809527100192412}",assumed_next_daily_close,25304.0,expiry,0000004962,0,-0.004079232663261267,0.008339321916729755,0.09039084431008404,3420.6054,0.1351804220676573,15.1824,7.25,0.0,-0.0,956651b8e2b7a781abf6828e,True,0.009259259259259259,108,3.713358435636358e-05,2692980.0,,,,,,,,,,,,,,,,,,,,,,,,,,,,,,,,,,,,,,,,,,,,bounded_preclose_bid_ask,,,,False,not_requested_for_horizon_or_variant,,,,event,protective_put,100,completed,253.04,286.87,True,3383.0,H23,0,AXP,32.3946,primary,0.013716343194315818,14.809527100192412,2024
,,,93e34de4df6efc084cb1ff08,time_value,,,1,1,2024-01-05,2024-01-05,,,504,,,2024-01-08,505,False,,,2024-07-30,,,,,,,"{""market_momentum"": 0.024791940429259807, ""market_volatility"": 0.006384935470816239, ""momentum"": 0.10768689946097965, ""volatility"": 0.013447158185583681, ""volume_state"": 14.922809264200644}",assumed_next_daily_close,,1,0000004962,,0.024791940429259807,0.006384935470816239,0.10768689946097965,,,,,,,956651b8e2b7a781abf6828e,False,,,,,,,,,,,,,,,,,,,,,,,,,,,,,,,,,,,,,,,,,,,,,,,,bounded_preclose_bid_ask,,,,False,not_requested_for_horizon_or_variant,,,incomplete_prior_liquidity,ordinary,covered_call,,incomplete_prior_liquidity,,,False,,H23,0,AXP,,primary,0.013447158185583681,14.922809264200644,2024
,,,93e34de4df6efc084cb1ff08,time_value,,,1,1,2024-01-05,2024-01-05,,,504,,,2024-01-08,505,False,,,2024-07-30,,,,,,,"{""market_momentum"": 0.024791940429259807, ""market_volatility"": 0.006384935470816239, ""momentum"": 0.10768689946097965, ""volatility"": 0.013447158185583681, ""volume_state"": 14.922809264200644}",assumed_next_daily_close,,1,0000004962,,0.024791940429259807,0.006384935470816239,0.10768689946097965,,,,,,,956651b8e2b7a781abf6828e,False,,,,,,,,,,,,,,,,,,,,,,,,,,,,,,,,,,,,,,,,,,,,,,,,bounded_preclose_bid_ask,,,,False,not_requested_for_horizon_or_variant,,,incomplete_prior_liquidity,ordinary,covered_call,,incomplete_prior_liquidity,,,True,,H23,0,AXP,,primary,0.013447158185583681,14.922809264200644,2024
,,,93e34de4df6efc084cb1ff08,time_value,,,1,1,2024-01-05,2024-01-05,,,504,,,2024-01-08,505,False,,,2024-07-30,,,,,,,"{""market_momentum"": 0.024791940429259807, ""market_volatility"": 0.006384935470816239, ""momentum"": 0.10768689946097965, ""volatility"": 0.013447158185583681, ""volume_state"": 14.922809264200644}",assumed_next_daily_close,,2,0000004962,,0.024791940429259807,0.006384935470816239,0.10768689946097965,,,,,,,956651b8e2b7a781abf6828e,False,,,,,,,,,,,,,,,,,,,,,,,,,,,,,,,,,,,,,,,,,,,,,,,,bounded_preclose_bid_ask,,,,False,not_requested_for_horizon_or_variant,,,incomplete_prior_liquidity,ordinary,covered_call,,incomplete_prior_liquidity,,,False,,H23,0,AXP,,primary,0.013447158185583681,14.922809264200644,2024
,,,93e34de4df6efc084cb1ff08,time_value,,,1,1,2024-01-05,2024-01-05,,,504,,,2024-01-08,505,False,,,2024-07-30,,,,,,,"{""market_momentum"": 0.024791940429259807, ""market_volatility"": 0.006384935470816239, ""momentum"": 0.10768689946097965, ""volatility"": 0.013447158185583681, ""volume_state"": 14.922809264200644}",assumed_next_daily_close,,2,0000004962,,0.024791940429259807,0.006384935470816239,0.10768689946097965,,,,,,,956651b8e2b7a781abf6828e,False,,,,,,,,,,,,,,,,,,,,,,,,,,,,,,,,,,,,,,,,,,,,,,,,bounded_preclose_bid_ask,,,,False,not_requested_for_horizon_or_variant,,,incomplete_prior_liquidity,ordinary,covered_call,,incomplete_prior_liquidity,,,True,,H23,0,AXP,,primary,0.013447158185583681,14.922809264200644,2024
,,,93e34de4df6efc084cb1ff08,time_value,,,1,1,2024-01-05,2024-01-05,,,504,,,2024-01-08,505,False,,,2024-07-30,,,,,,,"{""market_momentum"": 0.024791940429259807, ""market_volatility"": 0.006384935470816239, ""momentum"": 0.10768689946097965, ""volatility"": 0.013447158185583681, ""volume_state"": 14.922809264200644}",assumed_next_daily_close,,3,0000004962,,0.024791940429259807,0.006384935470816239,0.10768689946097965,,,,,,,956651b8e2b7a781abf6828e,False,,,,,,,,,,,,,,,,,,,,,,,,,,,,,,,,,,,,,,,,,,,,,,,,bounded_preclose_bid_ask,,,,False,not_requested_for_horizon_or_variant,,,incomplete_prior_liquidity,ordinary,covered_call,,incomplete_prior_liquidity,,,False,,H23,0,AXP,,primary,0.013447158185583681,14.922809264200644,2024
,,,93e34de4df6efc084cb1ff08,time_value,,,1,1,2024-01-05,2024-01-05,,,504,,,2024-01-08,505,False,,,2024-07-30,,,,,,,"{""market_momentum"": 0.024791940429259807, ""market_volatility"": 0.006384935470816239, ""momentum"": 0.10768689946097965, ""volatility"": 0.013447158185583681, ""volume_state"": 14.922809264200644}",assumed_next_daily_close,,3,0000004962,,0.024791940429259807,0.006384935470816239,0.10768689946097965,,,,,,,956651b8e2b7a781abf6828e,False,,,,,,,,,,,,,,,,,,,,,,,,,,,,,,,,,,,,,,,,,,,,,,,,bounded_preclose_bid_ask,,,,False,not_requested_for_horizon_or_variant,,,incomplete_prior_liquidity,ordinary,covered_call,,incomplete_prior_liquidity,,,True,,H23,0,AXP,,primary,0.013447158185583681,14.922809264200644,2024
,,,93e34de4df6efc084cb1ff08,time_value,,,1,1,2024-01-05,2024-01-05,,,504,,,2024-01-08,505,False,,,2024-07-30,,,,,,,"{""market_momentum"": 0.024791940429259807, ""market_volatility"": 0.006384935470816239, ""momentum"": 0.10768689946097965, ""volatility"": 0.013447158185583681, ""volume_state"": 14.922809264200644}",assumed_next_daily_close,,5,0000004962,,0.024791940429259807,0.006384935470816239,0.10768689946097965,,,,,,,956651b8e2b7a781abf6828e,False,,,,,,,,,,,,,,,,,,,,,,,,,,,,,,,,,,,,,,,,,,,,,,,,bounded_preclose_bid_ask,,,,False,not_requested_for_horizon_or_variant,,,incomplete_prior_liquidity,ordinary,covered_call,,incomplete_prior_liquidity,,,False,,H23,0,AXP,,primary,0.013447158185583681,14.922809264200644,2024
,,,93e34de4df6efc084cb1ff08,time_value,,,1,1,2024-01-05,2024-01-05,,,504,,,2024-01-08,505,False,,,2024-07-30,,,,,,,"{""market_momentum"": 0.024791940429259807, ""market_volatility"": 0.006384935470816239, ""momentum"": 0.10768689946097965, ""volatility"": 0.013447158185583681, ""volume_state"": 14.922809264200644}",assumed_next_daily_close,,5,0000004962,,0.024791940429259807,0.006384935470816239,0.10768689946097965,,,,,,,956651b8e2b7a781abf6828e,False,,,,,,,,,,,,,,,,,,,,,,,,,,,,,,,,,,,,,,,,,,,,,,,,bounded_preclose_bid_ask,,,,False,not_requested_for_horizon_or_variant,,,incomplete_prior_liquidity,ordinary,covered_call,,incomplete_prior_liquidity,,,True,,H23,0,AXP,,primary,0.013447158185583681,14.922809264200644,2024
,,,93e34de4df6efc084cb1ff08,time_value,,,1,1,2024-01-05,2024-01-05,,,504,,,2024-01-08,505,False,,,2024-07-30,,,,,,,"{""market_momentum"": 0.024791940429259807, ""market_volatility"": 0.006384935470816239, ""momentum"": 0.10768689946097965, ""volatility"": 0.013447158185583681, ""volume_state"": 14.922809264200644}",assumed_next_daily_close,,10,0000004962,,0.024791940429259807,0.006384935470816239,0.10768689946097965,,,,,,,956651b8e2b7a781abf6828e,False,,,,,,,,,,,,,,,,,,,,,,,,,,,,,,,,,,,,,,,,,,,,,,,,bounded_preclose_bid_ask,,,,False,bar_outcome_not_completed,,,incomplete_prior_liquidity,ordinary,covered_call,,incomplete_prior_liquidity,,,False,,H23,0,AXP,,primary,0.013447158185583681,14.922809264200644,2024
,,,93e34de4df6efc084cb1ff08,time_value,,,1,1,2024-01-05,2024-01-05,,,504,,,2024-01-08,505,False,,,2024-07-30,,,,,,,"{""market_momentum"": 0.024791940429259807, ""market_volatility"": 0.006384935470816239, ""momentum"": 0.10768689946097965, ""volatility"": 0.013447158185583681, ""volume_state"": 14.922809264200644}",assumed_next_daily_close,,10,0000004962,,0.024791940429259807,0.006384935470816239,0.10768689946097965,,,,,,,956651b8e2b7a781abf6828e,False,,,,,,,,,,,,,,,,,,,,,,,,,,,,,,,,,,,,,,,,,,,,,,,,bounded_preclose_bid_ask,,,,False,bar_outcome_not_completed,,,incomplete_prior_liquidity,ordinary,covered_call,,incomplete_prior_liquidity,,,True,,H23,0,AXP,,primary,0.013447158185583681,14.922809264200644,2024
,,,93e34de4df6efc084cb1ff08,time_value,,,1,1,2024-01-05,2024-01-05,,,504,,,2024-01-08,505,False,,,2024-07-30,,,,,,,"{""market_momentum"": 0.024791940429259807, ""market_volatility"": 0.006384935470816239, ""momentum"": 0.10768689946097965, ""volatility"": 0.013447158185583681, ""volume_state"": 14.922809264200644}",assumed_next_daily_close,,21,0000004962,,0.024791940429259807,0.006384935470816239,0.10768689946097965,,,,,,,956651b8e2b7a781abf6828e,False,,,,,,,,,,,,,,,,,,,,,,,,,,,,,,,,,,,,,,,,,,,,,,,,bounded_preclose_bid_ask,,,,False,not_requested_for_horizon_or_variant,,,incomplete_prior_liquidity,ordinary,covered_call,,incomplete_prior_liquidity,,,False,,H23,0,AXP,,primary,0.013447158185583681,14.922809264200644,2024
,,,93e34de4df6efc084cb1ff08,time_value,,,1,1,2024-01-05,2024-01-05,,,504,,,2024-01-08,505,False,,,2024-07-30,,,,,,,"{""market_momentum"": 0.024791940429259807, ""market_volatility"": 0.006384935470816239, ""momentum"": 0.10768689946097965, ""volatility"": 0.013447158185583681, ""volume_state"": 14.922809264200644}",assumed_next_daily_close,,21,0000004962,,0.024791940429259807,0.006384935470816239,0.10768689946097965,,,,,,,956651b8e2b7a781abf6828e,False,,,,,,,,,,,,,,,,,,,,,,,,,,,,,,,,,,,,,,,,,,,,,,,,bounded_preclose_bid_ask,,,,False,not_requested_for_horizon_or_variant,,,incomplete_prior_liquidity,ordinary,covered_call,,incomplete_prior_liquidity,,,True,,H23,0,AXP,,primary,0.013447158185583681,14.922809264200644,2024
,,,93e34de4df6efc084cb1ff08,time_value,,,1,1,2024-01-05,2024-01-05,,,504,,,2024-01-08,505,False,,,2024-07-30,,,,,,,"{""market_momentum"": 0.024791940429259807, ""market_volatility"": 0.006384935470816239, ""momentum"": 0.10768689946097965, ""volatility"": 0.013447158185583681, ""volume_state"": 14.922809264200644}",assumed_next_daily_close,,42,0000004962,,0.024791940429259807,0.006384935470816239,0.10768689946097965,,,,,,,956651b8e2b7a781abf6828e,False,,,,,,,,,,,,,,,,,,,,,,,,,,,,,,,,,,,,,,,,,,,,,,,,bounded_preclose_bid_ask,,,,False,not_requested_for_horizon_or_variant,,,incomplete_prior_liquidity,ordinary,covered_call,,incomplete_prior_liquidity,,,False,,H23,0,AXP,,primary,0.013447158185583681,14.922809264200644,2024
,,,93e34de4df6efc084cb1ff08,time_value,,,1,1,2024-01-05,2024-01-05,,,504,,,2024-01-08,505,False,,,2024-07-30,,,,,,,"{""market_momentum"": 0.024791940429259807, ""market_volatility"": 0.006384935470816239, ""momentum"": 0.10768689946097965, ""volatility"": 0.013447158185583681, ""volume_state"": 14.922809264200644}",assumed_next_daily_close,,42,0000004962,,0.024791940429259807,0.006384935470816239,0.10768689946097965,,,,,,,956651b8e2b7a781abf6828e,False,,,,,,,,,,,,,,,,,,,,,,,,,,,,,,,,,,,,,,,,,,,,,,,,bounded_preclose_bid_ask,,,,False,not_requested_for_horizon_or_variant,,,incomplete_prior_liquidity,ordinary,covered_call,,incomplete_prior_liquidity,,,True,,H23,0,AXP,,primary,0.013447158185583681,14.922809264200644,2024
,,,93e34de4df6efc084cb1ff08,time_value,,,1,1,2024-01-05,2024-01-05,,,504,,,2024-01-08,505,False,,,2024-07-30,,,,,,,"{""market_momentum"": 0.024791940429259807, ""market_volatility"": 0.006384935470816239, ""momentum"": 0.10768689946097965, ""volatility"": 0.013447158185583681, ""volume_state"": 14.922809264200644}",assumed_next_daily_close,,63,0000004962,,0.024791940429259807,0.006384935470816239,0.10768689946097965,,,,,,,956651b8e2b7a781abf6828e,False,,,,,,,,,,,,,,,,,,,,,,,,,,,,,,,,,,,,,,,,,,,,,,,,bounded_preclose_bid_ask,,,,False,not_requested_for_horizon_or_variant,,,incomplete_prior_liquidity,ordinary,covered_call,,incomplete_prior_liquidity,,,False,,H23,0,AXP,,primary,0.013447158185583681,14.922809264200644,2024
,,,93e34de4df6efc084cb1ff08,time_value,,,1,1,2024-01-05,2024-01-05,,,504,,,2024-01-08,505,False,,,2024-07-30,,,,,,,"{""market_momentum"": 0.024791940429259807, ""market_volatility"": 0.006384935470816239, ""momentum"": 0.10768689946097965, ""volatility"": 0.013447158185583681, ""volume_state"": 14.922809264200644}",assumed_next_daily_close,,63,0000004962,,0.024791940429259807,0.006384935470816239,0.10768689946097965,,,,,,,956651b8e2b7a781abf6828e,False,,,,,,,,,,,,,,,,,,,,,,,,,,,,,,,,,,,,,,,,,,,,,,,,bounded_preclose_bid_ask,,,,False,not_requested_for_horizon_or_variant,,,incomplete_prior_liquidity,ordinary,covered_call,,incomplete_prior_liquidity,,,True,,H23,0,AXP,,primary,0.013447158185583681,14.922809264200644,2024
,,,93e34de4df6efc084cb1ff08,time_value,,,1,1,2024-01-05,2024-01-05,,,504,,,2024-01-08,505,False,,,2024-07-30,,,,,,,"{""market_momentum"": 0.024791940429259807, ""market_volatility"": 0.006384935470816239, ""momentum"": 0.10768689946097965, ""volatility"": 0.013447158185583681, ""volume_state"": 14.922809264200644}",assumed_next_daily_close,,expiry,0000004962,,0.024791940429259807,0.006384935470816239,0.10768689946097965,,,,,,,956651b8e2b7a781abf6828e,False,,,,,,,,,,,,,,,,,,,,,,,,,,,,,,,,,,,,,,,,,,,,,,,,bounded_preclose_bid_ask,,,,False,not_requested_for_horizon_or_variant,,,incomplete_prior_liquidity,ordinary,covered_call,,incomplete_prior_liquidity,,,False,,H23,0,AXP,,primary,0.013447158185583681,14.922809264200644,2024
,,,93e34de4df6efc084cb1ff08,time_value,,,1,1,2024-01-05,2024-01-05,,,504,,,2024-01-08,505,False,,,2024-07-30,,,,,,,"{""market_momentum"": 0.024791940429259807, ""market_volatility"": 0.006384935470816239, ""momentum"": 0.10768689946097965, ""volatility"": 0.013447158185583681, ""volume_state"": 14.922809264200644}",assumed_next_daily_close,,expiry,0000004962,,0.024791940429259807,0.006384935470816239,0.10768689946097965,,,,,,,956651b8e2b7a781abf6828e,False,,,,,,,,,,,,,,,,,,,,,,,,,,,,,,,,,,,,,,,,,,,,,,,,bounded_preclose_bid_ask,,,,False,not_requested_for_horizon_or_variant,,,incomplete_prior_liquidity,ordinary,covered_call,,incomplete_prior_liquidity,,,True,,H23,0,AXP,,primary,0.013447158185583681,14.922809264200644,2024
,,,9c1d91e99c63732cfc7f6dcc,time_value,,,1,1,2023-11-01,2023-11-01,,,460,,,2023-11-02,461,False,,,2023-11-01,,,,,,,"{""market_momentum"": 0.002538010863635476, ""market_volatility"": 0.008683070651405911, ""momentum"": 0.009651844191657988, ""volatility"": 0.016168471078917522, ""volume_state"": 15.04138957382017}",assumed_next_daily_close,,1,0000004962,,0.002538010863635476,0.008683070651405911,0.009651844191657988,,,,,,,22d1881c2853de058df960bd,False,,,,,,,,,,,,,,,,,,,,,,,,,,,,,,,,,,,,,,,,,,,,,,,,bounded_preclose_bid_ask,,,,False,not_requested_for_horizon_or_variant,,,thin_prior_option_volume,event,covered_call,,thin_prior_option_volume,,,False,,H23,0,AXP,,primary,0.016168471078917522,15.04138957382017,2023
,,,9c1d91e99c63732cfc7f6dcc,time_value,,,1,1,2023-11-01,2023-11-01,,,460,,,2023-11-02,461,False,,,2023-11-01,,,,,,,"{""market_momentum"": 0.002538010863635476, ""market_volatility"": 0.008683070651405911, ""momentum"": 0.009651844191657988, ""volatility"": 0.016168471078917522, ""volume_state"": 15.04138957382017}",assumed_next_daily_close,,1,0000004962,,0.002538010863635476,0.008683070651405911,0.009651844191657988,,,,,,,22d1881c2853de058df960bd,False,,,,,,,,,,,,,,,,,,,,,,,,,,,,,,,,,,,,,,,,,,,,,,,,bounded_preclose_bid_ask,,,,False,not_requested_for_horizon_or_variant,,,thin_prior_option_volume,event,covered_call,,thin_prior_option_volume,,,True,,H23,0,AXP,,primary,0.016168471078917522,15.04138957382017,2023
,,,9c1d91e99c63732cfc7f6dcc,time_value,,,1,1,2023-11-01,2023-11-01,,,460,,,2023-11-02,461,False,,,2023-11-01,,,,,,,"{""market_momentum"": 0.002538010863635476, ""market_volatility"": 0.008683070651405911, ""momentum"": 0.009651844191657988, ""volatility"": 0.016168471078917522, ""volume_state"": 15.04138957382017}",assumed_next_daily_close,,2,0000004962,,0.002538010863635476,0.008683070651405911,0.009651844191657988,,,,,,,22d1881c2853de058df960bd,False,,,,,,,,,,,,,,,,,,,,,,,,,,,,,,,,,,,,,,,,,,,,,,,,bounded_preclose_bid_ask,,,,False,not_requested_for_horizon_or_variant,,,thin_prior_option_volume,event,covered_call,,thin_prior_option_volume,,,False,,H23,0,AXP,,primary,0.016168471078917522,15.04138957382017,2023
,,,9c1d91e99c63732cfc7f6dcc,time_value,,,1,1,2023-11-01,2023-11-01,,,460,,,2023-11-02,461,False,,,2023-11-01,,,,,,,"{""market_momentum"": 0.002538010863635476, ""market_volatility"": 0.008683070651405911, ""momentum"": 0.009651844191657988, ""volatility"": 0.016168471078917522, ""volume_state"": 15.04138957382017}",assumed_next_daily_close,,2,0000004962,,0.002538010863635476,0.008683070651405911,0.009651844191657988,,,,,,,22d1881c2853de058df960bd,False,,,,,,,,,,,,,,,,,,,,,,,,,,,,,,,,,,,,,,,,,,,,,,,,bounded_preclose_bid_ask,,,,False,not_requested_for_horizon_or_variant,,,thin_prior_option_volume,event,covered_call,,thin_prior_option_volume,,,True,,H23,0,AXP,,primary,0.016168471078917522,15.04138957382017,2023
,,,9c1d91e99c63732cfc7f6dcc,time_value,,,1,1,2023-11-01,2023-11-01,,,460,,,2023-11-02,461,False,,,2023-11-01,,,,,,,"{""market_momentum"": 0.002538010863635476, ""market_volatility"": 0.008683070651405911, ""momentum"": 0.009651844191657988, ""volatility"": 0.016168471078917522, ""volume_state"": 15.04138957382017}",assumed_next_daily_close,,3,0000004962,,0.002538010863635476,0.008683070651405911,0.009651844191657988,,,,,,,22d1881c2853de058df960bd,False,,,,,,,,,,,,,,,,,,,,,,,,,,,,,,,,,,,,,,,,,,,,,,,,bounded_preclose_bid_ask,,,,False,not_requested_for_horizon_or_variant,,,thin_prior_option_volume,event,covered_call,,thin_prior_option_volume,,,False,,H23,0,AXP,,primary,0.016168471078917522,15.04138957382017,2023
,,,9c1d91e99c63732cfc7f6dcc,time_value,,,1,1,2023-11-01,2023-11-01,,,460,,,2023-11-02,461,False,,,2023-11-01,,,,,,,"{""market_momentum"": 0.002538010863635476, ""market_volatility"": 0.008683070651405911, ""momentum"": 0.009651844191657988, ""volatility"": 0.016168471078917522, ""volume_state"": 15.04138957382017}",assumed_next_daily_close,,3,0000004962,,0.002538010863635476,0.008683070651405911,0.009651844191657988,,,,,,,22d1881c2853de058df960bd,False,,,,,,,,,,,,,,,,,,,,,,,,,,,,,,,,,,,,,,,,,,,,,,,,bounded_preclose_bid_ask,,,,False,not_requested_for_horizon_or_variant,,,thin_prior_option_volume,event,covered_call,,thin_prior_option_volume,,,True,,H23,0,AXP,,primary,0.016168471078917522,15.04138957382017,2023
,,,9c1d91e99c63732cfc7f6dcc,time_value,,,1,1,2023-11-01,2023-11-01,,,460,,,2023-11-02,461,False,,,2023-11-01,,,,,,,"{""market_momentum"": 0.002538010863635476, ""market_volatility"": 0.008683070651405911, ""momentum"": 0.009651844191657988, ""volatility"": 0.016168471078917522, ""volume_state"": 15.04138957382017}",assumed_next_daily_close,,5,0000004962,,0.002538010863635476,0.008683070651405911,0.009651844191657988,,,,,,,22d1881c2853de058df960bd,False,,,,,,,,,,,,,,,,,,,,,,,,,,,,,,,,,,,,,,,,,,,,,,,,bounded_preclose_bid_ask,,,,False,not_requested_for_horizon_or_variant,,,thin_prior_option_volume,event,covered_call,,thin_prior_option_volume,,,False,,H23,0,AXP,,primary,0.016168471078917522,15.04138957382017,2023
,,,9c1d91e99c63732cfc7f6dcc,time_value,,,1,1,2023-11-01,2023-11-01,,,460,,,2023-11-02,461,False,,,2023-11-01,,,,,,,"{""market_momentum"": 0.002538010863635476, ""market_volatility"": 0.008683070651405911, ""momentum"": 0.009651844191657988, ""volatility"": 0.016168471078917522, ""volume_state"": 15.04138957382017}",assumed_next_daily_close,,5,0000004962,,0.002538010863635476,0.008683070651405911,0.009651844191657988,,,,,,,22d1881c2853de058df960bd,False,,,,,,,,,,,,,,,,,,,,,,,,,,,,,,,,,,,,,,,,,,,,,,,,bounded_preclose_bid_ask,,,,False,not_requested_for_horizon_or_variant,,,thin_prior_option_volume,event,covered_call,,thin_prior_option_volume,,,True,,H23,0,AXP,,primary,0.016168471078917522,15.04138957382017,2023
,,,9c1d91e99c63732cfc7f6dcc,time_value,,,1,1,2023-11-01,2023-11-01,,,460,,,2023-11-02,461,False,,,2023-11-01,,,,,,,"{""market_momentum"": 0.002538010863635476, ""market_volatility"": 0.008683070651405911, ""momentum"": 0.009651844191657988, ""volatility"": 0.016168471078917522, ""volume_state"": 15.04138957382017}",assumed_next_daily_close,,10,0000004962,,0.002538010863635476,0.008683070651405911,0.009651844191657988,,,,,,,22d1881c2853de058df960bd,False,,,,,,,,,,,,,,,,,,,,,,,,,,,,,,,,,,,,,,,,,,,,,,,,bounded_preclose_bid_ask,,,,False,bar_outcome_not_completed,,,thin_prior_option_volume,event,covered_call,,thin_prior_option_volume,,,False,,H23,0,AXP,,primary,0.016168471078917522,15.04138957382017,2023
,,,9c1d91e99c63732cfc7f6dcc,time_value,,,1,1,2023-11-01,2023-11-01,,,460,,,2023-11-02,461,False,,,2023-11-01,,,,,,,"{""market_momentum"": 0.002538010863635476, ""market_volatility"": 0.008683070651405911, ""momentum"": 0.009651844191657988, ""volatility"": 0.016168471078917522, ""volume_state"": 15.04138957382017}",assumed_next_daily_close,,10,0000004962,,0.002538010863635476,0.008683070651405911,0.009651844191657988,,,,,,,22d1881c2853de058df960bd,False,,,,,,,,,,,,,,,,,,,,,,,,,,,,,,,,,,,,,,,,,,,,,,,,bounded_preclose_bid_ask,,,,False,bar_outcome_not_completed,,,thin_prior_option_volume,event,covered_call,,thin_prior_option_volume,,,True,,H23,0,AXP,,primary,0.016168471078917522,15.04138957382017,2023
,,,9c1d91e99c63732cfc7f6dcc,time_value,,,1,1,2023-11-01,2023-11-01,,,460,,,2023-11-02,461,False,,,2023-11-01,,,,,,,"{""market_momentum"": 0.002538010863635476, ""market_volatility"": 0.008683070651405911, ""momentum"": 0.009651844191657988, ""volatility"": 0.016168471078917522, ""volume_state"": 15.04138957382017}",assumed_next_daily_close,,21,0000004962,,0.002538010863635476,0.008683070651405911,0.009651844191657988,,,,,,,22d1881c2853de058df960bd,False,,,,,,,,,,,,,,,,,,,,,,,,,,,,,,,,,,,,,,,,,,,,,,,,bounded_preclose_bid_ask,,,,False,not_requested_for_horizon_or_variant,,,thin_prior_option_volume,event,covered_call,,thin_prior_option_volume,,,False,,H23,0,AXP,,primary,0.016168471078917522,15.04138957382017,2023
,,,9c1d91e99c63732cfc7f6dcc,time_value,,,1,1,2023-11-01,2023-11-01,,,460,,,2023-11-02,461,False,,,2023-11-01,,,,,,,"{""market_momentum"": 0.002538010863635476, ""market_volatility"": 0.008683070651405911, ""momentum"": 0.009651844191657988, ""volatility"": 0.016168471078917522, ""volume_state"": 15.04138957382017}",assumed_next_daily_close,,21,0000004962,,0.002538010863635476,0.008683070651405911,0.009651844191657988,,,,,,,22d1881c2853de058df960bd,False,,,,,,,,,,,,,,,,,,,,,,,,,,,,,,,,,,,,,,,,,,,,,,,,bounded_preclose_bid_ask,,,,False,not_requested_for_horizon_or_variant,,,thin_prior_option_volume,event,covered_call,,thin_prior_option_volume,,,True,,H23,0,AXP,,primary,0.016168471078917522,15.04138957382017,2023
,,,9c1d91e99c63732cfc7f6dcc,time_value,,,1,1,2023-11-01,2023-11-01,,,460,,,2023-11-02,461,False,,,2023-11-01,,,,,,,"{""market_momentum"": 0.002538010863635476, ""market_volatility"": 0.008683070651405911, ""momentum"": 0.009651844191657988, ""volatility"": 0.016168471078917522, ""volume_state"": 15.04138957382017}",assumed_next_daily_close,,42,0000004962,,0.002538010863635476,0.008683070651405911,0.009651844191657988,,,,,,,22d1881c2853de058df960bd,False,,,,,,,,,,,,,,,,,,,,,,,,,,,,,,,,,,,,,,,,,,,,,,,,bounded_preclose_bid_ask,,,,False,not_requested_for_horizon_or_variant,,,thin_prior_option_volume,event,covered_call,,thin_prior_option_volume,,,False,,H23,0,AXP,,primary,0.016168471078917522,15.04138957382017,2023
,,,9c1d91e99c63732cfc7f6dcc,time_value,,,1,1,2023-11-01,2023-11-01,,,460,,,2023-11-02,461,False,,,2023-11-01,,,,,,,"{""market_momentum"": 0.002538010863635476, ""market_volatility"": 0.008683070651405911, ""momentum"": 0.009651844191657988, ""volatility"": 0.016168471078917522, ""volume_state"": 15.04138957382017}",assumed_next_daily_close,,42,0000004962,,0.002538010863635476,0.008683070651405911,0.009651844191657988,,,,,,,22d1881c2853de058df960bd,False,,,,,,,,,,,,,,,,,,,,,,,,,,,,,,,,,,,,,,,,,,,,,,,,bounded_preclose_bid_ask,,,,False,not_requested_for_horizon_or_variant,,,thin_prior_option_volume,event,covered_call,,thin_prior_option_volume,,,True,,H23,0,AXP,,primary,0.016168471078917522,15.04138957382017,2023
,,,9c1d91e99c63732cfc7f6dcc,time_value,,,1,1,2023-11-01,2023-11-01,,,460,,,2023-11-02,461,False,,,2023-11-01,,,,,,,"{""market_momentum"": 0.002538010863635476, ""market_volatility"": 0.008683070651405911, ""momentum"": 0.009651844191657988, ""volatility"": 0.016168471078917522, ""volume_state"": 15.04138957382017}",assumed_next_daily_close,,63,0000004962,,0.002538010863635476,0.008683070651405911,0.009651844191657988,,,,,,,22d1881c2853de058df960bd,False,,,,,,,,,,,,,,,,,,,,,,,,,,,,,,,,,,,,,,,,,,,,,,,,bounded_preclose_bid_ask,,,,False,not_requested_for_horizon_or_variant,,,thin_prior_option_volume,event,covered_call,,thin_prior_option_volume,,,False,,H23,0,AXP,,primary,0.016168471078917522,15.04138957382017,2023
,,,9c1d91e99c63732cfc7f6dcc,time_value,,,1,1,2023-11-01,2023-11-01,,,460,,,2023-11-02,461,False,,,2023-11-01,,,,,,,"{""market_momentum"": 0.002538010863635476, ""market_volatility"": 0.008683070651405911, ""momentum"": 0.009651844191657988, ""volatility"": 0.016168471078917522, ""volume_state"": 15.04138957382017}",assumed_next_daily_close,,63,0000004962,,0.002538010863635476,0.008683070651405911,0.009651844191657988,,,,,,,22d1881c2853de058df960bd,False,,,,,,,,,,,,,,,,,,,,,,,,,,,,,,,,,,,,,,,,,,,,,,,,bounded_preclose_bid_ask,,,,False,not_requested_for_horizon_or_variant,,,thin_prior_option_volume,event,covered_call,,thin_prior_option_volume,,,True,,H23,0,AXP,,primary,0.016168471078917522,15.04138957382017,2023
,,,9c1d91e99c63732cfc7f6dcc,time_value,,,1,1,2023-11-01,2023-11-01,,,460,,,2023-11-02,461,False,,,2023-11-01,,,,,,,"{""market_momentum"": 0.002538010863635476, ""market_volatility"": 0.008683070651405911, ""momentum"": 0.009651844191657988, ""volatility"": 0.016168471078917522, ""volume_state"": 15.04138957382017}",assumed_next_daily_close,,expiry,0000004962,,0.002538010863635476,0.008683070651405911,0.009651844191657988,,,,,,,22d1881c2853de058df960bd,False,,,,,,,,,,,,,,,,,,,,,,,,,,,,,,,,,,,,,,,,,,,,,,,,bounded_preclose_bid_ask,,,,False,not_requested_for_horizon_or_variant,,,thin_prior_option_volume,event,covered_call,,thin_prior_option_volume,,,False,,H23,0,AXP,,primary,0.016168471078917522,15.04138957382017,2023
,,,9c1d91e99c63732cfc7f6dcc,time_value,,,1,1,2023-11-01,2023-11-01,,,460,,,2023-11-02,461,False,,,2023-11-01,,,,,,,"{""market_momentum"": 0.002538010863635476, ""market_volatility"": 0.008683070651405911, ""momentum"": 0.009651844191657988, ""volatility"": 0.016168471078917522, ""volume_state"": 15.04138957382017}",assumed_next_daily_close,,expiry,0000004962,,0.002538010863635476,0.008683070651405911,0.009651844191657988,,,,,,,22d1881c2853de058df960bd,False,,,,,,,,,,,,,,,,,,,,,,,,,,,,,,,,,,,,,,,,,,,,,,,,bounded_preclose_bid_ask,,,,False,not_requested_for_horizon_or_variant,,,thin_prior_option_volume,event,covered_call,,thin_prior_option_volume,,,True,,H23,0,AXP,,primary,0.016168471078917522,15.04138957382017,2023
,,,a407f1c4bdf21872b1b84fd8,time_value,,,1,1,2023-06-26,2023-06-26,,,370,,,2023-06-27,371,False,,,2024-02-21,,,,,,,"{""market_momentum"": 0.04950254202242821, ""market_volatility"": 0.007252056985208533, ""momentum"": 0.10874469214437377, ""volatility"": 0.01562324266488052, ""volume_state"": 15.006435131754209}",assumed_next_daily_close,,1,0000004962,,0.04950254202242821,0.007252056985208533,0.10874469214437377,,,,,,,5e5e1d315525adfc396f5b1b,False,,,,,,,,,,,,,,,,,,,,,,,,,,,,,,,,,,,,,,,,,,,,,,,,bounded_preclose_bid_ask,,,,False,not_requested_for_horizon_or_variant,,,missing_decision_or_entry_bar,ordinary,protective_put,,missing_decision_or_entry_bar,,,False,,H23,0,AXP,,primary,0.01562324266488052,15.006435131754209,2023
,,,a407f1c4bdf21872b1b84fd8,time_value,,,1,1,2023-06-26,2023-06-26,,,370,,,2023-06-27,371,False,,,2024-02-21,,,,,,,"{""market_momentum"": 0.04950254202242821, ""market_volatility"": 0.007252056985208533, ""momentum"": 0.10874469214437377, ""volatility"": 0.01562324266488052, ""volume_state"": 15.006435131754209}",assumed_next_daily_close,,1,0000004962,,0.04950254202242821,0.007252056985208533,0.10874469214437377,,,,,,,5e5e1d315525adfc396f5b1b,False,,,,,,,,,,,,,,,,,,,,,,,,,,,,,,,,,,,,,,,,,,,,,,,,bounded_preclose_bid_ask,,,,False,not_requested_for_horizon_or_variant,,,missing_decision_or_entry_bar,ordinary,protective_put,,missing_decision_or_entry_bar,,,True,,H23,0,AXP,,primary,0.01562324266488052,15.006435131754209,2023
,,,a407f1c4bdf21872b1b84fd8,time_value,,,1,1,2023-06-26,2023-06-26,,,370,,,2023-06-27,371,False,,,2024-02-21,,,,,,,"{""market_momentum"": 0.04950254202242821, ""market_volatility"": 0.007252056985208533, ""momentum"": 0.10874469214437377, ""volatility"": 0.01562324266488052, ""volume_state"": 15.006435131754209}",assumed_next_daily_close,,2,0000004962,,0.04950254202242821,0.007252056985208533,0.10874469214437377,,,,,,,5e5e1d315525adfc396f5b1b,False,,,,,,,,,,,,,,,,,,,,,,,,,,,,,,,,,,,,,,,,,,,,,,,,bounded_preclose_bid_ask,,,,False,not_requested_for_horizon_or_variant,,,missing_decision_or_entry_bar,ordinary,protective_put,,missing_decision_or_entry_bar,,,False,,H23,0,AXP,,primary,0.01562324266488052,15.006435131754209,2023
,,,a407f1c4bdf21872b1b84fd8,time_value,,,1,1,2023-06-26,2023-06-26,,,370,,,2023-06-27,371,False,,,2024-02-21,,,,,,,"{""market_momentum"": 0.04950254202242821, ""market_volatility"": 0.007252056985208533, ""momentum"": 0.10874469214437377, ""volatility"": 0.01562324266488052, ""volume_state"": 15.006435131754209}",assumed_next_daily_close,,2,0000004962,,0.04950254202242821,0.007252056985208533,0.10874469214437377,,,,,,,5e5e1d315525adfc396f5b1b,False,,,,,,,,,,,,,,,,,,,,,,,,,,,,,,,,,,,,,,,,,,,,,,,,bounded_preclose_bid_ask,,,,False,not_requested_for_horizon_or_variant,,,missing_decision_or_entry_bar,ordinary,protective_put,,missing_decision_or_entry_bar,,,True,,H23,0,AXP,,primary,0.01562324266488052,15.006435131754209,2023
,,,a407f1c4bdf21872b1b84fd8,time_value,,,1,1,2023-06-26,2023-06-26,,,370,,,2023-06-27,371,False,,,2024-02-21,,,,,,,"{""market_momentum"": 0.04950254202242821, ""market_volatility"": 0.007252056985208533, ""momentum"": 0.10874469214437377, ""volatility"": 0.01562324266488052, ""volume_state"": 15.006435131754209}",assumed_next_daily_close,,3,0000004962,,0.04950254202242821,0.007252056985208533,0.10874469214437377,,,,,,,5e5e1d315525adfc396f5b1b,False,,,,,,,,,,,,,,,,,,,,,,,,,,,,,,,,,,,,,,,,,,,,,,,,bounded_preclose_bid_ask,,,,False,not_requested_for_horizon_or_variant,,,missing_decision_or_entry_bar,ordinary,protective_put,,missing_decision_or_entry_bar,,,False,,H23,0,AXP,,primary,0.01562324266488052,15.006435131754209,2023
,,,a407f1c4bdf21872b1b84fd8,time_value,,,1,1,2023-06-26,2023-06-26,,,370,,,2023-06-27,371,False,,,2024-02-21,,,,,,,"{""market_momentum"": 0.04950254202242821, ""market_volatility"": 0.007252056985208533, ""momentum"": 0.10874469214437377, ""volatility"": 0.01562324266488052, ""volume_state"": 15.006435131754209}",assumed_next_daily_close,,3,0000004962,,0.04950254202242821,0.007252056985208533,0.10874469214437377,,,,,,,5e5e1d315525adfc396f5b1b,False,,,,,,,,,,,,,,,,,,,,,,,,,,,,,,,,,,,,,,,,,,,,,,,,bounded_preclose_bid_ask,,,,False,not_requested_for_horizon_or_variant,,,missing_decision_or_entry_bar,ordinary,protective_put,,missing_decision_or_entry_bar,,,True,,H23,0,AXP,,primary,0.01562324266488052,15.006435131754209,2023
,,,a407f1c4bdf21872b1b84fd8,time_value,,,1,1,2023-06-26,2023-06-26,,,370,,,2023-06-27,371,False,,,2024-02-21,,,,,,,"{""market_momentum"": 0.04950254202242821, ""market_volatility"": 0.007252056985208533, ""momentum"": 0.10874469214437377, ""volatility"": 0.01562324266488052, ""volume_state"": 15.006435131754209}",assumed_next_daily_close,,5,0000004962,,0.04950254202242821,0.007252056985208533,0.10874469214437377,,,,,,,5e5e1d315525adfc396f5b1b,False,,,,,,,,,,,,,,,,,,,,,,,,,,,,,,,,,,,,,,,,,,,,,,,,bounded_preclose_bid_ask,,,,False,not_requested_for_horizon_or_variant,,,missing_decision_or_entry_bar,ordinary,protective_put,,missing_decision_or_entry_bar,,,False,,H23,0,AXP,,primary,0.01562324266488052,15.006435131754209,2023
,,,a407f1c4bdf21872b1b84fd8,time_value,,,1,1,2023-06-26,2023-06-26,,,370,,,2023-06-27,371,False,,,2024-02-21,,,,,,,"{""market_momentum"": 0.04950254202242821, ""market_volatility"": 0.007252056985208533, ""momentum"": 0.10874469214437377, ""volatility"": 0.01562324266488052, ""volume_state"": 15.006435131754209}",assumed_next_daily_close,,5,0000004962,,0.04950254202242821,0.007252056985208533,0.10874469214437377,,,,,,,5e5e1d315525adfc396f5b1b,False,,,,,,,,,,,,,,,,,,,,,,,,,,,,,,,,,,,,,,,,,,,,,,,,bounded_preclose_bid_ask,,,,False,not_requested_for_horizon_or_variant,,,missing_decision_or_entry_bar,ordinary,protective_put,,missing_decision_or_entry_bar,,,True,,H23,0,AXP,,primary,0.01562324266488052,15.006435131754209,2023
,,,a407f1c4bdf21872b1b84fd8,time_value,,,1,1,2023-06-26,2023-06-26,,,370,,,2023-06-27,371,False,,,2024-02-21,,,,,,,"{""market_momentum"": 0.04950254202242821, ""market_volatility"": 0.007252056985208533, ""momentum"": 0.10874469214437377, ""volatility"": 0.01562324266488052, ""volume_state"": 15.006435131754209}",assumed_next_daily_close,,10,0000004962,,0.04950254202242821,0.007252056985208533,0.10874469214437377,,,,,,,5e5e1d315525adfc396f5b1b,False,,,,,,,,,,,,,,,,,,,,,,,,,,,,,,,,,,,,,,,,,,,,,,,,bounded_preclose_bid_ask,,,,False,bar_outcome_not_completed,,,missing_decision_or_entry_bar,ordinary,protective_put,,missing_decision_or_entry_bar,,,False,,H23,0,AXP,,primary,0.01562324266488052,15.006435131754209,2023
,,,a407f1c4bdf21872b1b84fd8,time_value,,,1,1,2023-06-26,2023-06-26,,,370,,,2023-06-27,371,False,,,2024-02-21,,,,,,,"{""market_momentum"": 0.04950254202242821, ""market_volatility"": 0.007252056985208533, ""momentum"": 0.10874469214437377, ""volatility"": 0.01562324266488052, ""volume_state"": 15.006435131754209}",assumed_next_daily_close,,10,0000004962,,0.04950254202242821,0.007252056985208533,0.10874469214437377,,,,,,,5e5e1d315525adfc396f5b1b,False,,,,,,,,,,,,,,,,,,,,,,,,,,,,,,,,,,,,,,,,,,,,,,,,bounded_preclose_bid_ask,,,,False,bar_outcome_not_completed,,,missing_decision_or_entry_bar,ordinary,protective_put,,missing_decision_or_entry_bar,,,True,,H23,0,AXP,,primary,0.01562324266488052,15.006435131754209,2023
,,,a407f1c4bdf21872b1b84fd8,time_value,,,1,1,2023-06-26,2023-06-26,,,370,,,2023-06-27,371,False,,,2024-02-21,,,,,,,"{""market_momentum"": 0.04950254202242821, ""market_volatility"": 0.007252056985208533, ""momentum"": 0.10874469214437377, ""volatility"": 0.01562324266488052, ""volume_state"": 15.006435131754209}",assumed_next_daily_close,,21,0000004962,,0.04950254202242821,0.007252056985208533,0.10874469214437377,,,,,,,5e5e1d315525adfc396f5b1b,False,,,,,,,,,,,,,,,,,,,,,,,,,,,,,,,,,,,,,,,,,,,,,,,,bounded_preclose_bid_ask,,,,False,not_requested_for_horizon_or_variant,,,missing_decision_or_entry_bar,ordinary,protective_put,,missing_decision_or_entry_bar,,,False,,H23,0,AXP,,primary,0.01562324266488052,15.006435131754209,2023
,,,a407f1c4bdf21872b1b84fd8,time_value,,,1,1,2023-06-26,2023-06-26,,,370,,,2023-06-27,371,False,,,2024-02-21,,,,,,,"{""market_momentum"": 0.04950254202242821, ""market_volatility"": 0.007252056985208533, ""momentum"": 0.10874469214437377, ""volatility"": 0.01562324266488052, ""volume_state"": 15.006435131754209}",assumed_next_daily_close,,21,0000004962,,0.04950254202242821,0.007252056985208533,0.10874469214437377,,,,,,,5e5e1d315525adfc396f5b1b,False,,,,,,,,,,,,,,,,,,,,,,,,,,,,,,,,,,,,,,,,,,,,,,,,bounded_preclose_bid_ask,,,,False,not_requested_for_horizon_or_variant,,,missing_decision_or_entry_bar,ordinary,protective_put,,missing_decision_or_entry_bar,,,True,,H23,0,AXP,,primary,0.01562324266488052,15.006435131754209,2023
,,,a407f1c4bdf21872b1b84fd8,time_value,,,1,1,2023-06-26,2023-06-26,,,370,,,2023-06-27,371,False,,,2024-02-21,,,,,,,"{""market_momentum"": 0.04950254202242821, ""market_volatility"": 0.007252056985208533, ""momentum"": 0.10874469214437377, ""volatility"": 0.01562324266488052, ""volume_state"": 15.006435131754209}",assumed_next_daily_close,,42,0000004962,,0.04950254202242821,0.007252056985208533,0.10874469214437377,,,,,,,5e5e1d315525adfc396f5b1b,False,,,,,,,,,,,,,,,,,,,,,,,,,,,,,,,,,,,,,,,,,,,,,,,,bounded_preclose_bid_ask,,,,False,not_requested_for_horizon_or_variant,,,missing_decision_or_entry_bar,ordinary,protective_put,,missing_decision_or_entry_bar,,,False,,H23,0,AXP,,primary,0.01562324266488052,15.006435131754209,2023
,,,a407f1c4bdf21872b1b84fd8,time_value,,,1,1,2023-06-26,2023-06-26,,,370,,,2023-06-27,371,False,,,2024-02-21,,,,,,,"{""market_momentum"": 0.04950254202242821, ""market_volatility"": 0.007252056985208533, ""momentum"": 0.10874469214437377, ""volatility"": 0.01562324266488052, ""volume_state"": 15.006435131754209}",assumed_next_daily_close,,42,0000004962,,0.04950254202242821,0.007252056985208533,0.10874469214437377,,,,,,,5e5e1d315525adfc396f5b1b,False,,,,,,,,,,,,,,,,,,,,,,,,,,,,,,,,,,,,,,,,,,,,,,,,bounded_preclose_bid_ask,,,,False,not_requested_for_horizon_or_variant,,,missing_decision_or_entry_bar,ordinary,protective_put,,missing_decision_or_entry_bar,,,True,,H23,0,AXP,,primary,0.01562324266488052,15.006435131754209,2023
,,,a407f1c4bdf21872b1b84fd8,time_value,,,1,1,2023-06-26,2023-06-26,,,370,,,2023-06-27,371,False,,,2024-02-21,,,,,,,"{""market_momentum"": 0.04950254202242821, ""market_volatility"": 0.007252056985208533, ""momentum"": 0.10874469214437377, ""volatility"": 0.01562324266488052, ""volume_state"": 15.006435131754209}",assumed_next_daily_close,,63,0000004962,,0.04950254202242821,0.007252056985208533,0.10874469214437377,,,,,,,5e5e1d315525adfc396f5b1b,False,,,,,,,,,,,,,,,,,,,,,,,,,,,,,,,,,,,,,,,,,,,,,,,,bounded_preclose_bid_ask,,,,False,not_requested_for_horizon_or_variant,,,missing_decision_or_entry_bar,ordinary,protective_put,,missing_decision_or_entry_bar,,,False,,H23,0,AXP,,primary,0.01562324266488052,15.006435131754209,2023
,,,a407f1c4bdf21872b1b84fd8,time_value,,,1,1,2023-06-26,2023-06-26,,,370,,,2023-06-27,371,False,,,2024-02-21,,,,,,,"{""market_momentum"": 0.04950254202242821, ""market_volatility"": 0.007252056985208533, ""momentum"": 0.10874469214437377, ""volatility"": 0.01562324266488052, ""volume_state"": 15.006435131754209}",assumed_next_daily_close,,63,0000004962,,0.04950254202242821,0.007252056985208533,0.10874469214437377,,,,,,,5e5e1d315525adfc396f5b1b,False,,,,,,,,,,,,,,,,,,,,,,,,,,,,,,,,,,,,,,,,,,,,,,,,bounded_preclose_bid_ask,,,,False,not_requested_for_horizon_or_variant,,,missing_decision_or_entry_bar,ordinary,protective_put,,missing_decision_or_entry_bar,,,True,,H23,0,AXP,,primary,0.01562324266488052,15.006435131754209,2023
,,,a407f1c4bdf21872b1b84fd8,time_value,,,1,1,2023-06-26,2023-06-26,,,370,,,2023-06-27,371,False,,,2024-02-21,,,,,,,"{""market_momentum"": 0.04950254202242821, ""market_volatility"": 0.007252056985208533, ""momentum"": 0.10874469214437377, ""volatility"": 0.01562324266488052, ""volume_state"": 15.006435131754209}",assumed_next_daily_close,,expiry,0000004962,,0.04950254202242821,0.007252056985208533,0.10874469214437377,,,,,,,5e5e1d315525adfc396f5b1b,False,,,,,,,,,,,,,,,,,,,,,,,,,,,,,,,,,,,,,,,,,,,,,,,,bounded_preclose_bid_ask,,,,False,not_requested_for_horizon_or_variant,,,missing_decision_or_entry_bar,ordinary,protective_put,,missing_decision_or_entry_bar,,,False,,H23,0,AXP,,primary,0.01562324266488052,15.006435131754209,2023
,,,a407f1c4bdf21872b1b84fd8,time_value,,,1,1,2023-06-26,2023-06-26,,,370,,,2023-06-27,371,False,,,2024-02-21,,,,,,,"{""market_momentum"": 0.04950254202242821, ""market_volatility"": 0.007252056985208533, ""momentum"": 0.10874469214437377, ""volatility"": 0.01562324266488052, ""volume_state"": 15.006435131754209}",assumed_next_daily_close,,expiry,0000004962,,0.04950254202242821,0.007252056985208533,0.10874469214437377,,,,,,,5e5e1d315525adfc396f5b1b,False,,,,,,,,,,,,,,,,,,,,,,,,,,,,,,,,,,,,,,,,,,,,,,,,bounded_preclose_bid_ask,,,,False,not_requested_for_horizon_or_variant,,,missing_decision_or_entry_bar,ordinary,protective_put,,missing_decision_or_entry_bar,,,True,,H23,0,AXP,,primary,0.01562324266488052,15.006435131754209,2023
,,,a44b7a756c64641ab9f9e642,time_value,,,1,1,2023-03-02,2023-03-02,,,291,,,2023-03-03,292,False,,,2023-08-01,,,,,,,"{""market_momentum"": -0.021329462704192115, ""market_volatility"": 0.009355395697923324, ""momentum"": 0.002343794660721432, ""volatility"": 0.011146330681368216, ""volume_state"": 14.883549117780994}",assumed_next_daily_close,,1,0000004962,,-0.021329462704192115,0.009355395697923324,0.002343794660721432,,,,,,,a2a517066de003d4b2f0efa8,False,,,,,,,,,,,,,,,,,,,,,,,,,,,,,,,,,,,,,,,,,,,,,,,,bounded_preclose_bid_ask,,,,False,not_requested_for_horizon_or_variant,,,incomplete_prior_liquidity,ordinary,protective_put,,incomplete_prior_liquidity,,,False,,H23,0,AXP,,primary,0.011146330681368216,14.883549117780994,2023
,,,a44b7a756c64641ab9f9e642,time_value,,,1,1,2023-03-02,2023-03-02,,,291,,,2023-03-03,292,False,,,2023-08-01,,,,,,,"{""market_momentum"": -0.021329462704192115, ""market_volatility"": 0.009355395697923324, ""momentum"": 0.002343794660721432, ""volatility"": 0.011146330681368216, ""volume_state"": 14.883549117780994}",assumed_next_daily_close,,1,0000004962,,-0.021329462704192115,0.009355395697923324,0.002343794660721432,,,,,,,a2a517066de003d4b2f0efa8,False,,,,,,,,,,,,,,,,,,,,,,,,,,,,,,,,,,,,,,,,,,,,,,,,bounded_preclose_bid_ask,,,,False,not_requested_for_horizon_or_variant,,,incomplete_prior_liquidity,ordinary,protective_put,,incomplete_prior_liquidity,,,True,,H23,0,AXP,,primary,0.011146330681368216,14.883549117780994,2023
,,,a44b7a756c64641ab9f9e642,time_value,,,1,1,2023-03-02,2023-03-02,,,291,,,2023-03-03,292,False,,,2023-08-01,,,,,,,"{""market_momentum"": -0.021329462704192115, ""market_volatility"": 0.009355395697923324, ""momentum"": 0.002343794660721432, ""volatility"": 0.011146330681368216, ""volume_state"": 14.883549117780994}",assumed_next_daily_close,,2,0000004962,,-0.021329462704192115,0.009355395697923324,0.002343794660721432,,,,,,,a2a517066de003d4b2f0efa8,False,,,,,,,,,,,,,,,,,,,,,,,,,,,,,,,,,,,,,,,,,,,,,,,,bounded_preclose_bid_ask,,,,False,not_requested_for_horizon_or_variant,,,incomplete_prior_liquidity,ordinary,protective_put,,incomplete_prior_liquidity,,,False,,H23,0,AXP,,primary,0.011146330681368216,14.883549117780994,2023
,,,a44b7a756c64641ab9f9e642,time_value,,,1,1,2023-03-02,2023-03-02,,,291,,,2023-03-03,292,False,,,2023-08-01,,,,,,,"{""market_momentum"": -0.021329462704192115, ""market_volatility"": 0.009355395697923324, ""momentum"": 0.002343794660721432, ""volatility"": 0.011146330681368216, ""volume_state"": 14.883549117780994}",assumed_next_daily_close,,2,0000004962,,-0.021329462704192115,0.009355395697923324,0.002343794660721432,,,,,,,a2a517066de003d4b2f0efa8,False,,,,,,,,,,,,,,,,,,,,,,,,,,,,,,,,,,,,,,,,,,,,,,,,bounded_preclose_bid_ask,,,,False,not_requested_for_horizon_or_variant,,,incomplete_prior_liquidity,ordinary,protective_put,,incomplete_prior_liquidity,,,True,,H23,0,AXP,,primary,0.011146330681368216,14.883549117780994,2023
,,,a44b7a756c64641ab9f9e642,time_value,,,1,1,2023-03-02,2023-03-02,,,291,,,2023-03-03,292,False,,,2023-08-01,,,,,,,"{""market_momentum"": -0.021329462704192115, ""market_volatility"": 0.009355395697923324, ""momentum"": 0.002343794660721432, ""volatility"": 0.011146330681368216, ""volume_state"": 14.883549117780994}",assumed_next_daily_close,,3,0000004962,,-0.021329462704192115,0.009355395697923324,0.002343794660721432,,,,,,,a2a517066de003d4b2f0efa8,False,,,,,,,,,,,,,,,,,,,,,,,,,,,,,,,,,,,,,,,,,,,,,,,,bounded_preclose_bid_ask,,,,False,not_requested_for_horizon_or_variant,,,incomplete_prior_liquidity,ordinary,protective_put,,incomplete_prior_liquidity,,,False,,H23,0,AXP,,primary,0.011146330681368216,14.883549117780994,2023
,,,a44b7a756c64641ab9f9e642,time_value,,,1,1,2023-03-02,2023-03-02,,,291,,,2023-03-03,292,False,,,2023-08-01,,,,,,,"{""market_momentum"": -0.021329462704192115, ""market_volatility"": 0.009355395697923324, ""momentum"": 0.002343794660721432, ""volatility"": 0.011146330681368216, ""volume_state"": 14.883549117780994}",assumed_next_daily_close,,3,0000004962,,-0.021329462704192115,0.009355395697923324,0.002343794660721432,,,,,,,a2a517066de003d4b2f0efa8,False,,,,,,,,,,,,,,,,,,,,,,,,,,,,,,,,,,,,,,,,,,,,,,,,bounded_preclose_bid_ask,,,,False,not_requested_for_horizon_or_variant,,,incomplete_prior_liquidity,ordinary,protective_put,,incomplete_prior_liquidity,,,True,,H23,0,AXP,,primary,0.011146330681368216,14.883549117780994,2023
,,,a44b7a756c64641ab9f9e642,time_value,,,1,1,2023-03-02,2023-03-02,,,291,,,2023-03-03,292,False,,,2023-08-01,,,,,,,"{""market_momentum"": -0.021329462704192115, ""market_volatility"": 0.009355395697923324, ""momentum"": 0.002343794660721432, ""volatility"": 0.011146330681368216, ""volume_state"": 14.883549117780994}",assumed_next_daily_close,,5,0000004962,,-0.021329462704192115,0.009355395697923324,0.002343794660721432,,,,,,,a2a517066de003d4b2f0efa8,False,,,,,,,,,,,,,,,,,,,,,,,,,,,,,,,,,,,,,,,,,,,,,,,,bounded_preclose_bid_ask,,,,False,not_requested_for_horizon_or_variant,,,incomplete_prior_liquidity,ordinary,protective_put,,incomplete_prior_liquidity,,,False,,H23,0,AXP,,primary,0.011146330681368216,14.883549117780994,2023
,,,a44b7a756c64641ab9f9e642,time_value,,,1,1,2023-03-02,2023-03-02,,,291,,,2023-03-03,292,False,,,2023-08-01,,,,,,,"{""market_momentum"": -0.021329462704192115, ""market_volatility"": 0.009355395697923324, ""momentum"": 0.002343794660721432, ""volatility"": 0.011146330681368216, ""volume_state"": 14.883549117780994}",assumed_next_daily_close,,5,0000004962,,-0.021329462704192115,0.009355395697923324,0.002343794660721432,,,,,,,a2a517066de003d4b2f0efa8,False,,,,,,,,,,,,,,,,,,,,,,,,,,,,,,,,,,,,,,,,,,,,,,,,bounded_preclose_bid_ask,,,,False,not_requested_for_horizon_or_variant,,,incomplete_prior_liquidity,ordinary,protective_put,,incomplete_prior_liquidity,,,True,,H23,0,AXP,,primary,0.011146330681368216,14.883549117780994,2023
,,,a44b7a756c64641ab9f9e642,time_value,,,1,1,2023-03-02,2023-03-02,,,291,,,2023-03-03,292,False,,,2023-08-01,,,,,,,"{""market_momentum"": -0.021329462704192115, ""market_volatility"": 0.009355395697923324, ""momentum"": 0.002343794660721432, ""volatility"": 0.011146330681368216, ""volume_state"": 14.883549117780994}",assumed_next_daily_close,,10,0000004962,,-0.021329462704192115,0.009355395697923324,0.002343794660721432,,,,,,,a2a517066de003d4b2f0efa8,False,,,,,,,,,,,,,,,,,,,,,,,,,,,,,,,,,,,,,,,,,,,,,,,,bounded_preclose_bid_ask,,,,False,bar_outcome_not_completed,,,incomplete_prior_liquidity,ordinary,protective_put,,incomplete_prior_liquidity,,,False,,H23,0,AXP,,primary,0.011146330681368216,14.883549117780994,2023
,,,a44b7a756c64641ab9f9e642,time_value,,,1,1,2023-03-02,2023-03-02,,,291,,,2023-03-03,292,False,,,2023-08-01,,,,,,,"{""market_momentum"": -0.021329462704192115, ""market_volatility"": 0.009355395697923324, ""momentum"": 0.002343794660721432, ""volatility"": 0.011146330681368216, ""volume_state"": 14.883549117780994}",assumed_next_daily_close,,10,0000004962,,-0.021329462704192115,0.009355395697923324,0.002343794660721432,,,,,,,a2a517066de003d4b2f0efa8,False,,,,,,,,,,,,,,,,,,,,,,,,,,,,,,,,,,,,,,,,,,,,,,,,bounded_preclose_bid_ask,,,,False,bar_outcome_not_completed,,,incomplete_prior_liquidity,ordinary,protective_put,,incomplete_prior_liquidity,,,True,,H23,0,AXP,,primary,0.011146330681368216,14.883549117780994,2023
,,,a44b7a756c64641ab9f9e642,time_value,,,1,1,2023-03-02,2023-03-02,,,291,,,2023-03-03,292,False,,,2023-08-01,,,,,,,"{""market_momentum"": -0.021329462704192115, ""market_volatility"": 0.009355395697923324, ""momentum"": 0.002343794660721432, ""volatility"": 0.011146330681368216, ""volume_state"": 14.883549117780994}",assumed_next_daily_close,,21,0000004962,,-0.021329462704192115,0.009355395697923324,0.002343794660721432,,,,,,,a2a517066de003d4b2f0efa8,False,,,,,,,,,,,,,,,,,,,,,,,,,,,,,,,,,,,,,,,,,,,,,,,,bounded_preclose_bid_ask,,,,False,not_requested_for_horizon_or_variant,,,incomplete_prior_liquidity,ordinary,protective_put,,incomplete_prior_liquidity,,,False,,H23,0,AXP,,primary,0.011146330681368216,14.883549117780994,2023
,,,a44b7a756c64641ab9f9e642,time_value,,,1,1,2023-03-02,2023-03-02,,,291,,,2023-03-03,292,False,,,2023-08-01,,,,,,,"{""market_momentum"": -0.021329462704192115, ""market_volatility"": 0.009355395697923324, ""momentum"": 0.002343794660721432, ""volatility"": 0.011146330681368216, ""volume_state"": 14.883549117780994}",assumed_next_daily_close,,21,0000004962,,-0.021329462704192115,0.009355395697923324,0.002343794660721432,,,,,,,a2a517066de003d4b2f0efa8,False,,,,,,,,,,,,,,,,,,,,,,,,,,,,,,,,,,,,,,,,,,,,,,,,bounded_preclose_bid_ask,,,,False,not_requested_for_horizon_or_variant,,,incomplete_prior_liquidity,ordinary,protective_put,,incomplete_prior_liquidity,,,True,,H23,0,AXP,,primary,0.011146330681368216,14.883549117780994,2023
,,,a44b7a756c64641ab9f9e642,time_value,,,1,1,2023-03-02,2023-03-02,,,291,,,2023-03-03,292,False,,,2023-08-01,,,,,,,"{""market_momentum"": -0.021329462704192115, ""market_volatility"": 0.009355395697923324, ""momentum"": 0.002343794660721432, ""volatility"": 0.011146330681368216, ""volume_state"": 14.883549117780994}",assumed_next_daily_close,,42,0000004962,,-0.021329462704192115,0.009355395697923324,0.002343794660721432,,,,,,,a2a517066de003d4b2f0efa8,False,,,,,,,,,,,,,,,,,,,,,,,,,,,,,,,,,,,,,,,,,,,,,,,,bounded_preclose_bid_ask,,,,False,not_requested_for_horizon_or_variant,,,incomplete_prior_liquidity,ordinary,protective_put,,incomplete_prior_liquidity,,,False,,H23,0,AXP,,primary,0.011146330681368216,14.883549117780994,2023
,,,a44b7a756c64641ab9f9e642,time_value,,,1,1,2023-03-02,2023-03-02,,,291,,,2023-03-03,292,False,,,2023-08-01,,,,,,,"{""market_momentum"": -0.021329462704192115, ""market_volatility"": 0.009355395697923324, ""momentum"": 0.002343794660721432, ""volatility"": 0.011146330681368216, ""volume_state"": 14.883549117780994}",assumed_next_daily_close,,42,0000004962,,-0.021329462704192115,0.009355395697923324,0.002343794660721432,,,,,,,a2a517066de003d4b2f0efa8,False,,,,,,,,,,,,,,,,,,,,,,,,,,,,,,,,,,,,,,,,,,,,,,,,bounded_preclose_bid_ask,,,,False,not_requested_for_horizon_or_variant,,,incomplete_prior_liquidity,ordinary,protective_put,,incomplete_prior_liquidity,,,True,,H23,0,AXP,,primary,0.011146330681368216,14.883549117780994,2023
,,,a44b7a756c64641ab9f9e642,time_value,,,1,1,2023-03-02,2023-03-02,,,291,,,2023-03-03,292,False,,,2023-08-01,,,,,,,"{""market_momentum"": -0.021329462704192115, ""market_volatility"": 0.009355395697923324, ""momentum"": 0.002343794660721432, ""volatility"": 0.011146330681368216, ""volume_state"": 14.883549117780994}",assumed_next_daily_close,,63,0000004962,,-0.021329462704192115,0.009355395697923324,0.002343794660721432,,,,,,,a2a517066de003d4b2f0efa8,False,,,,,,,,,,,,,,,,,,,,,,,,,,,,,,,,,,,,,,,,,,,,,,,,bounded_preclose_bid_ask,,,,False,not_requested_for_horizon_or_variant,,,incomplete_prior_liquidity,ordinary,protective_put,,incomplete_prior_liquidity,,,False,,H23,0,AXP,,primary,0.011146330681368216,14.883549117780994,2023
,,,a44b7a756c64641ab9f9e642,time_value,,,1,1,2023-03-02,2023-03-02,,,291,,,2023-03-03,292,False,,,2023-08-01,,,,,,,"{""market_momentum"": -0.021329462704192115, ""market_volatility"": 0.009355395697923324, ""momentum"": 0.002343794660721432, ""volatility"": 0.011146330681368216, ""volume_state"": 14.883549117780994}",assumed_next_daily_close,,63,0000004962,,-0.021329462704192115,0.009355395697923324,0.002343794660721432,,,,,,,a2a517066de003d4b2f0efa8,False,,,,,,,,,,,,,,,,,,,,,,,,,,,,,,,,,,,,,,,,,,,,,,,,bounded_preclose_bid_ask,,,,False,not_requested_for_horizon_or_variant,,,incomplete_prior_liquidity,ordinary,protective_put,,incomplete_prior_liquidity,,,True,,H23,0,AXP,,primary,0.011146330681368216,14.883549117780994,2023
,,,a44b7a756c64641ab9f9e642,time_value,,,1,1,2023-03-02,2023-03-02,,,291,,,2023-03-03,292,False,,,2023-08-01,,,,,,,"{""market_momentum"": -0.021329462704192115, ""market_volatility"": 0.009355395697923324, ""momentum"": 0.002343794660721432, ""volatility"": 0.011146330681368216, ""volume_state"": 14.883549117780994}",assumed_next_daily_close,,expiry,0000004962,,-0.021329462704192115,0.009355395697923324,0.002343794660721432,,,,,,,a2a517066de003d4b2f0efa8,False,,,,,,,,,,,,,,,,,,,,,,,,,,,,,,,,,,,,,,,,,,,,,,,,bounded_preclose_bid_ask,,,,False,not_requested_for_horizon_or_variant,,,incomplete_prior_liquidity,ordinary,protective_put,,incomplete_prior_liquidity,,,False,,H23,0,AXP,,primary,0.011146330681368216,14.883549117780994,2023
,,,a44b7a756c64641ab9f9e642,time_value,,,1,1,2023-03-02,2023-03-02,,,291,,,2023-03-03,292,False,,,2023-08-01,,,,,,,"{""market_momentum"": -0.021329462704192115, ""market_volatility"": 0.009355395697923324, ""momentum"": 0.002343794660721432, ""volatility"": 0.011146330681368216, ""volume_state"": 14.883549117780994}",assumed_next_daily_close,,expiry,0000004962,,-0.021329462704192115,0.009355395697923324,0.002343794660721432,,,,,,,a2a517066de003d4b2f0efa8,False,,,,,,,,,,,,,,,,,,,,,,,,,,,,,,,,,,,,,,,,,,,,,,,,bounded_preclose_bid_ask,,,,False,not_requested_for_horizon_or_variant,,,incomplete_prior_liquidity,ordinary,protective_put,,incomplete_prior_liquidity,,,True,,H23,0,AXP,,primary,0.011146330681368216,14.883549117780994,2023
,,,aa12b060f6e6f5438fc214bb,time_value,,,1,1,2023-04-25,2023-04-25,,,328,,,2023-04-26,329,False,,,2023-11-01,,,,,,,"{""market_momentum"": 0.02610233733417555, ""market_volatility"": 0.006959160216222656, ""momentum"": -0.02290649643259479, ""volatility"": 0.014829512563819048, ""volume_state"": 15.055628071919148}",assumed_next_daily_close,,1,0000004962,,0.02610233733417555,0.006959160216222656,-0.02290649643259479,,,,,,,22d1881c2853de058df960bd,False,,,,,,,,,,,,,,,,,,,,,,,,,,,,,,,,,,,,,,,,,,,,,,,,bounded_preclose_bid_ask,,,,False,not_requested_for_horizon_or_variant,,,no_standard_contract_within_rules,ordinary,protective_put,,no_standard_contract_within_rules,,,False,,H23,0,AXP,,primary,0.014829512563819048,15.055628071919148,2023
,,,aa12b060f6e6f5438fc214bb,time_value,,,1,1,2023-04-25,2023-04-25,,,328,,,2023-04-26,329,False,,,2023-11-01,,,,,,,"{""market_momentum"": 0.02610233733417555, ""market_volatility"": 0.006959160216222656, ""momentum"": -0.02290649643259479, ""volatility"": 0.014829512563819048, ""volume_state"": 15.055628071919148}",assumed_next_daily_close,,1,0000004962,,0.02610233733417555,0.006959160216222656,-0.02290649643259479,,,,,,,22d1881c2853de058df960bd,False,,,,,,,,,,,,,,,,,,,,,,,,,,,,,,,,,,,,,,,,,,,,,,,,bounded_preclose_bid_ask,,,,False,not_requested_for_horizon_or_variant,,,no_standard_contract_within_rules,ordinary,protective_put,,no_standard_contract_within_rules,,,True,,H23,0,AXP,,primary,0.014829512563819048,15.055628071919148,2023
,,,aa12b060f6e6f5438fc214bb,time_value,,,1,1,2023-04-25,2023-04-25,,,328,,,2023-04-26,329,False,,,2023-11-01,,,,,,,"{""market_momentum"": 0.02610233733417555, ""market_volatility"": 0.006959160216222656, ""momentum"": -0.02290649643259479, ""volatility"": 0.014829512563819048, ""volume_state"": 15.055628071919148}",assumed_next_daily_close,,2,0000004962,,0.02610233733417555,0.006959160216222656,-0.02290649643259479,,,,,,,22d1881c2853de058df960bd,False,,,,,,,,,,,,,,,,,,,,,,,,,,,,,,,,,,,,,,,,,,,,,,,,bounded_preclose_bid_ask,,,,False,not_requested_for_horizon_or_variant,,,no_standard_contract_within_rules,ordinary,protective_put,,no_standard_contract_within_rules,,,False,,H23,0,AXP,,primary,0.014829512563819048,15.055628071919148,2023
,,,aa12b060f6e6f5438fc214bb,time_value,,,1,1,2023-04-25,2023-04-25,,,328,,,2023-04-26,329,False,,,2023-11-01,,,,,,,"{""market_momentum"": 0.02610233733417555, ""market_volatility"": 0.006959160216222656, ""momentum"": -0.02290649643259479, ""volatility"": 0.014829512563819048, ""volume_state"": 15.055628071919148}",assumed_next_daily_close,,2,0000004962,,0.02610233733417555,0.006959160216222656,-0.02290649643259479,,,,,,,22d1881c2853de058df960bd,False,,,,,,,,,,,,,,,,,,,,,,,,,,,,,,,,,,,,,,,,,,,,,,,,bounded_preclose_bid_ask,,,,False,not_requested_for_horizon_or_variant,,,no_standard_contract_within_rules,ordinary,protective_put,,no_standard_contract_within_rules,,,True,,H23,0,AXP,,primary,0.014829512563819048,15.055628071919148,2023
,,,aa12b060f6e6f5438fc214bb,time_value,,,1,1,2023-04-25,2023-04-25,,,328,,,2023-04-26,329,False,,,2023-11-01,,,,,,,"{""market_momentum"": 0.02610233733417555, ""market_volatility"": 0.006959160216222656, ""momentum"": -0.02290649643259479, ""volatility"": 0.014829512563819048, ""volume_state"": 15.055628071919148}",assumed_next_daily_close,,3,0000004962,,0.02610233733417555,0.006959160216222656,-0.02290649643259479,,,,,,,22d1881c2853de058df960bd,False,,,,,,,,,,,,,,,,,,,,,,,,,,,,,,,,,,,,,,,,,,,,,,,,bounded_preclose_bid_ask,,,,False,not_requested_for_horizon_or_variant,,,no_standard_contract_within_rules,ordinary,protective_put,,no_standard_contract_within_rules,,,False,,H23,0,AXP,,primary,0.014829512563819048,15.055628071919148,2023
,,,aa12b060f6e6f5438fc214bb,time_value,,,1,1,2023-04-25,2023-04-25,,,328,,,2023-04-26,329,False,,,2023-11-01,,,,,,,"{""market_momentum"": 0.02610233733417555, ""market_volatility"": 0.006959160216222656, ""momentum"": -0.02290649643259479, ""volatility"": 0.014829512563819048, ""volume_state"": 15.055628071919148}",assumed_next_daily_close,,3,0000004962,,0.02610233733417555,0.006959160216222656,-0.02290649643259479,,,,,,,22d1881c2853de058df960bd,False,,,,,,,,,,,,,,,,,,,,,,,,,,,,,,,,,,,,,,,,,,,,,,,,bounded_preclose_bid_ask,,,,False,not_requested_for_horizon_or_variant,,,no_standard_contract_within_rules,ordinary,protective_put,,no_standard_contract_within_rules,,,True,,H23,0,AXP,,primary,0.014829512563819048,15.055628071919148,2023
,,,aa12b060f6e6f5438fc214bb,time_value,,,1,1,2023-04-25,2023-04-25,,,328,,,2023-04-26,329,False,,,2023-11-01,,,,,,,"{""market_momentum"": 0.02610233733417555, ""market_volatility"": 0.006959160216222656, ""momentum"": -0.02290649643259479, ""volatility"": 0.014829512563819048, ""volume_state"": 15.055628071919148}",assumed_next_daily_close,,5,0000004962,,0.02610233733417555,0.006959160216222656,-0.02290649643259479,,,,,,,22d1881c2853de058df960bd,False,,,,,,,,,,,,,,,,,,,,,,,,,,,,,,,,,,,,,,,,,,,,,,,,bounded_preclose_bid_ask,,,,False,not_requested_for_horizon_or_variant,,,no_standard_contract_within_rules,ordinary,protective_put,,no_standard_contract_within_rules,,,False,,H23,0,AXP,,primary,0.014829512563819048,15.055628071919148,2023
,,,aa12b060f6e6f5438fc214bb,time_value,,,1,1,2023-04-25,2023-04-25,,,328,,,2023-04-26,329,False,,,2023-11-01,,,,,,,"{""market_momentum"": 0.02610233733417555, ""market_volatility"": 0.006959160216222656, ""momentum"": -0.02290649643259479, ""volatility"": 0.014829512563819048, ""volume_state"": 15.055628071919148}",assumed_next_daily_close,,5,0000004962,,0.02610233733417555,0.006959160216222656,-0.02290649643259479,,,,,,,22d1881c2853de058df960bd,False,,,,,,,,,,,,,,,,,,,,,,,,,,,,,,,,,,,,,,,,,,,,,,,,bounded_preclose_bid_ask,,,,False,not_requested_for_horizon_or_variant,,,no_standard_contract_within_rules,ordinary,protective_put,,no_standard_contract_within_rules,,,True,,H23,0,AXP,,primary,0.014829512563819048,15.055628071919148,2023
,,,aa12b060f6e6f5438fc214bb,time_value,,,1,1,2023-04-25,2023-04-25,,,328,,,2023-04-26,329,False,,,2023-11-01,,,,,,,"{""market_momentum"": 0.02610233733417555, ""market_volatility"": 0.006959160216222656, ""momentum"": -0.02290649643259479, ""volatility"": 0.014829512563819048, ""volume_state"": 15.055628071919148}",assumed_next_daily_close,,10,0000004962,,0.02610233733417555,0.006959160216222656,-0.02290649643259479,,,,,,,22d1881c2853de058df960bd,False,,,,,,,,,,,,,,,,,,,,,,,,,,,,,,,,,,,,,,,,,,,,,,,,bounded_preclose_bid_ask,,,,False,not_sampled_or_missing_quotes,,,no_standard_contract_within_rules,ordinary,protective_put,,no_standard_contract_within_rules,,,False,,H23,0,AXP,,primary,0.014829512563819048,15.055628071919148,2023
,,,aa12b060f6e6f5438fc214bb,time_value,,,1,1,2023-04-25,2023-04-25,,,328,,,2023-04-26,329,False,,,2023-11-01,,,,,,,"{""market_momentum"": 0.02610233733417555, ""market_volatility"": 0.006959160216222656, ""momentum"": -0.02290649643259479, ""volatility"": 0.014829512563819048, ""volume_state"": 15.055628071919148}",assumed_next_daily_close,,10,0000004962,,0.02610233733417555,0.006959160216222656,-0.02290649643259479,,,,,,,22d1881c2853de058df960bd,False,,,,,,,,,,,,,,,,,,,,,,,,,,,,,,,,,,,,,,,,,,,,,,,,bounded_preclose_bid_ask,,,,False,not_sampled_or_missing_quotes,,,no_standard_contract_within_rules,ordinary,protective_put,,no_standard_contract_within_rules,,,True,,H23,0,AXP,,primary,0.014829512563819048,15.055628071919148,2023
,,,aa12b060f6e6f5438fc214bb,time_value,,,1,1,2023-04-25,2023-04-25,,,328,,,2023-04-26,329,False,,,2023-11-01,,,,,,,"{""market_momentum"": 0.02610233733417555, ""market_volatility"": 0.006959160216222656, ""momentum"": -0.02290649643259479, ""volatility"": 0.014829512563819048, ""volume_state"": 15.055628071919148}",assumed_next_daily_close,,21,0000004962,,0.02610233733417555,0.006959160216222656,-0.02290649643259479,,,,,,,22d1881c2853de058df960bd,False,,,,,,,,,,,,,,,,,,,,,,,,,,,,,,,,,,,,,,,,,,,,,,,,bounded_preclose_bid_ask,,,,False,not_requested_for_horizon_or_variant,,,no_standard_contract_within_rules,ordinary,protective_put,,no_standard_contract_within_rules,,,False,,H23,0,AXP,,primary,0.014829512563819048,15.055628071919148,2023
,,,aa12b060f6e6f5438fc214bb,time_value,,,1,1,2023-04-25,2023-04-25,,,328,,,2023-04-26,329,False,,,2023-11-01,,,,,,,"{""market_momentum"": 0.02610233733417555, ""market_volatility"": 0.006959160216222656, ""momentum"": -0.02290649643259479, ""volatility"": 0.014829512563819048, ""volume_state"": 15.055628071919148}",assumed_next_daily_close,,21,0000004962,,0.02610233733417555,0.006959160216222656,-0.02290649643259479,,,,,,,22d1881c2853de058df960bd,False,,,,,,,,,,,,,,,,,,,,,,,,,,,,,,,,,,,,,,,,,,,,,,,,bounded_preclose_bid_ask,,,,False,not_requested_for_horizon_or_variant,,,no_standard_contract_within_rules,ordinary,protective_put,,no_standard_contract_within_rules,,,True,,H23,0,AXP,,primary,0.014829512563819048,15.055628071919148,2023
,,,aa12b060f6e6f5438fc214bb,time_value,,,1,1,2023-04-25,2023-04-25,,,328,,,2023-04-26,329,False,,,2023-11-01,,,,,,,"{""market_momentum"": 0.02610233733417555, ""market_volatility"": 0.006959160216222656, ""momentum"": -0.02290649643259479, ""volatility"": 0.014829512563819048, ""volume_state"": 15.055628071919148}",assumed_next_daily_close,,42,0000004962,,0.02610233733417555,0.006959160216222656,-0.02290649643259479,,,,,,,22d1881c2853de058df960bd,False,,,,,,,,,,,,,,,,,,,,,,,,,,,,,,,,,,,,,,,,,,,,,,,,bounded_preclose_bid_ask,,,,False,not_requested_for_horizon_or_variant,,,no_standard_contract_within_rules,ordinary,protective_put,,no_standard_contract_within_rules,,,False,,H23,0,AXP,,primary,0.014829512563819048,15.055628071919148,2023
,,,aa12b060f6e6f5438fc214bb,time_value,,,1,1,2023-04-25,2023-04-25,,,328,,,2023-04-26,329,False,,,2023-11-01,,,,,,,"{""market_momentum"": 0.02610233733417555, ""market_volatility"": 0.006959160216222656, ""momentum"": -0.02290649643259479, ""volatility"": 0.014829512563819048, ""volume_state"": 15.055628071919148}",assumed_next_daily_close,,42,0000004962,,0.02610233733417555,0.006959160216222656,-0.02290649643259479,,,,,,,22d1881c2853de058df960bd,False,,,,,,,,,,,,,,,,,,,,,,,,,,,,,,,,,,,,,,,,,,,,,,,,bounded_preclose_bid_ask,,,,False,not_requested_for_horizon_or_variant,,,no_standard_contract_within_rules,ordinary,protective_put,,no_standard_contract_within_rules,,,True,,H23,0,AXP,,primary,0.014829512563819048,15.055628071919148,2023
,,,aa12b060f6e6f5438fc214bb,time_value,,,1,1,2023-04-25,2023-04-25,,,328,,,2023-04-26,329,False,,,2023-11-01,,,,,,,"{""market_momentum"": 0.02610233733417555, ""market_volatility"": 0.006959160216222656, ""momentum"": -0.02290649643259479, ""volatility"": 0.014829512563819048, ""volume_state"": 15.055628071919148}",assumed_next_daily_close,,63,0000004962,,0.02610233733417555,0.006959160216222656,-0.02290649643259479,,,,,,,22d1881c2853de058df960bd,False,,,,,,,,,,,,,,,,,,,,,,,,,,,,,,,,,,,,,,,,,,,,,,,,bounded_preclose_bid_ask,,,,False,not_requested_for_horizon_or_variant,,,no_standard_contract_within_rules,ordinary,protective_put,,no_standard_contract_within_rules,,,False,,H23,0,AXP,,primary,0.014829512563819048,15.055628071919148,2023
,,,aa12b060f6e6f5438fc214bb,time_value,,,1,1,2023-04-25,2023-04-25,,,328,,,2023-04-26,329,False,,,2023-11-01,,,,,,,"{""market_momentum"": 0.02610233733417555, ""market_volatility"": 0.006959160216222656, ""momentum"": -0.02290649643259479, ""volatility"": 0.014829512563819048, ""volume_state"": 15.055628071919148}",assumed_next_daily_close,,63,0000004962,,0.02610233733417555,0.006959160216222656,-0.02290649643259479,,,,,,,22d1881c2853de058df960bd,False,,,,,,,,,,,,,,,,,,,,,,,,,,,,,,,,,,,,,,,,,,,,,,,,bounded_preclose_bid_ask,,,,False,not_requested_for_horizon_or_variant,,,no_standard_contract_within_rules,ordinary,protective_put,,no_standard_contract_within_rules,,,True,,H23,0,AXP,,primary,0.014829512563819048,15.055628071919148,2023
,,,aa12b060f6e6f5438fc214bb,time_value,,,1,1,2023-04-25,2023-04-25,,,328,,,2023-04-26,329,False,,,2023-11-01,,,,,,,"{""market_momentum"": 0.02610233733417555, ""market_volatility"": 0.006959160216222656, ""momentum"": -0.02290649643259479, ""volatility"": 0.014829512563819048, ""volume_state"": 15.055628071919148}",assumed_next_daily_close,,expiry,0000004962,,0.02610233733417555,0.006959160216222656,-0.02290649643259479,,,,,,,22d1881c2853de058df960bd,False,,,,,,,,,,,,,,,,,,,,,,,,,,,,,,,,,,,,,,,,,,,,,,,,bounded_preclose_bid_ask,,,,False,not_requested_for_horizon_or_variant,,,no_standard_contract_within_rules,ordinary,protective_put,,no_standard_contract_within_rules,,,False,,H23,0,AXP,,primary,0.014829512563819048,15.055628071919148,2023
,,,aa12b060f6e6f5438fc214bb,time_value,,,1,1,2023-04-25,2023-04-25,,,328,,,2023-04-26,329,False,,,2023-11-01,,,,,,,"{""market_momentum"": 0.02610233733417555, ""market_volatility"": 0.006959160216222656, ""momentum"": -0.02290649643259479, ""volatility"": 0.014829512563819048, ""volume_state"": 15.055628071919148}",assumed_next_daily_close,,expiry,0000004962,,0.02610233733417555,0.006959160216222656,-0.02290649643259479,,,,,,,22d1881c2853de058df960bd,False,,,,,,,,,,,,,,,,,,,,,,,,,,,,,,,,,,,,,,,,,,,,,,,,bounded_preclose_bid_ask,,,,False,not_requested_for_horizon_or_variant,,,no_standard_contract_within_rules,ordinary,protective_put,,no_standard_contract_within_rules,,,True,,H23,0,AXP,,primary,0.014829512563819048,15.055628071919148,2023
,,,aa70c0a10f8abe240e1920bc,time_value,,,1,1,2022-07-26,2022-07-26,,,140,,,2022-07-27,141,False,,,2023-05-03,,,,,,,"{""market_momentum"": 0.002076497128794097, ""market_volatility"": 0.011186582805364095, ""momentum"": 0.025179609989736562, ""volatility"": 0.017904416628525377, ""volume_state"": 15.162022686403535}",assumed_next_daily_close,,1,0000004962,,0.002076497128794097,0.011186582805364095,0.025179609989736562,,,,,,,9cdf4d0394f4dd253a7057bd,False,,,,,,,,,,,,,,,,,,,,,,,,,,,,,,,,,,,,,,,,,,,,,,,,bounded_preclose_bid_ask,,,,False,not_requested_for_horizon_or_variant,,,no_standard_contract_within_rules,ordinary,protective_put,,no_standard_contract_within_rules,,,False,,H23,0,AXP,,primary,0.017904416628525377,15.162022686403535,2022
,,,aa70c0a10f8abe240e1920bc,time_value,,,1,1,2022-07-26,2022-07-26,,,140,,,2022-07-27,141,False,,,2023-05-03,,,,,,,"{""market_momentum"": 0.002076497128794097, ""market_volatility"": 0.011186582805364095, ""momentum"": 0.025179609989736562, ""volatility"": 0.017904416628525377, ""volume_state"": 15.162022686403535}",assumed_next_daily_close,,1,0000004962,,0.002076497128794097,0.011186582805364095,0.025179609989736562,,,,,,,9cdf4d0394f4dd253a7057bd,False,,,,,,,,,,,,,,,,,,,,,,,,,,,,,,,,,,,,,,,,,,,,,,,,bounded_preclose_bid_ask,,,,False,not_requested_for_horizon_or_variant,,,no_standard_contract_within_rules,ordinary,protective_put,,no_standard_contract_within_rules,,,True,,H23,0,AXP,,primary,0.017904416628525377,15.162022686403535,2022
,,,aa70c0a10f8abe240e1920bc,time_value,,,1,1,2022-07-26,2022-07-26,,,140,,,2022-07-27,141,False,,,2023-05-03,,,,,,,"{""market_momentum"": 0.002076497128794097, ""market_volatility"": 0.011186582805364095, ""momentum"": 0.025179609989736562, ""volatility"": 0.017904416628525377, ""volume_state"": 15.162022686403535}",assumed_next_daily_close,,2,0000004962,,0.002076497128794097,0.011186582805364095,0.025179609989736562,,,,,,,9cdf4d0394f4dd253a7057bd,False,,,,,,,,,,,,,,,,,,,,,,,,,,,,,,,,,,,,,,,,,,,,,,,,bounded_preclose_bid_ask,,,,False,not_requested_for_horizon_or_variant,,,no_standard_contract_within_rules,ordinary,protective_put,,no_standard_contract_within_rules,,,False,,H23,0,AXP,,primary,0.017904416628525377,15.162022686403535,2022
,,,aa70c0a10f8abe240e1920bc,time_value,,,1,1,2022-07-26,2022-07-26,,,140,,,2022-07-27,141,False,,,2023-05-03,,,,,,,"{""market_momentum"": 0.002076497128794097, ""market_volatility"": 0.011186582805364095, ""momentum"": 0.025179609989736562, ""volatility"": 0.017904416628525377, ""volume_state"": 15.162022686403535}",assumed_next_daily_close,,2,0000004962,,0.002076497128794097,0.011186582805364095,0.025179609989736562,,,,,,,9cdf4d0394f4dd253a7057bd,False,,,,,,,,,,,,,,,,,,,,,,,,,,,,,,,,,,,,,,,,,,,,,,,,bounded_preclose_bid_ask,,,,False,not_requested_for_horizon_or_variant,,,no_standard_contract_within_rules,ordinary,protective_put,,no_standard_contract_within_rules,,,True,,H23,0,AXP,,primary,0.017904416628525377,15.162022686403535,2022
,,,aa70c0a10f8abe240e1920bc,time_value,,,1,1,2022-07-26,2022-07-26,,,140,,,2022-07-27,141,False,,,2023-05-03,,,,,,,"{""market_momentum"": 0.002076497128794097, ""market_volatility"": 0.011186582805364095, ""momentum"": 0.025179609989736562, ""volatility"": 0.017904416628525377, ""volume_state"": 15.162022686403535}",assumed_next_daily_close,,3,0000004962,,0.002076497128794097,0.011186582805364095,0.025179609989736562,,,,,,,9cdf4d0394f4dd253a7057bd,False,,,,,,,,,,,,,,,,,,,,,,,,,,,,,,,,,,,,,,,,,,,,,,,,bounded_preclose_bid_ask,,,,False,not_requested_for_horizon_or_variant,,,no_standard_contract_within_rules,ordinary,protective_put,,no_standard_contract_within_rules,,,False,,H23,0,AXP,,primary,0.017904416628525377,15.162022686403535,2022
,,,aa70c0a10f8abe240e1920bc,time_value,,,1,1,2022-07-26,2022-07-26,,,140,,,2022-07-27,141,False,,,2023-05-03,,,,,,,"{""market_momentum"": 0.002076497128794097, ""market_volatility"": 0.011186582805364095, ""momentum"": 0.025179609989736562, ""volatility"": 0.017904416628525377, ""volume_state"": 15.162022686403535}",assumed_next_daily_close,,3,0000004962,,0.002076497128794097,0.011186582805364095,0.025179609989736562,,,,,,,9cdf4d0394f4dd253a7057bd,False,,,,,,,,,,,,,,,,,,,,,,,,,,,,,,,,,,,,,,,,,,,,,,,,bounded_preclose_bid_ask,,,,False,not_requested_for_horizon_or_variant,,,no_standard_contract_within_rules,ordinary,protective_put,,no_standard_contract_within_rules,,,True,,H23,0,AXP,,primary,0.017904416628525377,15.162022686403535,2022
,,,aa70c0a10f8abe240e1920bc,time_value,,,1,1,2022-07-26,2022-07-26,,,140,,,2022-07-27,141,False,,,2023-05-03,,,,,,,"{""market_momentum"": 0.002076497128794097, ""market_volatility"": 0.011186582805364095, ""momentum"": 0.025179609989736562, ""volatility"": 0.017904416628525377, ""volume_state"": 15.162022686403535}",assumed_next_daily_close,,5,0000004962,,0.002076497128794097,0.011186582805364095,0.025179609989736562,,,,,,,9cdf4d0394f4dd253a7057bd,False,,,,,,,,,,,,,,,,,,,,,,,,,,,,,,,,,,,,,,,,,,,,,,,,bounded_preclose_bid_ask,,,,False,not_requested_for_horizon_or_variant,,,no_standard_contract_within_rules,ordinary,protective_put,,no_standard_contract_within_rules,,,False,,H23,0,AXP,,primary,0.017904416628525377,15.162022686403535,2022
,,,aa70c0a10f8abe240e1920bc,time_value,,,1,1,2022-07-26,2022-07-26,,,140,,,2022-07-27,141,False,,,2023-05-03,,,,,,,"{""market_momentum"": 0.002076497128794097, ""market_volatility"": 0.011186582805364095, ""momentum"": 0.025179609989736562, ""volatility"": 0.017904416628525377, ""volume_state"": 15.162022686403535}",assumed_next_daily_close,,5,0000004962,,0.002076497128794097,0.011186582805364095,0.025179609989736562,,,,,,,9cdf4d0394f4dd253a7057bd,False,,,,,,,,,,,,,,,,,,,,,,,,,,,,,,,,,,,,,,,,,,,,,,,,bounded_preclose_bid_ask,,,,False,not_requested_for_horizon_or_variant,,,no_standard_contract_within_rules,ordinary,protective_put,,no_standard_contract_within_rules,,,True,,H23,0,AXP,,primary,0.017904416628525377,15.162022686403535,2022
,,,aa70c0a10f8abe240e1920bc,time_value,,,1,1,2022-07-26,2022-07-26,,,140,,,2022-07-27,141,False,,,2023-05-03,,,,,,,"{""market_momentum"": 0.002076497128794097, ""market_volatility"": 0.011186582805364095, ""momentum"": 0.025179609989736562, ""volatility"": 0.017904416628525377, ""volume_state"": 15.162022686403535}",assumed_next_daily_close,,10,0000004962,,0.002076497128794097,0.011186582805364095,0.025179609989736562,,,,,,,9cdf4d0394f4dd253a7057bd,False,,,,,,,,,,,,,,,,,,,,,,,,,,,,,,,,,,,,,,,,,,,,,,,,bounded_preclose_bid_ask,,,,False,not_sampled_or_missing_quotes,,,no_standard_contract_within_rules,ordinary,protective_put,,no_standard_contract_within_rules,,,False,,H23,0,AXP,,primary,0.017904416628525377,15.162022686403535,2022
,,,aa70c0a10f8abe240e1920bc,time_value,,,1,1,2022-07-26,2022-07-26,,,140,,,2022-07-27,141,False,,,2023-05-03,,,,,,,"{""market_momentum"": 0.002076497128794097, ""market_volatility"": 0.011186582805364095, ""momentum"": 0.025179609989736562, ""volatility"": 0.017904416628525377, ""volume_state"": 15.162022686403535}",assumed_next_daily_close,,10,0000004962,,0.002076497128794097,0.011186582805364095,0.025179609989736562,,,,,,,9cdf4d0394f4dd253a7057bd,False,,,,,,,,,,,,,,,,,,,,,,,,,,,,,,,,,,,,,,,,,,,,,,,,bounded_preclose_bid_ask,,,,False,not_sampled_or_missing_quotes,,,no_standard_contract_within_rules,ordinary,protective_put,,no_standard_contract_within_rules,,,True,,H23,0,AXP,,primary,0.017904416628525377,15.162022686403535,2022
,,,aa70c0a10f8abe240e1920bc,time_value,,,1,1,2022-07-26,2022-07-26,,,140,,,2022-07-27,141,False,,,2023-05-03,,,,,,,"{""market_momentum"": 0.002076497128794097, ""market_volatility"": 0.011186582805364095, ""momentum"": 0.025179609989736562, ""volatility"": 0.017904416628525377, ""volume_state"": 15.162022686403535}",assumed_next_daily_close,,21,0000004962,,0.002076497128794097,0.011186582805364095,0.025179609989736562,,,,,,,9cdf4d0394f4dd253a7057bd,False,,,,,,,,,,,,,,,,,,,,,,,,,,,,,,,,,,,,,,,,,,,,,,,,bounded_preclose_bid_ask,,,,False,not_requested_for_horizon_or_variant,,,no_standard_contract_within_rules,ordinary,protective_put,,no_standard_contract_within_rules,,,False,,H23,0,AXP,,primary,0.017904416628525377,15.162022686403535,2022
,,,aa70c0a10f8abe240e1920bc,time_value,,,1,1,2022-07-26,2022-07-26,,,140,,,2022-07-27,141,False,,,2023-05-03,,,,,,,"{""market_momentum"": 0.002076497128794097, ""market_volatility"": 0.011186582805364095, ""momentum"": 0.025179609989736562, ""volatility"": 0.017904416628525377, ""volume_state"": 15.162022686403535}",assumed_next_daily_close,,21,0000004962,,0.002076497128794097,0.011186582805364095,0.025179609989736562,,,,,,,9cdf4d0394f4dd253a7057bd,False,,,,,,,,,,,,,,,,,,,,,,,,,,,,,,,,,,,,,,,,,,,,,,,,bounded_preclose_bid_ask,,,,False,not_requested_for_horizon_or_variant,,,no_standard_contract_within_rules,ordinary,protective_put,,no_standard_contract_within_rules,,,True,,H23,0,AXP,,primary,0.017904416628525377,15.162022686403535,2022
,,,aa70c0a10f8abe240e1920bc,time_value,,,1,1,2022-07-26,2022-07-26,,,140,,,2022-07-27,141,False,,,2023-05-03,,,,,,,"{""market_momentum"": 0.002076497128794097, ""market_volatility"": 0.011186582805364095, ""momentum"": 0.025179609989736562, ""volatility"": 0.017904416628525377, ""volume_state"": 15.162022686403535}",assumed_next_daily_close,,42,0000004962,,0.002076497128794097,0.011186582805364095,0.025179609989736562,,,,,,,9cdf4d0394f4dd253a7057bd,False,,,,,,,,,,,,,,,,,,,,,,,,,,,,,,,,,,,,,,,,,,,,,,,,bounded_preclose_bid_ask,,,,False,not_requested_for_horizon_or_variant,,,no_standard_contract_within_rules,ordinary,protective_put,,no_standard_contract_within_rules,,,False,,H23,0,AXP,,primary,0.017904416628525377,15.162022686403535,2022
,,,aa70c0a10f8abe240e1920bc,time_value,,,1,1,2022-07-26,2022-07-26,,,140,,,2022-07-27,141,False,,,2023-05-03,,,,,,,"{""market_momentum"": 0.002076497128794097, ""market_volatility"": 0.011186582805364095, ""momentum"": 0.025179609989736562, ""volatility"": 0.017904416628525377, ""volume_state"": 15.162022686403535}",assumed_next_daily_close,,42,0000004962,,0.002076497128794097,0.011186582805364095,0.025179609989736562,,,,,,,9cdf4d0394f4dd253a7057bd,False,,,,,,,,,,,,,,,,,,,,,,,,,,,,,,,,,,,,,,,,,,,,,,,,bounded_preclose_bid_ask,,,,False,not_requested_for_horizon_or_variant,,,no_standard_contract_within_rules,ordinary,protective_put,,no_standard_contract_within_rules,,,True,,H23,0,AXP,,primary,0.017904416628525377,15.162022686403535,2022
,,,aa70c0a10f8abe240e1920bc,time_value,,,1,1,2022-07-26,2022-07-26,,,140,,,2022-07-27,141,False,,,2023-05-03,,,,,,,"{""market_momentum"": 0.002076497128794097, ""market_volatility"": 0.011186582805364095, ""momentum"": 0.025179609989736562, ""volatility"": 0.017904416628525377, ""volume_state"": 15.162022686403535}",assumed_next_daily_close,,63,0000004962,,0.002076497128794097,0.011186582805364095,0.025179609989736562,,,,,,,9cdf4d0394f4dd253a7057bd,False,,,,,,,,,,,,,,,,,,,,,,,,,,,,,,,,,,,,,,,,,,,,,,,,bounded_preclose_bid_ask,,,,False,not_requested_for_horizon_or_variant,,,no_standard_contract_within_rules,ordinary,protective_put,,no_standard_contract_within_rules,,,False,,H23,0,AXP,,primary,0.017904416628525377,15.162022686403535,2022
,,,aa70c0a10f8abe240e1920bc,time_value,,,1,1,2022-07-26,2022-07-26,,,140,,,2022-07-27,141,False,,,2023-05-03,,,,,,,"{""market_momentum"": 0.002076497128794097, ""market_volatility"": 0.011186582805364095, ""momentum"": 0.025179609989736562, ""volatility"": 0.017904416628525377, ""volume_state"": 15.162022686403535}",assumed_next_daily_close,,63,0000004962,,0.002076497128794097,0.011186582805364095,0.025179609989736562,,,,,,,9cdf4d0394f4dd253a7057bd,False,,,,,,,,,,,,,,,,,,,,,,,,,,,,,,,,,,,,,,,,,,,,,,,,bounded_preclose_bid_ask,,,,False,not_requested_for_horizon_or_variant,,,no_standard_contract_within_rules,ordinary,protective_put,,no_standard_contract_within_rules,,,True,,H23,0,AXP,,primary,0.017904416628525377,15.162022686403535,2022
,,,aa70c0a10f8abe240e1920bc,time_value,,,1,1,2022-07-26,2022-07-26,,,140,,,2022-07-27,141,False,,,2023-05-03,,,,,,,"{""market_momentum"": 0.002076497128794097, ""market_volatility"": 0.011186582805364095, ""momentum"": 0.025179609989736562, ""volatility"": 0.017904416628525377, ""volume_state"": 15.162022686403535}",assumed_next_daily_close,,expiry,0000004962,,0.002076497128794097,0.011186582805364095,0.025179609989736562,,,,,,,9cdf4d0394f4dd253a7057bd,False,,,,,,,,,,,,,,,,,,,,,,,,,,,,,,,,,,,,,,,,,,,,,,,,bounded_preclose_bid_ask,,,,False,not_requested_for_horizon_or_variant,,,no_standard_contract_within_rules,ordinary,protective_put,,no_standard_contract_within_rules,,,False,,H23,0,AXP,,primary,0.017904416628525377,15.162022686403535,2022
,,,aa70c0a10f8abe240e1920bc,time_value,,,1,1,2022-07-26,2022-07-26,,,140,,,2022-07-27,141,False,,,2023-05-03,,,,,,,"{""market_momentum"": 0.002076497128794097, ""market_volatility"": 0.011186582805364095, ""momentum"": 0.025179609989736562, ""volatility"": 0.017904416628525377, ""volume_state"": 15.162022686403535}",assumed_next_daily_close,,expiry,0000004962,,0.002076497128794097,0.011186582805364095,0.025179609989736562,,,,,,,9cdf4d0394f4dd253a7057bd,False,,,,,,,,,,,,,,,,,,,,,,,,,,,,,,,,,,,,,,,,,,,,,,,,bounded_preclose_bid_ask,,,,False,not_requested_for_horizon_or_variant,,,no_standard_contract_within_rules,ordinary,protective_put,,no_standard_contract_within_rules,,,True,,H23,0,AXP,,primary,0.017904416628525377,15.162022686403535,2022
,,,ad875ee1c88487e2e53bfee3,time_value,,,1,1,2024-10-01,2024-10-01,,,689,,,2024-10-02,690,False,,,2025-03-26,,,,,,,"{""market_momentum"": 0.008763837638376515, ""market_volatility"": 0.008516893617383467, ""momentum"": 0.0753231017770597, ""volatility"": 0.03037397851474746, ""volume_state"": 17.310388834714}",assumed_next_daily_close,,1,0000002488,,0.008763837638376515,0.008516893617383467,0.0753231017770597,,,,,,,ee18e6990f1758a14789ca09,False,,,,,,,,,,,,,,,,,,,,,,,,,,,,,,,,,,,,,,,,,,,,,,,,bounded_preclose_bid_ask,,,,False,not_requested_for_horizon_or_variant,,,no_standard_contract_within_rules,ordinary,covered_call,,no_standard_contract_within_rules,,,False,,H23,0,AMD,,primary,0.03037397851474746,17.310388834714,2024
,,,ad875ee1c88487e2e53bfee3,time_value,,,1,1,2024-10-01,2024-10-01,,,689,,,2024-10-02,690,False,,,2025-03-26,,,,,,,"{""market_momentum"": 0.008763837638376515, ""market_volatility"": 0.008516893617383467, ""momentum"": 0.0753231017770597, ""volatility"": 0.03037397851474746, ""volume_state"": 17.310388834714}",assumed_next_daily_close,,1,0000002488,,0.008763837638376515,0.008516893617383467,0.0753231017770597,,,,,,,ee18e6990f1758a14789ca09,False,,,,,,,,,,,,,,,,,,,,,,,,,,,,,,,,,,,,,,,,,,,,,,,,bounded_preclose_bid_ask,,,,False,not_requested_for_horizon_or_variant,,,no_standard_contract_within_rules,ordinary,covered_call,,no_standard_contract_within_rules,,,True,,H23,0,AMD,,primary,0.03037397851474746,17.310388834714,2024
,,,ad875ee1c88487e2e53bfee3,time_value,,,1,1,2024-10-01,2024-10-01,,,689,,,2024-10-02,690,False,,,2025-03-26,,,,,,,"{""market_momentum"": 0.008763837638376515, ""market_volatility"": 0.008516893617383467, ""momentum"": 0.0753231017770597, ""volatility"": 0.03037397851474746, ""volume_state"": 17.310388834714}",assumed_next_daily_close,,2,0000002488,,0.008763837638376515,0.008516893617383467,0.0753231017770597,,,,,,,ee18e6990f1758a14789ca09,False,,,,,,,,,,,,,,,,,,,,,,,,,,,,,,,,,,,,,,,,,,,,,,,,bounded_preclose_bid_ask,,,,False,not_requested_for_horizon_or_variant,,,no_standard_contract_within_rules,ordinary,covered_call,,no_standard_contract_within_rules,,,False,,H23,0,AMD,,primary,0.03037397851474746,17.310388834714,2024
,,,ad875ee1c88487e2e53bfee3,time_value,,,1,1,2024-10-01,2024-10-01,,,689,,,2024-10-02,690,False,,,2025-03-26,,,,,,,"{""market_momentum"": 0.008763837638376515, ""market_volatility"": 0.008516893617383467, ""momentum"": 0.0753231017770597, ""volatility"": 0.03037397851474746, ""volume_state"": 17.310388834714}",assumed_next_daily_close,,2,0000002488,,0.008763837638376515,0.008516893617383467,0.0753231017770597,,,,,,,ee18e6990f1758a14789ca09,False,,,,,,,,,,,,,,,,,,,,,,,,,,,,,,,,,,,,,,,,,,,,,,,,bounded_preclose_bid_ask,,,,False,not_requested_for_horizon_or_variant,,,no_standard_contract_within_rules,ordinary,covered_call,,no_standard_contract_within_rules,,,True,,H23,0,AMD,,primary,0.03037397851474746,17.310388834714,2024
,,,ad875ee1c88487e2e53bfee3,time_value,,,1,1,2024-10-01,2024-10-01,,,689,,,2024-10-02,690,False,,,2025-03-26,,,,,,,"{""market_momentum"": 0.008763837638376515, ""market_volatility"": 0.008516893617383467, ""momentum"": 0.0753231017770597, ""volatility"": 0.03037397851474746, ""volume_state"": 17.310388834714}",assumed_next_daily_close,,3,0000002488,,0.008763837638376515,0.008516893617383467,0.0753231017770597,,,,,,,ee18e6990f1758a14789ca09,False,,,,,,,,,,,,,,,,,,,,,,,,,,,,,,,,,,,,,,,,,,,,,,,,bounded_preclose_bid_ask,,,,False,not_requested_for_horizon_or_variant,,,no_standard_contract_within_rules,ordinary,covered_call,,no_standard_contract_within_rules,,,False,,H23,0,AMD,,primary,0.03037397851474746,17.310388834714,2024
,,,ad875ee1c88487e2e53bfee3,time_value,,,1,1,2024-10-01,2024-10-01,,,689,,,2024-10-02,690,False,,,2025-03-26,,,,,,,"{""market_momentum"": 0.008763837638376515, ""market_volatility"": 0.008516893617383467, ""momentum"": 0.0753231017770597, ""volatility"": 0.03037397851474746, ""volume_state"": 17.310388834714}",assumed_next_daily_close,,3,0000002488,,0.008763837638376515,0.008516893617383467,0.0753231017770597,,,,,,,ee18e6990f1758a14789ca09,False,,,,,,,,,,,,,,,,,,,,,,,,,,,,,,,,,,,,,,,,,,,,,,,,bounded_preclose_bid_ask,,,,False,not_requested_for_horizon_or_variant,,,no_standard_contract_within_rules,ordinary,covered_call,,no_standard_contract_within_rules,,,True,,H23,0,AMD,,primary,0.03037397851474746,17.310388834714,2024
,,,ad875ee1c88487e2e53bfee3,time_value,,,1,1,2024-10-01,2024-10-01,,,689,,,2024-10-02,690,False,,,2025-03-26,,,,,,,"{""market_momentum"": 0.008763837638376515, ""market_volatility"": 0.008516893617383467, ""momentum"": 0.0753231017770597, ""volatility"": 0.03037397851474746, ""volume_state"": 17.310388834714}",assumed_next_daily_close,,5,0000002488,,0.008763837638376515,0.008516893617383467,0.0753231017770597,,,,,,,ee18e6990f1758a14789ca09,False,,,,,,,,,,,,,,,,,,,,,,,,,,,,,,,,,,,,,,,,,,,,,,,,bounded_preclose_bid_ask,,,,False,not_requested_for_horizon_or_variant,,,no_standard_contract_within_rules,ordinary,covered_call,,no_standard_contract_within_rules,,,False,,H23,0,AMD,,primary,0.03037397851474746,17.310388834714,2024
,,,ad875ee1c88487e2e53bfee3,time_value,,,1,1,2024-10-01,2024-10-01,,,689,,,2024-10-02,690,False,,,2025-03-26,,,,,,,"{""market_momentum"": 0.008763837638376515, ""market_volatility"": 0.008516893617383467, ""momentum"": 0.0753231017770597, ""volatility"": 0.03037397851474746, ""volume_state"": 17.310388834714}",assumed_next_daily_close,,5,0000002488,,0.008763837638376515,0.008516893617383467,0.0753231017770597,,,,,,,ee18e6990f1758a14789ca09,False,,,,,,,,,,,,,,,,,,,,,,,,,,,,,,,,,,,,,,,,,,,,,,,,bounded_preclose_bid_ask,,,,False,not_requested_for_horizon_or_variant,,,no_standard_contract_within_rules,ordinary,covered_call,,no_standard_contract_within_rules,,,True,,H23,0,AMD,,primary,0.03037397851474746,17.310388834714,2024
,,,ad875ee1c88487e2e53bfee3,time_value,,,1,1,2024-10-01,2024-10-01,,,689,,,2024-10-02,690,False,,,2025-03-26,,,,,,,"{""market_momentum"": 0.008763837638376515, ""market_volatility"": 0.008516893617383467, ""momentum"": 0.0753231017770597, ""volatility"": 0.03037397851474746, ""volume_state"": 17.310388834714}",assumed_next_daily_close,,10,0000002488,,0.008763837638376515,0.008516893617383467,0.0753231017770597,,,,,,,ee18e6990f1758a14789ca09,False,,,,,,,,,,,,,,,,,,,,,,,,,,,,,,,,,,,,,,,,,,,,,,,,bounded_preclose_bid_ask,,,,False,not_sampled_or_missing_quotes,,,no_standard_contract_within_rules,ordinary,covered_call,,no_standard_contract_within_rules,,,False,,H23,0,AMD,,primary,0.03037397851474746,17.310388834714,2024
,,,ad875ee1c88487e2e53bfee3,time_value,,,1,1,2024-10-01,2024-10-01,,,689,,,2024-10-02,690,False,,,2025-03-26,,,,,,,"{""market_momentum"": 0.008763837638376515, ""market_volatility"": 0.008516893617383467, ""momentum"": 0.0753231017770597, ""volatility"": 0.03037397851474746, ""volume_state"": 17.310388834714}",assumed_next_daily_close,,10,0000002488,,0.008763837638376515,0.008516893617383467,0.0753231017770597,,,,,,,ee18e6990f1758a14789ca09,False,,,,,,,,,,,,,,,,,,,,,,,,,,,,,,,,,,,,,,,,,,,,,,,,bounded_preclose_bid_ask,,,,False,not_sampled_or_missing_quotes,,,no_standard_contract_within_rules,ordinary,covered_call,,no_standard_contract_within_rules,,,True,,H23,0,AMD,,primary,0.03037397851474746,17.310388834714,2024
,,,ad875ee1c88487e2e53bfee3,time_value,,,1,1,2024-10-01,2024-10-01,,,689,,,2024-10-02,690,False,,,2025-03-26,,,,,,,"{""market_momentum"": 0.008763837638376515, ""market_volatility"": 0.008516893617383467, ""momentum"": 0.0753231017770597, ""volatility"": 0.03037397851474746, ""volume_state"": 17.310388834714}",assumed_next_daily_close,,21,0000002488,,0.008763837638376515,0.008516893617383467,0.0753231017770597,,,,,,,ee18e6990f1758a14789ca09,False,,,,,,,,,,,,,,,,,,,,,,,,,,,,,,,,,,,,,,,,,,,,,,,,bounded_preclose_bid_ask,,,,False,not_requested_for_horizon_or_variant,,,no_standard_contract_within_rules,ordinary,covered_call,,no_standard_contract_within_rules,,,False,,H23,0,AMD,,primary,0.03037397851474746,17.310388834714,2024
,,,ad875ee1c88487e2e53bfee3,time_value,,,1,1,2024-10-01,2024-10-01,,,689,,,2024-10-02,690,False,,,2025-03-26,,,,,,,"{""market_momentum"": 0.008763837638376515, ""market_volatility"": 0.008516893617383467, ""momentum"": 0.0753231017770597, ""volatility"": 0.03037397851474746, ""volume_state"": 17.310388834714}",assumed_next_daily_close,,21,0000002488,,0.008763837638376515,0.008516893617383467,0.0753231017770597,,,,,,,ee18e6990f1758a14789ca09,False,,,,,,,,,,,,,,,,,,,,,,,,,,,,,,,,,,,,,,,,,,,,,,,,bounded_preclose_bid_ask,,,,False,not_requested_for_horizon_or_variant,,,no_standard_contract_within_rules,ordinary,covered_call,,no_standard_contract_within_rules,,,True,,H23,0,AMD,,primary,0.03037397851474746,17.310388834714,2024
,,,ad875ee1c88487e2e53bfee3,time_value,,,1,1,2024-10-01,2024-10-01,,,689,,,2024-10-02,690,False,,,2025-03-26,,,,,,,"{""market_momentum"": 0.008763837638376515, ""market_volatility"": 0.008516893617383467, ""momentum"": 0.0753231017770597, ""volatility"": 0.03037397851474746, ""volume_state"": 17.310388834714}",assumed_next_daily_close,,42,0000002488,,0.008763837638376515,0.008516893617383467,0.0753231017770597,,,,,,,ee18e6990f1758a14789ca09,False,,,,,,,,,,,,,,,,,,,,,,,,,,,,,,,,,,,,,,,,,,,,,,,,bounded_preclose_bid_ask,,,,False,not_requested_for_horizon_or_variant,,,no_standard_contract_within_rules,ordinary,covered_call,,no_standard_contract_within_rules,,,False,,H23,0,AMD,,primary,0.03037397851474746,17.310388834714,2024
,,,ad875ee1c88487e2e53bfee3,time_value,,,1,1,2024-10-01,2024-10-01,,,689,,,2024-10-02,690,False,,,2025-03-26,,,,,,,"{""market_momentum"": 0.008763837638376515, ""market_volatility"": 0.008516893617383467, ""momentum"": 0.0753231017770597, ""volatility"": 0.03037397851474746, ""volume_state"": 17.310388834714}",assumed_next_daily_close,,42,0000002488,,0.008763837638376515,0.008516893617383467,0.0753231017770597,,,,,,,ee18e6990f1758a14789ca09,False,,,,,,,,,,,,,,,,,,,,,,,,,,,,,,,,,,,,,,,,,,,,,,,,bounded_preclose_bid_ask,,,,False,not_requested_for_horizon_or_variant,,,no_standard_contract_within_rules,ordinary,covered_call,,no_standard_contract_within_rules,,,True,,H23,0,AMD,,primary,0.03037397851474746,17.310388834714,2024
,,,ad875ee1c88487e2e53bfee3,time_value,,,1,1,2024-10-01,2024-10-01,,,689,,,2024-10-02,690,False,,,2025-03-26,,,,,,,"{""market_momentum"": 0.008763837638376515, ""market_volatility"": 0.008516893617383467, ""momentum"": 0.0753231017770597, ""volatility"": 0.03037397851474746, ""volume_state"": 17.310388834714}",assumed_next_daily_close,,63,0000002488,,0.008763837638376515,0.008516893617383467,0.0753231017770597,,,,,,,ee18e6990f1758a14789ca09,False,,,,,,,,,,,,,,,,,,,,,,,,,,,,,,,,,,,,,,,,,,,,,,,,bounded_preclose_bid_ask,,,,False,not_requested_for_horizon_or_variant,,,no_standard_contract_within_rules,ordinary,covered_call,,no_standard_contract_within_rules,,,False,,H23,0,AMD,,primary,0.03037397851474746,17.310388834714,2024
,,,ad875ee1c88487e2e53bfee3,time_value,,,1,1,2024-10-01,2024-10-01,,,689,,,2024-10-02,690,False,,,2025-03-26,,,,,,,"{""market_momentum"": 0.008763837638376515, ""market_volatility"": 0.008516893617383467, ""momentum"": 0.0753231017770597, ""volatility"": 0.03037397851474746, ""volume_state"": 17.310388834714}",assumed_next_daily_close,,63,0000002488,,0.008763837638376515,0.008516893617383467,0.0753231017770597,,,,,,,ee18e6990f1758a14789ca09,False,,,,,,,,,,,,,,,,,,,,,,,,,,,,,,,,,,,,,,,,,,,,,,,,bounded_preclose_bid_ask,,,,False,not_requested_for_horizon_or_variant,,,no_standard_contract_within_rules,ordinary,covered_call,,no_standard_contract_within_rules,,,True,,H23,0,AMD,,primary,0.03037397851474746,17.310388834714,2024
,,,ad875ee1c88487e2e53bfee3,time_value,,,1,1,2024-10-01,2024-10-01,,,689,,,2024-10-02,690,False,,,2025-03-26,,,,,,,"{""market_momentum"": 0.008763837638376515, ""market_volatility"": 0.008516893617383467, ""momentum"": 0.0753231017770597, ""volatility"": 0.03037397851474746, ""volume_state"": 17.310388834714}",assumed_next_daily_close,,expiry,0000002488,,0.008763837638376515,0.008516893617383467,0.0753231017770597,,,,,,,ee18e6990f1758a14789ca09,False,,,,,,,,,,,,,,,,,,,,,,,,,,,,,,,,,,,,,,,,,,,,,,,,bounded_preclose_bid_ask,,,,False,not_requested_for_horizon_or_variant,,,no_standard_contract_within_rules,ordinary,covered_call,,no_standard_contract_within_rules,,,False,,H23,0,AMD,,primary,0.03037397851474746,17.310388834714,2024
,,,ad875ee1c88487e2e53bfee3,time_value,,,1,1,2024-10-01,2024-10-01,,,689,,,2024-10-02,690,False,,,2025-03-26,,,,,,,"{""market_momentum"": 0.008763837638376515, ""market_volatility"": 0.008516893617383467, ""momentum"": 0.0753231017770597, ""volatility"": 0.03037397851474746, ""volume_state"": 17.310388834714}",assumed_next_daily_close,,expiry,0000002488,,0.008763837638376515,0.008516893617383467,0.0753231017770597,,,,,,,ee18e6990f1758a14789ca09,False,,,,,,,,,,,,,,,,,,,,,,,,,,,,,,,,,,,,,,,,,,,,,,,,bounded_preclose_bid_ask,,,,False,not_requested_for_horizon_or_variant,,,no_standard_contract_within_rules,ordinary,covered_call,,no_standard_contract_within_rules,,,True,,H23,0,AMD,,primary,0.03037397851474746,17.310388834714,2024
0.05509296224478155,2023-03-06,293,b19d4d6877b083db4f1bf729,time_value,52.3936,O:AXP230616C00185000,1,1,2023-03-02,2023-03-02,106,0.038211474848865064,291,0.0,0.005935049416494569,2023-03-03,292,True,2023-03-06,293,2023-08-01,22,2875671.0,2023-03-06,scheduled_exit,293,2023-06-16,"{""market_momentum"": -0.021329462704192115, ""market_volatility"": 0.009355395697923324, ""momentum"": 0.002343794660721432, ""volatility"": 0.011146330681368216, ""volume_state"": 14.883549117780994}",assumed_next_daily_close,17909.0,1,0000004962,0,-0.021329462704192115,0.009355395697923324,0.002343794660721432,-93.53899999999996,-0.005223016360489137,53.145399999999995,8.35,8.2,15.000000000000036,a2a517066de003d4b2f0efa8,True,0.0053475935828877,187,4.5373323081382225e-05,2203938.2,,,,,,,,,,,,,,,,,,,,,,,,,,,,,,,,,,,,,,,,,,,,bounded_preclose_bid_ask,,,,False,not_requested_for_horizon_or_variant,,,,ordinary,covered_call,100,completed,179.09,179.06,False,-3.0,H23,0,AXP,105.53899999999999,primary,0.011146330681368216,14.883549117780994,2023
0.05509296224478155,2023-03-06,293,b19d4d6877b083db4f1bf729,time_value,10.743599999999999,O:AXP230616C00185000,1,1,2023-03-02,2023-03-02,106,0.038211474848865064,291,0.0,0.0013674130325534645,2023-03-03,292,True,2023-03-06,293,2023-08-01,22,2875671.0,2023-03-06,scheduled_exit,293,2023-06-16,"{""market_momentum"": -0.021329462704192115, ""market_volatility"": 0.009355395697923324, ""momentum"": 0.002343794660721432, ""volatility"": 0.011146330681368216, ""volume_state"": 14.883549117780994}",assumed_next_daily_close,17909.0,1,0000004962,0,-0.021329462704192115,0.009355395697923324,0.002343794660721432,-24.488999999999997,-0.0013674130325534645,10.745399999999998,8.35,0.0,-0.0,a2a517066de003d4b2f0efa8,True,0.0053475935828877,187,4.5373323081382225e-05,2203938.2,,,,,,,,,,,,,,,,,,,,,,,,,,,,,,,,,,,,,,,,,,,,bounded_preclose_bid_ask,,,,False,not_requested_for_horizon_or_variant,,,,ordinary,covered_call,100,completed,179.09,179.06,True,-3.0,H23,0,AXP,21.488999999999997,primary,0.011146330681368216,14.883549117780994,2023
0.05509296224478155,2023-03-07,294,b19d4d6877b083db4f1bf729,time_value,43.9192,O:AXP230616C00185000,1,1,2023-03-02,2023-03-02,106,0.038211474848865064,291,0.0,0.01641993411134067,2023-03-03,292,True,2023-03-07,294,2023-08-01,22,2875671.0,2023-03-07,scheduled_exit,294,2023-06-16,"{""market_momentum"": -0.021329462704192115, ""market_volatility"": 0.009355395697923324, ""momentum"": 0.002343794660721432, ""volatility"": 0.011146330681368216, ""volume_state"": 14.883549117780994}",assumed_next_daily_close,17909.0,2,0000004962,0,-0.021329462704192115,0.009355395697923324,0.002343794660721432,-294.06460000000004,-0.01641993411134067,53.145399999999995,8.35,6.55,179.99999999999997,a2a517066de003d4b2f0efa8,True,0.0053475935828877,187,4.5373323081382225e-05,2203938.2,,,,,,,,,,,,,,,,,,,,,,,,,,,,,,,,,,,,,,,,,,,,bounded_preclose_bid_ask,,,,False,not_requested_for_horizon_or_variant,,,,ordinary,covered_call,100,completed,179.09,175.32,False,-377.0,H23,0,AXP,97.06459999999998,primary,0.011146330681368216,14.883549117780994,2023
0.05509296224478155,2023-03-07,294,b19d4d6877b083db4f1bf729,time_value,10.5192,O:AXP230616C00185000,1,1,2023-03-02,2023-03-02,106,0.038211474848865064,291,0.0,0.02223823775755207,2023-03-03,292,True,2023-03-07,294,2023-08-01,22,2875671.0,2023-03-07,scheduled_exit,294,2023-06-16,"{""market_momentum"": -0.021329462704192115, ""market_volatility"": 0.009355395697923324, ""momentum"": 0.002343794660721432, ""volatility"": 0.011146330681368216, ""volume_state"": 14.883549117780994}",assumed_next_daily_close,17909.0,2,0000004962,0,-0.021329462704192115,0.009355395697923324,0.002343794660721432,-398.26460000000003,-0.02223823775755207,10.745399999999998,8.35,0.0,-0.0,a2a517066de003d4b2f0efa8,True,0.0053475935828877,187,4.5373323081382225e-05,2203938.2,,,,,,,,,,,,,,,,,,,,,,,,,,,,,,,,,,,,,,,,,,,,bounded_preclose_bid_ask,,,,False,not_requested_for_horizon_or_variant,,,,ordinary,covered_call,100,completed,179.09,175.32,True,-377.0,H23,0,AXP,21.264599999999998,primary,0.011146330681368216,14.883549117780994,2023
0.05509296224478155,2023-03-08,295,b19d4d6877b083db4f1bf729,time_value,39.9398,O:AXP230616C00185000,1,1,2023-03-02,2023-03-02,106,0.038211474848865064,291,0.0,0.016419934111340736,2023-03-03,292,True,2023-03-08,295,2023-08-01,22,2875671.0,2023-03-08,scheduled_exit,295,2023-06-16,"{""market_momentum"": -0.021329462704192115, ""market_volatility"": 0.009355395697923324, ""momentum"": 0.002343794660721432, ""volatility"": 0.011146330681368216, ""volume_state"": 14.883549117780994}",assumed_next_daily_close,17909.0,3,0000004962,0,-0.021329462704192115,0.009355395697923324,0.002343794660721432,-260.0852,-0.014522597576637444,53.145399999999995,8.35,5.76,259.0,a2a517066de003d4b2f0efa8,True,0.0053475935828877,187,4.5373323081382225e-05,2203938.2,,,,,,,,,,,,,,,,,,,,,,,,,,,,,,,,,,,,,,,,,,,,bounded_preclose_bid_ask,,,,False,not_requested_for_horizon_or_variant,,,,ordinary,covered_call,100,completed,179.09,174.83,False,-426.0,H23,0,AXP,93.08519999999999,primary,0.011146330681368216,14.883549117780994,2023
0.05509296224478155,2023-03-08,295,b19d4d6877b083db4f1bf729,time_value,10.489799999999999,O:AXP230616C00185000,1,1,2023-03-02,2023-03-02,106,0.038211474848865064,291,0.0,0.024972650622591994,2023-03-03,292,True,2023-03-08,295,2023-08-01,22,2875671.0,2023-03-08,scheduled_exit,295,2023-06-16,"{""market_momentum"": -0.021329462704192115, ""market_volatility"": 0.009355395697923324, ""momentum"": 0.002343794660721432, ""volatility"": 0.011146330681368216, ""volume_state"": 14.883549117780994}",assumed_next_daily_close,17909.0,3,0000004962,0,-0.021329462704192115,0.009355395697923324,0.002343794660721432,-447.2352,-0.024972650622591994,10.745399999999998,8.35,0.0,-0.0,a2a517066de003d4b2f0efa8,True,0.0053475935828877,187,4.5373323081382225e-05,2203938.2,,,,,,,,,,,,,,,,,,,,,,,,,,,,,,,,,,,,,,,,,,,,bounded_preclose_bid_ask,,,,False,not_requested_for_horizon_or_variant,,,,ordinary,covered_call,100,completed,179.09,174.83,True,-426.0,H23,0,AXP,21.2352,primary,0.011146330681368216,14.883549117780994,2023
0.05509296224478155,2023-03-10,297,b19d4d6877b083db4f1bf729,time_value,29.842,O:AXP230616C00185000,1,1,2023-03-02,2023-03-02,106,0.038211474848865064,291,0.0,0.05427368362275951,2023-03-03,292,True,2023-03-10,297,2023-08-01,22,2875671.0,2023-03-10,scheduled_exit,297,2023-06-16,"{""market_momentum"": -0.021329462704192115, ""market_volatility"": 0.009355395697923324, ""momentum"": 0.002343794660721432, ""volatility"": 0.011146330681368216, ""volume_state"": 14.883549117780994}",assumed_next_daily_close,17909.0,5,0000004962,0,-0.021329462704192115,0.009355395697923324,0.002343794660721432,-971.9874,-0.05427368362275951,53.145399999999995,8.35,3.85,450.0,a2a517066de003d4b2f0efa8,True,0.0053475935828877,187,4.5373323081382225e-05,2203938.2,,,,,,,,,,,,,,,,,,,,,,,,,,,,,,,,,,,,,,,,,,,,bounded_preclose_bid_ask,,,,False,not_requested_for_horizon_or_variant,,,,ordinary,covered_call,100,completed,179.09,165.7,False,-1339.0,H23,0,AXP,82.9874,primary,0.011146330681368216,14.883549117780994,2023
0.05509296224478155,2023-03-10,297,b19d4d6877b083db4f1bf729,time_value,9.941999999999998,O:AXP230616C00185000,1,1,2023-03-02,2023-03-02,106,0.038211474848865064,291,0.0,0.07592201686302977,2023-03-03,292,True,2023-03-10,297,2023-08-01,22,2875671.0,2023-03-10,scheduled_exit,297,2023-06-16,"{""market_momentum"": -0.021329462704192115, ""market_volatility"": 0.009355395697923324, ""momentum"": 0.002343794660721432, ""volatility"": 0.011146330681368216, ""volume_state"": 14.883549117780994}",assumed_next_daily_close,17909.0,5,0000004962,0,-0.021329462704192115,0.009355395697923324,0.002343794660721432,-1359.6874,-0.07592201686302977,10.745399999999998,8.35,0.0,-0.0,a2a517066de003d4b2f0efa8,True,0.0053475935828877,187,4.5373323081382225e-05,2203938.2,,,,,,,,,,,,,,,,,,,,,,,,,,,,,,,,,,,,,,,,,,,,bounded_preclose_bid_ask,,,,False,not_requested_for_horizon_or_variant,,,,ordinary,covered_call,100,completed,179.09,165.7,True,-1339.0,H23,0,AXP,20.687399999999997,primary,0.011146330681368216,14.883549117780994,2023
0.05509296224478155,2023-03-17,302,b19d4d6877b083db4f1bf729,time_value,20.8912,O:AXP230616C00185000,1,1,2023-03-02,2023-03-02,106,0.038211474848865064,291,0.0,0.09565227539226077,2023-03-03,292,True,2023-03-17,302,2023-08-01,22,2875671.0,2023-03-17,scheduled_exit,302,2023-06-16,"{""market_momentum"": -0.021329462704192115, ""market_volatility"": 0.009355395697923324, ""momentum"": 0.002343794660721432, ""volatility"": 0.011146330681368216, ""volume_state"": 14.883549117780994}",assumed_next_daily_close,17909.0,10,0000004962,0,-0.021329462704192115,0.009355395697923324,0.002343794660721432,-1713.036599999998,-0.09565227539226077,53.145399999999995,8.35,2.17,618.0,a2a517066de003d4b2f0efa8,True,0.0053475935828877,187,4.5373323081382225e-05,2203938.2,,,,,,,,,,,,,,,,,,,,,,,,,,,,,,,,,,,,,,,,,,,,bounded_preclose_bid_ask,,,,False,decision_asynchronous_quotes,,,,ordinary,covered_call,100,completed,179.09,156.52,False,-2256.999999999998,H23,0,AXP,74.03659999999999,primary,0.011146330681368216,14.883549117780994,2023
0.05509296224478155,2023-03-17,302,b19d4d6877b083db4f1bf729,time_value,9.3912,O:AXP230616C00185000,1,1,2023-03-02,2023-03-02,106,0.038211474848865064,291,0.0,0.12715040482438986,2023-03-03,292,True,2023-03-17,302,2023-08-01,22,2875671.0,2023-03-17,scheduled_exit,302,2023-06-16,"{""market_momentum"": -0.021329462704192115, ""market_volatility"": 0.009355395697923324, ""momentum"": 0.002343794660721432, ""volatility"": 0.011146330681368216, ""volume_state"": 14.883549117780994}",assumed_next_daily_close,17909.0,10,0000004962,0,-0.021329462704192115,0.009355395697923324,0.002343794660721432,-2277.136599999998,-0.12715040482438986,10.745399999999998,8.35,0.0,-0.0,a2a517066de003d4b2f0efa8,True,0.0053475935828877,187,4.5373323081382225e-05,2203938.2,,,,,,,,,,,,,,,,,,,,,,,,,,,,,,,,,,,,,,,,,,,,bounded_preclose_bid_ask,,,,False,decision_asynchronous_quotes,,,,ordinary,covered_call,100,completed,179.09,156.52,True,-2256.999999999998,H23,0,AXP,20.136599999999998,primary,0.011146330681368216,14.883549117780994,2023
0.05509296224478155,2023-04-03,313,b19d4d6877b083db4f1bf729,time_value,19.476799999999997,O:AXP230616C00185000,1,1,2023-03-02,2023-03-02,106,0.038211474848865064,291,0.0,0.09565227539226084,2023-03-03,292,True,2023-04-03,313,2023-08-01,22,2875671.0,2023-04-03,scheduled_exit,313,2023-06-16,"{""market_momentum"": -0.021329462704192115, ""market_volatility"": 0.009355395697923324, ""momentum"": 0.002343794660721432, ""volatility"": 0.011146330681368216, ""volume_state"": 14.883549117780994}",assumed_next_daily_close,17909.0,21,0000004962,0,-0.021329462704192115,0.009355395697923324,0.002343794660721432,-948.6222,-0.052969021162543976,53.145399999999995,8.35,1.8,655.0,a2a517066de003d4b2f0efa8,True,0.0053475935828877,187,4.5373323081382225e-05,2203938.2,,,,,,,,,,,,,,,,,,,,,,,,,,,,,,,,,,,,,,,,,,,,bounded_preclose_bid_ask,,,,False,not_requested_for_horizon_or_variant,,,,ordinary,covered_call,100,completed,179.09,163.78,False,-1531.0,H23,0,AXP,72.62219999999999,primary,0.011146330681368216,14.883549117780994,2023
0.05509296224478155,2023-04-03,313,b19d4d6877b083db4f1bf729,time_value,9.826799999999999,O:AXP230616C00185000,1,1,2023-03-02,2023-03-02,106,0.038211474848865064,291,0.0,0.12715040482438986,2023-03-03,292,True,2023-04-03,313,2023-08-01,22,2875671.0,2023-04-03,scheduled_exit,313,2023-06-16,"{""market_momentum"": -0.021329462704192115, ""market_volatility"": 0.009355395697923324, ""momentum"": 0.002343794660721432, ""volatility"": 0.011146330681368216, ""volume_state"": 14.883549117780994}",assumed_next_daily_close,17909.0,21,0000004962,0,-0.021329462704192115,0.009355395697923324,0.002343794660721432,-1551.5722,-0.0866364509464515,10.745399999999998,8.35,0.0,-0.0,a2a517066de003d4b2f0efa8,True,0.0053475935828877,187,4.5373323081382225e-05,2203938.2,,,,,,,,,,,,,,,,,,,,,,,,,,,,,,,,,,,,,,,,,,,,bounded_preclose_bid_ask,,,,False,not_requested_for_horizon_or_variant,,,,ordinary,covered_call,100,completed,179.09,163.78,True,-1531.0,H23,0,AXP,20.572199999999995,primary,0.011146330681368216,14.883549117780994,2023
0.05509296224478155,2023-05-03,334,b19d4d6877b083db4f1bf729,time_value,10.4826,O:AXP230616C00185000,1,1,2023-03-02,2023-03-02,106,0.038211474848865064,291,60.0,0.10445183985705511,2023-03-03,292,True,2023-05-03,334,2023-08-01,22,2875671.0,2023-05-03,scheduled_exit,334,2023-06-16,"{""market_momentum"": -0.021329462704192115, ""market_volatility"": 0.009355395697923324, ""momentum"": 0.002343794660721432, ""volatility"": 0.011146330681368216, ""volume_state"": 14.883549117780994}",assumed_next_daily_close,17909.0,42,0000004962,0,-0.021329462704192115,0.009355395697923324,0.002343794660721432,-1870.628,-0.10445183985705511,53.145399999999995,8.35,0.14,820.9999999999999,a2a517066de003d4b2f0efa8,True,0.0053475935828877,187,4.5373323081382225e-05,2203938.2,,,,,,,,,,,,,,,,,,,,,,,,,,,,,,,,,,,,,,,,,,,,bounded_preclose_bid_ask,,,,False,not_requested_for_horizon_or_variant,,,,ordinary,covered_call,100,completed,179.09,152.21,False,-2688.0,H23,0,AXP,63.62799999999999,primary,0.011146330681368216,14.883549117780994,2023
0.05509296224478155,2023-05-03,334,b19d4d6877b083db4f1bf729,time_value,9.1326,O:AXP230616C00185000,1,1,2023-03-02,2023-03-02,106,0.038211474848865064,291,60.0,0.14785180635434697,2023-03-03,292,True,2023-05-03,334,2023-08-01,22,2875671.0,2023-05-03,scheduled_exit,334,2023-06-16,"{""market_momentum"": -0.021329462704192115, ""market_volatility"": 0.009355395697923324, ""momentum"": 0.002343794660721432, ""volatility"": 0.011146330681368216, ""volume_state"": 14.883549117780994}",assumed_next_daily_close,17909.0,42,0000004962,0,-0.021329462704192115,0.009355395697923324,0.002343794660721432,-2647.8779999999997,-0.14785180635434697,10.745399999999998,8.35,0.0,-0.0,a2a517066de003d4b2f0efa8,True,0.0053475935828877,187,4.5373323081382225e-05,2203938.2,,,,,,,,,,,,,,,,,,,,,,,,,,,,,,,,,,,,,,,,,,,,bounded_preclose_bid_ask,,,,False,not_requested_for_horizon_or_variant,,,,ordinary,covered_call,100,completed,179.09,152.21,True,-2688.0,H23,0,AXP,19.878,primary,0.011146330681368216,14.883549117780994,2023
0.05509296224478155,2023-06-02,355,b19d4d6877b083db4f1bf729,time_value,11.1636,O:AXP230616C00185000,1,1,2023-03-02,2023-03-02,106,0.038211474848865064,291,60.0,,2023-03-03,292,True,2023-06-02,355,2023-08-01,22,2875671.0,2023-06-02,scheduled_exit,355,2023-06-16,"{""market_momentum"": -0.021329462704192115, ""market_volatility"": 0.009355395697923324, ""momentum"": 0.002343794660721432, ""volatility"": 0.011146330681368216, ""volume_state"": 14.883549117780994}",assumed_next_daily_close,17909.0,63,0000004962,3,-0.021329462704192115,0.009355395697923324,0.002343794660721432,-230.309,-0.012859958679993299,53.145399999999995,8.35,0.08,827.0,a2a517066de003d4b2f0efa8,False,0.0053475935828877,187,4.5373323081382225e-05,2203938.2,,,,,,,,,,,,,,,,,,,,,,,,,,,,,,,,,,,,,,,,,,,,bounded_preclose_bid_ask,,,,False,not_requested_for_horizon_or_variant,,,,ordinary,covered_call,100,completed,179.09,168.56,False,-1053.0,H23,0,AXP,64.309,primary,0.011146330681368216,14.883549117780994,2023
0.05509296224478155,2023-06-02,355,b19d4d6877b083db4f1bf729,time_value,10.1136,O:AXP230616C00185000,1,1,2023-03-02,2023-03-02,106,0.038211474848865064,291,60.0,0.1717360656653079,2023-03-03,292,True,2023-06-02,355,2023-08-01,22,2875671.0,2023-06-02,scheduled_exit,355,2023-06-16,"{""market_momentum"": -0.021329462704192115, ""market_volatility"": 0.009355395697923324, ""momentum"": 0.002343794660721432, ""volatility"": 0.011146330681368216, ""volume_state"": 14.883549117780994}",assumed_next_daily_close,17909.0,63,0000004962,0,-0.021329462704192115,0.009355395697923324,0.002343794660721432,-1013.859,-0.056611703612708696,10.745399999999998,8.35,0.0,-0.0,a2a517066de003d4b2f0efa8,True,0.0053475935828877,187,4.5373323081382225e-05,2203938.2,,,,,,,,,,,,,,,,,,,,,,,,,,,,,,,,,,,,,,,,,,,,bounded_preclose_bid_ask,,,,False,not_requested_for_horizon_or_variant,,,,ordinary,covered_call,100,completed,179.09,168.56,True,-1053.0,H23,0,AXP,20.858999999999998,primary,0.011146330681368216,14.883549117780994,2023
0.05509296224478155,2023-06-16,365,b19d4d6877b083db4f1bf729,time_value,10.9826,O:AXP230616C00185000,1,1,2023-03-02,2023-03-02,106,0.038211474848865064,291,60.0,,2023-03-03,292,True,2023-06-16,365,2023-08-01,22,2875671.0,2023-06-16,expiry_worthless,365,2023-06-16,"{""market_momentum"": -0.021329462704192115, ""market_volatility"": 0.009355395697923324, ""momentum"": 0.002343794660721432, ""volatility"": 0.011146330681368216, ""volume_state"": 14.883549117780994}",assumed_next_daily_close,17909.0,expiry,0000004962,3,-0.021329462704192115,0.009355395697923324,0.002343794660721432,142.872,0.00797766486124295,53.145399999999995,8.35,0.0,835.0,a2a517066de003d4b2f0efa8,False,0.0053475935828877,187,4.5373323081382225e-05,2203938.2,,,,,,,,,,,,,,,,,,,,,,,,,,,,,,,,,,,,,,,,,,,,bounded_preclose_bid_ask,,,,False,not_requested_for_horizon_or_variant,,,,ordinary,covered_call,100,completed,179.09,172.21,False,-688.0,H23,0,AXP,64.128,primary,0.011146330681368216,14.883549117780994,2023
0.05509296224478155,2023-06-16,365,b19d4d6877b083db4f1bf729,time_value,10.3326,O:AXP230616C00185000,1,1,2023-03-02,2023-03-02,106,0.038211474848865064,291,60.0,0.1717360656653079,2023-03-03,292,True,2023-06-16,365,2023-08-01,22,2875671.0,2023-06-16,scheduled_exit,365,2023-06-16,"{""market_momentum"": -0.021329462704192115, ""market_volatility"": 0.009355395697923324, ""momentum"": 0.002343794660721432, ""volatility"": 0.011146330681368216, ""volume_state"": 14.883549117780994}",assumed_next_daily_close,17909.0,expiry,0000004962,0,-0.021329462704192115,0.009355395697923324,0.002343794660721432,-649.078,-0.036243117985370485,10.745399999999998,8.35,0.0,-0.0,a2a517066de003d4b2f0efa8,True,0.0053475935828877,187,4.5373323081382225e-05,2203938.2,,,,,,,,,,,,,,,,,,,,,,,,,,,,,,,,,,,,,,,,,,,,bounded_preclose_bid_ask,,,,False,not_requested_for_horizon_or_variant,,,,ordinary,covered_call,100,completed,179.09,172.21,True,-688.0,H23,0,AXP,21.077999999999996,primary,0.011146330681368216,14.883549117780994,2023
,,,b264c9d9a27d0249b8549a56,time_value,,,1,1,2022-03-08,2022-03-08,,,44,,,2022-03-09,45,False,,,2022-03-08,,,,,,,"{""market_momentum"": -0.07232003565856915, ""market_volatility"": 0.014657046051352953, ""momentum"": -0.13882163034705397, ""volatility"": 0.03035866163993918, ""volume_state"": 15.381399656323877}",assumed_next_daily_close,,1,0000004962,,-0.07232003565856915,0.014657046051352953,-0.13882163034705397,,,,,,,3763243f08a0b9f3c3a85afe,False,,,,,,,,,,,,,,,,,,,,,,,,,,,,,,,,,,,,,,,,,,,,,,,,bounded_preclose_bid_ask,,,,False,not_requested_for_horizon_or_variant,,,no_standard_contract_within_rules,event,protective_put,,no_standard_contract_within_rules,,,False,,H23,0,AXP,,primary,0.03035866163993918,15.381399656323877,2022
,,,b264c9d9a27d0249b8549a56,time_value,,,1,1,2022-03-08,2022-03-08,,,44,,,2022-03-09,45,False,,,2022-03-08,,,,,,,"{""market_momentum"": -0.07232003565856915, ""market_volatility"": 0.014657046051352953, ""momentum"": -0.13882163034705397, ""volatility"": 0.03035866163993918, ""volume_state"": 15.381399656323877}",assumed_next_daily_close,,1,0000004962,,-0.07232003565856915,0.014657046051352953,-0.13882163034705397,,,,,,,3763243f08a0b9f3c3a85afe,False,,,,,,,,,,,,,,,,,,,,,,,,,,,,,,,,,,,,,,,,,,,,,,,,bounded_preclose_bid_ask,,,,False,not_requested_for_horizon_or_variant,,,no_standard_contract_within_rules,event,protective_put,,no_standard_contract_within_rules,,,True,,H23,0,AXP,,primary,0.03035866163993918,15.381399656323877,2022
,,,b264c9d9a27d0249b8549a56,time_value,,,1,1,2022-03-08,2022-03-08,,,44,,,2022-03-09,45,False,,,2022-03-08,,,,,,,"{""market_momentum"": -0.07232003565856915, ""market_volatility"": 0.014657046051352953, ""momentum"": -0.13882163034705397, ""volatility"": 0.03035866163993918, ""volume_state"": 15.381399656323877}",assumed_next_daily_close,,2,0000004962,,-0.07232003565856915,0.014657046051352953,-0.13882163034705397,,,,,,,3763243f08a0b9f3c3a85afe,False,,,,,,,,,,,,,,,,,,,,,,,,,,,,,,,,,,,,,,,,,,,,,,,,bounded_preclose_bid_ask,,,,False,not_requested_for_horizon_or_variant,,,no_standard_contract_within_rules,event,protective_put,,no_standard_contract_within_rules,,,False,,H23,0,AXP,,primary,0.03035866163993918,15.381399656323877,2022
,,,b264c9d9a27d0249b8549a56,time_value,,,1,1,2022-03-08,2022-03-08,,,44,,,2022-03-09,45,False,,,2022-03-08,,,,,,,"{""market_momentum"": -0.07232003565856915, ""market_volatility"": 0.014657046051352953, ""momentum"": -0.13882163034705397, ""volatility"": 0.03035866163993918, ""volume_state"": 15.381399656323877}",assumed_next_daily_close,,2,0000004962,,-0.07232003565856915,0.014657046051352953,-0.13882163034705397,,,,,,,3763243f08a0b9f3c3a85afe,False,,,,,,,,,,,,,,,,,,,,,,,,,,,,,,,,,,,,,,,,,,,,,,,,bounded_preclose_bid_ask,,,,False,not_requested_for_horizon_or_variant,,,no_standard_contract_within_rules,event,protective_put,,no_standard_contract_within_rules,,,True,,H23,0,AXP,,primary,0.03035866163993918,15.381399656323877,2022
,,,b264c9d9a27d0249b8549a56,time_value,,,1,1,2022-03-08,2022-03-08,,,44,,,2022-03-09,45,False,,,2022-03-08,,,,,,,"{""market_momentum"": -0.07232003565856915, ""market_volatility"": 0.014657046051352953, ""momentum"": -0.13882163034705397, ""volatility"": 0.03035866163993918, ""volume_state"": 15.381399656323877}",assumed_next_daily_close,,3,0000004962,,-0.07232003565856915,0.014657046051352953,-0.13882163034705397,,,,,,,3763243f08a0b9f3c3a85afe,False,,,,,,,,,,,,,,,,,,,,,,,,,,,,,,,,,,,,,,,,,,,,,,,,bounded_preclose_bid_ask,,,,False,not_requested_for_horizon_or_variant,,,no_standard_contract_within_rules,event,protective_put,,no_standard_contract_within_rules,,,False,,H23,0,AXP,,primary,0.03035866163993918,15.381399656323877,2022
,,,b264c9d9a27d0249b8549a56,time_value,,,1,1,2022-03-08,2022-03-08,,,44,,,2022-03-09,45,False,,,2022-03-08,,,,,,,"{""market_momentum"": -0.07232003565856915, ""market_volatility"": 0.014657046051352953, ""momentum"": -0.13882163034705397, ""volatility"": 0.03035866163993918, ""volume_state"": 15.381399656323877}",assumed_next_daily_close,,3,0000004962,,-0.07232003565856915,0.014657046051352953,-0.13882163034705397,,,,,,,3763243f08a0b9f3c3a85afe,False,,,,,,,,,,,,,,,,,,,,,,,,,,,,,,,,,,,,,,,,,,,,,,,,bounded_preclose_bid_ask,,,,False,not_requested_for_horizon_or_variant,,,no_standard_contract_within_rules,event,protective_put,,no_standard_contract_within_rules,,,True,,H23,0,AXP,,primary,0.03035866163993918,15.381399656323877,2022
,,,b264c9d9a27d0249b8549a56,time_value,,,1,1,2022-03-08,2022-03-08,,,44,,,2022-03-09,45,False,,,2022-03-08,,,,,,,"{""market_momentum"": -0.07232003565856915, ""market_volatility"": 0.014657046051352953, ""momentum"": -0.13882163034705397, ""volatility"": 0.03035866163993918, ""volume_state"": 15.381399656323877}",assumed_next_daily_close,,5,0000004962,,-0.07232003565856915,0.014657046051352953,-0.13882163034705397,,,,,,,3763243f08a0b9f3c3a85afe,False,,,,,,,,,,,,,,,,,,,,,,,,,,,,,,,,,,,,,,,,,,,,,,,,bounded_preclose_bid_ask,,,,False,not_requested_for_horizon_or_variant,,,no_standard_contract_within_rules,event,protective_put,,no_standard_contract_within_rules,,,False,,H23,0,AXP,,primary,0.03035866163993918,15.381399656323877,2022
,,,b264c9d9a27d0249b8549a56,time_value,,,1,1,2022-03-08,2022-03-08,,,44,,,2022-03-09,45,False,,,2022-03-08,,,,,,,"{""market_momentum"": -0.07232003565856915, ""market_volatility"": 0.014657046051352953, ""momentum"": -0.13882163034705397, ""volatility"": 0.03035866163993918, ""volume_state"": 15.381399656323877}",assumed_next_daily_close,,5,0000004962,,-0.07232003565856915,0.014657046051352953,-0.13882163034705397,,,,,,,3763243f08a0b9f3c3a85afe,False,,,,,,,,,,,,,,,,,,,,,,,,,,,,,,,,,,,,,,,,,,,,,,,,bounded_preclose_bid_ask,,,,False,not_requested_for_horizon_or_variant,,,no_standard_contract_within_rules,event,protective_put,,no_standard_contract_within_rules,,,True,,H23,0,AXP,,primary,0.03035866163993918,15.381399656323877,2022
,,,b264c9d9a27d0249b8549a56,time_value,,,1,1,2022-03-08,2022-03-08,,,44,,,2022-03-09,45,False,,,2022-03-08,,,,,,,"{""market_momentum"": -0.07232003565856915, ""market_volatility"": 0.014657046051352953, ""momentum"": -0.13882163034705397, ""volatility"": 0.03035866163993918, ""volume_state"": 15.381399656323877}",assumed_next_daily_close,,10,0000004962,,-0.07232003565856915,0.014657046051352953,-0.13882163034705397,,,,,,,3763243f08a0b9f3c3a85afe,False,,,,,,,,,,,,,,,,,,,,,,,,,,,,,,,,,,,,,,,,,,,,,,,,bounded_preclose_bid_ask,,,,False,not_sampled_or_missing_quotes,,,no_standard_contract_within_rules,event,protective_put,,no_standard_contract_within_rules,,,False,,H23,0,AXP,,primary,0.03035866163993918,15.381399656323877,2022
,,,b264c9d9a27d0249b8549a56,time_value,,,1,1,2022-03-08,2022-03-08,,,44,,,2022-03-09,45,False,,,2022-03-08,,,,,,,"{""market_momentum"": -0.07232003565856915, ""market_volatility"": 0.014657046051352953, ""momentum"": -0.13882163034705397, ""volatility"": 0.03035866163993918, ""volume_state"": 15.381399656323877}",assumed_next_daily_close,,10,0000004962,,-0.07232003565856915,0.014657046051352953,-0.13882163034705397,,,,,,,3763243f08a0b9f3c3a85afe,False,,,,,,,,,,,,,,,,,,,,,,,,,,,,,,,,,,,,,,,,,,,,,,,,bounded_preclose_bid_ask,,,,False,not_sampled_or_missing_quotes,,,no_standard_contract_within_rules,event,protective_put,,no_standard_contract_within_rules,,,True,,H23,0,AXP,,primary,0.03035866163993918,15.381399656323877,2022
,,,b264c9d9a27d0249b8549a56,time_value,,,1,1,2022-03-08,2022-03-08,,,44,,,2022-03-09,45,False,,,2022-03-08,,,,,,,"{""market_momentum"": -0.07232003565856915, ""market_volatility"": 0.014657046051352953, ""momentum"": -0.13882163034705397, ""volatility"": 0.03035866163993918, ""volume_state"": 15.381399656323877}",assumed_next_daily_close,,21,0000004962,,-0.07232003565856915,0.014657046051352953,-0.13882163034705397,,,,,,,3763243f08a0b9f3c3a85afe,False,,,,,,,,,,,,,,,,,,,,,,,,,,,,,,,,,,,,,,,,,,,,,,,,bounded_preclose_bid_ask,,,,False,not_requested_for_horizon_or_variant,,,no_standard_contract_within_rules,event,protective_put,,no_standard_contract_within_rules,,,False,,H23,0,AXP,,primary,0.03035866163993918,15.381399656323877,2022
,,,b264c9d9a27d0249b8549a56,time_value,,,1,1,2022-03-08,2022-03-08,,,44,,,2022-03-09,45,False,,,2022-03-08,,,,,,,"{""market_momentum"": -0.07232003565856915, ""market_volatility"": 0.014657046051352953, ""momentum"": -0.13882163034705397, ""volatility"": 0.03035866163993918, ""volume_state"": 15.381399656323877}",assumed_next_daily_close,,21,0000004962,,-0.07232003565856915,0.014657046051352953,-0.13882163034705397,,,,,,,3763243f08a0b9f3c3a85afe,False,,,,,,,,,,,,,,,,,,,,,,,,,,,,,,,,,,,,,,,,,,,,,,,,bounded_preclose_bid_ask,,,,False,not_requested_for_horizon_or_variant,,,no_standard_contract_within_rules,event,protective_put,,no_standard_contract_within_rules,,,True,,H23,0,AXP,,primary,0.03035866163993918,15.381399656323877,2022
,,,b264c9d9a27d0249b8549a56,time_value,,,1,1,2022-03-08,2022-03-08,,,44,,,2022-03-09,45,False,,,2022-03-08,,,,,,,"{""market_momentum"": -0.07232003565856915, ""market_volatility"": 0.014657046051352953, ""momentum"": -0.13882163034705397, ""volatility"": 0.03035866163993918, ""volume_state"": 15.381399656323877}",assumed_next_daily_close,,42,0000004962,,-0.07232003565856915,0.014657046051352953,-0.13882163034705397,,,,,,,3763243f08a0b9f3c3a85afe,False,,,,,,,,,,,,,,,,,,,,,,,,,,,,,,,,,,,,,,,,,,,,,,,,bounded_preclose_bid_ask,,,,False,not_requested_for_horizon_or_variant,,,no_standard_contract_within_rules,event,protective_put,,no_standard_contract_within_rules,,,False,,H23,0,AXP,,primary,0.03035866163993918,15.381399656323877,2022
,,,b264c9d9a27d0249b8549a56,time_value,,,1,1,2022-03-08,2022-03-08,,,44,,,2022-03-09,45,False,,,2022-03-08,,,,,,,"{""market_momentum"": -0.07232003565856915, ""market_volatility"": 0.014657046051352953, ""momentum"": -0.13882163034705397, ""volatility"": 0.03035866163993918, ""volume_state"": 15.381399656323877}",assumed_next_daily_close,,42,0000004962,,-0.07232003565856915,0.014657046051352953,-0.13882163034705397,,,,,,,3763243f08a0b9f3c3a85afe,False,,,,,,,,,,,,,,,,,,,,,,,,,,,,,,,,,,,,,,,,,,,,,,,,bounded_preclose_bid_ask,,,,False,not_requested_for_horizon_or_variant,,,no_standard_contract_within_rules,event,protective_put,,no_standard_contract_within_rules,,,True,,H23,0,AXP,,primary,0.03035866163993918,15.381399656323877,2022
,,,b264c9d9a27d0249b8549a56,time_value,,,1,1,2022-03-08,2022-03-08,,,44,,,2022-03-09,45,False,,,2022-03-08,,,,,,,"{""market_momentum"": -0.07232003565856915, ""market_volatility"": 0.014657046051352953, ""momentum"": -0.13882163034705397, ""volatility"": 0.03035866163993918, ""volume_state"": 15.381399656323877}",assumed_next_daily_close,,63,0000004962,,-0.07232003565856915,0.014657046051352953,-0.13882163034705397,,,,,,,3763243f08a0b9f3c3a85afe,False,,,,,,,,,,,,,,,,,,,,,,,,,,,,,,,,,,,,,,,,,,,,,,,,bounded_preclose_bid_ask,,,,False,not_requested_for_horizon_or_variant,,,no_standard_contract_within_rules,event,protective_put,,no_standard_contract_within_rules,,,False,,H23,0,AXP,,primary,0.03035866163993918,15.381399656323877,2022
,,,b264c9d9a27d0249b8549a56,time_value,,,1,1,2022-03-08,2022-03-08,,,44,,,2022-03-09,45,False,,,2022-03-08,,,,,,,"{""market_momentum"": -0.07232003565856915, ""market_volatility"": 0.014657046051352953, ""momentum"": -0.13882163034705397, ""volatility"": 0.03035866163993918, ""volume_state"": 15.381399656323877}",assumed_next_daily_close,,63,0000004962,,-0.07232003565856915,0.014657046051352953,-0.13882163034705397,,,,,,,3763243f08a0b9f3c3a85afe,False,,,,,,,,,,,,,,,,,,,,,,,,,,,,,,,,,,,,,,,,,,,,,,,,bounded_preclose_bid_ask,,,,False,not_requested_for_horizon_or_variant,,,no_standard_contract_within_rules,event,protective_put,,no_standard_contract_within_rules,,,True,,H23,0,AXP,,primary,0.03035866163993918,15.381399656323877,2022
,,,b264c9d9a27d0249b8549a56,time_value,,,1,1,2022-03-08,2022-03-08,,,44,,,2022-03-09,45,False,,,2022-03-08,,,,,,,"{""market_momentum"": -0.07232003565856915, ""market_volatility"": 0.014657046051352953, ""momentum"": -0.13882163034705397, ""volatility"": 0.03035866163993918, ""volume_state"": 15.381399656323877}",assumed_next_daily_close,,expiry,0000004962,,-0.07232003565856915,0.014657046051352953,-0.13882163034705397,,,,,,,3763243f08a0b9f3c3a85afe,False,,,,,,,,,,,,,,,,,,,,,,,,,,,,,,,,,,,,,,,,,,,,,,,,bounded_preclose_bid_ask,,,,False,not_requested_for_horizon_or_variant,,,no_standard_contract_within_rules,event,protective_put,,no_standard_contract_within_rules,,,False,,H23,0,AXP,,primary,0.03035866163993918,15.381399656323877,2022
,,,b264c9d9a27d0249b8549a56,time_value,,,1,1,2022-03-08,2022-03-08,,,44,,,2022-03-09,45,False,,,2022-03-08,,,,,,,"{""market_momentum"": -0.07232003565856915, ""market_volatility"": 0.014657046051352953, ""momentum"": -0.13882163034705397, ""volatility"": 0.03035866163993918, ""volume_state"": 15.381399656323877}",assumed_next_daily_close,,expiry,0000004962,,-0.07232003565856915,0.014657046051352953,-0.13882163034705397,,,,,,,3763243f08a0b9f3c3a85afe,False,,,,,,,,,,,,,,,,,,,,,,,,,,,,,,,,,,,,,,,,,,,,,,,,bounded_preclose_bid_ask,,,,False,not_requested_for_horizon_or_variant,,,no_standard_contract_within_rules,event,protective_put,,no_standard_contract_within_rules,,,True,,H23,0,AXP,,primary,0.03035866163993918,15.381399656323877,2022
0.043651874035756544,2025-03-28,811,b33a6a41836cbad2b2d24830,time_value,37.343199999999996,O:AMD250718C00115000,1,1,2025-03-26,2025-03-26,114,0.08303838823849714,809,0.0,0.028939728082512894,2025-03-27,810,True,2025-03-28,811,2025-03-26,116,32773714.0,2025-03-28,scheduled_exit,811,2025-07-18,"{""market_momentum"": -0.04316437802907913, ""market_volatility"": 0.013089707290464835, ""momentum"": 0.05992689495959991, ""volatility"": 0.02922169279562864, ""volume_state"": 17.38886569546928}",assumed_next_daily_close,10665.0,1,0000002488,0,-0.04316437802907913,0.013089707290464835,0.05992689495959991,-308.6422,-0.028939728082512894,43.299,7.25,6.1,115.00000000000003,ee18e6990f1758a14789ca09,True,0.0008051529790660225,1242,2.901127565004376e-06,34469356.4,,,,,,,,,,,,,,,,,,,,,,,,,,,,,,,,,,,,,,,,,,,,bounded_preclose_bid_ask,,,,False,not_requested_for_horizon_or_variant,,,,event,covered_call,100,completed,106.65,103.22,False,-343.0,H23,0,AMD,80.6422,primary,0.02922169279562864,17.38886569546928,2025
0.043651874035756544,2025-03-28,811,b33a6a41836cbad2b2d24830,time_value,6.193199999999999,O:AMD250718C00115000,1,1,2025-03-26,2025-03-26,114,0.08303838823849714,809,0.0,0.03334197843413033,2025-03-27,810,True,2025-03-28,811,2025-03-26,116,32773714.0,2025-03-28,scheduled_exit,811,2025-07-18,"{""market_momentum"": -0.04316437802907913, ""market_volatility"": 0.013089707290464835, ""momentum"": 0.05992689495959991, ""volatility"": 0.02922169279562864, ""volume_state"": 17.38886569546928}",assumed_next_daily_close,10665.0,1,0000002488,0,-0.04316437802907913,0.013089707290464835,0.05992689495959991,-355.5922,-0.03334197843413033,6.398999999999999,7.25,0.0,-0.0,ee18e6990f1758a14789ca09,True,0.0008051529790660225,1242,2.901127565004376e-06,34469356.4,,,,,,,,,,,,,,,,,,,,,,,,,,,,,,,,,,,,,,,,,,,,bounded_preclose_bid_ask,,,,False,not_requested_for_horizon_or_variant,,,,event,covered_call,100,completed,106.65,103.22,True,-343.0,H23,0,AMD,12.592199999999998,primary,0.02922169279562864,17.38886569546928,2025
0.043651874035756544,2025-03-31,812,b33a6a41836cbad2b2d24830,time_value,34.4644,O:AMD250718C00115000,1,1,2025-03-26,2025-03-26,114,0.08303838823849714,809,0.0,0.028939728082512977,2025-03-27,810,True,2025-03-31,812,2025-03-26,116,32773714.0,2025-03-31,scheduled_exit,812,2025-07-18,"{""market_momentum"": -0.04316437802907913, ""market_volatility"": 0.013089707290464835, ""momentum"": 0.05992689495959991, ""volatility"": 0.02922169279562864, ""volume_state"": 17.38886569546928}",assumed_next_daily_close,10665.0,2,0000002488,0,-0.04316437802907913,0.013089707290464835,0.05992689495959991,-296.76340000000005,-0.027825916549460858,43.299,7.25,5.53,171.99999999999997,ee18e6990f1758a14789ca09,True,0.0008051529790660225,1242,2.901127565004376e-06,34469356.4,,,,,,,,,,,,,,,,,,,,,,,,,,,,,,,,,,,,,,,,,,,,bounded_preclose_bid_ask,,,,False,not_requested_for_horizon_or_variant,,,,event,covered_call,100,completed,106.65,102.74,False,-391.0,H23,0,AMD,77.76339999999999,primary,0.02922169279562864,17.38886569546928,2025
0.043651874035756544,2025-03-31,812,b33a6a41836cbad2b2d24830,time_value,6.1644,O:AMD250718C00115000,1,1,2025-03-26,2025-03-26,114,0.08303838823849714,809,0.0,0.03783998124706985,2025-03-27,810,True,2025-03-31,812,2025-03-26,116,32773714.0,2025-03-31,scheduled_exit,812,2025-07-18,"{""market_momentum"": -0.04316437802907913, ""market_volatility"": 0.013089707290464835, ""momentum"": 0.05992689495959991, ""volatility"": 0.02922169279562864, ""volume_state"": 17.38886569546928}",assumed_next_daily_close,10665.0,2,0000002488,0,-0.04316437802907913,0.013089707290464835,0.05992689495959991,-403.5634,-0.03783998124706985,6.398999999999999,7.25,0.0,-0.0,ee18e6990f1758a14789ca09,True,0.0008051529790660225,1242,2.901127565004376e-06,34469356.4,,,,,,,,,,,,,,,,,,,,,,,,,,,,,,,,,,,,,,,,,,,,bounded_preclose_bid_ask,,,,False,not_requested_for_horizon_or_variant,,,,event,covered_call,100,completed,106.65,102.74,True,-391.0,H23,0,AMD,12.563399999999998,primary,0.02922169279562864,17.38886569546928,2025
0.043651874035756544,2025-04-01,813,b33a6a41836cbad2b2d24830,time_value,33.5668,O:AMD250718C00115000,1,1,2025-03-26,2025-03-26,114,0.08303838823849714,809,0.0,0.028939728082512977,2025-03-27,810,True,2025-04-01,813,2025-03-26,116,32773714.0,2025-04-01,scheduled_exit,813,2025-07-18,"{""market_momentum"": -0.04316437802907913, ""market_volatility"": 0.013089707290464835, ""momentum"": 0.05992689495959991, ""volatility"": 0.02922169279562864, ""volume_state"": 17.38886569546928}",assumed_next_daily_close,10665.0,3,0000002488,0,-0.04316437802907913,0.013089707290464835,0.05992689495959991,-273.8658,-0.025678931082981714,43.299,7.25,5.35,190.00000000000003,ee18e6990f1758a14789ca09,True,0.0008051529790660225,1242,2.901127565004376e-06,34469356.4,,,,,,,,,,,,,,,,,,,,,,,,,,,,,,,,,,,,,,,,,,,,bounded_preclose_bid_ask,,,,False,not_requested_for_horizon_or_variant,,,,event,covered_call,100,completed,106.65,102.78,False,-387.0,H23,0,AMD,76.86580000000001,primary,0.02922169279562864,17.38886569546928,2025
0.043651874035756544,2025-04-01,813,b33a6a41836cbad2b2d24830,time_value,6.166799999999999,O:AMD250718C00115000,1,1,2025-03-26,2025-03-26,114,0.08303838823849714,809,0.0,0.037839981247069804,2025-03-27,810,True,2025-04-01,813,2025-03-26,116,32773714.0,2025-04-01,scheduled_exit,813,2025-07-18,"{""market_momentum"": -0.04316437802907913, ""market_volatility"": 0.013089707290464835, ""momentum"": 0.05992689495959991, ""volatility"": 0.02922169279562864, ""volume_state"": 17.38886569546928}",assumed_next_daily_close,10665.0,3,0000002488,0,-0.04316437802907913,0.013089707290464835,0.05992689495959991,-399.5658,-0.0374651476793249,6.398999999999999,7.25,0.0,-0.0,ee18e6990f1758a14789ca09,True,0.0008051529790660225,1242,2.901127565004376e-06,34469356.4,,,,,,,,,,,,,,,,,,,,,,,,,,,,,,,,,,,,,,,,,,,,bounded_preclose_bid_ask,,,,False,not_requested_for_horizon_or_variant,,,,event,covered_call,100,completed,106.65,102.78,True,-387.0,H23,0,AMD,12.5658,primary,0.02922169279562864,17.38886569546928,2025
0.043651874035756544,2025-04-03,815,b33a6a41836cbad2b2d24830,time_value,23.078,O:AMD250718C00115000,1,1,2025-03-26,2025-03-26,114,0.08303838823849714,809,0.0,0.09023694327238631,2025-03-27,810,True,2025-04-03,815,2025-03-26,116,32773714.0,2025-04-03,scheduled_exit,815,2025-07-18,"{""market_momentum"": -0.04316437802907913, ""market_volatility"": 0.013089707290464835, ""momentum"": 0.05992689495959991, ""volatility"": 0.02922169279562864, ""volume_state"": 17.38886569546928}",assumed_next_daily_close,10665.0,5,0000002488,0,-0.04316437802907913,0.013089707290464835,0.05992689495959991,-962.377,-0.09023694327238631,43.299,7.25,3.36,389.0,ee18e6990f1758a14789ca09,True,0.0008051529790660225,1242,2.901127565004376e-06,34469356.4,,,,,,,,,,,,,,,,,,,,,,,,,,,,,,,,,,,,,,,,,,,,bounded_preclose_bid_ask,,,,False,not_requested_for_horizon_or_variant,,,,event,covered_call,100,completed,106.65,93.8,False,-1285.0,H23,0,AMD,66.377,primary,0.02922169279562864,17.38886569546928,2025
0.043651874035756544,2025-04-03,815,b33a6a41836cbad2b2d24830,time_value,5.627999999999999,O:AMD250718C00115000,1,1,2025-03-26,2025-03-26,114,0.08303838823849714,809,0.0,0.12161528363806844,2025-03-27,810,True,2025-04-03,815,2025-03-26,116,32773714.0,2025-04-03,scheduled_exit,815,2025-07-18,"{""market_momentum"": -0.04316437802907913, ""market_volatility"": 0.013089707290464835, ""momentum"": 0.05992689495959991, ""volatility"": 0.02922169279562864, ""volume_state"": 17.38886569546928}",assumed_next_daily_close,10665.0,5,0000002488,0,-0.04316437802907913,0.013089707290464835,0.05992689495959991,-1297.0269999999998,-0.12161528363806844,6.398999999999999,7.25,0.0,-0.0,ee18e6990f1758a14789ca09,True,0.0008051529790660225,1242,2.901127565004376e-06,34469356.4,,,,,,,,,,,,,,,,,,,,,,,,,,,,,,,,,,,,,,,,,,,,bounded_preclose_bid_ask,,,,False,not_requested_for_horizon_or_variant,,,,event,covered_call,100,completed,106.65,93.8,True,-1285.0,H23,0,AMD,12.026999999999997,primary,0.02922169279562864,17.38886569546928,2025
0.043651874035756544,2025-04-10,820,b33a6a41836cbad2b2d24830,time_value,18.722,O:AMD250718C00115000,1,1,2025-03-26,2025-03-26,114,0.08303838823849714,809,0.0,0.21466869198312255,2025-03-27,810,True,2025-04-10,820,2025-03-26,116,32773714.0,2025-04-10,scheduled_exit,820,2025-07-18,"{""market_momentum"": -0.04316437802907913, ""market_volatility"": 0.013089707290464835, ""momentum"": 0.05992689495959991, ""volatility"": 0.02922169279562864, ""volume_state"": 17.38886569546928}",assumed_next_daily_close,10665.0,10,0000002488,0,-0.04316437802907913,0.013089707290464835,0.05992689495959991,-1387.021,-0.13005353961556493,43.299,7.25,2.55,470.0,ee18e6990f1758a14789ca09,True,0.0008051529790660225,1242,2.901127565004376e-06,34469356.4,True,0.745968128,9.2,82,9.1,68,0.010928961748633843,0.001252963,110.2,1200,110.19,500,9.074821906624726e-05,51,,7.3,0.034490624,7.4,189,7.3,180,0.01360544217687082,106.64,0.001060751,106.64,6000,106.63,200,9.377784029638596e-05,2.83,0.020078848,2.83,51,2.72,103,0.03963963963963959,88.66,0.004669893,88.68,200,88.66,100,0.0002255554302470986,bounded_preclose_bid_ask,-1366.3360000000005,-0.12812603150787702,447.0,False,completed_bounded_proxy,-1798.0000000000005,15.336,,event,covered_call,100,completed,106.65,88.7,False,-1795.0,H23,0,AMD,62.021,primary,0.02922169279562864,17.38886569546928,2025
0.043651874035756544,2025-04-10,820,b33a6a41836cbad2b2d24830,time_value,5.321999999999999,O:AMD250718C00115000,1,1,2025-03-26,2025-03-26,114,0.08303838823849714,809,0.0,0.2677066666666667,2025-03-27,810,True,2025-04-10,820,2025-03-26,116,32773714.0,2025-04-10,scheduled_exit,820,2025-07-18,"{""market_momentum"": -0.04316437802907913, ""market_volatility"": 0.013089707290464835, ""momentum"": 0.05992689495959991, ""volatility"": 0.02922169279562864, ""volume_state"": 17.38886569546928}",assumed_next_daily_close,10665.0,10,0000002488,0,-0.04316437802907913,0.013089707290464835,0.05992689495959991,-1806.7209999999998,-0.16940656352555084,6.398999999999999,7.25,0.0,-0.0,ee18e6990f1758a14789ca09,True,0.0008051529790660225,1242,2.901127565004376e-06,34469356.4,True,0.745968128,9.2,82,9.1,68,0.010928961748633843,0.001252963,110.2,1200,110.19,500,9.074821906624726e-05,103,,0.0,0.034490624,7.4,189,7.3,180,0.01360544217687082,106.64,0.001060751,106.64,6000,106.63,200,9.377784029638596e-05,0.0,0.020078848,2.83,51,2.72,103,0.03963963963963959,88.66,0.004669893,88.68,200,88.66,100,0.0002255554302470986,bounded_preclose_bid_ask,-1801.9060000000004,-0.1689709302325582,0.0,False,completed_bounded_proxy,-1798.0000000000005,3.906,,event,covered_call,100,completed,106.65,88.7,True,-1795.0,H23,0,AMD,11.720999999999998,primary,0.02922169279562864,17.38886569546928,2025
0.043651874035756544,2025-04-28,831,b33a6a41836cbad2b2d24830,time_value,21.9334,O:AMD250718C00115000,1,1,2025-03-26,2025-03-26,114,0.08303838823849714,809,0.0,0.21466869198312255,2025-03-27,810,True,2025-04-28,831,2025-03-26,116,32773714.0,2025-04-28,scheduled_exit,831,2025-07-18,"{""market_momentum"": -0.04316437802907913, ""market_volatility"": 0.013089707290464835, ""momentum"": 0.05992689495959991, ""volatility"": 0.02922169279562864, ""volume_state"": 17.38886569546928}",assumed_next_daily_close,10665.0,21,0000002488,0,-0.04316437802907913,0.013089707290464835,0.05992689495959991,-676.2324,-0.06340669479606188,43.299,7.25,3.1,415.00000000000006,ee18e6990f1758a14789ca09,True,0.0008051529790660225,1242,2.901127565004376e-06,34469356.4,,,,,,,,,,,,,,,,,,,,,,,,,,,,,,,,,,,,,,,,,,,,bounded_preclose_bid_ask,,,,False,not_requested_for_horizon_or_variant,,,,event,covered_call,100,completed,106.65,96.39,False,-1026.0,H23,0,AMD,65.2324,primary,0.02922169279562864,17.38886569546928,2025
0.043651874035756544,2025-04-28,831,b33a6a41836cbad2b2d24830,time_value,5.783399999999999,O:AMD250718C00115000,1,1,2025-03-26,2025-03-26,114,0.08303838823849714,809,0.0,0.2677066666666667,2025-03-27,810,True,2025-04-28,831,2025-03-26,116,32773714.0,2025-04-28,scheduled_exit,831,2025-07-18,"{""market_momentum"": -0.04316437802907913, ""market_volatility"": 0.013089707290464835, ""momentum"": 0.05992689495959991, ""volatility"": 0.02922169279562864, ""volume_state"": 17.38886569546928}",assumed_next_daily_close,10665.0,21,0000002488,0,-0.04316437802907913,0.013089707290464835,0.05992689495959991,-1038.1824,-0.09734481012658228,6.398999999999999,7.25,0.0,-0.0,ee18e6990f1758a14789ca09,True,0.0008051529790660225,1242,2.901127565004376e-06,34469356.4,,,,,,,,,,,,,,,,,,,,,,,,,,,,,,,,,,,,,,,,,,,,bounded_preclose_bid_ask,,,,False,not_requested_for_horizon_or_variant,,,,event,covered_call,100,completed,106.65,96.39,True,-1026.0,H23,0,AMD,12.182399999999998,primary,0.02922169279562864,17.38886569546928,2025
0.043651874035756544,2025-05-28,852,b33a6a41836cbad2b2d24830,time_value,40.6716,O:AMD250718C00115000,1,1,2025-03-26,2025-03-26,114,0.08303838823849714,809,0.0,0.21466869198312255,2025-03-27,810,True,2025-05-28,852,2025-03-26,116,32773714.0,2025-05-28,scheduled_exit,852,2025-07-18,"{""market_momentum"": -0.04316437802907913, ""market_volatility"": 0.013089707290464835, ""momentum"": 0.05992689495959991, ""volatility"": 0.02922169279562864, ""volume_state"": 17.38886569546928}",assumed_next_daily_close,10665.0,42,0000002488,0,-0.04316437802907913,0.013089707290464835,0.05992689495959991,597.0294,0.055980253164556966,43.299,7.25,6.65,59.999999999999964,ee18e6990f1758a14789ca09,True,0.0008051529790660225,1242,2.901127565004376e-06,34469356.4,,,,,,,,,,,,,,,,,,,,,,,,,,,,,,,,,,,,,,,,,,,,bounded_preclose_bid_ask,,,,False,not_requested_for_horizon_or_variant,,,,event,covered_call,100,completed,106.65,112.86,False,621.0,H23,0,AMD,83.97059999999999,primary,0.02922169279562864,17.38886569546928,2025
0.043651874035756544,2025-05-28,852,b33a6a41836cbad2b2d24830,time_value,6.771599999999999,O:AMD250718C00115000,1,1,2025-03-26,2025-03-26,114,0.08303838823849714,809,0.0,0.2677066666666667,2025-03-27,810,True,2025-05-28,852,2025-03-26,116,32773714.0,2025-05-28,scheduled_exit,852,2025-07-18,"{""market_momentum"": -0.04316437802907913, ""market_volatility"": 0.013089707290464835, ""momentum"": 0.05992689495959991, ""volatility"": 0.02922169279562864, ""volume_state"": 17.38886569546928}",assumed_next_daily_close,10665.0,42,0000002488,0,-0.04316437802907913,0.013089707290464835,0.05992689495959991,607.8294,0.05699291139240506,6.398999999999999,7.25,0.0,-0.0,ee18e6990f1758a14789ca09,True,0.0008051529790660225,1242,2.901127565004376e-06,34469356.4,,,,,,,,,,,,,,,,,,,,,,,,,,,,,,,,,,,,,,,,,,,,bounded_preclose_bid_ask,,,,False,not_requested_for_horizon_or_variant,,,,event,covered_call,100,completed,106.65,112.86,True,621.0,H23,0,AMD,13.170599999999999,primary,0.02922169279562864,17.38886569546928,2025
0.043651874035756544,2025-06-27,873,b33a6a41836cbad2b2d24830,time_value,155.5286,O:AMD250718C00115000,1,1,2025-03-26,2025-03-26,114,0.08303838823849714,809,0.0,0.21466869198312255,2025-03-27,810,True,2025-06-27,873,2025-03-26,116,32773714.0,2025-06-27,scheduled_exit,873,2025-07-18,"{""market_momentum"": -0.04316437802907913, ""market_volatility"": 0.013089707290464835, ""momentum"": 0.05992689495959991, ""volatility"": 0.02922169279562864, ""volume_state"": 17.38886569546928}",assumed_next_daily_close,10665.0,63,0000002488,0,-0.04316437802907913,0.013089707290464835,0.05992689495959991,1317.1724,0.12350421003281763,43.299,7.25,29.25,-2200.0,ee18e6990f1758a14789ca09,True,0.0008051529790660225,1242,2.901127565004376e-06,34469356.4,,,,,,,,,,,,,,,,,,,,,,,,,,,,,,,,,,,,,,,,,,,,bounded_preclose_bid_ask,,,,False,not_requested_for_horizon_or_variant,,,,event,covered_call,100,completed,106.65,143.81,False,3716.0,H23,0,AMD,198.82760000000002,primary,0.02922169279562864,17.38886569546928,2025
0.043651874035756544,2025-06-27,873,b33a6a41836cbad2b2d24830,time_value,8.628599999999999,O:AMD250718C00115000,1,1,2025-03-26,2025-03-26,114,0.08303838823849714,809,0.0,0.2677066666666667,2025-03-27,810,True,2025-06-27,873,2025-03-26,116,32773714.0,2025-06-27,scheduled_exit,873,2025-07-18,"{""market_momentum"": -0.04316437802907913, ""market_volatility"": 0.013089707290464835, ""momentum"": 0.05992689495959991, ""volatility"": 0.02922169279562864, ""volume_state"": 17.38886569546928}",assumed_next_daily_close,10665.0,63,0000002488,0,-0.04316437802907913,0.013089707290464835,0.05992689495959991,3700.9724,0.347020384435068,6.398999999999999,7.25,0.0,-0.0,ee18e6990f1758a14789ca09,True,0.0008051529790660225,1242,2.901127565004376e-06,34469356.4,,,,,,,,,,,,,,,,,,,,,,,,,,,,,,,,,,,,,,,,,,,,bounded_preclose_bid_ask,,,,False,not_requested_for_horizon_or_variant,,,,event,covered_call,100,completed,106.65,143.81,True,3716.0,H23,0,AMD,15.027599999999998,primary,0.02922169279562864,17.38886569546928,2025
0.043651874035756544,2025-07-18,887,b33a6a41836cbad2b2d24830,time_value,7.55,O:AMD250718C00115000,1,1,2025-03-26,2025-03-26,114,0.08303838823849714,809,0.0,0.21466869198312255,2025-03-27,810,True,2025-07-18,887,2025-03-26,116,32773714.0,2025-07-18,modelled_physical_expiry,887,2025-07-18,"{""market_momentum"": -0.04316437802907913, ""market_volatility"": 0.013089707290464835, ""momentum"": 0.05992689495959991, ""volatility"": 0.02922169279562864, ""volume_state"": 17.38886569546928}",assumed_next_daily_close,10665.0,expiry,0000002488,0,-0.04316437802907913,0.013089707290464835,0.05992689495959991,1509.151,0.14150501640881388,43.299,7.25,0.0,725.0,ee18e6990f1758a14789ca09,True,0.0008051529790660225,1242,2.901127565004376e-06,34469356.4,,,,,,,,,,,,,,,,,,,,,,,,,,,,,,,,,,,,,,,,,,,,bounded_preclose_bid_ask,,,,False,not_requested_for_horizon_or_variant,,,,event,covered_call,100,completed,106.65,115.0,False,835.0,H23,0,AMD,50.849,primary,0.02922169279562864,17.38886569546928,2025
0.043651874035756544,2025-07-18,887,b33a6a41836cbad2b2d24830,time_value,9.4194,O:AMD250718C00115000,1,1,2025-03-26,2025-03-26,114,0.08303838823849714,809,0.0,0.2677066666666667,2025-03-27,810,True,2025-07-18,887,2025-03-26,116,32773714.0,2025-07-18,scheduled_exit,887,2025-07-18,"{""market_momentum"": -0.04316437802907913, ""market_volatility"": 0.013089707290464835, ""momentum"": 0.05992689495959991, ""volatility"": 0.02922169279562864, ""volume_state"": 17.38886569546928}",assumed_next_daily_close,10665.0,expiry,0000002488,0,-0.04316437802907913,0.013089707290464835,0.05992689495959991,5018.1816,0.4705280450070323,6.398999999999999,7.25,0.0,-0.0,ee18e6990f1758a14789ca09,True,0.0008051529790660225,1242,2.901127565004376e-06,34469356.4,,,,,,,,,,,,,,,,,,,,,,,,,,,,,,,,,,,,,,,,,,,,bounded_preclose_bid_ask,,,,False,not_requested_for_horizon_or_variant,,,,event,covered_call,100,completed,106.65,156.99,True,5034.0,H23,0,AMD,15.818399999999999,primary,0.02922169279562864,17.38886569546928,2025
,,,baceb55ef09c12944bed94cc,time_value,,,1,1,2022-06-13,2022-06-13,,,111,,,2022-06-14,112,False,,,2022-06-13,,,,,,,"{""market_momentum"": -0.044196360299739945, ""market_volatility"": 0.019467383046285182, ""momentum"": -0.0008040431886056076, ""volatility"": 0.04634833024814775, ""volume_state"": 18.59660793441876}",assumed_next_daily_close,,1,0000002488,,-0.044196360299739945,0.019467383046285182,-0.0008040431886056076,,,,,,,2365de4d09ca404355304144,False,,,,,,,,,,,,,,,,,,,,,,,,,,,,,,,,,,,,,,,,,,,,,,,,bounded_preclose_bid_ask,,,,False,not_requested_for_horizon_or_variant,,,no_standard_contract_within_rules,event,covered_call,,no_standard_contract_within_rules,,,False,,H23,0,AMD,,primary,0.04634833024814775,18.59660793441876,2022
,,,baceb55ef09c12944bed94cc,time_value,,,1,1,2022-06-13,2022-06-13,,,111,,,2022-06-14,112,False,,,2022-06-13,,,,,,,"{""market_momentum"": -0.044196360299739945, ""market_volatility"": 0.019467383046285182, ""momentum"": -0.0008040431886056076, ""volatility"": 0.04634833024814775, ""volume_state"": 18.59660793441876}",assumed_next_daily_close,,1,0000002488,,-0.044196360299739945,0.019467383046285182,-0.0008040431886056076,,,,,,,2365de4d09ca404355304144,False,,,,,,,,,,,,,,,,,,,,,,,,,,,,,,,,,,,,,,,,,,,,,,,,bounded_preclose_bid_ask,,,,False,not_requested_for_horizon_or_variant,,,no_standard_contract_within_rules,event,covered_call,,no_standard_contract_within_rules,,,True,,H23,0,AMD,,primary,0.04634833024814775,18.59660793441876,2022
,,,baceb55ef09c12944bed94cc,time_value,,,1,1,2022-06-13,2022-06-13,,,111,,,2022-06-14,112,False,,,2022-06-13,,,,,,,"{""market_momentum"": -0.044196360299739945, ""market_volatility"": 0.019467383046285182, ""momentum"": -0.0008040431886056076, ""volatility"": 0.04634833024814775, ""volume_state"": 18.59660793441876}",assumed_next_daily_close,,2,0000002488,,-0.044196360299739945,0.019467383046285182,-0.0008040431886056076,,,,,,,2365de4d09ca404355304144,False,,,,,,,,,,,,,,,,,,,,,,,,,,,,,,,,,,,,,,,,,,,,,,,,bounded_preclose_bid_ask,,,,False,not_requested_for_horizon_or_variant,,,no_standard_contract_within_rules,event,covered_call,,no_standard_contract_within_rules,,,False,,H23,0,AMD,,primary,0.04634833024814775,18.59660793441876,2022
,,,baceb55ef09c12944bed94cc,time_value,,,1,1,2022-06-13,2022-06-13,,,111,,,2022-06-14,112,False,,,2022-06-13,,,,,,,"{""market_momentum"": -0.044196360299739945, ""market_volatility"": 0.019467383046285182, ""momentum"": -0.0008040431886056076, ""volatility"": 0.04634833024814775, ""volume_state"": 18.59660793441876}",assumed_next_daily_close,,2,0000002488,,-0.044196360299739945,0.019467383046285182,-0.0008040431886056076,,,,,,,2365de4d09ca404355304144,False,,,,,,,,,,,,,,,,,,,,,,,,,,,,,,,,,,,,,,,,,,,,,,,,bounded_preclose_bid_ask,,,,False,not_requested_for_horizon_or_variant,,,no_standard_contract_within_rules,event,covered_call,,no_standard_contract_within_rules,,,True,,H23,0,AMD,,primary,0.04634833024814775,18.59660793441876,2022
,,,baceb55ef09c12944bed94cc,time_value,,,1,1,2022-06-13,2022-06-13,,,111,,,2022-06-14,112,False,,,2022-06-13,,,,,,,"{""market_momentum"": -0.044196360299739945, ""market_volatility"": 0.019467383046285182, ""momentum"": -0.0008040431886056076, ""volatility"": 0.04634833024814775, ""volume_state"": 18.59660793441876}",assumed_next_daily_close,,3,0000002488,,-0.044196360299739945,0.019467383046285182,-0.0008040431886056076,,,,,,,2365de4d09ca404355304144,False,,,,,,,,,,,,,,,,,,,,,,,,,,,,,,,,,,,,,,,,,,,,,,,,bounded_preclose_bid_ask,,,,False,not_requested_for_horizon_or_variant,,,no_standard_contract_within_rules,event,covered_call,,no_standard_contract_within_rules,,,False,,H23,0,AMD,,primary,0.04634833024814775,18.59660793441876,2022
,,,baceb55ef09c12944bed94cc,time_value,,,1,1,2022-06-13,2022-06-13,,,111,,,2022-06-14,112,False,,,2022-06-13,,,,,,,"{""market_momentum"": -0.044196360299739945, ""market_volatility"": 0.019467383046285182, ""momentum"": -0.0008040431886056076, ""volatility"": 0.04634833024814775, ""volume_state"": 18.59660793441876}",assumed_next_daily_close,,3,0000002488,,-0.044196360299739945,0.019467383046285182,-0.0008040431886056076,,,,,,,2365de4d09ca404355304144,False,,,,,,,,,,,,,,,,,,,,,,,,,,,,,,,,,,,,,,,,,,,,,,,,bounded_preclose_bid_ask,,,,False,not_requested_for_horizon_or_variant,,,no_standard_contract_within_rules,event,covered_call,,no_standard_contract_within_rules,,,True,,H23,0,AMD,,primary,0.04634833024814775,18.59660793441876,2022
,,,baceb55ef09c12944bed94cc,time_value,,,1,1,2022-06-13,2022-06-13,,,111,,,2022-06-14,112,False,,,2022-06-13,,,,,,,"{""market_momentum"": -0.044196360299739945, ""market_volatility"": 0.019467383046285182, ""momentum"": -0.0008040431886056076, ""volatility"": 0.04634833024814775, ""volume_state"": 18.59660793441876}",assumed_next_daily_close,,5,0000002488,,-0.044196360299739945,0.019467383046285182,-0.0008040431886056076,,,,,,,2365de4d09ca404355304144,False,,,,,,,,,,,,,,,,,,,,,,,,,,,,,,,,,,,,,,,,,,,,,,,,bounded_preclose_bid_ask,,,,False,not_requested_for_horizon_or_variant,,,no_standard_contract_within_rules,event,covered_call,,no_standard_contract_within_rules,,,False,,H23,0,AMD,,primary,0.04634833024814775,18.59660793441876,2022
,,,baceb55ef09c12944bed94cc,time_value,,,1,1,2022-06-13,2022-06-13,,,111,,,2022-06-14,112,False,,,2022-06-13,,,,,,,"{""market_momentum"": -0.044196360299739945, ""market_volatility"": 0.019467383046285182, ""momentum"": -0.0008040431886056076, ""volatility"": 0.04634833024814775, ""volume_state"": 18.59660793441876}",assumed_next_daily_close,,5,0000002488,,-0.044196360299739945,0.019467383046285182,-0.0008040431886056076,,,,,,,2365de4d09ca404355304144,False,,,,,,,,,,,,,,,,,,,,,,,,,,,,,,,,,,,,,,,,,,,,,,,,bounded_preclose_bid_ask,,,,False,not_requested_for_horizon_or_variant,,,no_standard_contract_within_rules,event,covered_call,,no_standard_contract_within_rules,,,True,,H23,0,AMD,,primary,0.04634833024814775,18.59660793441876,2022
,,,baceb55ef09c12944bed94cc,time_value,,,1,1,2022-06-13,2022-06-13,,,111,,,2022-06-14,112,False,,,2022-06-13,,,,,,,"{""market_momentum"": -0.044196360299739945, ""market_volatility"": 0.019467383046285182, ""momentum"": -0.0008040431886056076, ""volatility"": 0.04634833024814775, ""volume_state"": 18.59660793441876}",assumed_next_daily_close,,10,0000002488,,-0.044196360299739945,0.019467383046285182,-0.0008040431886056076,,,,,,,2365de4d09ca404355304144,False,,,,,,,,,,,,,,,,,,,,,,,,,,,,,,,,,,,,,,,,,,,,,,,,bounded_preclose_bid_ask,,,,False,not_sampled_or_missing_quotes,,,no_standard_contract_within_rules,event,covered_call,,no_standard_contract_within_rules,,,False,,H23,0,AMD,,primary,0.04634833024814775,18.59660793441876,2022
,,,baceb55ef09c12944bed94cc,time_value,,,1,1,2022-06-13,2022-06-13,,,111,,,2022-06-14,112,False,,,2022-06-13,,,,,,,"{""market_momentum"": -0.044196360299739945, ""market_volatility"": 0.019467383046285182, ""momentum"": -0.0008040431886056076, ""volatility"": 0.04634833024814775, ""volume_state"": 18.59660793441876}",assumed_next_daily_close,,10,0000002488,,-0.044196360299739945,0.019467383046285182,-0.0008040431886056076,,,,,,,2365de4d09ca404355304144,False,,,,,,,,,,,,,,,,,,,,,,,,,,,,,,,,,,,,,,,,,,,,,,,,bounded_preclose_bid_ask,,,,False,not_sampled_or_missing_quotes,,,no_standard_contract_within_rules,event,covered_call,,no_standard_contract_within_rules,,,True,,H23,0,AMD,,primary,0.04634833024814775,18.59660793441876,2022
,,,baceb55ef09c12944bed94cc,time_value,,,1,1,2022-06-13,2022-06-13,,,111,,,2022-06-14,112,False,,,2022-06-13,,,,,,,"{""market_momentum"": -0.044196360299739945, ""market_volatility"": 0.019467383046285182, ""momentum"": -0.0008040431886056076, ""volatility"": 0.04634833024814775, ""volume_state"": 18.59660793441876}",assumed_next_daily_close,,21,0000002488,,-0.044196360299739945,0.019467383046285182,-0.0008040431886056076,,,,,,,2365de4d09ca404355304144,False,,,,,,,,,,,,,,,,,,,,,,,,,,,,,,,,,,,,,,,,,,,,,,,,bounded_preclose_bid_ask,,,,False,not_requested_for_horizon_or_variant,,,no_standard_contract_within_rules,event,covered_call,,no_standard_contract_within_rules,,,False,,H23,0,AMD,,primary,0.04634833024814775,18.59660793441876,2022
,,,baceb55ef09c12944bed94cc,time_value,,,1,1,2022-06-13,2022-06-13,,,111,,,2022-06-14,112,False,,,2022-06-13,,,,,,,"{""market_momentum"": -0.044196360299739945, ""market_volatility"": 0.019467383046285182, ""momentum"": -0.0008040431886056076, ""volatility"": 0.04634833024814775, ""volume_state"": 18.59660793441876}",assumed_next_daily_close,,21,0000002488,,-0.044196360299739945,0.019467383046285182,-0.0008040431886056076,,,,,,,2365de4d09ca404355304144,False,,,,,,,,,,,,,,,,,,,,,,,,,,,,,,,,,,,,,,,,,,,,,,,,bounded_preclose_bid_ask,,,,False,not_requested_for_horizon_or_variant,,,no_standard_contract_within_rules,event,covered_call,,no_standard_contract_within_rules,,,True,,H23,0,AMD,,primary,0.04634833024814775,18.59660793441876,2022
,,,baceb55ef09c12944bed94cc,time_value,,,1,1,2022-06-13,2022-06-13,,,111,,,2022-06-14,112,False,,,2022-06-13,,,,,,,"{""market_momentum"": -0.044196360299739945, ""market_volatility"": 0.019467383046285182, ""momentum"": -0.0008040431886056076, ""volatility"": 0.04634833024814775, ""volume_state"": 18.59660793441876}",assumed_next_daily_close,,42,0000002488,,-0.044196360299739945,0.019467383046285182,-0.0008040431886056076,,,,,,,2365de4d09ca404355304144,False,,,,,,,,,,,,,,,,,,,,,,,,,,,,,,,,,,,,,,,,,,,,,,,,bounded_preclose_bid_ask,,,,False,not_requested_for_horizon_or_variant,,,no_standard_contract_within_rules,event,covered_call,,no_standard_contract_within_rules,,,False,,H23,0,AMD,,primary,0.04634833024814775,18.59660793441876,2022
,,,baceb55ef09c12944bed94cc,time_value,,,1,1,2022-06-13,2022-06-13,,,111,,,2022-06-14,112,False,,,2022-06-13,,,,,,,"{""market_momentum"": -0.044196360299739945, ""market_volatility"": 0.019467383046285182, ""momentum"": -0.0008040431886056076, ""volatility"": 0.04634833024814775, ""volume_state"": 18.59660793441876}",assumed_next_daily_close,,42,0000002488,,-0.044196360299739945,0.019467383046285182,-0.0008040431886056076,,,,,,,2365de4d09ca404355304144,False,,,,,,,,,,,,,,,,,,,,,,,,,,,,,,,,,,,,,,,,,,,,,,,,bounded_preclose_bid_ask,,,,False,not_requested_for_horizon_or_variant,,,no_standard_contract_within_rules,event,covered_call,,no_standard_contract_within_rules,,,True,,H23,0,AMD,,primary,0.04634833024814775,18.59660793441876,2022
,,,baceb55ef09c12944bed94cc,time_value,,,1,1,2022-06-13,2022-06-13,,,111,,,2022-06-14,112,False,,,2022-06-13,,,,,,,"{""market_momentum"": -0.044196360299739945, ""market_volatility"": 0.019467383046285182, ""momentum"": -0.0008040431886056076, ""volatility"": 0.04634833024814775, ""volume_state"": 18.59660793441876}",assumed_next_daily_close,,63,0000002488,,-0.044196360299739945,0.019467383046285182,-0.0008040431886056076,,,,,,,2365de4d09ca404355304144,False,,,,,,,,,,,,,,,,,,,,,,,,,,,,,,,,,,,,,,,,,,,,,,,,bounded_preclose_bid_ask,,,,False,not_requested_for_horizon_or_variant,,,no_standard_contract_within_rules,event,covered_call,,no_standard_contract_within_rules,,,False,,H23,0,AMD,,primary,0.04634833024814775,18.59660793441876,2022
,,,baceb55ef09c12944bed94cc,time_value,,,1,1,2022-06-13,2022-06-13,,,111,,,2022-06-14,112,False,,,2022-06-13,,,,,,,"{""market_momentum"": -0.044196360299739945, ""market_volatility"": 0.019467383046285182, ""momentum"": -0.0008040431886056076, ""volatility"": 0.04634833024814775, ""volume_state"": 18.59660793441876}",assumed_next_daily_close,,63,0000002488,,-0.044196360299739945,0.019467383046285182,-0.0008040431886056076,,,,,,,2365de4d09ca404355304144,False,,,,,,,,,,,,,,,,,,,,,,,,,,,,,,,,,,,,,,,,,,,,,,,,bounded_preclose_bid_ask,,,,False,not_requested_for_horizon_or_variant,,,no_standard_contract_within_rules,event,covered_call,,no_standard_contract_within_rules,,,True,,H23,0,AMD,,primary,0.04634833024814775,18.59660793441876,2022
,,,baceb55ef09c12944bed94cc,time_value,,,1,1,2022-06-13,2022-06-13,,,111,,,2022-06-14,112,False,,,2022-06-13,,,,,,,"{""market_momentum"": -0.044196360299739945, ""market_volatility"": 0.019467383046285182, ""momentum"": -0.0008040431886056076, ""volatility"": 0.04634833024814775, ""volume_state"": 18.59660793441876}",assumed_next_daily_close,,expiry,0000002488,,-0.044196360299739945,0.019467383046285182,-0.0008040431886056076,,,,,,,2365de4d09ca404355304144,False,,,,,,,,,,,,,,,,,,,,,,,,,,,,,,,,,,,,,,,,,,,,,,,,bounded_preclose_bid_ask,,,,False,not_requested_for_horizon_or_variant,,,no_standard_contract_within_rules,event,covered_call,,no_standard_contract_within_rules,,,False,,H23,0,AMD,,primary,0.04634833024814775,18.59660793441876,2022
,,,baceb55ef09c12944bed94cc,time_value,,,1,1,2022-06-13,2022-06-13,,,111,,,2022-06-14,112,False,,,2022-06-13,,,,,,,"{""market_momentum"": -0.044196360299739945, ""market_volatility"": 0.019467383046285182, ""momentum"": -0.0008040431886056076, ""volatility"": 0.04634833024814775, ""volume_state"": 18.59660793441876}",assumed_next_daily_close,,expiry,0000002488,,-0.044196360299739945,0.019467383046285182,-0.0008040431886056076,,,,,,,2365de4d09ca404355304144,False,,,,,,,,,,,,,,,,,,,,,,,,,,,,,,,,,,,,,,,,,,,,,,,,bounded_preclose_bid_ask,,,,False,not_requested_for_horizon_or_variant,,,no_standard_contract_within_rules,event,covered_call,,no_standard_contract_within_rules,,,True,,H23,0,AMD,,primary,0.04634833024814775,18.59660793441876,2022
,,,bc1a8c4150c980f9e3b6027b,time_value,,,1,1,2023-06-26,2023-06-26,,,370,,,2023-06-27,371,False,,,2024-02-21,,,,,,,"{""market_momentum"": 0.04950254202242821, ""market_volatility"": 0.007252056985208533, ""momentum"": 0.10874469214437377, ""volatility"": 0.01562324266488052, ""volume_state"": 15.006435131754209}",assumed_next_daily_close,,1,0000004962,,0.04950254202242821,0.007252056985208533,0.10874469214437377,,,,,,,5e5e1d315525adfc396f5b1b,False,,,,,,,,,,,,,,,,,,,,,,,,,,,,,,,,,,,,,,,,,,,,,,,,bounded_preclose_bid_ask,,,,False,not_requested_for_horizon_or_variant,,,missing_decision_or_entry_bar,ordinary,covered_call,,missing_decision_or_entry_bar,,,False,,H23,0,AXP,,primary,0.01562324266488052,15.006435131754209,2023
,,,bc1a8c4150c980f9e3b6027b,time_value,,,1,1,2023-06-26,2023-06-26,,,370,,,2023-06-27,371,False,,,2024-02-21,,,,,,,"{""market_momentum"": 0.04950254202242821, ""market_volatility"": 0.007252056985208533, ""momentum"": 0.10874469214437377, ""volatility"": 0.01562324266488052, ""volume_state"": 15.006435131754209}",assumed_next_daily_close,,1,0000004962,,0.04950254202242821,0.007252056985208533,0.10874469214437377,,,,,,,5e5e1d315525adfc396f5b1b,False,,,,,,,,,,,,,,,,,,,,,,,,,,,,,,,,,,,,,,,,,,,,,,,,bounded_preclose_bid_ask,,,,False,not_requested_for_horizon_or_variant,,,missing_decision_or_entry_bar,ordinary,covered_call,,missing_decision_or_entry_bar,,,True,,H23,0,AXP,,primary,0.01562324266488052,15.006435131754209,2023
,,,bc1a8c4150c980f9e3b6027b,time_value,,,1,1,2023-06-26,2023-06-26,,,370,,,2023-06-27,371,False,,,2024-02-21,,,,,,,"{""market_momentum"": 0.04950254202242821, ""market_volatility"": 0.007252056985208533, ""momentum"": 0.10874469214437377, ""volatility"": 0.01562324266488052, ""volume_state"": 15.006435131754209}",assumed_next_daily_close,,2,0000004962,,0.04950254202242821,0.007252056985208533,0.10874469214437377,,,,,,,5e5e1d315525adfc396f5b1b,False,,,,,,,,,,,,,,,,,,,,,,,,,,,,,,,,,,,,,,,,,,,,,,,,bounded_preclose_bid_ask,,,,False,not_requested_for_horizon_or_variant,,,missing_decision_or_entry_bar,ordinary,covered_call,,missing_decision_or_entry_bar,,,False,,H23,0,AXP,,primary,0.01562324266488052,15.006435131754209,2023
,,,bc1a8c4150c980f9e3b6027b,time_value,,,1,1,2023-06-26,2023-06-26,,,370,,,2023-06-27,371,False,,,2024-02-21,,,,,,,"{""market_momentum"": 0.04950254202242821, ""market_volatility"": 0.007252056985208533, ""momentum"": 0.10874469214437377, ""volatility"": 0.01562324266488052, ""volume_state"": 15.006435131754209}",assumed_next_daily_close,,2,0000004962,,0.04950254202242821,0.007252056985208533,0.10874469214437377,,,,,,,5e5e1d315525adfc396f5b1b,False,,,,,,,,,,,,,,,,,,,,,,,,,,,,,,,,,,,,,,,,,,,,,,,,bounded_preclose_bid_ask,,,,False,not_requested_for_horizon_or_variant,,,missing_decision_or_entry_bar,ordinary,covered_call,,missing_decision_or_entry_bar,,,True,,H23,0,AXP,,primary,0.01562324266488052,15.006435131754209,2023
,,,bc1a8c4150c980f9e3b6027b,time_value,,,1,1,2023-06-26,2023-06-26,,,370,,,2023-06-27,371,False,,,2024-02-21,,,,,,,"{""market_momentum"": 0.04950254202242821, ""market_volatility"": 0.007252056985208533, ""momentum"": 0.10874469214437377, ""volatility"": 0.01562324266488052, ""volume_state"": 15.006435131754209}",assumed_next_daily_close,,3,0000004962,,0.04950254202242821,0.007252056985208533,0.10874469214437377,,,,,,,5e5e1d315525adfc396f5b1b,False,,,,,,,,,,,,,,,,,,,,,,,,,,,,,,,,,,,,,,,,,,,,,,,,bounded_preclose_bid_ask,,,,False,not_requested_for_horizon_or_variant,,,missing_decision_or_entry_bar,ordinary,covered_call,,missing_decision_or_entry_bar,,,False,,H23,0,AXP,,primary,0.01562324266488052,15.006435131754209,2023
,,,bc1a8c4150c980f9e3b6027b,time_value,,,1,1,2023-06-26,2023-06-26,,,370,,,2023-06-27,371,False,,,2024-02-21,,,,,,,"{""market_momentum"": 0.04950254202242821, ""market_volatility"": 0.007252056985208533, ""momentum"": 0.10874469214437377, ""volatility"": 0.01562324266488052, ""volume_state"": 15.006435131754209}",assumed_next_daily_close,,3,0000004962,,0.04950254202242821,0.007252056985208533,0.10874469214437377,,,,,,,5e5e1d315525adfc396f5b1b,False,,,,,,,,,,,,,,,,,,,,,,,,,,,,,,,,,,,,,,,,,,,,,,,,bounded_preclose_bid_ask,,,,False,not_requested_for_horizon_or_variant,,,missing_decision_or_entry_bar,ordinary,covered_call,,missing_decision_or_entry_bar,,,True,,H23,0,AXP,,primary,0.01562324266488052,15.006435131754209,2023
,,,bc1a8c4150c980f9e3b6027b,time_value,,,1,1,2023-06-26,2023-06-26,,,370,,,2023-06-27,371,False,,,2024-02-21,,,,,,,"{""market_momentum"": 0.04950254202242821, ""market_volatility"": 0.007252056985208533, ""momentum"": 0.10874469214437377, ""volatility"": 0.01562324266488052, ""volume_state"": 15.006435131754209}",assumed_next_daily_close,,5,0000004962,,0.04950254202242821,0.007252056985208533,0.10874469214437377,,,,,,,5e5e1d315525adfc396f5b1b,False,,,,,,,,,,,,,,,,,,,,,,,,,,,,,,,,,,,,,,,,,,,,,,,,bounded_preclose_bid_ask,,,,False,not_requested_for_horizon_or_variant,,,missing_decision_or_entry_bar,ordinary,covered_call,,missing_decision_or_entry_bar,,,False,,H23,0,AXP,,primary,0.01562324266488052,15.006435131754209,2023
,,,bc1a8c4150c980f9e3b6027b,time_value,,,1,1,2023-06-26,2023-06-26,,,370,,,2023-06-27,371,False,,,2024-02-21,,,,,,,"{""market_momentum"": 0.04950254202242821, ""market_volatility"": 0.007252056985208533, ""momentum"": 0.10874469214437377, ""volatility"": 0.01562324266488052, ""volume_state"": 15.006435131754209}",assumed_next_daily_close,,5,0000004962,,0.04950254202242821,0.007252056985208533,0.10874469214437377,,,,,,,5e5e1d315525adfc396f5b1b,False,,,,,,,,,,,,,,,,,,,,,,,,,,,,,,,,,,,,,,,,,,,,,,,,bounded_preclose_bid_ask,,,,False,not_requested_for_horizon_or_variant,,,missing_decision_or_entry_bar,ordinary,covered_call,,missing_decision_or_entry_bar,,,True,,H23,0,AXP,,primary,0.01562324266488052,15.006435131754209,2023
,,,bc1a8c4150c980f9e3b6027b,time_value,,,1,1,2023-06-26,2023-06-26,,,370,,,2023-06-27,371,False,,,2024-02-21,,,,,,,"{""market_momentum"": 0.04950254202242821, ""market_volatility"": 0.007252056985208533, ""momentum"": 0.10874469214437377, ""volatility"": 0.01562324266488052, ""volume_state"": 15.006435131754209}",assumed_next_daily_close,,10,0000004962,,0.04950254202242821,0.007252056985208533,0.10874469214437377,,,,,,,5e5e1d315525adfc396f5b1b,False,,,,,,,,,,,,,,,,,,,,,,,,,,,,,,,,,,,,,,,,,,,,,,,,bounded_preclose_bid_ask,,,,False,bar_outcome_not_completed,,,missing_decision_or_entry_bar,ordinary,covered_call,,missing_decision_or_entry_bar,,,False,,H23,0,AXP,,primary,0.01562324266488052,15.006435131754209,2023
,,,bc1a8c4150c980f9e3b6027b,time_value,,,1,1,2023-06-26,2023-06-26,,,370,,,2023-06-27,371,False,,,2024-02-21,,,,,,,"{""market_momentum"": 0.04950254202242821, ""market_volatility"": 0.007252056985208533, ""momentum"": 0.10874469214437377, ""volatility"": 0.01562324266488052, ""volume_state"": 15.006435131754209}",assumed_next_daily_close,,10,0000004962,,0.04950254202242821,0.007252056985208533,0.10874469214437377,,,,,,,5e5e1d315525adfc396f5b1b,False,,,,,,,,,,,,,,,,,,,,,,,,,,,,,,,,,,,,,,,,,,,,,,,,bounded_preclose_bid_ask,,,,False,bar_outcome_not_completed,,,missing_decision_or_entry_bar,ordinary,covered_call,,missing_decision_or_entry_bar,,,True,,H23,0,AXP,,primary,0.01562324266488052,15.006435131754209,2023
,,,bc1a8c4150c980f9e3b6027b,time_value,,,1,1,2023-06-26,2023-06-26,,,370,,,2023-06-27,371,False,,,2024-02-21,,,,,,,"{""market_momentum"": 0.04950254202242821, ""market_volatility"": 0.007252056985208533, ""momentum"": 0.10874469214437377, ""volatility"": 0.01562324266488052, ""volume_state"": 15.006435131754209}",assumed_next_daily_close,,21,0000004962,,0.04950254202242821,0.007252056985208533,0.10874469214437377,,,,,,,5e5e1d315525adfc396f5b1b,False,,,,,,,,,,,,,,,,,,,,,,,,,,,,,,,,,,,,,,,,,,,,,,,,bounded_preclose_bid_ask,,,,False,not_requested_for_horizon_or_variant,,,missing_decision_or_entry_bar,ordinary,covered_call,,missing_decision_or_entry_bar,,,False,,H23,0,AXP,,primary,0.01562324266488052,15.006435131754209,2023
,,,bc1a8c4150c980f9e3b6027b,time_value,,,1,1,2023-06-26,2023-06-26,,,370,,,2023-06-27,371,False,,,2024-02-21,,,,,,,"{""market_momentum"": 0.04950254202242821, ""market_volatility"": 0.007252056985208533, ""momentum"": 0.10874469214437377, ""volatility"": 0.01562324266488052, ""volume_state"": 15.006435131754209}",assumed_next_daily_close,,21,0000004962,,0.04950254202242821,0.007252056985208533,0.10874469214437377,,,,,,,5e5e1d315525adfc396f5b1b,False,,,,,,,,,,,,,,,,,,,,,,,,,,,,,,,,,,,,,,,,,,,,,,,,bounded_preclose_bid_ask,,,,False,not_requested_for_horizon_or_variant,,,missing_decision_or_entry_bar,ordinary,covered_call,,missing_decision_or_entry_bar,,,True,,H23,0,AXP,,primary,0.01562324266488052,15.006435131754209,2023
,,,bc1a8c4150c980f9e3b6027b,time_value,,,1,1,2023-06-26,2023-06-26,,,370,,,2023-06-27,371,False,,,2024-02-21,,,,,,,"{""market_momentum"": 0.04950254202242821, ""market_volatility"": 0.007252056985208533, ""momentum"": 0.10874469214437377, ""volatility"": 0.01562324266488052, ""volume_state"": 15.006435131754209}",assumed_next_daily_close,,42,0000004962,,0.04950254202242821,0.007252056985208533,0.10874469214437377,,,,,,,5e5e1d315525adfc396f5b1b,False,,,,,,,,,,,,,,,,,,,,,,,,,,,,,,,,,,,,,,,,,,,,,,,,bounded_preclose_bid_ask,,,,False,not_requested_for_horizon_or_variant,,,missing_decision_or_entry_bar,ordinary,covered_call,,missing_decision_or_entry_bar,,,False,,H23,0,AXP,,primary,0.01562324266488052,15.006435131754209,2023
,,,bc1a8c4150c980f9e3b6027b,time_value,,,1,1,2023-06-26,2023-06-26,,,370,,,2023-06-27,371,False,,,2024-02-21,,,,,,,"{""market_momentum"": 0.04950254202242821, ""market_volatility"": 0.007252056985208533, ""momentum"": 0.10874469214437377, ""volatility"": 0.01562324266488052, ""volume_state"": 15.006435131754209}",assumed_next_daily_close,,42,0000004962,,0.04950254202242821,0.007252056985208533,0.10874469214437377,,,,,,,5e5e1d315525adfc396f5b1b,False,,,,,,,,,,,,,,,,,,,,,,,,,,,,,,,,,,,,,,,,,,,,,,,,bounded_preclose_bid_ask,,,,False,not_requested_for_horizon_or_variant,,,missing_decision_or_entry_bar,ordinary,covered_call,,missing_decision_or_entry_bar,,,True,,H23,0,AXP,,primary,0.01562324266488052,15.006435131754209,2023
,,,bc1a8c4150c980f9e3b6027b,time_value,,,1,1,2023-06-26,2023-06-26,,,370,,,2023-06-27,371,False,,,2024-02-21,,,,,,,"{""market_momentum"": 0.04950254202242821, ""market_volatility"": 0.007252056985208533, ""momentum"": 0.10874469214437377, ""volatility"": 0.01562324266488052, ""volume_state"": 15.006435131754209}",assumed_next_daily_close,,63,0000004962,,0.04950254202242821,0.007252056985208533,0.10874469214437377,,,,,,,5e5e1d315525adfc396f5b1b,False,,,,,,,,,,,,,,,,,,,,,,,,,,,,,,,,,,,,,,,,,,,,,,,,bounded_preclose_bid_ask,,,,False,not_requested_for_horizon_or_variant,,,missing_decision_or_entry_bar,ordinary,covered_call,,missing_decision_or_entry_bar,,,False,,H23,0,AXP,,primary,0.01562324266488052,15.006435131754209,2023
,,,bc1a8c4150c980f9e3b6027b,time_value,,,1,1,2023-06-26,2023-06-26,,,370,,,2023-06-27,371,False,,,2024-02-21,,,,,,,"{""market_momentum"": 0.04950254202242821, ""market_volatility"": 0.007252056985208533, ""momentum"": 0.10874469214437377, ""volatility"": 0.01562324266488052, ""volume_state"": 15.006435131754209}",assumed_next_daily_close,,63,0000004962,,0.04950254202242821,0.007252056985208533,0.10874469214437377,,,,,,,5e5e1d315525adfc396f5b1b,False,,,,,,,,,,,,,,,,,,,,,,,,,,,,,,,,,,,,,,,,,,,,,,,,bounded_preclose_bid_ask,,,,False,not_requested_for_horizon_or_variant,,,missing_decision_or_entry_bar,ordinary,covered_call,,missing_decision_or_entry_bar,,,True,,H23,0,AXP,,primary,0.01562324266488052,15.006435131754209,2023
,,,bc1a8c4150c980f9e3b6027b,time_value,,,1,1,2023-06-26,2023-06-26,,,370,,,2023-06-27,371,False,,,2024-02-21,,,,,,,"{""market_momentum"": 0.04950254202242821, ""market_volatility"": 0.007252056985208533, ""momentum"": 0.10874469214437377, ""volatility"": 0.01562324266488052, ""volume_state"": 15.006435131754209}",assumed_next_daily_close,,expiry,0000004962,,0.04950254202242821,0.007252056985208533,0.10874469214437377,,,,,,,5e5e1d315525adfc396f5b1b,False,,,,,,,,,,,,,,,,,,,,,,,,,,,,,,,,,,,,,,,,,,,,,,,,bounded_preclose_bid_ask,,,,False,not_requested_for_horizon_or_variant,,,missing_decision_or_entry_bar,ordinary,covered_call,,missing_decision_or_entry_bar,,,False,,H23,0,AXP,,primary,0.01562324266488052,15.006435131754209,2023
,,,bc1a8c4150c980f9e3b6027b,time_value,,,1,1,2023-06-26,2023-06-26,,,370,,,2023-06-27,371,False,,,2024-02-21,,,,,,,"{""market_momentum"": 0.04950254202242821, ""market_volatility"": 0.007252056985208533, ""momentum"": 0.10874469214437377, ""volatility"": 0.01562324266488052, ""volume_state"": 15.006435131754209}",assumed_next_daily_close,,expiry,0000004962,,0.04950254202242821,0.007252056985208533,0.10874469214437377,,,,,,,5e5e1d315525adfc396f5b1b,False,,,,,,,,,,,,,,,,,,,,,,,,,,,,,,,,,,,,,,,,,,,,,,,,bounded_preclose_bid_ask,,,,False,not_requested_for_horizon_or_variant,,,missing_decision_or_entry_bar,ordinary,covered_call,,missing_decision_or_entry_bar,,,True,,H23,0,AXP,,primary,0.01562324266488052,15.006435131754209,2023
,,,bf6c0f98f5dec54b54ba07e2,time_value,,,1,1,2024-09-16,2024-09-16,,,678,,,2024-09-17,679,False,,,2025-02-03,,,,,,,"{""market_momentum"": 0.017665033359249183, ""market_volatility"": 0.008408151517643481, ""momentum"": 0.0464529058116232, ""volatility"": 0.01640720203070698, ""volume_state"": 14.770920202938466}",assumed_next_daily_close,,1,0000004962,,0.017665033359249183,0.008408151517643481,0.0464529058116232,,,,,,,578221006b234f3d17eb9f93,False,,,,,,,,,,,,,,,,,,,,,,,,,,,,,,,,,,,,,,,,,,,,,,,,bounded_preclose_bid_ask,,,,False,not_requested_for_horizon_or_variant,,,no_standard_contract_within_rules,ordinary,covered_call,,no_standard_contract_within_rules,,,False,,H23,0,AXP,,primary,0.01640720203070698,14.770920202938466,2024
,,,bf6c0f98f5dec54b54ba07e2,time_value,,,1,1,2024-09-16,2024-09-16,,,678,,,2024-09-17,679,False,,,2025-02-03,,,,,,,"{""market_momentum"": 0.017665033359249183, ""market_volatility"": 0.008408151517643481, ""momentum"": 0.0464529058116232, ""volatility"": 0.01640720203070698, ""volume_state"": 14.770920202938466}",assumed_next_daily_close,,1,0000004962,,0.017665033359249183,0.008408151517643481,0.0464529058116232,,,,,,,578221006b234f3d17eb9f93,False,,,,,,,,,,,,,,,,,,,,,,,,,,,,,,,,,,,,,,,,,,,,,,,,bounded_preclose_bid_ask,,,,False,not_requested_for_horizon_or_variant,,,no_standard_contract_within_rules,ordinary,covered_call,,no_standard_contract_within_rules,,,True,,H23,0,AXP,,primary,0.01640720203070698,14.770920202938466,2024
,,,bf6c0f98f5dec54b54ba07e2,time_value,,,1,1,2024-09-16,2024-09-16,,,678,,,2024-09-17,679,False,,,2025-02-03,,,,,,,"{""market_momentum"": 0.017665033359249183, ""market_volatility"": 0.008408151517643481, ""momentum"": 0.0464529058116232, ""volatility"": 0.01640720203070698, ""volume_state"": 14.770920202938466}",assumed_next_daily_close,,2,0000004962,,0.017665033359249183,0.008408151517643481,0.0464529058116232,,,,,,,578221006b234f3d17eb9f93,False,,,,,,,,,,,,,,,,,,,,,,,,,,,,,,,,,,,,,,,,,,,,,,,,bounded_preclose_bid_ask,,,,False,not_requested_for_horizon_or_variant,,,no_standard_contract_within_rules,ordinary,covered_call,,no_standard_contract_within_rules,,,False,,H23,0,AXP,,primary,0.01640720203070698,14.770920202938466,2024
,,,bf6c0f98f5dec54b54ba07e2,time_value,,,1,1,2024-09-16,2024-09-16,,,678,,,2024-09-17,679,False,,,2025-02-03,,,,,,,"{""market_momentum"": 0.017665033359249183, ""market_volatility"": 0.008408151517643481, ""momentum"": 0.0464529058116232, ""volatility"": 0.01640720203070698, ""volume_state"": 14.770920202938466}",assumed_next_daily_close,,2,0000004962,,0.017665033359249183,0.008408151517643481,0.0464529058116232,,,,,,,578221006b234f3d17eb9f93,False,,,,,,,,,,,,,,,,,,,,,,,,,,,,,,,,,,,,,,,,,,,,,,,,bounded_preclose_bid_ask,,,,False,not_requested_for_horizon_or_variant,,,no_standard_contract_within_rules,ordinary,covered_call,,no_standard_contract_within_rules,,,True,,H23,0,AXP,,primary,0.01640720203070698,14.770920202938466,2024
,,,bf6c0f98f5dec54b54ba07e2,time_value,,,1,1,2024-09-16,2024-09-16,,,678,,,2024-09-17,679,False,,,2025-02-03,,,,,,,"{""market_momentum"": 0.017665033359249183, ""market_volatility"": 0.008408151517643481, ""momentum"": 0.0464529058116232, ""volatility"": 0.01640720203070698, ""volume_state"": 14.770920202938466}",assumed_next_daily_close,,3,0000004962,,0.017665033359249183,0.008408151517643481,0.0464529058116232,,,,,,,578221006b234f3d17eb9f93,False,,,,,,,,,,,,,,,,,,,,,,,,,,,,,,,,,,,,,,,,,,,,,,,,bounded_preclose_bid_ask,,,,False,not_requested_for_horizon_or_variant,,,no_standard_contract_within_rules,ordinary,covered_call,,no_standard_contract_within_rules,,,False,,H23,0,AXP,,primary,0.01640720203070698,14.770920202938466,2024
,,,bf6c0f98f5dec54b54ba07e2,time_value,,,1,1,2024-09-16,2024-09-16,,,678,,,2024-09-17,679,False,,,2025-02-03,,,,,,,"{""market_momentum"": 0.017665033359249183, ""market_volatility"": 0.008408151517643481, ""momentum"": 0.0464529058116232, ""volatility"": 0.01640720203070698, ""volume_state"": 14.770920202938466}",assumed_next_daily_close,,3,0000004962,,0.017665033359249183,0.008408151517643481,0.0464529058116232,,,,,,,578221006b234f3d17eb9f93,False,,,,,,,,,,,,,,,,,,,,,,,,,,,,,,,,,,,,,,,,,,,,,,,,bounded_preclose_bid_ask,,,,False,not_requested_for_horizon_or_variant,,,no_standard_contract_within_rules,ordinary,covered_call,,no_standard_contract_within_rules,,,True,,H23,0,AXP,,primary,0.01640720203070698,14.770920202938466,2024
,,,bf6c0f98f5dec54b54ba07e2,time_value,,,1,1,2024-09-16,2024-09-16,,,678,,,2024-09-17,679,False,,,2025-02-03,,,,,,,"{""market_momentum"": 0.017665033359249183, ""market_volatility"": 0.008408151517643481, ""momentum"": 0.0464529058116232, ""volatility"": 0.01640720203070698, ""volume_state"": 14.770920202938466}",assumed_next_daily_close,,5,0000004962,,0.017665033359249183,0.008408151517643481,0.0464529058116232,,,,,,,578221006b234f3d17eb9f93,False,,,,,,,,,,,,,,,,,,,,,,,,,,,,,,,,,,,,,,,,,,,,,,,,bounded_preclose_bid_ask,,,,False,not_requested_for_horizon_or_variant,,,no_standard_contract_within_rules,ordinary,covered_call,,no_standard_contract_within_rules,,,False,,H23,0,AXP,,primary,0.01640720203070698,14.770920202938466,2024
,,,bf6c0f98f5dec54b54ba07e2,time_value,,,1,1,2024-09-16,2024-09-16,,,678,,,2024-09-17,679,False,,,2025-02-03,,,,,,,"{""market_momentum"": 0.017665033359249183, ""market_volatility"": 0.008408151517643481, ""momentum"": 0.0464529058116232, ""volatility"": 0.01640720203070698, ""volume_state"": 14.770920202938466}",assumed_next_daily_close,,5,0000004962,,0.017665033359249183,0.008408151517643481,0.0464529058116232,,,,,,,578221006b234f3d17eb9f93,False,,,,,,,,,,,,,,,,,,,,,,,,,,,,,,,,,,,,,,,,,,,,,,,,bounded_preclose_bid_ask,,,,False,not_requested_for_horizon_or_variant,,,no_standard_contract_within_rules,ordinary,covered_call,,no_standard_contract_within_rules,,,True,,H23,0,AXP,,primary,0.01640720203070698,14.770920202938466,2024
,,,bf6c0f98f5dec54b54ba07e2,time_value,,,1,1,2024-09-16,2024-09-16,,,678,,,2024-09-17,679,False,,,2025-02-03,,,,,,,"{""market_momentum"": 0.017665033359249183, ""market_volatility"": 0.008408151517643481, ""momentum"": 0.0464529058116232, ""volatility"": 0.01640720203070698, ""volume_state"": 14.770920202938466}",assumed_next_daily_close,,10,0000004962,,0.017665033359249183,0.008408151517643481,0.0464529058116232,,,,,,,578221006b234f3d17eb9f93,False,,,,,,,,,,,,,,,,,,,,,,,,,,,,,,,,,,,,,,,,,,,,,,,,bounded_preclose_bid_ask,,,,False,not_sampled_or_missing_quotes,,,no_standard_contract_within_rules,ordinary,covered_call,,no_standard_contract_within_rules,,,False,,H23,0,AXP,,primary,0.01640720203070698,14.770920202938466,2024
,,,bf6c0f98f5dec54b54ba07e2,time_value,,,1,1,2024-09-16,2024-09-16,,,678,,,2024-09-17,679,False,,,2025-02-03,,,,,,,"{""market_momentum"": 0.017665033359249183, ""market_volatility"": 0.008408151517643481, ""momentum"": 0.0464529058116232, ""volatility"": 0.01640720203070698, ""volume_state"": 14.770920202938466}",assumed_next_daily_close,,10,0000004962,,0.017665033359249183,0.008408151517643481,0.0464529058116232,,,,,,,578221006b234f3d17eb9f93,False,,,,,,,,,,,,,,,,,,,,,,,,,,,,,,,,,,,,,,,,,,,,,,,,bounded_preclose_bid_ask,,,,False,not_sampled_or_missing_quotes,,,no_standard_contract_within_rules,ordinary,covered_call,,no_standard_contract_within_rules,,,True,,H23,0,AXP,,primary,0.01640720203070698,14.770920202938466,2024
,,,bf6c0f98f5dec54b54ba07e2,time_value,,,1,1,2024-09-16,2024-09-16,,,678,,,2024-09-17,679,False,,,2025-02-03,,,,,,,"{""market_momentum"": 0.017665033359249183, ""market_volatility"": 0.008408151517643481, ""momentum"": 0.0464529058116232, ""volatility"": 0.01640720203070698, ""volume_state"": 14.770920202938466}",assumed_next_daily_close,,21,0000004962,,0.017665033359249183,0.008408151517643481,0.0464529058116232,,,,,,,578221006b234f3d17eb9f93,False,,,,,,,,,,,,,,,,,,,,,,,,,,,,,,,,,,,,,,,,,,,,,,,,bounded_preclose_bid_ask,,,,False,not_requested_for_horizon_or_variant,,,no_standard_contract_within_rules,ordinary,covered_call,,no_standard_contract_within_rules,,,False,,H23,0,AXP,,primary,0.01640720203070698,14.770920202938466,2024
,,,bf6c0f98f5dec54b54ba07e2,time_value,,,1,1,2024-09-16,2024-09-16,,,678,,,2024-09-17,679,False,,,2025-02-03,,,,,,,"{""market_momentum"": 0.017665033359249183, ""market_volatility"": 0.008408151517643481, ""momentum"": 0.0464529058116232, ""volatility"": 0.01640720203070698, ""volume_state"": 14.770920202938466}",assumed_next_daily_close,,21,0000004962,,0.017665033359249183,0.008408151517643481,0.0464529058116232,,,,,,,578221006b234f3d17eb9f93,False,,,,,,,,,,,,,,,,,,,,,,,,,,,,,,,,,,,,,,,,,,,,,,,,bounded_preclose_bid_ask,,,,False,not_requested_for_horizon_or_variant,,,no_standard_contract_within_rules,ordinary,covered_call,,no_standard_contract_within_rules,,,True,,H23,0,AXP,,primary,0.01640720203070698,14.770920202938466,2024
,,,bf6c0f98f5dec54b54ba07e2,time_value,,,1,1,2024-09-16,2024-09-16,,,678,,,2024-09-17,679,False,,,2025-02-03,,,,,,,"{""market_momentum"": 0.017665033359249183, ""market_volatility"": 0.008408151517643481, ""momentum"": 0.0464529058116232, ""volatility"": 0.01640720203070698, ""volume_state"": 14.770920202938466}",assumed_next_daily_close,,42,0000004962,,0.017665033359249183,0.008408151517643481,0.0464529058116232,,,,,,,578221006b234f3d17eb9f93,False,,,,,,,,,,,,,,,,,,,,,,,,,,,,,,,,,,,,,,,,,,,,,,,,bounded_preclose_bid_ask,,,,False,not_requested_for_horizon_or_variant,,,no_standard_contract_within_rules,ordinary,covered_call,,no_standard_contract_within_rules,,,False,,H23,0,AXP,,primary,0.01640720203070698,14.770920202938466,2024
,,,bf6c0f98f5dec54b54ba07e2,time_value,,,1,1,2024-09-16,2024-09-16,,,678,,,2024-09-17,679,False,,,2025-02-03,,,,,,,"{""market_momentum"": 0.017665033359249183, ""market_volatility"": 0.008408151517643481, ""momentum"": 0.0464529058116232, ""volatility"": 0.01640720203070698, ""volume_state"": 14.770920202938466}",assumed_next_daily_close,,42,0000004962,,0.017665033359249183,0.008408151517643481,0.0464529058116232,,,,,,,578221006b234f3d17eb9f93,False,,,,,,,,,,,,,,,,,,,,,,,,,,,,,,,,,,,,,,,,,,,,,,,,bounded_preclose_bid_ask,,,,False,not_requested_for_horizon_or_variant,,,no_standard_contract_within_rules,ordinary,covered_call,,no_standard_contract_within_rules,,,True,,H23,0,AXP,,primary,0.01640720203070698,14.770920202938466,2024
,,,bf6c0f98f5dec54b54ba07e2,time_value,,,1,1,2024-09-16,2024-09-16,,,678,,,2024-09-17,679,False,,,2025-02-03,,,,,,,"{""market_momentum"": 0.017665033359249183, ""market_volatility"": 0.008408151517643481, ""momentum"": 0.0464529058116232, ""volatility"": 0.01640720203070698, ""volume_state"": 14.770920202938466}",assumed_next_daily_close,,63,0000004962,,0.017665033359249183,0.008408151517643481,0.0464529058116232,,,,,,,578221006b234f3d17eb9f93,False,,,,,,,,,,,,,,,,,,,,,,,,,,,,,,,,,,,,,,,,,,,,,,,,bounded_preclose_bid_ask,,,,False,not_requested_for_horizon_or_variant,,,no_standard_contract_within_rules,ordinary,covered_call,,no_standard_contract_within_rules,,,False,,H23,0,AXP,,primary,0.01640720203070698,14.770920202938466,2024
,,,bf6c0f98f5dec54b54ba07e2,time_value,,,1,1,2024-09-16,2024-09-16,,,678,,,2024-09-17,679,False,,,2025-02-03,,,,,,,"{""market_momentum"": 0.017665033359249183, ""market_volatility"": 0.008408151517643481, ""momentum"": 0.0464529058116232, ""volatility"": 0.01640720203070698, ""volume_state"": 14.770920202938466}",assumed_next_daily_close,,63,0000004962,,0.017665033359249183,0.008408151517643481,0.0464529058116232,,,,,,,578221006b234f3d17eb9f93,False,,,,,,,,,,,,,,,,,,,,,,,,,,,,,,,,,,,,,,,,,,,,,,,,bounded_preclose_bid_ask,,,,False,not_requested_for_horizon_or_variant,,,no_standard_contract_within_rules,ordinary,covered_call,,no_standard_contract_within_rules,,,True,,H23,0,AXP,,primary,0.01640720203070698,14.770920202938466,2024
,,,bf6c0f98f5dec54b54ba07e2,time_value,,,1,1,2024-09-16,2024-09-16,,,678,,,2024-09-17,679,False,,,2025-02-03,,,,,,,"{""market_momentum"": 0.017665033359249183, ""market_volatility"": 0.008408151517643481, ""momentum"": 0.0464529058116232, ""volatility"": 0.01640720203070698, ""volume_state"": 14.770920202938466}",assumed_next_daily_close,,expiry,0000004962,,0.017665033359249183,0.008408151517643481,0.0464529058116232,,,,,,,578221006b234f3d17eb9f93,False,,,,,,,,,,,,,,,,,,,,,,,,,,,,,,,,,,,,,,,,,,,,,,,,bounded_preclose_bid_ask,,,,False,not_requested_for_horizon_or_variant,,,no_standard_contract_within_rules,ordinary,covered_call,,no_standard_contract_within_rules,,,False,,H23,0,AXP,,primary,0.01640720203070698,14.770920202938466,2024
,,,bf6c0f98f5dec54b54ba07e2,time_value,,,1,1,2024-09-16,2024-09-16,,,678,,,2024-09-17,679,False,,,2025-02-03,,,,,,,"{""market_momentum"": 0.017665033359249183, ""market_volatility"": 0.008408151517643481, ""momentum"": 0.0464529058116232, ""volatility"": 0.01640720203070698, ""volume_state"": 14.770920202938466}",assumed_next_daily_close,,expiry,0000004962,,0.017665033359249183,0.008408151517643481,0.0464529058116232,,,,,,,578221006b234f3d17eb9f93,False,,,,,,,,,,,,,,,,,,,,,,,,,,,,,,,,,,,,,,,,,,,,,,,,bounded_preclose_bid_ask,,,,False,not_requested_for_horizon_or_variant,,,no_standard_contract_within_rules,ordinary,covered_call,,no_standard_contract_within_rules,,,True,,H23,0,AXP,,primary,0.01640720203070698,14.770920202938466,2024
0.05688181550250515,2023-08-03,397,c688a7e1a3713891ac0bd493,time_value,47.2846,O:AXP240119P00160000,1,1,2023-08-01,2023-08-01,171,0.03625110521662246,395,0.0,0.007837457271364315,2023-08-02,396,True,2023-08-03,397,2023-08-01,8,2236917.0,2023-08-03,scheduled_exit,397,2024-01-19,"{""market_momentum"": 0.02977801840822969, ""market_volatility"": 0.005078410997996713, ""momentum"": -0.026119402985074536, ""volatility"": 0.01487985319661028, ""volume_state"": 14.924478046010279}",assumed_next_daily_close,16675.0,1,0000004962,0,0.02977801840822969,0.005078410997996713,-0.026119402985074536,-130.68959999999996,-0.007837457271364315,47.405,7.35,7.33,-1.9999999999999574,a2a517066de003d4b2f0efa8,True,0.007575757575757576,132,3.153508306372414e-05,3171071.4,,,,,,,,,,,,,,,,,,,,,,,,,,,,,,,,,,,,,,,,,,,,bounded_preclose_bid_ask,,,,False,not_requested_for_horizon_or_variant,,,,event,protective_put,100,completed,166.75,166.41,False,-34.0,H23,0,AXP,94.6896,primary,0.01487985319661028,14.924478046010279,2023
0.05688181550250515,2023-08-03,397,c688a7e1a3713891ac0bd493,time_value,9.984599999999999,O:AXP240119P00160000,1,1,2023-08-01,2023-08-01,171,0.03625110521662246,395,0.0,0.00323775712143928,2023-08-02,396,True,2023-08-03,397,2023-08-01,8,2236917.0,2023-08-03,scheduled_exit,397,2024-01-19,"{""market_momentum"": 0.02977801840822969, ""market_volatility"": 0.005078410997996713, ""momentum"": -0.026119402985074536, ""volatility"": 0.01487985319661028, ""volume_state"": 14.924478046010279}",assumed_next_daily_close,16675.0,1,0000004962,0,0.02977801840822969,0.005078410997996713,-0.026119402985074536,-53.989599999999996,-0.00323775712143928,10.004999999999999,7.35,0.0,-0.0,a2a517066de003d4b2f0efa8,True,0.007575757575757576,132,3.153508306372414e-05,3171071.4,,,,,,,,,,,,,,,,,,,,,,,,,,,,,,,,,,,,,,,,,,,,bounded_preclose_bid_ask,,,,False,not_requested_for_horizon_or_variant,,,,event,protective_put,100,completed,166.75,166.41,True,-34.0,H23,0,AXP,19.989599999999996,primary,0.01487985319661028,14.924478046010279,2023
0.05688181550250515,2023-08-04,398,c688a7e1a3713891ac0bd493,time_value,45.1746,O:AXP240119P00160000,1,1,2023-08-01,2023-08-01,171,0.03625110521662246,395,0.0,0.01616669265367316,2023-08-02,396,True,2023-08-04,398,2023-08-01,8,2236917.0,2023-08-04,scheduled_exit,398,2024-01-19,"{""market_momentum"": 0.02977801840822969, ""market_volatility"": 0.005078410997996713, ""momentum"": -0.026119402985074536, ""volatility"": 0.01487985319661028, ""volume_state"": 14.924478046010279}",assumed_next_daily_close,16675.0,2,0000004962,0,0.02977801840822969,0.005078410997996713,-0.026119402985074536,-269.57959999999997,-0.01616669265367316,47.405,7.35,6.92,-42.99999999999997,a2a517066de003d4b2f0efa8,True,0.007575757575757576,132,3.153508306372414e-05,3171071.4,,,,,,,,,,,,,,,,,,,,,,,,,,,,,,,,,,,,,,,,,,,,bounded_preclose_bid_ask,,,,False,not_requested_for_horizon_or_variant,,,,event,protective_put,100,completed,166.75,165.41,False,-134.0,H23,0,AXP,92.5796,primary,0.01487985319661028,14.924478046010279,2023
0.05688181550250515,2023-08-04,398,c688a7e1a3713891ac0bd493,time_value,9.9246,O:AXP240119P00160000,1,1,2023-08-01,2023-08-01,171,0.03625110521662246,395,0.0,0.009231160419790104,2023-08-02,396,True,2023-08-04,398,2023-08-01,8,2236917.0,2023-08-04,scheduled_exit,398,2024-01-19,"{""market_momentum"": 0.02977801840822969, ""market_volatility"": 0.005078410997996713, ""momentum"": -0.026119402985074536, ""volatility"": 0.01487985319661028, ""volume_state"": 14.924478046010279}",assumed_next_daily_close,16675.0,2,0000004962,0,0.02977801840822969,0.005078410997996713,-0.026119402985074536,-153.9296,-0.009231160419790104,10.004999999999999,7.35,0.0,-0.0,a2a517066de003d4b2f0efa8,True,0.007575757575757576,132,3.153508306372414e-05,3171071.4,,,,,,,,,,,,,,,,,,,,,,,,,,,,,,,,,,,,,,,,,,,,bounded_preclose_bid_ask,,,,False,not_requested_for_horizon_or_variant,,,,event,protective_put,100,completed,166.75,165.41,True,-134.0,H23,0,AXP,19.9296,primary,0.01487985319661028,14.924478046010279,2023
0.05688181550250515,2023-08-07,399,c688a7e1a3713891ac0bd493,time_value,45.4176,O:AXP240119P00160000,1,1,2023-08-01,2023-08-01,171,0.03625110521662246,395,0.0,0.016166692653673095,2023-08-02,396,True,2023-08-07,399,2023-08-01,8,2236917.0,2023-08-07,scheduled_exit,399,2024-01-19,"{""market_momentum"": 0.02977801840822969, ""market_volatility"": 0.005078410997996713, ""momentum"": -0.026119402985074536, ""volatility"": 0.01487985319661028, ""volume_state"": 14.924478046010279}",assumed_next_daily_close,16675.0,3,0000004962,0,0.02977801840822969,0.005078410997996713,-0.026119402985074536,-111.82259999999994,-0.006706002998500746,47.405,7.35,6.95,-39.99999999999994,a2a517066de003d4b2f0efa8,True,0.007575757575757576,132,3.153508306372414e-05,3171071.4,,,,,,,,,,,,,,,,,,,,,,,,,,,,,,,,,,,,,,,,,,,,bounded_preclose_bid_ask,,,,False,not_requested_for_horizon_or_variant,,,,event,protective_put,100,completed,166.75,166.96,False,21.0,H23,0,AXP,92.8226,primary,0.01487985319661028,14.924478046010279,2023
0.05688181550250515,2023-08-07,399,c688a7e1a3713891ac0bd493,time_value,10.0176,O:AXP240119P00160000,1,1,2023-08-01,2023-08-01,171,0.03625110521662246,395,0.0,0.009231160419790167,2023-08-02,396,True,2023-08-07,399,2023-08-01,8,2236917.0,2023-08-07,scheduled_exit,399,2024-01-19,"{""market_momentum"": 0.02977801840822969, ""market_volatility"": 0.005078410997996713, ""momentum"": -0.026119402985074536, ""volatility"": 0.01487985319661028, ""volume_state"": 14.924478046010279}",assumed_next_daily_close,16675.0,3,0000004962,0,0.02977801840822969,0.005078410997996713,-0.026119402985074536,0.9774000000000012,5.861469265367323e-05,10.004999999999999,7.35,0.0,-0.0,a2a517066de003d4b2f0efa8,True,0.007575757575757576,132,3.153508306372414e-05,3171071.4,,,,,,,,,,,,,,,,,,,,,,,,,,,,,,,,,,,,,,,,,,,,bounded_preclose_bid_ask,,,,False,not_requested_for_horizon_or_variant,,,,event,protective_put,100,completed,166.75,166.96,True,21.0,H23,0,AXP,20.022599999999997,primary,0.01487985319661028,14.924478046010279,2023
0.05688181550250515,2023-08-09,401,c688a7e1a3713891ac0bd493,time_value,50.2292,O:AXP240119P00160000,1,1,2023-08-01,2023-08-01,171,0.03625110521662246,395,0.0,0.01982813793103448,2023-08-02,396,True,2023-08-09,401,2023-08-01,8,2236917.0,2023-08-09,scheduled_exit,401,2024-01-19,"{""market_momentum"": 0.02977801840822969, ""market_volatility"": 0.005078410997996713, ""momentum"": -0.026119402985074536, ""volatility"": 0.01487985319661028, ""volume_state"": 14.924478046010279}",assumed_next_daily_close,16675.0,5,0000004962,0,0.02977801840822969,0.005078410997996713,-0.026119402985074536,-330.63419999999996,-0.01982813793103448,47.405,7.35,7.95,60.00000000000006,a2a517066de003d4b2f0efa8,True,0.007575757575757576,132,3.153508306372414e-05,3171071.4,,,,,,,,,,,,,,,,,,,,,,,,,,,,,,,,,,,,,,,,,,,,bounded_preclose_bid_ask,,,,False,not_requested_for_horizon_or_variant,,,,event,protective_put,100,completed,166.75,163.82,False,-293.0,H23,0,AXP,97.63419999999999,primary,0.01487985319661028,14.924478046010279,2023
0.05688181550250515,2023-08-09,401,c688a7e1a3713891ac0bd493,time_value,9.829199999999998,O:AXP240119P00160000,1,1,2023-08-01,2023-08-01,171,0.03625110521662246,395,0.0,0.018760671664167918,2023-08-02,396,True,2023-08-09,401,2023-08-01,8,2236917.0,2023-08-09,scheduled_exit,401,2024-01-19,"{""market_momentum"": 0.02977801840822969, ""market_volatility"": 0.005078410997996713, ""momentum"": -0.026119402985074536, ""volatility"": 0.01487985319661028, ""volume_state"": 14.924478046010279}",assumed_next_daily_close,16675.0,5,0000004962,0,0.02977801840822969,0.005078410997996713,-0.026119402985074536,-312.8342,-0.018760671664167918,10.004999999999999,7.35,0.0,-0.0,a2a517066de003d4b2f0efa8,True,0.007575757575757576,132,3.153508306372414e-05,3171071.4,,,,,,,,,,,,,,,,,,,,,,,,,,,,,,,,,,,,,,,,,,,,bounded_preclose_bid_ask,,,,False,not_requested_for_horizon_or_variant,,,,event,protective_put,100,completed,166.75,163.82,True,-293.0,H23,0,AXP,19.834199999999996,primary,0.01487985319661028,14.924478046010279,2023
0.05688181550250515,2023-08-16,406,c688a7e1a3713891ac0bd493,time_value,55.2956,O:AXP240119P00160000,1,1,2023-08-01,2023-08-01,171,0.03625110521662246,395,0.0,0.03218594302848576,2023-08-02,396,True,2023-08-16,406,2023-08-01,8,2236917.0,2023-08-16,scheduled_exit,406,2024-01-19,"{""market_momentum"": 0.02977801840822969, ""market_volatility"": 0.005078410997996713, ""momentum"": -0.026119402985074536, ""volatility"": 0.01487985319661028, ""volume_state"": 14.924478046010279}",assumed_next_daily_close,16675.0,10,0000004962,0,0.02977801840822969,0.005078410997996713,-0.026119402985074536,-536.7006,-0.03218594302848576,47.405,7.35,9,165.00000000000003,a2a517066de003d4b2f0efa8,True,0.007575757575757576,132,3.153508306372414e-05,3171071.4,True,2.497896704,6.25,21,6.05,30,0.03252032520325206,0.000319488,169.61,7800,169.6,200,5.8960525928005225e-05,32,,7.3,1.978796288,7.3,48,7.1,35,0.027777777777777804,166.73,0.000635904,166.73,600,166.72,2500,5.997900734737385e-05,9,4.37025024,9.35,47,9,32,0.038147138964577616,160.77,0.001651456,160.79,1100,160.77,3100,0.00012439358129109223,bounded_preclose_bid_ask,-450.14999999999793,-0.026998740478618,170.00000000000003,False,completed_bounded_proxy,-595.999999999998,24.150000000000002,,event,protective_put,100,completed,166.75,160.76,False,-599.0,H23,0,AXP,102.70060000000001,primary,0.01487985319661028,14.924478046010279,2023
0.05688181550250515,2023-08-16,406,c688a7e1a3713891ac0bd493,time_value,9.6456,O:AXP240119P00160000,1,1,2023-08-01,2023-08-01,171,0.03625110521662246,395,0.0,0.03710048575712144,2023-08-02,396,True,2023-08-16,406,2023-08-01,8,2236917.0,2023-08-16,scheduled_exit,406,2024-01-19,"{""market_momentum"": 0.02977801840822969, ""market_volatility"": 0.005078410997996713, ""momentum"": -0.026119402985074536, ""volatility"": 0.01487985319661028, ""volume_state"": 14.924478046010279}",assumed_next_daily_close,16675.0,10,0000004962,0,0.02977801840822969,0.005078410997996713,-0.026119402985074536,-618.6505999999999,-0.03710048575712144,10.004999999999999,7.35,0.0,-0.0,a2a517066de003d4b2f0efa8,True,0.007575757575757576,132,3.153508306372414e-05,3171071.4,True,2.497896704,6.25,21,6.05,30,0.03252032520325206,0.000319488,169.61,7800,169.6,200,5.8960525928005225e-05,32,,0.0,1.978796288,7.3,48,7.1,35,0.027777777777777804,166.73,0.000635904,166.73,600,166.72,2500,5.997900734737385e-05,0.0,4.37025024,9.35,47,9,32,0.038147138964577616,160.77,0.001651456,160.79,1100,160.77,3100,0.00012439358129109223,bounded_preclose_bid_ask,-602.5499999999979,-0.03613926707851004,0.0,False,completed_bounded_proxy,-595.999999999998,6.550000000000001,,event,protective_put,100,completed,166.75,160.76,True,-599.0,H23,0,AXP,19.650599999999997,primary,0.01487985319661028,14.924478046010279,2023
0.05688181550250515,2023-08-31,417,c688a7e1a3713891ac0bd493,time_value,56.8294,O:AXP240119P00160000,1,1,2023-08-01,2023-08-01,171,0.03625110521662246,395,0.0,0.04685063868065967,2023-08-02,396,True,2023-08-31,417,2023-08-01,8,2236917.0,2023-08-31,scheduled_exit,417,2024-01-19,"{""market_momentum"": 0.02977801840822969, ""market_volatility"": 0.005078410997996713, ""momentum"": -0.026119402985074536, ""volatility"": 0.01487985319661028, ""volume_state"": 14.924478046010279}",assumed_next_daily_close,16675.0,21,0000004962,0,0.02977801840822969,0.005078410997996713,-0.026119402985074536,-781.2343999999999,-0.04685063868065967,47.405,7.35,9.34,199.00000000000003,a2a517066de003d4b2f0efa8,True,0.007575757575757576,132,3.153508306372414e-05,3171071.4,,,,,,,,,,,,,,,,,,,,,,,,,,,,,,,,,,,,,,,,,,,,bounded_preclose_bid_ask,,,,False,not_requested_for_horizon_or_variant,,,,event,protective_put,100,completed,166.75,157.99,False,-876.0,H23,0,AXP,104.2344,primary,0.01487985319661028,14.924478046010279,2023
0.05688181550250515,2023-08-31,417,c688a7e1a3713891ac0bd493,time_value,9.4794,O:AXP240119P00160000,1,1,2023-08-01,2023-08-01,171,0.03625110521662246,395,0.0,0.05490089355322345,2023-08-02,396,True,2023-08-31,417,2023-08-01,8,2236917.0,2023-08-31,scheduled_exit,417,2024-01-19,"{""market_momentum"": 0.02977801840822969, ""market_volatility"": 0.005078410997996713, ""momentum"": -0.026119402985074536, ""volatility"": 0.01487985319661028, ""volume_state"": 14.924478046010279}",assumed_next_daily_close,16675.0,21,0000004962,0,0.02977801840822969,0.005078410997996713,-0.026119402985074536,-895.4844,-0.053702212893553224,10.004999999999999,7.35,0.0,-0.0,a2a517066de003d4b2f0efa8,True,0.007575757575757576,132,3.153508306372414e-05,3171071.4,,,,,,,,,,,,,,,,,,,,,,,,,,,,,,,,,,,,,,,,,,,,bounded_preclose_bid_ask,,,,False,not_requested_for_horizon_or_variant,,,,event,protective_put,100,completed,166.75,157.99,True,-876.0,H23,0,AXP,19.4844,primary,0.01487985319661028,14.924478046010279,2023
0.05688181550250515,2023-10-02,438,c688a7e1a3713891ac0bd493,time_value,77.86880000000001,O:AXP240119P00160000,1,1,2023-08-01,2023-08-01,171,0.03625110521662246,395,0.0,0.08045015892053967,2023-08-02,396,True,2023-10-02,438,2023-08-01,8,2236917.0,2023-10-02,scheduled_exit,438,2024-01-19,"{""market_momentum"": 0.02977801840822969, ""market_volatility"": 0.005078410997996713, ""momentum"": -0.026119402985074536, ""volatility"": 0.01487985319661028, ""volume_state"": 14.924478046010279}",assumed_next_daily_close,16675.0,42,0000004962,0,0.02977801840822969,0.005078410997996713,-0.026119402985074536,-1222.2738000000018,-0.07329977811094464,47.405,7.35,13.65,630.0000000000001,a2a517066de003d4b2f0efa8,True,0.007575757575757576,132,3.153508306372414e-05,3171071.4,,,,,,,,,,,,,,,,,,,,,,,,,,,,,,,,,,,,,,,,,,,,bounded_preclose_bid_ask,,,,False,not_requested_for_horizon_or_variant,,,,event,protective_put,100,completed,166.75,149.48,False,-1727.0000000000018,H23,0,AXP,125.27380000000001,primary,0.01487985319661028,14.924478046010279,2023
0.05688181550250515,2023-10-02,438,c688a7e1a3713891ac0bd493,time_value,8.968799999999998,O:AXP240119P00160000,1,1,2023-08-01,2023-08-01,171,0.03625110521662246,395,0.0,0.10644416191904053,2023-08-02,396,True,2023-10-02,438,2023-08-01,8,2236917.0,2023-10-02,scheduled_exit,438,2024-01-19,"{""market_momentum"": 0.02977801840822969, ""market_volatility"": 0.005078410997996713, ""momentum"": -0.026119402985074536, ""volatility"": 0.01487985319661028, ""volume_state"": 14.924478046010279}",assumed_next_daily_close,16675.0,42,0000004962,0,0.02977801840822969,0.005078410997996713,-0.026119402985074536,-1745.973800000002,-0.10470607496251887,10.004999999999999,7.35,0.0,-0.0,a2a517066de003d4b2f0efa8,True,0.007575757575757576,132,3.153508306372414e-05,3171071.4,,,,,,,,,,,,,,,,,,,,,,,,,,,,,,,,,,,,,,,,,,,,bounded_preclose_bid_ask,,,,False,not_requested_for_horizon_or_variant,,,,event,protective_put,100,completed,166.75,149.48,True,-1727.0000000000018,H23,0,AXP,18.973799999999997,primary,0.01487985319661028,14.924478046010279,2023
0.05688181550250515,2023-10-31,459,c688a7e1a3713891ac0bd493,time_value,85.4118,O:AXP240119P00160000,1,1,2023-08-01,2023-08-01,171,0.03625110521662246,395,60.0,0.09616393403298344,2023-08-02,396,True,2023-10-31,459,2023-08-01,8,2236917.0,2023-10-31,scheduled_exit,459,2024-01-19,"{""market_momentum"": 0.02977801840822969, ""market_volatility"": 0.005078410997996713, ""momentum"": -0.026119402985074536, ""volatility"": 0.01487985319661028, ""volume_state"": 14.924478046010279}",assumed_next_daily_close,16675.0,63,0000004962,0,0.02977801840822969,0.005078410997996713,-0.026119402985074536,-1359.8168,-0.08154823388305847,47.405,7.35,15.2,785.0,a2a517066de003d4b2f0efa8,True,0.007575757575757576,132,3.153508306372414e-05,3171071.4,,,,,,,,,,,,,,,,,,,,,,,,,,,,,,,,,,,,,,,,,,,,bounded_preclose_bid_ask,,,,False,not_requested_for_horizon_or_variant,,,,event,protective_put,100,completed,166.75,146.03,False,-2072.0,H23,0,AXP,132.8168,primary,0.01487985319661028,14.924478046010279,2023
0.05688181550250515,2023-10-31,459,c688a7e1a3713891ac0bd493,time_value,8.7618,O:AXP240119P00160000,1,1,2023-08-01,2023-08-01,171,0.03625110521662246,395,60.0,0.1500739790104948,2023-08-02,396,True,2023-10-31,459,2023-08-01,8,2236917.0,2023-10-31,scheduled_exit,459,2024-01-19,"{""market_momentum"": 0.02977801840822969, ""market_volatility"": 0.005078410997996713, ""momentum"": -0.026119402985074536, ""volatility"": 0.01487985319661028, ""volume_state"": 14.924478046010279}",assumed_next_daily_close,16675.0,63,0000004962,0,0.02977801840822969,0.005078410997996713,-0.026119402985074536,-2030.7668,-0.12178511544227887,10.004999999999999,7.35,0.0,-0.0,a2a517066de003d4b2f0efa8,True,0.007575757575757576,132,3.153508306372414e-05,3171071.4,,,,,,,,,,,,,,,,,,,,,,,,,,,,,,,,,,,,,,,,,,,,bounded_preclose_bid_ask,,,,False,not_requested_for_horizon_or_variant,,,,event,protective_put,100,completed,166.75,146.03,True,-2072.0,H23,0,AXP,18.766799999999996,primary,0.01487985319661028,14.924478046010279,2023
0.05688181550250515,2024-01-19,513,c688a7e1a3713891ac0bd493,time_value,11.6402,O:AXP240119P00160000,1,1,2023-08-01,2023-08-01,171,0.03625110521662246,395,120.0,0.09616393403298344,2023-08-02,396,True,2024-01-19,513,2023-08-01,8,2236917.0,2024-01-19,expiry_worthless,513,2024-01-19,"{""market_momentum"": 0.02977801840822969, ""market_volatility"": 0.005078410997996713, ""momentum"": -0.026119402985074536, ""volatility"": 0.01487985319661028, ""volume_state"": 14.924478046010279}",assumed_next_daily_close,16675.0,expiry,0000004962,0,0.02977801840822969,0.005078410997996713,-0.026119402985074536,967.9548,0.05804826386806597,47.405,7.35,0.0,-735.0,a2a517066de003d4b2f0efa8,True,0.007575757575757576,132,3.153508306372414e-05,3171071.4,,,,,,,,,,,,,,,,,,,,,,,,,,,,,,,,,,,,,,,,,,,,bounded_preclose_bid_ask,,,,False,not_requested_for_horizon_or_variant,,,,event,protective_put,100,completed,166.75,183.17,False,1642.0,H23,0,AXP,59.0452,primary,0.01487985319661028,14.924478046010279,2023
0.05688181550250515,2024-01-19,513,c688a7e1a3713891ac0bd493,time_value,10.9902,O:AXP240119P00160000,1,1,2023-08-01,2023-08-01,171,0.03625110521662246,395,120.0,0.1500739790104948,2023-08-02,396,True,2024-01-19,513,2023-08-01,8,2236917.0,2024-01-19,scheduled_exit,513,2024-01-19,"{""market_momentum"": 0.02977801840822969, ""market_volatility"": 0.005078410997996713, ""momentum"": -0.026119402985074536, ""volatility"": 0.01487985319661028, ""volume_state"": 14.924478046010279}",assumed_next_daily_close,16675.0,expiry,0000004962,0,0.02977801840822969,0.005078410997996713,-0.026119402985074536,1741.0048,0.10440808395802098,10.004999999999999,7.35,0.0,-0.0,a2a517066de003d4b2f0efa8,True,0.007575757575757576,132,3.153508306372414e-05,3171071.4,,,,,,,,,,,,,,,,,,,,,,,,,,,,,,,,,,,,,,,,,,,,bounded_preclose_bid_ask,,,,False,not_requested_for_horizon_or_variant,,,,event,protective_put,100,completed,166.75,183.17,True,1642.0,H23,0,AXP,20.995199999999997,primary,0.01487985319661028,14.924478046010279,2023
,,,cac6f598995968c26163ad82,time_value,,,1,1,2024-01-05,2024-01-05,,,504,,,2024-01-08,505,False,,,2024-07-30,,,,,,,"{""market_momentum"": 0.024791940429259807, ""market_volatility"": 0.006384935470816239, ""momentum"": 0.10768689946097965, ""volatility"": 0.013447158185583681, ""volume_state"": 14.922809264200644}",assumed_next_daily_close,,1,0000004962,,0.024791940429259807,0.006384935470816239,0.10768689946097965,,,,,,,956651b8e2b7a781abf6828e,False,,,,,,,,,,,,,,,,,,,,,,,,,,,,,,,,,,,,,,,,,,,,,,,,bounded_preclose_bid_ask,,,,False,not_requested_for_horizon_or_variant,,,thin_prior_option_volume,ordinary,protective_put,,thin_prior_option_volume,,,False,,H23,0,AXP,,primary,0.013447158185583681,14.922809264200644,2024
,,,cac6f598995968c26163ad82,time_value,,,1,1,2024-01-05,2024-01-05,,,504,,,2024-01-08,505,False,,,2024-07-30,,,,,,,"{""market_momentum"": 0.024791940429259807, ""market_volatility"": 0.006384935470816239, ""momentum"": 0.10768689946097965, ""volatility"": 0.013447158185583681, ""volume_state"": 14.922809264200644}",assumed_next_daily_close,,1,0000004962,,0.024791940429259807,0.006384935470816239,0.10768689946097965,,,,,,,956651b8e2b7a781abf6828e,False,,,,,,,,,,,,,,,,,,,,,,,,,,,,,,,,,,,,,,,,,,,,,,,,bounded_preclose_bid_ask,,,,False,not_requested_for_horizon_or_variant,,,thin_prior_option_volume,ordinary,protective_put,,thin_prior_option_volume,,,True,,H23,0,AXP,,primary,0.013447158185583681,14.922809264200644,2024
,,,cac6f598995968c26163ad82,time_value,,,1,1,2024-01-05,2024-01-05,,,504,,,2024-01-08,505,False,,,2024-07-30,,,,,,,"{""market_momentum"": 0.024791940429259807, ""market_volatility"": 0.006384935470816239, ""momentum"": 0.10768689946097965, ""volatility"": 0.013447158185583681, ""volume_state"": 14.922809264200644}",assumed_next_daily_close,,2,0000004962,,0.024791940429259807,0.006384935470816239,0.10768689946097965,,,,,,,956651b8e2b7a781abf6828e,False,,,,,,,,,,,,,,,,,,,,,,,,,,,,,,,,,,,,,,,,,,,,,,,,bounded_preclose_bid_ask,,,,False,not_requested_for_horizon_or_variant,,,thin_prior_option_volume,ordinary,protective_put,,thin_prior_option_volume,,,False,,H23,0,AXP,,primary,0.013447158185583681,14.922809264200644,2024
,,,cac6f598995968c26163ad82,time_value,,,1,1,2024-01-05,2024-01-05,,,504,,,2024-01-08,505,False,,,2024-07-30,,,,,,,"{""market_momentum"": 0.024791940429259807, ""market_volatility"": 0.006384935470816239, ""momentum"": 0.10768689946097965, ""volatility"": 0.013447158185583681, ""volume_state"": 14.922809264200644}",assumed_next_daily_close,,2,0000004962,,0.024791940429259807,0.006384935470816239,0.10768689946097965,,,,,,,956651b8e2b7a781abf6828e,False,,,,,,,,,,,,,,,,,,,,,,,,,,,,,,,,,,,,,,,,,,,,,,,,bounded_preclose_bid_ask,,,,False,not_requested_for_horizon_or_variant,,,thin_prior_option_volume,ordinary,protective_put,,thin_prior_option_volume,,,True,,H23,0,AXP,,primary,0.013447158185583681,14.922809264200644,2024
,,,cac6f598995968c26163ad82,time_value,,,1,1,2024-01-05,2024-01-05,,,504,,,2024-01-08,505,False,,,2024-07-30,,,,,,,"{""market_momentum"": 0.024791940429259807, ""market_volatility"": 0.006384935470816239, ""momentum"": 0.10768689946097965, ""volatility"": 0.013447158185583681, ""volume_state"": 14.922809264200644}",assumed_next_daily_close,,3,0000004962,,0.024791940429259807,0.006384935470816239,0.10768689946097965,,,,,,,956651b8e2b7a781abf6828e,False,,,,,,,,,,,,,,,,,,,,,,,,,,,,,,,,,,,,,,,,,,,,,,,,bounded_preclose_bid_ask,,,,False,not_requested_for_horizon_or_variant,,,thin_prior_option_volume,ordinary,protective_put,,thin_prior_option_volume,,,False,,H23,0,AXP,,primary,0.013447158185583681,14.922809264200644,2024
,,,cac6f598995968c26163ad82,time_value,,,1,1,2024-01-05,2024-01-05,,,504,,,2024-01-08,505,False,,,2024-07-30,,,,,,,"{""market_momentum"": 0.024791940429259807, ""market_volatility"": 0.006384935470816239, ""momentum"": 0.10768689946097965, ""volatility"": 0.013447158185583681, ""volume_state"": 14.922809264200644}",assumed_next_daily_close,,3,0000004962,,0.024791940429259807,0.006384935470816239,0.10768689946097965,,,,,,,956651b8e2b7a781abf6828e,False,,,,,,,,,,,,,,,,,,,,,,,,,,,,,,,,,,,,,,,,,,,,,,,,bounded_preclose_bid_ask,,,,False,not_requested_for_horizon_or_variant,,,thin_prior_option_volume,ordinary,protective_put,,thin_prior_option_volume,,,True,,H23,0,AXP,,primary,0.013447158185583681,14.922809264200644,2024
,,,cac6f598995968c26163ad82,time_value,,,1,1,2024-01-05,2024-01-05,,,504,,,2024-01-08,505,False,,,2024-07-30,,,,,,,"{""market_momentum"": 0.024791940429259807, ""market_volatility"": 0.006384935470816239, ""momentum"": 0.10768689946097965, ""volatility"": 0.013447158185583681, ""volume_state"": 14.922809264200644}",assumed_next_daily_close,,5,0000004962,,0.024791940429259807,0.006384935470816239,0.10768689946097965,,,,,,,956651b8e2b7a781abf6828e,False,,,,,,,,,,,,,,,,,,,,,,,,,,,,,,,,,,,,,,,,,,,,,,,,bounded_preclose_bid_ask,,,,False,not_requested_for_horizon_or_variant,,,thin_prior_option_volume,ordinary,protective_put,,thin_prior_option_volume,,,False,,H23,0,AXP,,primary,0.013447158185583681,14.922809264200644,2024
,,,cac6f598995968c26163ad82,time_value,,,1,1,2024-01-05,2024-01-05,,,504,,,2024-01-08,505,False,,,2024-07-30,,,,,,,"{""market_momentum"": 0.024791940429259807, ""market_volatility"": 0.006384935470816239, ""momentum"": 0.10768689946097965, ""volatility"": 0.013447158185583681, ""volume_state"": 14.922809264200644}",assumed_next_daily_close,,5,0000004962,,0.024791940429259807,0.006384935470816239,0.10768689946097965,,,,,,,956651b8e2b7a781abf6828e,False,,,,,,,,,,,,,,,,,,,,,,,,,,,,,,,,,,,,,,,,,,,,,,,,bounded_preclose_bid_ask,,,,False,not_requested_for_horizon_or_variant,,,thin_prior_option_volume,ordinary,protective_put,,thin_prior_option_volume,,,True,,H23,0,AXP,,primary,0.013447158185583681,14.922809264200644,2024
,,,cac6f598995968c26163ad82,time_value,,,1,1,2024-01-05,2024-01-05,,,504,,,2024-01-08,505,False,,,2024-07-30,,,,,,,"{""market_momentum"": 0.024791940429259807, ""market_volatility"": 0.006384935470816239, ""momentum"": 0.10768689946097965, ""volatility"": 0.013447158185583681, ""volume_state"": 14.922809264200644}",assumed_next_daily_close,,10,0000004962,,0.024791940429259807,0.006384935470816239,0.10768689946097965,,,,,,,956651b8e2b7a781abf6828e,False,,,,,,,,,,,,,,,,,,,,,,,,,,,,,,,,,,,,,,,,,,,,,,,,bounded_preclose_bid_ask,,,,False,bar_outcome_not_completed,,,thin_prior_option_volume,ordinary,protective_put,,thin_prior_option_volume,,,False,,H23,0,AXP,,primary,0.013447158185583681,14.922809264200644,2024
,,,cac6f598995968c26163ad82,time_value,,,1,1,2024-01-05,2024-01-05,,,504,,,2024-01-08,505,False,,,2024-07-30,,,,,,,"{""market_momentum"": 0.024791940429259807, ""market_volatility"": 0.006384935470816239, ""momentum"": 0.10768689946097965, ""volatility"": 0.013447158185583681, ""volume_state"": 14.922809264200644}",assumed_next_daily_close,,10,0000004962,,0.024791940429259807,0.006384935470816239,0.10768689946097965,,,,,,,956651b8e2b7a781abf6828e,False,,,,,,,,,,,,,,,,,,,,,,,,,,,,,,,,,,,,,,,,,,,,,,,,bounded_preclose_bid_ask,,,,False,bar_outcome_not_completed,,,thin_prior_option_volume,ordinary,protective_put,,thin_prior_option_volume,,,True,,H23,0,AXP,,primary,0.013447158185583681,14.922809264200644,2024
,,,cac6f598995968c26163ad82,time_value,,,1,1,2024-01-05,2024-01-05,,,504,,,2024-01-08,505,False,,,2024-07-30,,,,,,,"{""market_momentum"": 0.024791940429259807, ""market_volatility"": 0.006384935470816239, ""momentum"": 0.10768689946097965, ""volatility"": 0.013447158185583681, ""volume_state"": 14.922809264200644}",assumed_next_daily_close,,21,0000004962,,0.024791940429259807,0.006384935470816239,0.10768689946097965,,,,,,,956651b8e2b7a781abf6828e,False,,,,,,,,,,,,,,,,,,,,,,,,,,,,,,,,,,,,,,,,,,,,,,,,bounded_preclose_bid_ask,,,,False,not_requested_for_horizon_or_variant,,,thin_prior_option_volume,ordinary,protective_put,,thin_prior_option_volume,,,False,,H23,0,AXP,,primary,0.013447158185583681,14.922809264200644,2024
,,,cac6f598995968c26163ad82,time_value,,,1,1,2024-01-05,2024-01-05,,,504,,,2024-01-08,505,False,,,2024-07-30,,,,,,,"{""market_momentum"": 0.024791940429259807, ""market_volatility"": 0.006384935470816239, ""momentum"": 0.10768689946097965, ""volatility"": 0.013447158185583681, ""volume_state"": 14.922809264200644}",assumed_next_daily_close,,21,0000004962,,0.024791940429259807,0.006384935470816239,0.10768689946097965,,,,,,,956651b8e2b7a781abf6828e,False,,,,,,,,,,,,,,,,,,,,,,,,,,,,,,,,,,,,,,,,,,,,,,,,bounded_preclose_bid_ask,,,,False,not_requested_for_horizon_or_variant,,,thin_prior_option_volume,ordinary,protective_put,,thin_prior_option_volume,,,True,,H23,0,AXP,,primary,0.013447158185583681,14.922809264200644,2024
,,,cac6f598995968c26163ad82,time_value,,,1,1,2024-01-05,2024-01-05,,,504,,,2024-01-08,505,False,,,2024-07-30,,,,,,,"{""market_momentum"": 0.024791940429259807, ""market_volatility"": 0.006384935470816239, ""momentum"": 0.10768689946097965, ""volatility"": 0.013447158185583681, ""volume_state"": 14.922809264200644}",assumed_next_daily_close,,42,0000004962,,0.024791940429259807,0.006384935470816239,0.10768689946097965,,,,,,,956651b8e2b7a781abf6828e,False,,,,,,,,,,,,,,,,,,,,,,,,,,,,,,,,,,,,,,,,,,,,,,,,bounded_preclose_bid_ask,,,,False,not_requested_for_horizon_or_variant,,,thin_prior_option_volume,ordinary,protective_put,,thin_prior_option_volume,,,False,,H23,0,AXP,,primary,0.013447158185583681,14.922809264200644,2024
,,,cac6f598995968c26163ad82,time_value,,,1,1,2024-01-05,2024-01-05,,,504,,,2024-01-08,505,False,,,2024-07-30,,,,,,,"{""market_momentum"": 0.024791940429259807, ""market_volatility"": 0.006384935470816239, ""momentum"": 0.10768689946097965, ""volatility"": 0.013447158185583681, ""volume_state"": 14.922809264200644}",assumed_next_daily_close,,42,0000004962,,0.024791940429259807,0.006384935470816239,0.10768689946097965,,,,,,,956651b8e2b7a781abf6828e,False,,,,,,,,,,,,,,,,,,,,,,,,,,,,,,,,,,,,,,,,,,,,,,,,bounded_preclose_bid_ask,,,,False,not_requested_for_horizon_or_variant,,,thin_prior_option_volume,ordinary,protective_put,,thin_prior_option_volume,,,True,,H23,0,AXP,,primary,0.013447158185583681,14.922809264200644,2024
,,,cac6f598995968c26163ad82,time_value,,,1,1,2024-01-05,2024-01-05,,,504,,,2024-01-08,505,False,,,2024-07-30,,,,,,,"{""market_momentum"": 0.024791940429259807, ""market_volatility"": 0.006384935470816239, ""momentum"": 0.10768689946097965, ""volatility"": 0.013447158185583681, ""volume_state"": 14.922809264200644}",assumed_next_daily_close,,63,0000004962,,0.024791940429259807,0.006384935470816239,0.10768689946097965,,,,,,,956651b8e2b7a781abf6828e,False,,,,,,,,,,,,,,,,,,,,,,,,,,,,,,,,,,,,,,,,,,,,,,,,bounded_preclose_bid_ask,,,,False,not_requested_for_horizon_or_variant,,,thin_prior_option_volume,ordinary,protective_put,,thin_prior_option_volume,,,False,,H23,0,AXP,,primary,0.013447158185583681,14.922809264200644,2024
,,,cac6f598995968c26163ad82,time_value,,,1,1,2024-01-05,2024-01-05,,,504,,,2024-01-08,505,False,,,2024-07-30,,,,,,,"{""market_momentum"": 0.024791940429259807, ""market_volatility"": 0.006384935470816239, ""momentum"": 0.10768689946097965, ""volatility"": 0.013447158185583681, ""volume_state"": 14.922809264200644}",assumed_next_daily_close,,63,0000004962,,0.024791940429259807,0.006384935470816239,0.10768689946097965,,,,,,,956651b8e2b7a781abf6828e,False,,,,,,,,,,,,,,,,,,,,,,,,,,,,,,,,,,,,,,,,,,,,,,,,bounded_preclose_bid_ask,,,,False,not_requested_for_horizon_or_variant,,,thin_prior_option_volume,ordinary,protective_put,,thin_prior_option_volume,,,True,,H23,0,AXP,,primary,0.013447158185583681,14.922809264200644,2024
,,,cac6f598995968c26163ad82,time_value,,,1,1,2024-01-05,2024-01-05,,,504,,,2024-01-08,505,False,,,2024-07-30,,,,,,,"{""market_momentum"": 0.024791940429259807, ""market_volatility"": 0.006384935470816239, ""momentum"": 0.10768689946097965, ""volatility"": 0.013447158185583681, ""volume_state"": 14.922809264200644}",assumed_next_daily_close,,expiry,0000004962,,0.024791940429259807,0.006384935470816239,0.10768689946097965,,,,,,,956651b8e2b7a781abf6828e,False,,,,,,,,,,,,,,,,,,,,,,,,,,,,,,,,,,,,,,,,,,,,,,,,bounded_preclose_bid_ask,,,,False,not_requested_for_horizon_or_variant,,,thin_prior_option_volume,ordinary,protective_put,,thin_prior_option_volume,,,False,,H23,0,AXP,,primary,0.013447158185583681,14.922809264200644,2024
,,,cac6f598995968c26163ad82,time_value,,,1,1,2024-01-05,2024-01-05,,,504,,,2024-01-08,505,False,,,2024-07-30,,,,,,,"{""market_momentum"": 0.024791940429259807, ""market_volatility"": 0.006384935470816239, ""momentum"": 0.10768689946097965, ""volatility"": 0.013447158185583681, ""volume_state"": 14.922809264200644}",assumed_next_daily_close,,expiry,0000004962,,0.024791940429259807,0.006384935470816239,0.10768689946097965,,,,,,,956651b8e2b7a781abf6828e,False,,,,,,,,,,,,,,,,,,,,,,,,,,,,,,,,,,,,,,,,,,,,,,,,bounded_preclose_bid_ask,,,,False,not_requested_for_horizon_or_variant,,,thin_prior_option_volume,ordinary,protective_put,,thin_prior_option_volume,,,True,,H23,0,AXP,,primary,0.013447158185583681,14.922809264200644,2024
,,,cdcd2671e638029cb4e4982a,time_value,,,1,1,2025-04-29,2025-04-29,,,832,,,2025-04-30,833,False,,,2025-04-29,,,,,,,"{""market_momentum"": -0.0024115466292335963, ""market_volatility"": 0.03242703772174959, ""momentum"": 0.005800813620611578, ""volatility"": 0.044230052996412056, ""volume_state"": 15.250733180293725}",assumed_next_daily_close,,1,0000004962,,-0.0024115466292335963,0.03242703772174959,0.005800813620611578,,,,,,,f81f7af660b9bf0aa1f7485e,False,,,,,,,,,,,,,,,,,,,,,,,,,,,,,,,,,,,,,,,,,,,,,,,,bounded_preclose_bid_ask,,,,False,not_requested_for_horizon_or_variant,,,no_standard_contract_within_rules,event,protective_put,,no_standard_contract_within_rules,,,False,,H23,0,AXP,,primary,0.044230052996412056,15.250733180293725,2025
,,,cdcd2671e638029cb4e4982a,time_value,,,1,1,2025-04-29,2025-04-29,,,832,,,2025-04-30,833,False,,,2025-04-29,,,,,,,"{""market_momentum"": -0.0024115466292335963, ""market_volatility"": 0.03242703772174959, ""momentum"": 0.005800813620611578, ""volatility"": 0.044230052996412056, ""volume_state"": 15.250733180293725}",assumed_next_daily_close,,1,0000004962,,-0.0024115466292335963,0.03242703772174959,0.005800813620611578,,,,,,,f81f7af660b9bf0aa1f7485e,False,,,,,,,,,,,,,,,,,,,,,,,,,,,,,,,,,,,,,,,,,,,,,,,,bounded_preclose_bid_ask,,,,False,not_requested_for_horizon_or_variant,,,no_standard_contract_within_rules,event,protective_put,,no_standard_contract_within_rules,,,True,,H23,0,AXP,,primary,0.044230052996412056,15.250733180293725,2025
,,,cdcd2671e638029cb4e4982a,time_value,,,1,1,2025-04-29,2025-04-29,,,832,,,2025-04-30,833,False,,,2025-04-29,,,,,,,"{""market_momentum"": -0.0024115466292335963, ""market_volatility"": 0.03242703772174959, ""momentum"": 0.005800813620611578, ""volatility"": 0.044230052996412056, ""volume_state"": 15.250733180293725}",assumed_next_daily_close,,2,0000004962,,-0.0024115466292335963,0.03242703772174959,0.005800813620611578,,,,,,,f81f7af660b9bf0aa1f7485e,False,,,,,,,,,,,,,,,,,,,,,,,,,,,,,,,,,,,,,,,,,,,,,,,,bounded_preclose_bid_ask,,,,False,not_requested_for_horizon_or_variant,,,no_standard_contract_within_rules,event,protective_put,,no_standard_contract_within_rules,,,False,,H23,0,AXP,,primary,0.044230052996412056,15.250733180293725,2025
,,,cdcd2671e638029cb4e4982a,time_value,,,1,1,2025-04-29,2025-04-29,,,832,,,2025-04-30,833,False,,,2025-04-29,,,,,,,"{""market_momentum"": -0.0024115466292335963, ""market_volatility"": 0.03242703772174959, ""momentum"": 0.005800813620611578, ""volatility"": 0.044230052996412056, ""volume_state"": 15.250733180293725}",assumed_next_daily_close,,2,0000004962,,-0.0024115466292335963,0.03242703772174959,0.005800813620611578,,,,,,,f81f7af660b9bf0aa1f7485e,False,,,,,,,,,,,,,,,,,,,,,,,,,,,,,,,,,,,,,,,,,,,,,,,,bounded_preclose_bid_ask,,,,False,not_requested_for_horizon_or_variant,,,no_standard_contract_within_rules,event,protective_put,,no_standard_contract_within_rules,,,True,,H23,0,AXP,,primary,0.044230052996412056,15.250733180293725,2025
,,,cdcd2671e638029cb4e4982a,time_value,,,1,1,2025-04-29,2025-04-29,,,832,,,2025-04-30,833,False,,,2025-04-29,,,,,,,"{""market_momentum"": -0.0024115466292335963, ""market_volatility"": 0.03242703772174959, ""momentum"": 0.005800813620611578, ""volatility"": 0.044230052996412056, ""volume_state"": 15.250733180293725}",assumed_next_daily_close,,3,0000004962,,-0.0024115466292335963,0.03242703772174959,0.005800813620611578,,,,,,,f81f7af660b9bf0aa1f7485e,False,,,,,,,,,,,,,,,,,,,,,,,,,,,,,,,,,,,,,,,,,,,,,,,,bounded_preclose_bid_ask,,,,False,not_requested_for_horizon_or_variant,,,no_standard_contract_within_rules,event,protective_put,,no_standard_contract_within_rules,,,False,,H23,0,AXP,,primary,0.044230052996412056,15.250733180293725,2025
,,,cdcd2671e638029cb4e4982a,time_value,,,1,1,2025-04-29,2025-04-29,,,832,,,2025-04-30,833,False,,,2025-04-29,,,,,,,"{""market_momentum"": -0.0024115466292335963, ""market_volatility"": 0.03242703772174959, ""momentum"": 0.005800813620611578, ""volatility"": 0.044230052996412056, ""volume_state"": 15.250733180293725}",assumed_next_daily_close,,3,0000004962,,-0.0024115466292335963,0.03242703772174959,0.005800813620611578,,,,,,,f81f7af660b9bf0aa1f7485e,False,,,,,,,,,,,,,,,,,,,,,,,,,,,,,,,,,,,,,,,,,,,,,,,,bounded_preclose_bid_ask,,,,False,not_requested_for_horizon_or_variant,,,no_standard_contract_within_rules,event,protective_put,,no_standard_contract_within_rules,,,True,,H23,0,AXP,,primary,0.044230052996412056,15.250733180293725,2025
,,,cdcd2671e638029cb4e4982a,time_value,,,1,1,2025-04-29,2025-04-29,,,832,,,2025-04-30,833,False,,,2025-04-29,,,,,,,"{""market_momentum"": -0.0024115466292335963, ""market_volatility"": 0.03242703772174959, ""momentum"": 0.005800813620611578, ""volatility"": 0.044230052996412056, ""volume_state"": 15.250733180293725}",assumed_next_daily_close,,5,0000004962,,-0.0024115466292335963,0.03242703772174959,0.005800813620611578,,,,,,,f81f7af660b9bf0aa1f7485e,False,,,,,,,,,,,,,,,,,,,,,,,,,,,,,,,,,,,,,,,,,,,,,,,,bounded_preclose_bid_ask,,,,False,not_requested_for_horizon_or_variant,,,no_standard_contract_within_rules,event,protective_put,,no_standard_contract_within_rules,,,False,,H23,0,AXP,,primary,0.044230052996412056,15.250733180293725,2025
,,,cdcd2671e638029cb4e4982a,time_value,,,1,1,2025-04-29,2025-04-29,,,832,,,2025-04-30,833,False,,,2025-04-29,,,,,,,"{""market_momentum"": -0.0024115466292335963, ""market_volatility"": 0.03242703772174959, ""momentum"": 0.005800813620611578, ""volatility"": 0.044230052996412056, ""volume_state"": 15.250733180293725}",assumed_next_daily_close,,5,0000004962,,-0.0024115466292335963,0.03242703772174959,0.005800813620611578,,,,,,,f81f7af660b9bf0aa1f7485e,False,,,,,,,,,,,,,,,,,,,,,,,,,,,,,,,,,,,,,,,,,,,,,,,,bounded_preclose_bid_ask,,,,False,not_requested_for_horizon_or_variant,,,no_standard_contract_within_rules,event,protective_put,,no_standard_contract_within_rules,,,True,,H23,0,AXP,,primary,0.044230052996412056,15.250733180293725,2025
,,,cdcd2671e638029cb4e4982a,time_value,,,1,1,2025-04-29,2025-04-29,,,832,,,2025-04-30,833,False,,,2025-04-29,,,,,,,"{""market_momentum"": -0.0024115466292335963, ""market_volatility"": 0.03242703772174959, ""momentum"": 0.005800813620611578, ""volatility"": 0.044230052996412056, ""volume_state"": 15.250733180293725}",assumed_next_daily_close,,10,0000004962,,-0.0024115466292335963,0.03242703772174959,0.005800813620611578,,,,,,,f81f7af660b9bf0aa1f7485e,False,,,,,,,,,,,,,,,,,,,,,,,,,,,,,,,,,,,,,,,,,,,,,,,,bounded_preclose_bid_ask,,,,False,not_sampled_or_missing_quotes,,,no_standard_contract_within_rules,event,protective_put,,no_standard_contract_within_rules,,,False,,H23,0,AXP,,primary,0.044230052996412056,15.250733180293725,2025
,,,cdcd2671e638029cb4e4982a,time_value,,,1,1,2025-04-29,2025-04-29,,,832,,,2025-04-30,833,False,,,2025-04-29,,,,,,,"{""market_momentum"": -0.0024115466292335963, ""market_volatility"": 0.03242703772174959, ""momentum"": 0.005800813620611578, ""volatility"": 0.044230052996412056, ""volume_state"": 15.250733180293725}",assumed_next_daily_close,,10,0000004962,,-0.0024115466292335963,0.03242703772174959,0.005800813620611578,,,,,,,f81f7af660b9bf0aa1f7485e,False,,,,,,,,,,,,,,,,,,,,,,,,,,,,,,,,,,,,,,,,,,,,,,,,bounded_preclose_bid_ask,,,,False,not_sampled_or_missing_quotes,,,no_standard_contract_within_rules,event,protective_put,,no_standard_contract_within_rules,,,True,,H23,0,AXP,,primary,0.044230052996412056,15.250733180293725,2025
,,,cdcd2671e638029cb4e4982a,time_value,,,1,1,2025-04-29,2025-04-29,,,832,,,2025-04-30,833,False,,,2025-04-29,,,,,,,"{""market_momentum"": -0.0024115466292335963, ""market_volatility"": 0.03242703772174959, ""momentum"": 0.005800813620611578, ""volatility"": 0.044230052996412056, ""volume_state"": 15.250733180293725}",assumed_next_daily_close,,21,0000004962,,-0.0024115466292335963,0.03242703772174959,0.005800813620611578,,,,,,,f81f7af660b9bf0aa1f7485e,False,,,,,,,,,,,,,,,,,,,,,,,,,,,,,,,,,,,,,,,,,,,,,,,,bounded_preclose_bid_ask,,,,False,not_requested_for_horizon_or_variant,,,no_standard_contract_within_rules,event,protective_put,,no_standard_contract_within_rules,,,False,,H23,0,AXP,,primary,0.044230052996412056,15.250733180293725,2025
,,,cdcd2671e638029cb4e4982a,time_value,,,1,1,2025-04-29,2025-04-29,,,832,,,2025-04-30,833,False,,,2025-04-29,,,,,,,"{""market_momentum"": -0.0024115466292335963, ""market_volatility"": 0.03242703772174959, ""momentum"": 0.005800813620611578, ""volatility"": 0.044230052996412056, ""volume_state"": 15.250733180293725}",assumed_next_daily_close,,21,0000004962,,-0.0024115466292335963,0.03242703772174959,0.005800813620611578,,,,,,,f81f7af660b9bf0aa1f7485e,False,,,,,,,,,,,,,,,,,,,,,,,,,,,,,,,,,,,,,,,,,,,,,,,,bounded_preclose_bid_ask,,,,False,not_requested_for_horizon_or_variant,,,no_standard_contract_within_rules,event,protective_put,,no_standard_contract_within_rules,,,True,,H23,0,AXP,,primary,0.044230052996412056,15.250733180293725,2025
,,,cdcd2671e638029cb4e4982a,time_value,,,1,1,2025-04-29,2025-04-29,,,832,,,2025-04-30,833,False,,,2025-04-29,,,,,,,"{""market_momentum"": -0.0024115466292335963, ""market_volatility"": 0.03242703772174959, ""momentum"": 0.005800813620611578, ""volatility"": 0.044230052996412056, ""volume_state"": 15.250733180293725}",assumed_next_daily_close,,42,0000004962,,-0.0024115466292335963,0.03242703772174959,0.005800813620611578,,,,,,,f81f7af660b9bf0aa1f7485e,False,,,,,,,,,,,,,,,,,,,,,,,,,,,,,,,,,,,,,,,,,,,,,,,,bounded_preclose_bid_ask,,,,False,not_requested_for_horizon_or_variant,,,no_standard_contract_within_rules,event,protective_put,,no_standard_contract_within_rules,,,False,,H23,0,AXP,,primary,0.044230052996412056,15.250733180293725,2025
,,,cdcd2671e638029cb4e4982a,time_value,,,1,1,2025-04-29,2025-04-29,,,832,,,2025-04-30,833,False,,,2025-04-29,,,,,,,"{""market_momentum"": -0.0024115466292335963, ""market_volatility"": 0.03242703772174959, ""momentum"": 0.005800813620611578, ""volatility"": 0.044230052996412056, ""volume_state"": 15.250733180293725}",assumed_next_daily_close,,42,0000004962,,-0.0024115466292335963,0.03242703772174959,0.005800813620611578,,,,,,,f81f7af660b9bf0aa1f7485e,False,,,,,,,,,,,,,,,,,,,,,,,,,,,,,,,,,,,,,,,,,,,,,,,,bounded_preclose_bid_ask,,,,False,not_requested_for_horizon_or_variant,,,no_standard_contract_within_rules,event,protective_put,,no_standard_contract_within_rules,,,True,,H23,0,AXP,,primary,0.044230052996412056,15.250733180293725,2025
,,,cdcd2671e638029cb4e4982a,time_value,,,1,1,2025-04-29,2025-04-29,,,832,,,2025-04-30,833,False,,,2025-04-29,,,,,,,"{""market_momentum"": -0.0024115466292335963, ""market_volatility"": 0.03242703772174959, ""momentum"": 0.005800813620611578, ""volatility"": 0.044230052996412056, ""volume_state"": 15.250733180293725}",assumed_next_daily_close,,63,0000004962,,-0.0024115466292335963,0.03242703772174959,0.005800813620611578,,,,,,,f81f7af660b9bf0aa1f7485e,False,,,,,,,,,,,,,,,,,,,,,,,,,,,,,,,,,,,,,,,,,,,,,,,,bounded_preclose_bid_ask,,,,False,not_requested_for_horizon_or_variant,,,no_standard_contract_within_rules,event,protective_put,,no_standard_contract_within_rules,,,False,,H23,0,AXP,,primary,0.044230052996412056,15.250733180293725,2025
,,,cdcd2671e638029cb4e4982a,time_value,,,1,1,2025-04-29,2025-04-29,,,832,,,2025-04-30,833,False,,,2025-04-29,,,,,,,"{""market_momentum"": -0.0024115466292335963, ""market_volatility"": 0.03242703772174959, ""momentum"": 0.005800813620611578, ""volatility"": 0.044230052996412056, ""volume_state"": 15.250733180293725}",assumed_next_daily_close,,63,0000004962,,-0.0024115466292335963,0.03242703772174959,0.005800813620611578,,,,,,,f81f7af660b9bf0aa1f7485e,False,,,,,,,,,,,,,,,,,,,,,,,,,,,,,,,,,,,,,,,,,,,,,,,,bounded_preclose_bid_ask,,,,False,not_requested_for_horizon_or_variant,,,no_standard_contract_within_rules,event,protective_put,,no_standard_contract_within_rules,,,True,,H23,0,AXP,,primary,0.044230052996412056,15.250733180293725,2025
,,,cdcd2671e638029cb4e4982a,time_value,,,1,1,2025-04-29,2025-04-29,,,832,,,2025-04-30,833,False,,,2025-04-29,,,,,,,"{""market_momentum"": -0.0024115466292335963, ""market_volatility"": 0.03242703772174959, ""momentum"": 0.005800813620611578, ""volatility"": 0.044230052996412056, ""volume_state"": 15.250733180293725}",assumed_next_daily_close,,expiry,0000004962,,-0.0024115466292335963,0.03242703772174959,0.005800813620611578,,,,,,,f81f7af660b9bf0aa1f7485e,False,,,,,,,,,,,,,,,,,,,,,,,,,,,,,,,,,,,,,,,,,,,,,,,,bounded_preclose_bid_ask,,,,False,not_requested_for_horizon_or_variant,,,no_standard_contract_within_rules,event,protective_put,,no_standard_contract_within_rules,,,False,,H23,0,AXP,,primary,0.044230052996412056,15.250733180293725,2025
,,,cdcd2671e638029cb4e4982a,time_value,,,1,1,2025-04-29,2025-04-29,,,832,,,2025-04-30,833,False,,,2025-04-29,,,,,,,"{""market_momentum"": -0.0024115466292335963, ""market_volatility"": 0.03242703772174959, ""momentum"": 0.005800813620611578, ""volatility"": 0.044230052996412056, ""volume_state"": 15.250733180293725}",assumed_next_daily_close,,expiry,0000004962,,-0.0024115466292335963,0.03242703772174959,0.005800813620611578,,,,,,,f81f7af660b9bf0aa1f7485e,False,,,,,,,,,,,,,,,,,,,,,,,,,,,,,,,,,,,,,,,,,,,,,,,,bounded_preclose_bid_ask,,,,False,not_requested_for_horizon_or_variant,,,no_standard_contract_within_rules,event,protective_put,,no_standard_contract_within_rules,,,True,,H23,0,AXP,,primary,0.044230052996412056,15.250733180293725,2025
,,,d38e4ef35bbad9ad6ba72149,time_value,,,1,1,2024-07-30,2024-07-30,,,645,,,2024-07-31,646,False,,,2024-07-30,,,,,,,"{""market_momentum"": -0.004079232663261267, ""market_volatility"": 0.008339321916729755, ""momentum"": 0.09039084431008404, ""volatility"": 0.013716343194315818, ""volume_state"": 14.809527100192412}",assumed_next_daily_close,,1,0000004962,,-0.004079232663261267,0.008339321916729755,0.09039084431008404,,,,,,,956651b8e2b7a781abf6828e,False,,,,,,,,,,,,,,,,,,,,,,,,,,,,,,,,,,,,,,,,,,,,,,,,bounded_preclose_bid_ask,,,,False,not_requested_for_horizon_or_variant,,,no_standard_contract_within_rules,event,covered_call,,no_standard_contract_within_rules,,,False,,H23,0,AXP,,primary,0.013716343194315818,14.809527100192412,2024
,,,d38e4ef35bbad9ad6ba72149,time_value,,,1,1,2024-07-30,2024-07-30,,,645,,,2024-07-31,646,False,,,2024-07-30,,,,,,,"{""market_momentum"": -0.004079232663261267, ""market_volatility"": 0.008339321916729755, ""momentum"": 0.09039084431008404, ""volatility"": 0.013716343194315818, ""volume_state"": 14.809527100192412}",assumed_next_daily_close,,1,0000004962,,-0.004079232663261267,0.008339321916729755,0.09039084431008404,,,,,,,956651b8e2b7a781abf6828e,False,,,,,,,,,,,,,,,,,,,,,,,,,,,,,,,,,,,,,,,,,,,,,,,,bounded_preclose_bid_ask,,,,False,not_requested_for_horizon_or_variant,,,no_standard_contract_within_rules,event,covered_call,,no_standard_contract_within_rules,,,True,,H23,0,AXP,,primary,0.013716343194315818,14.809527100192412,2024
,,,d38e4ef35bbad9ad6ba72149,time_value,,,1,1,2024-07-30,2024-07-30,,,645,,,2024-07-31,646,False,,,2024-07-30,,,,,,,"{""market_momentum"": -0.004079232663261267, ""market_volatility"": 0.008339321916729755, ""momentum"": 0.09039084431008404, ""volatility"": 0.013716343194315818, ""volume_state"": 14.809527100192412}",assumed_next_daily_close,,2,0000004962,,-0.004079232663261267,0.008339321916729755,0.09039084431008404,,,,,,,956651b8e2b7a781abf6828e,False,,,,,,,,,,,,,,,,,,,,,,,,,,,,,,,,,,,,,,,,,,,,,,,,bounded_preclose_bid_ask,,,,False,not_requested_for_horizon_or_variant,,,no_standard_contract_within_rules,event,covered_call,,no_standard_contract_within_rules,,,False,,H23,0,AXP,,primary,0.013716343194315818,14.809527100192412,2024
,,,d38e4ef35bbad9ad6ba72149,time_value,,,1,1,2024-07-30,2024-07-30,,,645,,,2024-07-31,646,False,,,2024-07-30,,,,,,,"{""market_momentum"": -0.004079232663261267, ""market_volatility"": 0.008339321916729755, ""momentum"": 0.09039084431008404, ""volatility"": 0.013716343194315818, ""volume_state"": 14.809527100192412}",assumed_next_daily_close,,2,0000004962,,-0.004079232663261267,0.008339321916729755,0.09039084431008404,,,,,,,956651b8e2b7a781abf6828e,False,,,,,,,,,,,,,,,,,,,,,,,,,,,,,,,,,,,,,,,,,,,,,,,,bounded_preclose_bid_ask,,,,False,not_requested_for_horizon_or_variant,,,no_standard_contract_within_rules,event,covered_call,,no_standard_contract_within_rules,,,True,,H23,0,AXP,,primary,0.013716343194315818,14.809527100192412,2024
,,,d38e4ef35bbad9ad6ba72149,time_value,,,1,1,2024-07-30,2024-07-30,,,645,,,2024-07-31,646,False,,,2024-07-30,,,,,,,"{""market_momentum"": -0.004079232663261267, ""market_volatility"": 0.008339321916729755, ""momentum"": 0.09039084431008404, ""volatility"": 0.013716343194315818, ""volume_state"": 14.809527100192412}",assumed_next_daily_close,,3,0000004962,,-0.004079232663261267,0.008339321916729755,0.09039084431008404,,,,,,,956651b8e2b7a781abf6828e,False,,,,,,,,,,,,,,,,,,,,,,,,,,,,,,,,,,,,,,,,,,,,,,,,bounded_preclose_bid_ask,,,,False,not_requested_for_horizon_or_variant,,,no_standard_contract_within_rules,event,covered_call,,no_standard_contract_within_rules,,,False,,H23,0,AXP,,primary,0.013716343194315818,14.809527100192412,2024
,,,d38e4ef35bbad9ad6ba72149,time_value,,,1,1,2024-07-30,2024-07-30,,,645,,,2024-07-31,646,False,,,2024-07-30,,,,,,,"{""market_momentum"": -0.004079232663261267, ""market_volatility"": 0.008339321916729755, ""momentum"": 0.09039084431008404, ""volatility"": 0.013716343194315818, ""volume_state"": 14.809527100192412}",assumed_next_daily_close,,3,0000004962,,-0.004079232663261267,0.008339321916729755,0.09039084431008404,,,,,,,956651b8e2b7a781abf6828e,False,,,,,,,,,,,,,,,,,,,,,,,,,,,,,,,,,,,,,,,,,,,,,,,,bounded_preclose_bid_ask,,,,False,not_requested_for_horizon_or_variant,,,no_standard_contract_within_rules,event,covered_call,,no_standard_contract_within_rules,,,True,,H23,0,AXP,,primary,0.013716343194315818,14.809527100192412,2024
,,,d38e4ef35bbad9ad6ba72149,time_value,,,1,1,2024-07-30,2024-07-30,,,645,,,2024-07-31,646,False,,,2024-07-30,,,,,,,"{""market_momentum"": -0.004079232663261267, ""market_volatility"": 0.008339321916729755, ""momentum"": 0.09039084431008404, ""volatility"": 0.013716343194315818, ""volume_state"": 14.809527100192412}",assumed_next_daily_close,,5,0000004962,,-0.004079232663261267,0.008339321916729755,0.09039084431008404,,,,,,,956651b8e2b7a781abf6828e,False,,,,,,,,,,,,,,,,,,,,,,,,,,,,,,,,,,,,,,,,,,,,,,,,bounded_preclose_bid_ask,,,,False,not_requested_for_horizon_or_variant,,,no_standard_contract_within_rules,event,covered_call,,no_standard_contract_within_rules,,,False,,H23,0,AXP,,primary,0.013716343194315818,14.809527100192412,2024
,,,d38e4ef35bbad9ad6ba72149,time_value,,,1,1,2024-07-30,2024-07-30,,,645,,,2024-07-31,646,False,,,2024-07-30,,,,,,,"{""market_momentum"": -0.004079232663261267, ""market_volatility"": 0.008339321916729755, ""momentum"": 0.09039084431008404, ""volatility"": 0.013716343194315818, ""volume_state"": 14.809527100192412}",assumed_next_daily_close,,5,0000004962,,-0.004079232663261267,0.008339321916729755,0.09039084431008404,,,,,,,956651b8e2b7a781abf6828e,False,,,,,,,,,,,,,,,,,,,,,,,,,,,,,,,,,,,,,,,,,,,,,,,,bounded_preclose_bid_ask,,,,False,not_requested_for_horizon_or_variant,,,no_standard_contract_within_rules,event,covered_call,,no_standard_contract_within_rules,,,True,,H23,0,AXP,,primary,0.013716343194315818,14.809527100192412,2024
,,,d38e4ef35bbad9ad6ba72149,time_value,,,1,1,2024-07-30,2024-07-30,,,645,,,2024-07-31,646,False,,,2024-07-30,,,,,,,"{""market_momentum"": -0.004079232663261267, ""market_volatility"": 0.008339321916729755, ""momentum"": 0.09039084431008404, ""volatility"": 0.013716343194315818, ""volume_state"": 14.809527100192412}",assumed_next_daily_close,,10,0000004962,,-0.004079232663261267,0.008339321916729755,0.09039084431008404,,,,,,,956651b8e2b7a781abf6828e,False,,,,,,,,,,,,,,,,,,,,,,,,,,,,,,,,,,,,,,,,,,,,,,,,bounded_preclose_bid_ask,,,,False,not_sampled_or_missing_quotes,,,no_standard_contract_within_rules,event,covered_call,,no_standard_contract_within_rules,,,False,,H23,0,AXP,,primary,0.013716343194315818,14.809527100192412,2024
,,,d38e4ef35bbad9ad6ba72149,time_value,,,1,1,2024-07-30,2024-07-30,,,645,,,2024-07-31,646,False,,,2024-07-30,,,,,,,"{""market_momentum"": -0.004079232663261267, ""market_volatility"": 0.008339321916729755, ""momentum"": 0.09039084431008404, ""volatility"": 0.013716343194315818, ""volume_state"": 14.809527100192412}",assumed_next_daily_close,,10,0000004962,,-0.004079232663261267,0.008339321916729755,0.09039084431008404,,,,,,,956651b8e2b7a781abf6828e,False,,,,,,,,,,,,,,,,,,,,,,,,,,,,,,,,,,,,,,,,,,,,,,,,bounded_preclose_bid_ask,,,,False,not_sampled_or_missing_quotes,,,no_standard_contract_within_rules,event,covered_call,,no_standard_contract_within_rules,,,True,,H23,0,AXP,,primary,0.013716343194315818,14.809527100192412,2024
,,,d38e4ef35bbad9ad6ba72149,time_value,,,1,1,2024-07-30,2024-07-30,,,645,,,2024-07-31,646,False,,,2024-07-30,,,,,,,"{""market_momentum"": -0.004079232663261267, ""market_volatility"": 0.008339321916729755, ""momentum"": 0.09039084431008404, ""volatility"": 0.013716343194315818, ""volume_state"": 14.809527100192412}",assumed_next_daily_close,,21,0000004962,,-0.004079232663261267,0.008339321916729755,0.09039084431008404,,,,,,,956651b8e2b7a781abf6828e,False,,,,,,,,,,,,,,,,,,,,,,,,,,,,,,,,,,,,,,,,,,,,,,,,bounded_preclose_bid_ask,,,,False,not_requested_for_horizon_or_variant,,,no_standard_contract_within_rules,event,covered_call,,no_standard_contract_within_rules,,,False,,H23,0,AXP,,primary,0.013716343194315818,14.809527100192412,2024
,,,d38e4ef35bbad9ad6ba72149,time_value,,,1,1,2024-07-30,2024-07-30,,,645,,,2024-07-31,646,False,,,2024-07-30,,,,,,,"{""market_momentum"": -0.004079232663261267, ""market_volatility"": 0.008339321916729755, ""momentum"": 0.09039084431008404, ""volatility"": 0.013716343194315818, ""volume_state"": 14.809527100192412}",assumed_next_daily_close,,21,0000004962,,-0.004079232663261267,0.008339321916729755,0.09039084431008404,,,,,,,956651b8e2b7a781abf6828e,False,,,,,,,,,,,,,,,,,,,,,,,,,,,,,,,,,,,,,,,,,,,,,,,,bounded_preclose_bid_ask,,,,False,not_requested_for_horizon_or_variant,,,no_standard_contract_within_rules,event,covered_call,,no_standard_contract_within_rules,,,True,,H23,0,AXP,,primary,0.013716343194315818,14.809527100192412,2024
,,,d38e4ef35bbad9ad6ba72149,time_value,,,1,1,2024-07-30,2024-07-30,,,645,,,2024-07-31,646,False,,,2024-07-30,,,,,,,"{""market_momentum"": -0.004079232663261267, ""market_volatility"": 0.008339321916729755, ""momentum"": 0.09039084431008404, ""volatility"": 0.013716343194315818, ""volume_state"": 14.809527100192412}",assumed_next_daily_close,,42,0000004962,,-0.004079232663261267,0.008339321916729755,0.09039084431008404,,,,,,,956651b8e2b7a781abf6828e,False,,,,,,,,,,,,,,,,,,,,,,,,,,,,,,,,,,,,,,,,,,,,,,,,bounded_preclose_bid_ask,,,,False,not_requested_for_horizon_or_variant,,,no_standard_contract_within_rules,event,covered_call,,no_standard_contract_within_rules,,,False,,H23,0,AXP,,primary,0.013716343194315818,14.809527100192412,2024
,,,d38e4ef35bbad9ad6ba72149,time_value,,,1,1,2024-07-30,2024-07-30,,,645,,,2024-07-31,646,False,,,2024-07-30,,,,,,,"{""market_momentum"": -0.004079232663261267, ""market_volatility"": 0.008339321916729755, ""momentum"": 0.09039084431008404, ""volatility"": 0.013716343194315818, ""volume_state"": 14.809527100192412}",assumed_next_daily_close,,42,0000004962,,-0.004079232663261267,0.008339321916729755,0.09039084431008404,,,,,,,956651b8e2b7a781abf6828e,False,,,,,,,,,,,,,,,,,,,,,,,,,,,,,,,,,,,,,,,,,,,,,,,,bounded_preclose_bid_ask,,,,False,not_requested_for_horizon_or_variant,,,no_standard_contract_within_rules,event,covered_call,,no_standard_contract_within_rules,,,True,,H23,0,AXP,,primary,0.013716343194315818,14.809527100192412,2024
,,,d38e4ef35bbad9ad6ba72149,time_value,,,1,1,2024-07-30,2024-07-30,,,645,,,2024-07-31,646,False,,,2024-07-30,,,,,,,"{""market_momentum"": -0.004079232663261267, ""market_volatility"": 0.008339321916729755, ""momentum"": 0.09039084431008404, ""volatility"": 0.013716343194315818, ""volume_state"": 14.809527100192412}",assumed_next_daily_close,,63,0000004962,,-0.004079232663261267,0.008339321916729755,0.09039084431008404,,,,,,,956651b8e2b7a781abf6828e,False,,,,,,,,,,,,,,,,,,,,,,,,,,,,,,,,,,,,,,,,,,,,,,,,bounded_preclose_bid_ask,,,,False,not_requested_for_horizon_or_variant,,,no_standard_contract_within_rules,event,covered_call,,no_standard_contract_within_rules,,,False,,H23,0,AXP,,primary,0.013716343194315818,14.809527100192412,2024
,,,d38e4ef35bbad9ad6ba72149,time_value,,,1,1,2024-07-30,2024-07-30,,,645,,,2024-07-31,646,False,,,2024-07-30,,,,,,,"{""market_momentum"": -0.004079232663261267, ""market_volatility"": 0.008339321916729755, ""momentum"": 0.09039084431008404, ""volatility"": 0.013716343194315818, ""volume_state"": 14.809527100192412}",assumed_next_daily_close,,63,0000004962,,-0.004079232663261267,0.008339321916729755,0.09039084431008404,,,,,,,956651b8e2b7a781abf6828e,False,,,,,,,,,,,,,,,,,,,,,,,,,,,,,,,,,,,,,,,,,,,,,,,,bounded_preclose_bid_ask,,,,False,not_requested_for_horizon_or_variant,,,no_standard_contract_within_rules,event,covered_call,,no_standard_contract_within_rules,,,True,,H23,0,AXP,,primary,0.013716343194315818,14.809527100192412,2024
,,,d38e4ef35bbad9ad6ba72149,time_value,,,1,1,2024-07-30,2024-07-30,,,645,,,2024-07-31,646,False,,,2024-07-30,,,,,,,"{""market_momentum"": -0.004079232663261267, ""market_volatility"": 0.008339321916729755, ""momentum"": 0.09039084431008404, ""volatility"": 0.013716343194315818, ""volume_state"": 14.809527100192412}",assumed_next_daily_close,,expiry,0000004962,,-0.004079232663261267,0.008339321916729755,0.09039084431008404,,,,,,,956651b8e2b7a781abf6828e,False,,,,,,,,,,,,,,,,,,,,,,,,,,,,,,,,,,,,,,,,,,,,,,,,bounded_preclose_bid_ask,,,,False,not_requested_for_horizon_or_variant,,,no_standard_contract_within_rules,event,covered_call,,no_standard_contract_within_rules,,,False,,H23,0,AXP,,primary,0.013716343194315818,14.809527100192412,2024
,,,d38e4ef35bbad9ad6ba72149,time_value,,,1,1,2024-07-30,2024-07-30,,,645,,,2024-07-31,646,False,,,2024-07-30,,,,,,,"{""market_momentum"": -0.004079232663261267, ""market_volatility"": 0.008339321916729755, ""momentum"": 0.09039084431008404, ""volatility"": 0.013716343194315818, ""volume_state"": 14.809527100192412}",assumed_next_daily_close,,expiry,0000004962,,-0.004079232663261267,0.008339321916729755,0.09039084431008404,,,,,,,956651b8e2b7a781abf6828e,False,,,,,,,,,,,,,,,,,,,,,,,,,,,,,,,,,,,,,,,,,,,,,,,,bounded_preclose_bid_ask,,,,False,not_requested_for_horizon_or_variant,,,no_standard_contract_within_rules,event,covered_call,,no_standard_contract_within_rules,,,True,,H23,0,AXP,,primary,0.013716343194315818,14.809527100192412,2024
,,,d88a6b81560c3b1514aae82d,time_value,,,1,1,2022-04-04,2022-04-04,,,63,,,2022-04-05,64,False,,,2023-02-21,,,,,,,"{""market_momentum"": 0.05699146169331515, ""market_volatility"": 0.014121578039566623, ""momentum"": 0.08505348366579946, ""volatility"": 0.026314544887485948, ""volume_state"": 15.23590534582416}",assumed_next_daily_close,,1,0000004962,,0.05699146169331515,0.014121578039566623,0.08505348366579946,,,,,,,22ec1e05640fbe4ff0d8a69f,False,,,,,,,,,,,,,,,,,,,,,,,,,,,,,,,,,,,,,,,,,,,,,,,,bounded_preclose_bid_ask,,,,False,not_requested_for_horizon_or_variant,,,missing_decision_or_entry_bar,ordinary,protective_put,,missing_decision_or_entry_bar,,,False,,H23,0,AXP,,primary,0.026314544887485948,15.23590534582416,2022
,,,d88a6b81560c3b1514aae82d,time_value,,,1,1,2022-04-04,2022-04-04,,,63,,,2022-04-05,64,False,,,2023-02-21,,,,,,,"{""market_momentum"": 0.05699146169331515, ""market_volatility"": 0.014121578039566623, ""momentum"": 0.08505348366579946, ""volatility"": 0.026314544887485948, ""volume_state"": 15.23590534582416}",assumed_next_daily_close,,1,0000004962,,0.05699146169331515,0.014121578039566623,0.08505348366579946,,,,,,,22ec1e05640fbe4ff0d8a69f,False,,,,,,,,,,,,,,,,,,,,,,,,,,,,,,,,,,,,,,,,,,,,,,,,bounded_preclose_bid_ask,,,,False,not_requested_for_horizon_or_variant,,,missing_decision_or_entry_bar,ordinary,protective_put,,missing_decision_or_entry_bar,,,True,,H23,0,AXP,,primary,0.026314544887485948,15.23590534582416,2022
,,,d88a6b81560c3b1514aae82d,time_value,,,1,1,2022-04-04,2022-04-04,,,63,,,2022-04-05,64,False,,,2023-02-21,,,,,,,"{""market_momentum"": 0.05699146169331515, ""market_volatility"": 0.014121578039566623, ""momentum"": 0.08505348366579946, ""volatility"": 0.026314544887485948, ""volume_state"": 15.23590534582416}",assumed_next_daily_close,,2,0000004962,,0.05699146169331515,0.014121578039566623,0.08505348366579946,,,,,,,22ec1e05640fbe4ff0d8a69f,False,,,,,,,,,,,,,,,,,,,,,,,,,,,,,,,,,,,,,,,,,,,,,,,,bounded_preclose_bid_ask,,,,False,not_requested_for_horizon_or_variant,,,missing_decision_or_entry_bar,ordinary,protective_put,,missing_decision_or_entry_bar,,,False,,H23,0,AXP,,primary,0.026314544887485948,15.23590534582416,2022
,,,d88a6b81560c3b1514aae82d,time_value,,,1,1,2022-04-04,2022-04-04,,,63,,,2022-04-05,64,False,,,2023-02-21,,,,,,,"{""market_momentum"": 0.05699146169331515, ""market_volatility"": 0.014121578039566623, ""momentum"": 0.08505348366579946, ""volatility"": 0.026314544887485948, ""volume_state"": 15.23590534582416}",assumed_next_daily_close,,2,0000004962,,0.05699146169331515,0.014121578039566623,0.08505348366579946,,,,,,,22ec1e05640fbe4ff0d8a69f,False,,,,,,,,,,,,,,,,,,,,,,,,,,,,,,,,,,,,,,,,,,,,,,,,bounded_preclose_bid_ask,,,,False,not_requested_for_horizon_or_variant,,,missing_decision_or_entry_bar,ordinary,protective_put,,missing_decision_or_entry_bar,,,True,,H23,0,AXP,,primary,0.026314544887485948,15.23590534582416,2022
,,,d88a6b81560c3b1514aae82d,time_value,,,1,1,2022-04-04,2022-04-04,,,63,,,2022-04-05,64,False,,,2023-02-21,,,,,,,"{""market_momentum"": 0.05699146169331515, ""market_volatility"": 0.014121578039566623, ""momentum"": 0.08505348366579946, ""volatility"": 0.026314544887485948, ""volume_state"": 15.23590534582416}",assumed_next_daily_close,,3,0000004962,,0.05699146169331515,0.014121578039566623,0.08505348366579946,,,,,,,22ec1e05640fbe4ff0d8a69f,False,,,,,,,,,,,,,,,,,,,,,,,,,,,,,,,,,,,,,,,,,,,,,,,,bounded_preclose_bid_ask,,,,False,not_requested_for_horizon_or_variant,,,missing_decision_or_entry_bar,ordinary,protective_put,,missing_decision_or_entry_bar,,,False,,H23,0,AXP,,primary,0.026314544887485948,15.23590534582416,2022
,,,d88a6b81560c3b1514aae82d,time_value,,,1,1,2022-04-04,2022-04-04,,,63,,,2022-04-05,64,False,,,2023-02-21,,,,,,,"{""market_momentum"": 0.05699146169331515, ""market_volatility"": 0.014121578039566623, ""momentum"": 0.08505348366579946, ""volatility"": 0.026314544887485948, ""volume_state"": 15.23590534582416}",assumed_next_daily_close,,3,0000004962,,0.05699146169331515,0.014121578039566623,0.08505348366579946,,,,,,,22ec1e05640fbe4ff0d8a69f,False,,,,,,,,,,,,,,,,,,,,,,,,,,,,,,,,,,,,,,,,,,,,,,,,bounded_preclose_bid_ask,,,,False,not_requested_for_horizon_or_variant,,,missing_decision_or_entry_bar,ordinary,protective_put,,missing_decision_or_entry_bar,,,True,,H23,0,AXP,,primary,0.026314544887485948,15.23590534582416,2022
,,,d88a6b81560c3b1514aae82d,time_value,,,1,1,2022-04-04,2022-04-04,,,63,,,2022-04-05,64,False,,,2023-02-21,,,,,,,"{""market_momentum"": 0.05699146169331515, ""market_volatility"": 0.014121578039566623, ""momentum"": 0.08505348366579946, ""volatility"": 0.026314544887485948, ""volume_state"": 15.23590534582416}",assumed_next_daily_close,,5,0000004962,,0.05699146169331515,0.014121578039566623,0.08505348366579946,,,,,,,22ec1e05640fbe4ff0d8a69f,False,,,,,,,,,,,,,,,,,,,,,,,,,,,,,,,,,,,,,,,,,,,,,,,,bounded_preclose_bid_ask,,,,False,not_requested_for_horizon_or_variant,,,missing_decision_or_entry_bar,ordinary,protective_put,,missing_decision_or_entry_bar,,,False,,H23,0,AXP,,primary,0.026314544887485948,15.23590534582416,2022
,,,d88a6b81560c3b1514aae82d,time_value,,,1,1,2022-04-04,2022-04-04,,,63,,,2022-04-05,64,False,,,2023-02-21,,,,,,,"{""market_momentum"": 0.05699146169331515, ""market_volatility"": 0.014121578039566623, ""momentum"": 0.08505348366579946, ""volatility"": 0.026314544887485948, ""volume_state"": 15.23590534582416}",assumed_next_daily_close,,5,0000004962,,0.05699146169331515,0.014121578039566623,0.08505348366579946,,,,,,,22ec1e05640fbe4ff0d8a69f,False,,,,,,,,,,,,,,,,,,,,,,,,,,,,,,,,,,,,,,,,,,,,,,,,bounded_preclose_bid_ask,,,,False,not_requested_for_horizon_or_variant,,,missing_decision_or_entry_bar,ordinary,protective_put,,missing_decision_or_entry_bar,,,True,,H23,0,AXP,,primary,0.026314544887485948,15.23590534582416,2022
,,,d88a6b81560c3b1514aae82d,time_value,,,1,1,2022-04-04,2022-04-04,,,63,,,2022-04-05,64,False,,,2023-02-21,,,,,,,"{""market_momentum"": 0.05699146169331515, ""market_volatility"": 0.014121578039566623, ""momentum"": 0.08505348366579946, ""volatility"": 0.026314544887485948, ""volume_state"": 15.23590534582416}",assumed_next_daily_close,,10,0000004962,,0.05699146169331515,0.014121578039566623,0.08505348366579946,,,,,,,22ec1e05640fbe4ff0d8a69f,False,,,,,,,,,,,,,,,,,,,,,,,,,,,,,,,,,,,,,,,,,,,,,,,,bounded_preclose_bid_ask,,,,False,bar_outcome_not_completed,,,missing_decision_or_entry_bar,ordinary,protective_put,,missing_decision_or_entry_bar,,,False,,H23,0,AXP,,primary,0.026314544887485948,15.23590534582416,2022
,,,d88a6b81560c3b1514aae82d,time_value,,,1,1,2022-04-04,2022-04-04,,,63,,,2022-04-05,64,False,,,2023-02-21,,,,,,,"{""market_momentum"": 0.05699146169331515, ""market_volatility"": 0.014121578039566623, ""momentum"": 0.08505348366579946, ""volatility"": 0.026314544887485948, ""volume_state"": 15.23590534582416}",assumed_next_daily_close,,10,0000004962,,0.05699146169331515,0.014121578039566623,0.08505348366579946,,,,,,,22ec1e05640fbe4ff0d8a69f,False,,,,,,,,,,,,,,,,,,,,,,,,,,,,,,,,,,,,,,,,,,,,,,,,bounded_preclose_bid_ask,,,,False,bar_outcome_not_completed,,,missing_decision_or_entry_bar,ordinary,protective_put,,missing_decision_or_entry_bar,,,True,,H23,0,AXP,,primary,0.026314544887485948,15.23590534582416,2022
,,,d88a6b81560c3b1514aae82d,time_value,,,1,1,2022-04-04,2022-04-04,,,63,,,2022-04-05,64,False,,,2023-02-21,,,,,,,"{""market_momentum"": 0.05699146169331515, ""market_volatility"": 0.014121578039566623, ""momentum"": 0.08505348366579946, ""volatility"": 0.026314544887485948, ""volume_state"": 15.23590534582416}",assumed_next_daily_close,,21,0000004962,,0.05699146169331515,0.014121578039566623,0.08505348366579946,,,,,,,22ec1e05640fbe4ff0d8a69f,False,,,,,,,,,,,,,,,,,,,,,,,,,,,,,,,,,,,,,,,,,,,,,,,,bounded_preclose_bid_ask,,,,False,not_requested_for_horizon_or_variant,,,missing_decision_or_entry_bar,ordinary,protective_put,,missing_decision_or_entry_bar,,,False,,H23,0,AXP,,primary,0.026314544887485948,15.23590534582416,2022
,,,d88a6b81560c3b1514aae82d,time_value,,,1,1,2022-04-04,2022-04-04,,,63,,,2022-04-05,64,False,,,2023-02-21,,,,,,,"{""market_momentum"": 0.05699146169331515, ""market_volatility"": 0.014121578039566623, ""momentum"": 0.08505348366579946, ""volatility"": 0.026314544887485948, ""volume_state"": 15.23590534582416}",assumed_next_daily_close,,21,0000004962,,0.05699146169331515,0.014121578039566623,0.08505348366579946,,,,,,,22ec1e05640fbe4ff0d8a69f,False,,,,,,,,,,,,,,,,,,,,,,,,,,,,,,,,,,,,,,,,,,,,,,,,bounded_preclose_bid_ask,,,,False,not_requested_for_horizon_or_variant,,,missing_decision_or_entry_bar,ordinary,protective_put,,missing_decision_or_entry_bar,,,True,,H23,0,AXP,,primary,0.026314544887485948,15.23590534582416,2022
,,,d88a6b81560c3b1514aae82d,time_value,,,1,1,2022-04-04,2022-04-04,,,63,,,2022-04-05,64,False,,,2023-02-21,,,,,,,"{""market_momentum"": 0.05699146169331515, ""market_volatility"": 0.014121578039566623, ""momentum"": 0.08505348366579946, ""volatility"": 0.026314544887485948, ""volume_state"": 15.23590534582416}",assumed_next_daily_close,,42,0000004962,,0.05699146169331515,0.014121578039566623,0.08505348366579946,,,,,,,22ec1e05640fbe4ff0d8a69f,False,,,,,,,,,,,,,,,,,,,,,,,,,,,,,,,,,,,,,,,,,,,,,,,,bounded_preclose_bid_ask,,,,False,not_requested_for_horizon_or_variant,,,missing_decision_or_entry_bar,ordinary,protective_put,,missing_decision_or_entry_bar,,,False,,H23,0,AXP,,primary,0.026314544887485948,15.23590534582416,2022
,,,d88a6b81560c3b1514aae82d,time_value,,,1,1,2022-04-04,2022-04-04,,,63,,,2022-04-05,64,False,,,2023-02-21,,,,,,,"{""market_momentum"": 0.05699146169331515, ""market_volatility"": 0.014121578039566623, ""momentum"": 0.08505348366579946, ""volatility"": 0.026314544887485948, ""volume_state"": 15.23590534582416}",assumed_next_daily_close,,42,0000004962,,0.05699146169331515,0.014121578039566623,0.08505348366579946,,,,,,,22ec1e05640fbe4ff0d8a69f,False,,,,,,,,,,,,,,,,,,,,,,,,,,,,,,,,,,,,,,,,,,,,,,,,bounded_preclose_bid_ask,,,,False,not_requested_for_horizon_or_variant,,,missing_decision_or_entry_bar,ordinary,protective_put,,missing_decision_or_entry_bar,,,True,,H23,0,AXP,,primary,0.026314544887485948,15.23590534582416,2022
,,,d88a6b81560c3b1514aae82d,time_value,,,1,1,2022-04-04,2022-04-04,,,63,,,2022-04-05,64,False,,,2023-02-21,,,,,,,"{""market_momentum"": 0.05699146169331515, ""market_volatility"": 0.014121578039566623, ""momentum"": 0.08505348366579946, ""volatility"": 0.026314544887485948, ""volume_state"": 15.23590534582416}",assumed_next_daily_close,,63,0000004962,,0.05699146169331515,0.014121578039566623,0.08505348366579946,,,,,,,22ec1e05640fbe4ff0d8a69f,False,,,,,,,,,,,,,,,,,,,,,,,,,,,,,,,,,,,,,,,,,,,,,,,,bounded_preclose_bid_ask,,,,False,not_requested_for_horizon_or_variant,,,missing_decision_or_entry_bar,ordinary,protective_put,,missing_decision_or_entry_bar,,,False,,H23,0,AXP,,primary,0.026314544887485948,15.23590534582416,2022
,,,d88a6b81560c3b1514aae82d,time_value,,,1,1,2022-04-04,2022-04-04,,,63,,,2022-04-05,64,False,,,2023-02-21,,,,,,,"{""market_momentum"": 0.05699146169331515, ""market_volatility"": 0.014121578039566623, ""momentum"": 0.08505348366579946, ""volatility"": 0.026314544887485948, ""volume_state"": 15.23590534582416}",assumed_next_daily_close,,63,0000004962,,0.05699146169331515,0.014121578039566623,0.08505348366579946,,,,,,,22ec1e05640fbe4ff0d8a69f,False,,,,,,,,,,,,,,,,,,,,,,,,,,,,,,,,,,,,,,,,,,,,,,,,bounded_preclose_bid_ask,,,,False,not_requested_for_horizon_or_variant,,,missing_decision_or_entry_bar,ordinary,protective_put,,missing_decision_or_entry_bar,,,True,,H23,0,AXP,,primary,0.026314544887485948,15.23590534582416,2022
,,,d88a6b81560c3b1514aae82d,time_value,,,1,1,2022-04-04,2022-04-04,,,63,,,2022-04-05,64,False,,,2023-02-21,,,,,,,"{""market_momentum"": 0.05699146169331515, ""market_volatility"": 0.014121578039566623, ""momentum"": 0.08505348366579946, ""volatility"": 0.026314544887485948, ""volume_state"": 15.23590534582416}",assumed_next_daily_close,,expiry,0000004962,,0.05699146169331515,0.014121578039566623,0.08505348366579946,,,,,,,22ec1e05640fbe4ff0d8a69f,False,,,,,,,,,,,,,,,,,,,,,,,,,,,,,,,,,,,,,,,,,,,,,,,,bounded_preclose_bid_ask,,,,False,not_requested_for_horizon_or_variant,,,missing_decision_or_entry_bar,ordinary,protective_put,,missing_decision_or_entry_bar,,,False,,H23,0,AXP,,primary,0.026314544887485948,15.23590534582416,2022
,,,d88a6b81560c3b1514aae82d,time_value,,,1,1,2022-04-04,2022-04-04,,,63,,,2022-04-05,64,False,,,2023-02-21,,,,,,,"{""market_momentum"": 0.05699146169331515, ""market_volatility"": 0.014121578039566623, ""momentum"": 0.08505348366579946, ""volatility"": 0.026314544887485948, ""volume_state"": 15.23590534582416}",assumed_next_daily_close,,expiry,0000004962,,0.05699146169331515,0.014121578039566623,0.08505348366579946,,,,,,,22ec1e05640fbe4ff0d8a69f,False,,,,,,,,,,,,,,,,,,,,,,,,,,,,,,,,,,,,,,,,,,,,,,,,bounded_preclose_bid_ask,,,,False,not_requested_for_horizon_or_variant,,,missing_decision_or_entry_bar,ordinary,protective_put,,missing_decision_or_entry_bar,,,True,,H23,0,AXP,,primary,0.026314544887485948,15.23590534582416,2022
,,,d9b5f9a38cd77f6da138b41f,time_value,,,1,1,2024-06-03,2024-06-03,,,606,,,2024-06-04,607,False,,,2024-12-02,,,,,,,"{""market_momentum"": 0.04508643050907857, ""market_volatility"": 0.0060434691287607045, ""momentum"": 0.0028169014084507005, ""volatility"": 0.010427683608543991, ""volume_state"": 15.186724771165343}",assumed_next_daily_close,,1,0000005272,,0.04508643050907857,0.0060434691287607045,0.0028169014084507005,,,,,,,915793df3a040cd0c802d9f2,False,,,,,,,,,,,,,,,,,,,,,,,,,,,,,,,,,,,,,,,,,,,,,,,,bounded_preclose_bid_ask,,,,False,not_requested_for_horizon_or_variant,,,missing_decision_or_entry_bar,ordinary,protective_put,,missing_decision_or_entry_bar,,,False,,H23,0,AIG,,primary,0.010427683608543991,15.186724771165343,2024
,,,d9b5f9a38cd77f6da138b41f,time_value,,,1,1,2024-06-03,2024-06-03,,,606,,,2024-06-04,607,False,,,2024-12-02,,,,,,,"{""market_momentum"": 0.04508643050907857, ""market_volatility"": 0.0060434691287607045, ""momentum"": 0.0028169014084507005, ""volatility"": 0.010427683608543991, ""volume_state"": 15.186724771165343}",assumed_next_daily_close,,1,0000005272,,0.04508643050907857,0.0060434691287607045,0.0028169014084507005,,,,,,,915793df3a040cd0c802d9f2,False,,,,,,,,,,,,,,,,,,,,,,,,,,,,,,,,,,,,,,,,,,,,,,,,bounded_preclose_bid_ask,,,,False,not_requested_for_horizon_or_variant,,,missing_decision_or_entry_bar,ordinary,protective_put,,missing_decision_or_entry_bar,,,True,,H23,0,AIG,,primary,0.010427683608543991,15.186724771165343,2024
,,,d9b5f9a38cd77f6da138b41f,time_value,,,1,1,2024-06-03,2024-06-03,,,606,,,2024-06-04,607,False,,,2024-12-02,,,,,,,"{""market_momentum"": 0.04508643050907857, ""market_volatility"": 0.0060434691287607045, ""momentum"": 0.0028169014084507005, ""volatility"": 0.010427683608543991, ""volume_state"": 15.186724771165343}",assumed_next_daily_close,,2,0000005272,,0.04508643050907857,0.0060434691287607045,0.0028169014084507005,,,,,,,915793df3a040cd0c802d9f2,False,,,,,,,,,,,,,,,,,,,,,,,,,,,,,,,,,,,,,,,,,,,,,,,,bounded_preclose_bid_ask,,,,False,not_requested_for_horizon_or_variant,,,missing_decision_or_entry_bar,ordinary,protective_put,,missing_decision_or_entry_bar,,,False,,H23,0,AIG,,primary,0.010427683608543991,15.186724771165343,2024
,,,d9b5f9a38cd77f6da138b41f,time_value,,,1,1,2024-06-03,2024-06-03,,,606,,,2024-06-04,607,False,,,2024-12-02,,,,,,,"{""market_momentum"": 0.04508643050907857, ""market_volatility"": 0.0060434691287607045, ""momentum"": 0.0028169014084507005, ""volatility"": 0.010427683608543991, ""volume_state"": 15.186724771165343}",assumed_next_daily_close,,2,0000005272,,0.04508643050907857,0.0060434691287607045,0.0028169014084507005,,,,,,,915793df3a040cd0c802d9f2,False,,,,,,,,,,,,,,,,,,,,,,,,,,,,,,,,,,,,,,,,,,,,,,,,bounded_preclose_bid_ask,,,,False,not_requested_for_horizon_or_variant,,,missing_decision_or_entry_bar,ordinary,protective_put,,missing_decision_or_entry_bar,,,True,,H23,0,AIG,,primary,0.010427683608543991,15.186724771165343,2024
,,,d9b5f9a38cd77f6da138b41f,time_value,,,1,1,2024-06-03,2024-06-03,,,606,,,2024-06-04,607,False,,,2024-12-02,,,,,,,"{""market_momentum"": 0.04508643050907857, ""market_volatility"": 0.0060434691287607045, ""momentum"": 0.0028169014084507005, ""volatility"": 0.010427683608543991, ""volume_state"": 15.186724771165343}",assumed_next_daily_close,,3,0000005272,,0.04508643050907857,0.0060434691287607045,0.0028169014084507005,,,,,,,915793df3a040cd0c802d9f2,False,,,,,,,,,,,,,,,,,,,,,,,,,,,,,,,,,,,,,,,,,,,,,,,,bounded_preclose_bid_ask,,,,False,not_requested_for_horizon_or_variant,,,missing_decision_or_entry_bar,ordinary,protective_put,,missing_decision_or_entry_bar,,,False,,H23,0,AIG,,primary,0.010427683608543991,15.186724771165343,2024
,,,d9b5f9a38cd77f6da138b41f,time_value,,,1,1,2024-06-03,2024-06-03,,,606,,,2024-06-04,607,False,,,2024-12-02,,,,,,,"{""market_momentum"": 0.04508643050907857, ""market_volatility"": 0.0060434691287607045, ""momentum"": 0.0028169014084507005, ""volatility"": 0.010427683608543991, ""volume_state"": 15.186724771165343}",assumed_next_daily_close,,3,0000005272,,0.04508643050907857,0.0060434691287607045,0.0028169014084507005,,,,,,,915793df3a040cd0c802d9f2,False,,,,,,,,,,,,,,,,,,,,,,,,,,,,,,,,,,,,,,,,,,,,,,,,bounded_preclose_bid_ask,,,,False,not_requested_for_horizon_or_variant,,,missing_decision_or_entry_bar,ordinary,protective_put,,missing_decision_or_entry_bar,,,True,,H23,0,AIG,,primary,0.010427683608543991,15.186724771165343,2024
,,,d9b5f9a38cd77f6da138b41f,time_value,,,1,1,2024-06-03,2024-06-03,,,606,,,2024-06-04,607,False,,,2024-12-02,,,,,,,"{""market_momentum"": 0.04508643050907857, ""market_volatility"": 0.0060434691287607045, ""momentum"": 0.0028169014084507005, ""volatility"": 0.010427683608543991, ""volume_state"": 15.186724771165343}",assumed_next_daily_close,,5,0000005272,,0.04508643050907857,0.0060434691287607045,0.0028169014084507005,,,,,,,915793df3a040cd0c802d9f2,False,,,,,,,,,,,,,,,,,,,,,,,,,,,,,,,,,,,,,,,,,,,,,,,,bounded_preclose_bid_ask,,,,False,not_requested_for_horizon_or_variant,,,missing_decision_or_entry_bar,ordinary,protective_put,,missing_decision_or_entry_bar,,,False,,H23,0,AIG,,primary,0.010427683608543991,15.186724771165343,2024
,,,d9b5f9a38cd77f6da138b41f,time_value,,,1,1,2024-06-03,2024-06-03,,,606,,,2024-06-04,607,False,,,2024-12-02,,,,,,,"{""market_momentum"": 0.04508643050907857, ""market_volatility"": 0.0060434691287607045, ""momentum"": 0.0028169014084507005, ""volatility"": 0.010427683608543991, ""volume_state"": 15.186724771165343}",assumed_next_daily_close,,5,0000005272,,0.04508643050907857,0.0060434691287607045,0.0028169014084507005,,,,,,,915793df3a040cd0c802d9f2,False,,,,,,,,,,,,,,,,,,,,,,,,,,,,,,,,,,,,,,,,,,,,,,,,bounded_preclose_bid_ask,,,,False,not_requested_for_horizon_or_variant,,,missing_decision_or_entry_bar,ordinary,protective_put,,missing_decision_or_entry_bar,,,True,,H23,0,AIG,,primary,0.010427683608543991,15.186724771165343,2024
,,,d9b5f9a38cd77f6da138b41f,time_value,,,1,1,2024-06-03,2024-06-03,,,606,,,2024-06-04,607,False,,,2024-12-02,,,,,,,"{""market_momentum"": 0.04508643050907857, ""market_volatility"": 0.0060434691287607045, ""momentum"": 0.0028169014084507005, ""volatility"": 0.010427683608543991, ""volume_state"": 15.186724771165343}",assumed_next_daily_close,,10,0000005272,,0.04508643050907857,0.0060434691287607045,0.0028169014084507005,,,,,,,915793df3a040cd0c802d9f2,False,,,,,,,,,,,,,,,,,,,,,,,,,,,,,,,,,,,,,,,,,,,,,,,,bounded_preclose_bid_ask,,,,False,bar_outcome_not_completed,,,missing_decision_or_entry_bar,ordinary,protective_put,,missing_decision_or_entry_bar,,,False,,H23,0,AIG,,primary,0.010427683608543991,15.186724771165343,2024
,,,d9b5f9a38cd77f6da138b41f,time_value,,,1,1,2024-06-03,2024-06-03,,,606,,,2024-06-04,607,False,,,2024-12-02,,,,,,,"{""market_momentum"": 0.04508643050907857, ""market_volatility"": 0.0060434691287607045, ""momentum"": 0.0028169014084507005, ""volatility"": 0.010427683608543991, ""volume_state"": 15.186724771165343}",assumed_next_daily_close,,10,0000005272,,0.04508643050907857,0.0060434691287607045,0.0028169014084507005,,,,,,,915793df3a040cd0c802d9f2,False,,,,,,,,,,,,,,,,,,,,,,,,,,,,,,,,,,,,,,,,,,,,,,,,bounded_preclose_bid_ask,,,,False,bar_outcome_not_completed,,,missing_decision_or_entry_bar,ordinary,protective_put,,missing_decision_or_entry_bar,,,True,,H23,0,AIG,,primary,0.010427683608543991,15.186724771165343,2024
,,,d9b5f9a38cd77f6da138b41f,time_value,,,1,1,2024-06-03,2024-06-03,,,606,,,2024-06-04,607,False,,,2024-12-02,,,,,,,"{""market_momentum"": 0.04508643050907857, ""market_volatility"": 0.0060434691287607045, ""momentum"": 0.0028169014084507005, ""volatility"": 0.010427683608543991, ""volume_state"": 15.186724771165343}",assumed_next_daily_close,,21,0000005272,,0.04508643050907857,0.0060434691287607045,0.0028169014084507005,,,,,,,915793df3a040cd0c802d9f2,False,,,,,,,,,,,,,,,,,,,,,,,,,,,,,,,,,,,,,,,,,,,,,,,,bounded_preclose_bid_ask,,,,False,not_requested_for_horizon_or_variant,,,missing_decision_or_entry_bar,ordinary,protective_put,,missing_decision_or_entry_bar,,,False,,H23,0,AIG,,primary,0.010427683608543991,15.186724771165343,2024
,,,d9b5f9a38cd77f6da138b41f,time_value,,,1,1,2024-06-03,2024-06-03,,,606,,,2024-06-04,607,False,,,2024-12-02,,,,,,,"{""market_momentum"": 0.04508643050907857, ""market_volatility"": 0.0060434691287607045, ""momentum"": 0.0028169014084507005, ""volatility"": 0.010427683608543991, ""volume_state"": 15.186724771165343}",assumed_next_daily_close,,21,0000005272,,0.04508643050907857,0.0060434691287607045,0.0028169014084507005,,,,,,,915793df3a040cd0c802d9f2,False,,,,,,,,,,,,,,,,,,,,,,,,,,,,,,,,,,,,,,,,,,,,,,,,bounded_preclose_bid_ask,,,,False,not_requested_for_horizon_or_variant,,,missing_decision_or_entry_bar,ordinary,protective_put,,missing_decision_or_entry_bar,,,True,,H23,0,AIG,,primary,0.010427683608543991,15.186724771165343,2024
,,,d9b5f9a38cd77f6da138b41f,time_value,,,1,1,2024-06-03,2024-06-03,,,606,,,2024-06-04,607,False,,,2024-12-02,,,,,,,"{""market_momentum"": 0.04508643050907857, ""market_volatility"": 0.0060434691287607045, ""momentum"": 0.0028169014084507005, ""volatility"": 0.010427683608543991, ""volume_state"": 15.186724771165343}",assumed_next_daily_close,,42,0000005272,,0.04508643050907857,0.0060434691287607045,0.0028169014084507005,,,,,,,915793df3a040cd0c802d9f2,False,,,,,,,,,,,,,,,,,,,,,,,,,,,,,,,,,,,,,,,,,,,,,,,,bounded_preclose_bid_ask,,,,False,not_requested_for_horizon_or_variant,,,missing_decision_or_entry_bar,ordinary,protective_put,,missing_decision_or_entry_bar,,,False,,H23,0,AIG,,primary,0.010427683608543991,15.186724771165343,2024
,,,d9b5f9a38cd77f6da138b41f,time_value,,,1,1,2024-06-03,2024-06-03,,,606,,,2024-06-04,607,False,,,2024-12-02,,,,,,,"{""market_momentum"": 0.04508643050907857, ""market_volatility"": 0.0060434691287607045, ""momentum"": 0.0028169014084507005, ""volatility"": 0.010427683608543991, ""volume_state"": 15.186724771165343}",assumed_next_daily_close,,42,0000005272,,0.04508643050907857,0.0060434691287607045,0.0028169014084507005,,,,,,,915793df3a040cd0c802d9f2,False,,,,,,,,,,,,,,,,,,,,,,,,,,,,,,,,,,,,,,,,,,,,,,,,bounded_preclose_bid_ask,,,,False,not_requested_for_horizon_or_variant,,,missing_decision_or_entry_bar,ordinary,protective_put,,missing_decision_or_entry_bar,,,True,,H23,0,AIG,,primary,0.010427683608543991,15.186724771165343,2024
,,,d9b5f9a38cd77f6da138b41f,time_value,,,1,1,2024-06-03,2024-06-03,,,606,,,2024-06-04,607,False,,,2024-12-02,,,,,,,"{""market_momentum"": 0.04508643050907857, ""market_volatility"": 0.0060434691287607045, ""momentum"": 0.0028169014084507005, ""volatility"": 0.010427683608543991, ""volume_state"": 15.186724771165343}",assumed_next_daily_close,,63,0000005272,,0.04508643050907857,0.0060434691287607045,0.0028169014084507005,,,,,,,915793df3a040cd0c802d9f2,False,,,,,,,,,,,,,,,,,,,,,,,,,,,,,,,,,,,,,,,,,,,,,,,,bounded_preclose_bid_ask,,,,False,not_requested_for_horizon_or_variant,,,missing_decision_or_entry_bar,ordinary,protective_put,,missing_decision_or_entry_bar,,,False,,H23,0,AIG,,primary,0.010427683608543991,15.186724771165343,2024
,,,d9b5f9a38cd77f6da138b41f,time_value,,,1,1,2024-06-03,2024-06-03,,,606,,,2024-06-04,607,False,,,2024-12-02,,,,,,,"{""market_momentum"": 0.04508643050907857, ""market_volatility"": 0.0060434691287607045, ""momentum"": 0.0028169014084507005, ""volatility"": 0.010427683608543991, ""volume_state"": 15.186724771165343}",assumed_next_daily_close,,63,0000005272,,0.04508643050907857,0.0060434691287607045,0.0028169014084507005,,,,,,,915793df3a040cd0c802d9f2,False,,,,,,,,,,,,,,,,,,,,,,,,,,,,,,,,,,,,,,,,,,,,,,,,bounded_preclose_bid_ask,,,,False,not_requested_for_horizon_or_variant,,,missing_decision_or_entry_bar,ordinary,protective_put,,missing_decision_or_entry_bar,,,True,,H23,0,AIG,,primary,0.010427683608543991,15.186724771165343,2024
,,,d9b5f9a38cd77f6da138b41f,time_value,,,1,1,2024-06-03,2024-06-03,,,606,,,2024-06-04,607,False,,,2024-12-02,,,,,,,"{""market_momentum"": 0.04508643050907857, ""market_volatility"": 0.0060434691287607045, ""momentum"": 0.0028169014084507005, ""volatility"": 0.010427683608543991, ""volume_state"": 15.186724771165343}",assumed_next_daily_close,,expiry,0000005272,,0.04508643050907857,0.0060434691287607045,0.0028169014084507005,,,,,,,915793df3a040cd0c802d9f2,False,,,,,,,,,,,,,,,,,,,,,,,,,,,,,,,,,,,,,,,,,,,,,,,,bounded_preclose_bid_ask,,,,False,not_requested_for_horizon_or_variant,,,missing_decision_or_entry_bar,ordinary,protective_put,,missing_decision_or_entry_bar,,,False,,H23,0,AIG,,primary,0.010427683608543991,15.186724771165343,2024
,,,d9b5f9a38cd77f6da138b41f,time_value,,,1,1,2024-06-03,2024-06-03,,,606,,,2024-06-04,607,False,,,2024-12-02,,,,,,,"{""market_momentum"": 0.04508643050907857, ""market_volatility"": 0.0060434691287607045, ""momentum"": 0.0028169014084507005, ""volatility"": 0.010427683608543991, ""volume_state"": 15.186724771165343}",assumed_next_daily_close,,expiry,0000005272,,0.04508643050907857,0.0060434691287607045,0.0028169014084507005,,,,,,,915793df3a040cd0c802d9f2,False,,,,,,,,,,,,,,,,,,,,,,,,,,,,,,,,,,,,,,,,,,,,,,,,bounded_preclose_bid_ask,,,,False,not_requested_for_horizon_or_variant,,,missing_decision_or_entry_bar,ordinary,protective_put,,missing_decision_or_entry_bar,,,True,,H23,0,AIG,,primary,0.010427683608543991,15.186724771165343,2024
0.05462982493144919,2022-06-14,112,e6a77651eb2a0d44415ac0e0,time_value,42.1194,O:AMD221021C00100000,1,1,2022-06-10,2022-06-10,133,0.11126344653026789,110,0.0,0.009798689504540704,2022-06-13,111,True,2022-06-14,112,2022-06-10,176,98148812.0,2022-06-14,scheduled_exit,112,2022-10-21,"{""market_momentum"": -0.0075111394016549315, ""market_volatility"": 0.017617720334410038, ""momentum"": 0.0784804367606915, ""volatility"": 0.04275520358408988, ""volume_state"": 18.608938226403495}",assumed_next_daily_close,8699.0,1,0000002488,0,-0.0075111394016549315,0.017617720334410038,0.0784804367606915,-74.73880000000003,-0.008591654213127948,42.6194,7.35,7.25,9.999999999999964,974adb708dac1471a8674416,True,0.0011655011655011655,858,1.0426761531345018e-06,95907055.8,,,,,,,,,,,,,,,,,,,,,,,,,,,,,,,,,,,,,,,,,,,,bounded_preclose_bid_ask,,,,False,not_requested_for_horizon_or_variant,,,,event,covered_call,100,completed,86.99,86.99,False,0.0,H23,0,AMD,84.7388,primary,0.04275520358408988,18.608938226403495,2022
0.05462982493144919,2022-06-14,112,e6a77651eb2a0d44415ac0e0,time_value,5.219399999999999,O:AMD221021C00100000,1,1,2022-06-10,2022-06-10,133,0.11126344653026789,110,0.0,0.0012,2022-06-13,111,True,2022-06-14,112,2022-06-10,176,98148812.0,2022-06-14,scheduled_exit,112,2022-10-21,"{""market_momentum"": -0.0075111394016549315, ""market_volatility"": 0.017617720334410038, ""momentum"": 0.0784804367606915, ""volatility"": 0.04275520358408988, ""volume_state"": 18.608938226403495}",assumed_next_daily_close,8699.0,1,0000002488,0,-0.0075111394016549315,0.017617720334410038,0.0784804367606915,-10.438799999999999,-0.0012,5.219399999999999,7.35,0.0,-0.0,974adb708dac1471a8674416,True,0.0011655011655011655,858,1.0426761531345018e-06,95907055.8,,,,,,,,,,,,,,,,,,,,,,,,,,,,,,,,,,,,,,,,,,,,bounded_preclose_bid_ask,,,,False,not_requested_for_horizon_or_variant,,,,event,covered_call,100,completed,86.99,86.99,True,0.0,H23,0,AMD,10.438799999999999,primary,0.04275520358408988,18.608938226403495,2022
0.05462982493144919,2022-06-15,113,e6a77651eb2a0d44415ac0e0,time_value,43.507999999999996,O:AMD221021C00100000,1,1,2022-06-10,2022-06-10,133,0.11126344653026789,110,0.0,0.009798689504540704,2022-06-13,111,True,2022-06-15,113,2022-06-10,176,98148812.0,2022-06-15,scheduled_exit,113,2022-10-21,"{""market_momentum"": -0.0075111394016549315, ""market_volatility"": 0.017617720334410038, ""momentum"": 0.0784804367606915, ""volatility"": 0.04275520358408988, ""volume_state"": 18.608938226403495}",assumed_next_daily_close,8699.0,2,0000002488,0,-0.0075111394016549315,0.017617720334410038,0.0784804367606915,129.87259999999998,0.014929601103575121,42.6194,7.35,7.5,-15.000000000000036,974adb708dac1471a8674416,True,0.0011655011655011655,858,1.0426761531345018e-06,95907055.8,,,,,,,,,,,,,,,,,,,,,,,,,,,,,,,,,,,,,,,,,,,,bounded_preclose_bid_ask,,,,False,not_requested_for_horizon_or_variant,,,,event,covered_call,100,completed,86.99,89.3,False,231.0,H23,0,AMD,86.1274,primary,0.04275520358408988,18.608938226403495,2022
0.05462982493144919,2022-06-15,113,e6a77651eb2a0d44415ac0e0,time_value,5.358,O:AMD221021C00100000,1,1,2022-06-10,2022-06-10,133,0.11126344653026789,110,0.0,0.0011999999999999943,2022-06-13,111,True,2022-06-15,113,2022-06-10,176,98148812.0,2022-06-15,scheduled_exit,113,2022-10-21,"{""market_momentum"": -0.0075111394016549315, ""market_volatility"": 0.017617720334410038, ""momentum"": 0.0784804367606915, ""volatility"": 0.04275520358408988, ""volume_state"": 18.608938226403495}",assumed_next_daily_close,8699.0,2,0000002488,0,-0.0075111394016549315,0.017617720334410038,0.0784804367606915,220.4226,0.025338843545235083,5.219399999999999,7.35,0.0,-0.0,974adb708dac1471a8674416,True,0.0011655011655011655,858,1.0426761531345018e-06,95907055.8,,,,,,,,,,,,,,,,,,,,,,,,,,,,,,,,,,,,,,,,,,,,bounded_preclose_bid_ask,,,,False,not_requested_for_horizon_or_variant,,,,event,covered_call,100,completed,86.99,89.3,True,231.0,H23,0,AMD,10.577399999999999,primary,0.04275520358408988,18.608938226403495,2022
0.05462982493144919,2022-06-16,114,e6a77651eb2a0d44415ac0e0,time_value,31.322999999999997,O:AMD221021C00100000,1,1,2022-06-10,2022-06-10,133,0.11126344653026789,110,0.0,0.03999797677894011,2022-06-13,111,True,2022-06-16,114,2022-06-10,176,98148812.0,2022-06-16,scheduled_exit,114,2022-10-21,"{""market_momentum"": -0.0075111394016549315, ""market_volatility"": 0.017617720334410038, ""momentum"": 0.0784804367606915, ""volatility"": 0.04275520358408988, ""volume_state"": 18.608938226403495}",assumed_next_daily_close,8699.0,3,0000002488,0,-0.0075111394016549315,0.017617720334410038,0.0784804367606915,-347.9424,-0.03999797677894011,42.6194,7.35,5.15,219.99999999999994,974adb708dac1471a8674416,True,0.0011655011655011655,858,1.0426761531345018e-06,95907055.8,,,,,,,,,,,,,,,,,,,,,,,,,,,,,,,,,,,,,,,,,,,,bounded_preclose_bid_ask,,,,False,not_requested_for_horizon_or_variant,,,,event,covered_call,100,completed,86.99,82.05,False,-494.0,H23,0,AMD,73.94239999999999,primary,0.04275520358408988,18.608938226403495,2022
0.05462982493144919,2022-06-16,114,e6a77651eb2a0d44415ac0e0,time_value,4.922999999999999,O:AMD221021C00100000,1,1,2022-06-10,2022-06-10,133,0.11126344653026789,110,0.0,0.05795406368548109,2022-06-13,111,True,2022-06-16,114,2022-06-10,176,98148812.0,2022-06-16,scheduled_exit,114,2022-10-21,"{""market_momentum"": -0.0075111394016549315, ""market_volatility"": 0.017617720334410038, ""momentum"": 0.0784804367606915, ""volatility"": 0.04275520358408988, ""volume_state"": 18.608938226403495}",assumed_next_daily_close,8699.0,3,0000002488,0,-0.0075111394016549315,0.017617720334410038,0.0784804367606915,-504.1424,-0.05795406368548109,5.219399999999999,7.35,0.0,-0.0,974adb708dac1471a8674416,True,0.0011655011655011655,858,1.0426761531345018e-06,95907055.8,,,,,,,,,,,,,,,,,,,,,,,,,,,,,,,,,,,,,,,,,,,,bounded_preclose_bid_ask,,,,False,not_requested_for_horizon_or_variant,,,,event,covered_call,100,completed,86.99,82.05,True,-494.0,H23,0,AMD,10.142399999999999,primary,0.04275520358408988,18.608938226403495,2022
0.05462982493144919,2022-06-21,116,e6a77651eb2a0d44415ac0e0,time_value,29.977400000000003,O:AMD221021C00100000,1,1,2022-06-10,2022-06-10,133,0.11126344653026789,110,0.0,0.039997976778940056,2022-06-13,111,True,2022-06-21,116,2022-06-10,176,98148812.0,2022-06-21,scheduled_exit,116,2022-10-21,"{""market_momentum"": -0.0075111394016549315, ""market_volatility"": 0.017617720334410038, ""momentum"": 0.0784804367606915, ""volatility"": 0.04275520358408988, ""volume_state"": 18.608938226403495}",assumed_next_daily_close,8699.0,5,0000002488,0,-0.0075111394016549315,0.017617720334410038,0.0784804367606915,-143.59680000000006,-0.016507276698471095,42.6194,7.35,4.86,248.99999999999994,974adb708dac1471a8674416,True,0.0011655011655011655,858,1.0426761531345018e-06,95907055.8,,,,,,,,,,,,,,,,,,,,,,,,,,,,,,,,,,,,,,,,,,,,bounded_preclose_bid_ask,,,,False,not_requested_for_horizon_or_variant,,,,event,covered_call,100,completed,86.99,83.79,False,-320.0,H23,0,AMD,72.5968,primary,0.04275520358408988,18.608938226403495,2022
0.05462982493144919,2022-06-21,116,e6a77651eb2a0d44415ac0e0,time_value,5.027399999999999,O:AMD221021C00100000,1,1,2022-06-10,2022-06-10,133,0.11126344653026789,110,0.0,0.06346862857799757,2022-06-13,111,True,2022-06-21,116,2022-06-10,176,98148812.0,2022-06-21,scheduled_exit,116,2022-10-21,"{""market_momentum"": -0.0075111394016549315, ""market_volatility"": 0.017617720334410038, ""momentum"": 0.0784804367606915, ""volatility"": 0.04275520358408988, ""volume_state"": 18.608938226403495}",assumed_next_daily_close,8699.0,5,0000002488,0,-0.0075111394016549315,0.017617720334410038,0.0784804367606915,-330.2468,-0.03796376595010921,5.219399999999999,7.35,0.0,-0.0,974adb708dac1471a8674416,True,0.0011655011655011655,858,1.0426761531345018e-06,95907055.8,,,,,,,,,,,,,,,,,,,,,,,,,,,,,,,,,,,,,,,,,,,,bounded_preclose_bid_ask,,,,False,not_requested_for_horizon_or_variant,,,,event,covered_call,100,completed,86.99,83.79,True,-320.0,H23,0,AMD,10.246799999999999,primary,0.04275520358408988,18.608938226403495,2022
0.05462982493144919,2022-06-28,121,e6a77651eb2a0d44415ac0e0,time_value,24.046799999999998,O:AMD221021C00100000,1,1,2022-06-10,2022-06-10,133,0.11126344653026789,110,0.0,0.039997976778940056,2022-06-13,111,True,2022-06-28,121,2022-06-10,176,98148812.0,2022-06-28,scheduled_exit,121,2022-10-21,"{""market_momentum"": -0.0075111394016549315, ""market_volatility"": 0.017617720334410038, ""momentum"": 0.0784804367606915, ""volatility"": 0.04275520358408988, ""volume_state"": 18.608938226403495}",assumed_next_daily_close,8699.0,10,0000002488,0,-0.0075111394016549315,0.017617720334410038,0.0784804367606915,-323.66620000000006,-0.0372072881940453,42.6194,7.35,3.71,363.99999999999994,974adb708dac1471a8674416,True,0.0011655011655011655,858,1.0426761531345018e-06,95907055.8,,,,,,,,,,,,,,,,,,,,,,,,,,,,,,,,,,,,,,,,,,,,bounded_preclose_bid_ask,,,,False,decision_missing_quote,,,,event,covered_call,100,completed,86.99,80.78,False,-621.0,H23,0,AMD,66.6662,primary,0.04275520358408988,18.608938226403495,2022
0.05462982493144919,2022-06-28,121,e6a77651eb2a0d44415ac0e0,time_value,4.8468,O:AMD221021C00100000,1,1,2022-06-10,2022-06-10,133,0.11126344653026789,110,0.0,0.07254468329693067,2022-06-13,111,True,2022-06-28,121,2022-06-10,176,98148812.0,2022-06-28,scheduled_exit,121,2022-10-21,"{""market_momentum"": -0.0075111394016549315, ""market_volatility"": 0.017617720334410038, ""momentum"": 0.0784804367606915, ""volatility"": 0.04275520358408988, ""volume_state"": 18.608938226403495}",assumed_next_daily_close,8699.0,10,0000002488,0,-0.0075111394016549315,0.017617720334410038,0.0784804367606915,-631.0662,-0.07254468329693067,5.219399999999999,7.35,0.0,-0.0,974adb708dac1471a8674416,True,0.0011655011655011655,858,1.0426761531345018e-06,95907055.8,,,,,,,,,,,,,,,,,,,,,,,,,,,,,,,,,,,,,,,,,,,,bounded_preclose_bid_ask,,,,False,decision_missing_quote,,,,event,covered_call,100,completed,86.99,80.78,True,-621.0,H23,0,AMD,10.066199999999998,primary,0.04275520358408988,18.608938226403495,2022
0.05462982493144919,2022-07-14,132,e6a77651eb2a0d44415ac0e0,time_value,17.116,O:AMD221021C00100000,1,1,2022-06-10,2022-06-10,133,0.11126344653026789,110,0.0,0.09595811012760082,2022-06-13,111,True,2022-07-14,132,2022-06-10,176,98148812.0,2022-07-14,scheduled_exit,132,2022-10-21,"{""market_momentum"": -0.0075111394016549315, ""market_volatility"": 0.017617720334410038, ""momentum"": 0.0784804367606915, ""volatility"": 0.04275520358408988, ""volume_state"": 18.608938226403495}",assumed_next_daily_close,8699.0,21,0000002488,0,-0.0075111394016549315,0.017617720334410038,0.0784804367606915,-398.7354000000009,-0.04583692378434313,42.6194,7.35,2.35,500.0,974adb708dac1471a8674416,True,0.0011655011655011655,858,1.0426761531345018e-06,95907055.8,,,,,,,,,,,,,,,,,,,,,,,,,,,,,,,,,,,,,,,,,,,,bounded_preclose_bid_ask,,,,False,not_requested_for_horizon_or_variant,,,,event,covered_call,100,completed,86.99,78.6,False,-839.0000000000009,H23,0,AMD,59.7354,primary,0.04275520358408988,18.608938226403495,2022
0.05462982493144919,2022-07-14,132,e6a77651eb2a0d44415ac0e0,time_value,4.715999999999999,O:AMD221021C00100000,1,1,2022-06-10,2022-06-10,133,0.11126344653026789,110,0.0,0.15422917576732958,2022-06-13,111,True,2022-07-14,132,2022-06-10,176,98148812.0,2022-07-14,scheduled_exit,132,2022-10-21,"{""market_momentum"": -0.0075111394016549315, ""market_volatility"": 0.017617720334410038, ""momentum"": 0.0784804367606915, ""volatility"": 0.04275520358408988, ""volume_state"": 18.608938226403495}",assumed_next_daily_close,8699.0,21,0000002488,0,-0.0075111394016549315,0.017617720334410038,0.0784804367606915,-848.9354000000009,-0.09758999885044269,5.219399999999999,7.35,0.0,-0.0,974adb708dac1471a8674416,True,0.0011655011655011655,858,1.0426761531345018e-06,95907055.8,,,,,,,,,,,,,,,,,,,,,,,,,,,,,,,,,,,,,,,,,,,,bounded_preclose_bid_ask,,,,False,not_requested_for_horizon_or_variant,,,,event,covered_call,100,completed,86.99,78.6,True,-839.0000000000009,H23,0,AMD,9.935399999999998,primary,0.04275520358408988,18.608938226403495,2022
0.05462982493144919,2022-08-12,153,e6a77651eb2a0d44415ac0e0,time_value,50.949799999999996,O:AMD221021C00100000,1,1,2022-06-10,2022-06-10,133,0.11126344653026789,110,0.0,0.09595811012760082,2022-06-13,111,True,2022-08-12,153,2022-06-10,176,98148812.0,2022-08-12,scheduled_exit,153,2022-10-21,"{""market_momentum"": -0.0075111394016549315, ""market_volatility"": 0.017617720334410038, ""momentum"": 0.0784804367606915, ""volatility"": 0.04275520358408988, ""volume_state"": 18.608938226403495}",assumed_next_daily_close,8699.0,42,0000002488,0,-0.0075111394016549315,0.017617720334410038,0.0784804367606915,1140.4307999999999,0.13109906885848946,42.6194,7.35,8.85,-150.0,974adb708dac1471a8674416,True,0.0011655011655011655,858,1.0426761531345018e-06,95907055.8,,,,,,,,,,,,,,,,,,,,,,,,,,,,,,,,,,,,,,,,,,,,bounded_preclose_bid_ask,,,,False,not_requested_for_horizon_or_variant,,,,event,covered_call,100,completed,86.99,100.83,False,1384.0,H23,0,AMD,93.5692,primary,0.04275520358408988,18.608938226403495,2022
0.05462982493144919,2022-08-12,153,e6a77651eb2a0d44415ac0e0,time_value,6.049799999999999,O:AMD221021C00100000,1,1,2022-06-10,2022-06-10,133,0.11126344653026789,110,0.0,0.15422917576732958,2022-06-13,111,True,2022-08-12,153,2022-06-10,176,98148812.0,2022-08-12,scheduled_exit,153,2022-10-21,"{""market_momentum"": -0.0075111394016549315, ""market_volatility"": 0.017617720334410038, ""momentum"": 0.0784804367606915, ""volatility"": 0.04275520358408988, ""volume_state"": 18.608938226403495}",assumed_next_daily_close,8699.0,42,0000002488,0,-0.0075111394016549315,0.017617720334410038,0.0784804367606915,1372.7308,0.15780328773422234,5.219399999999999,7.35,0.0,-0.0,974adb708dac1471a8674416,True,0.0011655011655011655,858,1.0426761531345018e-06,95907055.8,,,,,,,,,,,,,,,,,,,,,,,,,,,,,,,,,,,,,,,,,,,,bounded_preclose_bid_ask,,,,False,not_requested_for_horizon_or_variant,,,,event,covered_call,100,completed,86.99,100.83,True,1384.0,H23,0,AMD,11.269199999999998,primary,0.04275520358408988,18.608938226403495,2022
0.05462982493144919,2022-09-13,174,e6a77651eb2a0d44415ac0e0,time_value,6.771799999999999,O:AMD221021C00100000,1,1,2022-06-10,2022-06-10,133,0.11126344653026789,110,0.0,0.09595811012760082,2022-06-13,111,True,2022-09-13,174,2022-06-10,176,98148812.0,2022-09-13,scheduled_exit,174,2022-10-21,"{""market_momentum"": -0.0075111394016549315, ""market_volatility"": 0.017617720334410038, ""momentum"": 0.0784804367606915, ""volatility"": 0.04275520358408988, ""volume_state"": 18.608938226403495}",assumed_next_daily_close,8699.0,63,0000002488,0,-0.0075111394016549315,0.017617720334410038,0.0784804367606915,-340.39119999999997,-0.03912992297965283,42.6194,7.35,0.3,705.0,974adb708dac1471a8674416,True,0.0011655011655011655,858,1.0426761531345018e-06,95907055.8,,,,,,,,,,,,,,,,,,,,,,,,,,,,,,,,,,,,,,,,,,,,bounded_preclose_bid_ask,,,,False,not_requested_for_horizon_or_variant,,,,event,covered_call,100,completed,86.99,77.03,False,-996.0,H23,0,AMD,49.3912,primary,0.04275520358408988,18.608938226403495,2022
0.05462982493144919,2022-09-13,174,e6a77651eb2a0d44415ac0e0,time_value,4.6217999999999995,O:AMD221021C00100000,1,1,2022-06-10,2022-06-10,133,0.11126344653026789,110,0.0,0.15422917576732958,2022-06-13,111,True,2022-09-13,174,2022-06-10,176,98148812.0,2022-09-13,scheduled_exit,174,2022-10-21,"{""market_momentum"": -0.0075111394016549315, ""market_volatility"": 0.017617720334410038, ""momentum"": 0.0784804367606915, ""volatility"": 0.04275520358408988, ""volume_state"": 18.608938226403495}",assumed_next_daily_close,8699.0,63,0000002488,0,-0.0075111394016549315,0.017617720334410038,0.0784804367606915,-1005.8412,-0.1156272215197149,5.219399999999999,7.35,0.0,-0.0,974adb708dac1471a8674416,True,0.0011655011655011655,858,1.0426761531345018e-06,95907055.8,,,,,,,,,,,,,,,,,,,,,,,,,,,,,,,,,,,,,,,,,,,,bounded_preclose_bid_ask,,,,False,not_requested_for_horizon_or_variant,,,,event,covered_call,100,completed,86.99,77.03,True,-996.0,H23,0,AMD,9.841199999999999,primary,0.04275520358408988,18.608938226403495,2022
0.05462982493144919,2022-10-21,202,e6a77651eb2a0d44415ac0e0,time_value,4.1792,O:AMD221021C00100000,1,1,2022-06-10,2022-06-10,133,0.11126344653026789,110,0.0,0.27792571559949414,2022-06-13,111,True,2022-10-21,202,2022-06-10,176,98148812.0,2022-10-21,expiry_worthless,202,2022-10-21,"{""market_momentum"": -0.0075111394016549315, ""market_volatility"": 0.017617720334410038, ""momentum"": 0.0784804367606915, ""volatility"": 0.04275520358408988, ""volume_state"": 18.608938226403495}",assumed_next_daily_close,8699.0,expiry,0000002488,0,-0.0075111394016549315,0.017617720334410038,0.0784804367606915,-2128.7986,-0.24471762271525463,42.6194,7.35,0.0,735.0,974adb708dac1471a8674416,True,0.0011655011655011655,858,1.0426761531345018e-06,95907055.8,,,,,,,,,,,,,,,,,,,,,,,,,,,,,,,,,,,,,,,,,,,,bounded_preclose_bid_ask,,,,False,not_requested_for_horizon_or_variant,,,,event,covered_call,100,completed,86.99,58.82,False,-2817.0,H23,0,AMD,46.7986,primary,0.04275520358408988,18.608938226403495,2022
0.05462982493144919,2022-10-21,202,e6a77651eb2a0d44415ac0e0,time_value,3.5292,O:AMD221021C00100000,1,1,2022-06-10,2022-06-10,133,0.11126344653026789,110,0.0,0.3579234164846534,2022-06-13,111,True,2022-10-21,202,2022-06-10,176,98148812.0,2022-10-21,scheduled_exit,202,2022-10-21,"{""market_momentum"": -0.0075111394016549315, ""market_volatility"": 0.017617720334410038, ""momentum"": 0.0784804367606915, ""volatility"": 0.04275520358408988, ""volume_state"": 18.608938226403495}",assumed_next_daily_close,8699.0,expiry,0000002488,0,-0.0075111394016549315,0.017617720334410038,0.0784804367606915,-2825.7486,-0.3248360271295551,5.219399999999999,7.35,0.0,-0.0,974adb708dac1471a8674416,True,0.0011655011655011655,858,1.0426761531345018e-06,95907055.8,,,,,,,,,,,,,,,,,,,,,,,,,,,,,,,,,,,,,,,,,,,,bounded_preclose_bid_ask,,,,False,not_requested_for_horizon_or_variant,,,,event,covered_call,100,completed,86.99,58.82,True,-2817.0,H23,0,AMD,8.7486,primary,0.04275520358408988,18.608938226403495,2022
,,,eb38907132231ef05f0f81ad,time_value,,,1,1,2025-03-14,2025-03-14,,,801,,,2025-03-17,802,False,,,2025-03-14,,,,,,,"{""market_momentum"": -0.0672069742773801, ""market_volatility"": 0.01253504135747289, ""momentum"": -0.09622269960615826, ""volatility"": 0.024303179473143182, ""volume_state"": 17.372110980500352}",assumed_next_daily_close,,1,0000002488,,-0.0672069742773801,0.01253504135747289,-0.09622269960615826,,,,,,,94abbd3bae510cb507b576d2,False,,,,,,,,,,,,,,,,,,,,,,,,,,,,,,,,,,,,,,,,,,,,,,,,bounded_preclose_bid_ask,,,,False,not_requested_for_horizon_or_variant,,,no_standard_contract_within_rules,event,covered_call,,no_standard_contract_within_rules,,,False,,H23,0,AMD,,primary,0.024303179473143182,17.372110980500352,2025
,,,eb38907132231ef05f0f81ad,time_value,,,1,1,2025-03-14,2025-03-14,,,801,,,2025-03-17,802,False,,,2025-03-14,,,,,,,"{""market_momentum"": -0.0672069742773801, ""market_volatility"": 0.01253504135747289, ""momentum"": -0.09622269960615826, ""volatility"": 0.024303179473143182, ""volume_state"": 17.372110980500352}",assumed_next_daily_close,,1,0000002488,,-0.0672069742773801,0.01253504135747289,-0.09622269960615826,,,,,,,94abbd3bae510cb507b576d2,False,,,,,,,,,,,,,,,,,,,,,,,,,,,,,,,,,,,,,,,,,,,,,,,,bounded_preclose_bid_ask,,,,False,not_requested_for_horizon_or_variant,,,no_standard_contract_within_rules,event,covered_call,,no_standard_contract_within_rules,,,True,,H23,0,AMD,,primary,0.024303179473143182,17.372110980500352,2025
,,,eb38907132231ef05f0f81ad,time_value,,,1,1,2025-03-14,2025-03-14,,,801,,,2025-03-17,802,False,,,2025-03-14,,,,,,,"{""market_momentum"": -0.0672069742773801, ""market_volatility"": 0.01253504135747289, ""momentum"": -0.09622269960615826, ""volatility"": 0.024303179473143182, ""volume_state"": 17.372110980500352}",assumed_next_daily_close,,2,0000002488,,-0.0672069742773801,0.01253504135747289,-0.09622269960615826,,,,,,,94abbd3bae510cb507b576d2,False,,,,,,,,,,,,,,,,,,,,,,,,,,,,,,,,,,,,,,,,,,,,,,,,bounded_preclose_bid_ask,,,,False,not_requested_for_horizon_or_variant,,,no_standard_contract_within_rules,event,covered_call,,no_standard_contract_within_rules,,,False,,H23,0,AMD,,primary,0.024303179473143182,17.372110980500352,2025
,,,eb38907132231ef05f0f81ad,time_value,,,1,1,2025-03-14,2025-03-14,,,801,,,2025-03-17,802,False,,,2025-03-14,,,,,,,"{""market_momentum"": -0.0672069742773801, ""market_volatility"": 0.01253504135747289, ""momentum"": -0.09622269960615826, ""volatility"": 0.024303179473143182, ""volume_state"": 17.372110980500352}",assumed_next_daily_close,,2,0000002488,,-0.0672069742773801,0.01253504135747289,-0.09622269960615826,,,,,,,94abbd3bae510cb507b576d2,False,,,,,,,,,,,,,,,,,,,,,,,,,,,,,,,,,,,,,,,,,,,,,,,,bounded_preclose_bid_ask,,,,False,not_requested_for_horizon_or_variant,,,no_standard_contract_within_rules,event,covered_call,,no_standard_contract_within_rules,,,True,,H23,0,AMD,,primary,0.024303179473143182,17.372110980500352,2025
,,,eb38907132231ef05f0f81ad,time_value,,,1,1,2025-03-14,2025-03-14,,,801,,,2025-03-17,802,False,,,2025-03-14,,,,,,,"{""market_momentum"": -0.0672069742773801, ""market_volatility"": 0.01253504135747289, ""momentum"": -0.09622269960615826, ""volatility"": 0.024303179473143182, ""volume_state"": 17.372110980500352}",assumed_next_daily_close,,3,0000002488,,-0.0672069742773801,0.01253504135747289,-0.09622269960615826,,,,,,,94abbd3bae510cb507b576d2,False,,,,,,,,,,,,,,,,,,,,,,,,,,,,,,,,,,,,,,,,,,,,,,,,bounded_preclose_bid_ask,,,,False,not_requested_for_horizon_or_variant,,,no_standard_contract_within_rules,event,covered_call,,no_standard_contract_within_rules,,,False,,H23,0,AMD,,primary,0.024303179473143182,17.372110980500352,2025
,,,eb38907132231ef05f0f81ad,time_value,,,1,1,2025-03-14,2025-03-14,,,801,,,2025-03-17,802,False,,,2025-03-14,,,,,,,"{""market_momentum"": -0.0672069742773801, ""market_volatility"": 0.01253504135747289, ""momentum"": -0.09622269960615826, ""volatility"": 0.024303179473143182, ""volume_state"": 17.372110980500352}",assumed_next_daily_close,,3,0000002488,,-0.0672069742773801,0.01253504135747289,-0.09622269960615826,,,,,,,94abbd3bae510cb507b576d2,False,,,,,,,,,,,,,,,,,,,,,,,,,,,,,,,,,,,,,,,,,,,,,,,,bounded_preclose_bid_ask,,,,False,not_requested_for_horizon_or_variant,,,no_standard_contract_within_rules,event,covered_call,,no_standard_contract_within_rules,,,True,,H23,0,AMD,,primary,0.024303179473143182,17.372110980500352,2025
,,,eb38907132231ef05f0f81ad,time_value,,,1,1,2025-03-14,2025-03-14,,,801,,,2025-03-17,802,False,,,2025-03-14,,,,,,,"{""market_momentum"": -0.0672069742773801, ""market_volatility"": 0.01253504135747289, ""momentum"": -0.09622269960615826, ""volatility"": 0.024303179473143182, ""volume_state"": 17.372110980500352}",assumed_next_daily_close,,5,0000002488,,-0.0672069742773801,0.01253504135747289,-0.09622269960615826,,,,,,,94abbd3bae510cb507b576d2,False,,,,,,,,,,,,,,,,,,,,,,,,,,,,,,,,,,,,,,,,,,,,,,,,bounded_preclose_bid_ask,,,,False,not_requested_for_horizon_or_variant,,,no_standard_contract_within_rules,event,covered_call,,no_standard_contract_within_rules,,,False,,H23,0,AMD,,primary,0.024303179473143182,17.372110980500352,2025
,,,eb38907132231ef05f0f81ad,time_value,,,1,1,2025-03-14,2025-03-14,,,801,,,2025-03-17,802,False,,,2025-03-14,,,,,,,"{""market_momentum"": -0.0672069742773801, ""market_volatility"": 0.01253504135747289, ""momentum"": -0.09622269960615826, ""volatility"": 0.024303179473143182, ""volume_state"": 17.372110980500352}",assumed_next_daily_close,,5,0000002488,,-0.0672069742773801,0.01253504135747289,-0.09622269960615826,,,,,,,94abbd3bae510cb507b576d2,False,,,,,,,,,,,,,,,,,,,,,,,,,,,,,,,,,,,,,,,,,,,,,,,,bounded_preclose_bid_ask,,,,False,not_requested_for_horizon_or_variant,,,no_standard_contract_within_rules,event,covered_call,,no_standard_contract_within_rules,,,True,,H23,0,AMD,,primary,0.024303179473143182,17.372110980500352,2025
,,,eb38907132231ef05f0f81ad,time_value,,,1,1,2025-03-14,2025-03-14,,,801,,,2025-03-17,802,False,,,2025-03-14,,,,,,,"{""market_momentum"": -0.0672069742773801, ""market_volatility"": 0.01253504135747289, ""momentum"": -0.09622269960615826, ""volatility"": 0.024303179473143182, ""volume_state"": 17.372110980500352}",assumed_next_daily_close,,10,0000002488,,-0.0672069742773801,0.01253504135747289,-0.09622269960615826,,,,,,,94abbd3bae510cb507b576d2,False,,,,,,,,,,,,,,,,,,,,,,,,,,,,,,,,,,,,,,,,,,,,,,,,bounded_preclose_bid_ask,,,,False,not_sampled_or_missing_quotes,,,no_standard_contract_within_rules,event,covered_call,,no_standard_contract_within_rules,,,False,,H23,0,AMD,,primary,0.024303179473143182,17.372110980500352,2025
,,,eb38907132231ef05f0f81ad,time_value,,,1,1,2025-03-14,2025-03-14,,,801,,,2025-03-17,802,False,,,2025-03-14,,,,,,,"{""market_momentum"": -0.0672069742773801, ""market_volatility"": 0.01253504135747289, ""momentum"": -0.09622269960615826, ""volatility"": 0.024303179473143182, ""volume_state"": 17.372110980500352}",assumed_next_daily_close,,10,0000002488,,-0.0672069742773801,0.01253504135747289,-0.09622269960615826,,,,,,,94abbd3bae510cb507b576d2,False,,,,,,,,,,,,,,,,,,,,,,,,,,,,,,,,,,,,,,,,,,,,,,,,bounded_preclose_bid_ask,,,,False,not_sampled_or_missing_quotes,,,no_standard_contract_within_rules,event,covered_call,,no_standard_contract_within_rules,,,True,,H23,0,AMD,,primary,0.024303179473143182,17.372110980500352,2025
,,,eb38907132231ef05f0f81ad,time_value,,,1,1,2025-03-14,2025-03-14,,,801,,,2025-03-17,802,False,,,2025-03-14,,,,,,,"{""market_momentum"": -0.0672069742773801, ""market_volatility"": 0.01253504135747289, ""momentum"": -0.09622269960615826, ""volatility"": 0.024303179473143182, ""volume_state"": 17.372110980500352}",assumed_next_daily_close,,21,0000002488,,-0.0672069742773801,0.01253504135747289,-0.09622269960615826,,,,,,,94abbd3bae510cb507b576d2,False,,,,,,,,,,,,,,,,,,,,,,,,,,,,,,,,,,,,,,,,,,,,,,,,bounded_preclose_bid_ask,,,,False,not_requested_for_horizon_or_variant,,,no_standard_contract_within_rules,event,covered_call,,no_standard_contract_within_rules,,,False,,H23,0,AMD,,primary,0.024303179473143182,17.372110980500352,2025
,,,eb38907132231ef05f0f81ad,time_value,,,1,1,2025-03-14,2025-03-14,,,801,,,2025-03-17,802,False,,,2025-03-14,,,,,,,"{""market_momentum"": -0.0672069742773801, ""market_volatility"": 0.01253504135747289, ""momentum"": -0.09622269960615826, ""volatility"": 0.024303179473143182, ""volume_state"": 17.372110980500352}",assumed_next_daily_close,,21,0000002488,,-0.0672069742773801,0.01253504135747289,-0.09622269960615826,,,,,,,94abbd3bae510cb507b576d2,False,,,,,,,,,,,,,,,,,,,,,,,,,,,,,,,,,,,,,,,,,,,,,,,,bounded_preclose_bid_ask,,,,False,not_requested_for_horizon_or_variant,,,no_standard_contract_within_rules,event,covered_call,,no_standard_contract_within_rules,,,True,,H23,0,AMD,,primary,0.024303179473143182,17.372110980500352,2025
,,,eb38907132231ef05f0f81ad,time_value,,,1,1,2025-03-14,2025-03-14,,,801,,,2025-03-17,802,False,,,2025-03-14,,,,,,,"{""market_momentum"": -0.0672069742773801, ""market_volatility"": 0.01253504135747289, ""momentum"": -0.09622269960615826, ""volatility"": 0.024303179473143182, ""volume_state"": 17.372110980500352}",assumed_next_daily_close,,42,0000002488,,-0.0672069742773801,0.01253504135747289,-0.09622269960615826,,,,,,,94abbd3bae510cb507b576d2,False,,,,,,,,,,,,,,,,,,,,,,,,,,,,,,,,,,,,,,,,,,,,,,,,bounded_preclose_bid_ask,,,,False,not_requested_for_horizon_or_variant,,,no_standard_contract_within_rules,event,covered_call,,no_standard_contract_within_rules,,,False,,H23,0,AMD,,primary,0.024303179473143182,17.372110980500352,2025
,,,eb38907132231ef05f0f81ad,time_value,,,1,1,2025-03-14,2025-03-14,,,801,,,2025-03-17,802,False,,,2025-03-14,,,,,,,"{""market_momentum"": -0.0672069742773801, ""market_volatility"": 0.01253504135747289, ""momentum"": -0.09622269960615826, ""volatility"": 0.024303179473143182, ""volume_state"": 17.372110980500352}",assumed_next_daily_close,,42,0000002488,,-0.0672069742773801,0.01253504135747289,-0.09622269960615826,,,,,,,94abbd3bae510cb507b576d2,False,,,,,,,,,,,,,,,,,,,,,,,,,,,,,,,,,,,,,,,,,,,,,,,,bounded_preclose_bid_ask,,,,False,not_requested_for_horizon_or_variant,,,no_standard_contract_within_rules,event,covered_call,,no_standard_contract_within_rules,,,True,,H23,0,AMD,,primary,0.024303179473143182,17.372110980500352,2025
,,,eb38907132231ef05f0f81ad,time_value,,,1,1,2025-03-14,2025-03-14,,,801,,,2025-03-17,802,False,,,2025-03-14,,,,,,,"{""market_momentum"": -0.0672069742773801, ""market_volatility"": 0.01253504135747289, ""momentum"": -0.09622269960615826, ""volatility"": 0.024303179473143182, ""volume_state"": 17.372110980500352}",assumed_next_daily_close,,63,0000002488,,-0.0672069742773801,0.01253504135747289,-0.09622269960615826,,,,,,,94abbd3bae510cb507b576d2,False,,,,,,,,,,,,,,,,,,,,,,,,,,,,,,,,,,,,,,,,,,,,,,,,bounded_preclose_bid_ask,,,,False,not_requested_for_horizon_or_variant,,,no_standard_contract_within_rules,event,covered_call,,no_standard_contract_within_rules,,,False,,H23,0,AMD,,primary,0.024303179473143182,17.372110980500352,2025
,,,eb38907132231ef05f0f81ad,time_value,,,1,1,2025-03-14,2025-03-14,,,801,,,2025-03-17,802,False,,,2025-03-14,,,,,,,"{""market_momentum"": -0.0672069742773801, ""market_volatility"": 0.01253504135747289, ""momentum"": -0.09622269960615826, ""volatility"": 0.024303179473143182, ""volume_state"": 17.372110980500352}",assumed_next_daily_close,,63,0000002488,,-0.0672069742773801,0.01253504135747289,-0.09622269960615826,,,,,,,94abbd3bae510cb507b576d2,False,,,,,,,,,,,,,,,,,,,,,,,,,,,,,,,,,,,,,,,,,,,,,,,,bounded_preclose_bid_ask,,,,False,not_requested_for_horizon_or_variant,,,no_standard_contract_within_rules,event,covered_call,,no_standard_contract_within_rules,,,True,,H23,0,AMD,,primary,0.024303179473143182,17.372110980500352,2025
,,,eb38907132231ef05f0f81ad,time_value,,,1,1,2025-03-14,2025-03-14,,,801,,,2025-03-17,802,False,,,2025-03-14,,,,,,,"{""market_momentum"": -0.0672069742773801, ""market_volatility"": 0.01253504135747289, ""momentum"": -0.09622269960615826, ""volatility"": 0.024303179473143182, ""volume_state"": 17.372110980500352}",assumed_next_daily_close,,expiry,0000002488,,-0.0672069742773801,0.01253504135747289,-0.09622269960615826,,,,,,,94abbd3bae510cb507b576d2,False,,,,,,,,,,,,,,,,,,,,,,,,,,,,,,,,,,,,,,,,,,,,,,,,bounded_preclose_bid_ask,,,,False,not_requested_for_horizon_or_variant,,,no_standard_contract_within_rules,event,covered_call,,no_standard_contract_within_rules,,,False,,H23,0,AMD,,primary,0.024303179473143182,17.372110980500352,2025
,,,eb38907132231ef05f0f81ad,time_value,,,1,1,2025-03-14,2025-03-14,,,801,,,2025-03-17,802,False,,,2025-03-14,,,,,,,"{""market_momentum"": -0.0672069742773801, ""market_volatility"": 0.01253504135747289, ""momentum"": -0.09622269960615826, ""volatility"": 0.024303179473143182, ""volume_state"": 17.372110980500352}",assumed_next_daily_close,,expiry,0000002488,,-0.0672069742773801,0.01253504135747289,-0.09622269960615826,,,,,,,94abbd3bae510cb507b576d2,False,,,,,,,,,,,,,,,,,,,,,,,,,,,,,,,,,,,,,,,,,,,,,,,,bounded_preclose_bid_ask,,,,False,not_requested_for_horizon_or_variant,,,no_standard_contract_within_rules,event,covered_call,,no_standard_contract_within_rules,,,True,,H23,0,AMD,,primary,0.024303179473143182,17.372110980500352,2025
,,,fb364d97642cec3dd51b0f32,time_value,,,1,1,2022-05-05,2022-05-05,,,85,,,2022-05-06,86,False,,,2022-05-05,,,,,,,"{""market_momentum"": -0.0825222269028667, ""market_volatility"": 0.018380092351151393, ""momentum"": -0.07761596548004324, ""volatility"": 0.02183171201352199, ""volume_state"": 15.043282181838334}",assumed_next_daily_close,,1,0000004962,,-0.0825222269028667,0.018380092351151393,-0.07761596548004324,,,,,,,3a578db181363f7b772334ad,False,,,,,,,,,,,,,,,,,,,,,,,,,,,,,,,,,,,,,,,,,,,,,,,,bounded_preclose_bid_ask,,,,False,not_requested_for_horizon_or_variant,,,no_standard_contract_within_rules,event,protective_put,,no_standard_contract_within_rules,,,False,,H23,0,AXP,,primary,0.02183171201352199,15.043282181838334,2022
,,,fb364d97642cec3dd51b0f32,time_value,,,1,1,2022-05-05,2022-05-05,,,85,,,2022-05-06,86,False,,,2022-05-05,,,,,,,"{""market_momentum"": -0.0825222269028667, ""market_volatility"": 0.018380092351151393, ""momentum"": -0.07761596548004324, ""volatility"": 0.02183171201352199, ""volume_state"": 15.043282181838334}",assumed_next_daily_close,,1,0000004962,,-0.0825222269028667,0.018380092351151393,-0.07761596548004324,,,,,,,3a578db181363f7b772334ad,False,,,,,,,,,,,,,,,,,,,,,,,,,,,,,,,,,,,,,,,,,,,,,,,,bounded_preclose_bid_ask,,,,False,not_requested_for_horizon_or_variant,,,no_standard_contract_within_rules,event,protective_put,,no_standard_contract_within_rules,,,True,,H23,0,AXP,,primary,0.02183171201352199,15.043282181838334,2022
,,,fb364d97642cec3dd51b0f32,time_value,,,1,1,2022-05-05,2022-05-05,,,85,,,2022-05-06,86,False,,,2022-05-05,,,,,,,"{""market_momentum"": -0.0825222269028667, ""market_volatility"": 0.018380092351151393, ""momentum"": -0.07761596548004324, ""volatility"": 0.02183171201352199, ""volume_state"": 15.043282181838334}",assumed_next_daily_close,,2,0000004962,,-0.0825222269028667,0.018380092351151393,-0.07761596548004324,,,,,,,3a578db181363f7b772334ad,False,,,,,,,,,,,,,,,,,,,,,,,,,,,,,,,,,,,,,,,,,,,,,,,,bounded_preclose_bid_ask,,,,False,not_requested_for_horizon_or_variant,,,no_standard_contract_within_rules,event,protective_put,,no_standard_contract_within_rules,,,False,,H23,0,AXP,,primary,0.02183171201352199,15.043282181838334,2022
,,,fb364d97642cec3dd51b0f32,time_value,,,1,1,2022-05-05,2022-05-05,,,85,,,2022-05-06,86,False,,,2022-05-05,,,,,,,"{""market_momentum"": -0.0825222269028667, ""market_volatility"": 0.018380092351151393, ""momentum"": -0.07761596548004324, ""volatility"": 0.02183171201352199, ""volume_state"": 15.043282181838334}",assumed_next_daily_close,,2,0000004962,,-0.0825222269028667,0.018380092351151393,-0.07761596548004324,,,,,,,3a578db181363f7b772334ad,False,,,,,,,,,,,,,,,,,,,,,,,,,,,,,,,,,,,,,,,,,,,,,,,,bounded_preclose_bid_ask,,,,False,not_requested_for_horizon_or_variant,,,no_standard_contract_within_rules,event,protective_put,,no_standard_contract_within_rules,,,True,,H23,0,AXP,,primary,0.02183171201352199,15.043282181838334,2022
,,,fb364d97642cec3dd51b0f32,time_value,,,1,1,2022-05-05,2022-05-05,,,85,,,2022-05-06,86,False,,,2022-05-05,,,,,,,"{""market_momentum"": -0.0825222269028667, ""market_volatility"": 0.018380092351151393, ""momentum"": -0.07761596548004324, ""volatility"": 0.02183171201352199, ""volume_state"": 15.043282181838334}",assumed_next_daily_close,,3,0000004962,,-0.0825222269028667,0.018380092351151393,-0.07761596548004324,,,,,,,3a578db181363f7b772334ad,False,,,,,,,,,,,,,,,,,,,,,,,,,,,,,,,,,,,,,,,,,,,,,,,,bounded_preclose_bid_ask,,,,False,not_requested_for_horizon_or_variant,,,no_standard_contract_within_rules,event,protective_put,,no_standard_contract_within_rules,,,False,,H23,0,AXP,,primary,0.02183171201352199,15.043282181838334,2022
,,,fb364d97642cec3dd51b0f32,time_value,,,1,1,2022-05-05,2022-05-05,,,85,,,2022-05-06,86,False,,,2022-05-05,,,,,,,"{""market_momentum"": -0.0825222269028667, ""market_volatility"": 0.018380092351151393, ""momentum"": -0.07761596548004324, ""volatility"": 0.02183171201352199, ""volume_state"": 15.043282181838334}",assumed_next_daily_close,,3,0000004962,,-0.0825222269028667,0.018380092351151393,-0.07761596548004324,,,,,,,3a578db181363f7b772334ad,False,,,,,,,,,,,,,,,,,,,,,,,,,,,,,,,,,,,,,,,,,,,,,,,,bounded_preclose_bid_ask,,,,False,not_requested_for_horizon_or_variant,,,no_standard_contract_within_rules,event,protective_put,,no_standard_contract_within_rules,,,True,,H23,0,AXP,,primary,0.02183171201352199,15.043282181838334,2022
,,,fb364d97642cec3dd51b0f32,time_value,,,1,1,2022-05-05,2022-05-05,,,85,,,2022-05-06,86,False,,,2022-05-05,,,,,,,"{""market_momentum"": -0.0825222269028667, ""market_volatility"": 0.018380092351151393, ""momentum"": -0.07761596548004324, ""volatility"": 0.02183171201352199, ""volume_state"": 15.043282181838334}",assumed_next_daily_close,,5,0000004962,,-0.0825222269028667,0.018380092351151393,-0.07761596548004324,,,,,,,3a578db181363f7b772334ad,False,,,,,,,,,,,,,,,,,,,,,,,,,,,,,,,,,,,,,,,,,,,,,,,,bounded_preclose_bid_ask,,,,False,not_requested_for_horizon_or_variant,,,no_standard_contract_within_rules,event,protective_put,,no_standard_contract_within_rules,,,False,,H23,0,AXP,,primary,0.02183171201352199,15.043282181838334,2022
,,,fb364d97642cec3dd51b0f32,time_value,,,1,1,2022-05-05,2022-05-05,,,85,,,2022-05-06,86,False,,,2022-05-05,,,,,,,"{""market_momentum"": -0.0825222269028667, ""market_volatility"": 0.018380092351151393, ""momentum"": -0.07761596548004324, ""volatility"": 0.02183171201352199, ""volume_state"": 15.043282181838334}",assumed_next_daily_close,,5,0000004962,,-0.0825222269028667,0.018380092351151393,-0.07761596548004324,,,,,,,3a578db181363f7b772334ad,False,,,,,,,,,,,,,,,,,,,,,,,,,,,,,,,,,,,,,,,,,,,,,,,,bounded_preclose_bid_ask,,,,False,not_requested_for_horizon_or_variant,,,no_standard_contract_within_rules,event,protective_put,,no_standard_contract_within_rules,,,True,,H23,0,AXP,,primary,0.02183171201352199,15.043282181838334,2022
,,,fb364d97642cec3dd51b0f32,time_value,,,1,1,2022-05-05,2022-05-05,,,85,,,2022-05-06,86,False,,,2022-05-05,,,,,,,"{""market_momentum"": -0.0825222269028667, ""market_volatility"": 0.018380092351151393, ""momentum"": -0.07761596548004324, ""volatility"": 0.02183171201352199, ""volume_state"": 15.043282181838334}",assumed_next_daily_close,,10,0000004962,,-0.0825222269028667,0.018380092351151393,-0.07761596548004324,,,,,,,3a578db181363f7b772334ad,False,,,,,,,,,,,,,,,,,,,,,,,,,,,,,,,,,,,,,,,,,,,,,,,,bounded_preclose_bid_ask,,,,False,not_sampled_or_missing_quotes,,,no_standard_contract_within_rules,event,protective_put,,no_standard_contract_within_rules,,,False,,H23,0,AXP,,primary,0.02183171201352199,15.043282181838334,2022
,,,fb364d97642cec3dd51b0f32,time_value,,,1,1,2022-05-05,2022-05-05,,,85,,,2022-05-06,86,False,,,2022-05-05,,,,,,,"{""market_momentum"": -0.0825222269028667, ""market_volatility"": 0.018380092351151393, ""momentum"": -0.07761596548004324, ""volatility"": 0.02183171201352199, ""volume_state"": 15.043282181838334}",assumed_next_daily_close,,10,0000004962,,-0.0825222269028667,0.018380092351151393,-0.07761596548004324,,,,,,,3a578db181363f7b772334ad,False,,,,,,,,,,,,,,,,,,,,,,,,,,,,,,,,,,,,,,,,,,,,,,,,bounded_preclose_bid_ask,,,,False,not_sampled_or_missing_quotes,,,no_standard_contract_within_rules,event,protective_put,,no_standard_contract_within_rules,,,True,,H23,0,AXP,,primary,0.02183171201352199,15.043282181838334,2022
,,,fb364d97642cec3dd51b0f32,time_value,,,1,1,2022-05-05,2022-05-05,,,85,,,2022-05-06,86,False,,,2022-05-05,,,,,,,"{""market_momentum"": -0.0825222269028667, ""market_volatility"": 0.018380092351151393, ""momentum"": -0.07761596548004324, ""volatility"": 0.02183171201352199, ""volume_state"": 15.043282181838334}",assumed_next_daily_close,,21,0000004962,,-0.0825222269028667,0.018380092351151393,-0.07761596548004324,,,,,,,3a578db181363f7b772334ad,False,,,,,,,,,,,,,,,,,,,,,,,,,,,,,,,,,,,,,,,,,,,,,,,,bounded_preclose_bid_ask,,,,False,not_requested_for_horizon_or_variant,,,no_standard_contract_within_rules,event,protective_put,,no_standard_contract_within_rules,,,False,,H23,0,AXP,,primary,0.02183171201352199,15.043282181838334,2022
,,,fb364d97642cec3dd51b0f32,time_value,,,1,1,2022-05-05,2022-05-05,,,85,,,2022-05-06,86,False,,,2022-05-05,,,,,,,"{""market_momentum"": -0.0825222269028667, ""market_volatility"": 0.018380092351151393, ""momentum"": -0.07761596548004324, ""volatility"": 0.02183171201352199, ""volume_state"": 15.043282181838334}",assumed_next_daily_close,,21,0000004962,,-0.0825222269028667,0.018380092351151393,-0.07761596548004324,,,,,,,3a578db181363f7b772334ad,False,,,,,,,,,,,,,,,,,,,,,,,,,,,,,,,,,,,,,,,,,,,,,,,,bounded_preclose_bid_ask,,,,False,not_requested_for_horizon_or_variant,,,no_standard_contract_within_rules,event,protective_put,,no_standard_contract_within_rules,,,True,,H23,0,AXP,,primary,0.02183171201352199,15.043282181838334,2022
,,,fb364d97642cec3dd51b0f32,time_value,,,1,1,2022-05-05,2022-05-05,,,85,,,2022-05-06,86,False,,,2022-05-05,,,,,,,"{""market_momentum"": -0.0825222269028667, ""market_volatility"": 0.018380092351151393, ""momentum"": -0.07761596548004324, ""volatility"": 0.02183171201352199, ""volume_state"": 15.043282181838334}",assumed_next_daily_close,,42,0000004962,,-0.0825222269028667,0.018380092351151393,-0.07761596548004324,,,,,,,3a578db181363f7b772334ad,False,,,,,,,,,,,,,,,,,,,,,,,,,,,,,,,,,,,,,,,,,,,,,,,,bounded_preclose_bid_ask,,,,False,not_requested_for_horizon_or_variant,,,no_standard_contract_within_rules,event,protective_put,,no_standard_contract_within_rules,,,False,,H23,0,AXP,,primary,0.02183171201352199,15.043282181838334,2022
,,,fb364d97642cec3dd51b0f32,time_value,,,1,1,2022-05-05,2022-05-05,,,85,,,2022-05-06,86,False,,,2022-05-05,,,,,,,"{""market_momentum"": -0.0825222269028667, ""market_volatility"": 0.018380092351151393, ""momentum"": -0.07761596548004324, ""volatility"": 0.02183171201352199, ""volume_state"": 15.043282181838334}",assumed_next_daily_close,,42,0000004962,,-0.0825222269028667,0.018380092351151393,-0.07761596548004324,,,,,,,3a578db181363f7b772334ad,False,,,,,,,,,,,,,,,,,,,,,,,,,,,,,,,,,,,,,,,,,,,,,,,,bounded_preclose_bid_ask,,,,False,not_requested_for_horizon_or_variant,,,no_standard_contract_within_rules,event,protective_put,,no_standard_contract_within_rules,,,True,,H23,0,AXP,,primary,0.02183171201352199,15.043282181838334,2022
,,,fb364d97642cec3dd51b0f32,time_value,,,1,1,2022-05-05,2022-05-05,,,85,,,2022-05-06,86,False,,,2022-05-05,,,,,,,"{""market_momentum"": -0.0825222269028667, ""market_volatility"": 0.018380092351151393, ""momentum"": -0.07761596548004324, ""volatility"": 0.02183171201352199, ""volume_state"": 15.043282181838334}",assumed_next_daily_close,,63,0000004962,,-0.0825222269028667,0.018380092351151393,-0.07761596548004324,,,,,,,3a578db181363f7b772334ad,False,,,,,,,,,,,,,,,,,,,,,,,,,,,,,,,,,,,,,,,,,,,,,,,,bounded_preclose_bid_ask,,,,False,not_requested_for_horizon_or_variant,,,no_standard_contract_within_rules,event,protective_put,,no_standard_contract_within_rules,,,False,,H23,0,AXP,,primary,0.02183171201352199,15.043282181838334,2022
,,,fb364d97642cec3dd51b0f32,time_value,,,1,1,2022-05-05,2022-05-05,,,85,,,2022-05-06,86,False,,,2022-05-05,,,,,,,"{""market_momentum"": -0.0825222269028667, ""market_volatility"": 0.018380092351151393, ""momentum"": -0.07761596548004324, ""volatility"": 0.02183171201352199, ""volume_state"": 15.043282181838334}",assumed_next_daily_close,,63,0000004962,,-0.0825222269028667,0.018380092351151393,-0.07761596548004324,,,,,,,3a578db181363f7b772334ad,False,,,,,,,,,,,,,,,,,,,,,,,,,,,,,,,,,,,,,,,,,,,,,,,,bounded_preclose_bid_ask,,,,False,not_requested_for_horizon_or_variant,,,no_standard_contract_within_rules,event,protective_put,,no_standard_contract_within_rules,,,True,,H23,0,AXP,,primary,0.02183171201352199,15.043282181838334,2022
,,,fb364d97642cec3dd51b0f32,time_value,,,1,1,2022-05-05,2022-05-05,,,85,,,2022-05-06,86,False,,,2022-05-05,,,,,,,"{""market_momentum"": -0.0825222269028667, ""market_volatility"": 0.018380092351151393, ""momentum"": -0.07761596548004324, ""volatility"": 0.02183171201352199, ""volume_state"": 15.043282181838334}",assumed_next_daily_close,,expiry,0000004962,,-0.0825222269028667,0.018380092351151393,-0.07761596548004324,,,,,,,3a578db181363f7b772334ad,False,,,,,,,,,,,,,,,,,,,,,,,,,,,,,,,,,,,,,,,,,,,,,,,,bounded_preclose_bid_ask,,,,False,not_requested_for_horizon_or_variant,,,no_standard_contract_within_rules,event,protective_put,,no_standard_contract_within_rules,,,False,,H23,0,AXP,,primary,0.02183171201352199,15.043282181838334,2022
,,,fb364d97642cec3dd51b0f32,time_value,,,1,1,2022-05-05,2022-05-05,,,85,,,2022-05-06,86,False,,,2022-05-05,,,,,,,"{""market_momentum"": -0.0825222269028667, ""market_volatility"": 0.018380092351151393, ""momentum"": -0.07761596548004324, ""volatility"": 0.02183171201352199, ""volume_state"": 15.043282181838334}",assumed_next_daily_close,,expiry,0000004962,,-0.0825222269028667,0.018380092351151393,-0.07761596548004324,,,,,,,3a578db181363f7b772334ad,False,,,,,,,,,,,,,,,,,,,,,,,,,,,,,,,,,,,,,,,,,,,,,,,,bounded_preclose_bid_ask,,,,False,not_requested_for_horizon_or_variant,,,no_standard_contract_within_rules,event,protective_put,,no_standard_contract_within_rules,,,True,,H23,0,AXP,,primary,0.02183171201352199,15.043282181838334,2022
,,,fc433159bfe4af3a60c06b63,time_value,,,1,1,2023-11-01,2023-11-01,,,460,,,2023-11-02,461,False,,,2023-11-01,,,,,,,"{""market_momentum"": 0.002538010863635476, ""market_volatility"": 0.008683070651405911, ""momentum"": 0.009651844191657988, ""volatility"": 0.016168471078917522, ""volume_state"": 15.04138957382017}",assumed_next_daily_close,,1,0000004962,,0.002538010863635476,0.008683070651405911,0.009651844191657988,,,,,,,22d1881c2853de058df960bd,False,,,,,,,,,,,,,,,,,,,,,,,,,,,,,,,,,,,,,,,,,,,,,,,,bounded_preclose_bid_ask,,,,False,not_requested_for_horizon_or_variant,,,missing_decision_or_entry_bar,event,protective_put,,missing_decision_or_entry_bar,,,False,,H23,0,AXP,,primary,0.016168471078917522,15.04138957382017,2023
,,,fc433159bfe4af3a60c06b63,time_value,,,1,1,2023-11-01,2023-11-01,,,460,,,2023-11-02,461,False,,,2023-11-01,,,,,,,"{""market_momentum"": 0.002538010863635476, ""market_volatility"": 0.008683070651405911, ""momentum"": 0.009651844191657988, ""volatility"": 0.016168471078917522, ""volume_state"": 15.04138957382017}",assumed_next_daily_close,,1,0000004962,,0.002538010863635476,0.008683070651405911,0.009651844191657988,,,,,,,22d1881c2853de058df960bd,False,,,,,,,,,,,,,,,,,,,,,,,,,,,,,,,,,,,,,,,,,,,,,,,,bounded_preclose_bid_ask,,,,False,not_requested_for_horizon_or_variant,,,missing_decision_or_entry_bar,event,protective_put,,missing_decision_or_entry_bar,,,True,,H23,0,AXP,,primary,0.016168471078917522,15.04138957382017,2023
,,,fc433159bfe4af3a60c06b63,time_value,,,1,1,2023-11-01,2023-11-01,,,460,,,2023-11-02,461,False,,,2023-11-01,,,,,,,"{""market_momentum"": 0.002538010863635476, ""market_volatility"": 0.008683070651405911, ""momentum"": 0.009651844191657988, ""volatility"": 0.016168471078917522, ""volume_state"": 15.04138957382017}",assumed_next_daily_close,,2,0000004962,,0.002538010863635476,0.008683070651405911,0.009651844191657988,,,,,,,22d1881c2853de058df960bd,False,,,,,,,,,,,,,,,,,,,,,,,,,,,,,,,,,,,,,,,,,,,,,,,,bounded_preclose_bid_ask,,,,False,not_requested_for_horizon_or_variant,,,missing_decision_or_entry_bar,event,protective_put,,missing_decision_or_entry_bar,,,False,,H23,0,AXP,,primary,0.016168471078917522,15.04138957382017,2023
,,,fc433159bfe4af3a60c06b63,time_value,,,1,1,2023-11-01,2023-11-01,,,460,,,2023-11-02,461,False,,,2023-11-01,,,,,,,"{""market_momentum"": 0.002538010863635476, ""market_volatility"": 0.008683070651405911, ""momentum"": 0.009651844191657988, ""volatility"": 0.016168471078917522, ""volume_state"": 15.04138957382017}",assumed_next_daily_close,,2,0000004962,,0.002538010863635476,0.008683070651405911,0.009651844191657988,,,,,,,22d1881c2853de058df960bd,False,,,,,,,,,,,,,,,,,,,,,,,,,,,,,,,,,,,,,,,,,,,,,,,,bounded_preclose_bid_ask,,,,False,not_requested_for_horizon_or_variant,,,missing_decision_or_entry_bar,event,protective_put,,missing_decision_or_entry_bar,,,True,,H23,0,AXP,,primary,0.016168471078917522,15.04138957382017,2023
,,,fc433159bfe4af3a60c06b63,time_value,,,1,1,2023-11-01,2023-11-01,,,460,,,2023-11-02,461,False,,,2023-11-01,,,,,,,"{""market_momentum"": 0.002538010863635476, ""market_volatility"": 0.008683070651405911, ""momentum"": 0.009651844191657988, ""volatility"": 0.016168471078917522, ""volume_state"": 15.04138957382017}",assumed_next_daily_close,,3,0000004962,,0.002538010863635476,0.008683070651405911,0.009651844191657988,,,,,,,22d1881c2853de058df960bd,False,,,,,,,,,,,,,,,,,,,,,,,,,,,,,,,,,,,,,,,,,,,,,,,,bounded_preclose_bid_ask,,,,False,not_requested_for_horizon_or_variant,,,missing_decision_or_entry_bar,event,protective_put,,missing_decision_or_entry_bar,,,False,,H23,0,AXP,,primary,0.016168471078917522,15.04138957382017,2023
,,,fc433159bfe4af3a60c06b63,time_value,,,1,1,2023-11-01,2023-11-01,,,460,,,2023-11-02,461,False,,,2023-11-01,,,,,,,"{""market_momentum"": 0.002538010863635476, ""market_volatility"": 0.008683070651405911, ""momentum"": 0.009651844191657988, ""volatility"": 0.016168471078917522, ""volume_state"": 15.04138957382017}",assumed_next_daily_close,,3,0000004962,,0.002538010863635476,0.008683070651405911,0.009651844191657988,,,,,,,22d1881c2853de058df960bd,False,,,,,,,,,,,,,,,,,,,,,,,,,,,,,,,,,,,,,,,,,,,,,,,,bounded_preclose_bid_ask,,,,False,not_requested_for_horizon_or_variant,,,missing_decision_or_entry_bar,event,protective_put,,missing_decision_or_entry_bar,,,True,,H23,0,AXP,,primary,0.016168471078917522,15.04138957382017,2023
,,,fc433159bfe4af3a60c06b63,time_value,,,1,1,2023-11-01,2023-11-01,,,460,,,2023-11-02,461,False,,,2023-11-01,,,,,,,"{""market_momentum"": 0.002538010863635476, ""market_volatility"": 0.008683070651405911, ""momentum"": 0.009651844191657988, ""volatility"": 0.016168471078917522, ""volume_state"": 15.04138957382017}",assumed_next_daily_close,,5,0000004962,,0.002538010863635476,0.008683070651405911,0.009651844191657988,,,,,,,22d1881c2853de058df960bd,False,,,,,,,,,,,,,,,,,,,,,,,,,,,,,,,,,,,,,,,,,,,,,,,,bounded_preclose_bid_ask,,,,False,not_requested_for_horizon_or_variant,,,missing_decision_or_entry_bar,event,protective_put,,missing_decision_or_entry_bar,,,False,,H23,0,AXP,,primary,0.016168471078917522,15.04138957382017,2023
,,,fc433159bfe4af3a60c06b63,time_value,,,1,1,2023-11-01,2023-11-01,,,460,,,2023-11-02,461,False,,,2023-11-01,,,,,,,"{""market_momentum"": 0.002538010863635476, ""market_volatility"": 0.008683070651405911, ""momentum"": 0.009651844191657988, ""volatility"": 0.016168471078917522, ""volume_state"": 15.04138957382017}",assumed_next_daily_close,,5,0000004962,,0.002538010863635476,0.008683070651405911,0.009651844191657988,,,,,,,22d1881c2853de058df960bd,False,,,,,,,,,,,,,,,,,,,,,,,,,,,,,,,,,,,,,,,,,,,,,,,,bounded_preclose_bid_ask,,,,False,not_requested_for_horizon_or_variant,,,missing_decision_or_entry_bar,event,protective_put,,missing_decision_or_entry_bar,,,True,,H23,0,AXP,,primary,0.016168471078917522,15.04138957382017,2023
,,,fc433159bfe4af3a60c06b63,time_value,,,1,1,2023-11-01,2023-11-01,,,460,,,2023-11-02,461,False,,,2023-11-01,,,,,,,"{""market_momentum"": 0.002538010863635476, ""market_volatility"": 0.008683070651405911, ""momentum"": 0.009651844191657988, ""volatility"": 0.016168471078917522, ""volume_state"": 15.04138957382017}",assumed_next_daily_close,,10,0000004962,,0.002538010863635476,0.008683070651405911,0.009651844191657988,,,,,,,22d1881c2853de058df960bd,False,,,,,,,,,,,,,,,,,,,,,,,,,,,,,,,,,,,,,,,,,,,,,,,,bounded_preclose_bid_ask,,,,False,bar_outcome_not_completed,,,missing_decision_or_entry_bar,event,protective_put,,missing_decision_or_entry_bar,,,False,,H23,0,AXP,,primary,0.016168471078917522,15.04138957382017,2023
,,,fc433159bfe4af3a60c06b63,time_value,,,1,1,2023-11-01,2023-11-01,,,460,,,2023-11-02,461,False,,,2023-11-01,,,,,,,"{""market_momentum"": 0.002538010863635476, ""market_volatility"": 0.008683070651405911, ""momentum"": 0.009651844191657988, ""volatility"": 0.016168471078917522, ""volume_state"": 15.04138957382017}",assumed_next_daily_close,,10,0000004962,,0.002538010863635476,0.008683070651405911,0.009651844191657988,,,,,,,22d1881c2853de058df960bd,False,,,,,,,,,,,,,,,,,,,,,,,,,,,,,,,,,,,,,,,,,,,,,,,,bounded_preclose_bid_ask,,,,False,bar_outcome_not_completed,,,missing_decision_or_entry_bar,event,protective_put,,missing_decision_or_entry_bar,,,True,,H23,0,AXP,,primary,0.016168471078917522,15.04138957382017,2023
,,,fc433159bfe4af3a60c06b63,time_value,,,1,1,2023-11-01,2023-11-01,,,460,,,2023-11-02,461,False,,,2023-11-01,,,,,,,"{""market_momentum"": 0.002538010863635476, ""market_volatility"": 0.008683070651405911, ""momentum"": 0.009651844191657988, ""volatility"": 0.016168471078917522, ""volume_state"": 15.04138957382017}",assumed_next_daily_close,,21,0000004962,,0.002538010863635476,0.008683070651405911,0.009651844191657988,,,,,,,22d1881c2853de058df960bd,False,,,,,,,,,,,,,,,,,,,,,,,,,,,,,,,,,,,,,,,,,,,,,,,,bounded_preclose_bid_ask,,,,False,not_requested_for_horizon_or_variant,,,missing_decision_or_entry_bar,event,protective_put,,missing_decision_or_entry_bar,,,False,,H23,0,AXP,,primary,0.016168471078917522,15.04138957382017,2023
,,,fc433159bfe4af3a60c06b63,time_value,,,1,1,2023-11-01,2023-11-01,,,460,,,2023-11-02,461,False,,,2023-11-01,,,,,,,"{""market_momentum"": 0.002538010863635476, ""market_volatility"": 0.008683070651405911, ""momentum"": 0.009651844191657988, ""volatility"": 0.016168471078917522, ""volume_state"": 15.04138957382017}",assumed_next_daily_close,,21,0000004962,,0.002538010863635476,0.008683070651405911,0.009651844191657988,,,,,,,22d1881c2853de058df960bd,False,,,,,,,,,,,,,,,,,,,,,,,,,,,,,,,,,,,,,,,,,,,,,,,,bounded_preclose_bid_ask,,,,False,not_requested_for_horizon_or_variant,,,missing_decision_or_entry_bar,event,protective_put,,missing_decision_or_entry_bar,,,True,,H23,0,AXP,,primary,0.016168471078917522,15.04138957382017,2023
,,,fc433159bfe4af3a60c06b63,time_value,,,1,1,2023-11-01,2023-11-01,,,460,,,2023-11-02,461,False,,,2023-11-01,,,,,,,"{""market_momentum"": 0.002538010863635476, ""market_volatility"": 0.008683070651405911, ""momentum"": 0.009651844191657988, ""volatility"": 0.016168471078917522, ""volume_state"": 15.04138957382017}",assumed_next_daily_close,,42,0000004962,,0.002538010863635476,0.008683070651405911,0.009651844191657988,,,,,,,22d1881c2853de058df960bd,False,,,,,,,,,,,,,,,,,,,,,,,,,,,,,,,,,,,,,,,,,,,,,,,,bounded_preclose_bid_ask,,,,False,not_requested_for_horizon_or_variant,,,missing_decision_or_entry_bar,event,protective_put,,missing_decision_or_entry_bar,,,False,,H23,0,AXP,,primary,0.016168471078917522,15.04138957382017,2023
,,,fc433159bfe4af3a60c06b63,time_value,,,1,1,2023-11-01,2023-11-01,,,460,,,2023-11-02,461,False,,,2023-11-01,,,,,,,"{""market_momentum"": 0.002538010863635476, ""market_volatility"": 0.008683070651405911, ""momentum"": 0.009651844191657988, ""volatility"": 0.016168471078917522, ""volume_state"": 15.04138957382017}",assumed_next_daily_close,,42,0000004962,,0.002538010863635476,0.008683070651405911,0.009651844191657988,,,,,,,22d1881c2853de058df960bd,False,,,,,,,,,,,,,,,,,,,,,,,,,,,,,,,,,,,,,,,,,,,,,,,,bounded_preclose_bid_ask,,,,False,not_requested_for_horizon_or_variant,,,missing_decision_or_entry_bar,event,protective_put,,missing_decision_or_entry_bar,,,True,,H23,0,AXP,,primary,0.016168471078917522,15.04138957382017,2023
,,,fc433159bfe4af3a60c06b63,time_value,,,1,1,2023-11-01,2023-11-01,,,460,,,2023-11-02,461,False,,,2023-11-01,,,,,,,"{""market_momentum"": 0.002538010863635476, ""market_volatility"": 0.008683070651405911, ""momentum"": 0.009651844191657988, ""volatility"": 0.016168471078917522, ""volume_state"": 15.04138957382017}",assumed_next_daily_close,,63,0000004962,,0.002538010863635476,0.008683070651405911,0.009651844191657988,,,,,,,22d1881c2853de058df960bd,False,,,,,,,,,,,,,,,,,,,,,,,,,,,,,,,,,,,,,,,,,,,,,,,,bounded_preclose_bid_ask,,,,False,not_requested_for_horizon_or_variant,,,missing_decision_or_entry_bar,event,protective_put,,missing_decision_or_entry_bar,,,False,,H23,0,AXP,,primary,0.016168471078917522,15.04138957382017,2023
,,,fc433159bfe4af3a60c06b63,time_value,,,1,1,2023-11-01,2023-11-01,,,460,,,2023-11-02,461,False,,,2023-11-01,,,,,,,"{""market_momentum"": 0.002538010863635476, ""market_volatility"": 0.008683070651405911, ""momentum"": 0.009651844191657988, ""volatility"": 0.016168471078917522, ""volume_state"": 15.04138957382017}",assumed_next_daily_close,,63,0000004962,,0.002538010863635476,0.008683070651405911,0.009651844191657988,,,,,,,22d1881c2853de058df960bd,False,,,,,,,,,,,,,,,,,,,,,,,,,,,,,,,,,,,,,,,,,,,,,,,,bounded_preclose_bid_ask,,,,False,not_requested_for_horizon_or_variant,,,missing_decision_or_entry_bar,event,protective_put,,missing_decision_or_entry_bar,,,True,,H23,0,AXP,,primary,0.016168471078917522,15.04138957382017,2023
,,,fc433159bfe4af3a60c06b63,time_value,,,1,1,2023-11-01,2023-11-01,,,460,,,2023-11-02,461,False,,,2023-11-01,,,,,,,"{""market_momentum"": 0.002538010863635476, ""market_volatility"": 0.008683070651405911, ""momentum"": 0.009651844191657988, ""volatility"": 0.016168471078917522, ""volume_state"": 15.04138957382017}",assumed_next_daily_close,,expiry,0000004962,,0.002538010863635476,0.008683070651405911,0.009651844191657988,,,,,,,22d1881c2853de058df960bd,False,,,,,,,,,,,,,,,,,,,,,,,,,,,,,,,,,,,,,,,,,,,,,,,,bounded_preclose_bid_ask,,,,False,not_requested_for_horizon_or_variant,,,missing_decision_or_entry_bar,event,protective_put,,missing_decision_or_entry_bar,,,False,,H23,0,AXP,,primary,0.016168471078917522,15.04138957382017,2023
,,,fc433159bfe4af3a60c06b63,time_value,,,1,1,2023-11-01,2023-11-01,,,460,,,2023-11-02,461,False,,,2023-11-01,,,,,,,"{""market_momentum"": 0.002538010863635476, ""market_volatility"": 0.008683070651405911, ""momentum"": 0.009651844191657988, ""volatility"": 0.016168471078917522, ""volume_state"": 15.04138957382017}",assumed_next_daily_close,,expiry,0000004962,,0.002538010863635476,0.008683070651405911,0.009651844191657988,,,,,,,22d1881c2853de058df960bd,False,,,,,,,,,,,,,,,,,,,,,,,,,,,,,,,,,,,,,,,,,,,,,,,,bounded_preclose_bid_ask,,,,False,not_requested_for_horizon_or_variant,,,missing_decision_or_entry_bar,event,protective_put,,missing_decision_or_entry_bar,,,True,,H23,0,AXP,,primary,0.016168471078917522,15.04138957382017,2023
0.05908919834399695,2022-02-11,28,fc54c205dd7c776d0b51d30d,time_value,120.69080000000001,O:AMD220617P00125000,1,1,2022-02-09,2022-02-09,128,0.08618742943168987,26,0.0,0.050897431819988875,2022-02-10,27,True,2022-02-11,28,2022-06-10,221,108939859.0,2022-02-11,scheduled_exit,28,2022-06-17,"{""market_momentum"": -0.01712100706751729, ""market_volatility"": 0.012640436624071728, ""momentum"": 0.006439393939393856, ""volatility"": 0.03901188867155281, ""volume_state"": 18.36068771284885}",assumed_next_daily_close,12577.0,1,0000002488,0,-0.01712100706751729,0.012640436624071728,0.006439393939393856,-640.1370000000001,-0.050897431819988875,80.4462,14.45,22.65,819.9999999999999,974adb708dac1471a8674416,True,0.0011210762331838565,892,9.320503163635088e-07,107290345.0,,,,,,,,,,,,,,,,,,,,,,,,,,,,,,,,,,,,,,,,,,,,bounded_preclose_bid_ask,,,,False,not_requested_for_horizon_or_variant,,,,ordinary,protective_put,100,completed,125.77,113.18,False,-1259.0,H23,0,AMD,201.137,primary,0.03901188867155281,18.36068771284885,2022
0.05908919834399695,2022-02-11,28,fc54c205dd7c776d0b51d30d,time_value,6.790799999999999,O:AMD220617P00125000,1,1,2022-02-09,2022-02-09,128,0.08618742943168987,26,0.0,0.10124330126421245,2022-02-10,27,True,2022-02-11,28,2022-06-10,221,108939859.0,2022-02-11,scheduled_exit,28,2022-06-17,"{""market_momentum"": -0.01712100706751729, ""market_volatility"": 0.012640436624071728, ""momentum"": 0.006439393939393856, ""volatility"": 0.03901188867155281, ""volume_state"": 18.36068771284885}",assumed_next_daily_close,12577.0,1,0000002488,0,-0.01712100706751729,0.012640436624071728,0.006439393939393856,-1273.337,-0.10124330126421245,7.546199999999999,14.45,0.0,-0.0,974adb708dac1471a8674416,True,0.0011210762331838565,892,9.320503163635088e-07,107290345.0,,,,,,,,,,,,,,,,,,,,,,,,,,,,,,,,,,,,,,,,,,,,bounded_preclose_bid_ask,,,,False,not_requested_for_horizon_or_variant,,,,ordinary,protective_put,100,completed,125.77,113.18,True,-1259.0,H23,0,AMD,14.336999999999998,primary,0.03901188867155281,18.36068771284885,2022
0.05908919834399695,2022-02-14,29,fc54c205dd7c776d0b51d30d,time_value,107.5062,O:AMD220617P00125000,1,1,2022-02-09,2022-02-09,128,0.08618742943168987,26,0.0,0.06225271527391269,2022-02-10,27,True,2022-02-14,29,2022-06-10,221,108939859.0,2022-02-14,scheduled_exit,29,2022-06-17,"{""market_momentum"": -0.01712100706751729, ""market_volatility"": 0.012640436624071728, ""momentum"": 0.006439393939393856, ""volatility"": 0.03901188867155281, ""volume_state"": 18.36068771284885}",assumed_next_daily_close,12577.0,2,0000002488,0,-0.01712100706751729,0.012640436624071728,0.006439393939393856,-782.9523999999999,-0.06225271527391269,80.4462,14.45,20,555.0000000000001,974adb708dac1471a8674416,True,0.0011210762331838565,892,9.320503163635088e-07,107290345.0,,,,,,,,,,,,,,,,,,,,,,,,,,,,,,,,,,,,,,,,,,,,bounded_preclose_bid_ask,,,,False,not_requested_for_horizon_or_variant,,,,ordinary,protective_put,100,completed,125.77,114.27,False,-1150.0,H23,0,AMD,187.9524,primary,0.03901188867155281,18.36068771284885,2022
0.05908919834399695,2022-02-14,29,fc54c205dd7c776d0b51d30d,time_value,6.856199999999999,O:AMD220617P00125000,1,1,2022-02-09,2022-02-09,128,0.08618742943168987,26,0.0,0.1012433012642125,2022-02-10,27,True,2022-02-14,29,2022-06-10,221,108939859.0,2022-02-14,scheduled_exit,29,2022-06-17,"{""market_momentum"": -0.01712100706751729, ""market_volatility"": 0.012640436624071728, ""momentum"": 0.006439393939393856, ""volatility"": 0.03901188867155281, ""volume_state"": 18.36068771284885}",assumed_next_daily_close,12577.0,2,0000002488,0,-0.01712100706751729,0.012640436624071728,0.006439393939393856,-1164.4024,-0.09258188757255306,7.546199999999999,14.45,0.0,-0.0,974adb708dac1471a8674416,True,0.0011210762331838565,892,9.320503163635088e-07,107290345.0,,,,,,,,,,,,,,,,,,,,,,,,,,,,,,,,,,,,,,,,,,,,bounded_preclose_bid_ask,,,,False,not_requested_for_horizon_or_variant,,,,ordinary,protective_put,100,completed,125.77,114.27,True,-1150.0,H23,0,AMD,14.402399999999998,primary,0.03901188867155281,18.36068771284885,2022
0.05908919834399695,2022-02-15,30,fc54c205dd7c776d0b51d30d,time_value,90.98820000000002,O:AMD220617P00125000,1,1,2022-02-09,2022-02-09,128,0.08618742943168987,26,0.0,0.062252715273912726,2022-02-10,27,True,2022-02-15,30,2022-06-10,221,108939859.0,2022-02-15,scheduled_exit,30,2022-06-17,"{""market_momentum"": -0.01712100706751729, ""market_volatility"": 0.012640436624071728, ""momentum"": 0.006439393939393856, ""volatility"": 0.03901188867155281, ""volume_state"": 18.36068771284885}",assumed_next_daily_close,12577.0,3,0000002488,0,-0.01712100706751729,0.012640436624071728,0.006439393939393856,-385.4344,-0.030645972807505764,80.4462,14.45,16.61,216.0,974adb708dac1471a8674416,True,0.0011210762331838565,892,9.320503163635088e-07,107290345.0,,,,,,,,,,,,,,,,,,,,,,,,,,,,,,,,,,,,,,,,,,,,bounded_preclose_bid_ask,,,,False,not_requested_for_horizon_or_variant,,,,ordinary,protective_put,100,completed,125.77,121.47,False,-430.0,H23,0,AMD,171.43440000000004,primary,0.03901188867155281,18.36068771284885,2022
0.05908919834399695,2022-02-15,30,fc54c205dd7c776d0b51d30d,time_value,7.2882,O:AMD220617P00125000,1,1,2022-02-09,2022-02-09,128,0.08618742943168987,26,0.0,0.1012433012642125,2022-02-10,27,True,2022-02-15,30,2022-06-10,221,108939859.0,2022-02-15,scheduled_exit,30,2022-06-17,"{""market_momentum"": -0.01712100706751729, ""market_volatility"": 0.012640436624071728, ""momentum"": 0.006439393939393856, ""volatility"": 0.03901188867155281, ""volume_state"": 18.36068771284885}",assumed_next_daily_close,12577.0,3,0000002488,0,-0.01712100706751729,0.012640436624071728,0.006439393939393856,-444.8344,-0.035368879701041585,7.546199999999999,14.45,0.0,-0.0,974adb708dac1471a8674416,True,0.0011210762331838565,892,9.320503163635088e-07,107290345.0,,,,,,,,,,,,,,,,,,,,,,,,,,,,,,,,,,,,,,,,,,,,bounded_preclose_bid_ask,,,,False,not_requested_for_horizon_or_variant,,,,ordinary,protective_put,100,completed,125.77,121.47,True,-430.0,H23,0,AMD,14.834399999999999,primary,0.03901188867155281,18.36068771284885,2022
0.05908919834399695,2022-02-17,32,fc54c205dd7c776d0b51d30d,time_value,110.3922,O:AMD220617P00125000,1,1,2022-02-09,2022-02-09,128,0.08618742943168987,26,0.0,0.07281850997853222,2022-02-10,27,True,2022-02-17,32,2022-06-10,221,108939859.0,2022-02-17,scheduled_exit,32,2022-06-17,"{""market_momentum"": -0.01712100706751729, ""market_volatility"": 0.012640436624071728, ""momentum"": 0.006439393939393856, ""volatility"": 0.03901188867155281, ""volume_state"": 18.36068771284885}",assumed_next_daily_close,12577.0,5,0000002488,0,-0.01712100706751729,0.012640436624071728,0.006439393939393856,-915.8383999999998,-0.07281850997853222,80.4462,14.45,20.6,615.0000000000002,974adb708dac1471a8674416,True,0.0011210762331838565,892,9.320503163635088e-07,107290345.0,,,,,,,,,,,,,,,,,,,,,,,,,,,,,,,,,,,,,,,,,,,,bounded_preclose_bid_ask,,,,False,not_requested_for_horizon_or_variant,,,,ordinary,protective_put,100,completed,125.77,112.37,False,-1340.0,H23,0,AMD,190.8384,primary,0.03901188867155281,18.36068771284885,2022
0.05908919834399695,2022-02-17,32,fc54c205dd7c776d0b51d30d,time_value,6.7421999999999995,O:AMD220617P00125000,1,1,2022-02-09,2022-02-09,128,0.08618742943168987,26,0.0,0.10767976464975748,2022-02-10,27,True,2022-02-17,32,2022-06-10,221,108939859.0,2022-02-17,scheduled_exit,32,2022-06-17,"{""market_momentum"": -0.01712100706751729, ""market_volatility"": 0.012640436624071728, ""momentum"": 0.006439393939393856, ""volatility"": 0.03901188867155281, ""volume_state"": 18.36068771284885}",assumed_next_daily_close,12577.0,5,0000002488,0,-0.01712100706751729,0.012640436624071728,0.006439393939393856,-1354.2884,-0.10767976464975748,7.546199999999999,14.45,0.0,-0.0,974adb708dac1471a8674416,True,0.0011210762331838565,892,9.320503163635088e-07,107290345.0,,,,,,,,,,,,,,,,,,,,,,,,,,,,,,,,,,,,,,,,,,,,bounded_preclose_bid_ask,,,,False,not_requested_for_horizon_or_variant,,,,ordinary,protective_put,100,completed,125.77,112.37,True,-1340.0,H23,0,AMD,14.2884,primary,0.03901188867155281,18.36068771284885,2022
0.05908919834399695,2022-02-25,37,fc54c205dd7c776d0b51d30d,time_value,87.4136,O:AMD220617P00125000,1,1,2022-02-09,2022-02-09,128,0.08618742943168987,26,0.0,0.07391920171742071,2022-02-10,27,True,2022-02-25,37,2022-06-10,221,108939859.0,2022-02-25,scheduled_exit,37,2022-06-17,"{""market_momentum"": -0.01712100706751729, ""market_volatility"": 0.012640436624071728, ""momentum"": 0.006439393939393856, ""volatility"": 0.03901188867155281, ""volume_state"": 18.36068771284885}",assumed_next_daily_close,12577.0,10,0000002488,0,-0.01712100706751729,0.012640436624071728,0.006439393939393856,-493.85979999999984,-0.0392668998966367,80.4462,14.45,15.9,145.0000000000001,974adb708dac1471a8674416,True,0.0011210762331838565,892,9.320503163635088e-07,107290345.0,,,,,,,,,,,,,,,,,,,,,,,,,,,,,,,,,,,,,,,,,,,,bounded_preclose_bid_ask,,,,False,decision_missing_or_stale_quote,,,,ordinary,protective_put,100,completed,125.77,121.06,False,-471.0,H23,0,AMD,167.8598,primary,0.03901188867155281,18.36068771284885,2022
0.05908919834399695,2022-02-25,37,fc54c205dd7c776d0b51d30d,time_value,7.263599999999999,O:AMD220617P00125000,1,1,2022-02-09,2022-02-09,128,0.08618742943168987,26,0.0,0.12841948000318046,2022-02-10,27,True,2022-02-25,37,2022-06-10,221,108939859.0,2022-02-25,scheduled_exit,37,2022-06-17,"{""market_momentum"": -0.01712100706751729, ""market_volatility"": 0.012640436624071728, ""momentum"": 0.006439393939393856, ""volatility"": 0.03901188867155281, ""volume_state"": 18.36068771284885}",assumed_next_daily_close,12577.0,10,0000002488,0,-0.01712100706751729,0.012640436624071728,0.006439393939393856,-485.8098,-0.03862684264928043,7.546199999999999,14.45,0.0,-0.0,974adb708dac1471a8674416,True,0.0011210762331838565,892,9.320503163635088e-07,107290345.0,,,,,,,,,,,,,,,,,,,,,,,,,,,,,,,,,,,,,,,,,,,,bounded_preclose_bid_ask,,,,False,decision_missing_or_stale_quote,,,,ordinary,protective_put,100,completed,125.77,121.06,True,-471.0,H23,0,AMD,14.8098,primary,0.03901188867155281,18.36068771284885,2022
0.05908919834399695,2022-03-14,48,fc54c205dd7c776d0b51d30d,time_value,145.285,O:AMD220617P00125000,1,1,2022-02-09,2022-02-09,128,0.08618742943168987,26,0.0,0.10484643396676475,2022-02-10,27,True,2022-03-14,48,2022-06-10,221,108939859.0,2022-03-14,scheduled_exit,48,2022-06-17,"{""market_momentum"": -0.01712100706751729, ""market_volatility"": 0.012640436624071728, ""momentum"": 0.006439393939393856, ""volatility"": 0.03901188867155281, ""volume_state"": 18.36068771284885}",assumed_next_daily_close,12577.0,21,0000002488,0,-0.01712100706751729,0.012640436624071728,0.006439393939393856,-1252.7312000000002,-0.09960492963345792,80.4462,14.45,27.7,1325.0,974adb708dac1471a8674416,True,0.0011210762331838565,892,9.320503163635088e-07,107290345.0,,,,,,,,,,,,,,,,,,,,,,,,,,,,,,,,,,,,,,,,,,,,bounded_preclose_bid_ask,,,,False,not_requested_for_horizon_or_variant,,,,ordinary,protective_put,100,completed,125.77,102.25,False,-2352.0,H23,0,AMD,225.7312,primary,0.03901188867155281,18.36068771284885,2022
0.05908919834399695,2022-03-14,48,fc54c205dd7c776d0b51d30d,time_value,6.135,O:AMD220617P00125000,1,1,2022-02-09,2022-02-09,128,0.08618742943168987,26,0.0,0.1880958257136042,2022-02-10,27,True,2022-03-14,48,2022-06-10,221,108939859.0,2022-03-14,scheduled_exit,48,2022-06-17,"{""market_momentum"": -0.01712100706751729, ""market_volatility"": 0.012640436624071728, ""momentum"": 0.006439393939393856, ""volatility"": 0.03901188867155281, ""volume_state"": 18.36068771284885}",assumed_next_daily_close,12577.0,21,0000002488,0,-0.01712100706751729,0.012640436624071728,0.006439393939393856,-2365.6812,-0.1880958257136042,7.546199999999999,14.45,0.0,-0.0,974adb708dac1471a8674416,True,0.0011210762331838565,892,9.320503163635088e-07,107290345.0,,,,,,,,,,,,,,,,,,,,,,,,,,,,,,,,,,,,,,,,,,,,bounded_preclose_bid_ask,,,,False,not_requested_for_horizon_or_variant,,,,ordinary,protective_put,100,completed,125.77,102.25,True,-2352.0,H23,0,AMD,13.681199999999999,primary,0.03901188867155281,18.36068771284885,2022
0.05908919834399695,2022-04-12,69,fc54c205dd7c776d0b51d30d,time_value,161.006,O:AMD220617P00125000,1,1,2022-02-09,2022-02-09,128,0.08618742943168987,26,0.0,0.13202291484455753,2022-02-10,27,True,2022-04-12,69,2022-06-10,221,108939859.0,2022-04-12,scheduled_exit,69,2022-06-17,"{""market_momentum"": -0.01712100706751729, ""market_volatility"": 0.012640436624071728, ""momentum"": 0.006439393939393856, ""volatility"": 0.03901188867155281, ""volume_state"": 18.36068771284885}",assumed_next_daily_close,12577.0,42,0000002488,0,-0.01712100706751729,0.012640436624071728,0.006439393939393856,-1660.4522000000002,-0.13202291484455753,80.4462,14.45,30.93,1648.0,974adb708dac1471a8674416,True,0.0011210762331838565,892,9.320503163635088e-07,107290345.0,,,,,,,,,,,,,,,,,,,,,,,,,,,,,,,,,,,,,,,,,,,,bounded_preclose_bid_ask,,,,False,not_requested_for_horizon_or_variant,,,,ordinary,protective_put,100,completed,125.77,95.1,False,-3067.0,H23,0,AMD,241.4522,primary,0.03901188867155281,18.36068771284885,2022
0.05908919834399695,2022-04-12,69,fc54c205dd7c776d0b51d30d,time_value,5.7059999999999995,O:AMD220617P00125000,1,1,2022-02-09,2022-02-09,128,0.08618742943168987,26,0.0,0.2449115210304524,2022-02-10,27,True,2022-04-12,69,2022-06-10,221,108939859.0,2022-04-12,scheduled_exit,69,2022-06-17,"{""market_momentum"": -0.01712100706751729, ""market_volatility"": 0.012640436624071728, ""momentum"": 0.006439393939393856, ""volatility"": 0.03901188867155281, ""volume_state"": 18.36068771284885}",assumed_next_daily_close,12577.0,42,0000002488,0,-0.01712100706751729,0.012640436624071728,0.006439393939393856,-3080.2522,-0.2449115210304524,7.546199999999999,14.45,0.0,-0.0,974adb708dac1471a8674416,True,0.0011210762331838565,892,9.320503163635088e-07,107290345.0,,,,,,,,,,,,,,,,,,,,,,,,,,,,,,,,,,,,,,,,,,,,bounded_preclose_bid_ask,,,,False,not_requested_for_horizon_or_variant,,,,ordinary,protective_put,100,completed,125.77,95.1,True,-3067.0,H23,0,AMD,13.252199999999998,primary,0.03901188867155281,18.36068771284885,2022
0.05908919834399695,2022-05-12,90,fc54c205dd7c776d0b51d30d,time_value,199.72360000000003,O:AMD220617P00125000,1,1,2022-02-09,2022-02-09,128,0.08618742943168987,26,0.0,0.15969127772918823,2022-02-10,27,True,2022-05-12,90,2022-06-10,221,108939859.0,2022-05-12,scheduled_exit,90,2022-06-17,"{""market_momentum"": -0.01712100706751729, ""market_volatility"": 0.012640436624071728, ""momentum"": 0.006439393939393856, ""volatility"": 0.03901188867155281, ""volume_state"": 18.36068771284885}",assumed_next_daily_close,12577.0,63,0000002488,0,-0.01712100706751729,0.012640436624071728,0.006439393939393856,-1719.1697999999997,-0.1366915639659696,80.4462,14.45,38.77,2432.0000000000005,974adb708dac1471a8674416,True,0.0011210762331838565,892,9.320503163635088e-07,107290345.0,,,,,,,,,,,,,,,,,,,,,,,,,,,,,,,,,,,,,,,,,,,,bounded_preclose_bid_ask,,,,False,not_requested_for_horizon_or_variant,,,,ordinary,protective_put,100,completed,125.77,87.06,False,-3871.0,H23,0,AMD,280.1698,primary,0.03901188867155281,18.36068771284885,2022
0.05908919834399695,2022-05-12,90,fc54c205dd7c776d0b51d30d,time_value,5.223599999999999,O:AMD220617P00125000,1,1,2022-02-09,2022-02-09,128,0.08618742943168987,26,0.0,0.3258838196708278,2022-02-10,27,True,2022-05-12,90,2022-06-10,221,108939859.0,2022-05-12,scheduled_exit,90,2022-06-17,"{""market_momentum"": -0.01712100706751729, ""market_volatility"": 0.012640436624071728, ""momentum"": 0.006439393939393856, ""volatility"": 0.03901188867155281, ""volume_state"": 18.36068771284885}",assumed_next_daily_close,12577.0,63,0000002488,0,-0.01712100706751729,0.012640436624071728,0.006439393939393856,-3883.7697999999996,-0.30879937982030686,7.546199999999999,14.45,0.0,-0.0,974adb708dac1471a8674416,True,0.0011210762331838565,892,9.320503163635088e-07,107290345.0,,,,,,,,,,,,,,,,,,,,,,,,,,,,,,,,,,,,,,,,,,,,bounded_preclose_bid_ask,,,,False,not_requested_for_horizon_or_variant,,,,ordinary,protective_put,100,completed,125.77,87.06,True,-3871.0,H23,0,AMD,12.769799999999998,primary,0.03901188867155281,18.36068771284885,2022
0.05908919834399695,2022-06-17,115,fc54c205dd7c776d0b51d30d,time_value,8.149999999999999,O:AMD220617P00125000,1,1,2022-02-09,2022-02-09,128,0.08618742943168987,26,0.0,0.15969127772918823,2022-02-10,27,True,2022-06-17,115,2022-06-10,221,108939859.0,2022-06-17,modelled_physical_expiry,115,2022-06-17,"{""market_momentum"": -0.01712100706751729, ""market_volatility"": 0.012640436624071728, ""momentum"": 0.006439393939393856, ""volatility"": 0.03901188867155281, ""volume_state"": 18.36068771284885}",assumed_next_daily_close,12577.0,expiry,0000002488,0,-0.01712100706751729,0.012640436624071728,0.006439393939393856,-1610.5962000000002,-0.12805885346266996,80.4462,14.45,0.0,-1445.0,974adb708dac1471a8674416,True,0.0011210762331838565,892,9.320503163635088e-07,107290345.0,,,,,,,,,,,,,,,,,,,,,,,,,,,,,,,,,,,,,,,,,,,,bounded_preclose_bid_ask,,,,False,not_requested_for_horizon_or_variant,,,,ordinary,protective_put,100,completed,125.77,125.0,False,-77.0,H23,0,AMD,88.59620000000001,primary,0.03901188867155281,18.36068771284885,2022
0.05908919834399695,2022-06-17,115,fc54c205dd7c776d0b51d30d,time_value,4.894199999999999,O:AMD220617P00125000,1,1,2022-02-09,2022-02-09,128,0.08618742943168987,26,0.0,0.35242429832233446,2022-02-10,27,True,2022-06-17,115,2022-06-10,221,108939859.0,2022-06-17,scheduled_exit,115,2022-06-17,"{""market_momentum"": -0.01712100706751729, ""market_volatility"": 0.012640436624071728, ""momentum"": 0.006439393939393856, ""volatility"": 0.03901188867155281, ""volume_state"": 18.36068771284885}",assumed_next_daily_close,12577.0,expiry,0000002488,0,-0.01712100706751729,0.012640436624071728,0.006439393939393856,-4432.4404,-0.35242429832233446,7.546199999999999,14.45,0.0,-0.0,974adb708dac1471a8674416,True,0.0011210762331838565,892,9.320503163635088e-07,107290345.0,,,,,,,,,,,,,,,,,,,,,,,,,,,,,,,,,,,,,,,,,,,,bounded_preclose_bid_ask,,,,False,not_requested_for_horizon_or_variant,,,,ordinary,protective_put,100,completed,125.77,81.57,True,-4420.000000000001,H23,0,AMD,12.440399999999997,primary,0.03901188867155281,18.36068771284885,2022
