achieved_otm,actual_exit_date,actual_exit_session,anchor_id,assignment_policy,closing_cost,contract_ticker,contracts,cost_multiplier,date,decision_date,decision_dte,decision_premium_ratio,decision_session,dividend_accrual,downside_loss,entry_date,entry_session,evaluation_aligned,evaluation_date,evaluation_session,event_decision,execution_option_volume,execution_stock_volume,exit_date,exit_reason,exit_session,expiry,features_json,fill_model,funded_notional,horizon,issuer,mark_gap_sessions,market_momentum,market_volatility,momentum,net_pnl,net_return,opening_cost,option_entry,option_exit,option_pnl,pair_id,path_complete,prior_option_participation,prior_option_volume,prior_stock_participation,prior_stock_volume,quote_contracts_within_displayed_size,quote_decision_option_age_seconds,quote_decision_option_ask,quote_decision_option_ask_size,quote_decision_option_bid,quote_decision_option_bid_size,quote_decision_option_relative_spread,quote_decision_stock_age_seconds,quote_decision_stock_ask,quote_decision_stock_ask_size,quote_decision_stock_bid,quote_decision_stock_bid_size,quote_decision_stock_relative_spread,quote_displayed_option_size,quote_downside_loss,quote_entry_option,quote_entry_option_age_seconds,quote_entry_option_ask,quote_entry_option_ask_size,quote_entry_option_bid,quote_entry_option_bid_size,quote_entry_option_relative_spread,quote_entry_stock,quote_entry_stock_age_seconds,quote_entry_stock_ask,quote_entry_stock_ask_size,quote_entry_stock_bid,quote_entry_stock_bid_size,quote_entry_stock_relative_spread,quote_exit_option,quote_exit_option_age_seconds,quote_exit_option_ask,quote_exit_option_ask_size,quote_exit_option_bid,quote_exit_option_bid_size,quote_exit_option_relative_spread,quote_exit_stock,quote_exit_stock_age_seconds,quote_exit_stock_ask,quote_exit_stock_ask_size,quote_exit_stock_bid,quote_exit_stock_bid_size,quote_exit_stock_relative_spread,quote_fill_model,quote_net_pnl,quote_net_return,quote_option_pnl,quote_path_complete,quote_status,quote_stock_pnl,quote_total_cost,reason,role,shape,shares_exit,status,stock_entry,stock_exit,stock_only,stock_pnl,study,task,ticker,total_cost,variant,volatility,volume_state,year
0.04445785556226112,2022-05-06,86,009b28fb3afd032904f88547,time_value,62.3704,O:AMD220819P00095000,1,1,2022-05-04,2022-05-04,107,0.08750754375377187,84,0.0,0.01390906572919992,2022-05-05,85,True,2022-05-06,86,2022-05-04,235,153129770.0,2022-05-06,scheduled_exit,86,2022-08-19,"{""market_momentum"": -0.060726795096322284, ""market_volatility"": 0.016889899760687364, ""momentum"": -0.1005156970958111, ""volatility"": 0.039493208943114165, ""volume_state"": 18.355307272690137}",assumed_next_daily_close,9387.0,1,0000002488,0,-0.060726795096322284,0.016889899760687364,-0.1005156970958111,-40.65260000000014,-0.004330733993821257,65.2822,11.8,11.2,-60.00000000000014,609218fc08b4309035443ace,True,0.0024630541871921183,406,1.0374431039487635e-06,96390828.2,,,,,,,,,,,,,,,,,,,,,,,,,,,,,,,,,,,,,,,,,,,,bounded_preclose_bid_ask,,,,False,not_requested_for_horizon_or_variant,,,,event,protective_put,100,completed,93.87,95.34,False,147.0,H24,1,AMD,127.6526,primary,0.039493208943114165,18.355307272690137,2022
0.04445785556226112,2022-05-06,86,009b28fb3afd032904f88547,time_value,5.7204,O:AMD220819P00095000,1,1,2022-05-04,2022-05-04,107,0.08750754375377187,84,0.0,0.0012000000000000012,2022-05-05,85,True,2022-05-06,86,2022-05-04,235,153129770.0,2022-05-06,scheduled_exit,86,2022-08-19,"{""market_momentum"": -0.060726795096322284, ""market_volatility"": 0.016889899760687364, ""momentum"": -0.1005156970958111, ""volatility"": 0.039493208943114165, ""volume_state"": 18.355307272690137}",assumed_next_daily_close,9387.0,1,0000002488,0,-0.060726795096322284,0.016889899760687364,-0.1005156970958111,135.64739999999998,0.01445055928411633,5.632199999999999,11.8,0.0,-0.0,609218fc08b4309035443ace,True,0.0024630541871921183,406,1.0374431039487635e-06,96390828.2,,,,,,,,,,,,,,,,,,,,,,,,,,,,,,,,,,,,,,,,,,,,bounded_preclose_bid_ask,,,,False,not_requested_for_horizon_or_variant,,,,event,protective_put,100,completed,93.87,95.34,True,147.0,H24,1,AMD,11.352599999999999,primary,0.039493208943114165,18.355307272690137,2022
0.04445785556226112,2022-05-09,87,009b28fb3afd032904f88547,time_value,85.98160000000001,O:AMD220819P00095000,1,1,2022-05-04,2022-05-04,107,0.08750754375377187,84,0.0,0.051056120166187276,2022-05-05,85,True,2022-05-09,87,2022-05-04,235,153129770.0,2022-05-09,scheduled_exit,87,2022-08-19,"{""market_momentum"": -0.060726795096322284, ""market_volatility"": 0.016889899760687364, ""momentum"": -0.1005156970958111, ""volatility"": 0.039493208943114165, ""volume_state"": 18.355307272690137}",assumed_next_daily_close,9387.0,2,0000002488,0,-0.060726795096322284,0.016889899760687364,-0.1005156970958111,-479.26379999999995,-0.051056120166187276,65.2822,11.8,16.03,423.00000000000006,609218fc08b4309035443ace,True,0.0024630541871921183,406,1.0374431039487635e-06,96390828.2,,,,,,,,,,,,,,,,,,,,,,,,,,,,,,,,,,,,,,,,,,,,bounded_preclose_bid_ask,,,,False,not_requested_for_horizon_or_variant,,,,event,protective_put,100,completed,93.87,86.36,False,-751.0,H24,1,AMD,151.2638,primary,0.039493208943114165,18.355307272690137,2022
0.04445785556226112,2022-05-09,87,009b28fb3afd032904f88547,time_value,5.1815999999999995,O:AMD220819P00095000,1,1,2022-05-04,2022-05-04,107,0.08750754375377187,84,0.0,0.08115625865558751,2022-05-05,85,True,2022-05-09,87,2022-05-04,235,153129770.0,2022-05-09,scheduled_exit,87,2022-08-19,"{""market_momentum"": -0.060726795096322284, ""market_volatility"": 0.016889899760687364, ""momentum"": -0.1005156970958111, ""volatility"": 0.039493208943114165, ""volume_state"": 18.355307272690137}",assumed_next_daily_close,9387.0,2,0000002488,0,-0.060726795096322284,0.016889899760687364,-0.1005156970958111,-761.8138,-0.08115625865558751,5.632199999999999,11.8,0.0,-0.0,609218fc08b4309035443ace,True,0.0024630541871921183,406,1.0374431039487635e-06,96390828.2,,,,,,,,,,,,,,,,,,,,,,,,,,,,,,,,,,,,,,,,,,,,bounded_preclose_bid_ask,,,,False,not_requested_for_horizon_or_variant,,,,event,protective_put,100,completed,93.87,86.36,True,-751.0,H24,1,AMD,10.813799999999999,primary,0.039493208943114165,18.355307272690137,2022
0.04445785556226112,2022-05-10,88,009b28fb3afd032904f88547,time_value,78.72380000000001,O:AMD220819P00095000,1,1,2022-05-04,2022-05-04,107,0.08750754375377187,84,0.0,0.05105612016618724,2022-05-05,85,True,2022-05-10,88,2022-05-04,235,153129770.0,2022-05-10,scheduled_exit,88,2022-08-19,"{""market_momentum"": -0.060726795096322284, ""market_volatility"": 0.016889899760687364, ""momentum"": -0.1005156970958111, ""volatility"": 0.039493208943114165, ""volume_state"": 18.355307272690137}",assumed_next_daily_close,9387.0,3,0000002488,0,-0.060726795096322284,0.016889899760687364,-0.1005156970958111,-383.006,-0.040801747097049104,65.2822,11.8,14.55,275.0,609218fc08b4309035443ace,True,0.0024630541871921183,406,1.0374431039487635e-06,96390828.2,,,,,,,,,,,,,,,,,,,,,,,,,,,,,,,,,,,,,,,,,,,,bounded_preclose_bid_ask,,,,False,not_requested_for_horizon_or_variant,,,,event,protective_put,100,completed,93.87,88.73,False,-514.0,H24,1,AMD,144.00600000000003,primary,0.039493208943114165,18.355307272690137,2022
0.04445785556226112,2022-05-10,88,009b28fb3afd032904f88547,time_value,5.323799999999999,O:AMD220819P00095000,1,1,2022-05-04,2022-05-04,107,0.08750754375377187,84,0.0,0.08115625865558751,2022-05-05,85,True,2022-05-10,88,2022-05-04,235,153129770.0,2022-05-10,scheduled_exit,88,2022-08-19,"{""market_momentum"": -0.060726795096322284, ""market_volatility"": 0.016889899760687364, ""momentum"": -0.1005156970958111, ""volatility"": 0.039493208943114165, ""volume_state"": 18.355307272690137}",assumed_next_daily_close,9387.0,3,0000002488,0,-0.060726795096322284,0.016889899760687364,-0.1005156970958111,-524.956,-0.05592372429956323,5.632199999999999,11.8,0.0,-0.0,609218fc08b4309035443ace,True,0.0024630541871921183,406,1.0374431039487635e-06,96390828.2,,,,,,,,,,,,,,,,,,,,,,,,,,,,,,,,,,,,,,,,,,,,bounded_preclose_bid_ask,,,,False,not_requested_for_horizon_or_variant,,,,event,protective_put,100,completed,93.87,88.73,True,-514.0,H24,1,AMD,10.956,primary,0.039493208943114165,18.355307272690137,2022
0.04445785556226112,2022-05-12,90,009b28fb3afd032904f88547,time_value,84.47360000000002,O:AMD220819P00095000,1,1,2022-05-04,2022-05-04,107,0.08750754375377187,84,0.0,0.05105612016618724,2022-05-05,85,True,2022-05-12,90,2022-05-04,235,153129770.0,2022-05-12,scheduled_exit,90,2022-08-19,"{""market_momentum"": -0.060726795096322284, ""market_volatility"": 0.016889899760687364, ""momentum"": -0.1005156970958111, ""volatility"": 0.039493208943114165, ""volume_state"": 18.355307272690137}",assumed_next_daily_close,9387.0,5,0000002488,0,-0.060726795096322284,0.016889899760687364,-0.1005156970958111,-438.7558,-0.04674079045488442,65.2822,11.8,15.72,392.0,609218fc08b4309035443ace,True,0.0024630541871921183,406,1.0374431039487635e-06,96390828.2,,,,,,,,,,,,,,,,,,,,,,,,,,,,,,,,,,,,,,,,,,,,bounded_preclose_bid_ask,,,,False,not_requested_for_horizon_or_variant,,,,event,protective_put,100,completed,93.87,87.06,False,-681.0,H24,1,AMD,149.75580000000002,primary,0.039493208943114165,18.355307272690137,2022
0.04445785556226112,2022-05-12,90,009b28fb3afd032904f88547,time_value,5.223599999999999,O:AMD220819P00095000,1,1,2022-05-04,2022-05-04,107,0.08750754375377187,84,0.0,0.08115625865558751,2022-05-05,85,True,2022-05-12,90,2022-05-04,235,153129770.0,2022-05-12,scheduled_exit,90,2022-08-19,"{""market_momentum"": -0.060726795096322284, ""market_volatility"": 0.016889899760687364, ""momentum"": -0.1005156970958111, ""volatility"": 0.039493208943114165, ""volume_state"": 18.355307272690137}",assumed_next_daily_close,9387.0,5,0000002488,0,-0.060726795096322284,0.016889899760687364,-0.1005156970958111,-691.8558,-0.07370361137743689,5.632199999999999,11.8,0.0,-0.0,609218fc08b4309035443ace,True,0.0024630541871921183,406,1.0374431039487635e-06,96390828.2,,,,,,,,,,,,,,,,,,,,,,,,,,,,,,,,,,,,,,,,,,,,bounded_preclose_bid_ask,,,,False,not_requested_for_horizon_or_variant,,,,event,protective_put,100,completed,93.87,87.06,True,-681.0,H24,1,AMD,10.855799999999999,primary,0.039493208943114165,18.355307272690137,2022
0.04445785556226112,2022-05-19,95,009b28fb3afd032904f88547,time_value,58.3002,O:AMD220819P00095000,1,1,2022-05-04,2022-05-04,107,0.08750754375377187,84,0.0,0.05105612016618724,2022-05-05,85,True,2022-05-19,95,2022-05-04,235,153129770.0,2022-05-19,scheduled_exit,95,2022-08-19,"{""market_momentum"": -0.060726795096322284, ""market_volatility"": 0.016889899760687364, ""momentum"": -0.1005156970958111, ""volatility"": 0.039493208943114165, ""volume_state"": 18.355307272690137}",assumed_next_daily_close,9387.0,10,0000002488,0,-0.060726795096322284,0.016889899760687364,-0.1005156970958111,13.417599999999858,0.0014293810589112452,65.2822,11.8,10.37,-143.00000000000014,609218fc08b4309035443ace,True,0.0024630541871921183,406,1.0374431039487635e-06,96390828.2,True,1.73782912,8.85,29,8.7,6,0.017094017094017137,0.209246691,99.48,9200,99.43,2600,0.0005027399326328203,8,,12.35,0.111413248,12.35,10,11.25,1,0.09322033898305081,94.04,0.257393243,94.04,100,93.89,1500,0.0015963390624169178,10.35,0.225148416,10.5,58,10.35,8,0.014388489208633127,96.62,0.000624964,96.64,1300,96.62,28500,0.00020697505950528845,bounded_preclose_bid_ask,30.186799999999828,0.003209995746490837,-200.0,False,completed_bounded_proxy,257.99999999999983,27.813200000000002,,event,protective_put,100,completed,93.87,96.67,False,280.0,H24,1,AMD,123.5824,primary,0.039493208943114165,18.355307272690137,2022
0.04445785556226112,2022-05-19,95,009b28fb3afd032904f88547,time_value,5.800199999999999,O:AMD220819P00095000,1,1,2022-05-04,2022-05-04,107,0.08750754375377187,84,0.0,0.08115625865558751,2022-05-05,85,True,2022-05-19,95,2022-05-04,235,153129770.0,2022-05-19,scheduled_exit,95,2022-08-19,"{""market_momentum"": -0.060726795096322284, ""market_volatility"": 0.016889899760687364, ""momentum"": -0.1005156970958111, ""volatility"": 0.039493208943114165, ""volume_state"": 18.355307272690137}",assumed_next_daily_close,9387.0,10,0000002488,0,-0.060726795096322284,0.016889899760687364,-0.1005156970958111,268.56759999999997,0.028610589112602534,5.632199999999999,11.8,0.0,-0.0,609218fc08b4309035443ace,True,0.0024630541871921183,406,1.0374431039487635e-06,96390828.2,True,1.73782912,8.85,29,8.7,6,0.017094017094017137,0.209246691,99.48,9200,99.43,2600,0.0005027399326328203,8,,0.0,0.111413248,12.35,10,11.25,1,0.09322033898305081,94.04,0.257393243,94.04,100,93.89,1500,0.0015963390624169178,0.0,0.225148416,10.5,58,10.35,8,0.014388489208633127,96.62,0.000624964,96.64,1300,96.62,28500,0.00020697505950528845,bounded_preclose_bid_ask,254.18679999999983,0.027029646958740945,0.0,False,completed_bounded_proxy,257.99999999999983,3.813200000000001,,event,protective_put,100,completed,93.87,96.67,True,280.0,H24,1,AMD,11.432399999999998,primary,0.039493208943114165,18.355307272690137,2022
0.04445785556226112,2022-06-06,106,009b28fb3afd032904f88547,time_value,38.739,O:AMD220819P00095000,1,1,2022-05-04,2022-05-04,107,0.08750754375377187,84,0.0,0.05105612016618724,2022-05-05,85,True,2022-06-06,106,2022-05-04,235,153129770.0,2022-06-06,scheduled_exit,106,2022-08-19,"{""market_momentum"": -0.060726795096322284, ""market_volatility"": 0.016889899760687364, ""momentum"": -0.1005156970958111, ""volatility"": 0.039493208943114165, ""volume_state"": 18.355307272690137}",assumed_next_daily_close,9387.0,21,0000002488,0,-0.060726795096322284,0.016889899760687364,-0.1005156970958111,528.9787999999999,0.056352274422073065,65.2822,11.8,6.35,-545.0000000000001,609218fc08b4309035443ace,True,0.0024630541871921183,406,1.0374431039487635e-06,96390828.2,,,,,,,,,,,,,,,,,,,,,,,,,,,,,,,,,,,,,,,,,,,,bounded_preclose_bid_ask,,,,False,not_requested_for_horizon_or_variant,,,,event,protective_put,100,completed,93.87,105.65,False,1178.0,H24,1,AMD,104.0212,primary,0.039493208943114165,18.355307272690137,2022
0.04445785556226112,2022-06-06,106,009b28fb3afd032904f88547,time_value,6.3389999999999995,O:AMD220819P00095000,1,1,2022-05-04,2022-05-04,107,0.08750754375377187,84,0.0,0.08115625865558751,2022-05-05,85,True,2022-06-06,106,2022-05-04,235,153129770.0,2022-06-06,scheduled_exit,106,2022-08-19,"{""market_momentum"": -0.060726795096322284, ""market_volatility"": 0.016889899760687364, ""momentum"": -0.1005156970958111, ""volatility"": 0.039493208943114165, ""volume_state"": 18.355307272690137}",assumed_next_daily_close,9387.0,21,0000002488,0,-0.060726795096322284,0.016889899760687364,-0.1005156970958111,1166.0288,0.12421740705230638,5.632199999999999,11.8,0.0,-0.0,609218fc08b4309035443ace,True,0.0024630541871921183,406,1.0374431039487635e-06,96390828.2,,,,,,,,,,,,,,,,,,,,,,,,,,,,,,,,,,,,,,,,,,,,bounded_preclose_bid_ask,,,,False,not_requested_for_horizon_or_variant,,,,event,protective_put,100,completed,93.87,105.65,True,1178.0,H24,1,AMD,11.9712,primary,0.039493208943114165,18.355307272690137,2022
0.04445785556226112,2022-07-07,127,009b28fb3afd032904f88547,time_value,88.70800000000001,O:AMD220819P00095000,1,1,2022-05-04,2022-05-04,107,0.08750754375377187,84,0.0,0.12951456269308614,2022-05-05,85,True,2022-07-07,127,2022-05-04,235,153129770.0,2022-07-07,scheduled_exit,127,2022-08-19,"{""market_momentum"": -0.060726795096322284, ""market_volatility"": 0.016889899760687364, ""momentum"": -0.1005156970958111, ""volatility"": 0.039493208943114165, ""volume_state"": 18.355307272690137}",assumed_next_daily_close,9387.0,42,0000002488,0,-0.060726795096322284,0.016889899760687364,-0.1005156970958111,-1124.9902000000002,-0.11984555235964633,65.2822,11.8,16.66,485.99999999999994,609218fc08b4309035443ace,True,0.0024630541871921183,406,1.0374431039487635e-06,96390828.2,,,,,,,,,,,,,,,,,,,,,,,,,,,,,,,,,,,,,,,,,,,,bounded_preclose_bid_ask,,,,False,not_requested_for_horizon_or_variant,,,,event,protective_put,100,completed,93.87,79.3,False,-1457.0,H24,1,AMD,153.99020000000002,primary,0.039493208943114165,18.355307272690137,2022
0.04445785556226112,2022-07-07,127,009b28fb3afd032904f88547,time_value,4.758,O:AMD220819P00095000,1,1,2022-05-04,2022-05-04,107,0.08750754375377187,84,0.0,0.21626210716948974,2022-05-05,85,True,2022-07-07,127,2022-05-04,235,153129770.0,2022-07-07,scheduled_exit,127,2022-08-19,"{""market_momentum"": -0.060726795096322284, ""market_volatility"": 0.016889899760687364, ""momentum"": -0.1005156970958111, ""volatility"": 0.039493208943114165, ""volume_state"": 18.355307272690137}",assumed_next_daily_close,9387.0,42,0000002488,0,-0.060726795096322284,0.016889899760687364,-0.1005156970958111,-1467.3902,-0.15632152977522107,5.632199999999999,11.8,0.0,-0.0,609218fc08b4309035443ace,True,0.0024630541871921183,406,1.0374431039487635e-06,96390828.2,,,,,,,,,,,,,,,,,,,,,,,,,,,,,,,,,,,,,,,,,,,,bounded_preclose_bid_ask,,,,False,not_requested_for_horizon_or_variant,,,,event,protective_put,100,completed,93.87,79.3,True,-1457.0,H24,1,AMD,10.3902,primary,0.039493208943114165,18.355307272690137,2022
0.04445785556226112,2022-08-05,148,009b28fb3afd032904f88547,time_value,12.2886,O:AMD220819P00095000,1,1,2022-05-04,2022-05-04,107,0.08750754375377187,84,0.0,0.13312551400873546,2022-05-05,85,True,2022-08-05,148,2022-05-04,235,153129770.0,2022-08-05,scheduled_exit,148,2022-08-19,"{""market_momentum"": -0.060726795096322284, ""market_volatility"": 0.016889899760687364, ""momentum"": -0.1005156970958111, ""volatility"": 0.039493208943114165, ""volume_state"": 18.355307272690137}",assumed_next_daily_close,9387.0,63,0000002488,0,-0.060726795096322284,0.016889899760687364,-0.1005156970958111,-303.57079999999996,-0.032339490785128364,65.2822,11.8,1.1,-1070.0,609218fc08b4309035443ace,True,0.0024630541871921183,406,1.0374431039487635e-06,96390828.2,,,,,,,,,,,,,,,,,,,,,,,,,,,,,,,,,,,,,,,,,,,,bounded_preclose_bid_ask,,,,False,not_requested_for_horizon_or_variant,,,,event,protective_put,100,completed,93.87,102.31,False,844.0,H24,1,AMD,77.5708,primary,0.039493208943114165,18.355307272690137,2022
0.04445785556226112,2022-08-05,148,009b28fb3afd032904f88547,time_value,6.138599999999999,O:AMD220819P00095000,1,1,2022-05-04,2022-05-04,107,0.08750754375377187,84,0.0,0.21626210716948974,2022-05-05,85,True,2022-08-05,148,2022-05-04,235,153129770.0,2022-08-05,scheduled_exit,148,2022-08-19,"{""market_momentum"": -0.060726795096322284, ""market_volatility"": 0.016889899760687364, ""momentum"": -0.1005156970958111, ""volatility"": 0.039493208943114165, ""volume_state"": 18.355307272690137}",assumed_next_daily_close,9387.0,63,0000002488,0,-0.060726795096322284,0.016889899760687364,-0.1005156970958111,832.2292,0.08865763289655908,5.632199999999999,11.8,0.0,-0.0,609218fc08b4309035443ace,True,0.0024630541871921183,406,1.0374431039487635e-06,96390828.2,,,,,,,,,,,,,,,,,,,,,,,,,,,,,,,,,,,,,,,,,,,,bounded_preclose_bid_ask,,,,False,not_requested_for_horizon_or_variant,,,,event,protective_put,100,completed,93.87,102.31,True,844.0,H24,1,AMD,11.770799999999998,primary,0.039493208943114165,18.355307272690137,2022
0.04445785556226112,2022-08-19,158,009b28fb3afd032904f88547,time_value,6.407,O:AMD220819P00095000,1,1,2022-05-04,2022-05-04,107,0.08750754375377187,84,0.0,0.13312551400873546,2022-05-05,85,True,2022-08-19,158,2022-05-04,235,153129770.0,2022-08-19,expiry_worthless,158,2022-08-19,"{""market_momentum"": -0.060726795096322284, ""market_volatility"": 0.016889899760687364, ""momentum"": -0.1005156970958111, ""volatility"": 0.039493208943114165, ""volume_state"": 18.355307272690137}",assumed_next_daily_close,9387.0,expiry,0000002488,0,-0.060726795096322284,0.016889899760687364,-0.1005156970958111,-1043.6892,-0.11118453179929691,65.2822,11.8,0.0,-1180.0,609218fc08b4309035443ace,True,0.0024630541871921183,406,1.0374431039487635e-06,96390828.2,,,,,,,,,,,,,,,,,,,,,,,,,,,,,,,,,,,,,,,,,,,,bounded_preclose_bid_ask,,,,False,not_requested_for_horizon_or_variant,,,,event,protective_put,100,completed,93.87,95.95,False,208.0,H24,1,AMD,71.6892,primary,0.039493208943114165,18.355307272690137,2022
0.04445785556226112,2022-08-19,158,009b28fb3afd032904f88547,time_value,5.757,O:AMD220819P00095000,1,1,2022-05-04,2022-05-04,107,0.08750754375377187,84,0.0,0.21626210716948974,2022-05-05,85,True,2022-08-19,158,2022-05-04,235,153129770.0,2022-08-19,scheduled_exit,158,2022-08-19,"{""market_momentum"": -0.060726795096322284, ""market_volatility"": 0.016889899760687364, ""momentum"": -0.1005156970958111, ""volatility"": 0.039493208943114165, ""volume_state"": 18.355307272690137}",assumed_next_daily_close,9387.0,expiry,0000002488,0,-0.060726795096322284,0.016889899760687364,-0.1005156970958111,196.61079999999998,0.020945009055076166,5.632199999999999,11.8,0.0,-0.0,609218fc08b4309035443ace,True,0.0024630541871921183,406,1.0374431039487635e-06,96390828.2,,,,,,,,,,,,,,,,,,,,,,,,,,,,,,,,,,,,,,,,,,,,bounded_preclose_bid_ask,,,,False,not_requested_for_horizon_or_variant,,,,event,protective_put,100,completed,93.87,95.95,True,208.0,H24,1,AMD,11.389199999999999,primary,0.039493208943114165,18.355307272690137,2022
0.04502697798787192,2023-06-29,373,02fa24802c0bdd10b3163142,time_value,49.1098,O:BA231020P00200000,1,1,2023-06-27,2023-06-27,115,0.03963138041350332,371,0.0,0.0048921032649962065,2023-06-28,372,True,2023-06-29,373,2024-05-20,3,4276103.0,2023-06-29,scheduled_exit,373,2023-10-20,"{""market_momentum"": 0.051899192089714274, ""market_volatility"": 0.007398965935061592, ""momentum"": 0.042614626375267584, ""volatility"": 0.017154464937100523, ""volume_state"": 15.646359611479976}",assumed_next_daily_close,21072.0,1,0000012927,0,0.051899192089714274,0.007398965935061592,0.042614626375267584,-39.653,-0.0018817862566438877,51.5432,7.65,7.15,-50.0,fe481c1fe43af21879e11b0a,True,0.006172839506172839,162,1.643002393657327e-05,6086418.4,,,,,,,,,,,,,,,,,,,,,,,,,,,,,,,,,,,,,,,,,,,,bounded_preclose_bid_ask,,,,False,not_requested_for_horizon_or_variant,,,,ordinary,protective_put,100,completed,210.72,211.83,False,111.0,H24,1,BA,100.65299999999999,primary,0.017154464937100523,15.646359611479976,2023
0.04502697798787192,2023-06-29,373,02fa24802c0bdd10b3163142,time_value,12.7098,O:BA231020P00200000,1,1,2023-06-27,2023-06-27,115,0.03963138041350332,371,0.0,0.0011999999999999342,2023-06-28,372,True,2023-06-29,373,2024-05-20,3,4276103.0,2023-06-29,scheduled_exit,373,2023-10-20,"{""market_momentum"": 0.051899192089714274, ""market_volatility"": 0.007398965935061592, ""momentum"": 0.042614626375267584, ""volatility"": 0.017154464937100523, ""volume_state"": 15.646359611479976}",assumed_next_daily_close,21072.0,1,0000012927,0,0.051899192089714274,0.007398965935061592,0.042614626375267584,85.647,0.004064493166287016,12.643199999999998,7.65,0.0,-0.0,fe481c1fe43af21879e11b0a,True,0.006172839506172839,162,1.643002393657327e-05,6086418.4,,,,,,,,,,,,,,,,,,,,,,,,,,,,,,,,,,,,,,,,,,,,bounded_preclose_bid_ask,,,,False,not_requested_for_horizon_or_variant,,,,ordinary,protective_put,100,completed,210.72,211.83,True,111.0,H24,1,BA,25.352999999999998,primary,0.017154464937100523,15.646359611479976,2023
0.04502697798787192,2023-06-30,374,02fa24802c0bdd10b3163142,time_value,48.9196,O:BA231020P00200000,1,1,2023-06-27,2023-06-27,115,0.03963138041350332,371,0.0,0.005194703872437359,2023-06-28,372,True,2023-06-30,374,2024-05-20,3,4276103.0,2023-06-30,scheduled_exit,374,2023-10-20,"{""market_momentum"": 0.051899192089714274, ""market_volatility"": 0.007398965935061592, ""momentum"": 0.042614626375267584, ""volatility"": 0.017154464937100523, ""volume_state"": 15.646359611479976}",assumed_next_daily_close,21072.0,2,0000012927,0,0.051899192089714274,0.007398965935061592,0.042614626375267584,-109.46280000000003,-0.005194703872437359,51.5432,7.65,7.12,-53.00000000000003,fe481c1fe43af21879e11b0a,True,0.006172839506172839,162,1.643002393657327e-05,6086418.4,,,,,,,,,,,,,,,,,,,,,,,,,,,,,,,,,,,,,,,,,,,,bounded_preclose_bid_ask,,,,False,not_requested_for_horizon_or_variant,,,,ordinary,protective_put,100,completed,210.72,211.16,False,44.0,H24,1,BA,100.4628,primary,0.017154464937100523,15.646359611479976,2023
0.04502697798787192,2023-06-30,374,02fa24802c0bdd10b3163142,time_value,12.669599999999999,O:BA231020P00200000,1,1,2023-06-27,2023-06-27,115,0.03963138041350332,371,0.0,0.0011999999999999342,2023-06-28,372,True,2023-06-30,374,2024-05-20,3,4276103.0,2023-06-30,scheduled_exit,374,2023-10-20,"{""market_momentum"": 0.051899192089714274, ""market_volatility"": 0.007398965935061592, ""momentum"": 0.042614626375267584, ""volatility"": 0.017154464937100523, ""volume_state"": 15.646359611479976}",assumed_next_daily_close,21072.0,2,0000012927,0,0.051899192089714274,0.007398965935061592,0.042614626375267584,18.6872,0.0008868261199696279,12.643199999999998,7.65,0.0,-0.0,fe481c1fe43af21879e11b0a,True,0.006172839506172839,162,1.643002393657327e-05,6086418.4,,,,,,,,,,,,,,,,,,,,,,,,,,,,,,,,,,,,,,,,,,,,bounded_preclose_bid_ask,,,,False,not_requested_for_horizon_or_variant,,,,ordinary,protective_put,100,completed,210.72,211.16,True,44.0,H24,1,BA,25.312799999999996,primary,0.017154464937100523,15.646359611479976,2023
0.04502697798787192,2023-07-03,375,02fa24802c0bdd10b3163142,time_value,49.0552,O:BA231020P00200000,1,1,2023-06-27,2023-06-27,115,0.03963138041350332,371,0.0,0.006197722095671982,2023-06-28,372,True,2023-07-03,375,2024-05-20,3,4276103.0,2023-07-03,scheduled_exit,375,2023-10-20,"{""market_momentum"": 0.051899192089714274, ""market_volatility"": 0.007398965935061592, ""momentum"": 0.042614626375267584, ""volatility"": 0.017154464937100523, ""volume_state"": 15.646359611479976}",assumed_next_daily_close,21072.0,3,0000012927,0,0.051899192089714274,0.007398965935061592,0.042614626375267584,-130.5984,-0.006197722095671982,51.5432,7.65,7.15,-50.0,fe481c1fe43af21879e11b0a,True,0.006172839506172839,162,1.643002393657327e-05,6086418.4,,,,,,,,,,,,,,,,,,,,,,,,,,,,,,,,,,,,,,,,,,,,bounded_preclose_bid_ask,,,,False,not_requested_for_horizon_or_variant,,,,ordinary,protective_put,100,completed,210.72,210.92,False,20.0,H24,1,BA,100.5984,primary,0.017154464937100523,15.646359611479976,2023
0.04502697798787192,2023-07-03,375,02fa24802c0bdd10b3163142,time_value,12.655199999999999,O:BA231020P00200000,1,1,2023-06-27,2023-06-27,115,0.03963138041350332,371,0.0,0.0011999999999999342,2023-06-28,372,True,2023-07-03,375,2024-05-20,3,4276103.0,2023-07-03,scheduled_exit,375,2023-10-20,"{""market_momentum"": 0.051899192089714274, ""market_volatility"": 0.007398965935061592, ""momentum"": 0.042614626375267584, ""volatility"": 0.017154464937100523, ""volume_state"": 15.646359611479976}",assumed_next_daily_close,21072.0,3,0000012927,0,0.051899192089714274,0.007398965935061592,0.042614626375267584,-5.298399999999997,-0.00025144267274107806,12.643199999999998,7.65,0.0,-0.0,fe481c1fe43af21879e11b0a,True,0.006172839506172839,162,1.643002393657327e-05,6086418.4,,,,,,,,,,,,,,,,,,,,,,,,,,,,,,,,,,,,,,,,,,,,bounded_preclose_bid_ask,,,,False,not_requested_for_horizon_or_variant,,,,ordinary,protective_put,100,completed,210.72,210.92,True,20.0,H24,1,BA,25.298399999999997,primary,0.017154464937100523,15.646359611479976,2023
0.04502697798787192,2023-07-06,377,02fa24802c0bdd10b3163142,time_value,52.407199999999996,O:BA231020P00200000,1,1,2023-06-27,2023-06-27,115,0.03963138041350332,371,0.0,0.006197722095671986,2023-06-28,372,True,2023-07-06,377,2024-05-20,3,4276103.0,2023-07-06,scheduled_exit,377,2023-10-20,"{""market_momentum"": 0.051899192089714274, ""market_volatility"": 0.007398965935061592, ""momentum"": 0.042614626375267584, ""volatility"": 0.017154464937100523, ""volume_state"": 15.646359611479976}",assumed_next_daily_close,21072.0,5,0000012927,0,0.051899192089714274,0.007398965935061592,0.042614626375267584,101.04959999999994,0.004795444191343961,51.5432,7.65,7.8,14.999999999999947,fe481c1fe43af21879e11b0a,True,0.006172839506172839,162,1.643002393657327e-05,6086418.4,,,,,,,,,,,,,,,,,,,,,,,,,,,,,,,,,,,,,,,,,,,,bounded_preclose_bid_ask,,,,False,not_requested_for_horizon_or_variant,,,,ordinary,protective_put,100,completed,210.72,212.62,False,190.0,H24,1,BA,103.9504,primary,0.017154464937100523,15.646359611479976,2023
0.04502697798787192,2023-07-06,377,02fa24802c0bdd10b3163142,time_value,12.7572,O:BA231020P00200000,1,1,2023-06-27,2023-06-27,115,0.03963138041350332,371,0.0,0.0011999999999999342,2023-06-28,372,True,2023-07-06,377,2024-05-20,3,4276103.0,2023-07-06,scheduled_exit,377,2023-10-20,"{""market_momentum"": 0.051899192089714274, ""market_volatility"": 0.007398965935061592, ""momentum"": 0.042614626375267584, ""volatility"": 0.017154464937100523, ""volume_state"": 15.646359611479976}",assumed_next_daily_close,21072.0,5,0000012927,0,0.051899192089714274,0.007398965935061592,0.042614626375267584,164.59959999999998,0.007811294608959756,12.643199999999998,7.65,0.0,-0.0,fe481c1fe43af21879e11b0a,True,0.006172839506172839,162,1.643002393657327e-05,6086418.4,,,,,,,,,,,,,,,,,,,,,,,,,,,,,,,,,,,,,,,,,,,,bounded_preclose_bid_ask,,,,False,not_requested_for_horizon_or_variant,,,,ordinary,protective_put,100,completed,210.72,212.62,True,190.0,H24,1,BA,25.400399999999998,primary,0.017154464937100523,15.646359611479976,2023
0.04502697798787192,2023-07-13,382,02fa24802c0bdd10b3163142,time_value,39.161,O:BA231020P00200000,1,1,2023-06-27,2023-06-27,115,0.03963138041350332,371,0.0,0.006197722095671986,2023-06-28,372,True,2023-07-13,382,2024-05-20,3,4276103.0,2023-07-13,scheduled_exit,382,2023-10-20,"{""market_momentum"": 0.051899192089714274, ""market_volatility"": 0.007398965935061592, ""momentum"": 0.042614626375267584, ""volatility"": 0.017154464937100523, ""volume_state"": 15.646359611479976}",assumed_next_daily_close,21072.0,10,0000012927,0,0.051899192089714274,0.007398965935061592,0.042614626375267584,267.29579999999993,0.012684880410022775,51.5432,7.65,5.1,-255.00000000000006,fe481c1fe43af21879e11b0a,True,0.006172839506172839,162,1.643002393657327e-05,6086418.4,True,0.447887104,8.3,4,8.15,9,0.01823708206686934,0.00162432,209.41,14000,209.4,14000,4.775435161524751e-05,40,,7.85,1.236506624,7.85,40,7.7,1,0.01929260450160765,210.77,0.001144576,210.77,2100,210.76,1300,4.7446207861928346e-05,5.65,0.3902976,5.85,52,5.65,68,0.03478260869565205,216.92,0.000148736,216.93,100,216.92,5900,4.6098882102198114e-05,bounded_preclose_bid_ask,371.6461999999978,0.017632784551881095,-219.99999999999994,False,completed_bounded_proxy,614.9999999999977,23.3538,,ordinary,protective_put,100,completed,210.72,216.85,False,613.0,H24,1,BA,90.7042,primary,0.017154464937100523,15.646359611479976,2023
0.04502697798787192,2023-07-13,382,02fa24802c0bdd10b3163142,time_value,13.011,O:BA231020P00200000,1,1,2023-06-27,2023-06-27,115,0.03963138041350332,371,0.0,0.0011999999999999342,2023-06-28,372,True,2023-07-13,382,2024-05-20,3,4276103.0,2023-07-13,scheduled_exit,382,2023-10-20,"{""market_momentum"": 0.051899192089714274, ""market_volatility"": 0.007398965935061592, ""momentum"": 0.042614626375267584, ""volatility"": 0.017154464937100523, ""volume_state"": 15.646359611479976}",assumed_next_daily_close,21072.0,10,0000012927,0,0.051899192089714274,0.007398965935061592,0.042614626375267584,587.3458,0.027873282080485954,12.643199999999998,7.65,0.0,-0.0,fe481c1fe43af21879e11b0a,True,0.006172839506172839,162,1.643002393657327e-05,6086418.4,True,0.447887104,8.3,4,8.15,9,0.01823708206686934,0.00162432,209.41,14000,209.4,14000,4.775435161524751e-05,40,,0.0,1.236506624,7.85,40,7.7,1,0.01929260450160765,210.77,0.001144576,210.77,2100,210.76,1300,4.7446207861928346e-05,0.0,0.3902976,5.85,52,5.65,68,0.03478260869565205,216.92,0.000148736,216.93,100,216.92,5900,4.6098882102198114e-05,bounded_preclose_bid_ask,606.4461999999977,0.028772889879963834,0.0,False,completed_bounded_proxy,614.9999999999977,8.5538,,ordinary,protective_put,100,completed,210.72,216.85,True,613.0,H24,1,BA,25.654199999999996,primary,0.017154464937100523,15.646359611479976,2023
0.04502697798787192,2023-07-28,393,02fa24802c0bdd10b3163142,time_value,22.2714,O:BA231020P00200000,1,1,2023-06-27,2023-06-27,115,0.03963138041350332,371,0.0,0.014495975702353838,2023-06-28,372,True,2023-07-28,393,2024-05-20,3,4276103.0,2023-07-28,scheduled_exit,393,2023-10-20,"{""market_momentum"": 0.051899192089714274, ""market_volatility"": 0.007398965935061592, ""momentum"": 0.042614626375267584, ""volatility"": 0.017154464937100523, ""volume_state"": 15.646359611479976}",assumed_next_daily_close,21072.0,21,0000012927,0,0.051899192089714274,0.007398965935061592,0.042614626375267584,2104.1854,0.09985693811693241,51.5432,7.65,1.46,-619.0,fe481c1fe43af21879e11b0a,True,0.006172839506172839,162,1.643002393657327e-05,6086418.4,,,,,,,,,,,,,,,,,,,,,,,,,,,,,,,,,,,,,,,,,,,,bounded_preclose_bid_ask,,,,False,not_requested_for_horizon_or_variant,,,,ordinary,protective_put,100,completed,210.72,238.69,False,2797.0,H24,1,BA,73.8146,primary,0.017154464937100523,15.646359611479976,2023
0.04502697798787192,2023-07-28,393,02fa24802c0bdd10b3163142,time_value,14.321399999999999,O:BA231020P00200000,1,1,2023-06-27,2023-06-27,115,0.03963138041350332,371,0.0,0.011254707668944505,2023-06-28,372,True,2023-07-28,393,2024-05-20,3,4276103.0,2023-07-28,scheduled_exit,393,2023-10-20,"{""market_momentum"": 0.051899192089714274, ""market_volatility"": 0.007398965935061592, ""momentum"": 0.042614626375267584, ""volatility"": 0.017154464937100523, ""volume_state"": 15.646359611479976}",assumed_next_daily_close,21072.0,21,0000012927,0,0.051899192089714274,0.007398965935061592,0.042614626375267584,2770.0354,0.13145574221716022,12.643199999999998,7.65,0.0,-0.0,fe481c1fe43af21879e11b0a,True,0.006172839506172839,162,1.643002393657327e-05,6086418.4,,,,,,,,,,,,,,,,,,,,,,,,,,,,,,,,,,,,,,,,,,,,bounded_preclose_bid_ask,,,,False,not_requested_for_horizon_or_variant,,,,ordinary,protective_put,100,completed,210.72,238.69,True,2797.0,H24,1,BA,26.964599999999997,primary,0.017154464937100523,15.646359611479976,2023
0.04502697798787192,2023-08-28,414,02fa24802c0bdd10b3163142,time_value,23.123599999999996,O:BA231020P00200000,1,1,2023-06-27,2023-06-27,115,0.03963138041350332,371,0.0,0.014495975702353838,2023-06-28,372,True,2023-08-28,414,2024-05-20,3,4276103.0,2023-08-28,scheduled_exit,414,2023-10-20,"{""market_momentum"": 0.051899192089714274, ""market_volatility"": 0.007398965935061592, ""momentum"": 0.042614626375267584, ""volatility"": 0.017154464937100523, ""volume_state"": 15.646359611479976}",assumed_next_daily_close,21072.0,42,0000012927,0,0.051899192089714274,0.007398965935061592,0.042614626375267584,971.3332,0.046095918754745634,51.5432,7.65,1.77,-588.0000000000001,fe481c1fe43af21879e11b0a,True,0.006172839506172839,162,1.643002393657327e-05,6086418.4,,,,,,,,,,,,,,,,,,,,,,,,,,,,,,,,,,,,,,,,,,,,bounded_preclose_bid_ask,,,,False,not_requested_for_horizon_or_variant,,,,ordinary,protective_put,100,completed,210.72,227.06,False,1634.0,H24,1,BA,74.6668,primary,0.017154464937100523,15.646359611479976,2023
0.04502697798787192,2023-08-28,414,02fa24802c0bdd10b3163142,time_value,13.623599999999998,O:BA231020P00200000,1,1,2023-06-27,2023-06-27,115,0.03963138041350332,371,0.0,0.011254707668944505,2023-06-28,372,True,2023-08-28,414,2024-05-20,3,4276103.0,2023-08-28,scheduled_exit,414,2023-10-20,"{""market_momentum"": 0.051899192089714274, ""market_volatility"": 0.007398965935061592, ""momentum"": 0.042614626375267584, ""volatility"": 0.017154464937100523, ""volume_state"": 15.646359611479976}",assumed_next_daily_close,21072.0,42,0000012927,0,0.051899192089714274,0.007398965935061592,0.042614626375267584,1607.7332000000001,0.07629713363705391,12.643199999999998,7.65,0.0,-0.0,fe481c1fe43af21879e11b0a,True,0.006172839506172839,162,1.643002393657327e-05,6086418.4,,,,,,,,,,,,,,,,,,,,,,,,,,,,,,,,,,,,,,,,,,,,bounded_preclose_bid_ask,,,,False,not_requested_for_horizon_or_variant,,,,ordinary,protective_put,100,completed,210.72,227.06,True,1634.0,H24,1,BA,26.266799999999996,primary,0.017154464937100523,15.646359611479976,2023
0.04502697798787192,2023-09-27,435,02fa24802c0bdd10b3163142,time_value,53.8776,O:BA231020P00200000,1,1,2023-06-27,2023-06-27,115,0.03963138041350332,371,0.0,0.07551165527714503,2023-06-28,372,True,2023-09-27,435,2024-05-20,3,4276103.0,2023-09-27,scheduled_exit,435,2023-10-20,"{""market_momentum"": 0.051899192089714274, ""market_volatility"": 0.007398965935061592, ""momentum"": 0.042614626375267584, ""volatility"": 0.017154464937100523, ""volume_state"": 15.646359611479976}",assumed_next_daily_close,21072.0,63,0000012927,0,0.051899192089714274,0.007398965935061592,0.042614626375267584,-1566.4208,-0.07433659832953683,51.5432,7.65,8.3,65.00000000000003,fe481c1fe43af21879e11b0a,True,0.006172839506172839,162,1.643002393657327e-05,6086418.4,,,,,,,,,,,,,,,,,,,,,,,,,,,,,,,,,,,,,,,,,,,,bounded_preclose_bid_ask,,,,False,not_requested_for_horizon_or_variant,,,,ordinary,protective_put,100,completed,210.72,195.46,False,-1526.0,H24,1,BA,105.4208,primary,0.017154464937100523,15.646359611479976,2023
0.04502697798787192,2023-09-27,435,02fa24802c0bdd10b3163142,time_value,11.727599999999999,O:BA231020P00200000,1,1,2023-06-27,2023-06-27,115,0.03963138041350332,371,0.0,0.07357492406985573,2023-06-28,372,True,2023-09-27,435,2024-05-20,3,4276103.0,2023-09-27,scheduled_exit,435,2023-10-20,"{""market_momentum"": 0.051899192089714274, ""market_volatility"": 0.007398965935061592, ""momentum"": 0.042614626375267584, ""volatility"": 0.017154464937100523, ""volume_state"": 15.646359611479976}",assumed_next_daily_close,21072.0,63,0000012927,0,0.051899192089714274,0.007398965935061592,0.042614626375267584,-1550.3708,-0.07357492406985573,12.643199999999998,7.65,0.0,-0.0,fe481c1fe43af21879e11b0a,True,0.006172839506172839,162,1.643002393657327e-05,6086418.4,,,,,,,,,,,,,,,,,,,,,,,,,,,,,,,,,,,,,,,,,,,,bounded_preclose_bid_ask,,,,False,not_requested_for_horizon_or_variant,,,,ordinary,protective_put,100,completed,210.72,195.46,True,-1526.0,H24,1,BA,24.370799999999996,primary,0.017154464937100523,15.646359611479976,2023
0.04502697798787192,2023-10-20,452,02fa24802c0bdd10b3163142,time_value,12.649999999999999,O:BA231020P00200000,1,1,2023-06-27,2023-06-27,115,0.03963138041350332,371,0.0,0.09443861996962795,2023-06-28,372,True,2023-10-20,452,2024-05-20,3,4276103.0,2023-10-20,modelled_physical_expiry,452,2023-10-20,"{""market_momentum"": 0.051899192089714274, ""market_volatility"": 0.007398965935061592, ""momentum"": 0.042614626375267584, ""volatility"": 0.017154464937100523, ""volume_state"": 15.646359611479976}",assumed_next_daily_close,21072.0,expiry,0000012927,0,0.051899192089714274,0.007398965935061592,0.042614626375267584,-1901.1932000000002,-0.09022367122247534,51.5432,7.65,0.0,-765.0,fe481c1fe43af21879e11b0a,True,0.006172839506172839,162,1.643002393657327e-05,6086418.4,,,,,,,,,,,,,,,,,,,,,,,,,,,,,,,,,,,,,,,,,,,,bounded_preclose_bid_ask,,,,False,not_requested_for_horizon_or_variant,,,,ordinary,protective_put,100,completed,210.72,200.0,False,-1072.0,H24,1,BA,64.19319999999999,primary,0.017154464937100523,15.646359611479976,2023
0.04502697798787192,2023-10-20,452,02fa24802c0bdd10b3163142,time_value,10.802399999999999,O:BA231020P00200000,1,1,2023-06-27,2023-06-27,115,0.03963138041350332,371,0.0,0.1467086940015186,2023-06-28,372,True,2023-10-20,452,2024-05-20,3,4276103.0,2023-10-20,scheduled_exit,452,2023-10-20,"{""market_momentum"": 0.051899192089714274, ""market_volatility"": 0.007398965935061592, ""momentum"": 0.042614626375267584, ""volatility"": 0.017154464937100523, ""volume_state"": 15.646359611479976}",assumed_next_daily_close,21072.0,expiry,0000012927,0,0.051899192089714274,0.007398965935061592,0.042614626375267584,-3091.4456,-0.1467086940015186,12.643199999999998,7.65,0.0,-0.0,fe481c1fe43af21879e11b0a,True,0.006172839506172839,162,1.643002393657327e-05,6086418.4,,,,,,,,,,,,,,,,,,,,,,,,,,,,,,,,,,,,,,,,,,,,bounded_preclose_bid_ask,,,,False,not_requested_for_horizon_or_variant,,,,ordinary,protective_put,100,completed,210.72,180.04,True,-3068.0,H24,1,BA,23.4456,primary,0.017154464937100523,15.646359611479976,2023
,,,066e6e7648e4dfbd348ef901,time_value,,,1,1,2023-05-31,2023-05-31,,,353,,,2023-06-01,354,False,,,2023-10-19,,,,,,,"{""market_momentum"": 0.005631633414358239, ""market_volatility"": 0.008057093704011132, ""momentum"": -0.16668788187372707, ""volatility"": 0.020020557857848346, ""volume_state"": 15.506978204823852}",assumed_next_daily_close,,1,0000027419,,0.005631633414358239,0.008057093704011132,-0.16668788187372707,,,,,,,5169e10cd3bea4a08cfe105e,False,,,,,,,,,,,,,,,,,,,,,,,,,,,,,,,,,,,,,,,,,,,,,,,,bounded_preclose_bid_ask,,,,False,not_requested_for_horizon_or_variant,,,no_standard_contract_within_rules,ordinary,covered_call,,no_standard_contract_within_rules,,,False,,H24,1,TGT,,primary,0.020020557857848346,15.506978204823852,2023
,,,066e6e7648e4dfbd348ef901,time_value,,,1,1,2023-05-31,2023-05-31,,,353,,,2023-06-01,354,False,,,2023-10-19,,,,,,,"{""market_momentum"": 0.005631633414358239, ""market_volatility"": 0.008057093704011132, ""momentum"": -0.16668788187372707, ""volatility"": 0.020020557857848346, ""volume_state"": 15.506978204823852}",assumed_next_daily_close,,1,0000027419,,0.005631633414358239,0.008057093704011132,-0.16668788187372707,,,,,,,5169e10cd3bea4a08cfe105e,False,,,,,,,,,,,,,,,,,,,,,,,,,,,,,,,,,,,,,,,,,,,,,,,,bounded_preclose_bid_ask,,,,False,not_requested_for_horizon_or_variant,,,no_standard_contract_within_rules,ordinary,covered_call,,no_standard_contract_within_rules,,,True,,H24,1,TGT,,primary,0.020020557857848346,15.506978204823852,2023
,,,066e6e7648e4dfbd348ef901,time_value,,,1,1,2023-05-31,2023-05-31,,,353,,,2023-06-01,354,False,,,2023-10-19,,,,,,,"{""market_momentum"": 0.005631633414358239, ""market_volatility"": 0.008057093704011132, ""momentum"": -0.16668788187372707, ""volatility"": 0.020020557857848346, ""volume_state"": 15.506978204823852}",assumed_next_daily_close,,2,0000027419,,0.005631633414358239,0.008057093704011132,-0.16668788187372707,,,,,,,5169e10cd3bea4a08cfe105e,False,,,,,,,,,,,,,,,,,,,,,,,,,,,,,,,,,,,,,,,,,,,,,,,,bounded_preclose_bid_ask,,,,False,not_requested_for_horizon_or_variant,,,no_standard_contract_within_rules,ordinary,covered_call,,no_standard_contract_within_rules,,,False,,H24,1,TGT,,primary,0.020020557857848346,15.506978204823852,2023
,,,066e6e7648e4dfbd348ef901,time_value,,,1,1,2023-05-31,2023-05-31,,,353,,,2023-06-01,354,False,,,2023-10-19,,,,,,,"{""market_momentum"": 0.005631633414358239, ""market_volatility"": 0.008057093704011132, ""momentum"": -0.16668788187372707, ""volatility"": 0.020020557857848346, ""volume_state"": 15.506978204823852}",assumed_next_daily_close,,2,0000027419,,0.005631633414358239,0.008057093704011132,-0.16668788187372707,,,,,,,5169e10cd3bea4a08cfe105e,False,,,,,,,,,,,,,,,,,,,,,,,,,,,,,,,,,,,,,,,,,,,,,,,,bounded_preclose_bid_ask,,,,False,not_requested_for_horizon_or_variant,,,no_standard_contract_within_rules,ordinary,covered_call,,no_standard_contract_within_rules,,,True,,H24,1,TGT,,primary,0.020020557857848346,15.506978204823852,2023
,,,066e6e7648e4dfbd348ef901,time_value,,,1,1,2023-05-31,2023-05-31,,,353,,,2023-06-01,354,False,,,2023-10-19,,,,,,,"{""market_momentum"": 0.005631633414358239, ""market_volatility"": 0.008057093704011132, ""momentum"": -0.16668788187372707, ""volatility"": 0.020020557857848346, ""volume_state"": 15.506978204823852}",assumed_next_daily_close,,3,0000027419,,0.005631633414358239,0.008057093704011132,-0.16668788187372707,,,,,,,5169e10cd3bea4a08cfe105e,False,,,,,,,,,,,,,,,,,,,,,,,,,,,,,,,,,,,,,,,,,,,,,,,,bounded_preclose_bid_ask,,,,False,not_requested_for_horizon_or_variant,,,no_standard_contract_within_rules,ordinary,covered_call,,no_standard_contract_within_rules,,,False,,H24,1,TGT,,primary,0.020020557857848346,15.506978204823852,2023
,,,066e6e7648e4dfbd348ef901,time_value,,,1,1,2023-05-31,2023-05-31,,,353,,,2023-06-01,354,False,,,2023-10-19,,,,,,,"{""market_momentum"": 0.005631633414358239, ""market_volatility"": 0.008057093704011132, ""momentum"": -0.16668788187372707, ""volatility"": 0.020020557857848346, ""volume_state"": 15.506978204823852}",assumed_next_daily_close,,3,0000027419,,0.005631633414358239,0.008057093704011132,-0.16668788187372707,,,,,,,5169e10cd3bea4a08cfe105e,False,,,,,,,,,,,,,,,,,,,,,,,,,,,,,,,,,,,,,,,,,,,,,,,,bounded_preclose_bid_ask,,,,False,not_requested_for_horizon_or_variant,,,no_standard_contract_within_rules,ordinary,covered_call,,no_standard_contract_within_rules,,,True,,H24,1,TGT,,primary,0.020020557857848346,15.506978204823852,2023
,,,066e6e7648e4dfbd348ef901,time_value,,,1,1,2023-05-31,2023-05-31,,,353,,,2023-06-01,354,False,,,2023-10-19,,,,,,,"{""market_momentum"": 0.005631633414358239, ""market_volatility"": 0.008057093704011132, ""momentum"": -0.16668788187372707, ""volatility"": 0.020020557857848346, ""volume_state"": 15.506978204823852}",assumed_next_daily_close,,5,0000027419,,0.005631633414358239,0.008057093704011132,-0.16668788187372707,,,,,,,5169e10cd3bea4a08cfe105e,False,,,,,,,,,,,,,,,,,,,,,,,,,,,,,,,,,,,,,,,,,,,,,,,,bounded_preclose_bid_ask,,,,False,not_requested_for_horizon_or_variant,,,no_standard_contract_within_rules,ordinary,covered_call,,no_standard_contract_within_rules,,,False,,H24,1,TGT,,primary,0.020020557857848346,15.506978204823852,2023
,,,066e6e7648e4dfbd348ef901,time_value,,,1,1,2023-05-31,2023-05-31,,,353,,,2023-06-01,354,False,,,2023-10-19,,,,,,,"{""market_momentum"": 0.005631633414358239, ""market_volatility"": 0.008057093704011132, ""momentum"": -0.16668788187372707, ""volatility"": 0.020020557857848346, ""volume_state"": 15.506978204823852}",assumed_next_daily_close,,5,0000027419,,0.005631633414358239,0.008057093704011132,-0.16668788187372707,,,,,,,5169e10cd3bea4a08cfe105e,False,,,,,,,,,,,,,,,,,,,,,,,,,,,,,,,,,,,,,,,,,,,,,,,,bounded_preclose_bid_ask,,,,False,not_requested_for_horizon_or_variant,,,no_standard_contract_within_rules,ordinary,covered_call,,no_standard_contract_within_rules,,,True,,H24,1,TGT,,primary,0.020020557857848346,15.506978204823852,2023
,,,066e6e7648e4dfbd348ef901,time_value,,,1,1,2023-05-31,2023-05-31,,,353,,,2023-06-01,354,False,,,2023-10-19,,,,,,,"{""market_momentum"": 0.005631633414358239, ""market_volatility"": 0.008057093704011132, ""momentum"": -0.16668788187372707, ""volatility"": 0.020020557857848346, ""volume_state"": 15.506978204823852}",assumed_next_daily_close,,10,0000027419,,0.005631633414358239,0.008057093704011132,-0.16668788187372707,,,,,,,5169e10cd3bea4a08cfe105e,False,,,,,,,,,,,,,,,,,,,,,,,,,,,,,,,,,,,,,,,,,,,,,,,,bounded_preclose_bid_ask,,,,False,not_sampled_or_missing_quotes,,,no_standard_contract_within_rules,ordinary,covered_call,,no_standard_contract_within_rules,,,False,,H24,1,TGT,,primary,0.020020557857848346,15.506978204823852,2023
,,,066e6e7648e4dfbd348ef901,time_value,,,1,1,2023-05-31,2023-05-31,,,353,,,2023-06-01,354,False,,,2023-10-19,,,,,,,"{""market_momentum"": 0.005631633414358239, ""market_volatility"": 0.008057093704011132, ""momentum"": -0.16668788187372707, ""volatility"": 0.020020557857848346, ""volume_state"": 15.506978204823852}",assumed_next_daily_close,,10,0000027419,,0.005631633414358239,0.008057093704011132,-0.16668788187372707,,,,,,,5169e10cd3bea4a08cfe105e,False,,,,,,,,,,,,,,,,,,,,,,,,,,,,,,,,,,,,,,,,,,,,,,,,bounded_preclose_bid_ask,,,,False,not_sampled_or_missing_quotes,,,no_standard_contract_within_rules,ordinary,covered_call,,no_standard_contract_within_rules,,,True,,H24,1,TGT,,primary,0.020020557857848346,15.506978204823852,2023
,,,066e6e7648e4dfbd348ef901,time_value,,,1,1,2023-05-31,2023-05-31,,,353,,,2023-06-01,354,False,,,2023-10-19,,,,,,,"{""market_momentum"": 0.005631633414358239, ""market_volatility"": 0.008057093704011132, ""momentum"": -0.16668788187372707, ""volatility"": 0.020020557857848346, ""volume_state"": 15.506978204823852}",assumed_next_daily_close,,21,0000027419,,0.005631633414358239,0.008057093704011132,-0.16668788187372707,,,,,,,5169e10cd3bea4a08cfe105e,False,,,,,,,,,,,,,,,,,,,,,,,,,,,,,,,,,,,,,,,,,,,,,,,,bounded_preclose_bid_ask,,,,False,not_requested_for_horizon_or_variant,,,no_standard_contract_within_rules,ordinary,covered_call,,no_standard_contract_within_rules,,,False,,H24,1,TGT,,primary,0.020020557857848346,15.506978204823852,2023
,,,066e6e7648e4dfbd348ef901,time_value,,,1,1,2023-05-31,2023-05-31,,,353,,,2023-06-01,354,False,,,2023-10-19,,,,,,,"{""market_momentum"": 0.005631633414358239, ""market_volatility"": 0.008057093704011132, ""momentum"": -0.16668788187372707, ""volatility"": 0.020020557857848346, ""volume_state"": 15.506978204823852}",assumed_next_daily_close,,21,0000027419,,0.005631633414358239,0.008057093704011132,-0.16668788187372707,,,,,,,5169e10cd3bea4a08cfe105e,False,,,,,,,,,,,,,,,,,,,,,,,,,,,,,,,,,,,,,,,,,,,,,,,,bounded_preclose_bid_ask,,,,False,not_requested_for_horizon_or_variant,,,no_standard_contract_within_rules,ordinary,covered_call,,no_standard_contract_within_rules,,,True,,H24,1,TGT,,primary,0.020020557857848346,15.506978204823852,2023
,,,066e6e7648e4dfbd348ef901,time_value,,,1,1,2023-05-31,2023-05-31,,,353,,,2023-06-01,354,False,,,2023-10-19,,,,,,,"{""market_momentum"": 0.005631633414358239, ""market_volatility"": 0.008057093704011132, ""momentum"": -0.16668788187372707, ""volatility"": 0.020020557857848346, ""volume_state"": 15.506978204823852}",assumed_next_daily_close,,42,0000027419,,0.005631633414358239,0.008057093704011132,-0.16668788187372707,,,,,,,5169e10cd3bea4a08cfe105e,False,,,,,,,,,,,,,,,,,,,,,,,,,,,,,,,,,,,,,,,,,,,,,,,,bounded_preclose_bid_ask,,,,False,not_requested_for_horizon_or_variant,,,no_standard_contract_within_rules,ordinary,covered_call,,no_standard_contract_within_rules,,,False,,H24,1,TGT,,primary,0.020020557857848346,15.506978204823852,2023
,,,066e6e7648e4dfbd348ef901,time_value,,,1,1,2023-05-31,2023-05-31,,,353,,,2023-06-01,354,False,,,2023-10-19,,,,,,,"{""market_momentum"": 0.005631633414358239, ""market_volatility"": 0.008057093704011132, ""momentum"": -0.16668788187372707, ""volatility"": 0.020020557857848346, ""volume_state"": 15.506978204823852}",assumed_next_daily_close,,42,0000027419,,0.005631633414358239,0.008057093704011132,-0.16668788187372707,,,,,,,5169e10cd3bea4a08cfe105e,False,,,,,,,,,,,,,,,,,,,,,,,,,,,,,,,,,,,,,,,,,,,,,,,,bounded_preclose_bid_ask,,,,False,not_requested_for_horizon_or_variant,,,no_standard_contract_within_rules,ordinary,covered_call,,no_standard_contract_within_rules,,,True,,H24,1,TGT,,primary,0.020020557857848346,15.506978204823852,2023
,,,066e6e7648e4dfbd348ef901,time_value,,,1,1,2023-05-31,2023-05-31,,,353,,,2023-06-01,354,False,,,2023-10-19,,,,,,,"{""market_momentum"": 0.005631633414358239, ""market_volatility"": 0.008057093704011132, ""momentum"": -0.16668788187372707, ""volatility"": 0.020020557857848346, ""volume_state"": 15.506978204823852}",assumed_next_daily_close,,63,0000027419,,0.005631633414358239,0.008057093704011132,-0.16668788187372707,,,,,,,5169e10cd3bea4a08cfe105e,False,,,,,,,,,,,,,,,,,,,,,,,,,,,,,,,,,,,,,,,,,,,,,,,,bounded_preclose_bid_ask,,,,False,not_requested_for_horizon_or_variant,,,no_standard_contract_within_rules,ordinary,covered_call,,no_standard_contract_within_rules,,,False,,H24,1,TGT,,primary,0.020020557857848346,15.506978204823852,2023
,,,066e6e7648e4dfbd348ef901,time_value,,,1,1,2023-05-31,2023-05-31,,,353,,,2023-06-01,354,False,,,2023-10-19,,,,,,,"{""market_momentum"": 0.005631633414358239, ""market_volatility"": 0.008057093704011132, ""momentum"": -0.16668788187372707, ""volatility"": 0.020020557857848346, ""volume_state"": 15.506978204823852}",assumed_next_daily_close,,63,0000027419,,0.005631633414358239,0.008057093704011132,-0.16668788187372707,,,,,,,5169e10cd3bea4a08cfe105e,False,,,,,,,,,,,,,,,,,,,,,,,,,,,,,,,,,,,,,,,,,,,,,,,,bounded_preclose_bid_ask,,,,False,not_requested_for_horizon_or_variant,,,no_standard_contract_within_rules,ordinary,covered_call,,no_standard_contract_within_rules,,,True,,H24,1,TGT,,primary,0.020020557857848346,15.506978204823852,2023
,,,066e6e7648e4dfbd348ef901,time_value,,,1,1,2023-05-31,2023-05-31,,,353,,,2023-06-01,354,False,,,2023-10-19,,,,,,,"{""market_momentum"": 0.005631633414358239, ""market_volatility"": 0.008057093704011132, ""momentum"": -0.16668788187372707, ""volatility"": 0.020020557857848346, ""volume_state"": 15.506978204823852}",assumed_next_daily_close,,expiry,0000027419,,0.005631633414358239,0.008057093704011132,-0.16668788187372707,,,,,,,5169e10cd3bea4a08cfe105e,False,,,,,,,,,,,,,,,,,,,,,,,,,,,,,,,,,,,,,,,,,,,,,,,,bounded_preclose_bid_ask,,,,False,not_requested_for_horizon_or_variant,,,no_standard_contract_within_rules,ordinary,covered_call,,no_standard_contract_within_rules,,,False,,H24,1,TGT,,primary,0.020020557857848346,15.506978204823852,2023
,,,066e6e7648e4dfbd348ef901,time_value,,,1,1,2023-05-31,2023-05-31,,,353,,,2023-06-01,354,False,,,2023-10-19,,,,,,,"{""market_momentum"": 0.005631633414358239, ""market_volatility"": 0.008057093704011132, ""momentum"": -0.16668788187372707, ""volatility"": 0.020020557857848346, ""volume_state"": 15.506978204823852}",assumed_next_daily_close,,expiry,0000027419,,0.005631633414358239,0.008057093704011132,-0.16668788187372707,,,,,,,5169e10cd3bea4a08cfe105e,False,,,,,,,,,,,,,,,,,,,,,,,,,,,,,,,,,,,,,,,,,,,,,,,,bounded_preclose_bid_ask,,,,False,not_requested_for_horizon_or_variant,,,no_standard_contract_within_rules,ordinary,covered_call,,no_standard_contract_within_rules,,,True,,H24,1,TGT,,primary,0.020020557857848346,15.506978204823852,2023
,,,077c7ccc91492e0a67ba9927,time_value,,,1,1,2022-04-08,2022-04-08,,,67,,,2022-04-11,68,False,,,2022-04-08,,,,,,,"{""market_momentum"": 0.0519178339757449, ""market_volatility"": 0.011576176672201195, ""momentum"": 0.10810810810810811, ""volatility"": 0.014505691083360413, ""volume_state"": 15.200922029451789}",assumed_next_daily_close,,1,0000005272,,0.0519178339757449,0.011576176672201195,0.10810810810810811,,,,,,,8b8c50542364ff8c4fe91fd1,False,,,,,,,,,,,,,,,,,,,,,,,,,,,,,,,,,,,,,,,,,,,,,,,,bounded_preclose_bid_ask,,,,False,not_requested_for_horizon_or_variant,,,no_standard_contract_within_rules,event,covered_call,,no_standard_contract_within_rules,,,False,,H24,1,AIG,,primary,0.014505691083360413,15.200922029451789,2022
,,,077c7ccc91492e0a67ba9927,time_value,,,1,1,2022-04-08,2022-04-08,,,67,,,2022-04-11,68,False,,,2022-04-08,,,,,,,"{""market_momentum"": 0.0519178339757449, ""market_volatility"": 0.011576176672201195, ""momentum"": 0.10810810810810811, ""volatility"": 0.014505691083360413, ""volume_state"": 15.200922029451789}",assumed_next_daily_close,,1,0000005272,,0.0519178339757449,0.011576176672201195,0.10810810810810811,,,,,,,8b8c50542364ff8c4fe91fd1,False,,,,,,,,,,,,,,,,,,,,,,,,,,,,,,,,,,,,,,,,,,,,,,,,bounded_preclose_bid_ask,,,,False,not_requested_for_horizon_or_variant,,,no_standard_contract_within_rules,event,covered_call,,no_standard_contract_within_rules,,,True,,H24,1,AIG,,primary,0.014505691083360413,15.200922029451789,2022
,,,077c7ccc91492e0a67ba9927,time_value,,,1,1,2022-04-08,2022-04-08,,,67,,,2022-04-11,68,False,,,2022-04-08,,,,,,,"{""market_momentum"": 0.0519178339757449, ""market_volatility"": 0.011576176672201195, ""momentum"": 0.10810810810810811, ""volatility"": 0.014505691083360413, ""volume_state"": 15.200922029451789}",assumed_next_daily_close,,2,0000005272,,0.0519178339757449,0.011576176672201195,0.10810810810810811,,,,,,,8b8c50542364ff8c4fe91fd1,False,,,,,,,,,,,,,,,,,,,,,,,,,,,,,,,,,,,,,,,,,,,,,,,,bounded_preclose_bid_ask,,,,False,not_requested_for_horizon_or_variant,,,no_standard_contract_within_rules,event,covered_call,,no_standard_contract_within_rules,,,False,,H24,1,AIG,,primary,0.014505691083360413,15.200922029451789,2022
,,,077c7ccc91492e0a67ba9927,time_value,,,1,1,2022-04-08,2022-04-08,,,67,,,2022-04-11,68,False,,,2022-04-08,,,,,,,"{""market_momentum"": 0.0519178339757449, ""market_volatility"": 0.011576176672201195, ""momentum"": 0.10810810810810811, ""volatility"": 0.014505691083360413, ""volume_state"": 15.200922029451789}",assumed_next_daily_close,,2,0000005272,,0.0519178339757449,0.011576176672201195,0.10810810810810811,,,,,,,8b8c50542364ff8c4fe91fd1,False,,,,,,,,,,,,,,,,,,,,,,,,,,,,,,,,,,,,,,,,,,,,,,,,bounded_preclose_bid_ask,,,,False,not_requested_for_horizon_or_variant,,,no_standard_contract_within_rules,event,covered_call,,no_standard_contract_within_rules,,,True,,H24,1,AIG,,primary,0.014505691083360413,15.200922029451789,2022
,,,077c7ccc91492e0a67ba9927,time_value,,,1,1,2022-04-08,2022-04-08,,,67,,,2022-04-11,68,False,,,2022-04-08,,,,,,,"{""market_momentum"": 0.0519178339757449, ""market_volatility"": 0.011576176672201195, ""momentum"": 0.10810810810810811, ""volatility"": 0.014505691083360413, ""volume_state"": 15.200922029451789}",assumed_next_daily_close,,3,0000005272,,0.0519178339757449,0.011576176672201195,0.10810810810810811,,,,,,,8b8c50542364ff8c4fe91fd1,False,,,,,,,,,,,,,,,,,,,,,,,,,,,,,,,,,,,,,,,,,,,,,,,,bounded_preclose_bid_ask,,,,False,not_requested_for_horizon_or_variant,,,no_standard_contract_within_rules,event,covered_call,,no_standard_contract_within_rules,,,False,,H24,1,AIG,,primary,0.014505691083360413,15.200922029451789,2022
,,,077c7ccc91492e0a67ba9927,time_value,,,1,1,2022-04-08,2022-04-08,,,67,,,2022-04-11,68,False,,,2022-04-08,,,,,,,"{""market_momentum"": 0.0519178339757449, ""market_volatility"": 0.011576176672201195, ""momentum"": 0.10810810810810811, ""volatility"": 0.014505691083360413, ""volume_state"": 15.200922029451789}",assumed_next_daily_close,,3,0000005272,,0.0519178339757449,0.011576176672201195,0.10810810810810811,,,,,,,8b8c50542364ff8c4fe91fd1,False,,,,,,,,,,,,,,,,,,,,,,,,,,,,,,,,,,,,,,,,,,,,,,,,bounded_preclose_bid_ask,,,,False,not_requested_for_horizon_or_variant,,,no_standard_contract_within_rules,event,covered_call,,no_standard_contract_within_rules,,,True,,H24,1,AIG,,primary,0.014505691083360413,15.200922029451789,2022
,,,077c7ccc91492e0a67ba9927,time_value,,,1,1,2022-04-08,2022-04-08,,,67,,,2022-04-11,68,False,,,2022-04-08,,,,,,,"{""market_momentum"": 0.0519178339757449, ""market_volatility"": 0.011576176672201195, ""momentum"": 0.10810810810810811, ""volatility"": 0.014505691083360413, ""volume_state"": 15.200922029451789}",assumed_next_daily_close,,5,0000005272,,0.0519178339757449,0.011576176672201195,0.10810810810810811,,,,,,,8b8c50542364ff8c4fe91fd1,False,,,,,,,,,,,,,,,,,,,,,,,,,,,,,,,,,,,,,,,,,,,,,,,,bounded_preclose_bid_ask,,,,False,not_requested_for_horizon_or_variant,,,no_standard_contract_within_rules,event,covered_call,,no_standard_contract_within_rules,,,False,,H24,1,AIG,,primary,0.014505691083360413,15.200922029451789,2022
,,,077c7ccc91492e0a67ba9927,time_value,,,1,1,2022-04-08,2022-04-08,,,67,,,2022-04-11,68,False,,,2022-04-08,,,,,,,"{""market_momentum"": 0.0519178339757449, ""market_volatility"": 0.011576176672201195, ""momentum"": 0.10810810810810811, ""volatility"": 0.014505691083360413, ""volume_state"": 15.200922029451789}",assumed_next_daily_close,,5,0000005272,,0.0519178339757449,0.011576176672201195,0.10810810810810811,,,,,,,8b8c50542364ff8c4fe91fd1,False,,,,,,,,,,,,,,,,,,,,,,,,,,,,,,,,,,,,,,,,,,,,,,,,bounded_preclose_bid_ask,,,,False,not_requested_for_horizon_or_variant,,,no_standard_contract_within_rules,event,covered_call,,no_standard_contract_within_rules,,,True,,H24,1,AIG,,primary,0.014505691083360413,15.200922029451789,2022
,,,077c7ccc91492e0a67ba9927,time_value,,,1,1,2022-04-08,2022-04-08,,,67,,,2022-04-11,68,False,,,2022-04-08,,,,,,,"{""market_momentum"": 0.0519178339757449, ""market_volatility"": 0.011576176672201195, ""momentum"": 0.10810810810810811, ""volatility"": 0.014505691083360413, ""volume_state"": 15.200922029451789}",assumed_next_daily_close,,10,0000005272,,0.0519178339757449,0.011576176672201195,0.10810810810810811,,,,,,,8b8c50542364ff8c4fe91fd1,False,,,,,,,,,,,,,,,,,,,,,,,,,,,,,,,,,,,,,,,,,,,,,,,,bounded_preclose_bid_ask,,,,False,not_sampled_or_missing_quotes,,,no_standard_contract_within_rules,event,covered_call,,no_standard_contract_within_rules,,,False,,H24,1,AIG,,primary,0.014505691083360413,15.200922029451789,2022
,,,077c7ccc91492e0a67ba9927,time_value,,,1,1,2022-04-08,2022-04-08,,,67,,,2022-04-11,68,False,,,2022-04-08,,,,,,,"{""market_momentum"": 0.0519178339757449, ""market_volatility"": 0.011576176672201195, ""momentum"": 0.10810810810810811, ""volatility"": 0.014505691083360413, ""volume_state"": 15.200922029451789}",assumed_next_daily_close,,10,0000005272,,0.0519178339757449,0.011576176672201195,0.10810810810810811,,,,,,,8b8c50542364ff8c4fe91fd1,False,,,,,,,,,,,,,,,,,,,,,,,,,,,,,,,,,,,,,,,,,,,,,,,,bounded_preclose_bid_ask,,,,False,not_sampled_or_missing_quotes,,,no_standard_contract_within_rules,event,covered_call,,no_standard_contract_within_rules,,,True,,H24,1,AIG,,primary,0.014505691083360413,15.200922029451789,2022
,,,077c7ccc91492e0a67ba9927,time_value,,,1,1,2022-04-08,2022-04-08,,,67,,,2022-04-11,68,False,,,2022-04-08,,,,,,,"{""market_momentum"": 0.0519178339757449, ""market_volatility"": 0.011576176672201195, ""momentum"": 0.10810810810810811, ""volatility"": 0.014505691083360413, ""volume_state"": 15.200922029451789}",assumed_next_daily_close,,21,0000005272,,0.0519178339757449,0.011576176672201195,0.10810810810810811,,,,,,,8b8c50542364ff8c4fe91fd1,False,,,,,,,,,,,,,,,,,,,,,,,,,,,,,,,,,,,,,,,,,,,,,,,,bounded_preclose_bid_ask,,,,False,not_requested_for_horizon_or_variant,,,no_standard_contract_within_rules,event,covered_call,,no_standard_contract_within_rules,,,False,,H24,1,AIG,,primary,0.014505691083360413,15.200922029451789,2022
,,,077c7ccc91492e0a67ba9927,time_value,,,1,1,2022-04-08,2022-04-08,,,67,,,2022-04-11,68,False,,,2022-04-08,,,,,,,"{""market_momentum"": 0.0519178339757449, ""market_volatility"": 0.011576176672201195, ""momentum"": 0.10810810810810811, ""volatility"": 0.014505691083360413, ""volume_state"": 15.200922029451789}",assumed_next_daily_close,,21,0000005272,,0.0519178339757449,0.011576176672201195,0.10810810810810811,,,,,,,8b8c50542364ff8c4fe91fd1,False,,,,,,,,,,,,,,,,,,,,,,,,,,,,,,,,,,,,,,,,,,,,,,,,bounded_preclose_bid_ask,,,,False,not_requested_for_horizon_or_variant,,,no_standard_contract_within_rules,event,covered_call,,no_standard_contract_within_rules,,,True,,H24,1,AIG,,primary,0.014505691083360413,15.200922029451789,2022
,,,077c7ccc91492e0a67ba9927,time_value,,,1,1,2022-04-08,2022-04-08,,,67,,,2022-04-11,68,False,,,2022-04-08,,,,,,,"{""market_momentum"": 0.0519178339757449, ""market_volatility"": 0.011576176672201195, ""momentum"": 0.10810810810810811, ""volatility"": 0.014505691083360413, ""volume_state"": 15.200922029451789}",assumed_next_daily_close,,42,0000005272,,0.0519178339757449,0.011576176672201195,0.10810810810810811,,,,,,,8b8c50542364ff8c4fe91fd1,False,,,,,,,,,,,,,,,,,,,,,,,,,,,,,,,,,,,,,,,,,,,,,,,,bounded_preclose_bid_ask,,,,False,not_requested_for_horizon_or_variant,,,no_standard_contract_within_rules,event,covered_call,,no_standard_contract_within_rules,,,False,,H24,1,AIG,,primary,0.014505691083360413,15.200922029451789,2022
,,,077c7ccc91492e0a67ba9927,time_value,,,1,1,2022-04-08,2022-04-08,,,67,,,2022-04-11,68,False,,,2022-04-08,,,,,,,"{""market_momentum"": 0.0519178339757449, ""market_volatility"": 0.011576176672201195, ""momentum"": 0.10810810810810811, ""volatility"": 0.014505691083360413, ""volume_state"": 15.200922029451789}",assumed_next_daily_close,,42,0000005272,,0.0519178339757449,0.011576176672201195,0.10810810810810811,,,,,,,8b8c50542364ff8c4fe91fd1,False,,,,,,,,,,,,,,,,,,,,,,,,,,,,,,,,,,,,,,,,,,,,,,,,bounded_preclose_bid_ask,,,,False,not_requested_for_horizon_or_variant,,,no_standard_contract_within_rules,event,covered_call,,no_standard_contract_within_rules,,,True,,H24,1,AIG,,primary,0.014505691083360413,15.200922029451789,2022
,,,077c7ccc91492e0a67ba9927,time_value,,,1,1,2022-04-08,2022-04-08,,,67,,,2022-04-11,68,False,,,2022-04-08,,,,,,,"{""market_momentum"": 0.0519178339757449, ""market_volatility"": 0.011576176672201195, ""momentum"": 0.10810810810810811, ""volatility"": 0.014505691083360413, ""volume_state"": 15.200922029451789}",assumed_next_daily_close,,63,0000005272,,0.0519178339757449,0.011576176672201195,0.10810810810810811,,,,,,,8b8c50542364ff8c4fe91fd1,False,,,,,,,,,,,,,,,,,,,,,,,,,,,,,,,,,,,,,,,,,,,,,,,,bounded_preclose_bid_ask,,,,False,not_requested_for_horizon_or_variant,,,no_standard_contract_within_rules,event,covered_call,,no_standard_contract_within_rules,,,False,,H24,1,AIG,,primary,0.014505691083360413,15.200922029451789,2022
,,,077c7ccc91492e0a67ba9927,time_value,,,1,1,2022-04-08,2022-04-08,,,67,,,2022-04-11,68,False,,,2022-04-08,,,,,,,"{""market_momentum"": 0.0519178339757449, ""market_volatility"": 0.011576176672201195, ""momentum"": 0.10810810810810811, ""volatility"": 0.014505691083360413, ""volume_state"": 15.200922029451789}",assumed_next_daily_close,,63,0000005272,,0.0519178339757449,0.011576176672201195,0.10810810810810811,,,,,,,8b8c50542364ff8c4fe91fd1,False,,,,,,,,,,,,,,,,,,,,,,,,,,,,,,,,,,,,,,,,,,,,,,,,bounded_preclose_bid_ask,,,,False,not_requested_for_horizon_or_variant,,,no_standard_contract_within_rules,event,covered_call,,no_standard_contract_within_rules,,,True,,H24,1,AIG,,primary,0.014505691083360413,15.200922029451789,2022
,,,077c7ccc91492e0a67ba9927,time_value,,,1,1,2022-04-08,2022-04-08,,,67,,,2022-04-11,68,False,,,2022-04-08,,,,,,,"{""market_momentum"": 0.0519178339757449, ""market_volatility"": 0.011576176672201195, ""momentum"": 0.10810810810810811, ""volatility"": 0.014505691083360413, ""volume_state"": 15.200922029451789}",assumed_next_daily_close,,expiry,0000005272,,0.0519178339757449,0.011576176672201195,0.10810810810810811,,,,,,,8b8c50542364ff8c4fe91fd1,False,,,,,,,,,,,,,,,,,,,,,,,,,,,,,,,,,,,,,,,,,,,,,,,,bounded_preclose_bid_ask,,,,False,not_requested_for_horizon_or_variant,,,no_standard_contract_within_rules,event,covered_call,,no_standard_contract_within_rules,,,False,,H24,1,AIG,,primary,0.014505691083360413,15.200922029451789,2022
,,,077c7ccc91492e0a67ba9927,time_value,,,1,1,2022-04-08,2022-04-08,,,67,,,2022-04-11,68,False,,,2022-04-08,,,,,,,"{""market_momentum"": 0.0519178339757449, ""market_volatility"": 0.011576176672201195, ""momentum"": 0.10810810810810811, ""volatility"": 0.014505691083360413, ""volume_state"": 15.200922029451789}",assumed_next_daily_close,,expiry,0000005272,,0.0519178339757449,0.011576176672201195,0.10810810810810811,,,,,,,8b8c50542364ff8c4fe91fd1,False,,,,,,,,,,,,,,,,,,,,,,,,,,,,,,,,,,,,,,,,,,,,,,,,bounded_preclose_bid_ask,,,,False,not_requested_for_horizon_or_variant,,,no_standard_contract_within_rules,event,covered_call,,no_standard_contract_within_rules,,,True,,H24,1,AIG,,primary,0.014505691083360413,15.200922029451789,2022
,,,07af507b323e143118eb3365,time_value,,,1,1,2022-11-09,2022-11-09,,,215,,,2022-11-10,216,False,,,2022-11-09,,,,,,,"{""market_momentum"": 0.0458153966567898, ""market_volatility"": 0.015963603031839472, ""momentum"": 0.03973624848169344, ""volatility"": 0.03000837382549459, ""volume_state"": 18.28484180554858}",assumed_next_daily_close,,1,0000002488,,0.0458153966567898,0.015963603031839472,0.03973624848169344,,,,,,,534558a40281c620b08ab753,False,,,,,,,,,,,,,,,,,,,,,,,,,,,,,,,,,,,,,,,,,,,,,,,,bounded_preclose_bid_ask,,,,False,not_requested_for_horizon_or_variant,,,no_standard_contract_within_rules,event,covered_call,,no_standard_contract_within_rules,,,False,,H24,1,AMD,,primary,0.03000837382549459,18.28484180554858,2022
,,,07af507b323e143118eb3365,time_value,,,1,1,2022-11-09,2022-11-09,,,215,,,2022-11-10,216,False,,,2022-11-09,,,,,,,"{""market_momentum"": 0.0458153966567898, ""market_volatility"": 0.015963603031839472, ""momentum"": 0.03973624848169344, ""volatility"": 0.03000837382549459, ""volume_state"": 18.28484180554858}",assumed_next_daily_close,,1,0000002488,,0.0458153966567898,0.015963603031839472,0.03973624848169344,,,,,,,534558a40281c620b08ab753,False,,,,,,,,,,,,,,,,,,,,,,,,,,,,,,,,,,,,,,,,,,,,,,,,bounded_preclose_bid_ask,,,,False,not_requested_for_horizon_or_variant,,,no_standard_contract_within_rules,event,covered_call,,no_standard_contract_within_rules,,,True,,H24,1,AMD,,primary,0.03000837382549459,18.28484180554858,2022
,,,07af507b323e143118eb3365,time_value,,,1,1,2022-11-09,2022-11-09,,,215,,,2022-11-10,216,False,,,2022-11-09,,,,,,,"{""market_momentum"": 0.0458153966567898, ""market_volatility"": 0.015963603031839472, ""momentum"": 0.03973624848169344, ""volatility"": 0.03000837382549459, ""volume_state"": 18.28484180554858}",assumed_next_daily_close,,2,0000002488,,0.0458153966567898,0.015963603031839472,0.03973624848169344,,,,,,,534558a40281c620b08ab753,False,,,,,,,,,,,,,,,,,,,,,,,,,,,,,,,,,,,,,,,,,,,,,,,,bounded_preclose_bid_ask,,,,False,not_requested_for_horizon_or_variant,,,no_standard_contract_within_rules,event,covered_call,,no_standard_contract_within_rules,,,False,,H24,1,AMD,,primary,0.03000837382549459,18.28484180554858,2022
,,,07af507b323e143118eb3365,time_value,,,1,1,2022-11-09,2022-11-09,,,215,,,2022-11-10,216,False,,,2022-11-09,,,,,,,"{""market_momentum"": 0.0458153966567898, ""market_volatility"": 0.015963603031839472, ""momentum"": 0.03973624848169344, ""volatility"": 0.03000837382549459, ""volume_state"": 18.28484180554858}",assumed_next_daily_close,,2,0000002488,,0.0458153966567898,0.015963603031839472,0.03973624848169344,,,,,,,534558a40281c620b08ab753,False,,,,,,,,,,,,,,,,,,,,,,,,,,,,,,,,,,,,,,,,,,,,,,,,bounded_preclose_bid_ask,,,,False,not_requested_for_horizon_or_variant,,,no_standard_contract_within_rules,event,covered_call,,no_standard_contract_within_rules,,,True,,H24,1,AMD,,primary,0.03000837382549459,18.28484180554858,2022
,,,07af507b323e143118eb3365,time_value,,,1,1,2022-11-09,2022-11-09,,,215,,,2022-11-10,216,False,,,2022-11-09,,,,,,,"{""market_momentum"": 0.0458153966567898, ""market_volatility"": 0.015963603031839472, ""momentum"": 0.03973624848169344, ""volatility"": 0.03000837382549459, ""volume_state"": 18.28484180554858}",assumed_next_daily_close,,3,0000002488,,0.0458153966567898,0.015963603031839472,0.03973624848169344,,,,,,,534558a40281c620b08ab753,False,,,,,,,,,,,,,,,,,,,,,,,,,,,,,,,,,,,,,,,,,,,,,,,,bounded_preclose_bid_ask,,,,False,not_requested_for_horizon_or_variant,,,no_standard_contract_within_rules,event,covered_call,,no_standard_contract_within_rules,,,False,,H24,1,AMD,,primary,0.03000837382549459,18.28484180554858,2022
,,,07af507b323e143118eb3365,time_value,,,1,1,2022-11-09,2022-11-09,,,215,,,2022-11-10,216,False,,,2022-11-09,,,,,,,"{""market_momentum"": 0.0458153966567898, ""market_volatility"": 0.015963603031839472, ""momentum"": 0.03973624848169344, ""volatility"": 0.03000837382549459, ""volume_state"": 18.28484180554858}",assumed_next_daily_close,,3,0000002488,,0.0458153966567898,0.015963603031839472,0.03973624848169344,,,,,,,534558a40281c620b08ab753,False,,,,,,,,,,,,,,,,,,,,,,,,,,,,,,,,,,,,,,,,,,,,,,,,bounded_preclose_bid_ask,,,,False,not_requested_for_horizon_or_variant,,,no_standard_contract_within_rules,event,covered_call,,no_standard_contract_within_rules,,,True,,H24,1,AMD,,primary,0.03000837382549459,18.28484180554858,2022
,,,07af507b323e143118eb3365,time_value,,,1,1,2022-11-09,2022-11-09,,,215,,,2022-11-10,216,False,,,2022-11-09,,,,,,,"{""market_momentum"": 0.0458153966567898, ""market_volatility"": 0.015963603031839472, ""momentum"": 0.03973624848169344, ""volatility"": 0.03000837382549459, ""volume_state"": 18.28484180554858}",assumed_next_daily_close,,5,0000002488,,0.0458153966567898,0.015963603031839472,0.03973624848169344,,,,,,,534558a40281c620b08ab753,False,,,,,,,,,,,,,,,,,,,,,,,,,,,,,,,,,,,,,,,,,,,,,,,,bounded_preclose_bid_ask,,,,False,not_requested_for_horizon_or_variant,,,no_standard_contract_within_rules,event,covered_call,,no_standard_contract_within_rules,,,False,,H24,1,AMD,,primary,0.03000837382549459,18.28484180554858,2022
,,,07af507b323e143118eb3365,time_value,,,1,1,2022-11-09,2022-11-09,,,215,,,2022-11-10,216,False,,,2022-11-09,,,,,,,"{""market_momentum"": 0.0458153966567898, ""market_volatility"": 0.015963603031839472, ""momentum"": 0.03973624848169344, ""volatility"": 0.03000837382549459, ""volume_state"": 18.28484180554858}",assumed_next_daily_close,,5,0000002488,,0.0458153966567898,0.015963603031839472,0.03973624848169344,,,,,,,534558a40281c620b08ab753,False,,,,,,,,,,,,,,,,,,,,,,,,,,,,,,,,,,,,,,,,,,,,,,,,bounded_preclose_bid_ask,,,,False,not_requested_for_horizon_or_variant,,,no_standard_contract_within_rules,event,covered_call,,no_standard_contract_within_rules,,,True,,H24,1,AMD,,primary,0.03000837382549459,18.28484180554858,2022
,,,07af507b323e143118eb3365,time_value,,,1,1,2022-11-09,2022-11-09,,,215,,,2022-11-10,216,False,,,2022-11-09,,,,,,,"{""market_momentum"": 0.0458153966567898, ""market_volatility"": 0.015963603031839472, ""momentum"": 0.03973624848169344, ""volatility"": 0.03000837382549459, ""volume_state"": 18.28484180554858}",assumed_next_daily_close,,10,0000002488,,0.0458153966567898,0.015963603031839472,0.03973624848169344,,,,,,,534558a40281c620b08ab753,False,,,,,,,,,,,,,,,,,,,,,,,,,,,,,,,,,,,,,,,,,,,,,,,,bounded_preclose_bid_ask,,,,False,not_sampled_or_missing_quotes,,,no_standard_contract_within_rules,event,covered_call,,no_standard_contract_within_rules,,,False,,H24,1,AMD,,primary,0.03000837382549459,18.28484180554858,2022
,,,07af507b323e143118eb3365,time_value,,,1,1,2022-11-09,2022-11-09,,,215,,,2022-11-10,216,False,,,2022-11-09,,,,,,,"{""market_momentum"": 0.0458153966567898, ""market_volatility"": 0.015963603031839472, ""momentum"": 0.03973624848169344, ""volatility"": 0.03000837382549459, ""volume_state"": 18.28484180554858}",assumed_next_daily_close,,10,0000002488,,0.0458153966567898,0.015963603031839472,0.03973624848169344,,,,,,,534558a40281c620b08ab753,False,,,,,,,,,,,,,,,,,,,,,,,,,,,,,,,,,,,,,,,,,,,,,,,,bounded_preclose_bid_ask,,,,False,not_sampled_or_missing_quotes,,,no_standard_contract_within_rules,event,covered_call,,no_standard_contract_within_rules,,,True,,H24,1,AMD,,primary,0.03000837382549459,18.28484180554858,2022
,,,07af507b323e143118eb3365,time_value,,,1,1,2022-11-09,2022-11-09,,,215,,,2022-11-10,216,False,,,2022-11-09,,,,,,,"{""market_momentum"": 0.0458153966567898, ""market_volatility"": 0.015963603031839472, ""momentum"": 0.03973624848169344, ""volatility"": 0.03000837382549459, ""volume_state"": 18.28484180554858}",assumed_next_daily_close,,21,0000002488,,0.0458153966567898,0.015963603031839472,0.03973624848169344,,,,,,,534558a40281c620b08ab753,False,,,,,,,,,,,,,,,,,,,,,,,,,,,,,,,,,,,,,,,,,,,,,,,,bounded_preclose_bid_ask,,,,False,not_requested_for_horizon_or_variant,,,no_standard_contract_within_rules,event,covered_call,,no_standard_contract_within_rules,,,False,,H24,1,AMD,,primary,0.03000837382549459,18.28484180554858,2022
,,,07af507b323e143118eb3365,time_value,,,1,1,2022-11-09,2022-11-09,,,215,,,2022-11-10,216,False,,,2022-11-09,,,,,,,"{""market_momentum"": 0.0458153966567898, ""market_volatility"": 0.015963603031839472, ""momentum"": 0.03973624848169344, ""volatility"": 0.03000837382549459, ""volume_state"": 18.28484180554858}",assumed_next_daily_close,,21,0000002488,,0.0458153966567898,0.015963603031839472,0.03973624848169344,,,,,,,534558a40281c620b08ab753,False,,,,,,,,,,,,,,,,,,,,,,,,,,,,,,,,,,,,,,,,,,,,,,,,bounded_preclose_bid_ask,,,,False,not_requested_for_horizon_or_variant,,,no_standard_contract_within_rules,event,covered_call,,no_standard_contract_within_rules,,,True,,H24,1,AMD,,primary,0.03000837382549459,18.28484180554858,2022
,,,07af507b323e143118eb3365,time_value,,,1,1,2022-11-09,2022-11-09,,,215,,,2022-11-10,216,False,,,2022-11-09,,,,,,,"{""market_momentum"": 0.0458153966567898, ""market_volatility"": 0.015963603031839472, ""momentum"": 0.03973624848169344, ""volatility"": 0.03000837382549459, ""volume_state"": 18.28484180554858}",assumed_next_daily_close,,42,0000002488,,0.0458153966567898,0.015963603031839472,0.03973624848169344,,,,,,,534558a40281c620b08ab753,False,,,,,,,,,,,,,,,,,,,,,,,,,,,,,,,,,,,,,,,,,,,,,,,,bounded_preclose_bid_ask,,,,False,not_requested_for_horizon_or_variant,,,no_standard_contract_within_rules,event,covered_call,,no_standard_contract_within_rules,,,False,,H24,1,AMD,,primary,0.03000837382549459,18.28484180554858,2022
,,,07af507b323e143118eb3365,time_value,,,1,1,2022-11-09,2022-11-09,,,215,,,2022-11-10,216,False,,,2022-11-09,,,,,,,"{""market_momentum"": 0.0458153966567898, ""market_volatility"": 0.015963603031839472, ""momentum"": 0.03973624848169344, ""volatility"": 0.03000837382549459, ""volume_state"": 18.28484180554858}",assumed_next_daily_close,,42,0000002488,,0.0458153966567898,0.015963603031839472,0.03973624848169344,,,,,,,534558a40281c620b08ab753,False,,,,,,,,,,,,,,,,,,,,,,,,,,,,,,,,,,,,,,,,,,,,,,,,bounded_preclose_bid_ask,,,,False,not_requested_for_horizon_or_variant,,,no_standard_contract_within_rules,event,covered_call,,no_standard_contract_within_rules,,,True,,H24,1,AMD,,primary,0.03000837382549459,18.28484180554858,2022
,,,07af507b323e143118eb3365,time_value,,,1,1,2022-11-09,2022-11-09,,,215,,,2022-11-10,216,False,,,2022-11-09,,,,,,,"{""market_momentum"": 0.0458153966567898, ""market_volatility"": 0.015963603031839472, ""momentum"": 0.03973624848169344, ""volatility"": 0.03000837382549459, ""volume_state"": 18.28484180554858}",assumed_next_daily_close,,63,0000002488,,0.0458153966567898,0.015963603031839472,0.03973624848169344,,,,,,,534558a40281c620b08ab753,False,,,,,,,,,,,,,,,,,,,,,,,,,,,,,,,,,,,,,,,,,,,,,,,,bounded_preclose_bid_ask,,,,False,not_requested_for_horizon_or_variant,,,no_standard_contract_within_rules,event,covered_call,,no_standard_contract_within_rules,,,False,,H24,1,AMD,,primary,0.03000837382549459,18.28484180554858,2022
,,,07af507b323e143118eb3365,time_value,,,1,1,2022-11-09,2022-11-09,,,215,,,2022-11-10,216,False,,,2022-11-09,,,,,,,"{""market_momentum"": 0.0458153966567898, ""market_volatility"": 0.015963603031839472, ""momentum"": 0.03973624848169344, ""volatility"": 0.03000837382549459, ""volume_state"": 18.28484180554858}",assumed_next_daily_close,,63,0000002488,,0.0458153966567898,0.015963603031839472,0.03973624848169344,,,,,,,534558a40281c620b08ab753,False,,,,,,,,,,,,,,,,,,,,,,,,,,,,,,,,,,,,,,,,,,,,,,,,bounded_preclose_bid_ask,,,,False,not_requested_for_horizon_or_variant,,,no_standard_contract_within_rules,event,covered_call,,no_standard_contract_within_rules,,,True,,H24,1,AMD,,primary,0.03000837382549459,18.28484180554858,2022
,,,07af507b323e143118eb3365,time_value,,,1,1,2022-11-09,2022-11-09,,,215,,,2022-11-10,216,False,,,2022-11-09,,,,,,,"{""market_momentum"": 0.0458153966567898, ""market_volatility"": 0.015963603031839472, ""momentum"": 0.03973624848169344, ""volatility"": 0.03000837382549459, ""volume_state"": 18.28484180554858}",assumed_next_daily_close,,expiry,0000002488,,0.0458153966567898,0.015963603031839472,0.03973624848169344,,,,,,,534558a40281c620b08ab753,False,,,,,,,,,,,,,,,,,,,,,,,,,,,,,,,,,,,,,,,,,,,,,,,,bounded_preclose_bid_ask,,,,False,not_requested_for_horizon_or_variant,,,no_standard_contract_within_rules,event,covered_call,,no_standard_contract_within_rules,,,False,,H24,1,AMD,,primary,0.03000837382549459,18.28484180554858,2022
,,,07af507b323e143118eb3365,time_value,,,1,1,2022-11-09,2022-11-09,,,215,,,2022-11-10,216,False,,,2022-11-09,,,,,,,"{""market_momentum"": 0.0458153966567898, ""market_volatility"": 0.015963603031839472, ""momentum"": 0.03973624848169344, ""volatility"": 0.03000837382549459, ""volume_state"": 18.28484180554858}",assumed_next_daily_close,,expiry,0000002488,,0.0458153966567898,0.015963603031839472,0.03973624848169344,,,,,,,534558a40281c620b08ab753,False,,,,,,,,,,,,,,,,,,,,,,,,,,,,,,,,,,,,,,,,,,,,,,,,bounded_preclose_bid_ask,,,,False,not_requested_for_horizon_or_variant,,,no_standard_contract_within_rules,event,covered_call,,no_standard_contract_within_rules,,,True,,H24,1,AMD,,primary,0.03000837382549459,18.28484180554858,2022
0.04487748811451864,2024-03-27,560,0be9cc5e2b665d794bf35fa2,time_value,65.917,O:BA240719C00200000,1,1,2024-03-25,2024-03-25,116,0.057468261846298524,558,0.0,0.006256000000000078,2024-03-26,559,True,2024-03-27,560,2024-10-16,97,8972192.0,2024-03-27,scheduled_exit,560,2024-07-19,"{""market_momentum"": 0.023471497489416127, ""market_volatility"": 0.006080918530468033, ""momentum"": -0.04690534282726688, ""volatility"": 0.017979831931677598, ""volume_state"": 16.021457434942242}",assumed_next_daily_close,18750.0,1,0000012927,0,0.023471497489416127,0.006080918530468033,-0.04690534282726688,180.433,0.009623093333333332,58.65,9.35,10.75,-140.00000000000003,7eff69414c40079dd291efa5,True,0.0022271714922048997,449,1.1067034065636765e-05,9035844.6,,,,,,,,,,,,,,,,,,,,,,,,,,,,,,,,,,,,,,,,,,,,bounded_preclose_bid_ask,,,,False,not_requested_for_horizon_or_variant,,,,ordinary,covered_call,100,completed,187.5,191.95,False,445.0,H24,1,BA,124.56700000000001,primary,0.017979831931677598,16.021457434942242,2024
0.04487748811451864,2024-03-27,560,0be9cc5e2b665d794bf35fa2,time_value,11.517,O:BA240719C00200000,1,1,2024-03-25,2024-03-25,116,0.057468261846298524,558,0.0,0.0012,2024-03-26,559,True,2024-03-27,560,2024-10-16,97,8972192.0,2024-03-27,scheduled_exit,560,2024-07-19,"{""market_momentum"": 0.023471497489416127, ""market_volatility"": 0.006080918530468033, ""momentum"": -0.04690534282726688, ""volatility"": 0.017979831931677598, ""volume_state"": 16.021457434942242}",assumed_next_daily_close,18750.0,1,0000012927,0,0.023471497489416127,0.006080918530468033,-0.04690534282726688,422.233,0.022519093333333334,11.249999999999998,9.35,0.0,-0.0,7eff69414c40079dd291efa5,True,0.0022271714922048997,449,1.1067034065636765e-05,9035844.6,,,,,,,,,,,,,,,,,,,,,,,,,,,,,,,,,,,,,,,,,,,,bounded_preclose_bid_ask,,,,False,not_requested_for_horizon_or_variant,,,,ordinary,covered_call,100,completed,187.5,191.95,True,445.0,H24,1,BA,22.766999999999996,primary,0.017979831931677598,16.021457434942242,2024
0.04487748811451864,2024-03-28,561,0be9cc5e2b665d794bf35fa2,time_value,68.7294,O:BA240719C00200000,1,1,2024-03-25,2024-03-25,116,0.057468261846298524,558,0.0,0.006256000000000078,2024-03-26,559,True,2024-03-28,561,2024-10-16,97,8972192.0,2024-03-28,scheduled_exit,561,2024-07-19,"{""market_momentum"": 0.023471497489416127, ""market_volatility"": 0.006080918530468033, ""momentum"": -0.04690534282726688, ""volatility"": 0.017979831931677598, ""volume_state"": 16.021457434942242}",assumed_next_daily_close,18750.0,2,0000012927,0,0.023471497489416127,0.006080918530468033,-0.04690534282726688,226.6205999999999,0.012086431999999996,58.65,9.35,11.3,-195.0000000000001,7eff69414c40079dd291efa5,True,0.0022271714922048997,449,1.1067034065636765e-05,9035844.6,,,,,,,,,,,,,,,,,,,,,,,,,,,,,,,,,,,,,,,,,,,,bounded_preclose_bid_ask,,,,False,not_requested_for_horizon_or_variant,,,,ordinary,covered_call,100,completed,187.5,192.99,False,549.0,H24,1,BA,127.3794,primary,0.017979831931677598,16.021457434942242,2024
0.04487748811451864,2024-03-28,561,0be9cc5e2b665d794bf35fa2,time_value,11.5794,O:BA240719C00200000,1,1,2024-03-25,2024-03-25,116,0.057468261846298524,558,0.0,0.0012,2024-03-26,559,True,2024-03-28,561,2024-10-16,97,8972192.0,2024-03-28,scheduled_exit,561,2024-07-19,"{""market_momentum"": 0.023471497489416127, ""market_volatility"": 0.006080918530468033, ""momentum"": -0.04690534282726688, ""volatility"": 0.017979831931677598, ""volume_state"": 16.021457434942242}",assumed_next_daily_close,18750.0,2,0000012927,0,0.023471497489416127,0.006080918530468033,-0.04690534282726688,526.1706,0.028062432000000002,11.249999999999998,9.35,0.0,-0.0,7eff69414c40079dd291efa5,True,0.0022271714922048997,449,1.1067034065636765e-05,9035844.6,,,,,,,,,,,,,,,,,,,,,,,,,,,,,,,,,,,,,,,,,,,,bounded_preclose_bid_ask,,,,False,not_requested_for_horizon_or_variant,,,,ordinary,covered_call,100,completed,187.5,192.99,True,549.0,H24,1,BA,22.8294,primary,0.017979831931677598,16.021457434942242,2024
0.04487748811451864,2024-04-01,562,0be9cc5e2b665d794bf35fa2,time_value,61.870000000000005,O:BA240719C00200000,1,1,2024-03-25,2024-03-25,116,0.057468261846298524,558,0.0,0.006256000000000078,2024-03-26,559,True,2024-04-01,562,2024-10-16,97,8972192.0,2024-04-01,scheduled_exit,562,2024-07-19,"{""market_momentum"": 0.023471497489416127, ""market_volatility"": 0.006080918530468033, ""momentum"": -0.04690534282726688, ""volatility"": 0.017979831931677598, ""volume_state"": 16.021457434942242}",assumed_next_daily_close,18750.0,3,0000012927,0,0.023471497489416127,0.006080918530468033,-0.04690534282726688,17.479999999999876,0.0009322666666666601,58.65,9.35,9.97,-62.0000000000001,7eff69414c40079dd291efa5,True,0.0022271714922048997,449,1.1067034065636765e-05,9035844.6,,,,,,,,,,,,,,,,,,,,,,,,,,,,,,,,,,,,,,,,,,,,bounded_preclose_bid_ask,,,,False,not_requested_for_horizon_or_variant,,,,ordinary,covered_call,100,completed,187.5,189.5,False,200.0,H24,1,BA,120.52000000000001,primary,0.017979831931677598,16.021457434942242,2024
0.04487748811451864,2024-04-01,562,0be9cc5e2b665d794bf35fa2,time_value,11.37,O:BA240719C00200000,1,1,2024-03-25,2024-03-25,116,0.057468261846298524,558,0.0,0.0012,2024-03-26,559,True,2024-04-01,562,2024-10-16,97,8972192.0,2024-04-01,scheduled_exit,562,2024-07-19,"{""market_momentum"": 0.023471497489416127, ""market_volatility"": 0.006080918530468033, ""momentum"": -0.04690534282726688, ""volatility"": 0.017979831931677598, ""volume_state"": 16.021457434942242}",assumed_next_daily_close,18750.0,3,0000012927,0,0.023471497489416127,0.006080918530468033,-0.04690534282726688,177.38,0.009460266666666666,11.249999999999998,9.35,0.0,-0.0,7eff69414c40079dd291efa5,True,0.0022271714922048997,449,1.1067034065636765e-05,9035844.6,,,,,,,,,,,,,,,,,,,,,,,,,,,,,,,,,,,,,,,,,,,,bounded_preclose_bid_ask,,,,False,not_requested_for_horizon_or_variant,,,,ordinary,covered_call,100,completed,187.5,189.5,True,200.0,H24,1,BA,22.619999999999997,primary,0.017979831931677598,16.021457434942242,2024
0.04487748811451864,2024-04-03,564,0be9cc5e2b665d794bf35fa2,time_value,51.7452,O:BA240719C00200000,1,1,2024-03-25,2024-03-25,116,0.057468261846298524,558,0.0,0.012447744000000002,2024-03-26,559,True,2024-04-03,564,2024-10-16,97,8972192.0,2024-04-03,scheduled_exit,564,2024-07-19,"{""market_momentum"": 0.023471497489416127, ""market_volatility"": 0.006080918530468033, ""momentum"": -0.04690534282726688, ""volatility"": 0.017979831931677598, ""volume_state"": 16.021457434942242}",assumed_next_daily_close,18750.0,5,0000012927,0,0.023471497489416127,0.006080918530468033,-0.04690534282726688,-233.39520000000005,-0.012447744000000002,58.65,9.35,8,134.99999999999997,7eff69414c40079dd291efa5,True,0.0022271714922048997,449,1.1067034065636765e-05,9035844.6,,,,,,,,,,,,,,,,,,,,,,,,,,,,,,,,,,,,,,,,,,,,bounded_preclose_bid_ask,,,,False,not_requested_for_horizon_or_variant,,,,ordinary,covered_call,100,completed,187.5,184.92,False,-258.0,H24,1,BA,110.39519999999999,primary,0.017979831931677598,16.021457434942242,2024
0.04487748811451864,2024-04-03,564,0be9cc5e2b665d794bf35fa2,time_value,11.095199999999998,O:BA240719C00200000,1,1,2024-03-25,2024-03-25,116,0.057468261846298524,558,0.0,0.014951744,2024-03-26,559,True,2024-04-03,564,2024-10-16,97,8972192.0,2024-04-03,scheduled_exit,564,2024-07-19,"{""market_momentum"": 0.023471497489416127, ""market_volatility"": 0.006080918530468033, ""momentum"": -0.04690534282726688, ""volatility"": 0.017979831931677598, ""volume_state"": 16.021457434942242}",assumed_next_daily_close,18750.0,5,0000012927,0,0.023471497489416127,0.006080918530468033,-0.04690534282726688,-280.3452,-0.014951744,11.249999999999998,9.35,0.0,-0.0,7eff69414c40079dd291efa5,True,0.0022271714922048997,449,1.1067034065636765e-05,9035844.6,,,,,,,,,,,,,,,,,,,,,,,,,,,,,,,,,,,,,,,,,,,,bounded_preclose_bid_ask,,,,False,not_requested_for_horizon_or_variant,,,,ordinary,covered_call,100,completed,187.5,184.92,True,-258.0,H24,1,BA,22.3452,primary,0.017979831931677598,16.021457434942242,2024
0.04487748811451864,2024-04-10,569,0be9cc5e2b665d794bf35fa2,time_value,32.7278,O:BA240719C00200000,1,1,2024-03-25,2024-03-25,116,0.057468261846298524,558,0.0,0.046686816,2024-03-26,559,True,2024-04-10,569,2024-10-16,97,8972192.0,2024-04-10,scheduled_exit,569,2024-07-19,"{""market_momentum"": 0.023471497489416127, ""market_volatility"": 0.006080918530468033, ""momentum"": -0.04690534282726688, ""volatility"": 0.017979831931677598, ""volume_state"": 16.021457434942242}",assumed_next_daily_close,18750.0,10,0000012927,0,0.023471497489416127,0.006080918530468033,-0.04690534282726688,-875.3778,-0.046686816,58.65,9.35,4.32,502.99999999999994,7eff69414c40079dd291efa5,True,0.0022271714922048997,449,1.1067034065636765e-05,9035844.6,,3.080447488,11.5,106,11.3,11,0.017543859649122744,0.002734592,191.41,7800,191.39,4500,0.00010449320794153727,,,,2.244565504,9.8,30,9.55,13,0.025839793281653745,,0.00598784,187.54,2100,187.5,6600,0.00021331058020473574,,,,,,,,,,,,,,,bounded_preclose_bid_ask,,,,False,exit_asynchronous_quotes,,,,ordinary,covered_call,100,completed,187.5,174.63,False,-1287.0,H24,1,BA,91.37780000000001,primary,0.017979831931677598,16.021457434942242,2024
0.04487748811451864,2024-04-10,569,0be9cc5e2b665d794bf35fa2,time_value,10.477799999999998,O:BA240719C00200000,1,1,2024-03-25,2024-03-25,116,0.057468261846298524,558,0.0,0.069798816,2024-03-26,559,True,2024-04-10,569,2024-10-16,97,8972192.0,2024-04-10,scheduled_exit,569,2024-07-19,"{""market_momentum"": 0.023471497489416127, ""market_volatility"": 0.006080918530468033, ""momentum"": -0.04690534282726688, ""volatility"": 0.017979831931677598, ""volume_state"": 16.021457434942242}",assumed_next_daily_close,18750.0,10,0000012927,0,0.023471497489416127,0.006080918530468033,-0.04690534282726688,-1308.7278,-0.069798816,11.249999999999998,9.35,0.0,-0.0,7eff69414c40079dd291efa5,True,0.0022271714922048997,449,1.1067034065636765e-05,9035844.6,,3.080447488,11.5,106,11.3,11,0.017543859649122744,0.002734592,191.41,7800,191.39,4500,0.00010449320794153727,,,,2.244565504,9.8,30,9.55,13,0.025839793281653745,,0.00598784,187.54,2100,187.5,6600,0.00021331058020473574,,,,,,,,,,,,,,,bounded_preclose_bid_ask,,,,False,exit_asynchronous_quotes,,,,ordinary,covered_call,100,completed,187.5,174.63,True,-1287.0,H24,1,BA,21.727799999999995,primary,0.017979831931677598,16.021457434942242,2024
0.04487748811451864,2024-04-25,580,0be9cc5e2b665d794bf35fa2,time_value,17.3086,O:BA240719C00200000,1,1,2024-03-25,2024-03-25,116,0.057468261846298524,558,0.0,0.08377918933333342,2024-03-26,559,True,2024-04-25,580,2024-10-16,97,8972192.0,2024-04-25,scheduled_exit,580,2024-07-19,"{""market_momentum"": 0.023471497489416127, ""market_volatility"": 0.006080918530468033, ""momentum"": -0.04690534282726688, ""volatility"": 0.017979831931677598, ""volume_state"": 16.021457434942242}",assumed_next_daily_close,18750.0,21,0000012927,0,0.023471497489416127,0.006080918530468033,-0.04690534282726688,-1342.9586000000002,-0.07162445866666668,58.65,9.35,1.33,802.0,7eff69414c40079dd291efa5,True,0.0022271714922048997,449,1.1067034065636765e-05,9035844.6,,,,,,,,,,,,,,,,,,,,,,,,,,,,,,,,,,,,,,,,,,,,bounded_preclose_bid_ask,,,,False,not_requested_for_horizon_or_variant,,,,ordinary,covered_call,100,completed,187.5,166.81,False,-2069.0,H24,1,BA,75.95859999999999,primary,0.017979831931677598,16.021457434942242,2024
0.04487748811451864,2024-04-25,580,0be9cc5e2b665d794bf35fa2,time_value,10.0086,O:BA240719C00200000,1,1,2024-03-25,2024-03-25,116,0.057468261846298524,558,0.0,0.12469918933333335,2024-03-26,559,True,2024-04-25,580,2024-10-16,97,8972192.0,2024-04-25,scheduled_exit,580,2024-07-19,"{""market_momentum"": 0.023471497489416127, ""market_volatility"": 0.006080918530468033, ""momentum"": -0.04690534282726688, ""volatility"": 0.017979831931677598, ""volume_state"": 16.021457434942242}",assumed_next_daily_close,18750.0,21,0000012927,0,0.023471497489416127,0.006080918530468033,-0.04690534282726688,-2090.2586,-0.11148045866666667,11.249999999999998,9.35,0.0,-0.0,7eff69414c40079dd291efa5,True,0.0022271714922048997,449,1.1067034065636765e-05,9035844.6,,,,,,,,,,,,,,,,,,,,,,,,,,,,,,,,,,,,,,,,,,,,bounded_preclose_bid_ask,,,,False,not_requested_for_horizon_or_variant,,,,ordinary,covered_call,100,completed,187.5,166.81,True,-2069.0,H24,1,BA,21.258599999999998,primary,0.017979831931677598,16.021457434942242,2024
0.04487748811451864,2024-05-24,601,0be9cc5e2b665d794bf35fa2,time_value,18.9212,O:BA240719C00200000,1,1,2024-03-25,2024-03-25,116,0.057468261846298524,558,0.0,0.08377918933333342,2024-03-26,559,True,2024-05-24,601,2024-10-16,97,8972192.0,2024-05-24,scheduled_exit,601,2024-07-19,"{""market_momentum"": 0.023471497489416127, ""market_volatility"": 0.006080918530468033, ""momentum"": -0.04690534282726688, ""volatility"": 0.017979831931677598, ""volume_state"": 16.021457434942242}",assumed_next_daily_close,18750.0,42,0000012927,0,0.023471497489416127,0.006080918530468033,-0.04690534282726688,-596.5712000000001,-0.03181713066666667,58.65,9.35,1.56,778.9999999999999,7eff69414c40079dd291efa5,True,0.0022271714922048997,449,1.1067034065636765e-05,9035844.6,,,,,,,,,,,,,,,,,,,,,,,,,,,,,,,,,,,,,,,,,,,,bounded_preclose_bid_ask,,,,False,not_requested_for_horizon_or_variant,,,,ordinary,covered_call,100,completed,187.5,174.52,False,-1298.0,H24,1,BA,77.5712,primary,0.017979831931677598,16.021457434942242,2024
0.04487748811451864,2024-05-24,601,0be9cc5e2b665d794bf35fa2,time_value,10.4712,O:BA240719C00200000,1,1,2024-03-25,2024-03-25,116,0.057468261846298524,558,0.0,0.12469918933333335,2024-03-26,559,True,2024-05-24,601,2024-10-16,97,8972192.0,2024-05-24,scheduled_exit,601,2024-07-19,"{""market_momentum"": 0.023471497489416127, ""market_volatility"": 0.006080918530468033, ""momentum"": -0.04690534282726688, ""volatility"": 0.017979831931677598, ""volume_state"": 16.021457434942242}",assumed_next_daily_close,18750.0,42,0000012927,0,0.023471497489416127,0.006080918530468033,-0.04690534282726688,-1319.7212,-0.07038513066666667,11.249999999999998,9.35,0.0,-0.0,7eff69414c40079dd291efa5,True,0.0022271714922048997,449,1.1067034065636765e-05,9035844.6,,,,,,,,,,,,,,,,,,,,,,,,,,,,,,,,,,,,,,,,,,,,bounded_preclose_bid_ask,,,,False,not_requested_for_horizon_or_variant,,,,ordinary,covered_call,100,completed,187.5,174.52,True,-1298.0,H24,1,BA,21.721199999999996,primary,0.017979831931677598,16.021457434942242,2024
0.04487748811451864,2024-06-26,622,0be9cc5e2b665d794bf35fa2,time_value,13.709999999999999,O:BA240719C00200000,1,1,2024-03-25,2024-03-25,116,0.057468261846298524,558,0.0,0.08377918933333342,2024-03-26,559,True,2024-06-26,622,2024-10-16,97,8972192.0,2024-06-26,scheduled_exit,622,2024-07-19,"{""market_momentum"": 0.023471497489416127, ""market_volatility"": 0.006080918530468033, ""momentum"": -0.04690534282726688, ""volatility"": 0.017979831931677598, ""volume_state"": 16.021457434942242}",assumed_next_daily_close,18750.0,63,0000012927,0,0.023471497489416127,0.006080918530468033,-0.04690534282726688,-84.36000000000011,-0.004499200000000006,58.65,9.35,0.47,887.9999999999999,7eff69414c40079dd291efa5,True,0.0022271714922048997,449,1.1067034065636765e-05,9035844.6,,,,,,,,,,,,,,,,,,,,,,,,,,,,,,,,,,,,,,,,,,,,bounded_preclose_bid_ask,,,,False,not_requested_for_horizon_or_variant,,,,ordinary,covered_call,100,completed,187.5,178.5,False,-900.0,H24,1,BA,72.36,primary,0.017979831931677598,16.021457434942242,2024
0.04487748811451864,2024-06-26,622,0be9cc5e2b665d794bf35fa2,time_value,10.709999999999999,O:BA240719C00200000,1,1,2024-03-25,2024-03-25,116,0.057468261846298524,558,0.0,0.12469918933333335,2024-03-26,559,True,2024-06-26,622,2024-10-16,97,8972192.0,2024-06-26,scheduled_exit,622,2024-07-19,"{""market_momentum"": 0.023471497489416127, ""market_volatility"": 0.006080918530468033, ""momentum"": -0.04690534282726688, ""volatility"": 0.017979831931677598, ""volume_state"": 16.021457434942242}",assumed_next_daily_close,18750.0,63,0000012927,0,0.023471497489416127,0.006080918530468033,-0.04690534282726688,-921.96,-0.049171200000000005,11.249999999999998,9.35,0.0,-0.0,7eff69414c40079dd291efa5,True,0.0022271714922048997,449,1.1067034065636765e-05,9035844.6,,,,,,,,,,,,,,,,,,,,,,,,,,,,,,,,,,,,,,,,,,,,bounded_preclose_bid_ask,,,,False,not_requested_for_horizon_or_variant,,,,ordinary,covered_call,100,completed,187.5,178.5,True,-900.0,H24,1,BA,21.959999999999997,primary,0.017979831931677598,16.021457434942242,2024
0.04487748811451864,2024-07-19,638,0be9cc5e2b665d794bf35fa2,time_value,11.4302,O:BA240719C00200000,1,1,2024-03-25,2024-03-25,116,0.057468261846298524,558,0.0,0.08377918933333342,2024-03-26,559,True,2024-07-19,638,2024-10-16,97,8972192.0,2024-07-19,expiry_worthless,638,2024-07-19,"{""market_momentum"": 0.023471497489416127, ""market_volatility"": 0.006080918530468033, ""momentum"": -0.04690534282726688, ""volatility"": 0.017979831931677598, ""volume_state"": 16.021457434942242}",assumed_next_daily_close,18750.0,expiry,0000012927,0,0.023471497489416127,0.006080918530468033,-0.04690534282726688,81.9198,0.004369056,58.65,9.35,0.0,935.0,7eff69414c40079dd291efa5,True,0.0022271714922048997,449,1.1067034065636765e-05,9035844.6,,,,,,,,,,,,,,,,,,,,,,,,,,,,,,,,,,,,,,,,,,,,bounded_preclose_bid_ask,,,,False,not_requested_for_horizon_or_variant,,,,ordinary,covered_call,100,completed,187.5,179.67,False,-783.0,H24,1,BA,70.08019999999999,primary,0.017979831931677598,16.021457434942242,2024
0.04487748811451864,2024-07-19,638,0be9cc5e2b665d794bf35fa2,time_value,10.780199999999999,O:BA240719C00200000,1,1,2024-03-25,2024-03-25,116,0.057468261846298524,558,0.0,0.12469918933333335,2024-03-26,559,True,2024-07-19,638,2024-10-16,97,8972192.0,2024-07-19,scheduled_exit,638,2024-07-19,"{""market_momentum"": 0.023471497489416127, ""market_volatility"": 0.006080918530468033, ""momentum"": -0.04690534282726688, ""volatility"": 0.017979831931677598, ""volume_state"": 16.021457434942242}",assumed_next_daily_close,18750.0,expiry,0000012927,0,0.023471497489416127,0.006080918530468033,-0.04690534282726688,-805.0302,-0.042934944,11.249999999999998,9.35,0.0,-0.0,7eff69414c40079dd291efa5,True,0.0022271714922048997,449,1.1067034065636765e-05,9035844.6,,,,,,,,,,,,,,,,,,,,,,,,,,,,,,,,,,,,,,,,,,,,bounded_preclose_bid_ask,,,,False,not_requested_for_horizon_or_variant,,,,ordinary,covered_call,100,completed,187.5,179.67,True,-783.0,H24,1,BA,22.030199999999997,primary,0.017979831931677598,16.021457434942242,2024
,,,0e1686438df9d9bddd409418,time_value,,,1,1,2025-09-04,2025-09-04,,,920,,,2025-09-05,921,False,,,2025-09-04,,,,,,,"{""market_momentum"": 0.03367995286399017, ""market_volatility"": 0.006123424176556381, ""momentum"": -0.03226400755360059, ""volatility"": 0.01656814303686816, ""volume_state"": 14.893484783790424}",assumed_next_daily_close,,1,0000018230,,0.03367995286399017,0.006123424176556381,-0.03226400755360059,,,,,,,72ac797f7e8b06ab2a2713c9,False,,,,,,,,,,,,,,,,,,,,,,,,,,,,,,,,,,,,,,,,,,,,,,,,bounded_preclose_bid_ask,,,,False,not_requested_for_horizon_or_variant,,,missing_decision_or_entry_bar,event,protective_put,,missing_decision_or_entry_bar,,,False,,H24,1,CAT,,primary,0.01656814303686816,14.893484783790424,2025
,,,0e1686438df9d9bddd409418,time_value,,,1,1,2025-09-04,2025-09-04,,,920,,,2025-09-05,921,False,,,2025-09-04,,,,,,,"{""market_momentum"": 0.03367995286399017, ""market_volatility"": 0.006123424176556381, ""momentum"": -0.03226400755360059, ""volatility"": 0.01656814303686816, ""volume_state"": 14.893484783790424}",assumed_next_daily_close,,1,0000018230,,0.03367995286399017,0.006123424176556381,-0.03226400755360059,,,,,,,72ac797f7e8b06ab2a2713c9,False,,,,,,,,,,,,,,,,,,,,,,,,,,,,,,,,,,,,,,,,,,,,,,,,bounded_preclose_bid_ask,,,,False,not_requested_for_horizon_or_variant,,,missing_decision_or_entry_bar,event,protective_put,,missing_decision_or_entry_bar,,,True,,H24,1,CAT,,primary,0.01656814303686816,14.893484783790424,2025
,,,0e1686438df9d9bddd409418,time_value,,,1,1,2025-09-04,2025-09-04,,,920,,,2025-09-05,921,False,,,2025-09-04,,,,,,,"{""market_momentum"": 0.03367995286399017, ""market_volatility"": 0.006123424176556381, ""momentum"": -0.03226400755360059, ""volatility"": 0.01656814303686816, ""volume_state"": 14.893484783790424}",assumed_next_daily_close,,2,0000018230,,0.03367995286399017,0.006123424176556381,-0.03226400755360059,,,,,,,72ac797f7e8b06ab2a2713c9,False,,,,,,,,,,,,,,,,,,,,,,,,,,,,,,,,,,,,,,,,,,,,,,,,bounded_preclose_bid_ask,,,,False,not_requested_for_horizon_or_variant,,,missing_decision_or_entry_bar,event,protective_put,,missing_decision_or_entry_bar,,,False,,H24,1,CAT,,primary,0.01656814303686816,14.893484783790424,2025
,,,0e1686438df9d9bddd409418,time_value,,,1,1,2025-09-04,2025-09-04,,,920,,,2025-09-05,921,False,,,2025-09-04,,,,,,,"{""market_momentum"": 0.03367995286399017, ""market_volatility"": 0.006123424176556381, ""momentum"": -0.03226400755360059, ""volatility"": 0.01656814303686816, ""volume_state"": 14.893484783790424}",assumed_next_daily_close,,2,0000018230,,0.03367995286399017,0.006123424176556381,-0.03226400755360059,,,,,,,72ac797f7e8b06ab2a2713c9,False,,,,,,,,,,,,,,,,,,,,,,,,,,,,,,,,,,,,,,,,,,,,,,,,bounded_preclose_bid_ask,,,,False,not_requested_for_horizon_or_variant,,,missing_decision_or_entry_bar,event,protective_put,,missing_decision_or_entry_bar,,,True,,H24,1,CAT,,primary,0.01656814303686816,14.893484783790424,2025
,,,0e1686438df9d9bddd409418,time_value,,,1,1,2025-09-04,2025-09-04,,,920,,,2025-09-05,921,False,,,2025-09-04,,,,,,,"{""market_momentum"": 0.03367995286399017, ""market_volatility"": 0.006123424176556381, ""momentum"": -0.03226400755360059, ""volatility"": 0.01656814303686816, ""volume_state"": 14.893484783790424}",assumed_next_daily_close,,3,0000018230,,0.03367995286399017,0.006123424176556381,-0.03226400755360059,,,,,,,72ac797f7e8b06ab2a2713c9,False,,,,,,,,,,,,,,,,,,,,,,,,,,,,,,,,,,,,,,,,,,,,,,,,bounded_preclose_bid_ask,,,,False,not_requested_for_horizon_or_variant,,,missing_decision_or_entry_bar,event,protective_put,,missing_decision_or_entry_bar,,,False,,H24,1,CAT,,primary,0.01656814303686816,14.893484783790424,2025
,,,0e1686438df9d9bddd409418,time_value,,,1,1,2025-09-04,2025-09-04,,,920,,,2025-09-05,921,False,,,2025-09-04,,,,,,,"{""market_momentum"": 0.03367995286399017, ""market_volatility"": 0.006123424176556381, ""momentum"": -0.03226400755360059, ""volatility"": 0.01656814303686816, ""volume_state"": 14.893484783790424}",assumed_next_daily_close,,3,0000018230,,0.03367995286399017,0.006123424176556381,-0.03226400755360059,,,,,,,72ac797f7e8b06ab2a2713c9,False,,,,,,,,,,,,,,,,,,,,,,,,,,,,,,,,,,,,,,,,,,,,,,,,bounded_preclose_bid_ask,,,,False,not_requested_for_horizon_or_variant,,,missing_decision_or_entry_bar,event,protective_put,,missing_decision_or_entry_bar,,,True,,H24,1,CAT,,primary,0.01656814303686816,14.893484783790424,2025
,,,0e1686438df9d9bddd409418,time_value,,,1,1,2025-09-04,2025-09-04,,,920,,,2025-09-05,921,False,,,2025-09-04,,,,,,,"{""market_momentum"": 0.03367995286399017, ""market_volatility"": 0.006123424176556381, ""momentum"": -0.03226400755360059, ""volatility"": 0.01656814303686816, ""volume_state"": 14.893484783790424}",assumed_next_daily_close,,5,0000018230,,0.03367995286399017,0.006123424176556381,-0.03226400755360059,,,,,,,72ac797f7e8b06ab2a2713c9,False,,,,,,,,,,,,,,,,,,,,,,,,,,,,,,,,,,,,,,,,,,,,,,,,bounded_preclose_bid_ask,,,,False,not_requested_for_horizon_or_variant,,,missing_decision_or_entry_bar,event,protective_put,,missing_decision_or_entry_bar,,,False,,H24,1,CAT,,primary,0.01656814303686816,14.893484783790424,2025
,,,0e1686438df9d9bddd409418,time_value,,,1,1,2025-09-04,2025-09-04,,,920,,,2025-09-05,921,False,,,2025-09-04,,,,,,,"{""market_momentum"": 0.03367995286399017, ""market_volatility"": 0.006123424176556381, ""momentum"": -0.03226400755360059, ""volatility"": 0.01656814303686816, ""volume_state"": 14.893484783790424}",assumed_next_daily_close,,5,0000018230,,0.03367995286399017,0.006123424176556381,-0.03226400755360059,,,,,,,72ac797f7e8b06ab2a2713c9,False,,,,,,,,,,,,,,,,,,,,,,,,,,,,,,,,,,,,,,,,,,,,,,,,bounded_preclose_bid_ask,,,,False,not_requested_for_horizon_or_variant,,,missing_decision_or_entry_bar,event,protective_put,,missing_decision_or_entry_bar,,,True,,H24,1,CAT,,primary,0.01656814303686816,14.893484783790424,2025
,,,0e1686438df9d9bddd409418,time_value,,,1,1,2025-09-04,2025-09-04,,,920,,,2025-09-05,921,False,,,2025-09-04,,,,,,,"{""market_momentum"": 0.03367995286399017, ""market_volatility"": 0.006123424176556381, ""momentum"": -0.03226400755360059, ""volatility"": 0.01656814303686816, ""volume_state"": 14.893484783790424}",assumed_next_daily_close,,10,0000018230,,0.03367995286399017,0.006123424176556381,-0.03226400755360059,,,,,,,72ac797f7e8b06ab2a2713c9,False,,,,,,,,,,,,,,,,,,,,,,,,,,,,,,,,,,,,,,,,,,,,,,,,bounded_preclose_bid_ask,,,,False,bar_outcome_not_completed,,,missing_decision_or_entry_bar,event,protective_put,,missing_decision_or_entry_bar,,,False,,H24,1,CAT,,primary,0.01656814303686816,14.893484783790424,2025
,,,0e1686438df9d9bddd409418,time_value,,,1,1,2025-09-04,2025-09-04,,,920,,,2025-09-05,921,False,,,2025-09-04,,,,,,,"{""market_momentum"": 0.03367995286399017, ""market_volatility"": 0.006123424176556381, ""momentum"": -0.03226400755360059, ""volatility"": 0.01656814303686816, ""volume_state"": 14.893484783790424}",assumed_next_daily_close,,10,0000018230,,0.03367995286399017,0.006123424176556381,-0.03226400755360059,,,,,,,72ac797f7e8b06ab2a2713c9,False,,,,,,,,,,,,,,,,,,,,,,,,,,,,,,,,,,,,,,,,,,,,,,,,bounded_preclose_bid_ask,,,,False,bar_outcome_not_completed,,,missing_decision_or_entry_bar,event,protective_put,,missing_decision_or_entry_bar,,,True,,H24,1,CAT,,primary,0.01656814303686816,14.893484783790424,2025
,,,0e1686438df9d9bddd409418,time_value,,,1,1,2025-09-04,2025-09-04,,,920,,,2025-09-05,921,False,,,2025-09-04,,,,,,,"{""market_momentum"": 0.03367995286399017, ""market_volatility"": 0.006123424176556381, ""momentum"": -0.03226400755360059, ""volatility"": 0.01656814303686816, ""volume_state"": 14.893484783790424}",assumed_next_daily_close,,21,0000018230,,0.03367995286399017,0.006123424176556381,-0.03226400755360059,,,,,,,72ac797f7e8b06ab2a2713c9,False,,,,,,,,,,,,,,,,,,,,,,,,,,,,,,,,,,,,,,,,,,,,,,,,bounded_preclose_bid_ask,,,,False,not_requested_for_horizon_or_variant,,,missing_decision_or_entry_bar,event,protective_put,,missing_decision_or_entry_bar,,,False,,H24,1,CAT,,primary,0.01656814303686816,14.893484783790424,2025
,,,0e1686438df9d9bddd409418,time_value,,,1,1,2025-09-04,2025-09-04,,,920,,,2025-09-05,921,False,,,2025-09-04,,,,,,,"{""market_momentum"": 0.03367995286399017, ""market_volatility"": 0.006123424176556381, ""momentum"": -0.03226400755360059, ""volatility"": 0.01656814303686816, ""volume_state"": 14.893484783790424}",assumed_next_daily_close,,21,0000018230,,0.03367995286399017,0.006123424176556381,-0.03226400755360059,,,,,,,72ac797f7e8b06ab2a2713c9,False,,,,,,,,,,,,,,,,,,,,,,,,,,,,,,,,,,,,,,,,,,,,,,,,bounded_preclose_bid_ask,,,,False,not_requested_for_horizon_or_variant,,,missing_decision_or_entry_bar,event,protective_put,,missing_decision_or_entry_bar,,,True,,H24,1,CAT,,primary,0.01656814303686816,14.893484783790424,2025
,,,0e1686438df9d9bddd409418,time_value,,,1,1,2025-09-04,2025-09-04,,,920,,,2025-09-05,921,False,,,2025-09-04,,,,,,,"{""market_momentum"": 0.03367995286399017, ""market_volatility"": 0.006123424176556381, ""momentum"": -0.03226400755360059, ""volatility"": 0.01656814303686816, ""volume_state"": 14.893484783790424}",assumed_next_daily_close,,42,0000018230,,0.03367995286399017,0.006123424176556381,-0.03226400755360059,,,,,,,72ac797f7e8b06ab2a2713c9,False,,,,,,,,,,,,,,,,,,,,,,,,,,,,,,,,,,,,,,,,,,,,,,,,bounded_preclose_bid_ask,,,,False,not_requested_for_horizon_or_variant,,,missing_decision_or_entry_bar,event,protective_put,,missing_decision_or_entry_bar,,,False,,H24,1,CAT,,primary,0.01656814303686816,14.893484783790424,2025
,,,0e1686438df9d9bddd409418,time_value,,,1,1,2025-09-04,2025-09-04,,,920,,,2025-09-05,921,False,,,2025-09-04,,,,,,,"{""market_momentum"": 0.03367995286399017, ""market_volatility"": 0.006123424176556381, ""momentum"": -0.03226400755360059, ""volatility"": 0.01656814303686816, ""volume_state"": 14.893484783790424}",assumed_next_daily_close,,42,0000018230,,0.03367995286399017,0.006123424176556381,-0.03226400755360059,,,,,,,72ac797f7e8b06ab2a2713c9,False,,,,,,,,,,,,,,,,,,,,,,,,,,,,,,,,,,,,,,,,,,,,,,,,bounded_preclose_bid_ask,,,,False,not_requested_for_horizon_or_variant,,,missing_decision_or_entry_bar,event,protective_put,,missing_decision_or_entry_bar,,,True,,H24,1,CAT,,primary,0.01656814303686816,14.893484783790424,2025
,,,0e1686438df9d9bddd409418,time_value,,,1,1,2025-09-04,2025-09-04,,,920,,,2025-09-05,921,False,,,2025-09-04,,,,,,,"{""market_momentum"": 0.03367995286399017, ""market_volatility"": 0.006123424176556381, ""momentum"": -0.03226400755360059, ""volatility"": 0.01656814303686816, ""volume_state"": 14.893484783790424}",assumed_next_daily_close,,63,0000018230,,0.03367995286399017,0.006123424176556381,-0.03226400755360059,,,,,,,72ac797f7e8b06ab2a2713c9,False,,,,,,,,,,,,,,,,,,,,,,,,,,,,,,,,,,,,,,,,,,,,,,,,bounded_preclose_bid_ask,,,,False,not_requested_for_horizon_or_variant,,,missing_decision_or_entry_bar,event,protective_put,,missing_decision_or_entry_bar,,,False,,H24,1,CAT,,primary,0.01656814303686816,14.893484783790424,2025
,,,0e1686438df9d9bddd409418,time_value,,,1,1,2025-09-04,2025-09-04,,,920,,,2025-09-05,921,False,,,2025-09-04,,,,,,,"{""market_momentum"": 0.03367995286399017, ""market_volatility"": 0.006123424176556381, ""momentum"": -0.03226400755360059, ""volatility"": 0.01656814303686816, ""volume_state"": 14.893484783790424}",assumed_next_daily_close,,63,0000018230,,0.03367995286399017,0.006123424176556381,-0.03226400755360059,,,,,,,72ac797f7e8b06ab2a2713c9,False,,,,,,,,,,,,,,,,,,,,,,,,,,,,,,,,,,,,,,,,,,,,,,,,bounded_preclose_bid_ask,,,,False,not_requested_for_horizon_or_variant,,,missing_decision_or_entry_bar,event,protective_put,,missing_decision_or_entry_bar,,,True,,H24,1,CAT,,primary,0.01656814303686816,14.893484783790424,2025
,,,0e1686438df9d9bddd409418,time_value,,,1,1,2025-09-04,2025-09-04,,,920,,,2025-09-05,921,False,,,2025-09-04,,,,,,,"{""market_momentum"": 0.03367995286399017, ""market_volatility"": 0.006123424176556381, ""momentum"": -0.03226400755360059, ""volatility"": 0.01656814303686816, ""volume_state"": 14.893484783790424}",assumed_next_daily_close,,expiry,0000018230,,0.03367995286399017,0.006123424176556381,-0.03226400755360059,,,,,,,72ac797f7e8b06ab2a2713c9,False,,,,,,,,,,,,,,,,,,,,,,,,,,,,,,,,,,,,,,,,,,,,,,,,bounded_preclose_bid_ask,,,,False,not_requested_for_horizon_or_variant,,,missing_decision_or_entry_bar,event,protective_put,,missing_decision_or_entry_bar,,,False,,H24,1,CAT,,primary,0.01656814303686816,14.893484783790424,2025
,,,0e1686438df9d9bddd409418,time_value,,,1,1,2025-09-04,2025-09-04,,,920,,,2025-09-05,921,False,,,2025-09-04,,,,,,,"{""market_momentum"": 0.03367995286399017, ""market_volatility"": 0.006123424176556381, ""momentum"": -0.03226400755360059, ""volatility"": 0.01656814303686816, ""volume_state"": 14.893484783790424}",assumed_next_daily_close,,expiry,0000018230,,0.03367995286399017,0.006123424176556381,-0.03226400755360059,,,,,,,72ac797f7e8b06ab2a2713c9,False,,,,,,,,,,,,,,,,,,,,,,,,,,,,,,,,,,,,,,,,,,,,,,,,bounded_preclose_bid_ask,,,,False,not_requested_for_horizon_or_variant,,,missing_decision_or_entry_bar,event,protective_put,,missing_decision_or_entry_bar,,,True,,H24,1,CAT,,primary,0.01656814303686816,14.893484783790424,2025
,,,10c730db245775636f72b370,time_value,,,1,1,2024-10-01,2024-10-01,,,689,,,2024-10-02,690,False,,,2025-04-01,,,,,,,"{""market_momentum"": 0.008763837638376515, ""market_volatility"": 0.008516893617383467, ""momentum"": 0.0753231017770597, ""volatility"": 0.03037397851474746, ""volume_state"": 17.310388834714}",assumed_next_daily_close,,1,0000002488,,0.008763837638376515,0.008516893617383467,0.0753231017770597,,,,,,,d0f8bb099b163d06e3b72da6,False,,,,,,,,,,,,,,,,,,,,,,,,,,,,,,,,,,,,,,,,,,,,,,,,bounded_preclose_bid_ask,,,,False,not_requested_for_horizon_or_variant,,,no_standard_contract_within_rules,ordinary,protective_put,,no_standard_contract_within_rules,,,False,,H24,1,AMD,,primary,0.03037397851474746,17.310388834714,2024
,,,10c730db245775636f72b370,time_value,,,1,1,2024-10-01,2024-10-01,,,689,,,2024-10-02,690,False,,,2025-04-01,,,,,,,"{""market_momentum"": 0.008763837638376515, ""market_volatility"": 0.008516893617383467, ""momentum"": 0.0753231017770597, ""volatility"": 0.03037397851474746, ""volume_state"": 17.310388834714}",assumed_next_daily_close,,1,0000002488,,0.008763837638376515,0.008516893617383467,0.0753231017770597,,,,,,,d0f8bb099b163d06e3b72da6,False,,,,,,,,,,,,,,,,,,,,,,,,,,,,,,,,,,,,,,,,,,,,,,,,bounded_preclose_bid_ask,,,,False,not_requested_for_horizon_or_variant,,,no_standard_contract_within_rules,ordinary,protective_put,,no_standard_contract_within_rules,,,True,,H24,1,AMD,,primary,0.03037397851474746,17.310388834714,2024
,,,10c730db245775636f72b370,time_value,,,1,1,2024-10-01,2024-10-01,,,689,,,2024-10-02,690,False,,,2025-04-01,,,,,,,"{""market_momentum"": 0.008763837638376515, ""market_volatility"": 0.008516893617383467, ""momentum"": 0.0753231017770597, ""volatility"": 0.03037397851474746, ""volume_state"": 17.310388834714}",assumed_next_daily_close,,2,0000002488,,0.008763837638376515,0.008516893617383467,0.0753231017770597,,,,,,,d0f8bb099b163d06e3b72da6,False,,,,,,,,,,,,,,,,,,,,,,,,,,,,,,,,,,,,,,,,,,,,,,,,bounded_preclose_bid_ask,,,,False,not_requested_for_horizon_or_variant,,,no_standard_contract_within_rules,ordinary,protective_put,,no_standard_contract_within_rules,,,False,,H24,1,AMD,,primary,0.03037397851474746,17.310388834714,2024
,,,10c730db245775636f72b370,time_value,,,1,1,2024-10-01,2024-10-01,,,689,,,2024-10-02,690,False,,,2025-04-01,,,,,,,"{""market_momentum"": 0.008763837638376515, ""market_volatility"": 0.008516893617383467, ""momentum"": 0.0753231017770597, ""volatility"": 0.03037397851474746, ""volume_state"": 17.310388834714}",assumed_next_daily_close,,2,0000002488,,0.008763837638376515,0.008516893617383467,0.0753231017770597,,,,,,,d0f8bb099b163d06e3b72da6,False,,,,,,,,,,,,,,,,,,,,,,,,,,,,,,,,,,,,,,,,,,,,,,,,bounded_preclose_bid_ask,,,,False,not_requested_for_horizon_or_variant,,,no_standard_contract_within_rules,ordinary,protective_put,,no_standard_contract_within_rules,,,True,,H24,1,AMD,,primary,0.03037397851474746,17.310388834714,2024
,,,10c730db245775636f72b370,time_value,,,1,1,2024-10-01,2024-10-01,,,689,,,2024-10-02,690,False,,,2025-04-01,,,,,,,"{""market_momentum"": 0.008763837638376515, ""market_volatility"": 0.008516893617383467, ""momentum"": 0.0753231017770597, ""volatility"": 0.03037397851474746, ""volume_state"": 17.310388834714}",assumed_next_daily_close,,3,0000002488,,0.008763837638376515,0.008516893617383467,0.0753231017770597,,,,,,,d0f8bb099b163d06e3b72da6,False,,,,,,,,,,,,,,,,,,,,,,,,,,,,,,,,,,,,,,,,,,,,,,,,bounded_preclose_bid_ask,,,,False,not_requested_for_horizon_or_variant,,,no_standard_contract_within_rules,ordinary,protective_put,,no_standard_contract_within_rules,,,False,,H24,1,AMD,,primary,0.03037397851474746,17.310388834714,2024
,,,10c730db245775636f72b370,time_value,,,1,1,2024-10-01,2024-10-01,,,689,,,2024-10-02,690,False,,,2025-04-01,,,,,,,"{""market_momentum"": 0.008763837638376515, ""market_volatility"": 0.008516893617383467, ""momentum"": 0.0753231017770597, ""volatility"": 0.03037397851474746, ""volume_state"": 17.310388834714}",assumed_next_daily_close,,3,0000002488,,0.008763837638376515,0.008516893617383467,0.0753231017770597,,,,,,,d0f8bb099b163d06e3b72da6,False,,,,,,,,,,,,,,,,,,,,,,,,,,,,,,,,,,,,,,,,,,,,,,,,bounded_preclose_bid_ask,,,,False,not_requested_for_horizon_or_variant,,,no_standard_contract_within_rules,ordinary,protective_put,,no_standard_contract_within_rules,,,True,,H24,1,AMD,,primary,0.03037397851474746,17.310388834714,2024
,,,10c730db245775636f72b370,time_value,,,1,1,2024-10-01,2024-10-01,,,689,,,2024-10-02,690,False,,,2025-04-01,,,,,,,"{""market_momentum"": 0.008763837638376515, ""market_volatility"": 0.008516893617383467, ""momentum"": 0.0753231017770597, ""volatility"": 0.03037397851474746, ""volume_state"": 17.310388834714}",assumed_next_daily_close,,5,0000002488,,0.008763837638376515,0.008516893617383467,0.0753231017770597,,,,,,,d0f8bb099b163d06e3b72da6,False,,,,,,,,,,,,,,,,,,,,,,,,,,,,,,,,,,,,,,,,,,,,,,,,bounded_preclose_bid_ask,,,,False,not_requested_for_horizon_or_variant,,,no_standard_contract_within_rules,ordinary,protective_put,,no_standard_contract_within_rules,,,False,,H24,1,AMD,,primary,0.03037397851474746,17.310388834714,2024
,,,10c730db245775636f72b370,time_value,,,1,1,2024-10-01,2024-10-01,,,689,,,2024-10-02,690,False,,,2025-04-01,,,,,,,"{""market_momentum"": 0.008763837638376515, ""market_volatility"": 0.008516893617383467, ""momentum"": 0.0753231017770597, ""volatility"": 0.03037397851474746, ""volume_state"": 17.310388834714}",assumed_next_daily_close,,5,0000002488,,0.008763837638376515,0.008516893617383467,0.0753231017770597,,,,,,,d0f8bb099b163d06e3b72da6,False,,,,,,,,,,,,,,,,,,,,,,,,,,,,,,,,,,,,,,,,,,,,,,,,bounded_preclose_bid_ask,,,,False,not_requested_for_horizon_or_variant,,,no_standard_contract_within_rules,ordinary,protective_put,,no_standard_contract_within_rules,,,True,,H24,1,AMD,,primary,0.03037397851474746,17.310388834714,2024
,,,10c730db245775636f72b370,time_value,,,1,1,2024-10-01,2024-10-01,,,689,,,2024-10-02,690,False,,,2025-04-01,,,,,,,"{""market_momentum"": 0.008763837638376515, ""market_volatility"": 0.008516893617383467, ""momentum"": 0.0753231017770597, ""volatility"": 0.03037397851474746, ""volume_state"": 17.310388834714}",assumed_next_daily_close,,10,0000002488,,0.008763837638376515,0.008516893617383467,0.0753231017770597,,,,,,,d0f8bb099b163d06e3b72da6,False,,,,,,,,,,,,,,,,,,,,,,,,,,,,,,,,,,,,,,,,,,,,,,,,bounded_preclose_bid_ask,,,,False,not_sampled_or_missing_quotes,,,no_standard_contract_within_rules,ordinary,protective_put,,no_standard_contract_within_rules,,,False,,H24,1,AMD,,primary,0.03037397851474746,17.310388834714,2024
,,,10c730db245775636f72b370,time_value,,,1,1,2024-10-01,2024-10-01,,,689,,,2024-10-02,690,False,,,2025-04-01,,,,,,,"{""market_momentum"": 0.008763837638376515, ""market_volatility"": 0.008516893617383467, ""momentum"": 0.0753231017770597, ""volatility"": 0.03037397851474746, ""volume_state"": 17.310388834714}",assumed_next_daily_close,,10,0000002488,,0.008763837638376515,0.008516893617383467,0.0753231017770597,,,,,,,d0f8bb099b163d06e3b72da6,False,,,,,,,,,,,,,,,,,,,,,,,,,,,,,,,,,,,,,,,,,,,,,,,,bounded_preclose_bid_ask,,,,False,not_sampled_or_missing_quotes,,,no_standard_contract_within_rules,ordinary,protective_put,,no_standard_contract_within_rules,,,True,,H24,1,AMD,,primary,0.03037397851474746,17.310388834714,2024
,,,10c730db245775636f72b370,time_value,,,1,1,2024-10-01,2024-10-01,,,689,,,2024-10-02,690,False,,,2025-04-01,,,,,,,"{""market_momentum"": 0.008763837638376515, ""market_volatility"": 0.008516893617383467, ""momentum"": 0.0753231017770597, ""volatility"": 0.03037397851474746, ""volume_state"": 17.310388834714}",assumed_next_daily_close,,21,0000002488,,0.008763837638376515,0.008516893617383467,0.0753231017770597,,,,,,,d0f8bb099b163d06e3b72da6,False,,,,,,,,,,,,,,,,,,,,,,,,,,,,,,,,,,,,,,,,,,,,,,,,bounded_preclose_bid_ask,,,,False,not_requested_for_horizon_or_variant,,,no_standard_contract_within_rules,ordinary,protective_put,,no_standard_contract_within_rules,,,False,,H24,1,AMD,,primary,0.03037397851474746,17.310388834714,2024
,,,10c730db245775636f72b370,time_value,,,1,1,2024-10-01,2024-10-01,,,689,,,2024-10-02,690,False,,,2025-04-01,,,,,,,"{""market_momentum"": 0.008763837638376515, ""market_volatility"": 0.008516893617383467, ""momentum"": 0.0753231017770597, ""volatility"": 0.03037397851474746, ""volume_state"": 17.310388834714}",assumed_next_daily_close,,21,0000002488,,0.008763837638376515,0.008516893617383467,0.0753231017770597,,,,,,,d0f8bb099b163d06e3b72da6,False,,,,,,,,,,,,,,,,,,,,,,,,,,,,,,,,,,,,,,,,,,,,,,,,bounded_preclose_bid_ask,,,,False,not_requested_for_horizon_or_variant,,,no_standard_contract_within_rules,ordinary,protective_put,,no_standard_contract_within_rules,,,True,,H24,1,AMD,,primary,0.03037397851474746,17.310388834714,2024
,,,10c730db245775636f72b370,time_value,,,1,1,2024-10-01,2024-10-01,,,689,,,2024-10-02,690,False,,,2025-04-01,,,,,,,"{""market_momentum"": 0.008763837638376515, ""market_volatility"": 0.008516893617383467, ""momentum"": 0.0753231017770597, ""volatility"": 0.03037397851474746, ""volume_state"": 17.310388834714}",assumed_next_daily_close,,42,0000002488,,0.008763837638376515,0.008516893617383467,0.0753231017770597,,,,,,,d0f8bb099b163d06e3b72da6,False,,,,,,,,,,,,,,,,,,,,,,,,,,,,,,,,,,,,,,,,,,,,,,,,bounded_preclose_bid_ask,,,,False,not_requested_for_horizon_or_variant,,,no_standard_contract_within_rules,ordinary,protective_put,,no_standard_contract_within_rules,,,False,,H24,1,AMD,,primary,0.03037397851474746,17.310388834714,2024
,,,10c730db245775636f72b370,time_value,,,1,1,2024-10-01,2024-10-01,,,689,,,2024-10-02,690,False,,,2025-04-01,,,,,,,"{""market_momentum"": 0.008763837638376515, ""market_volatility"": 0.008516893617383467, ""momentum"": 0.0753231017770597, ""volatility"": 0.03037397851474746, ""volume_state"": 17.310388834714}",assumed_next_daily_close,,42,0000002488,,0.008763837638376515,0.008516893617383467,0.0753231017770597,,,,,,,d0f8bb099b163d06e3b72da6,False,,,,,,,,,,,,,,,,,,,,,,,,,,,,,,,,,,,,,,,,,,,,,,,,bounded_preclose_bid_ask,,,,False,not_requested_for_horizon_or_variant,,,no_standard_contract_within_rules,ordinary,protective_put,,no_standard_contract_within_rules,,,True,,H24,1,AMD,,primary,0.03037397851474746,17.310388834714,2024
,,,10c730db245775636f72b370,time_value,,,1,1,2024-10-01,2024-10-01,,,689,,,2024-10-02,690,False,,,2025-04-01,,,,,,,"{""market_momentum"": 0.008763837638376515, ""market_volatility"": 0.008516893617383467, ""momentum"": 0.0753231017770597, ""volatility"": 0.03037397851474746, ""volume_state"": 17.310388834714}",assumed_next_daily_close,,63,0000002488,,0.008763837638376515,0.008516893617383467,0.0753231017770597,,,,,,,d0f8bb099b163d06e3b72da6,False,,,,,,,,,,,,,,,,,,,,,,,,,,,,,,,,,,,,,,,,,,,,,,,,bounded_preclose_bid_ask,,,,False,not_requested_for_horizon_or_variant,,,no_standard_contract_within_rules,ordinary,protective_put,,no_standard_contract_within_rules,,,False,,H24,1,AMD,,primary,0.03037397851474746,17.310388834714,2024
,,,10c730db245775636f72b370,time_value,,,1,1,2024-10-01,2024-10-01,,,689,,,2024-10-02,690,False,,,2025-04-01,,,,,,,"{""market_momentum"": 0.008763837638376515, ""market_volatility"": 0.008516893617383467, ""momentum"": 0.0753231017770597, ""volatility"": 0.03037397851474746, ""volume_state"": 17.310388834714}",assumed_next_daily_close,,63,0000002488,,0.008763837638376515,0.008516893617383467,0.0753231017770597,,,,,,,d0f8bb099b163d06e3b72da6,False,,,,,,,,,,,,,,,,,,,,,,,,,,,,,,,,,,,,,,,,,,,,,,,,bounded_preclose_bid_ask,,,,False,not_requested_for_horizon_or_variant,,,no_standard_contract_within_rules,ordinary,protective_put,,no_standard_contract_within_rules,,,True,,H24,1,AMD,,primary,0.03037397851474746,17.310388834714,2024
,,,10c730db245775636f72b370,time_value,,,1,1,2024-10-01,2024-10-01,,,689,,,2024-10-02,690,False,,,2025-04-01,,,,,,,"{""market_momentum"": 0.008763837638376515, ""market_volatility"": 0.008516893617383467, ""momentum"": 0.0753231017770597, ""volatility"": 0.03037397851474746, ""volume_state"": 17.310388834714}",assumed_next_daily_close,,expiry,0000002488,,0.008763837638376515,0.008516893617383467,0.0753231017770597,,,,,,,d0f8bb099b163d06e3b72da6,False,,,,,,,,,,,,,,,,,,,,,,,,,,,,,,,,,,,,,,,,,,,,,,,,bounded_preclose_bid_ask,,,,False,not_requested_for_horizon_or_variant,,,no_standard_contract_within_rules,ordinary,protective_put,,no_standard_contract_within_rules,,,False,,H24,1,AMD,,primary,0.03037397851474746,17.310388834714,2024
,,,10c730db245775636f72b370,time_value,,,1,1,2024-10-01,2024-10-01,,,689,,,2024-10-02,690,False,,,2025-04-01,,,,,,,"{""market_momentum"": 0.008763837638376515, ""market_volatility"": 0.008516893617383467, ""momentum"": 0.0753231017770597, ""volatility"": 0.03037397851474746, ""volume_state"": 17.310388834714}",assumed_next_daily_close,,expiry,0000002488,,0.008763837638376515,0.008516893617383467,0.0753231017770597,,,,,,,d0f8bb099b163d06e3b72da6,False,,,,,,,,,,,,,,,,,,,,,,,,,,,,,,,,,,,,,,,,,,,,,,,,bounded_preclose_bid_ask,,,,False,not_requested_for_horizon_or_variant,,,no_standard_contract_within_rules,ordinary,protective_put,,no_standard_contract_within_rules,,,True,,H24,1,AMD,,primary,0.03037397851474746,17.310388834714,2024
0.04754230459307007,2025-02-21,786,12c8c3525c9f907bccf65fdd,time_value,49.778999999999996,O:BA250620C00195000,1,1,2025-02-19,2025-02-19,121,0.053612677947891485,784,0.0,0.021936189739053515,2025-02-20,785,True,2025-02-21,786,2025-08-29,16,7863048.0,2025-02-21,scheduled_exit,786,2025-06-20,"{""market_momentum"": 0.025686937313832203, ""market_volatility"": 0.006510620194781785, ""momentum"": 0.08802384709801858, ""volatility"": 0.017356846300137604, ""volume_state"": 15.836491628411189}",assumed_next_daily_close,18088.0,1,0000012927,0,0.025686937313832203,0.006510620194781785,0.08802384709801858,-396.7818,-0.021936189739053515,54.00279999999999,8.5,7.7,79.99999999999999,0dfa4412015472803f67ca06,True,0.00847457627118644,118,1.619477206198413e-05,6174832.2,,,,,,,,,,,,,,,,,,,,,,,,,,,,,,,,,,,,,,,,,,,,bounded_preclose_bid_ask,,,,False,not_requested_for_horizon_or_variant,,,,ordinary,covered_call,100,completed,180.88,177.15,False,-373.0,H24,1,BA,103.78179999999999,primary,0.017356846300137604,15.836491628411189,2025
0.04754230459307007,2025-02-21,786,12c8c3525c9f907bccf65fdd,time_value,10.629,O:BA250620C00195000,1,1,2025-02-19,2025-02-19,121,0.053612677947891485,784,0.0,0.02180903361344538,2025-02-20,785,True,2025-02-21,786,2025-08-29,16,7863048.0,2025-02-21,scheduled_exit,786,2025-06-20,"{""market_momentum"": 0.025686937313832203, ""market_volatility"": 0.006510620194781785, ""momentum"": 0.08802384709801858, ""volatility"": 0.017356846300137604, ""volume_state"": 15.836491628411189}",assumed_next_daily_close,18088.0,1,0000012927,0,0.025686937313832203,0.006510620194781785,0.08802384709801858,-394.4818,-0.02180903361344538,10.852799999999998,8.5,0.0,-0.0,0dfa4412015472803f67ca06,True,0.00847457627118644,118,1.619477206198413e-05,6174832.2,,,,,,,,,,,,,,,,,,,,,,,,,,,,,,,,,,,,,,,,,,,,bounded_preclose_bid_ask,,,,False,not_requested_for_horizon_or_variant,,,,ordinary,covered_call,100,completed,180.88,177.15,True,-373.0,H24,1,BA,21.4818,primary,0.017356846300137604,15.836491628411189,2025
0.04754230459307007,2025-02-24,787,12c8c3525c9f907bccf65fdd,time_value,56.69460000000001,O:BA250620C00195000,1,1,2025-02-19,2025-02-19,121,0.053612677947891485,784,0.0,0.021936189739053428,2025-02-20,785,True,2025-02-24,787,2025-08-29,16,7863048.0,2025-02-24,scheduled_exit,787,2025-06-20,"{""market_momentum"": 0.025686937313832203, ""market_volatility"": 0.006510620194781785, ""momentum"": 0.08802384709801858, ""volatility"": 0.017356846300137604, ""volume_state"": 15.836491628411189}",assumed_next_daily_close,18088.0,2,0000012927,0,0.025686937313832203,0.006510620194781785,0.08802384709801858,-262.6974,-0.014523297213622293,54.00279999999999,8.5,9.05,-55.00000000000007,0dfa4412015472803f67ca06,True,0.00847457627118644,118,1.619477206198413e-05,6174832.2,,,,,,,,,,,,,,,,,,,,,,,,,,,,,,,,,,,,,,,,,,,,bounded_preclose_bid_ask,,,,False,not_requested_for_horizon_or_variant,,,,ordinary,covered_call,100,completed,180.88,179.91,False,-97.0,H24,1,BA,110.6974,primary,0.017356846300137604,15.836491628411189,2025
0.04754230459307007,2025-02-24,787,12c8c3525c9f907bccf65fdd,time_value,10.794599999999999,O:BA250620C00195000,1,1,2025-02-19,2025-02-19,121,0.053612677947891485,784,0.0,0.02180903361344541,2025-02-20,785,True,2025-02-24,787,2025-08-29,16,7863048.0,2025-02-24,scheduled_exit,787,2025-06-20,"{""market_momentum"": 0.025686937313832203, ""market_volatility"": 0.006510620194781785, ""momentum"": 0.08802384709801858, ""volatility"": 0.017356846300137604, ""volume_state"": 15.836491628411189}",assumed_next_daily_close,18088.0,2,0000012927,0,0.025686937313832203,0.006510620194781785,0.08802384709801858,-118.6474,-0.006559453781512605,10.852799999999998,8.5,0.0,-0.0,0dfa4412015472803f67ca06,True,0.00847457627118644,118,1.619477206198413e-05,6174832.2,,,,,,,,,,,,,,,,,,,,,,,,,,,,,,,,,,,,,,,,,,,,bounded_preclose_bid_ask,,,,False,not_requested_for_horizon_or_variant,,,,ordinary,covered_call,100,completed,180.88,179.91,True,-97.0,H24,1,BA,21.647399999999998,primary,0.017356846300137604,15.836491628411189,2025
0.04754230459307007,2025-02-25,788,12c8c3525c9f907bccf65fdd,time_value,47.6962,O:BA250620C00195000,1,1,2025-02-19,2025-02-19,121,0.053612677947891485,784,0.0,0.021936189739053428,2025-02-20,785,True,2025-02-25,788,2025-08-29,16,7863048.0,2025-02-25,scheduled_exit,788,2025-06-20,"{""market_momentum"": 0.025686937313832203, ""market_volatility"": 0.006510620194781785, ""momentum"": 0.08802384709801858, ""volatility"": 0.017356846300137604, ""volume_state"": 15.836491628411189}",assumed_next_daily_close,18088.0,3,0000012927,0,0.025686937313832203,0.006510620194781785,0.08802384709801858,-239.69899999999993,-0.013251824413976113,54.00279999999999,8.5,7.27,123.00000000000004,0dfa4412015472803f67ca06,True,0.00847457627118644,118,1.619477206198413e-05,6174832.2,,,,,,,,,,,,,,,,,,,,,,,,,,,,,,,,,,,,,,,,,,,,bounded_preclose_bid_ask,,,,False,not_requested_for_horizon_or_variant,,,,ordinary,covered_call,100,completed,180.88,178.27,False,-261.0,H24,1,BA,101.69899999999998,primary,0.017356846300137604,15.836491628411189,2025
0.04754230459307007,2025-02-25,788,12c8c3525c9f907bccf65fdd,time_value,10.6962,O:BA250620C00195000,1,1,2025-02-19,2025-02-19,121,0.053612677947891485,784,0.0,0.02180903361344541,2025-02-20,785,True,2025-02-25,788,2025-08-29,16,7863048.0,2025-02-25,scheduled_exit,788,2025-06-20,"{""market_momentum"": 0.025686937313832203, ""market_volatility"": 0.006510620194781785, ""momentum"": 0.08802384709801858, ""volatility"": 0.017356846300137604, ""volume_state"": 15.836491628411189}",assumed_next_daily_close,18088.0,3,0000012927,0,0.025686937313832203,0.006510620194781785,0.08802384709801858,-282.549,-0.01562079831932773,10.852799999999998,8.5,0.0,-0.0,0dfa4412015472803f67ca06,True,0.00847457627118644,118,1.619477206198413e-05,6174832.2,,,,,,,,,,,,,,,,,,,,,,,,,,,,,,,,,,,,,,,,,,,,bounded_preclose_bid_ask,,,,False,not_requested_for_horizon_or_variant,,,,ordinary,covered_call,100,completed,180.88,178.27,True,-261.0,H24,1,BA,21.549,primary,0.017356846300137604,15.836491628411189,2025
0.04754230459307007,2025-02-27,790,12c8c3525c9f907bccf65fdd,time_value,42.8298,O:BA250620C00195000,1,1,2025-02-19,2025-02-19,121,0.053612677947891485,784,0.0,0.03390563909774427,2025-02-20,785,True,2025-02-27,790,2025-08-29,16,7863048.0,2025-02-27,scheduled_exit,790,2025-06-20,"{""market_momentum"": 0.025686937313832203, ""market_volatility"": 0.006510620194781785, ""momentum"": 0.08802384709801858, ""volatility"": 0.017356846300137604, ""volume_state"": 15.836491628411189}",assumed_next_daily_close,18088.0,5,0000012927,0,0.025686937313832203,0.006510620194781785,0.08802384709801858,-586.8326,-0.03244319991154356,54.00279999999999,8.5,6.35,215.00000000000003,0dfa4412015472803f67ca06,True,0.00847457627118644,118,1.619477206198413e-05,6174832.2,,,,,,,,,,,,,,,,,,,,,,,,,,,,,,,,,,,,,,,,,,,,bounded_preclose_bid_ask,,,,False,not_requested_for_horizon_or_variant,,,,ordinary,covered_call,100,completed,180.88,173.83,False,-705.0,H24,1,BA,96.83259999999999,primary,0.017356846300137604,15.836491628411189,2025
0.04754230459307007,2025-02-27,790,12c8c3525c9f907bccf65fdd,time_value,10.429799999999998,O:BA250620C00195000,1,1,2025-02-19,2025-02-19,121,0.053612677947891485,784,0.0,0.04451764705882356,2025-02-20,785,True,2025-02-27,790,2025-08-29,16,7863048.0,2025-02-27,scheduled_exit,790,2025-06-20,"{""market_momentum"": 0.025686937313832203, ""market_volatility"": 0.006510620194781785, ""momentum"": 0.08802384709801858, ""volatility"": 0.017356846300137604, ""volume_state"": 15.836491628411189}",assumed_next_daily_close,18088.0,5,0000012927,0,0.025686937313832203,0.006510620194781785,0.08802384709801858,-726.2826,-0.04015273109243697,10.852799999999998,8.5,0.0,-0.0,0dfa4412015472803f67ca06,True,0.00847457627118644,118,1.619477206198413e-05,6174832.2,,,,,,,,,,,,,,,,,,,,,,,,,,,,,,,,,,,,,,,,,,,,bounded_preclose_bid_ask,,,,False,not_requested_for_horizon_or_variant,,,,ordinary,covered_call,100,completed,180.88,173.83,True,-705.0,H24,1,BA,21.282599999999995,primary,0.017356846300137604,15.836491628411189,2025
0.04754230459307007,2025-03-06,795,12c8c3525c9f907bccf65fdd,time_value,24.9058,O:BA250620C00195000,1,1,2025-02-19,2025-02-19,121,0.053612677947891485,784,0.0,0.09779459310039805,2025-02-20,785,True,2025-03-06,795,2025-08-29,16,7863048.0,2025-03-06,scheduled_exit,795,2025-06-20,"{""market_momentum"": 0.025686937313832203, ""market_volatility"": 0.006510620194781785, ""momentum"": 0.08802384709801858, ""volatility"": 0.017356846300137604, ""volume_state"": 15.836491628411189}",assumed_next_daily_close,18088.0,10,0000012927,0,0.025686937313832203,0.006510620194781785,0.08802384709801858,-1768.9086,-0.09779459310039805,54.00279999999999,8.5,2.95,555.0,0dfa4412015472803f67ca06,True,0.00847457627118644,118,1.619477206198413e-05,6174832.2,,,,,,,,,,,,,,,,,,,,,,,,,,,,,,,,,,,,,,,,,,,,bounded_preclose_bid_ask,,,,False,decision_asynchronous_quotes,,,,ordinary,covered_call,100,completed,180.88,158.43,False,-2245.0,H24,1,BA,78.90859999999999,primary,0.017356846300137604,15.836491628411189,2025
0.04754230459307007,2025-03-06,795,12c8c3525c9f907bccf65fdd,time_value,9.505799999999999,O:BA250620C00195000,1,1,2025-02-19,2025-02-19,121,0.053612677947891485,784,0.0,0.12524096638655463,2025-02-20,785,True,2025-03-06,795,2025-08-29,16,7863048.0,2025-03-06,scheduled_exit,795,2025-06-20,"{""market_momentum"": 0.025686937313832203, ""market_volatility"": 0.006510620194781785, ""momentum"": 0.08802384709801858, ""volatility"": 0.017356846300137604, ""volume_state"": 15.836491628411189}",assumed_next_daily_close,18088.0,10,0000012927,0,0.025686937313832203,0.006510620194781785,0.08802384709801858,-2265.3586,-0.12524096638655463,10.852799999999998,8.5,0.0,-0.0,0dfa4412015472803f67ca06,True,0.00847457627118644,118,1.619477206198413e-05,6174832.2,,,,,,,,,,,,,,,,,,,,,,,,,,,,,,,,,,,,,,,,,,,,bounded_preclose_bid_ask,,,,False,decision_asynchronous_quotes,,,,ordinary,covered_call,100,completed,180.88,158.43,True,-2245.0,H24,1,BA,20.358599999999996,primary,0.017356846300137604,15.836491628411189,2025
0.04754230459307007,2025-03-21,806,12c8c3525c9f907bccf65fdd,time_value,42.7866,O:BA250620C00195000,1,1,2025-02-19,2025-02-19,121,0.053612677947891485,784,0.0,0.14716341220698798,2025-02-20,785,True,2025-03-21,806,2025-08-29,16,7863048.0,2025-03-21,scheduled_exit,806,2025-06-20,"{""market_momentum"": 0.025686937313832203, ""market_volatility"": 0.006510620194781785, ""momentum"": 0.08802384709801858, ""volatility"": 0.017356846300137604, ""volume_state"": 15.836491628411189}",assumed_next_daily_close,18088.0,21,0000012927,0,0.025686937313832203,0.006510620194781785,0.08802384709801858,-152.7894,-0.008447003538257409,54.00279999999999,8.5,6.29,221.0,0dfa4412015472803f67ca06,True,0.00847457627118644,118,1.619477206198413e-05,6174832.2,,,,,,,,,,,,,,,,,,,,,,,,,,,,,,,,,,,,,,,,,,,,bounded_preclose_bid_ask,,,,False,not_requested_for_horizon_or_variant,,,,ordinary,covered_call,100,completed,180.88,178.11,False,-277.0,H24,1,BA,96.7894,primary,0.017356846300137604,15.836491628411189,2025
0.04754230459307007,2025-03-21,806,12c8c3525c9f907bccf65fdd,time_value,10.686599999999999,O:BA250620C00195000,1,1,2025-02-19,2025-02-19,121,0.053612677947891485,784,0.0,0.18204012605042022,2025-02-20,785,True,2025-03-21,806,2025-08-29,16,7863048.0,2025-03-21,scheduled_exit,806,2025-06-20,"{""market_momentum"": 0.025686937313832203, ""market_volatility"": 0.006510620194781785, ""momentum"": 0.08802384709801858, ""volatility"": 0.017356846300137604, ""volume_state"": 15.836491628411189}",assumed_next_daily_close,18088.0,21,0000012927,0,0.025686937313832203,0.006510620194781785,0.08802384709801858,-298.5394,-0.01650483193277311,10.852799999999998,8.5,0.0,-0.0,0dfa4412015472803f67ca06,True,0.00847457627118644,118,1.619477206198413e-05,6174832.2,,,,,,,,,,,,,,,,,,,,,,,,,,,,,,,,,,,,,,,,,,,,bounded_preclose_bid_ask,,,,False,not_requested_for_horizon_or_variant,,,,ordinary,covered_call,100,completed,180.88,178.11,True,-277.0,H24,1,BA,21.539399999999997,primary,0.017356846300137604,15.836491628411189,2025
0.04754230459307007,2025-04-22,827,12c8c3525c9f907bccf65fdd,time_value,19.601200000000002,O:BA250620C00195000,1,1,2025-02-19,2025-02-19,121,0.053612677947891485,784,0.0,0.20760991817779734,2025-02-20,785,True,2025-04-22,827,2025-08-29,16,7863048.0,2025-04-22,scheduled_exit,827,2025-06-20,"{""market_momentum"": 0.025686937313832203, ""market_volatility"": 0.006510620194781785, ""momentum"": 0.08802384709801858, ""volatility"": 0.017356846300137604, ""volume_state"": 15.836491628411189}",assumed_next_daily_close,18088.0,42,0000012927,0,0.025686937313832203,0.006510620194781785,0.08802384709801858,-1243.6039999999982,-0.06875298540468809,54.00279999999999,8.5,1.84,666.0,0dfa4412015472803f67ca06,True,0.00847457627118644,118,1.619477206198413e-05,6174832.2,,,,,,,,,,,,,,,,,,,,,,,,,,,,,,,,,,,,,,,,,,,,bounded_preclose_bid_ask,,,,False,not_requested_for_horizon_or_variant,,,,ordinary,covered_call,100,completed,180.88,162.52,False,-1835.9999999999982,H24,1,BA,73.604,primary,0.017356846300137604,15.836491628411189,2025
0.04754230459307007,2025-04-22,827,12c8c3525c9f907bccf65fdd,time_value,9.7512,O:BA250620C00195000,1,1,2025-02-19,2025-02-19,121,0.053612677947891485,784,0.0,0.24591155462184874,2025-02-20,785,True,2025-04-22,827,2025-08-29,16,7863048.0,2025-04-22,scheduled_exit,827,2025-06-20,"{""market_momentum"": 0.025686937313832203, ""market_volatility"": 0.006510620194781785, ""momentum"": 0.08802384709801858, ""volatility"": 0.017356846300137604, ""volume_state"": 15.836491628411189}",assumed_next_daily_close,18088.0,42,0000012927,0,0.025686937313832203,0.006510620194781785,0.08802384709801858,-1856.603999999998,-0.10264285714285704,10.852799999999998,8.5,0.0,-0.0,0dfa4412015472803f67ca06,True,0.00847457627118644,118,1.619477206198413e-05,6174832.2,,,,,,,,,,,,,,,,,,,,,,,,,,,,,,,,,,,,,,,,,,,,bounded_preclose_bid_ask,,,,False,not_requested_for_horizon_or_variant,,,,ordinary,covered_call,100,completed,180.88,162.52,True,-1835.9999999999982,H24,1,BA,20.604,primary,0.017356846300137604,15.836491628411189,2025
0.04754230459307007,2025-05-21,848,12c8c3525c9f907bccf65fdd,time_value,76.3926,O:BA250620C00195000,1,1,2025-02-19,2025-02-19,121,0.053612677947891485,784,0.0,0.20760991817779734,2025-02-20,785,True,2025-05-21,848,2025-08-29,16,7863048.0,2025-05-21,scheduled_exit,848,2025-06-20,"{""market_momentum"": 0.025686937313832203, ""market_volatility"": 0.006510620194781785, ""momentum"": 0.08802384709801858, ""volatility"": 0.017356846300137604, ""volume_state"": 15.836491628411189}",assumed_next_daily_close,18088.0,63,0000012927,0,0.025686937313832203,0.006510620194781785,0.08802384709801858,1681.6046000000001,0.09296796771340116,54.00279999999999,8.5,12.71,-421.0000000000001,0dfa4412015472803f67ca06,True,0.00847457627118644,118,1.619477206198413e-05,6174832.2,,,,,,,,,,,,,,,,,,,,,,,,,,,,,,,,,,,,,,,,,,,,bounded_preclose_bid_ask,,,,False,not_requested_for_horizon_or_variant,,,,ordinary,covered_call,100,completed,180.88,203.21,False,2233.0,H24,1,BA,130.3954,primary,0.017356846300137604,15.836491628411189,2025
0.04754230459307007,2025-05-21,848,12c8c3525c9f907bccf65fdd,time_value,12.192599999999999,O:BA250620C00195000,1,1,2025-02-19,2025-02-19,121,0.053612677947891485,784,0.0,0.24591155462184874,2025-02-20,785,True,2025-05-21,848,2025-08-29,16,7863048.0,2025-05-21,scheduled_exit,848,2025-06-20,"{""market_momentum"": 0.025686937313832203, ""market_volatility"": 0.006510620194781785, ""momentum"": 0.08802384709801858, ""volatility"": 0.017356846300137604, ""volume_state"": 15.836491628411189}",assumed_next_daily_close,18088.0,63,0000012927,0,0.025686937313832203,0.006510620194781785,0.08802384709801858,2209.9546,0.12217794117647059,10.852799999999998,8.5,0.0,-0.0,0dfa4412015472803f67ca06,True,0.00847457627118644,118,1.619477206198413e-05,6174832.2,,,,,,,,,,,,,,,,,,,,,,,,,,,,,,,,,,,,,,,,,,,,bounded_preclose_bid_ask,,,,False,not_requested_for_horizon_or_variant,,,,ordinary,covered_call,100,completed,180.88,203.21,True,2233.0,H24,1,BA,23.045399999999997,primary,0.017356846300137604,15.836491628411189,2025
0.04754230459307007,2025-06-20,868,12c8c3525c9f907bccf65fdd,time_value,12.35,O:BA250620C00195000,1,1,2025-02-19,2025-02-19,121,0.053612677947891485,784,0.0,0.20760991817779734,2025-02-20,785,True,2025-06-20,868,2025-08-29,16,7863048.0,2025-06-20,modelled_physical_expiry,868,2025-06-20,"{""market_momentum"": 0.025686937313832203, ""market_volatility"": 0.006510620194781785, ""momentum"": 0.08802384709801858, ""volatility"": 0.017356846300137604, ""volume_state"": 15.836491628411189}",assumed_next_daily_close,18088.0,expiry,0000012927,0,0.025686937313832203,0.006510620194781785,0.08802384709801858,2195.6472,0.12138695267580715,54.00279999999999,8.5,0.0,850.0,0dfa4412015472803f67ca06,True,0.00847457627118644,118,1.619477206198413e-05,6174832.2,,,,,,,,,,,,,,,,,,,,,,,,,,,,,,,,,,,,,,,,,,,,bounded_preclose_bid_ask,,,,False,not_requested_for_horizon_or_variant,,,,ordinary,covered_call,100,completed,180.88,195.0,False,1412.0,H24,1,BA,66.35279999999999,primary,0.017356846300137604,15.836491628411189,2025
0.04754230459307007,2025-06-20,868,12c8c3525c9f907bccf65fdd,time_value,11.924999999999999,O:BA250620C00195000,1,1,2025-02-19,2025-02-19,121,0.053612677947891485,784,0.0,0.24591155462184874,2025-02-20,785,True,2025-06-20,868,2025-08-29,16,7863048.0,2025-06-20,scheduled_exit,868,2025-06-20,"{""market_momentum"": 0.025686937313832203, ""market_volatility"": 0.006510620194781785, ""momentum"": 0.08802384709801858, ""volatility"": 0.017356846300137604, ""volume_state"": 15.836491628411189}",assumed_next_daily_close,18088.0,expiry,0000012927,0,0.025686937313832203,0.006510620194781785,0.08802384709801858,1764.2222000000002,0.09753550420168068,10.852799999999998,8.5,0.0,-0.0,0dfa4412015472803f67ca06,True,0.00847457627118644,118,1.619477206198413e-05,6174832.2,,,,,,,,,,,,,,,,,,,,,,,,,,,,,,,,,,,,,,,,,,,,bounded_preclose_bid_ask,,,,False,not_requested_for_horizon_or_variant,,,,ordinary,covered_call,100,completed,180.88,198.75,True,1787.0,H24,1,BA,22.7778,primary,0.017356846300137604,15.836491628411189,2025
,,,12e4b23afb8014126cbb1f73,time_value,,,1,1,2025-08-29,2025-08-29,,,917,,,2025-09-02,918,False,,,2025-08-29,,,,,,,"{""market_momentum"": 0.020519554486773783, ""market_volatility"": 0.007427979863443447, ""momentum"": 0.057879552830869097, ""volatility"": 0.015062707282962112, ""volume_state"": 15.617192194832636}",assumed_next_daily_close,,1,0000012927,,0.020519554486773783,0.007427979863443447,0.057879552830869097,,,,,,,0dfa4412015472803f67ca06,False,,,,,,,,,,,,,,,,,,,,,,,,,,,,,,,,,,,,,,,,,,,,,,,,bounded_preclose_bid_ask,,,,False,not_requested_for_horizon_or_variant,,,missing_decision_or_entry_bar,event,protective_put,,missing_decision_or_entry_bar,,,False,,H24,1,BA,,primary,0.015062707282962112,15.617192194832636,2025
,,,12e4b23afb8014126cbb1f73,time_value,,,1,1,2025-08-29,2025-08-29,,,917,,,2025-09-02,918,False,,,2025-08-29,,,,,,,"{""market_momentum"": 0.020519554486773783, ""market_volatility"": 0.007427979863443447, ""momentum"": 0.057879552830869097, ""volatility"": 0.015062707282962112, ""volume_state"": 15.617192194832636}",assumed_next_daily_close,,1,0000012927,,0.020519554486773783,0.007427979863443447,0.057879552830869097,,,,,,,0dfa4412015472803f67ca06,False,,,,,,,,,,,,,,,,,,,,,,,,,,,,,,,,,,,,,,,,,,,,,,,,bounded_preclose_bid_ask,,,,False,not_requested_for_horizon_or_variant,,,missing_decision_or_entry_bar,event,protective_put,,missing_decision_or_entry_bar,,,True,,H24,1,BA,,primary,0.015062707282962112,15.617192194832636,2025
,,,12e4b23afb8014126cbb1f73,time_value,,,1,1,2025-08-29,2025-08-29,,,917,,,2025-09-02,918,False,,,2025-08-29,,,,,,,"{""market_momentum"": 0.020519554486773783, ""market_volatility"": 0.007427979863443447, ""momentum"": 0.057879552830869097, ""volatility"": 0.015062707282962112, ""volume_state"": 15.617192194832636}",assumed_next_daily_close,,2,0000012927,,0.020519554486773783,0.007427979863443447,0.057879552830869097,,,,,,,0dfa4412015472803f67ca06,False,,,,,,,,,,,,,,,,,,,,,,,,,,,,,,,,,,,,,,,,,,,,,,,,bounded_preclose_bid_ask,,,,False,not_requested_for_horizon_or_variant,,,missing_decision_or_entry_bar,event,protective_put,,missing_decision_or_entry_bar,,,False,,H24,1,BA,,primary,0.015062707282962112,15.617192194832636,2025
,,,12e4b23afb8014126cbb1f73,time_value,,,1,1,2025-08-29,2025-08-29,,,917,,,2025-09-02,918,False,,,2025-08-29,,,,,,,"{""market_momentum"": 0.020519554486773783, ""market_volatility"": 0.007427979863443447, ""momentum"": 0.057879552830869097, ""volatility"": 0.015062707282962112, ""volume_state"": 15.617192194832636}",assumed_next_daily_close,,2,0000012927,,0.020519554486773783,0.007427979863443447,0.057879552830869097,,,,,,,0dfa4412015472803f67ca06,False,,,,,,,,,,,,,,,,,,,,,,,,,,,,,,,,,,,,,,,,,,,,,,,,bounded_preclose_bid_ask,,,,False,not_requested_for_horizon_or_variant,,,missing_decision_or_entry_bar,event,protective_put,,missing_decision_or_entry_bar,,,True,,H24,1,BA,,primary,0.015062707282962112,15.617192194832636,2025
,,,12e4b23afb8014126cbb1f73,time_value,,,1,1,2025-08-29,2025-08-29,,,917,,,2025-09-02,918,False,,,2025-08-29,,,,,,,"{""market_momentum"": 0.020519554486773783, ""market_volatility"": 0.007427979863443447, ""momentum"": 0.057879552830869097, ""volatility"": 0.015062707282962112, ""volume_state"": 15.617192194832636}",assumed_next_daily_close,,3,0000012927,,0.020519554486773783,0.007427979863443447,0.057879552830869097,,,,,,,0dfa4412015472803f67ca06,False,,,,,,,,,,,,,,,,,,,,,,,,,,,,,,,,,,,,,,,,,,,,,,,,bounded_preclose_bid_ask,,,,False,not_requested_for_horizon_or_variant,,,missing_decision_or_entry_bar,event,protective_put,,missing_decision_or_entry_bar,,,False,,H24,1,BA,,primary,0.015062707282962112,15.617192194832636,2025
,,,12e4b23afb8014126cbb1f73,time_value,,,1,1,2025-08-29,2025-08-29,,,917,,,2025-09-02,918,False,,,2025-08-29,,,,,,,"{""market_momentum"": 0.020519554486773783, ""market_volatility"": 0.007427979863443447, ""momentum"": 0.057879552830869097, ""volatility"": 0.015062707282962112, ""volume_state"": 15.617192194832636}",assumed_next_daily_close,,3,0000012927,,0.020519554486773783,0.007427979863443447,0.057879552830869097,,,,,,,0dfa4412015472803f67ca06,False,,,,,,,,,,,,,,,,,,,,,,,,,,,,,,,,,,,,,,,,,,,,,,,,bounded_preclose_bid_ask,,,,False,not_requested_for_horizon_or_variant,,,missing_decision_or_entry_bar,event,protective_put,,missing_decision_or_entry_bar,,,True,,H24,1,BA,,primary,0.015062707282962112,15.617192194832636,2025
,,,12e4b23afb8014126cbb1f73,time_value,,,1,1,2025-08-29,2025-08-29,,,917,,,2025-09-02,918,False,,,2025-08-29,,,,,,,"{""market_momentum"": 0.020519554486773783, ""market_volatility"": 0.007427979863443447, ""momentum"": 0.057879552830869097, ""volatility"": 0.015062707282962112, ""volume_state"": 15.617192194832636}",assumed_next_daily_close,,5,0000012927,,0.020519554486773783,0.007427979863443447,0.057879552830869097,,,,,,,0dfa4412015472803f67ca06,False,,,,,,,,,,,,,,,,,,,,,,,,,,,,,,,,,,,,,,,,,,,,,,,,bounded_preclose_bid_ask,,,,False,not_requested_for_horizon_or_variant,,,missing_decision_or_entry_bar,event,protective_put,,missing_decision_or_entry_bar,,,False,,H24,1,BA,,primary,0.015062707282962112,15.617192194832636,2025
,,,12e4b23afb8014126cbb1f73,time_value,,,1,1,2025-08-29,2025-08-29,,,917,,,2025-09-02,918,False,,,2025-08-29,,,,,,,"{""market_momentum"": 0.020519554486773783, ""market_volatility"": 0.007427979863443447, ""momentum"": 0.057879552830869097, ""volatility"": 0.015062707282962112, ""volume_state"": 15.617192194832636}",assumed_next_daily_close,,5,0000012927,,0.020519554486773783,0.007427979863443447,0.057879552830869097,,,,,,,0dfa4412015472803f67ca06,False,,,,,,,,,,,,,,,,,,,,,,,,,,,,,,,,,,,,,,,,,,,,,,,,bounded_preclose_bid_ask,,,,False,not_requested_for_horizon_or_variant,,,missing_decision_or_entry_bar,event,protective_put,,missing_decision_or_entry_bar,,,True,,H24,1,BA,,primary,0.015062707282962112,15.617192194832636,2025
,,,12e4b23afb8014126cbb1f73,time_value,,,1,1,2025-08-29,2025-08-29,,,917,,,2025-09-02,918,False,,,2025-08-29,,,,,,,"{""market_momentum"": 0.020519554486773783, ""market_volatility"": 0.007427979863443447, ""momentum"": 0.057879552830869097, ""volatility"": 0.015062707282962112, ""volume_state"": 15.617192194832636}",assumed_next_daily_close,,10,0000012927,,0.020519554486773783,0.007427979863443447,0.057879552830869097,,,,,,,0dfa4412015472803f67ca06,False,,,,,,,,,,,,,,,,,,,,,,,,,,,,,,,,,,,,,,,,,,,,,,,,bounded_preclose_bid_ask,,,,False,bar_outcome_not_completed,,,missing_decision_or_entry_bar,event,protective_put,,missing_decision_or_entry_bar,,,False,,H24,1,BA,,primary,0.015062707282962112,15.617192194832636,2025
,,,12e4b23afb8014126cbb1f73,time_value,,,1,1,2025-08-29,2025-08-29,,,917,,,2025-09-02,918,False,,,2025-08-29,,,,,,,"{""market_momentum"": 0.020519554486773783, ""market_volatility"": 0.007427979863443447, ""momentum"": 0.057879552830869097, ""volatility"": 0.015062707282962112, ""volume_state"": 15.617192194832636}",assumed_next_daily_close,,10,0000012927,,0.020519554486773783,0.007427979863443447,0.057879552830869097,,,,,,,0dfa4412015472803f67ca06,False,,,,,,,,,,,,,,,,,,,,,,,,,,,,,,,,,,,,,,,,,,,,,,,,bounded_preclose_bid_ask,,,,False,bar_outcome_not_completed,,,missing_decision_or_entry_bar,event,protective_put,,missing_decision_or_entry_bar,,,True,,H24,1,BA,,primary,0.015062707282962112,15.617192194832636,2025
,,,12e4b23afb8014126cbb1f73,time_value,,,1,1,2025-08-29,2025-08-29,,,917,,,2025-09-02,918,False,,,2025-08-29,,,,,,,"{""market_momentum"": 0.020519554486773783, ""market_volatility"": 0.007427979863443447, ""momentum"": 0.057879552830869097, ""volatility"": 0.015062707282962112, ""volume_state"": 15.617192194832636}",assumed_next_daily_close,,21,0000012927,,0.020519554486773783,0.007427979863443447,0.057879552830869097,,,,,,,0dfa4412015472803f67ca06,False,,,,,,,,,,,,,,,,,,,,,,,,,,,,,,,,,,,,,,,,,,,,,,,,bounded_preclose_bid_ask,,,,False,not_requested_for_horizon_or_variant,,,missing_decision_or_entry_bar,event,protective_put,,missing_decision_or_entry_bar,,,False,,H24,1,BA,,primary,0.015062707282962112,15.617192194832636,2025
,,,12e4b23afb8014126cbb1f73,time_value,,,1,1,2025-08-29,2025-08-29,,,917,,,2025-09-02,918,False,,,2025-08-29,,,,,,,"{""market_momentum"": 0.020519554486773783, ""market_volatility"": 0.007427979863443447, ""momentum"": 0.057879552830869097, ""volatility"": 0.015062707282962112, ""volume_state"": 15.617192194832636}",assumed_next_daily_close,,21,0000012927,,0.020519554486773783,0.007427979863443447,0.057879552830869097,,,,,,,0dfa4412015472803f67ca06,False,,,,,,,,,,,,,,,,,,,,,,,,,,,,,,,,,,,,,,,,,,,,,,,,bounded_preclose_bid_ask,,,,False,not_requested_for_horizon_or_variant,,,missing_decision_or_entry_bar,event,protective_put,,missing_decision_or_entry_bar,,,True,,H24,1,BA,,primary,0.015062707282962112,15.617192194832636,2025
,,,12e4b23afb8014126cbb1f73,time_value,,,1,1,2025-08-29,2025-08-29,,,917,,,2025-09-02,918,False,,,2025-08-29,,,,,,,"{""market_momentum"": 0.020519554486773783, ""market_volatility"": 0.007427979863443447, ""momentum"": 0.057879552830869097, ""volatility"": 0.015062707282962112, ""volume_state"": 15.617192194832636}",assumed_next_daily_close,,42,0000012927,,0.020519554486773783,0.007427979863443447,0.057879552830869097,,,,,,,0dfa4412015472803f67ca06,False,,,,,,,,,,,,,,,,,,,,,,,,,,,,,,,,,,,,,,,,,,,,,,,,bounded_preclose_bid_ask,,,,False,not_requested_for_horizon_or_variant,,,missing_decision_or_entry_bar,event,protective_put,,missing_decision_or_entry_bar,,,False,,H24,1,BA,,primary,0.015062707282962112,15.617192194832636,2025
,,,12e4b23afb8014126cbb1f73,time_value,,,1,1,2025-08-29,2025-08-29,,,917,,,2025-09-02,918,False,,,2025-08-29,,,,,,,"{""market_momentum"": 0.020519554486773783, ""market_volatility"": 0.007427979863443447, ""momentum"": 0.057879552830869097, ""volatility"": 0.015062707282962112, ""volume_state"": 15.617192194832636}",assumed_next_daily_close,,42,0000012927,,0.020519554486773783,0.007427979863443447,0.057879552830869097,,,,,,,0dfa4412015472803f67ca06,False,,,,,,,,,,,,,,,,,,,,,,,,,,,,,,,,,,,,,,,,,,,,,,,,bounded_preclose_bid_ask,,,,False,not_requested_for_horizon_or_variant,,,missing_decision_or_entry_bar,event,protective_put,,missing_decision_or_entry_bar,,,True,,H24,1,BA,,primary,0.015062707282962112,15.617192194832636,2025
,,,12e4b23afb8014126cbb1f73,time_value,,,1,1,2025-08-29,2025-08-29,,,917,,,2025-09-02,918,False,,,2025-08-29,,,,,,,"{""market_momentum"": 0.020519554486773783, ""market_volatility"": 0.007427979863443447, ""momentum"": 0.057879552830869097, ""volatility"": 0.015062707282962112, ""volume_state"": 15.617192194832636}",assumed_next_daily_close,,63,0000012927,,0.020519554486773783,0.007427979863443447,0.057879552830869097,,,,,,,0dfa4412015472803f67ca06,False,,,,,,,,,,,,,,,,,,,,,,,,,,,,,,,,,,,,,,,,,,,,,,,,bounded_preclose_bid_ask,,,,False,not_requested_for_horizon_or_variant,,,missing_decision_or_entry_bar,event,protective_put,,missing_decision_or_entry_bar,,,False,,H24,1,BA,,primary,0.015062707282962112,15.617192194832636,2025
,,,12e4b23afb8014126cbb1f73,time_value,,,1,1,2025-08-29,2025-08-29,,,917,,,2025-09-02,918,False,,,2025-08-29,,,,,,,"{""market_momentum"": 0.020519554486773783, ""market_volatility"": 0.007427979863443447, ""momentum"": 0.057879552830869097, ""volatility"": 0.015062707282962112, ""volume_state"": 15.617192194832636}",assumed_next_daily_close,,63,0000012927,,0.020519554486773783,0.007427979863443447,0.057879552830869097,,,,,,,0dfa4412015472803f67ca06,False,,,,,,,,,,,,,,,,,,,,,,,,,,,,,,,,,,,,,,,,,,,,,,,,bounded_preclose_bid_ask,,,,False,not_requested_for_horizon_or_variant,,,missing_decision_or_entry_bar,event,protective_put,,missing_decision_or_entry_bar,,,True,,H24,1,BA,,primary,0.015062707282962112,15.617192194832636,2025
,,,12e4b23afb8014126cbb1f73,time_value,,,1,1,2025-08-29,2025-08-29,,,917,,,2025-09-02,918,False,,,2025-08-29,,,,,,,"{""market_momentum"": 0.020519554486773783, ""market_volatility"": 0.007427979863443447, ""momentum"": 0.057879552830869097, ""volatility"": 0.015062707282962112, ""volume_state"": 15.617192194832636}",assumed_next_daily_close,,expiry,0000012927,,0.020519554486773783,0.007427979863443447,0.057879552830869097,,,,,,,0dfa4412015472803f67ca06,False,,,,,,,,,,,,,,,,,,,,,,,,,,,,,,,,,,,,,,,,,,,,,,,,bounded_preclose_bid_ask,,,,False,not_requested_for_horizon_or_variant,,,missing_decision_or_entry_bar,event,protective_put,,missing_decision_or_entry_bar,,,False,,H24,1,BA,,primary,0.015062707282962112,15.617192194832636,2025
,,,12e4b23afb8014126cbb1f73,time_value,,,1,1,2025-08-29,2025-08-29,,,917,,,2025-09-02,918,False,,,2025-08-29,,,,,,,"{""market_momentum"": 0.020519554486773783, ""market_volatility"": 0.007427979863443447, ""momentum"": 0.057879552830869097, ""volatility"": 0.015062707282962112, ""volume_state"": 15.617192194832636}",assumed_next_daily_close,,expiry,0000012927,,0.020519554486773783,0.007427979863443447,0.057879552830869097,,,,,,,0dfa4412015472803f67ca06,False,,,,,,,,,,,,,,,,,,,,,,,,,,,,,,,,,,,,,,,,,,,,,,,,bounded_preclose_bid_ask,,,,False,not_requested_for_horizon_or_variant,,,missing_decision_or_entry_bar,event,protective_put,,missing_decision_or_entry_bar,,,True,,H24,1,BA,,primary,0.015062707282962112,15.617192194832636,2025
,,,14432d4e0db1396b1d116cde,time_value,,,1,1,2022-12-13,2022-12-13,,,238,,,2022-12-14,239,False,,,2023-09-05,,,,,,,"{""market_momentum"": 0.008682341722918041, ""market_volatility"": 0.01120315391372265, ""momentum"": -0.004228508605015002, ""volatility"": 0.011560887046731534, ""volume_state"": 14.809219898232364}",assumed_next_daily_close,,1,0000018230,,0.008682341722918041,0.01120315391372265,-0.004228508605015002,,,,,,,8df85474810533ba6b02d105,False,,,,,,,,,,,,,,,,,,,,,,,,,,,,,,,,,,,,,,,,,,,,,,,,bounded_preclose_bid_ask,,,,False,not_requested_for_horizon_or_variant,,,no_standard_contract_within_rules,ordinary,protective_put,,no_standard_contract_within_rules,,,False,,H24,1,CAT,,primary,0.011560887046731534,14.809219898232364,2022
,,,14432d4e0db1396b1d116cde,time_value,,,1,1,2022-12-13,2022-12-13,,,238,,,2022-12-14,239,False,,,2023-09-05,,,,,,,"{""market_momentum"": 0.008682341722918041, ""market_volatility"": 0.01120315391372265, ""momentum"": -0.004228508605015002, ""volatility"": 0.011560887046731534, ""volume_state"": 14.809219898232364}",assumed_next_daily_close,,1,0000018230,,0.008682341722918041,0.01120315391372265,-0.004228508605015002,,,,,,,8df85474810533ba6b02d105,False,,,,,,,,,,,,,,,,,,,,,,,,,,,,,,,,,,,,,,,,,,,,,,,,bounded_preclose_bid_ask,,,,False,not_requested_for_horizon_or_variant,,,no_standard_contract_within_rules,ordinary,protective_put,,no_standard_contract_within_rules,,,True,,H24,1,CAT,,primary,0.011560887046731534,14.809219898232364,2022
,,,14432d4e0db1396b1d116cde,time_value,,,1,1,2022-12-13,2022-12-13,,,238,,,2022-12-14,239,False,,,2023-09-05,,,,,,,"{""market_momentum"": 0.008682341722918041, ""market_volatility"": 0.01120315391372265, ""momentum"": -0.004228508605015002, ""volatility"": 0.011560887046731534, ""volume_state"": 14.809219898232364}",assumed_next_daily_close,,2,0000018230,,0.008682341722918041,0.01120315391372265,-0.004228508605015002,,,,,,,8df85474810533ba6b02d105,False,,,,,,,,,,,,,,,,,,,,,,,,,,,,,,,,,,,,,,,,,,,,,,,,bounded_preclose_bid_ask,,,,False,not_requested_for_horizon_or_variant,,,no_standard_contract_within_rules,ordinary,protective_put,,no_standard_contract_within_rules,,,False,,H24,1,CAT,,primary,0.011560887046731534,14.809219898232364,2022
,,,14432d4e0db1396b1d116cde,time_value,,,1,1,2022-12-13,2022-12-13,,,238,,,2022-12-14,239,False,,,2023-09-05,,,,,,,"{""market_momentum"": 0.008682341722918041, ""market_volatility"": 0.01120315391372265, ""momentum"": -0.004228508605015002, ""volatility"": 0.011560887046731534, ""volume_state"": 14.809219898232364}",assumed_next_daily_close,,2,0000018230,,0.008682341722918041,0.01120315391372265,-0.004228508605015002,,,,,,,8df85474810533ba6b02d105,False,,,,,,,,,,,,,,,,,,,,,,,,,,,,,,,,,,,,,,,,,,,,,,,,bounded_preclose_bid_ask,,,,False,not_requested_for_horizon_or_variant,,,no_standard_contract_within_rules,ordinary,protective_put,,no_standard_contract_within_rules,,,True,,H24,1,CAT,,primary,0.011560887046731534,14.809219898232364,2022
,,,14432d4e0db1396b1d116cde,time_value,,,1,1,2022-12-13,2022-12-13,,,238,,,2022-12-14,239,False,,,2023-09-05,,,,,,,"{""market_momentum"": 0.008682341722918041, ""market_volatility"": 0.01120315391372265, ""momentum"": -0.004228508605015002, ""volatility"": 0.011560887046731534, ""volume_state"": 14.809219898232364}",assumed_next_daily_close,,3,0000018230,,0.008682341722918041,0.01120315391372265,-0.004228508605015002,,,,,,,8df85474810533ba6b02d105,False,,,,,,,,,,,,,,,,,,,,,,,,,,,,,,,,,,,,,,,,,,,,,,,,bounded_preclose_bid_ask,,,,False,not_requested_for_horizon_or_variant,,,no_standard_contract_within_rules,ordinary,protective_put,,no_standard_contract_within_rules,,,False,,H24,1,CAT,,primary,0.011560887046731534,14.809219898232364,2022
,,,14432d4e0db1396b1d116cde,time_value,,,1,1,2022-12-13,2022-12-13,,,238,,,2022-12-14,239,False,,,2023-09-05,,,,,,,"{""market_momentum"": 0.008682341722918041, ""market_volatility"": 0.01120315391372265, ""momentum"": -0.004228508605015002, ""volatility"": 0.011560887046731534, ""volume_state"": 14.809219898232364}",assumed_next_daily_close,,3,0000018230,,0.008682341722918041,0.01120315391372265,-0.004228508605015002,,,,,,,8df85474810533ba6b02d105,False,,,,,,,,,,,,,,,,,,,,,,,,,,,,,,,,,,,,,,,,,,,,,,,,bounded_preclose_bid_ask,,,,False,not_requested_for_horizon_or_variant,,,no_standard_contract_within_rules,ordinary,protective_put,,no_standard_contract_within_rules,,,True,,H24,1,CAT,,primary,0.011560887046731534,14.809219898232364,2022
,,,14432d4e0db1396b1d116cde,time_value,,,1,1,2022-12-13,2022-12-13,,,238,,,2022-12-14,239,False,,,2023-09-05,,,,,,,"{""market_momentum"": 0.008682341722918041, ""market_volatility"": 0.01120315391372265, ""momentum"": -0.004228508605015002, ""volatility"": 0.011560887046731534, ""volume_state"": 14.809219898232364}",assumed_next_daily_close,,5,0000018230,,0.008682341722918041,0.01120315391372265,-0.004228508605015002,,,,,,,8df85474810533ba6b02d105,False,,,,,,,,,,,,,,,,,,,,,,,,,,,,,,,,,,,,,,,,,,,,,,,,bounded_preclose_bid_ask,,,,False,not_requested_for_horizon_or_variant,,,no_standard_contract_within_rules,ordinary,protective_put,,no_standard_contract_within_rules,,,False,,H24,1,CAT,,primary,0.011560887046731534,14.809219898232364,2022
,,,14432d4e0db1396b1d116cde,time_value,,,1,1,2022-12-13,2022-12-13,,,238,,,2022-12-14,239,False,,,2023-09-05,,,,,,,"{""market_momentum"": 0.008682341722918041, ""market_volatility"": 0.01120315391372265, ""momentum"": -0.004228508605015002, ""volatility"": 0.011560887046731534, ""volume_state"": 14.809219898232364}",assumed_next_daily_close,,5,0000018230,,0.008682341722918041,0.01120315391372265,-0.004228508605015002,,,,,,,8df85474810533ba6b02d105,False,,,,,,,,,,,,,,,,,,,,,,,,,,,,,,,,,,,,,,,,,,,,,,,,bounded_preclose_bid_ask,,,,False,not_requested_for_horizon_or_variant,,,no_standard_contract_within_rules,ordinary,protective_put,,no_standard_contract_within_rules,,,True,,H24,1,CAT,,primary,0.011560887046731534,14.809219898232364,2022
,,,14432d4e0db1396b1d116cde,time_value,,,1,1,2022-12-13,2022-12-13,,,238,,,2022-12-14,239,False,,,2023-09-05,,,,,,,"{""market_momentum"": 0.008682341722918041, ""market_volatility"": 0.01120315391372265, ""momentum"": -0.004228508605015002, ""volatility"": 0.011560887046731534, ""volume_state"": 14.809219898232364}",assumed_next_daily_close,,10,0000018230,,0.008682341722918041,0.01120315391372265,-0.004228508605015002,,,,,,,8df85474810533ba6b02d105,False,,,,,,,,,,,,,,,,,,,,,,,,,,,,,,,,,,,,,,,,,,,,,,,,bounded_preclose_bid_ask,,,,False,not_sampled_or_missing_quotes,,,no_standard_contract_within_rules,ordinary,protective_put,,no_standard_contract_within_rules,,,False,,H24,1,CAT,,primary,0.011560887046731534,14.809219898232364,2022
,,,14432d4e0db1396b1d116cde,time_value,,,1,1,2022-12-13,2022-12-13,,,238,,,2022-12-14,239,False,,,2023-09-05,,,,,,,"{""market_momentum"": 0.008682341722918041, ""market_volatility"": 0.01120315391372265, ""momentum"": -0.004228508605015002, ""volatility"": 0.011560887046731534, ""volume_state"": 14.809219898232364}",assumed_next_daily_close,,10,0000018230,,0.008682341722918041,0.01120315391372265,-0.004228508605015002,,,,,,,8df85474810533ba6b02d105,False,,,,,,,,,,,,,,,,,,,,,,,,,,,,,,,,,,,,,,,,,,,,,,,,bounded_preclose_bid_ask,,,,False,not_sampled_or_missing_quotes,,,no_standard_contract_within_rules,ordinary,protective_put,,no_standard_contract_within_rules,,,True,,H24,1,CAT,,primary,0.011560887046731534,14.809219898232364,2022
,,,14432d4e0db1396b1d116cde,time_value,,,1,1,2022-12-13,2022-12-13,,,238,,,2022-12-14,239,False,,,2023-09-05,,,,,,,"{""market_momentum"": 0.008682341722918041, ""market_volatility"": 0.01120315391372265, ""momentum"": -0.004228508605015002, ""volatility"": 0.011560887046731534, ""volume_state"": 14.809219898232364}",assumed_next_daily_close,,21,0000018230,,0.008682341722918041,0.01120315391372265,-0.004228508605015002,,,,,,,8df85474810533ba6b02d105,False,,,,,,,,,,,,,,,,,,,,,,,,,,,,,,,,,,,,,,,,,,,,,,,,bounded_preclose_bid_ask,,,,False,not_requested_for_horizon_or_variant,,,no_standard_contract_within_rules,ordinary,protective_put,,no_standard_contract_within_rules,,,False,,H24,1,CAT,,primary,0.011560887046731534,14.809219898232364,2022
,,,14432d4e0db1396b1d116cde,time_value,,,1,1,2022-12-13,2022-12-13,,,238,,,2022-12-14,239,False,,,2023-09-05,,,,,,,"{""market_momentum"": 0.008682341722918041, ""market_volatility"": 0.01120315391372265, ""momentum"": -0.004228508605015002, ""volatility"": 0.011560887046731534, ""volume_state"": 14.809219898232364}",assumed_next_daily_close,,21,0000018230,,0.008682341722918041,0.01120315391372265,-0.004228508605015002,,,,,,,8df85474810533ba6b02d105,False,,,,,,,,,,,,,,,,,,,,,,,,,,,,,,,,,,,,,,,,,,,,,,,,bounded_preclose_bid_ask,,,,False,not_requested_for_horizon_or_variant,,,no_standard_contract_within_rules,ordinary,protective_put,,no_standard_contract_within_rules,,,True,,H24,1,CAT,,primary,0.011560887046731534,14.809219898232364,2022
,,,14432d4e0db1396b1d116cde,time_value,,,1,1,2022-12-13,2022-12-13,,,238,,,2022-12-14,239,False,,,2023-09-05,,,,,,,"{""market_momentum"": 0.008682341722918041, ""market_volatility"": 0.01120315391372265, ""momentum"": -0.004228508605015002, ""volatility"": 0.011560887046731534, ""volume_state"": 14.809219898232364}",assumed_next_daily_close,,42,0000018230,,0.008682341722918041,0.01120315391372265,-0.004228508605015002,,,,,,,8df85474810533ba6b02d105,False,,,,,,,,,,,,,,,,,,,,,,,,,,,,,,,,,,,,,,,,,,,,,,,,bounded_preclose_bid_ask,,,,False,not_requested_for_horizon_or_variant,,,no_standard_contract_within_rules,ordinary,protective_put,,no_standard_contract_within_rules,,,False,,H24,1,CAT,,primary,0.011560887046731534,14.809219898232364,2022
,,,14432d4e0db1396b1d116cde,time_value,,,1,1,2022-12-13,2022-12-13,,,238,,,2022-12-14,239,False,,,2023-09-05,,,,,,,"{""market_momentum"": 0.008682341722918041, ""market_volatility"": 0.01120315391372265, ""momentum"": -0.004228508605015002, ""volatility"": 0.011560887046731534, ""volume_state"": 14.809219898232364}",assumed_next_daily_close,,42,0000018230,,0.008682341722918041,0.01120315391372265,-0.004228508605015002,,,,,,,8df85474810533ba6b02d105,False,,,,,,,,,,,,,,,,,,,,,,,,,,,,,,,,,,,,,,,,,,,,,,,,bounded_preclose_bid_ask,,,,False,not_requested_for_horizon_or_variant,,,no_standard_contract_within_rules,ordinary,protective_put,,no_standard_contract_within_rules,,,True,,H24,1,CAT,,primary,0.011560887046731534,14.809219898232364,2022
,,,14432d4e0db1396b1d116cde,time_value,,,1,1,2022-12-13,2022-12-13,,,238,,,2022-12-14,239,False,,,2023-09-05,,,,,,,"{""market_momentum"": 0.008682341722918041, ""market_volatility"": 0.01120315391372265, ""momentum"": -0.004228508605015002, ""volatility"": 0.011560887046731534, ""volume_state"": 14.809219898232364}",assumed_next_daily_close,,63,0000018230,,0.008682341722918041,0.01120315391372265,-0.004228508605015002,,,,,,,8df85474810533ba6b02d105,False,,,,,,,,,,,,,,,,,,,,,,,,,,,,,,,,,,,,,,,,,,,,,,,,bounded_preclose_bid_ask,,,,False,not_requested_for_horizon_or_variant,,,no_standard_contract_within_rules,ordinary,protective_put,,no_standard_contract_within_rules,,,False,,H24,1,CAT,,primary,0.011560887046731534,14.809219898232364,2022
,,,14432d4e0db1396b1d116cde,time_value,,,1,1,2022-12-13,2022-12-13,,,238,,,2022-12-14,239,False,,,2023-09-05,,,,,,,"{""market_momentum"": 0.008682341722918041, ""market_volatility"": 0.01120315391372265, ""momentum"": -0.004228508605015002, ""volatility"": 0.011560887046731534, ""volume_state"": 14.809219898232364}",assumed_next_daily_close,,63,0000018230,,0.008682341722918041,0.01120315391372265,-0.004228508605015002,,,,,,,8df85474810533ba6b02d105,False,,,,,,,,,,,,,,,,,,,,,,,,,,,,,,,,,,,,,,,,,,,,,,,,bounded_preclose_bid_ask,,,,False,not_requested_for_horizon_or_variant,,,no_standard_contract_within_rules,ordinary,protective_put,,no_standard_contract_within_rules,,,True,,H24,1,CAT,,primary,0.011560887046731534,14.809219898232364,2022
,,,14432d4e0db1396b1d116cde,time_value,,,1,1,2022-12-13,2022-12-13,,,238,,,2022-12-14,239,False,,,2023-09-05,,,,,,,"{""market_momentum"": 0.008682341722918041, ""market_volatility"": 0.01120315391372265, ""momentum"": -0.004228508605015002, ""volatility"": 0.011560887046731534, ""volume_state"": 14.809219898232364}",assumed_next_daily_close,,expiry,0000018230,,0.008682341722918041,0.01120315391372265,-0.004228508605015002,,,,,,,8df85474810533ba6b02d105,False,,,,,,,,,,,,,,,,,,,,,,,,,,,,,,,,,,,,,,,,,,,,,,,,bounded_preclose_bid_ask,,,,False,not_requested_for_horizon_or_variant,,,no_standard_contract_within_rules,ordinary,protective_put,,no_standard_contract_within_rules,,,False,,H24,1,CAT,,primary,0.011560887046731534,14.809219898232364,2022
,,,14432d4e0db1396b1d116cde,time_value,,,1,1,2022-12-13,2022-12-13,,,238,,,2022-12-14,239,False,,,2023-09-05,,,,,,,"{""market_momentum"": 0.008682341722918041, ""market_volatility"": 0.01120315391372265, ""momentum"": -0.004228508605015002, ""volatility"": 0.011560887046731534, ""volume_state"": 14.809219898232364}",assumed_next_daily_close,,expiry,0000018230,,0.008682341722918041,0.01120315391372265,-0.004228508605015002,,,,,,,8df85474810533ba6b02d105,False,,,,,,,,,,,,,,,,,,,,,,,,,,,,,,,,,,,,,,,,,,,,,,,,bounded_preclose_bid_ask,,,,False,not_requested_for_horizon_or_variant,,,no_standard_contract_within_rules,ordinary,protective_put,,no_standard_contract_within_rules,,,True,,H24,1,CAT,,primary,0.011560887046731534,14.809219898232364,2022
0.05745505816002816,2024-02-01,522,14876115fe38aa1d4dc679f2,time_value,18.819399999999998,O:ABT240517C00120000,1,1,2024-01-30,2024-01-30,108,0.016566795911173774,520,0.0,0.00293221387538665,2024-01-31,521,True,2024-02-01,522,2024-01-30,1170,8325187.0,2024-02-01,scheduled_exit,522,2024-05-17,"{""market_momentum"": 0.02978875159957206, ""market_volatility"": 0.005956013402177686, ""momentum"": 0.02789855072463765, ""volatility"": 0.009732324335249454, ""volume_state"": 15.45497444967234}",assumed_next_daily_close,11315.0,1,0000001800,0,0.02978875159957206,0.005956013402177686,0.02789855072463765,55.59160000000003,0.004913088820150246,16.589,1.83,2.26,-42.99999999999997,da0d533659a0b872f9753438,True,0.0014858841010401188,673,1.610092419948942e-05,6210823.6,,,,,,,,,,,,,,,,,,,,,,,,,,,,,,,,,,,,,,,,,,,,bounded_preclose_bid_ask,,,,False,not_requested_for_horizon_or_variant,,,,event,covered_call,100,completed,113.15,114.49,False,134.0,H24,1,ABT,35.4084,primary,0.009732324335249454,15.45497444967234,2024
0.05745505816002816,2024-02-01,522,14876115fe38aa1d4dc679f2,time_value,6.8694,O:ABT240517C00120000,1,1,2024-01-30,2024-01-30,108,0.016566795911173774,520,0.0,0.001200000000000059,2024-01-31,521,True,2024-02-01,522,2024-01-30,1170,8325187.0,2024-02-01,scheduled_exit,522,2024-05-17,"{""market_momentum"": 0.02978875159957206, ""market_volatility"": 0.005956013402177686, ""momentum"": 0.02789855072463765, ""volatility"": 0.009732324335249454, ""volume_state"": 15.45497444967234}",assumed_next_daily_close,11315.0,1,0000001800,0,0.02978875159957206,0.005956013402177686,0.02789855072463765,120.3416,0.010635581087052585,6.789,1.83,0.0,-0.0,da0d533659a0b872f9753438,True,0.0014858841010401188,673,1.610092419948942e-05,6210823.6,,,,,,,,,,,,,,,,,,,,,,,,,,,,,,,,,,,,,,,,,,,,bounded_preclose_bid_ask,,,,False,not_requested_for_horizon_or_variant,,,,event,covered_call,100,completed,113.15,114.49,True,134.0,H24,1,ABT,13.6584,primary,0.009732324335249454,15.45497444967234,2024
0.05745505816002816,2024-02-02,523,14876115fe38aa1d4dc679f2,time_value,16.4266,O:ABT240517C00120000,1,1,2024-01-30,2024-01-30,108,0.016566795911173774,520,0.0,0.01193244365885992,2024-01-31,521,True,2024-02-02,523,2024-01-30,1170,8325187.0,2024-02-02,scheduled_exit,523,2024-05-17,"{""market_momentum"": 0.02978875159957206, ""market_volatility"": 0.005956013402177686, ""momentum"": 0.02789855072463765, ""volatility"": 0.009732324335249454, ""volume_state"": 15.45497444967234}",assumed_next_daily_close,11315.0,2,0000001800,0,0.02978875159957206,0.005956013402177686,0.02789855072463765,-135.0156,-0.01193244365885992,16.589,1.83,1.81,2.0000000000000018,da0d533659a0b872f9753438,True,0.0014858841010401188,673,1.610092419948942e-05,6210823.6,,,,,,,,,,,,,,,,,,,,,,,,,,,,,,,,,,,,,,,,,,,,bounded_preclose_bid_ask,,,,False,not_requested_for_horizon_or_variant,,,,event,covered_call,100,completed,113.15,112.11,False,-104.0,H24,1,ABT,33.0156,primary,0.009732324335249454,15.45497444967234,2024
0.05745505816002816,2024-02-02,523,14876115fe38aa1d4dc679f2,time_value,6.7265999999999995,O:ABT240517C00120000,1,1,2024-01-30,2024-01-30,108,0.016566795911173774,520,0.0,0.010385824127264694,2024-01-31,521,True,2024-02-02,523,2024-01-30,1170,8325187.0,2024-02-02,scheduled_exit,523,2024-05-17,"{""market_momentum"": 0.02978875159957206, ""market_volatility"": 0.005956013402177686, ""momentum"": 0.02789855072463765, ""volatility"": 0.009732324335249454, ""volume_state"": 15.45497444967234}",assumed_next_daily_close,11315.0,2,0000001800,0,0.02978875159957206,0.005956013402177686,0.02789855072463765,-117.5156,-0.010385824127264694,6.789,1.83,0.0,-0.0,da0d533659a0b872f9753438,True,0.0014858841010401188,673,1.610092419948942e-05,6210823.6,,,,,,,,,,,,,,,,,,,,,,,,,,,,,,,,,,,,,,,,,,,,bounded_preclose_bid_ask,,,,False,not_requested_for_horizon_or_variant,,,,event,covered_call,100,completed,113.15,112.11,True,-104.0,H24,1,ABT,13.5156,primary,0.009732324335249454,15.45497444967234,2024
0.05745505816002816,2024-02-05,524,14876115fe38aa1d4dc679f2,time_value,15.399000000000001,O:ABT240517C00120000,1,1,2024-01-30,2024-01-30,108,0.016566795911173774,520,0.0,0.014139460892620415,2024-01-31,521,True,2024-02-05,524,2024-01-30,1170,8325187.0,2024-02-05,scheduled_exit,524,2024-05-17,"{""market_momentum"": 0.02978875159957206, ""market_volatility"": 0.005956013402177686, ""momentum"": 0.02789855072463765, ""volatility"": 0.009732324335249454, ""volume_state"": 15.45497444967234}",assumed_next_daily_close,11315.0,3,0000001800,0,0.02978875159957206,0.005956013402177686,0.02789855072463765,-159.988,-0.014139460892620415,16.589,1.83,1.61,21.999999999999996,da0d533659a0b872f9753438,True,0.0014858841010401188,673,1.610092419948942e-05,6210823.6,,,,,,,,,,,,,,,,,,,,,,,,,,,,,,,,,,,,,,,,,,,,bounded_preclose_bid_ask,,,,False,not_requested_for_horizon_or_variant,,,,event,covered_call,100,completed,113.15,111.65,False,-150.0,H24,1,ABT,31.988,primary,0.009732324335249454,15.45497444967234,2024
0.05745505816002816,2024-02-05,524,14876115fe38aa1d4dc679f2,time_value,6.699,O:ABT240517C00120000,1,1,2024-01-30,2024-01-30,108,0.016566795911173774,520,0.0,0.01444878479893946,2024-01-31,521,True,2024-02-05,524,2024-01-30,1170,8325187.0,2024-02-05,scheduled_exit,524,2024-05-17,"{""market_momentum"": 0.02978875159957206, ""market_volatility"": 0.005956013402177686, ""momentum"": 0.02789855072463765, ""volatility"": 0.009732324335249454, ""volume_state"": 15.45497444967234}",assumed_next_daily_close,11315.0,3,0000001800,0,0.02978875159957206,0.005956013402177686,0.02789855072463765,-163.488,-0.01444878479893946,6.789,1.83,0.0,-0.0,da0d533659a0b872f9753438,True,0.0014858841010401188,673,1.610092419948942e-05,6210823.6,,,,,,,,,,,,,,,,,,,,,,,,,,,,,,,,,,,,,,,,,,,,bounded_preclose_bid_ask,,,,False,not_requested_for_horizon_or_variant,,,,event,covered_call,100,completed,113.15,111.65,True,-150.0,H24,1,ABT,13.488,primary,0.009732324335249454,15.45497444967234,2024
0.05745505816002816,2024-02-07,526,14876115fe38aa1d4dc679f2,time_value,16.648600000000002,O:ABT240517C00120000,1,1,2024-01-30,2024-01-30,108,0.016566795911173774,520,0.0,0.014139460892620411,2024-01-31,521,True,2024-02-07,526,2024-01-30,1170,8325187.0,2024-02-07,scheduled_exit,526,2024-05-17,"{""market_momentum"": 0.02978875159957206, ""market_volatility"": 0.005956013402177686, ""momentum"": 0.02789855072463765, ""volatility"": 0.009732324335249454, ""volume_state"": 15.45497444967234}",assumed_next_daily_close,11315.0,5,0000001800,0,0.02978875159957206,0.005956013402177686,0.02789855072463765,-18.2376,-0.0016118073353954927,16.589,1.83,1.84,-1.0000000000000009,da0d533659a0b872f9753438,True,0.0014858841010401188,673,1.610092419948942e-05,6210823.6,,,,,,,,,,,,,,,,,,,,,,,,,,,,,,,,,,,,,,,,,,,,bounded_preclose_bid_ask,,,,False,not_requested_for_horizon_or_variant,,,,event,covered_call,100,completed,113.15,113.31,False,16.0,H24,1,ABT,33.2376,primary,0.009732324335249454,15.45497444967234,2024
0.05745505816002816,2024-02-07,526,14876115fe38aa1d4dc679f2,time_value,6.7985999999999995,O:ABT240517C00120000,1,1,2024-01-30,2024-01-30,108,0.016566795911173774,520,0.0,0.014448784798939521,2024-01-31,521,True,2024-02-07,526,2024-01-30,1170,8325187.0,2024-02-07,scheduled_exit,526,2024-05-17,"{""market_momentum"": 0.02978875159957206, ""market_volatility"": 0.005956013402177686, ""momentum"": 0.02789855072463765, ""volatility"": 0.009732324335249454, ""volume_state"": 15.45497444967234}",assumed_next_daily_close,11315.0,5,0000001800,0,0.02978875159957206,0.005956013402177686,0.02789855072463765,2.4124000000000008,0.0002132037118868759,6.789,1.83,0.0,-0.0,da0d533659a0b872f9753438,True,0.0014858841010401188,673,1.610092419948942e-05,6210823.6,,,,,,,,,,,,,,,,,,,,,,,,,,,,,,,,,,,,,,,,,,,,bounded_preclose_bid_ask,,,,False,not_requested_for_horizon_or_variant,,,,event,covered_call,100,completed,113.15,113.31,True,16.0,H24,1,ABT,13.587599999999998,primary,0.009732324335249454,15.45497444967234,2024
0.05745505816002816,2024-02-14,531,14876115fe38aa1d4dc679f2,time_value,14.073599999999999,O:ABT240517C00120000,1,1,2024-01-30,2024-01-30,108,0.016566795911173774,520,0.0,0.014139460892620411,2024-01-31,521,True,2024-02-14,531,2024-01-30,1170,8325187.0,2024-02-14,scheduled_exit,531,2024-05-17,"{""market_momentum"": 0.02978875159957206, ""market_volatility"": 0.005956013402177686, ""momentum"": 0.02789855072463765, ""volatility"": 0.009732324335249454, ""volume_state"": 15.45497444967234}",assumed_next_daily_close,11315.0,10,0000001800,0,0.02978875159957206,0.005956013402177686,0.02789855072463765,-90.6626,-0.008012602739726028,16.589,1.83,1.34,49.0,da0d533659a0b872f9753438,True,0.0014858841010401188,673,1.610092419948942e-05,6210823.6,True,0.002387968,2.15,36,2.06,4,0.04275534441805219,0.007824128,113.48,31600,113.46,2300,0.00017625804177324607,46,,1.89,3.679396352,2.04,47,1.89,58,0.07633587786259549,113.16,0.001686784,113.16,19400,113.15,10800,8.837435376245774e-05,1.44,0.85827712,1.44,46,1.37,8,0.04982206405693939,112.02,0.000288,112.03,8100,112.02,14000,8.926578888645495e-05,bounded_preclose_bid_ask,-78.13360000000006,-0.006904701307882649,44.99999999999999,False,completed_bounded_proxy,-114.00000000000006,9.133600000000001,,event,covered_call,100,completed,113.15,112.06,False,-109.0,H24,1,ABT,30.662599999999998,primary,0.009732324335249454,15.45497444967234,2024
0.05745505816002816,2024-02-14,531,14876115fe38aa1d4dc679f2,time_value,6.723599999999999,O:ABT240517C00120000,1,1,2024-01-30,2024-01-30,108,0.016566795911173774,520,0.0,0.01718686699072034,2024-01-31,521,True,2024-02-14,531,2024-01-30,1170,8325187.0,2024-02-14,scheduled_exit,531,2024-05-17,"{""market_momentum"": 0.02978875159957206, ""market_volatility"": 0.005956013402177686, ""momentum"": 0.02789855072463765, ""volatility"": 0.009732324335249454, ""volume_state"": 15.45497444967234}",assumed_next_daily_close,11315.0,10,0000001800,0,0.02978875159957206,0.005956013402177686,0.02789855072463765,-122.5126,-0.010827450287229342,6.789,1.83,0.0,-0.0,da0d533659a0b872f9753438,True,0.0014858841010401188,673,1.610092419948942e-05,6210823.6,True,0.002387968,2.15,36,2.06,4,0.04275534441805219,0.007824128,113.48,31600,113.46,2300,0.00017625804177324607,8,,0.0,3.679396352,2.04,47,1.89,58,0.07633587786259549,113.16,0.001686784,113.16,19400,113.15,10800,8.837435376245774e-05,0.0,0.85827712,1.44,46,1.37,8,0.04982206405693939,112.02,0.000288,112.03,8100,112.02,14000,8.926578888645495e-05,bounded_preclose_bid_ask,-118.50360000000006,-0.010472216330858966,0.0,False,completed_bounded_proxy,-114.00000000000006,4.5036000000000005,,event,covered_call,100,completed,113.15,112.06,True,-109.0,H24,1,ABT,13.512599999999999,primary,0.009732324335249454,15.45497444967234,2024
0.05745505816002816,2024-03-01,542,14876115fe38aa1d4dc679f2,time_value,27.717200000000002,O:ABT240517C00120000,1,1,2024-01-30,2024-01-30,108,0.016566795911173774,520,0.0,0.014139460892620411,2024-01-31,521,True,2024-03-01,542,2024-01-30,1170,8325187.0,2024-03-01,scheduled_exit,542,2024-05-17,"{""market_momentum"": 0.02978875159957206, ""market_volatility"": 0.005956013402177686, ""momentum"": 0.02789855072463765, ""volatility"": 0.009732324335249454, ""volume_state"": 15.45497444967234}",assumed_next_daily_close,11315.0,21,0000001800,0,0.02978875159957206,0.005956013402177686,0.02789855072463765,286.6938,0.025337498895271763,16.589,1.83,3.99,-216.0,da0d533659a0b872f9753438,True,0.0014858841010401188,673,1.610092419948942e-05,6210823.6,,,,,,,,,,,,,,,,,,,,,,,,,,,,,,,,,,,,,,,,,,,,bounded_preclose_bid_ask,,,,False,not_requested_for_horizon_or_variant,,,,event,covered_call,100,completed,113.15,118.62,False,547.0,H24,1,ABT,44.306200000000004,primary,0.009732324335249454,15.45497444967234,2024
0.05745505816002816,2024-03-01,542,14876115fe38aa1d4dc679f2,time_value,7.1171999999999995,O:ABT240517C00120000,1,1,2024-01-30,2024-01-30,108,0.016566795911173774,520,0.0,0.01718686699072034,2024-01-31,521,True,2024-03-01,542,2024-01-30,1170,8325187.0,2024-03-01,scheduled_exit,542,2024-05-17,"{""market_momentum"": 0.02978875159957206, ""market_volatility"": 0.005956013402177686, ""momentum"": 0.02789855072463765, ""volatility"": 0.009732324335249454, ""volume_state"": 15.45497444967234}",assumed_next_daily_close,11315.0,21,0000001800,0,0.02978875159957206,0.005956013402177686,0.02789855072463765,533.0938,0.047113901900132565,6.789,1.83,0.0,-0.0,da0d533659a0b872f9753438,True,0.0014858841010401188,673,1.610092419948942e-05,6210823.6,,,,,,,,,,,,,,,,,,,,,,,,,,,,,,,,,,,,,,,,,,,,bounded_preclose_bid_ask,,,,False,not_requested_for_horizon_or_variant,,,,event,covered_call,100,completed,113.15,118.62,True,547.0,H24,1,ABT,13.906199999999998,primary,0.009732324335249454,15.45497444967234,2024
0.05745505816002816,2024-04-02,563,14876115fe38aa1d4dc679f2,time_value,11.6212,O:ABT240517C00120000,1,1,2024-01-30,2024-01-30,108,0.016566795911173774,520,0.0,0.019252284577993807,2024-01-31,521,True,2024-04-02,563,2024-01-30,1170,8325187.0,2024-04-02,scheduled_exit,563,2024-05-17,"{""market_momentum"": 0.02978875159957206, ""market_volatility"": 0.005956013402177686, ""momentum"": 0.02789855072463765, ""volatility"": 0.009732324335249454, ""volume_state"": 15.45497444967234}",assumed_next_daily_close,11315.0,42,0000001800,0,0.02978875159957206,0.005956013402177686,0.02789855072463765,-43.210199999999986,-0.003818842244807776,16.589,1.83,0.85,98.00000000000001,da0d533659a0b872f9753438,True,0.0014858841010401188,673,1.610092419948942e-05,6210823.6,,,,,,,,,,,,,,,,,,,,,,,,,,,,,,,,,,,,,,,,,,,,bounded_preclose_bid_ask,,,,False,not_requested_for_horizon_or_variant,,,,event,covered_call,100,completed,113.15,112.02,False,-113.0,H24,1,ABT,28.2102,primary,0.009732324335249454,15.45497444967234,2024
0.05745505816002816,2024-04-02,563,14876115fe38aa1d4dc679f2,time_value,6.7212,O:ABT240517C00120000,1,1,2024-01-30,2024-01-30,108,0.016566795911173774,520,0.0,0.028934122845779998,2024-01-31,521,True,2024-04-02,563,2024-01-30,1170,8325187.0,2024-04-02,scheduled_exit,563,2024-05-17,"{""market_momentum"": 0.02978875159957206, ""market_volatility"": 0.005956013402177686, ""momentum"": 0.02789855072463765, ""volatility"": 0.009732324335249454, ""volume_state"": 15.45497444967234}",assumed_next_daily_close,11315.0,42,0000001800,0,0.02978875159957206,0.005956013402177686,0.02789855072463765,-126.5102,-0.011180751215201061,6.789,1.83,0.0,-0.0,da0d533659a0b872f9753438,True,0.0014858841010401188,673,1.610092419948942e-05,6210823.6,,,,,,,,,,,,,,,,,,,,,,,,,,,,,,,,,,,,,,,,,,,,bounded_preclose_bid_ask,,,,False,not_requested_for_horizon_or_variant,,,,event,covered_call,100,completed,113.15,112.02,True,-113.0,H24,1,ABT,13.5102,primary,0.009732324335249454,15.45497444967234,2024
0.05745505816002816,2024-05-01,584,14876115fe38aa1d4dc679f2,time_value,7.227399999999999,O:ABT240517C00120000,1,1,2024-01-30,2024-01-30,108,0.016566795911173774,520,55.00000000000001,0.05161778170570039,2024-01-31,521,True,2024-05-01,584,2024-01-30,1170,8325187.0,2024-05-01,scheduled_exit,584,2024-05-17,"{""market_momentum"": 0.02978875159957206, ""market_volatility"": 0.005956013402177686, ""momentum"": 0.02789855072463765, ""volatility"": 0.009732324335249454, ""volume_state"": 15.45497444967234}",assumed_next_daily_close,11315.0,63,0000001800,0,0.02978875159957206,0.005956013402177686,0.02789855072463765,-475.8164,-0.04205182501104728,16.589,1.83,0.04,179.0,da0d533659a0b872f9753438,True,0.0014858841010401188,673,1.610092419948942e-05,6210823.6,,,,,,,,,,,,,,,,,,,,,,,,,,,,,,,,,,,,,,,,,,,,bounded_preclose_bid_ask,,,,False,not_requested_for_horizon_or_variant,,,,event,covered_call,100,completed,113.15,106.29,False,-686.0,H24,1,ABT,23.816399999999998,primary,0.009732324335249454,15.45497444967234,2024
0.05745505816002816,2024-05-01,584,14876115fe38aa1d4dc679f2,time_value,6.3774,O:ABT240517C00120000,1,1,2024-01-30,2024-01-30,108,0.016566795911173774,520,55.00000000000001,0.06593947856827226,2024-01-31,521,True,2024-05-01,584,2024-01-30,1170,8325187.0,2024-05-01,scheduled_exit,584,2024-05-17,"{""market_momentum"": 0.02978875159957206, ""market_volatility"": 0.005956013402177686, ""momentum"": 0.02789855072463765, ""volatility"": 0.009732324335249454, ""volume_state"": 15.45497444967234}",assumed_next_daily_close,11315.0,63,0000001800,0,0.02978875159957206,0.005956013402177686,0.02789855072463765,-644.1664,-0.056930304904993366,6.789,1.83,0.0,-0.0,da0d533659a0b872f9753438,True,0.0014858841010401188,673,1.610092419948942e-05,6210823.6,,,,,,,,,,,,,,,,,,,,,,,,,,,,,,,,,,,,,,,,,,,,bounded_preclose_bid_ask,,,,False,not_requested_for_horizon_or_variant,,,,event,covered_call,100,completed,113.15,106.29,True,-686.0,H24,1,ABT,13.1664,primary,0.009732324335249454,15.45497444967234,2024
0.05745505816002816,2024-05-17,596,14876115fe38aa1d4dc679f2,time_value,6.8953999999999995,O:ABT240517C00120000,1,1,2024-01-30,2024-01-30,108,0.016566795911173774,520,55.00000000000001,0.06191158638974812,2024-01-31,521,True,2024-05-17,596,2024-01-30,1170,8325187.0,2024-05-17,expiry_worthless,596,2024-05-17,"{""market_momentum"": 0.02978875159957206, ""market_volatility"": 0.005956013402177686, ""momentum"": 0.02789855072463765, ""volatility"": 0.009732324335249454, ""volume_state"": 15.45497444967234}",assumed_next_daily_close,11315.0,expiry,0000001800,0,0.02978875159957206,0.005956013402177686,0.02789855072463765,-691.4843999999999,-0.061112187361908966,16.589,1.83,0.0,183.0,da0d533659a0b872f9753438,True,0.0014858841010401188,673,1.610092419948942e-05,6210823.6,,,,,,,,,,,,,,,,,,,,,,,,,,,,,,,,,,,,,,,,,,,,bounded_preclose_bid_ask,,,,False,not_requested_for_horizon_or_variant,,,,event,covered_call,100,completed,113.15,104.09,False,-906.0,H24,1,ABT,23.484399999999997,primary,0.009732324335249454,15.45497444967234,2024
0.05745505816002816,2024-05-17,596,14876115fe38aa1d4dc679f2,time_value,6.245399999999999,O:ABT240517C00120000,1,1,2024-01-30,2024-01-30,108,0.016566795911173774,520,55.00000000000001,0.07706845779938142,2024-01-31,521,True,2024-05-17,596,2024-01-30,1170,8325187.0,2024-05-17,scheduled_exit,596,2024-05-17,"{""market_momentum"": 0.02978875159957206, ""market_volatility"": 0.005956013402177686, ""momentum"": 0.02789855072463765, ""volatility"": 0.009732324335249454, ""volume_state"": 15.45497444967234}",assumed_next_daily_close,11315.0,expiry,0000001800,0,0.02978875159957206,0.005956013402177686,0.02789855072463765,-864.0344,-0.07636185594343792,6.789,1.83,0.0,-0.0,da0d533659a0b872f9753438,True,0.0014858841010401188,673,1.610092419948942e-05,6210823.6,,,,,,,,,,,,,,,,,,,,,,,,,,,,,,,,,,,,,,,,,,,,bounded_preclose_bid_ask,,,,False,not_requested_for_horizon_or_variant,,,,event,covered_call,100,completed,113.15,104.09,True,-906.0,H24,1,ABT,13.034399999999998,primary,0.009732324335249454,15.45497444967234,2024
,,,1e24a2a26f4893d3b505ae5d,time_value,,,1,1,2025-02-19,2025-02-19,,,784,,,2025-02-20,785,False,,,2025-08-29,,,,,,,"{""market_momentum"": 0.025686937313832203, ""market_volatility"": 0.006510620194781785, ""momentum"": 0.08802384709801858, ""volatility"": 0.017356846300137604, ""volume_state"": 15.836491628411189}",assumed_next_daily_close,,1,0000012927,,0.025686937313832203,0.006510620194781785,0.08802384709801858,,,,,,,0dfa4412015472803f67ca06,False,,,,,,,,,,,,,,,,,,,,,,,,,,,,,,,,,,,,,,,,,,,,,,,,bounded_preclose_bid_ask,,,,False,not_requested_for_horizon_or_variant,,,incomplete_prior_liquidity,ordinary,protective_put,,incomplete_prior_liquidity,,,False,,H24,1,BA,,primary,0.017356846300137604,15.836491628411189,2025
,,,1e24a2a26f4893d3b505ae5d,time_value,,,1,1,2025-02-19,2025-02-19,,,784,,,2025-02-20,785,False,,,2025-08-29,,,,,,,"{""market_momentum"": 0.025686937313832203, ""market_volatility"": 0.006510620194781785, ""momentum"": 0.08802384709801858, ""volatility"": 0.017356846300137604, ""volume_state"": 15.836491628411189}",assumed_next_daily_close,,1,0000012927,,0.025686937313832203,0.006510620194781785,0.08802384709801858,,,,,,,0dfa4412015472803f67ca06,False,,,,,,,,,,,,,,,,,,,,,,,,,,,,,,,,,,,,,,,,,,,,,,,,bounded_preclose_bid_ask,,,,False,not_requested_for_horizon_or_variant,,,incomplete_prior_liquidity,ordinary,protective_put,,incomplete_prior_liquidity,,,True,,H24,1,BA,,primary,0.017356846300137604,15.836491628411189,2025
,,,1e24a2a26f4893d3b505ae5d,time_value,,,1,1,2025-02-19,2025-02-19,,,784,,,2025-02-20,785,False,,,2025-08-29,,,,,,,"{""market_momentum"": 0.025686937313832203, ""market_volatility"": 0.006510620194781785, ""momentum"": 0.08802384709801858, ""volatility"": 0.017356846300137604, ""volume_state"": 15.836491628411189}",assumed_next_daily_close,,2,0000012927,,0.025686937313832203,0.006510620194781785,0.08802384709801858,,,,,,,0dfa4412015472803f67ca06,False,,,,,,,,,,,,,,,,,,,,,,,,,,,,,,,,,,,,,,,,,,,,,,,,bounded_preclose_bid_ask,,,,False,not_requested_for_horizon_or_variant,,,incomplete_prior_liquidity,ordinary,protective_put,,incomplete_prior_liquidity,,,False,,H24,1,BA,,primary,0.017356846300137604,15.836491628411189,2025
,,,1e24a2a26f4893d3b505ae5d,time_value,,,1,1,2025-02-19,2025-02-19,,,784,,,2025-02-20,785,False,,,2025-08-29,,,,,,,"{""market_momentum"": 0.025686937313832203, ""market_volatility"": 0.006510620194781785, ""momentum"": 0.08802384709801858, ""volatility"": 0.017356846300137604, ""volume_state"": 15.836491628411189}",assumed_next_daily_close,,2,0000012927,,0.025686937313832203,0.006510620194781785,0.08802384709801858,,,,,,,0dfa4412015472803f67ca06,False,,,,,,,,,,,,,,,,,,,,,,,,,,,,,,,,,,,,,,,,,,,,,,,,bounded_preclose_bid_ask,,,,False,not_requested_for_horizon_or_variant,,,incomplete_prior_liquidity,ordinary,protective_put,,incomplete_prior_liquidity,,,True,,H24,1,BA,,primary,0.017356846300137604,15.836491628411189,2025
,,,1e24a2a26f4893d3b505ae5d,time_value,,,1,1,2025-02-19,2025-02-19,,,784,,,2025-02-20,785,False,,,2025-08-29,,,,,,,"{""market_momentum"": 0.025686937313832203, ""market_volatility"": 0.006510620194781785, ""momentum"": 0.08802384709801858, ""volatility"": 0.017356846300137604, ""volume_state"": 15.836491628411189}",assumed_next_daily_close,,3,0000012927,,0.025686937313832203,0.006510620194781785,0.08802384709801858,,,,,,,0dfa4412015472803f67ca06,False,,,,,,,,,,,,,,,,,,,,,,,,,,,,,,,,,,,,,,,,,,,,,,,,bounded_preclose_bid_ask,,,,False,not_requested_for_horizon_or_variant,,,incomplete_prior_liquidity,ordinary,protective_put,,incomplete_prior_liquidity,,,False,,H24,1,BA,,primary,0.017356846300137604,15.836491628411189,2025
,,,1e24a2a26f4893d3b505ae5d,time_value,,,1,1,2025-02-19,2025-02-19,,,784,,,2025-02-20,785,False,,,2025-08-29,,,,,,,"{""market_momentum"": 0.025686937313832203, ""market_volatility"": 0.006510620194781785, ""momentum"": 0.08802384709801858, ""volatility"": 0.017356846300137604, ""volume_state"": 15.836491628411189}",assumed_next_daily_close,,3,0000012927,,0.025686937313832203,0.006510620194781785,0.08802384709801858,,,,,,,0dfa4412015472803f67ca06,False,,,,,,,,,,,,,,,,,,,,,,,,,,,,,,,,,,,,,,,,,,,,,,,,bounded_preclose_bid_ask,,,,False,not_requested_for_horizon_or_variant,,,incomplete_prior_liquidity,ordinary,protective_put,,incomplete_prior_liquidity,,,True,,H24,1,BA,,primary,0.017356846300137604,15.836491628411189,2025
,,,1e24a2a26f4893d3b505ae5d,time_value,,,1,1,2025-02-19,2025-02-19,,,784,,,2025-02-20,785,False,,,2025-08-29,,,,,,,"{""market_momentum"": 0.025686937313832203, ""market_volatility"": 0.006510620194781785, ""momentum"": 0.08802384709801858, ""volatility"": 0.017356846300137604, ""volume_state"": 15.836491628411189}",assumed_next_daily_close,,5,0000012927,,0.025686937313832203,0.006510620194781785,0.08802384709801858,,,,,,,0dfa4412015472803f67ca06,False,,,,,,,,,,,,,,,,,,,,,,,,,,,,,,,,,,,,,,,,,,,,,,,,bounded_preclose_bid_ask,,,,False,not_requested_for_horizon_or_variant,,,incomplete_prior_liquidity,ordinary,protective_put,,incomplete_prior_liquidity,,,False,,H24,1,BA,,primary,0.017356846300137604,15.836491628411189,2025
,,,1e24a2a26f4893d3b505ae5d,time_value,,,1,1,2025-02-19,2025-02-19,,,784,,,2025-02-20,785,False,,,2025-08-29,,,,,,,"{""market_momentum"": 0.025686937313832203, ""market_volatility"": 0.006510620194781785, ""momentum"": 0.08802384709801858, ""volatility"": 0.017356846300137604, ""volume_state"": 15.836491628411189}",assumed_next_daily_close,,5,0000012927,,0.025686937313832203,0.006510620194781785,0.08802384709801858,,,,,,,0dfa4412015472803f67ca06,False,,,,,,,,,,,,,,,,,,,,,,,,,,,,,,,,,,,,,,,,,,,,,,,,bounded_preclose_bid_ask,,,,False,not_requested_for_horizon_or_variant,,,incomplete_prior_liquidity,ordinary,protective_put,,incomplete_prior_liquidity,,,True,,H24,1,BA,,primary,0.017356846300137604,15.836491628411189,2025
,,,1e24a2a26f4893d3b505ae5d,time_value,,,1,1,2025-02-19,2025-02-19,,,784,,,2025-02-20,785,False,,,2025-08-29,,,,,,,"{""market_momentum"": 0.025686937313832203, ""market_volatility"": 0.006510620194781785, ""momentum"": 0.08802384709801858, ""volatility"": 0.017356846300137604, ""volume_state"": 15.836491628411189}",assumed_next_daily_close,,10,0000012927,,0.025686937313832203,0.006510620194781785,0.08802384709801858,,,,,,,0dfa4412015472803f67ca06,False,,,,,,,,,,,,,,,,,,,,,,,,,,,,,,,,,,,,,,,,,,,,,,,,bounded_preclose_bid_ask,,,,False,bar_outcome_not_completed,,,incomplete_prior_liquidity,ordinary,protective_put,,incomplete_prior_liquidity,,,False,,H24,1,BA,,primary,0.017356846300137604,15.836491628411189,2025
,,,1e24a2a26f4893d3b505ae5d,time_value,,,1,1,2025-02-19,2025-02-19,,,784,,,2025-02-20,785,False,,,2025-08-29,,,,,,,"{""market_momentum"": 0.025686937313832203, ""market_volatility"": 0.006510620194781785, ""momentum"": 0.08802384709801858, ""volatility"": 0.017356846300137604, ""volume_state"": 15.836491628411189}",assumed_next_daily_close,,10,0000012927,,0.025686937313832203,0.006510620194781785,0.08802384709801858,,,,,,,0dfa4412015472803f67ca06,False,,,,,,,,,,,,,,,,,,,,,,,,,,,,,,,,,,,,,,,,,,,,,,,,bounded_preclose_bid_ask,,,,False,bar_outcome_not_completed,,,incomplete_prior_liquidity,ordinary,protective_put,,incomplete_prior_liquidity,,,True,,H24,1,BA,,primary,0.017356846300137604,15.836491628411189,2025
,,,1e24a2a26f4893d3b505ae5d,time_value,,,1,1,2025-02-19,2025-02-19,,,784,,,2025-02-20,785,False,,,2025-08-29,,,,,,,"{""market_momentum"": 0.025686937313832203, ""market_volatility"": 0.006510620194781785, ""momentum"": 0.08802384709801858, ""volatility"": 0.017356846300137604, ""volume_state"": 15.836491628411189}",assumed_next_daily_close,,21,0000012927,,0.025686937313832203,0.006510620194781785,0.08802384709801858,,,,,,,0dfa4412015472803f67ca06,False,,,,,,,,,,,,,,,,,,,,,,,,,,,,,,,,,,,,,,,,,,,,,,,,bounded_preclose_bid_ask,,,,False,not_requested_for_horizon_or_variant,,,incomplete_prior_liquidity,ordinary,protective_put,,incomplete_prior_liquidity,,,False,,H24,1,BA,,primary,0.017356846300137604,15.836491628411189,2025
,,,1e24a2a26f4893d3b505ae5d,time_value,,,1,1,2025-02-19,2025-02-19,,,784,,,2025-02-20,785,False,,,2025-08-29,,,,,,,"{""market_momentum"": 0.025686937313832203, ""market_volatility"": 0.006510620194781785, ""momentum"": 0.08802384709801858, ""volatility"": 0.017356846300137604, ""volume_state"": 15.836491628411189}",assumed_next_daily_close,,21,0000012927,,0.025686937313832203,0.006510620194781785,0.08802384709801858,,,,,,,0dfa4412015472803f67ca06,False,,,,,,,,,,,,,,,,,,,,,,,,,,,,,,,,,,,,,,,,,,,,,,,,bounded_preclose_bid_ask,,,,False,not_requested_for_horizon_or_variant,,,incomplete_prior_liquidity,ordinary,protective_put,,incomplete_prior_liquidity,,,True,,H24,1,BA,,primary,0.017356846300137604,15.836491628411189,2025
,,,1e24a2a26f4893d3b505ae5d,time_value,,,1,1,2025-02-19,2025-02-19,,,784,,,2025-02-20,785,False,,,2025-08-29,,,,,,,"{""market_momentum"": 0.025686937313832203, ""market_volatility"": 0.006510620194781785, ""momentum"": 0.08802384709801858, ""volatility"": 0.017356846300137604, ""volume_state"": 15.836491628411189}",assumed_next_daily_close,,42,0000012927,,0.025686937313832203,0.006510620194781785,0.08802384709801858,,,,,,,0dfa4412015472803f67ca06,False,,,,,,,,,,,,,,,,,,,,,,,,,,,,,,,,,,,,,,,,,,,,,,,,bounded_preclose_bid_ask,,,,False,not_requested_for_horizon_or_variant,,,incomplete_prior_liquidity,ordinary,protective_put,,incomplete_prior_liquidity,,,False,,H24,1,BA,,primary,0.017356846300137604,15.836491628411189,2025
,,,1e24a2a26f4893d3b505ae5d,time_value,,,1,1,2025-02-19,2025-02-19,,,784,,,2025-02-20,785,False,,,2025-08-29,,,,,,,"{""market_momentum"": 0.025686937313832203, ""market_volatility"": 0.006510620194781785, ""momentum"": 0.08802384709801858, ""volatility"": 0.017356846300137604, ""volume_state"": 15.836491628411189}",assumed_next_daily_close,,42,0000012927,,0.025686937313832203,0.006510620194781785,0.08802384709801858,,,,,,,0dfa4412015472803f67ca06,False,,,,,,,,,,,,,,,,,,,,,,,,,,,,,,,,,,,,,,,,,,,,,,,,bounded_preclose_bid_ask,,,,False,not_requested_for_horizon_or_variant,,,incomplete_prior_liquidity,ordinary,protective_put,,incomplete_prior_liquidity,,,True,,H24,1,BA,,primary,0.017356846300137604,15.836491628411189,2025
,,,1e24a2a26f4893d3b505ae5d,time_value,,,1,1,2025-02-19,2025-02-19,,,784,,,2025-02-20,785,False,,,2025-08-29,,,,,,,"{""market_momentum"": 0.025686937313832203, ""market_volatility"": 0.006510620194781785, ""momentum"": 0.08802384709801858, ""volatility"": 0.017356846300137604, ""volume_state"": 15.836491628411189}",assumed_next_daily_close,,63,0000012927,,0.025686937313832203,0.006510620194781785,0.08802384709801858,,,,,,,0dfa4412015472803f67ca06,False,,,,,,,,,,,,,,,,,,,,,,,,,,,,,,,,,,,,,,,,,,,,,,,,bounded_preclose_bid_ask,,,,False,not_requested_for_horizon_or_variant,,,incomplete_prior_liquidity,ordinary,protective_put,,incomplete_prior_liquidity,,,False,,H24,1,BA,,primary,0.017356846300137604,15.836491628411189,2025
,,,1e24a2a26f4893d3b505ae5d,time_value,,,1,1,2025-02-19,2025-02-19,,,784,,,2025-02-20,785,False,,,2025-08-29,,,,,,,"{""market_momentum"": 0.025686937313832203, ""market_volatility"": 0.006510620194781785, ""momentum"": 0.08802384709801858, ""volatility"": 0.017356846300137604, ""volume_state"": 15.836491628411189}",assumed_next_daily_close,,63,0000012927,,0.025686937313832203,0.006510620194781785,0.08802384709801858,,,,,,,0dfa4412015472803f67ca06,False,,,,,,,,,,,,,,,,,,,,,,,,,,,,,,,,,,,,,,,,,,,,,,,,bounded_preclose_bid_ask,,,,False,not_requested_for_horizon_or_variant,,,incomplete_prior_liquidity,ordinary,protective_put,,incomplete_prior_liquidity,,,True,,H24,1,BA,,primary,0.017356846300137604,15.836491628411189,2025
,,,1e24a2a26f4893d3b505ae5d,time_value,,,1,1,2025-02-19,2025-02-19,,,784,,,2025-02-20,785,False,,,2025-08-29,,,,,,,"{""market_momentum"": 0.025686937313832203, ""market_volatility"": 0.006510620194781785, ""momentum"": 0.08802384709801858, ""volatility"": 0.017356846300137604, ""volume_state"": 15.836491628411189}",assumed_next_daily_close,,expiry,0000012927,,0.025686937313832203,0.006510620194781785,0.08802384709801858,,,,,,,0dfa4412015472803f67ca06,False,,,,,,,,,,,,,,,,,,,,,,,,,,,,,,,,,,,,,,,,,,,,,,,,bounded_preclose_bid_ask,,,,False,not_requested_for_horizon_or_variant,,,incomplete_prior_liquidity,ordinary,protective_put,,incomplete_prior_liquidity,,,False,,H24,1,BA,,primary,0.017356846300137604,15.836491628411189,2025
,,,1e24a2a26f4893d3b505ae5d,time_value,,,1,1,2025-02-19,2025-02-19,,,784,,,2025-02-20,785,False,,,2025-08-29,,,,,,,"{""market_momentum"": 0.025686937313832203, ""market_volatility"": 0.006510620194781785, ""momentum"": 0.08802384709801858, ""volatility"": 0.017356846300137604, ""volume_state"": 15.836491628411189}",assumed_next_daily_close,,expiry,0000012927,,0.025686937313832203,0.006510620194781785,0.08802384709801858,,,,,,,0dfa4412015472803f67ca06,False,,,,,,,,,,,,,,,,,,,,,,,,,,,,,,,,,,,,,,,,,,,,,,,,bounded_preclose_bid_ask,,,,False,not_requested_for_horizon_or_variant,,,incomplete_prior_liquidity,ordinary,protective_put,,incomplete_prior_liquidity,,,True,,H24,1,BA,,primary,0.017356846300137604,15.836491628411189,2025
,,,27b30bf2bd9cbfdead5327e1,time_value,,,1,1,2023-10-19,2023-10-19,,,451,,,2023-10-20,452,False,,,2023-10-19,,,,,,,"{""market_momentum"": -0.027836038664964424, ""market_volatility"": 0.00827270594588772, ""momentum"": -0.10007474462253962, ""volatility"": 0.018426059904545596, ""volume_state"": 15.439444615551448}",assumed_next_daily_close,,1,0000027419,,-0.027836038664964424,0.00827270594588772,-0.10007474462253962,,,,,,,5169e10cd3bea4a08cfe105e,False,,,,,,,,,,,,,,,,,,,,,,,,,,,,,,,,,,,,,,,,,,,,,,,,bounded_preclose_bid_ask,,,,False,not_requested_for_horizon_or_variant,,,no_standard_contract_within_rules,event,protective_put,,no_standard_contract_within_rules,,,False,,H24,1,TGT,,primary,0.018426059904545596,15.439444615551448,2023
,,,27b30bf2bd9cbfdead5327e1,time_value,,,1,1,2023-10-19,2023-10-19,,,451,,,2023-10-20,452,False,,,2023-10-19,,,,,,,"{""market_momentum"": -0.027836038664964424, ""market_volatility"": 0.00827270594588772, ""momentum"": -0.10007474462253962, ""volatility"": 0.018426059904545596, ""volume_state"": 15.439444615551448}",assumed_next_daily_close,,1,0000027419,,-0.027836038664964424,0.00827270594588772,-0.10007474462253962,,,,,,,5169e10cd3bea4a08cfe105e,False,,,,,,,,,,,,,,,,,,,,,,,,,,,,,,,,,,,,,,,,,,,,,,,,bounded_preclose_bid_ask,,,,False,not_requested_for_horizon_or_variant,,,no_standard_contract_within_rules,event,protective_put,,no_standard_contract_within_rules,,,True,,H24,1,TGT,,primary,0.018426059904545596,15.439444615551448,2023
,,,27b30bf2bd9cbfdead5327e1,time_value,,,1,1,2023-10-19,2023-10-19,,,451,,,2023-10-20,452,False,,,2023-10-19,,,,,,,"{""market_momentum"": -0.027836038664964424, ""market_volatility"": 0.00827270594588772, ""momentum"": -0.10007474462253962, ""volatility"": 0.018426059904545596, ""volume_state"": 15.439444615551448}",assumed_next_daily_close,,2,0000027419,,-0.027836038664964424,0.00827270594588772,-0.10007474462253962,,,,,,,5169e10cd3bea4a08cfe105e,False,,,,,,,,,,,,,,,,,,,,,,,,,,,,,,,,,,,,,,,,,,,,,,,,bounded_preclose_bid_ask,,,,False,not_requested_for_horizon_or_variant,,,no_standard_contract_within_rules,event,protective_put,,no_standard_contract_within_rules,,,False,,H24,1,TGT,,primary,0.018426059904545596,15.439444615551448,2023
,,,27b30bf2bd9cbfdead5327e1,time_value,,,1,1,2023-10-19,2023-10-19,,,451,,,2023-10-20,452,False,,,2023-10-19,,,,,,,"{""market_momentum"": -0.027836038664964424, ""market_volatility"": 0.00827270594588772, ""momentum"": -0.10007474462253962, ""volatility"": 0.018426059904545596, ""volume_state"": 15.439444615551448}",assumed_next_daily_close,,2,0000027419,,-0.027836038664964424,0.00827270594588772,-0.10007474462253962,,,,,,,5169e10cd3bea4a08cfe105e,False,,,,,,,,,,,,,,,,,,,,,,,,,,,,,,,,,,,,,,,,,,,,,,,,bounded_preclose_bid_ask,,,,False,not_requested_for_horizon_or_variant,,,no_standard_contract_within_rules,event,protective_put,,no_standard_contract_within_rules,,,True,,H24,1,TGT,,primary,0.018426059904545596,15.439444615551448,2023
,,,27b30bf2bd9cbfdead5327e1,time_value,,,1,1,2023-10-19,2023-10-19,,,451,,,2023-10-20,452,False,,,2023-10-19,,,,,,,"{""market_momentum"": -0.027836038664964424, ""market_volatility"": 0.00827270594588772, ""momentum"": -0.10007474462253962, ""volatility"": 0.018426059904545596, ""volume_state"": 15.439444615551448}",assumed_next_daily_close,,3,0000027419,,-0.027836038664964424,0.00827270594588772,-0.10007474462253962,,,,,,,5169e10cd3bea4a08cfe105e,False,,,,,,,,,,,,,,,,,,,,,,,,,,,,,,,,,,,,,,,,,,,,,,,,bounded_preclose_bid_ask,,,,False,not_requested_for_horizon_or_variant,,,no_standard_contract_within_rules,event,protective_put,,no_standard_contract_within_rules,,,False,,H24,1,TGT,,primary,0.018426059904545596,15.439444615551448,2023
,,,27b30bf2bd9cbfdead5327e1,time_value,,,1,1,2023-10-19,2023-10-19,,,451,,,2023-10-20,452,False,,,2023-10-19,,,,,,,"{""market_momentum"": -0.027836038664964424, ""market_volatility"": 0.00827270594588772, ""momentum"": -0.10007474462253962, ""volatility"": 0.018426059904545596, ""volume_state"": 15.439444615551448}",assumed_next_daily_close,,3,0000027419,,-0.027836038664964424,0.00827270594588772,-0.10007474462253962,,,,,,,5169e10cd3bea4a08cfe105e,False,,,,,,,,,,,,,,,,,,,,,,,,,,,,,,,,,,,,,,,,,,,,,,,,bounded_preclose_bid_ask,,,,False,not_requested_for_horizon_or_variant,,,no_standard_contract_within_rules,event,protective_put,,no_standard_contract_within_rules,,,True,,H24,1,TGT,,primary,0.018426059904545596,15.439444615551448,2023
,,,27b30bf2bd9cbfdead5327e1,time_value,,,1,1,2023-10-19,2023-10-19,,,451,,,2023-10-20,452,False,,,2023-10-19,,,,,,,"{""market_momentum"": -0.027836038664964424, ""market_volatility"": 0.00827270594588772, ""momentum"": -0.10007474462253962, ""volatility"": 0.018426059904545596, ""volume_state"": 15.439444615551448}",assumed_next_daily_close,,5,0000027419,,-0.027836038664964424,0.00827270594588772,-0.10007474462253962,,,,,,,5169e10cd3bea4a08cfe105e,False,,,,,,,,,,,,,,,,,,,,,,,,,,,,,,,,,,,,,,,,,,,,,,,,bounded_preclose_bid_ask,,,,False,not_requested_for_horizon_or_variant,,,no_standard_contract_within_rules,event,protective_put,,no_standard_contract_within_rules,,,False,,H24,1,TGT,,primary,0.018426059904545596,15.439444615551448,2023
,,,27b30bf2bd9cbfdead5327e1,time_value,,,1,1,2023-10-19,2023-10-19,,,451,,,2023-10-20,452,False,,,2023-10-19,,,,,,,"{""market_momentum"": -0.027836038664964424, ""market_volatility"": 0.00827270594588772, ""momentum"": -0.10007474462253962, ""volatility"": 0.018426059904545596, ""volume_state"": 15.439444615551448}",assumed_next_daily_close,,5,0000027419,,-0.027836038664964424,0.00827270594588772,-0.10007474462253962,,,,,,,5169e10cd3bea4a08cfe105e,False,,,,,,,,,,,,,,,,,,,,,,,,,,,,,,,,,,,,,,,,,,,,,,,,bounded_preclose_bid_ask,,,,False,not_requested_for_horizon_or_variant,,,no_standard_contract_within_rules,event,protective_put,,no_standard_contract_within_rules,,,True,,H24,1,TGT,,primary,0.018426059904545596,15.439444615551448,2023
,,,27b30bf2bd9cbfdead5327e1,time_value,,,1,1,2023-10-19,2023-10-19,,,451,,,2023-10-20,452,False,,,2023-10-19,,,,,,,"{""market_momentum"": -0.027836038664964424, ""market_volatility"": 0.00827270594588772, ""momentum"": -0.10007474462253962, ""volatility"": 0.018426059904545596, ""volume_state"": 15.439444615551448}",assumed_next_daily_close,,10,0000027419,,-0.027836038664964424,0.00827270594588772,-0.10007474462253962,,,,,,,5169e10cd3bea4a08cfe105e,False,,,,,,,,,,,,,,,,,,,,,,,,,,,,,,,,,,,,,,,,,,,,,,,,bounded_preclose_bid_ask,,,,False,not_sampled_or_missing_quotes,,,no_standard_contract_within_rules,event,protective_put,,no_standard_contract_within_rules,,,False,,H24,1,TGT,,primary,0.018426059904545596,15.439444615551448,2023
,,,27b30bf2bd9cbfdead5327e1,time_value,,,1,1,2023-10-19,2023-10-19,,,451,,,2023-10-20,452,False,,,2023-10-19,,,,,,,"{""market_momentum"": -0.027836038664964424, ""market_volatility"": 0.00827270594588772, ""momentum"": -0.10007474462253962, ""volatility"": 0.018426059904545596, ""volume_state"": 15.439444615551448}",assumed_next_daily_close,,10,0000027419,,-0.027836038664964424,0.00827270594588772,-0.10007474462253962,,,,,,,5169e10cd3bea4a08cfe105e,False,,,,,,,,,,,,,,,,,,,,,,,,,,,,,,,,,,,,,,,,,,,,,,,,bounded_preclose_bid_ask,,,,False,not_sampled_or_missing_quotes,,,no_standard_contract_within_rules,event,protective_put,,no_standard_contract_within_rules,,,True,,H24,1,TGT,,primary,0.018426059904545596,15.439444615551448,2023
,,,27b30bf2bd9cbfdead5327e1,time_value,,,1,1,2023-10-19,2023-10-19,,,451,,,2023-10-20,452,False,,,2023-10-19,,,,,,,"{""market_momentum"": -0.027836038664964424, ""market_volatility"": 0.00827270594588772, ""momentum"": -0.10007474462253962, ""volatility"": 0.018426059904545596, ""volume_state"": 15.439444615551448}",assumed_next_daily_close,,21,0000027419,,-0.027836038664964424,0.00827270594588772,-0.10007474462253962,,,,,,,5169e10cd3bea4a08cfe105e,False,,,,,,,,,,,,,,,,,,,,,,,,,,,,,,,,,,,,,,,,,,,,,,,,bounded_preclose_bid_ask,,,,False,not_requested_for_horizon_or_variant,,,no_standard_contract_within_rules,event,protective_put,,no_standard_contract_within_rules,,,False,,H24,1,TGT,,primary,0.018426059904545596,15.439444615551448,2023
,,,27b30bf2bd9cbfdead5327e1,time_value,,,1,1,2023-10-19,2023-10-19,,,451,,,2023-10-20,452,False,,,2023-10-19,,,,,,,"{""market_momentum"": -0.027836038664964424, ""market_volatility"": 0.00827270594588772, ""momentum"": -0.10007474462253962, ""volatility"": 0.018426059904545596, ""volume_state"": 15.439444615551448}",assumed_next_daily_close,,21,0000027419,,-0.027836038664964424,0.00827270594588772,-0.10007474462253962,,,,,,,5169e10cd3bea4a08cfe105e,False,,,,,,,,,,,,,,,,,,,,,,,,,,,,,,,,,,,,,,,,,,,,,,,,bounded_preclose_bid_ask,,,,False,not_requested_for_horizon_or_variant,,,no_standard_contract_within_rules,event,protective_put,,no_standard_contract_within_rules,,,True,,H24,1,TGT,,primary,0.018426059904545596,15.439444615551448,2023
,,,27b30bf2bd9cbfdead5327e1,time_value,,,1,1,2023-10-19,2023-10-19,,,451,,,2023-10-20,452,False,,,2023-10-19,,,,,,,"{""market_momentum"": -0.027836038664964424, ""market_volatility"": 0.00827270594588772, ""momentum"": -0.10007474462253962, ""volatility"": 0.018426059904545596, ""volume_state"": 15.439444615551448}",assumed_next_daily_close,,42,0000027419,,-0.027836038664964424,0.00827270594588772,-0.10007474462253962,,,,,,,5169e10cd3bea4a08cfe105e,False,,,,,,,,,,,,,,,,,,,,,,,,,,,,,,,,,,,,,,,,,,,,,,,,bounded_preclose_bid_ask,,,,False,not_requested_for_horizon_or_variant,,,no_standard_contract_within_rules,event,protective_put,,no_standard_contract_within_rules,,,False,,H24,1,TGT,,primary,0.018426059904545596,15.439444615551448,2023
,,,27b30bf2bd9cbfdead5327e1,time_value,,,1,1,2023-10-19,2023-10-19,,,451,,,2023-10-20,452,False,,,2023-10-19,,,,,,,"{""market_momentum"": -0.027836038664964424, ""market_volatility"": 0.00827270594588772, ""momentum"": -0.10007474462253962, ""volatility"": 0.018426059904545596, ""volume_state"": 15.439444615551448}",assumed_next_daily_close,,42,0000027419,,-0.027836038664964424,0.00827270594588772,-0.10007474462253962,,,,,,,5169e10cd3bea4a08cfe105e,False,,,,,,,,,,,,,,,,,,,,,,,,,,,,,,,,,,,,,,,,,,,,,,,,bounded_preclose_bid_ask,,,,False,not_requested_for_horizon_or_variant,,,no_standard_contract_within_rules,event,protective_put,,no_standard_contract_within_rules,,,True,,H24,1,TGT,,primary,0.018426059904545596,15.439444615551448,2023
,,,27b30bf2bd9cbfdead5327e1,time_value,,,1,1,2023-10-19,2023-10-19,,,451,,,2023-10-20,452,False,,,2023-10-19,,,,,,,"{""market_momentum"": -0.027836038664964424, ""market_volatility"": 0.00827270594588772, ""momentum"": -0.10007474462253962, ""volatility"": 0.018426059904545596, ""volume_state"": 15.439444615551448}",assumed_next_daily_close,,63,0000027419,,-0.027836038664964424,0.00827270594588772,-0.10007474462253962,,,,,,,5169e10cd3bea4a08cfe105e,False,,,,,,,,,,,,,,,,,,,,,,,,,,,,,,,,,,,,,,,,,,,,,,,,bounded_preclose_bid_ask,,,,False,not_requested_for_horizon_or_variant,,,no_standard_contract_within_rules,event,protective_put,,no_standard_contract_within_rules,,,False,,H24,1,TGT,,primary,0.018426059904545596,15.439444615551448,2023
,,,27b30bf2bd9cbfdead5327e1,time_value,,,1,1,2023-10-19,2023-10-19,,,451,,,2023-10-20,452,False,,,2023-10-19,,,,,,,"{""market_momentum"": -0.027836038664964424, ""market_volatility"": 0.00827270594588772, ""momentum"": -0.10007474462253962, ""volatility"": 0.018426059904545596, ""volume_state"": 15.439444615551448}",assumed_next_daily_close,,63,0000027419,,-0.027836038664964424,0.00827270594588772,-0.10007474462253962,,,,,,,5169e10cd3bea4a08cfe105e,False,,,,,,,,,,,,,,,,,,,,,,,,,,,,,,,,,,,,,,,,,,,,,,,,bounded_preclose_bid_ask,,,,False,not_requested_for_horizon_or_variant,,,no_standard_contract_within_rules,event,protective_put,,no_standard_contract_within_rules,,,True,,H24,1,TGT,,primary,0.018426059904545596,15.439444615551448,2023
,,,27b30bf2bd9cbfdead5327e1,time_value,,,1,1,2023-10-19,2023-10-19,,,451,,,2023-10-20,452,False,,,2023-10-19,,,,,,,"{""market_momentum"": -0.027836038664964424, ""market_volatility"": 0.00827270594588772, ""momentum"": -0.10007474462253962, ""volatility"": 0.018426059904545596, ""volume_state"": 15.439444615551448}",assumed_next_daily_close,,expiry,0000027419,,-0.027836038664964424,0.00827270594588772,-0.10007474462253962,,,,,,,5169e10cd3bea4a08cfe105e,False,,,,,,,,,,,,,,,,,,,,,,,,,,,,,,,,,,,,,,,,,,,,,,,,bounded_preclose_bid_ask,,,,False,not_requested_for_horizon_or_variant,,,no_standard_contract_within_rules,event,protective_put,,no_standard_contract_within_rules,,,False,,H24,1,TGT,,primary,0.018426059904545596,15.439444615551448,2023
,,,27b30bf2bd9cbfdead5327e1,time_value,,,1,1,2023-10-19,2023-10-19,,,451,,,2023-10-20,452,False,,,2023-10-19,,,,,,,"{""market_momentum"": -0.027836038664964424, ""market_volatility"": 0.00827270594588772, ""momentum"": -0.10007474462253962, ""volatility"": 0.018426059904545596, ""volume_state"": 15.439444615551448}",assumed_next_daily_close,,expiry,0000027419,,-0.027836038664964424,0.00827270594588772,-0.10007474462253962,,,,,,,5169e10cd3bea4a08cfe105e,False,,,,,,,,,,,,,,,,,,,,,,,,,,,,,,,,,,,,,,,,,,,,,,,,bounded_preclose_bid_ask,,,,False,not_requested_for_horizon_or_variant,,,no_standard_contract_within_rules,event,protective_put,,no_standard_contract_within_rules,,,True,,H24,1,TGT,,primary,0.018426059904545596,15.439444615551448,2023
0.048481798355980654,2022-04-01,62,36419ef8aee1cd673d6b745e,time_value,34.6414,O:AMD220715C00125000,1,1,2022-03-30,2022-03-30,107,0.08262036571045127,60,0.0,0.010952240717029452,2022-03-31,61,True,2022-04-01,62,2022-11-09,454,147004790.0,2022-04-01,scheduled_exit,62,2022-07-15,"{""market_momentum"": 0.06679380436299365, ""market_volatility"": 0.014307342913762481, ""momentum"": 0.04735131336203113, ""volatility"": 0.036932664824847986, ""volume_state"": 18.46117532350676}",assumed_next_daily_close,10934.0,1,0000002488,0,0.06679380436299365,0.014307342913762481,0.04735131336203113,-119.75180000000003,-0.010952240717029452,38.1104,6.18,5.5,67.99999999999997,534558a40281c620b08ab753,True,0.0011876484560570072,842,1.009077587303642e-06,99100407.4,,,,,,,,,,,,,,,,,,,,,,,,,,,,,,,,,,,,,,,,,,,,bounded_preclose_bid_ask,,,,False,not_requested_for_horizon_or_variant,,,,ordinary,covered_call,100,completed,109.34,108.19,False,-115.0,H24,1,AMD,72.7518,primary,0.036932664824847986,18.46117532350676,2022
0.048481798355980654,2022-04-01,62,36419ef8aee1cd673d6b745e,time_value,6.4914,O:AMD220715C00125000,1,1,2022-03-30,2022-03-30,107,0.08262036571045127,60,0.0,0.011711340771904154,2022-03-31,61,True,2022-04-01,62,2022-11-09,454,147004790.0,2022-04-01,scheduled_exit,62,2022-07-15,"{""market_momentum"": 0.06679380436299365, ""market_volatility"": 0.014307342913762481, ""momentum"": 0.04735131336203113, ""volatility"": 0.036932664824847986, ""volume_state"": 18.46117532350676}",assumed_next_daily_close,10934.0,1,0000002488,0,0.06679380436299365,0.014307342913762481,0.04735131336203113,-128.05180000000001,-0.011711340771904154,6.5604,6.18,0.0,-0.0,534558a40281c620b08ab753,True,0.0011876484560570072,842,1.009077587303642e-06,99100407.4,,,,,,,,,,,,,,,,,,,,,,,,,,,,,,,,,,,,,,,,,,,,bounded_preclose_bid_ask,,,,False,not_requested_for_horizon_or_variant,,,,ordinary,covered_call,100,completed,109.34,108.19,True,-115.0,H24,1,AMD,13.0518,primary,0.036932664824847986,18.46117532350676,2022
0.048481798355980654,2022-04-04,63,36419ef8aee1cd673d6b745e,time_value,36.7818,O:AMD220715C00125000,1,1,2022-03-30,2022-03-30,107,0.08262036571045127,60,0.0,0.01095224071702941,2022-03-31,61,True,2022-04-04,63,2022-11-09,454,147004790.0,2022-04-04,scheduled_exit,63,2022-07-15,"{""market_momentum"": 0.06679380436299365, ""market_volatility"": 0.014307342913762481, ""momentum"": 0.04735131336203113, ""volatility"": 0.036932664824847986, ""volume_state"": 18.46117532350676}",assumed_next_daily_close,10934.0,2,0000002488,0,0.06679380436299365,0.014307342913762481,0.04735131336203113,72.10779999999994,0.006594823486372777,38.1104,6.18,5.9,27.999999999999936,534558a40281c620b08ab753,True,0.0011876484560570072,842,1.009077587303642e-06,99100407.4,,,,,,,,,,,,,,,,,,,,,,,,,,,,,,,,,,,,,,,,,,,,bounded_preclose_bid_ask,,,,False,not_requested_for_horizon_or_variant,,,,ordinary,covered_call,100,completed,109.34,110.53,False,119.0,H24,1,AMD,74.8922,primary,0.036932664824847986,18.46117532350676,2022
0.048481798355980654,2022-04-04,63,36419ef8aee1cd673d6b745e,time_value,6.631799999999999,O:AMD220715C00125000,1,1,2022-03-30,2022-03-30,107,0.08262036571045127,60,0.0,0.01171134077190418,2022-03-31,61,True,2022-04-04,63,2022-11-09,454,147004790.0,2022-04-04,scheduled_exit,63,2022-07-15,"{""market_momentum"": 0.06679380436299365, ""market_volatility"": 0.014307342913762481, ""momentum"": 0.04735131336203113, ""volatility"": 0.036932664824847986, ""volume_state"": 18.46117532350676}",assumed_next_daily_close,10934.0,2,0000002488,0,0.06679380436299365,0.014307342913762481,0.04735131336203113,105.8078,0.009676952624839948,6.5604,6.18,0.0,-0.0,534558a40281c620b08ab753,True,0.0011876484560570072,842,1.009077587303642e-06,99100407.4,,,,,,,,,,,,,,,,,,,,,,,,,,,,,,,,,,,,,,,,,,,,bounded_preclose_bid_ask,,,,False,not_requested_for_horizon_or_variant,,,,ordinary,covered_call,100,completed,109.34,110.53,True,119.0,H24,1,AMD,13.1922,primary,0.036932664824847986,18.46117532350676,2022
0.048481798355980654,2022-04-05,64,36419ef8aee1cd673d6b745e,time_value,30.559199999999997,O:AMD220715C00125000,1,1,2022-03-30,2022-03-30,107,0.08262036571045127,60,0.0,0.01579198829339675,2022-03-31,61,True,2022-04-05,64,2022-11-09,454,147004790.0,2022-04-05,scheduled_exit,64,2022-07-15,"{""market_momentum"": 0.06679380436299365, ""market_volatility"": 0.014307342913762481, ""momentum"": 0.04735131336203113, ""volatility"": 0.036932664824847986, ""volume_state"": 18.46117532350676}",assumed_next_daily_close,10934.0,3,0000002488,0,0.06679380436299365,0.014307342913762481,0.04735131336203113,-172.66960000000006,-0.01579198829339675,38.1104,6.18,4.7,147.99999999999994,534558a40281c620b08ab753,True,0.0011876484560570072,842,1.009077587303642e-06,99100407.4,,,,,,,,,,,,,,,,,,,,,,,,,,,,,,,,,,,,,,,,,,,,bounded_preclose_bid_ask,,,,False,not_requested_for_horizon_or_variant,,,,ordinary,covered_call,100,completed,109.34,106.82,False,-252.0,H24,1,AMD,68.6696,primary,0.036932664824847986,18.46117532350676,2022
0.048481798355980654,2022-04-05,64,36419ef8aee1cd673d6b745e,time_value,6.409199999999999,O:AMD220715C00125000,1,1,2022-03-30,2022-03-30,107,0.08262036571045127,60,0.0,0.02423354673495519,2022-03-31,61,True,2022-04-05,64,2022-11-09,454,147004790.0,2022-04-05,scheduled_exit,64,2022-07-15,"{""market_momentum"": 0.06679380436299365, ""market_volatility"": 0.014307342913762481, ""momentum"": 0.04735131336203113, ""volatility"": 0.036932664824847986, ""volume_state"": 18.46117532350676}",assumed_next_daily_close,10934.0,3,0000002488,0,0.06679380436299365,0.014307342913762481,0.04735131336203113,-264.9696,-0.02423354673495519,6.5604,6.18,0.0,-0.0,534558a40281c620b08ab753,True,0.0011876484560570072,842,1.009077587303642e-06,99100407.4,,,,,,,,,,,,,,,,,,,,,,,,,,,,,,,,,,,,,,,,,,,,bounded_preclose_bid_ask,,,,False,not_requested_for_horizon_or_variant,,,,ordinary,covered_call,100,completed,109.34,106.82,True,-252.0,H24,1,AMD,12.9696,primary,0.036932664824847986,18.46117532350676,2022
0.048481798355980654,2022-04-07,66,36419ef8aee1cd673d6b745e,time_value,29.123199999999997,O:AMD220715C00125000,1,1,2022-03-30,2022-03-30,107,0.08262036571045127,60,0.0,0.04172613865008232,2022-03-31,61,True,2022-04-07,66,2022-11-09,454,147004790.0,2022-04-07,scheduled_exit,66,2022-07-15,"{""market_momentum"": 0.06679380436299365, ""market_volatility"": 0.014307342913762481, ""momentum"": 0.04735131336203113, ""volatility"": 0.036932664824847986, ""volume_state"": 18.46117532350676}",assumed_next_daily_close,10934.0,5,0000002488,0,0.06679380436299365,0.014307342913762481,0.04735131336203113,-456.2336,-0.04172613865008232,38.1104,6.18,4.45,172.99999999999994,534558a40281c620b08ab753,True,0.0011876484560570072,842,1.009077587303642e-06,99100407.4,,,,,,,,,,,,,,,,,,,,,,,,,,,,,,,,,,,,,,,,,,,,bounded_preclose_bid_ask,,,,False,not_requested_for_horizon_or_variant,,,,ordinary,covered_call,100,completed,109.34,103.72,False,-562.0,H24,1,AMD,67.2336,primary,0.036932664824847986,18.46117532350676,2022
0.048481798355980654,2022-04-07,66,36419ef8aee1cd673d6b745e,time_value,6.223199999999999,O:AMD220715C00125000,1,1,2022-03-30,2022-03-30,107,0.08262036571045127,60,0.0,0.05302548015364919,2022-03-31,61,True,2022-04-07,66,2022-11-09,454,147004790.0,2022-04-07,scheduled_exit,66,2022-07-15,"{""market_momentum"": 0.06679380436299365, ""market_volatility"": 0.014307342913762481, ""momentum"": 0.04735131336203113, ""volatility"": 0.036932664824847986, ""volume_state"": 18.46117532350676}",assumed_next_daily_close,10934.0,5,0000002488,0,0.06679380436299365,0.014307342913762481,0.04735131336203113,-574.7836,-0.05256846533747942,6.5604,6.18,0.0,-0.0,534558a40281c620b08ab753,True,0.0011876484560570072,842,1.009077587303642e-06,99100407.4,,,,,,,,,,,,,,,,,,,,,,,,,,,,,,,,,,,,,,,,,,,,bounded_preclose_bid_ask,,,,False,not_requested_for_horizon_or_variant,,,,ordinary,covered_call,100,completed,109.34,103.72,True,-562.0,H24,1,AMD,12.7836,primary,0.036932664824847986,18.46117532350676,2022
0.048481798355980654,2022-04-14,71,36419ef8aee1cd673d6b745e,time_value,13.883600000000001,O:AMD220715C00125000,1,1,2022-03-30,2022-03-30,107,0.08262036571045127,60,0.0,0.11112072434607648,2022-03-31,61,True,2022-04-14,71,2022-11-09,454,147004790.0,2022-04-14,scheduled_exit,71,2022-07-15,"{""market_momentum"": 0.06679380436299365, ""market_volatility"": 0.014307342913762481, ""momentum"": 0.04735131336203113, ""volatility"": 0.036932664824847986, ""volume_state"": 18.46117532350676}",assumed_next_daily_close,10934.0,10,0000002488,0,0.06679380436299365,0.014307342913762481,0.04735131336203113,-1214.9940000000001,-0.11112072434607648,38.1104,6.18,1.53,464.99999999999994,534558a40281c620b08ab753,True,0.0011876484560570072,842,1.009077587303642e-06,99100407.4,True,1.952022784,10,20,9.85,129,0.015113350125944619,0.423655429,119.21,17000,119.15,14900,0.000503440174525827,11,,6,0.412858368,6.35,13,6,21,0.05668016194331978,109.39,0.98302809,109.39,1300,109.34,21800,0.000457184656882889,1.55,1.691495936,1.55,11,1.51,1,0.026143790849673224,93.02,0.96833468,93.04,23300,93.02,22900,0.0002149844136301218,bounded_preclose_bid_ask,-1204.8982000000005,-0.11014701526647779,445.0,False,completed_bounded_proxy,-1637.0000000000005,12.8982,,ordinary,covered_call,100,completed,109.34,93.06,False,-1628.0,H24,1,AMD,51.994,primary,0.036932664824847986,18.46117532350676,2022
0.048481798355980654,2022-04-14,71,36419ef8aee1cd673d6b745e,time_value,5.5836,O:AMD220715C00125000,1,1,2022-03-30,2022-03-30,107,0.08262036571045127,60,0.0,0.1500040241448692,2022-03-31,61,True,2022-04-14,71,2022-11-09,454,147004790.0,2022-04-14,scheduled_exit,71,2022-07-15,"{""market_momentum"": 0.06679380436299365, ""market_volatility"": 0.014307342913762481, ""momentum"": 0.04735131336203113, ""volatility"": 0.036932664824847986, ""volume_state"": 18.46117532350676}",assumed_next_daily_close,10934.0,10,0000002488,0,0.06679380436299365,0.014307342913762481,0.04735131336203113,-1640.144,-0.1500040241448692,6.5604,6.18,0.0,-0.0,534558a40281c620b08ab753,True,0.0011876484560570072,842,1.009077587303642e-06,99100407.4,True,1.952022784,10,20,9.85,129,0.015113350125944619,0.423655429,119.21,17000,119.15,14900,0.000503440174525827,1,,0.0,0.412858368,6.35,13,6,21,0.05668016194331978,109.39,0.98302809,109.39,1300,109.34,21800,0.000457184656882889,0.0,1.691495936,1.55,11,1.51,1,0.026143790849673224,93.02,0.96833468,93.04,23300,93.02,22900,0.0002149844136301218,bounded_preclose_bid_ask,-1641.0482000000004,-0.15001811865801265,0.0,False,completed_bounded_proxy,-1637.0000000000005,4.0482000000000005,,ordinary,covered_call,100,completed,109.34,93.06,True,-1628.0,H24,1,AMD,12.143999999999998,primary,0.036932664824847986,18.46117532350676,2022
0.048481798355980654,2022-05-02,82,36419ef8aee1cd673d6b745e,time_value,11.7904,O:AMD220715C00125000,1,1,2022-03-30,2022-03-30,107,0.08262036571045127,60,0.0,0.17918008048289735,2022-03-31,61,True,2022-05-02,82,2022-11-09,454,147004790.0,2022-05-02,scheduled_exit,82,2022-07-15,"{""market_momentum"": 0.06679380436299365, ""market_volatility"": 0.014307342913762481, ""momentum"": 0.04735131336203113, ""volatility"": 0.036932664824847986, ""volume_state"": 18.46117532350676}",assumed_next_daily_close,10934.0,21,0000002488,0,0.06679380436299365,0.014307342913762481,0.04735131336203113,-1496.9008000000001,-0.13690331077373333,38.1104,6.18,1.15,502.99999999999994,534558a40281c620b08ab753,True,0.0011876484560570072,842,1.009077587303642e-06,99100407.4,,,,,,,,,,,,,,,,,,,,,,,,,,,,,,,,,,,,,,,,,,,,bounded_preclose_bid_ask,,,,False,not_requested_for_horizon_or_variant,,,,ordinary,covered_call,100,completed,109.34,89.84,False,-1950.0,H24,1,AMD,49.9008,primary,0.036932664824847986,18.46117532350676,2022
0.048481798355980654,2022-05-02,82,36419ef8aee1cd673d6b745e,time_value,5.3904,O:AMD220715C00125000,1,1,2022-03-30,2022-03-30,107,0.08262036571045127,60,0.0,0.2244974391805378,2022-03-31,61,True,2022-05-02,82,2022-11-09,454,147004790.0,2022-05-02,scheduled_exit,82,2022-07-15,"{""market_momentum"": 0.06679380436299365, ""market_volatility"": 0.014307342913762481, ""momentum"": 0.04735131336203113, ""volatility"": 0.036932664824847986, ""volume_state"": 18.46117532350676}",assumed_next_daily_close,10934.0,21,0000002488,0,0.06679380436299365,0.014307342913762481,0.04735131336203113,-1961.9508,-0.17943577830620086,6.5604,6.18,0.0,-0.0,534558a40281c620b08ab753,True,0.0011876484560570072,842,1.009077587303642e-06,99100407.4,,,,,,,,,,,,,,,,,,,,,,,,,,,,,,,,,,,,,,,,,,,,bounded_preclose_bid_ask,,,,False,not_requested_for_horizon_or_variant,,,,ordinary,covered_call,100,completed,109.34,89.84,True,-1950.0,H24,1,AMD,11.9508,primary,0.036932664824847986,18.46117532350676,2022
0.048481798355980654,2022-06-01,103,36419ef8aee1cd673d6b745e,time_value,12.373199999999999,O:AMD220715C00125000,1,1,2022-03-30,2022-03-30,107,0.08262036571045127,60,0.0,0.17918008048289735,2022-03-31,61,True,2022-06-01,103,2022-11-09,454,147004790.0,2022-06-01,scheduled_exit,103,2022-07-15,"{""market_momentum"": 0.06679380436299365, ""market_volatility"": 0.014307342913762481, ""momentum"": 0.04735131336203113, ""volatility"": 0.036932664824847986, ""volume_state"": 18.46117532350676}",assumed_next_daily_close,10934.0,42,0000002488,0,0.06679380436299365,0.014307342913762481,0.04735131336203113,-357.4836,-0.032694677153832084,38.1104,6.18,1.13,505.0,534558a40281c620b08ab753,True,0.0011876484560570072,842,1.009077587303642e-06,99100407.4,,,,,,,,,,,,,,,,,,,,,,,,,,,,,,,,,,,,,,,,,,,,bounded_preclose_bid_ask,,,,False,not_requested_for_horizon_or_variant,,,,ordinary,covered_call,100,completed,109.34,101.22,False,-812.0,H24,1,AMD,50.483599999999996,primary,0.036932664824847986,18.46117532350676,2022
0.048481798355980654,2022-06-01,103,36419ef8aee1cd673d6b745e,time_value,6.073199999999999,O:AMD220715C00125000,1,1,2022-03-30,2022-03-30,107,0.08262036571045127,60,0.0,0.2244974391805378,2022-03-31,61,True,2022-06-01,103,2022-11-09,454,147004790.0,2022-06-01,scheduled_exit,103,2022-07-15,"{""market_momentum"": 0.06679380436299365, ""market_volatility"": 0.014307342913762481, ""momentum"": 0.04735131336203113, ""volatility"": 0.036932664824847986, ""volume_state"": 18.46117532350676}",assumed_next_daily_close,10934.0,42,0000002488,0,0.06679380436299365,0.014307342913762481,0.04735131336203113,-824.6336,-0.07541920614596671,6.5604,6.18,0.0,-0.0,534558a40281c620b08ab753,True,0.0011876484560570072,842,1.009077587303642e-06,99100407.4,,,,,,,,,,,,,,,,,,,,,,,,,,,,,,,,,,,,,,,,,,,,bounded_preclose_bid_ask,,,,False,not_requested_for_horizon_or_variant,,,,ordinary,covered_call,100,completed,109.34,101.22,True,-812.0,H24,1,AMD,12.633599999999998,primary,0.036932664824847986,18.46117532350676,2022
0.048481798355980654,2022-07-01,124,36419ef8aee1cd673d6b745e,time_value,5.1701999999999995,O:AMD220715C00125000,1,1,2022-03-30,2022-03-30,107,0.08262036571045127,60,0.0,0.27385042985183833,2022-03-31,61,True,2022-07-01,124,2022-11-09,454,147004790.0,2022-07-01,scheduled_exit,124,2022-07-15,"{""market_momentum"": 0.06679380436299365, ""market_volatility"": 0.014307342913762481, ""momentum"": 0.04735131336203113, ""volatility"": 0.036932664824847986, ""volume_state"": 18.46117532350676}",assumed_next_daily_close,10934.0,63,0000002488,0,0.06679380436299365,0.014307342913762481,0.04735131336203113,-2994.2806,-0.27385042985183833,38.1104,6.18,0.02,616.0,534558a40281c620b08ab753,True,0.0011876484560570072,842,1.009077587303642e-06,99100407.4,,,,,,,,,,,,,,,,,,,,,,,,,,,,,,,,,,,,,,,,,,,,bounded_preclose_bid_ask,,,,False,not_requested_for_horizon_or_variant,,,,ordinary,covered_call,100,completed,109.34,73.67,False,-3567.0,H24,1,AMD,43.2806,primary,0.036932664824847986,18.46117532350676,2022
0.048481798355980654,2022-07-01,124,36419ef8aee1cd673d6b745e,time_value,4.4201999999999995,O:AMD220715C00125000,1,1,2022-03-30,2022-03-30,107,0.08262036571045127,60,0.0,0.3272343698554966,2022-03-31,61,True,2022-07-01,124,2022-11-09,454,147004790.0,2022-07-01,scheduled_exit,124,2022-07-15,"{""market_momentum"": 0.06679380436299365, ""market_volatility"": 0.014307342913762481, ""momentum"": 0.04735131336203113, ""volatility"": 0.036932664824847986, ""volume_state"": 18.46117532350676}",assumed_next_daily_close,10934.0,63,0000002488,0,0.06679380436299365,0.014307342913762481,0.04735131336203113,-3577.9806,-0.3272343698554966,6.5604,6.18,0.0,-0.0,534558a40281c620b08ab753,True,0.0011876484560570072,842,1.009077587303642e-06,99100407.4,,,,,,,,,,,,,,,,,,,,,,,,,,,,,,,,,,,,,,,,,,,,bounded_preclose_bid_ask,,,,False,not_requested_for_horizon_or_variant,,,,ordinary,covered_call,100,completed,109.34,73.67,True,-3567.0,H24,1,AMD,10.980599999999999,primary,0.036932664824847986,18.46117532350676,2022
0.048481798355980654,2022-07-15,133,36419ef8aee1cd673d6b745e,time_value,5.5165999999999995,O:AMD220715C00125000,1,1,2022-03-30,2022-03-30,107,0.08262036571045127,60,0.0,0.2738504298518383,2022-03-31,61,True,2022-07-15,133,2022-11-09,454,147004790.0,2022-07-15,expiry_worthless,133,2022-07-15,"{""market_momentum"": 0.06679380436299365, ""market_volatility"": 0.014307342913762481, ""momentum"": 0.04735131336203113, ""volatility"": 0.036932664824847986, ""volume_state"": 18.46117532350676}",assumed_next_daily_close,10934.0,expiry,0000002488,0,0.06679380436299365,0.014307342913762481,0.04735131336203113,-2248.627,-0.20565456374611304,38.1104,6.18,0.0,618.0,534558a40281c620b08ab753,True,0.0011876484560570072,842,1.009077587303642e-06,99100407.4,,,,,,,,,,,,,,,,,,,,,,,,,,,,,,,,,,,,,,,,,,,,bounded_preclose_bid_ask,,,,False,not_requested_for_horizon_or_variant,,,,ordinary,covered_call,100,completed,109.34,81.11,False,-2823.0,H24,1,AMD,43.626999999999995,primary,0.036932664824847986,18.46117532350676,2022
0.048481798355980654,2022-07-15,133,36419ef8aee1cd673d6b745e,time_value,4.866599999999999,O:AMD220715C00125000,1,1,2022-03-30,2022-03-30,107,0.08262036571045127,60,0.0,0.32723436985549664,2022-03-31,61,True,2022-07-15,133,2022-11-09,454,147004790.0,2022-07-15,scheduled_exit,133,2022-07-15,"{""market_momentum"": 0.06679380436299365, ""market_volatility"": 0.014307342913762481, ""momentum"": 0.04735131336203113, ""volatility"": 0.036932664824847986, ""volume_state"": 18.46117532350676}",assumed_next_daily_close,10934.0,expiry,0000002488,0,0.06679380436299365,0.014307342913762481,0.04735131336203113,-2834.4269999999997,-0.25923056520943843,6.5604,6.18,0.0,-0.0,534558a40281c620b08ab753,True,0.0011876484560570072,842,1.009077587303642e-06,99100407.4,,,,,,,,,,,,,,,,,,,,,,,,,,,,,,,,,,,,,,,,,,,,bounded_preclose_bid_ask,,,,False,not_requested_for_horizon_or_variant,,,,ordinary,covered_call,100,completed,109.34,81.11,True,-2823.0,H24,1,AMD,11.427,primary,0.036932664824847986,18.46117532350676,2022
,,,3a92791733e3e96f5dfab5c2,time_value,,,1,1,2023-03-08,2023-03-08,,,295,,,2023-03-09,296,False,,,2023-08-25,,,,,,,"{""market_momentum"": -0.026620793987750968, ""market_volatility"": 0.009406517144982795, ""momentum"": 0.0018857888883516694, ""volatility"": 0.019611780601924485, ""volume_state"": 15.485462197550817}",assumed_next_daily_close,,1,0000012927,,-0.026620793987750968,0.009406517144982795,0.0018857888883516694,,,,,,,defd6bc1216c6aac5c6b4ac8,False,,,,,,,,,,,,,,,,,,,,,,,,,,,,,,,,,,,,,,,,,,,,,,,,bounded_preclose_bid_ask,,,,False,not_requested_for_horizon_or_variant,,,no_standard_contract_within_rules,ordinary,covered_call,,no_standard_contract_within_rules,,,False,,H24,1,BA,,primary,0.019611780601924485,15.485462197550817,2023
,,,3a92791733e3e96f5dfab5c2,time_value,,,1,1,2023-03-08,2023-03-08,,,295,,,2023-03-09,296,False,,,2023-08-25,,,,,,,"{""market_momentum"": -0.026620793987750968, ""market_volatility"": 0.009406517144982795, ""momentum"": 0.0018857888883516694, ""volatility"": 0.019611780601924485, ""volume_state"": 15.485462197550817}",assumed_next_daily_close,,1,0000012927,,-0.026620793987750968,0.009406517144982795,0.0018857888883516694,,,,,,,defd6bc1216c6aac5c6b4ac8,False,,,,,,,,,,,,,,,,,,,,,,,,,,,,,,,,,,,,,,,,,,,,,,,,bounded_preclose_bid_ask,,,,False,not_requested_for_horizon_or_variant,,,no_standard_contract_within_rules,ordinary,covered_call,,no_standard_contract_within_rules,,,True,,H24,1,BA,,primary,0.019611780601924485,15.485462197550817,2023
,,,3a92791733e3e96f5dfab5c2,time_value,,,1,1,2023-03-08,2023-03-08,,,295,,,2023-03-09,296,False,,,2023-08-25,,,,,,,"{""market_momentum"": -0.026620793987750968, ""market_volatility"": 0.009406517144982795, ""momentum"": 0.0018857888883516694, ""volatility"": 0.019611780601924485, ""volume_state"": 15.485462197550817}",assumed_next_daily_close,,2,0000012927,,-0.026620793987750968,0.009406517144982795,0.0018857888883516694,,,,,,,defd6bc1216c6aac5c6b4ac8,False,,,,,,,,,,,,,,,,,,,,,,,,,,,,,,,,,,,,,,,,,,,,,,,,bounded_preclose_bid_ask,,,,False,not_requested_for_horizon_or_variant,,,no_standard_contract_within_rules,ordinary,covered_call,,no_standard_contract_within_rules,,,False,,H24,1,BA,,primary,0.019611780601924485,15.485462197550817,2023
,,,3a92791733e3e96f5dfab5c2,time_value,,,1,1,2023-03-08,2023-03-08,,,295,,,2023-03-09,296,False,,,2023-08-25,,,,,,,"{""market_momentum"": -0.026620793987750968, ""market_volatility"": 0.009406517144982795, ""momentum"": 0.0018857888883516694, ""volatility"": 0.019611780601924485, ""volume_state"": 15.485462197550817}",assumed_next_daily_close,,2,0000012927,,-0.026620793987750968,0.009406517144982795,0.0018857888883516694,,,,,,,defd6bc1216c6aac5c6b4ac8,False,,,,,,,,,,,,,,,,,,,,,,,,,,,,,,,,,,,,,,,,,,,,,,,,bounded_preclose_bid_ask,,,,False,not_requested_for_horizon_or_variant,,,no_standard_contract_within_rules,ordinary,covered_call,,no_standard_contract_within_rules,,,True,,H24,1,BA,,primary,0.019611780601924485,15.485462197550817,2023
,,,3a92791733e3e96f5dfab5c2,time_value,,,1,1,2023-03-08,2023-03-08,,,295,,,2023-03-09,296,False,,,2023-08-25,,,,,,,"{""market_momentum"": -0.026620793987750968, ""market_volatility"": 0.009406517144982795, ""momentum"": 0.0018857888883516694, ""volatility"": 0.019611780601924485, ""volume_state"": 15.485462197550817}",assumed_next_daily_close,,3,0000012927,,-0.026620793987750968,0.009406517144982795,0.0018857888883516694,,,,,,,defd6bc1216c6aac5c6b4ac8,False,,,,,,,,,,,,,,,,,,,,,,,,,,,,,,,,,,,,,,,,,,,,,,,,bounded_preclose_bid_ask,,,,False,not_requested_for_horizon_or_variant,,,no_standard_contract_within_rules,ordinary,covered_call,,no_standard_contract_within_rules,,,False,,H24,1,BA,,primary,0.019611780601924485,15.485462197550817,2023
,,,3a92791733e3e96f5dfab5c2,time_value,,,1,1,2023-03-08,2023-03-08,,,295,,,2023-03-09,296,False,,,2023-08-25,,,,,,,"{""market_momentum"": -0.026620793987750968, ""market_volatility"": 0.009406517144982795, ""momentum"": 0.0018857888883516694, ""volatility"": 0.019611780601924485, ""volume_state"": 15.485462197550817}",assumed_next_daily_close,,3,0000012927,,-0.026620793987750968,0.009406517144982795,0.0018857888883516694,,,,,,,defd6bc1216c6aac5c6b4ac8,False,,,,,,,,,,,,,,,,,,,,,,,,,,,,,,,,,,,,,,,,,,,,,,,,bounded_preclose_bid_ask,,,,False,not_requested_for_horizon_or_variant,,,no_standard_contract_within_rules,ordinary,covered_call,,no_standard_contract_within_rules,,,True,,H24,1,BA,,primary,0.019611780601924485,15.485462197550817,2023
,,,3a92791733e3e96f5dfab5c2,time_value,,,1,1,2023-03-08,2023-03-08,,,295,,,2023-03-09,296,False,,,2023-08-25,,,,,,,"{""market_momentum"": -0.026620793987750968, ""market_volatility"": 0.009406517144982795, ""momentum"": 0.0018857888883516694, ""volatility"": 0.019611780601924485, ""volume_state"": 15.485462197550817}",assumed_next_daily_close,,5,0000012927,,-0.026620793987750968,0.009406517144982795,0.0018857888883516694,,,,,,,defd6bc1216c6aac5c6b4ac8,False,,,,,,,,,,,,,,,,,,,,,,,,,,,,,,,,,,,,,,,,,,,,,,,,bounded_preclose_bid_ask,,,,False,not_requested_for_horizon_or_variant,,,no_standard_contract_within_rules,ordinary,covered_call,,no_standard_contract_within_rules,,,False,,H24,1,BA,,primary,0.019611780601924485,15.485462197550817,2023
,,,3a92791733e3e96f5dfab5c2,time_value,,,1,1,2023-03-08,2023-03-08,,,295,,,2023-03-09,296,False,,,2023-08-25,,,,,,,"{""market_momentum"": -0.026620793987750968, ""market_volatility"": 0.009406517144982795, ""momentum"": 0.0018857888883516694, ""volatility"": 0.019611780601924485, ""volume_state"": 15.485462197550817}",assumed_next_daily_close,,5,0000012927,,-0.026620793987750968,0.009406517144982795,0.0018857888883516694,,,,,,,defd6bc1216c6aac5c6b4ac8,False,,,,,,,,,,,,,,,,,,,,,,,,,,,,,,,,,,,,,,,,,,,,,,,,bounded_preclose_bid_ask,,,,False,not_requested_for_horizon_or_variant,,,no_standard_contract_within_rules,ordinary,covered_call,,no_standard_contract_within_rules,,,True,,H24,1,BA,,primary,0.019611780601924485,15.485462197550817,2023
,,,3a92791733e3e96f5dfab5c2,time_value,,,1,1,2023-03-08,2023-03-08,,,295,,,2023-03-09,296,False,,,2023-08-25,,,,,,,"{""market_momentum"": -0.026620793987750968, ""market_volatility"": 0.009406517144982795, ""momentum"": 0.0018857888883516694, ""volatility"": 0.019611780601924485, ""volume_state"": 15.485462197550817}",assumed_next_daily_close,,10,0000012927,,-0.026620793987750968,0.009406517144982795,0.0018857888883516694,,,,,,,defd6bc1216c6aac5c6b4ac8,False,,,,,,,,,,,,,,,,,,,,,,,,,,,,,,,,,,,,,,,,,,,,,,,,bounded_preclose_bid_ask,,,,False,not_sampled_or_missing_quotes,,,no_standard_contract_within_rules,ordinary,covered_call,,no_standard_contract_within_rules,,,False,,H24,1,BA,,primary,0.019611780601924485,15.485462197550817,2023
,,,3a92791733e3e96f5dfab5c2,time_value,,,1,1,2023-03-08,2023-03-08,,,295,,,2023-03-09,296,False,,,2023-08-25,,,,,,,"{""market_momentum"": -0.026620793987750968, ""market_volatility"": 0.009406517144982795, ""momentum"": 0.0018857888883516694, ""volatility"": 0.019611780601924485, ""volume_state"": 15.485462197550817}",assumed_next_daily_close,,10,0000012927,,-0.026620793987750968,0.009406517144982795,0.0018857888883516694,,,,,,,defd6bc1216c6aac5c6b4ac8,False,,,,,,,,,,,,,,,,,,,,,,,,,,,,,,,,,,,,,,,,,,,,,,,,bounded_preclose_bid_ask,,,,False,not_sampled_or_missing_quotes,,,no_standard_contract_within_rules,ordinary,covered_call,,no_standard_contract_within_rules,,,True,,H24,1,BA,,primary,0.019611780601924485,15.485462197550817,2023
,,,3a92791733e3e96f5dfab5c2,time_value,,,1,1,2023-03-08,2023-03-08,,,295,,,2023-03-09,296,False,,,2023-08-25,,,,,,,"{""market_momentum"": -0.026620793987750968, ""market_volatility"": 0.009406517144982795, ""momentum"": 0.0018857888883516694, ""volatility"": 0.019611780601924485, ""volume_state"": 15.485462197550817}",assumed_next_daily_close,,21,0000012927,,-0.026620793987750968,0.009406517144982795,0.0018857888883516694,,,,,,,defd6bc1216c6aac5c6b4ac8,False,,,,,,,,,,,,,,,,,,,,,,,,,,,,,,,,,,,,,,,,,,,,,,,,bounded_preclose_bid_ask,,,,False,not_requested_for_horizon_or_variant,,,no_standard_contract_within_rules,ordinary,covered_call,,no_standard_contract_within_rules,,,False,,H24,1,BA,,primary,0.019611780601924485,15.485462197550817,2023
,,,3a92791733e3e96f5dfab5c2,time_value,,,1,1,2023-03-08,2023-03-08,,,295,,,2023-03-09,296,False,,,2023-08-25,,,,,,,"{""market_momentum"": -0.026620793987750968, ""market_volatility"": 0.009406517144982795, ""momentum"": 0.0018857888883516694, ""volatility"": 0.019611780601924485, ""volume_state"": 15.485462197550817}",assumed_next_daily_close,,21,0000012927,,-0.026620793987750968,0.009406517144982795,0.0018857888883516694,,,,,,,defd6bc1216c6aac5c6b4ac8,False,,,,,,,,,,,,,,,,,,,,,,,,,,,,,,,,,,,,,,,,,,,,,,,,bounded_preclose_bid_ask,,,,False,not_requested_for_horizon_or_variant,,,no_standard_contract_within_rules,ordinary,covered_call,,no_standard_contract_within_rules,,,True,,H24,1,BA,,primary,0.019611780601924485,15.485462197550817,2023
,,,3a92791733e3e96f5dfab5c2,time_value,,,1,1,2023-03-08,2023-03-08,,,295,,,2023-03-09,296,False,,,2023-08-25,,,,,,,"{""market_momentum"": -0.026620793987750968, ""market_volatility"": 0.009406517144982795, ""momentum"": 0.0018857888883516694, ""volatility"": 0.019611780601924485, ""volume_state"": 15.485462197550817}",assumed_next_daily_close,,42,0000012927,,-0.026620793987750968,0.009406517144982795,0.0018857888883516694,,,,,,,defd6bc1216c6aac5c6b4ac8,False,,,,,,,,,,,,,,,,,,,,,,,,,,,,,,,,,,,,,,,,,,,,,,,,bounded_preclose_bid_ask,,,,False,not_requested_for_horizon_or_variant,,,no_standard_contract_within_rules,ordinary,covered_call,,no_standard_contract_within_rules,,,False,,H24,1,BA,,primary,0.019611780601924485,15.485462197550817,2023
,,,3a92791733e3e96f5dfab5c2,time_value,,,1,1,2023-03-08,2023-03-08,,,295,,,2023-03-09,296,False,,,2023-08-25,,,,,,,"{""market_momentum"": -0.026620793987750968, ""market_volatility"": 0.009406517144982795, ""momentum"": 0.0018857888883516694, ""volatility"": 0.019611780601924485, ""volume_state"": 15.485462197550817}",assumed_next_daily_close,,42,0000012927,,-0.026620793987750968,0.009406517144982795,0.0018857888883516694,,,,,,,defd6bc1216c6aac5c6b4ac8,False,,,,,,,,,,,,,,,,,,,,,,,,,,,,,,,,,,,,,,,,,,,,,,,,bounded_preclose_bid_ask,,,,False,not_requested_for_horizon_or_variant,,,no_standard_contract_within_rules,ordinary,covered_call,,no_standard_contract_within_rules,,,True,,H24,1,BA,,primary,0.019611780601924485,15.485462197550817,2023
,,,3a92791733e3e96f5dfab5c2,time_value,,,1,1,2023-03-08,2023-03-08,,,295,,,2023-03-09,296,False,,,2023-08-25,,,,,,,"{""market_momentum"": -0.026620793987750968, ""market_volatility"": 0.009406517144982795, ""momentum"": 0.0018857888883516694, ""volatility"": 0.019611780601924485, ""volume_state"": 15.485462197550817}",assumed_next_daily_close,,63,0000012927,,-0.026620793987750968,0.009406517144982795,0.0018857888883516694,,,,,,,defd6bc1216c6aac5c6b4ac8,False,,,,,,,,,,,,,,,,,,,,,,,,,,,,,,,,,,,,,,,,,,,,,,,,bounded_preclose_bid_ask,,,,False,not_requested_for_horizon_or_variant,,,no_standard_contract_within_rules,ordinary,covered_call,,no_standard_contract_within_rules,,,False,,H24,1,BA,,primary,0.019611780601924485,15.485462197550817,2023
,,,3a92791733e3e96f5dfab5c2,time_value,,,1,1,2023-03-08,2023-03-08,,,295,,,2023-03-09,296,False,,,2023-08-25,,,,,,,"{""market_momentum"": -0.026620793987750968, ""market_volatility"": 0.009406517144982795, ""momentum"": 0.0018857888883516694, ""volatility"": 0.019611780601924485, ""volume_state"": 15.485462197550817}",assumed_next_daily_close,,63,0000012927,,-0.026620793987750968,0.009406517144982795,0.0018857888883516694,,,,,,,defd6bc1216c6aac5c6b4ac8,False,,,,,,,,,,,,,,,,,,,,,,,,,,,,,,,,,,,,,,,,,,,,,,,,bounded_preclose_bid_ask,,,,False,not_requested_for_horizon_or_variant,,,no_standard_contract_within_rules,ordinary,covered_call,,no_standard_contract_within_rules,,,True,,H24,1,BA,,primary,0.019611780601924485,15.485462197550817,2023
,,,3a92791733e3e96f5dfab5c2,time_value,,,1,1,2023-03-08,2023-03-08,,,295,,,2023-03-09,296,False,,,2023-08-25,,,,,,,"{""market_momentum"": -0.026620793987750968, ""market_volatility"": 0.009406517144982795, ""momentum"": 0.0018857888883516694, ""volatility"": 0.019611780601924485, ""volume_state"": 15.485462197550817}",assumed_next_daily_close,,expiry,0000012927,,-0.026620793987750968,0.009406517144982795,0.0018857888883516694,,,,,,,defd6bc1216c6aac5c6b4ac8,False,,,,,,,,,,,,,,,,,,,,,,,,,,,,,,,,,,,,,,,,,,,,,,,,bounded_preclose_bid_ask,,,,False,not_requested_for_horizon_or_variant,,,no_standard_contract_within_rules,ordinary,covered_call,,no_standard_contract_within_rules,,,False,,H24,1,BA,,primary,0.019611780601924485,15.485462197550817,2023
,,,3a92791733e3e96f5dfab5c2,time_value,,,1,1,2023-03-08,2023-03-08,,,295,,,2023-03-09,296,False,,,2023-08-25,,,,,,,"{""market_momentum"": -0.026620793987750968, ""market_volatility"": 0.009406517144982795, ""momentum"": 0.0018857888883516694, ""volatility"": 0.019611780601924485, ""volume_state"": 15.485462197550817}",assumed_next_daily_close,,expiry,0000012927,,-0.026620793987750968,0.009406517144982795,0.0018857888883516694,,,,,,,defd6bc1216c6aac5c6b4ac8,False,,,,,,,,,,,,,,,,,,,,,,,,,,,,,,,,,,,,,,,,,,,,,,,,bounded_preclose_bid_ask,,,,False,not_requested_for_horizon_or_variant,,,no_standard_contract_within_rules,ordinary,covered_call,,no_standard_contract_within_rules,,,True,,H24,1,BA,,primary,0.019611780601924485,15.485462197550817,2023
0.050470324213340856,2023-06-29,373,3d8cbe7e5ce509b8b2dbd0a1,time_value,67.35979999999999,O:BA231020C00220000,1,1,2023-06-27,2023-06-27,115,0.045361218545576086,371,0.0,0.0064439255884585515,2023-06-28,372,True,2023-06-29,373,2024-05-20,34,4276103.0,2023-06-29,scheduled_exit,373,2023-10-20,"{""market_momentum"": 0.051899192089714274, ""market_volatility"": 0.007398965935061592, ""momentum"": 0.042614626375267584, ""volatility"": 0.017154464937100523, ""volume_state"": 15.646359611479976}",assumed_next_daily_close,21072.0,1,0000012927,0,0.051899192089714274,0.007398965935061592,0.042614626375267584,-12.253000000000071,-0.0005814825360668219,67.8932,10.92,10.8,11.999999999999922,fe481c1fe43af21879e11b0a,True,0.0023923444976076554,418,1.643002393657327e-05,6086418.4,,,,,,,,,,,,,,,,,,,,,,,,,,,,,,,,,,,,,,,,,,,,bounded_preclose_bid_ask,,,,False,not_requested_for_horizon_or_variant,,,,ordinary,covered_call,100,completed,210.72,211.83,False,111.0,H24,1,BA,135.253,primary,0.017154464937100523,15.646359611479976,2023
0.050470324213340856,2023-06-29,373,3d8cbe7e5ce509b8b2dbd0a1,time_value,12.7098,O:BA231020C00220000,1,1,2023-06-27,2023-06-27,115,0.045361218545576086,371,0.0,0.0011999999999999342,2023-06-28,372,True,2023-06-29,373,2024-05-20,34,4276103.0,2023-06-29,scheduled_exit,373,2023-10-20,"{""market_momentum"": 0.051899192089714274, ""market_volatility"": 0.007398965935061592, ""momentum"": 0.042614626375267584, ""volatility"": 0.017154464937100523, ""volume_state"": 15.646359611479976}",assumed_next_daily_close,21072.0,1,0000012927,0,0.051899192089714274,0.007398965935061592,0.042614626375267584,85.647,0.004064493166287016,12.643199999999998,10.92,0.0,-0.0,fe481c1fe43af21879e11b0a,True,0.0023923444976076554,418,1.643002393657327e-05,6086418.4,,,,,,,,,,,,,,,,,,,,,,,,,,,,,,,,,,,,,,,,,,,,bounded_preclose_bid_ask,,,,False,not_requested_for_horizon_or_variant,,,,ordinary,covered_call,100,completed,210.72,211.83,True,111.0,H24,1,BA,25.352999999999998,primary,0.017154464937100523,15.646359611479976,2023
0.050470324213340856,2023-06-30,374,3d8cbe7e5ce509b8b2dbd0a1,time_value,66.5696,O:BA231020C00220000,1,1,2023-06-27,2023-06-27,115,0.045361218545576086,371,0.0,0.0064439255884585515,2023-06-28,372,True,2023-06-30,374,2024-05-20,34,4276103.0,2023-06-30,scheduled_exit,374,2023-10-20,"{""market_momentum"": 0.051899192089714274, ""market_volatility"": 0.007398965935061592, ""momentum"": 0.042614626375267584, ""volatility"": 0.017154464937100523, ""volume_state"": 15.646359611479976}",assumed_next_daily_close,21072.0,2,0000012927,0,0.051899192089714274,0.007398965935061592,0.042614626375267584,-63.46280000000003,-0.0030117122247532283,67.8932,10.92,10.65,26.999999999999957,fe481c1fe43af21879e11b0a,True,0.0023923444976076554,418,1.643002393657327e-05,6086418.4,,,,,,,,,,,,,,,,,,,,,,,,,,,,,,,,,,,,,,,,,,,,bounded_preclose_bid_ask,,,,False,not_requested_for_horizon_or_variant,,,,ordinary,covered_call,100,completed,210.72,211.16,False,44.0,H24,1,BA,134.4628,primary,0.017154464937100523,15.646359611479976,2023
0.050470324213340856,2023-06-30,374,3d8cbe7e5ce509b8b2dbd0a1,time_value,12.669599999999999,O:BA231020C00220000,1,1,2023-06-27,2023-06-27,115,0.045361218545576086,371,0.0,0.0011999999999999342,2023-06-28,372,True,2023-06-30,374,2024-05-20,34,4276103.0,2023-06-30,scheduled_exit,374,2023-10-20,"{""market_momentum"": 0.051899192089714274, ""market_volatility"": 0.007398965935061592, ""momentum"": 0.042614626375267584, ""volatility"": 0.017154464937100523, ""volume_state"": 15.646359611479976}",assumed_next_daily_close,21072.0,2,0000012927,0,0.051899192089714274,0.007398965935061592,0.042614626375267584,18.6872,0.0008868261199696279,12.643199999999998,10.92,0.0,-0.0,fe481c1fe43af21879e11b0a,True,0.0023923444976076554,418,1.643002393657327e-05,6086418.4,,,,,,,,,,,,,,,,,,,,,,,,,,,,,,,,,,,,,,,,,,,,bounded_preclose_bid_ask,,,,False,not_requested_for_horizon_or_variant,,,,ordinary,covered_call,100,completed,210.72,211.16,True,44.0,H24,1,BA,25.312799999999996,primary,0.017154464937100523,15.646359611479976,2023
0.050470324213340856,2023-07-03,375,3d8cbe7e5ce509b8b2dbd0a1,time_value,64.6552,O:BA231020C00220000,1,1,2023-06-27,2023-06-27,115,0.045361218545576086,371,0.0,0.0064439255884585515,2023-06-28,372,True,2023-07-03,375,2024-05-20,34,4276103.0,2023-07-03,scheduled_exit,375,2023-10-20,"{""market_momentum"": 0.051899192089714274, ""market_volatility"": 0.007398965935061592, ""momentum"": 0.042614626375267584, ""volatility"": 0.017154464937100523, ""volume_state"": 15.646359611479976}",assumed_next_daily_close,21072.0,3,0000012927,0,0.051899192089714274,0.007398965935061592,0.042614626375267584,-47.54839999999996,-0.0022564730447987833,67.8932,10.92,10.27,65.00000000000003,fe481c1fe43af21879e11b0a,True,0.0023923444976076554,418,1.643002393657327e-05,6086418.4,,,,,,,,,,,,,,,,,,,,,,,,,,,,,,,,,,,,,,,,,,,,bounded_preclose_bid_ask,,,,False,not_requested_for_horizon_or_variant,,,,ordinary,covered_call,100,completed,210.72,210.92,False,20.0,H24,1,BA,132.5484,primary,0.017154464937100523,15.646359611479976,2023
0.050470324213340856,2023-07-03,375,3d8cbe7e5ce509b8b2dbd0a1,time_value,12.655199999999999,O:BA231020C00220000,1,1,2023-06-27,2023-06-27,115,0.045361218545576086,371,0.0,0.0011999999999999342,2023-06-28,372,True,2023-07-03,375,2024-05-20,34,4276103.0,2023-07-03,scheduled_exit,375,2023-10-20,"{""market_momentum"": 0.051899192089714274, ""market_volatility"": 0.007398965935061592, ""momentum"": 0.042614626375267584, ""volatility"": 0.017154464937100523, ""volume_state"": 15.646359611479976}",assumed_next_daily_close,21072.0,3,0000012927,0,0.051899192089714274,0.007398965935061592,0.042614626375267584,-5.298399999999997,-0.00025144267274107806,12.643199999999998,10.92,0.0,-0.0,fe481c1fe43af21879e11b0a,True,0.0023923444976076554,418,1.643002393657327e-05,6086418.4,,,,,,,,,,,,,,,,,,,,,,,,,,,,,,,,,,,,,,,,,,,,bounded_preclose_bid_ask,,,,False,not_requested_for_horizon_or_variant,,,,ordinary,covered_call,100,completed,210.72,210.92,True,20.0,H24,1,BA,25.298399999999997,primary,0.017154464937100523,15.646359611479976,2023
0.050470324213340856,2023-07-06,377,3d8cbe7e5ce509b8b2dbd0a1,time_value,68.6572,O:BA231020C00220000,1,1,2023-06-27,2023-06-27,115,0.045361218545576086,371,0.0,0.0064439255884585515,2023-06-28,372,True,2023-07-06,377,2024-05-20,34,4276103.0,2023-07-06,scheduled_exit,377,2023-10-20,"{""market_momentum"": 0.051899192089714274, ""market_volatility"": 0.007398965935061592, ""momentum"": 0.042614626375267584, ""volatility"": 0.017154464937100523, ""volume_state"": 15.646359611479976}",assumed_next_daily_close,21072.0,5,0000012927,0,0.051899192089714274,0.007398965935061592,0.042614626375267584,40.44959999999992,0.0019195899772209528,67.8932,10.92,11.05,-13.000000000000078,fe481c1fe43af21879e11b0a,True,0.0023923444976076554,418,1.643002393657327e-05,6086418.4,,,,,,,,,,,,,,,,,,,,,,,,,,,,,,,,,,,,,,,,,,,,bounded_preclose_bid_ask,,,,False,not_requested_for_horizon_or_variant,,,,ordinary,covered_call,100,completed,210.72,212.62,False,190.0,H24,1,BA,136.5504,primary,0.017154464937100523,15.646359611479976,2023
0.050470324213340856,2023-07-06,377,3d8cbe7e5ce509b8b2dbd0a1,time_value,12.7572,O:BA231020C00220000,1,1,2023-06-27,2023-06-27,115,0.045361218545576086,371,0.0,0.0011999999999999342,2023-06-28,372,True,2023-07-06,377,2024-05-20,34,4276103.0,2023-07-06,scheduled_exit,377,2023-10-20,"{""market_momentum"": 0.051899192089714274, ""market_volatility"": 0.007398965935061592, ""momentum"": 0.042614626375267584, ""volatility"": 0.017154464937100523, ""volume_state"": 15.646359611479976}",assumed_next_daily_close,21072.0,5,0000012927,0,0.051899192089714274,0.007398965935061592,0.042614626375267584,164.59959999999998,0.007811294608959756,12.643199999999998,10.92,0.0,-0.0,fe481c1fe43af21879e11b0a,True,0.0023923444976076554,418,1.643002393657327e-05,6086418.4,,,,,,,,,,,,,,,,,,,,,,,,,,,,,,,,,,,,,,,,,,,,bounded_preclose_bid_ask,,,,False,not_requested_for_horizon_or_variant,,,,ordinary,covered_call,100,completed,210.72,212.62,True,190.0,H24,1,BA,25.400399999999998,primary,0.017154464937100523,15.646359611479976,2023
0.050470324213340856,2023-07-13,382,3d8cbe7e5ce509b8b2dbd0a1,time_value,78.661,O:BA231020C00220000,1,1,2023-06-27,2023-06-27,115,0.045361218545576086,371,0.0,0.0064439255884585515,2023-06-28,372,True,2023-07-13,382,2024-05-20,34,4276103.0,2023-07-13,scheduled_exit,382,2023-10-20,"{""market_momentum"": 0.051899192089714274, ""market_volatility"": 0.007398965935061592, ""momentum"": 0.042614626375267584, ""volatility"": 0.017154464937100523, ""volume_state"": 15.646359611479976}",assumed_next_daily_close,21072.0,10,0000012927,0,0.051899192089714274,0.007398965935061592,0.042614626375267584,258.4458,0.01226489179954442,67.8932,10.92,13,-208.0,fe481c1fe43af21879e11b0a,True,0.0023923444976076554,418,1.643002393657327e-05,6086418.4,True,2.596980736,10.1,3,10,3,0.009950248756218869,0.00162432,209.41,14000,209.4,14000,4.775435161524751e-05,2,,10.4,0.896166656,10.65,1,10.4,2,0.023752969121140142,210.77,0.001144576,210.77,2100,210.76,1300,4.7446207861928346e-05,12.85,2.177678848,12.85,6,12.7,8,0.011741682974559716,216.92,0.000148736,216.93,100,216.92,5900,4.6098882102198114e-05,bounded_preclose_bid_ask,336.8961999999978,0.015984067941357774,-244.99999999999994,False,completed_bounded_proxy,614.9999999999977,33.1038,,ordinary,covered_call,100,completed,210.72,216.85,False,613.0,H24,1,BA,146.55419999999998,primary,0.017154464937100523,15.646359611479976,2023
0.050470324213340856,2023-07-13,382,3d8cbe7e5ce509b8b2dbd0a1,time_value,13.011,O:BA231020C00220000,1,1,2023-06-27,2023-06-27,115,0.045361218545576086,371,0.0,0.0011999999999999342,2023-06-28,372,True,2023-07-13,382,2024-05-20,34,4276103.0,2023-07-13,scheduled_exit,382,2023-10-20,"{""market_momentum"": 0.051899192089714274, ""market_volatility"": 0.007398965935061592, ""momentum"": 0.042614626375267584, ""volatility"": 0.017154464937100523, ""volume_state"": 15.646359611479976}",assumed_next_daily_close,21072.0,10,0000012927,0,0.051899192089714274,0.007398965935061592,0.042614626375267584,587.3458,0.027873282080485954,12.643199999999998,10.92,0.0,-0.0,fe481c1fe43af21879e11b0a,True,0.0023923444976076554,418,1.643002393657327e-05,6086418.4,True,2.596980736,10.1,3,10,3,0.009950248756218869,0.00162432,209.41,14000,209.4,14000,4.775435161524751e-05,1,,0.0,0.896166656,10.65,1,10.4,2,0.023752969121140142,210.77,0.001144576,210.77,2100,210.76,1300,4.7446207861928346e-05,0.0,2.177678848,12.85,6,12.7,8,0.011741682974559716,216.92,0.000148736,216.93,100,216.92,5900,4.6098882102198114e-05,bounded_preclose_bid_ask,606.4461999999977,0.028772889879963834,0.0,False,completed_bounded_proxy,614.9999999999977,8.5538,,ordinary,covered_call,100,completed,210.72,216.85,True,613.0,H24,1,BA,25.654199999999996,primary,0.017154464937100523,15.646359611479976,2023
0.050470324213340856,2023-07-28,393,3d8cbe7e5ce509b8b2dbd0a1,time_value,142.97140000000002,O:BA231020C00220000,1,1,2023-06-27,2023-06-27,115,0.045361218545576086,371,0.0,0.0064439255884585515,2023-06-28,372,True,2023-07-28,393,2024-05-20,34,4276103.0,2023-07-28,scheduled_exit,393,2023-10-20,"{""market_momentum"": 0.051899192089714274, ""market_volatility"": 0.007398965935061592, ""momentum"": 0.042614626375267584, ""volatility"": 0.017154464937100523, ""volume_state"": 15.646359611479976}",assumed_next_daily_close,21072.0,21,0000012927,0,0.051899192089714274,0.007398965935061592,0.042614626375267584,1118.1353999999997,0.05306261389521638,67.8932,10.92,25.6,-1468.0000000000002,fe481c1fe43af21879e11b0a,True,0.0023923444976076554,418,1.643002393657327e-05,6086418.4,,,,,,,,,,,,,,,,,,,,,,,,,,,,,,,,,,,,,,,,,,,,bounded_preclose_bid_ask,,,,False,not_requested_for_horizon_or_variant,,,,ordinary,covered_call,100,completed,210.72,238.69,False,2797.0,H24,1,BA,210.8646,primary,0.017154464937100523,15.646359611479976,2023
0.050470324213340856,2023-07-28,393,3d8cbe7e5ce509b8b2dbd0a1,time_value,14.321399999999999,O:BA231020C00220000,1,1,2023-06-27,2023-06-27,115,0.045361218545576086,371,0.0,0.011254707668944505,2023-06-28,372,True,2023-07-28,393,2024-05-20,34,4276103.0,2023-07-28,scheduled_exit,393,2023-10-20,"{""market_momentum"": 0.051899192089714274, ""market_volatility"": 0.007398965935061592, ""momentum"": 0.042614626375267584, ""volatility"": 0.017154464937100523, ""volume_state"": 15.646359611479976}",assumed_next_daily_close,21072.0,21,0000012927,0,0.051899192089714274,0.007398965935061592,0.042614626375267584,2770.0354,0.13145574221716022,12.643199999999998,10.92,0.0,-0.0,fe481c1fe43af21879e11b0a,True,0.0023923444976076554,418,1.643002393657327e-05,6086418.4,,,,,,,,,,,,,,,,,,,,,,,,,,,,,,,,,,,,,,,,,,,,bounded_preclose_bid_ask,,,,False,not_requested_for_horizon_or_variant,,,,ordinary,covered_call,100,completed,210.72,238.69,True,2797.0,H24,1,BA,26.964599999999997,primary,0.017154464937100523,15.646359611479976,2023
0.050470324213340856,2023-08-28,414,3d8cbe7e5ce509b8b2dbd0a1,time_value,88.0236,O:BA231020C00220000,1,1,2023-06-27,2023-06-27,115,0.045361218545576086,371,0.0,0.0064439255884585515,2023-06-28,372,True,2023-08-28,414,2024-05-20,34,4276103.0,2023-08-28,scheduled_exit,414,2023-10-20,"{""market_momentum"": 0.051899192089714274, ""market_volatility"": 0.007398965935061592, ""momentum"": 0.042614626375267584, ""volatility"": 0.017154464937100523, ""volume_state"": 15.646359611479976}",assumed_next_daily_close,21072.0,42,0000012927,0,0.051899192089714274,0.007398965935061592,0.042614626375267584,1095.0832,0.051968640850417615,67.8932,10.92,14.75,-383.0,fe481c1fe43af21879e11b0a,True,0.0023923444976076554,418,1.643002393657327e-05,6086418.4,,,,,,,,,,,,,,,,,,,,,,,,,,,,,,,,,,,,,,,,,,,,bounded_preclose_bid_ask,,,,False,not_requested_for_horizon_or_variant,,,,ordinary,covered_call,100,completed,210.72,227.06,False,1634.0,H24,1,BA,155.9168,primary,0.017154464937100523,15.646359611479976,2023
0.050470324213340856,2023-08-28,414,3d8cbe7e5ce509b8b2dbd0a1,time_value,13.623599999999998,O:BA231020C00220000,1,1,2023-06-27,2023-06-27,115,0.045361218545576086,371,0.0,0.011254707668944505,2023-06-28,372,True,2023-08-28,414,2024-05-20,34,4276103.0,2023-08-28,scheduled_exit,414,2023-10-20,"{""market_momentum"": 0.051899192089714274, ""market_volatility"": 0.007398965935061592, ""momentum"": 0.042614626375267584, ""volatility"": 0.017154464937100523, ""volume_state"": 15.646359611479976}",assumed_next_daily_close,21072.0,42,0000012927,0,0.051899192089714274,0.007398965935061592,0.042614626375267584,1607.7332000000001,0.07629713363705391,12.643199999999998,10.92,0.0,-0.0,fe481c1fe43af21879e11b0a,True,0.0023923444976076554,418,1.643002393657327e-05,6086418.4,,,,,,,,,,,,,,,,,,,,,,,,,,,,,,,,,,,,,,,,,,,,bounded_preclose_bid_ask,,,,False,not_requested_for_horizon_or_variant,,,,ordinary,covered_call,100,completed,210.72,227.06,True,1634.0,H24,1,BA,26.266799999999996,primary,0.017154464937100523,15.646359611479976,2023
0.050470324213340856,2023-09-27,435,3d8cbe7e5ce509b8b2dbd0a1,time_value,14.577599999999999,O:BA231020C00220000,1,1,2023-06-27,2023-06-27,115,0.045361218545576086,371,0.0,0.02659789293849658,2023-06-28,372,True,2023-09-27,435,2024-05-20,34,4276103.0,2023-09-27,scheduled_exit,435,2023-10-20,"{""market_momentum"": 0.051899192089714274, ""market_volatility"": 0.007398965935061592, ""momentum"": 0.042614626375267584, ""volatility"": 0.017154464937100523, ""volume_state"": 15.646359611479976}",assumed_next_daily_close,21072.0,63,0000012927,0,0.051899192089714274,0.007398965935061592,0.042614626375267584,-560.4707999999999,-0.02659789293849658,67.8932,10.92,0.44,1048.0,fe481c1fe43af21879e11b0a,True,0.0023923444976076554,418,1.643002393657327e-05,6086418.4,,,,,,,,,,,,,,,,,,,,,,,,,,,,,,,,,,,,,,,,,,,,bounded_preclose_bid_ask,,,,False,not_requested_for_horizon_or_variant,,,,ordinary,covered_call,100,completed,210.72,195.46,False,-1526.0,H24,1,BA,82.4708,primary,0.017154464937100523,15.646359611479976,2023
0.050470324213340856,2023-09-27,435,3d8cbe7e5ce509b8b2dbd0a1,time_value,11.727599999999999,O:BA231020C00220000,1,1,2023-06-27,2023-06-27,115,0.045361218545576086,371,0.0,0.07357492406985573,2023-06-28,372,True,2023-09-27,435,2024-05-20,34,4276103.0,2023-09-27,scheduled_exit,435,2023-10-20,"{""market_momentum"": 0.051899192089714274, ""market_volatility"": 0.007398965935061592, ""momentum"": 0.042614626375267584, ""volatility"": 0.017154464937100523, ""volume_state"": 15.646359611479976}",assumed_next_daily_close,21072.0,63,0000012927,0,0.051899192089714274,0.007398965935061592,0.042614626375267584,-1550.3708,-0.07357492406985573,12.643199999999998,10.92,0.0,-0.0,fe481c1fe43af21879e11b0a,True,0.0023923444976076554,418,1.643002393657327e-05,6086418.4,,,,,,,,,,,,,,,,,,,,,,,,,,,,,,,,,,,,,,,,,,,,bounded_preclose_bid_ask,,,,False,not_requested_for_horizon_or_variant,,,,ordinary,covered_call,100,completed,210.72,195.46,True,-1526.0,H24,1,BA,24.370799999999996,primary,0.017154464937100523,15.646359611479976,2023
0.050470324213340856,2023-10-20,452,3d8cbe7e5ce509b8b2dbd0a1,time_value,11.452399999999999,O:BA231020C00220000,1,1,2023-06-27,2023-06-27,115,0.045361218545576086,371,0.0,0.09753917995444192,2023-06-28,372,True,2023-10-20,452,2024-05-20,34,4276103.0,2023-10-20,expiry_worthless,452,2023-10-20,"{""market_momentum"": 0.051899192089714274, ""market_volatility"": 0.007398965935061592, ""momentum"": 0.042614626375267584, ""volatility"": 0.017154464937100523, ""volume_state"": 15.646359611479976}",assumed_next_daily_close,21072.0,expiry,0000012927,0,0.051899192089714274,0.007398965935061592,0.042614626375267584,-2055.3456,-0.09753917995444192,67.8932,10.92,0.0,1092.0,fe481c1fe43af21879e11b0a,True,0.0023923444976076554,418,1.643002393657327e-05,6086418.4,,,,,,,,,,,,,,,,,,,,,,,,,,,,,,,,,,,,,,,,,,,,bounded_preclose_bid_ask,,,,False,not_requested_for_horizon_or_variant,,,,ordinary,covered_call,100,completed,210.72,180.04,False,-3068.0,H24,1,BA,79.34559999999999,primary,0.017154464937100523,15.646359611479976,2023
0.050470324213340856,2023-10-20,452,3d8cbe7e5ce509b8b2dbd0a1,time_value,10.802399999999999,O:BA231020C00220000,1,1,2023-06-27,2023-06-27,115,0.045361218545576086,371,0.0,0.1467086940015186,2023-06-28,372,True,2023-10-20,452,2024-05-20,34,4276103.0,2023-10-20,scheduled_exit,452,2023-10-20,"{""market_momentum"": 0.051899192089714274, ""market_volatility"": 0.007398965935061592, ""momentum"": 0.042614626375267584, ""volatility"": 0.017154464937100523, ""volume_state"": 15.646359611479976}",assumed_next_daily_close,21072.0,expiry,0000012927,0,0.051899192089714274,0.007398965935061592,0.042614626375267584,-3091.4456,-0.1467086940015186,12.643199999999998,10.92,0.0,-0.0,fe481c1fe43af21879e11b0a,True,0.0023923444976076554,418,1.643002393657327e-05,6086418.4,,,,,,,,,,,,,,,,,,,,,,,,,,,,,,,,,,,,,,,,,,,,bounded_preclose_bid_ask,,,,False,not_requested_for_horizon_or_variant,,,,ordinary,covered_call,100,completed,210.72,180.04,True,-3068.0,H24,1,BA,23.4456,primary,0.017154464937100523,15.646359611479976,2023
,,,47f0e43f0b2dafdaf2c27b2a,time_value,,,1,1,2024-09-30,2024-09-30,,,688,,,2024-10-01,689,False,,,2024-09-30,,,,,,,"{""market_momentum"": 0.02759917614399554, ""market_volatility"": 0.008547232917918408, ""momentum"": -0.0379663688912244, ""volatility"": 0.012477356234986628, ""volume_state"": 15.324212188272131}",assumed_next_daily_close,,1,0000005272,,0.02759917614399554,0.008547232917918408,-0.0379663688912244,,,,,,,eeb423168686504948212846,False,,,,,,,,,,,,,,,,,,,,,,,,,,,,,,,,,,,,,,,,,,,,,,,,bounded_preclose_bid_ask,,,,False,not_requested_for_horizon_or_variant,,,missing_decision_or_entry_bar,event,protective_put,,missing_decision_or_entry_bar,,,False,,H24,1,AIG,,primary,0.012477356234986628,15.324212188272131,2024
,,,47f0e43f0b2dafdaf2c27b2a,time_value,,,1,1,2024-09-30,2024-09-30,,,688,,,2024-10-01,689,False,,,2024-09-30,,,,,,,"{""market_momentum"": 0.02759917614399554, ""market_volatility"": 0.008547232917918408, ""momentum"": -0.0379663688912244, ""volatility"": 0.012477356234986628, ""volume_state"": 15.324212188272131}",assumed_next_daily_close,,1,0000005272,,0.02759917614399554,0.008547232917918408,-0.0379663688912244,,,,,,,eeb423168686504948212846,False,,,,,,,,,,,,,,,,,,,,,,,,,,,,,,,,,,,,,,,,,,,,,,,,bounded_preclose_bid_ask,,,,False,not_requested_for_horizon_or_variant,,,missing_decision_or_entry_bar,event,protective_put,,missing_decision_or_entry_bar,,,True,,H24,1,AIG,,primary,0.012477356234986628,15.324212188272131,2024
,,,47f0e43f0b2dafdaf2c27b2a,time_value,,,1,1,2024-09-30,2024-09-30,,,688,,,2024-10-01,689,False,,,2024-09-30,,,,,,,"{""market_momentum"": 0.02759917614399554, ""market_volatility"": 0.008547232917918408, ""momentum"": -0.0379663688912244, ""volatility"": 0.012477356234986628, ""volume_state"": 15.324212188272131}",assumed_next_daily_close,,2,0000005272,,0.02759917614399554,0.008547232917918408,-0.0379663688912244,,,,,,,eeb423168686504948212846,False,,,,,,,,,,,,,,,,,,,,,,,,,,,,,,,,,,,,,,,,,,,,,,,,bounded_preclose_bid_ask,,,,False,not_requested_for_horizon_or_variant,,,missing_decision_or_entry_bar,event,protective_put,,missing_decision_or_entry_bar,,,False,,H24,1,AIG,,primary,0.012477356234986628,15.324212188272131,2024
,,,47f0e43f0b2dafdaf2c27b2a,time_value,,,1,1,2024-09-30,2024-09-30,,,688,,,2024-10-01,689,False,,,2024-09-30,,,,,,,"{""market_momentum"": 0.02759917614399554, ""market_volatility"": 0.008547232917918408, ""momentum"": -0.0379663688912244, ""volatility"": 0.012477356234986628, ""volume_state"": 15.324212188272131}",assumed_next_daily_close,,2,0000005272,,0.02759917614399554,0.008547232917918408,-0.0379663688912244,,,,,,,eeb423168686504948212846,False,,,,,,,,,,,,,,,,,,,,,,,,,,,,,,,,,,,,,,,,,,,,,,,,bounded_preclose_bid_ask,,,,False,not_requested_for_horizon_or_variant,,,missing_decision_or_entry_bar,event,protective_put,,missing_decision_or_entry_bar,,,True,,H24,1,AIG,,primary,0.012477356234986628,15.324212188272131,2024
,,,47f0e43f0b2dafdaf2c27b2a,time_value,,,1,1,2024-09-30,2024-09-30,,,688,,,2024-10-01,689,False,,,2024-09-30,,,,,,,"{""market_momentum"": 0.02759917614399554, ""market_volatility"": 0.008547232917918408, ""momentum"": -0.0379663688912244, ""volatility"": 0.012477356234986628, ""volume_state"": 15.324212188272131}",assumed_next_daily_close,,3,0000005272,,0.02759917614399554,0.008547232917918408,-0.0379663688912244,,,,,,,eeb423168686504948212846,False,,,,,,,,,,,,,,,,,,,,,,,,,,,,,,,,,,,,,,,,,,,,,,,,bounded_preclose_bid_ask,,,,False,not_requested_for_horizon_or_variant,,,missing_decision_or_entry_bar,event,protective_put,,missing_decision_or_entry_bar,,,False,,H24,1,AIG,,primary,0.012477356234986628,15.324212188272131,2024
,,,47f0e43f0b2dafdaf2c27b2a,time_value,,,1,1,2024-09-30,2024-09-30,,,688,,,2024-10-01,689,False,,,2024-09-30,,,,,,,"{""market_momentum"": 0.02759917614399554, ""market_volatility"": 0.008547232917918408, ""momentum"": -0.0379663688912244, ""volatility"": 0.012477356234986628, ""volume_state"": 15.324212188272131}",assumed_next_daily_close,,3,0000005272,,0.02759917614399554,0.008547232917918408,-0.0379663688912244,,,,,,,eeb423168686504948212846,False,,,,,,,,,,,,,,,,,,,,,,,,,,,,,,,,,,,,,,,,,,,,,,,,bounded_preclose_bid_ask,,,,False,not_requested_for_horizon_or_variant,,,missing_decision_or_entry_bar,event,protective_put,,missing_decision_or_entry_bar,,,True,,H24,1,AIG,,primary,0.012477356234986628,15.324212188272131,2024
,,,47f0e43f0b2dafdaf2c27b2a,time_value,,,1,1,2024-09-30,2024-09-30,,,688,,,2024-10-01,689,False,,,2024-09-30,,,,,,,"{""market_momentum"": 0.02759917614399554, ""market_volatility"": 0.008547232917918408, ""momentum"": -0.0379663688912244, ""volatility"": 0.012477356234986628, ""volume_state"": 15.324212188272131}",assumed_next_daily_close,,5,0000005272,,0.02759917614399554,0.008547232917918408,-0.0379663688912244,,,,,,,eeb423168686504948212846,False,,,,,,,,,,,,,,,,,,,,,,,,,,,,,,,,,,,,,,,,,,,,,,,,bounded_preclose_bid_ask,,,,False,not_requested_for_horizon_or_variant,,,missing_decision_or_entry_bar,event,protective_put,,missing_decision_or_entry_bar,,,False,,H24,1,AIG,,primary,0.012477356234986628,15.324212188272131,2024
,,,47f0e43f0b2dafdaf2c27b2a,time_value,,,1,1,2024-09-30,2024-09-30,,,688,,,2024-10-01,689,False,,,2024-09-30,,,,,,,"{""market_momentum"": 0.02759917614399554, ""market_volatility"": 0.008547232917918408, ""momentum"": -0.0379663688912244, ""volatility"": 0.012477356234986628, ""volume_state"": 15.324212188272131}",assumed_next_daily_close,,5,0000005272,,0.02759917614399554,0.008547232917918408,-0.0379663688912244,,,,,,,eeb423168686504948212846,False,,,,,,,,,,,,,,,,,,,,,,,,,,,,,,,,,,,,,,,,,,,,,,,,bounded_preclose_bid_ask,,,,False,not_requested_for_horizon_or_variant,,,missing_decision_or_entry_bar,event,protective_put,,missing_decision_or_entry_bar,,,True,,H24,1,AIG,,primary,0.012477356234986628,15.324212188272131,2024
,,,47f0e43f0b2dafdaf2c27b2a,time_value,,,1,1,2024-09-30,2024-09-30,,,688,,,2024-10-01,689,False,,,2024-09-30,,,,,,,"{""market_momentum"": 0.02759917614399554, ""market_volatility"": 0.008547232917918408, ""momentum"": -0.0379663688912244, ""volatility"": 0.012477356234986628, ""volume_state"": 15.324212188272131}",assumed_next_daily_close,,10,0000005272,,0.02759917614399554,0.008547232917918408,-0.0379663688912244,,,,,,,eeb423168686504948212846,False,,,,,,,,,,,,,,,,,,,,,,,,,,,,,,,,,,,,,,,,,,,,,,,,bounded_preclose_bid_ask,,,,False,bar_outcome_not_completed,,,missing_decision_or_entry_bar,event,protective_put,,missing_decision_or_entry_bar,,,False,,H24,1,AIG,,primary,0.012477356234986628,15.324212188272131,2024
,,,47f0e43f0b2dafdaf2c27b2a,time_value,,,1,1,2024-09-30,2024-09-30,,,688,,,2024-10-01,689,False,,,2024-09-30,,,,,,,"{""market_momentum"": 0.02759917614399554, ""market_volatility"": 0.008547232917918408, ""momentum"": -0.0379663688912244, ""volatility"": 0.012477356234986628, ""volume_state"": 15.324212188272131}",assumed_next_daily_close,,10,0000005272,,0.02759917614399554,0.008547232917918408,-0.0379663688912244,,,,,,,eeb423168686504948212846,False,,,,,,,,,,,,,,,,,,,,,,,,,,,,,,,,,,,,,,,,,,,,,,,,bounded_preclose_bid_ask,,,,False,bar_outcome_not_completed,,,missing_decision_or_entry_bar,event,protective_put,,missing_decision_or_entry_bar,,,True,,H24,1,AIG,,primary,0.012477356234986628,15.324212188272131,2024
,,,47f0e43f0b2dafdaf2c27b2a,time_value,,,1,1,2024-09-30,2024-09-30,,,688,,,2024-10-01,689,False,,,2024-09-30,,,,,,,"{""market_momentum"": 0.02759917614399554, ""market_volatility"": 0.008547232917918408, ""momentum"": -0.0379663688912244, ""volatility"": 0.012477356234986628, ""volume_state"": 15.324212188272131}",assumed_next_daily_close,,21,0000005272,,0.02759917614399554,0.008547232917918408,-0.0379663688912244,,,,,,,eeb423168686504948212846,False,,,,,,,,,,,,,,,,,,,,,,,,,,,,,,,,,,,,,,,,,,,,,,,,bounded_preclose_bid_ask,,,,False,not_requested_for_horizon_or_variant,,,missing_decision_or_entry_bar,event,protective_put,,missing_decision_or_entry_bar,,,False,,H24,1,AIG,,primary,0.012477356234986628,15.324212188272131,2024
,,,47f0e43f0b2dafdaf2c27b2a,time_value,,,1,1,2024-09-30,2024-09-30,,,688,,,2024-10-01,689,False,,,2024-09-30,,,,,,,"{""market_momentum"": 0.02759917614399554, ""market_volatility"": 0.008547232917918408, ""momentum"": -0.0379663688912244, ""volatility"": 0.012477356234986628, ""volume_state"": 15.324212188272131}",assumed_next_daily_close,,21,0000005272,,0.02759917614399554,0.008547232917918408,-0.0379663688912244,,,,,,,eeb423168686504948212846,False,,,,,,,,,,,,,,,,,,,,,,,,,,,,,,,,,,,,,,,,,,,,,,,,bounded_preclose_bid_ask,,,,False,not_requested_for_horizon_or_variant,,,missing_decision_or_entry_bar,event,protective_put,,missing_decision_or_entry_bar,,,True,,H24,1,AIG,,primary,0.012477356234986628,15.324212188272131,2024
,,,47f0e43f0b2dafdaf2c27b2a,time_value,,,1,1,2024-09-30,2024-09-30,,,688,,,2024-10-01,689,False,,,2024-09-30,,,,,,,"{""market_momentum"": 0.02759917614399554, ""market_volatility"": 0.008547232917918408, ""momentum"": -0.0379663688912244, ""volatility"": 0.012477356234986628, ""volume_state"": 15.324212188272131}",assumed_next_daily_close,,42,0000005272,,0.02759917614399554,0.008547232917918408,-0.0379663688912244,,,,,,,eeb423168686504948212846,False,,,,,,,,,,,,,,,,,,,,,,,,,,,,,,,,,,,,,,,,,,,,,,,,bounded_preclose_bid_ask,,,,False,not_requested_for_horizon_or_variant,,,missing_decision_or_entry_bar,event,protective_put,,missing_decision_or_entry_bar,,,False,,H24,1,AIG,,primary,0.012477356234986628,15.324212188272131,2024
,,,47f0e43f0b2dafdaf2c27b2a,time_value,,,1,1,2024-09-30,2024-09-30,,,688,,,2024-10-01,689,False,,,2024-09-30,,,,,,,"{""market_momentum"": 0.02759917614399554, ""market_volatility"": 0.008547232917918408, ""momentum"": -0.0379663688912244, ""volatility"": 0.012477356234986628, ""volume_state"": 15.324212188272131}",assumed_next_daily_close,,42,0000005272,,0.02759917614399554,0.008547232917918408,-0.0379663688912244,,,,,,,eeb423168686504948212846,False,,,,,,,,,,,,,,,,,,,,,,,,,,,,,,,,,,,,,,,,,,,,,,,,bounded_preclose_bid_ask,,,,False,not_requested_for_horizon_or_variant,,,missing_decision_or_entry_bar,event,protective_put,,missing_decision_or_entry_bar,,,True,,H24,1,AIG,,primary,0.012477356234986628,15.324212188272131,2024
,,,47f0e43f0b2dafdaf2c27b2a,time_value,,,1,1,2024-09-30,2024-09-30,,,688,,,2024-10-01,689,False,,,2024-09-30,,,,,,,"{""market_momentum"": 0.02759917614399554, ""market_volatility"": 0.008547232917918408, ""momentum"": -0.0379663688912244, ""volatility"": 0.012477356234986628, ""volume_state"": 15.324212188272131}",assumed_next_daily_close,,63,0000005272,,0.02759917614399554,0.008547232917918408,-0.0379663688912244,,,,,,,eeb423168686504948212846,False,,,,,,,,,,,,,,,,,,,,,,,,,,,,,,,,,,,,,,,,,,,,,,,,bounded_preclose_bid_ask,,,,False,not_requested_for_horizon_or_variant,,,missing_decision_or_entry_bar,event,protective_put,,missing_decision_or_entry_bar,,,False,,H24,1,AIG,,primary,0.012477356234986628,15.324212188272131,2024
,,,47f0e43f0b2dafdaf2c27b2a,time_value,,,1,1,2024-09-30,2024-09-30,,,688,,,2024-10-01,689,False,,,2024-09-30,,,,,,,"{""market_momentum"": 0.02759917614399554, ""market_volatility"": 0.008547232917918408, ""momentum"": -0.0379663688912244, ""volatility"": 0.012477356234986628, ""volume_state"": 15.324212188272131}",assumed_next_daily_close,,63,0000005272,,0.02759917614399554,0.008547232917918408,-0.0379663688912244,,,,,,,eeb423168686504948212846,False,,,,,,,,,,,,,,,,,,,,,,,,,,,,,,,,,,,,,,,,,,,,,,,,bounded_preclose_bid_ask,,,,False,not_requested_for_horizon_or_variant,,,missing_decision_or_entry_bar,event,protective_put,,missing_decision_or_entry_bar,,,True,,H24,1,AIG,,primary,0.012477356234986628,15.324212188272131,2024
,,,47f0e43f0b2dafdaf2c27b2a,time_value,,,1,1,2024-09-30,2024-09-30,,,688,,,2024-10-01,689,False,,,2024-09-30,,,,,,,"{""market_momentum"": 0.02759917614399554, ""market_volatility"": 0.008547232917918408, ""momentum"": -0.0379663688912244, ""volatility"": 0.012477356234986628, ""volume_state"": 15.324212188272131}",assumed_next_daily_close,,expiry,0000005272,,0.02759917614399554,0.008547232917918408,-0.0379663688912244,,,,,,,eeb423168686504948212846,False,,,,,,,,,,,,,,,,,,,,,,,,,,,,,,,,,,,,,,,,,,,,,,,,bounded_preclose_bid_ask,,,,False,not_requested_for_horizon_or_variant,,,missing_decision_or_entry_bar,event,protective_put,,missing_decision_or_entry_bar,,,False,,H24,1,AIG,,primary,0.012477356234986628,15.324212188272131,2024
,,,47f0e43f0b2dafdaf2c27b2a,time_value,,,1,1,2024-09-30,2024-09-30,,,688,,,2024-10-01,689,False,,,2024-09-30,,,,,,,"{""market_momentum"": 0.02759917614399554, ""market_volatility"": 0.008547232917918408, ""momentum"": -0.0379663688912244, ""volatility"": 0.012477356234986628, ""volume_state"": 15.324212188272131}",assumed_next_daily_close,,expiry,0000005272,,0.02759917614399554,0.008547232917918408,-0.0379663688912244,,,,,,,eeb423168686504948212846,False,,,,,,,,,,,,,,,,,,,,,,,,,,,,,,,,,,,,,,,,,,,,,,,,bounded_preclose_bid_ask,,,,False,not_requested_for_horizon_or_variant,,,missing_decision_or_entry_bar,event,protective_put,,missing_decision_or_entry_bar,,,True,,H24,1,AIG,,primary,0.012477356234986628,15.324212188272131,2024
,,,49e8a8f55988adf147afd883,time_value,,,1,1,2023-04-13,2023-04-13,,,320,,,2023-04-14,321,False,,,2023-04-13,,,,,,,"{""market_momentum"": 0.05549740892961985, ""market_volatility"": 0.009526315142855601, ""momentum"": 0.02792153087014082, ""volatility"": 0.015242589174549341, ""volume_state"": 15.061844277207662}",assumed_next_daily_close,,1,0000032604,,0.05549740892961985,0.009526315142855601,0.02792153087014082,,,,,,,25fe32f45d20309125728f5d,False,,,,,,,,,,,,,,,,,,,,,,,,,,,,,,,,,,,,,,,,,,,,,,,,bounded_preclose_bid_ask,,,,False,not_requested_for_horizon_or_variant,,,incomplete_prior_liquidity,event,covered_call,,incomplete_prior_liquidity,,,False,,H24,1,EMR,,primary,0.015242589174549341,15.061844277207662,2023
,,,49e8a8f55988adf147afd883,time_value,,,1,1,2023-04-13,2023-04-13,,,320,,,2023-04-14,321,False,,,2023-04-13,,,,,,,"{""market_momentum"": 0.05549740892961985, ""market_volatility"": 0.009526315142855601, ""momentum"": 0.02792153087014082, ""volatility"": 0.015242589174549341, ""volume_state"": 15.061844277207662}",assumed_next_daily_close,,1,0000032604,,0.05549740892961985,0.009526315142855601,0.02792153087014082,,,,,,,25fe32f45d20309125728f5d,False,,,,,,,,,,,,,,,,,,,,,,,,,,,,,,,,,,,,,,,,,,,,,,,,bounded_preclose_bid_ask,,,,False,not_requested_for_horizon_or_variant,,,incomplete_prior_liquidity,event,covered_call,,incomplete_prior_liquidity,,,True,,H24,1,EMR,,primary,0.015242589174549341,15.061844277207662,2023
,,,49e8a8f55988adf147afd883,time_value,,,1,1,2023-04-13,2023-04-13,,,320,,,2023-04-14,321,False,,,2023-04-13,,,,,,,"{""market_momentum"": 0.05549740892961985, ""market_volatility"": 0.009526315142855601, ""momentum"": 0.02792153087014082, ""volatility"": 0.015242589174549341, ""volume_state"": 15.061844277207662}",assumed_next_daily_close,,2,0000032604,,0.05549740892961985,0.009526315142855601,0.02792153087014082,,,,,,,25fe32f45d20309125728f5d,False,,,,,,,,,,,,,,,,,,,,,,,,,,,,,,,,,,,,,,,,,,,,,,,,bounded_preclose_bid_ask,,,,False,not_requested_for_horizon_or_variant,,,incomplete_prior_liquidity,event,covered_call,,incomplete_prior_liquidity,,,False,,H24,1,EMR,,primary,0.015242589174549341,15.061844277207662,2023
,,,49e8a8f55988adf147afd883,time_value,,,1,1,2023-04-13,2023-04-13,,,320,,,2023-04-14,321,False,,,2023-04-13,,,,,,,"{""market_momentum"": 0.05549740892961985, ""market_volatility"": 0.009526315142855601, ""momentum"": 0.02792153087014082, ""volatility"": 0.015242589174549341, ""volume_state"": 15.061844277207662}",assumed_next_daily_close,,2,0000032604,,0.05549740892961985,0.009526315142855601,0.02792153087014082,,,,,,,25fe32f45d20309125728f5d,False,,,,,,,,,,,,,,,,,,,,,,,,,,,,,,,,,,,,,,,,,,,,,,,,bounded_preclose_bid_ask,,,,False,not_requested_for_horizon_or_variant,,,incomplete_prior_liquidity,event,covered_call,,incomplete_prior_liquidity,,,True,,H24,1,EMR,,primary,0.015242589174549341,15.061844277207662,2023
,,,49e8a8f55988adf147afd883,time_value,,,1,1,2023-04-13,2023-04-13,,,320,,,2023-04-14,321,False,,,2023-04-13,,,,,,,"{""market_momentum"": 0.05549740892961985, ""market_volatility"": 0.009526315142855601, ""momentum"": 0.02792153087014082, ""volatility"": 0.015242589174549341, ""volume_state"": 15.061844277207662}",assumed_next_daily_close,,3,0000032604,,0.05549740892961985,0.009526315142855601,0.02792153087014082,,,,,,,25fe32f45d20309125728f5d,False,,,,,,,,,,,,,,,,,,,,,,,,,,,,,,,,,,,,,,,,,,,,,,,,bounded_preclose_bid_ask,,,,False,not_requested_for_horizon_or_variant,,,incomplete_prior_liquidity,event,covered_call,,incomplete_prior_liquidity,,,False,,H24,1,EMR,,primary,0.015242589174549341,15.061844277207662,2023
,,,49e8a8f55988adf147afd883,time_value,,,1,1,2023-04-13,2023-04-13,,,320,,,2023-04-14,321,False,,,2023-04-13,,,,,,,"{""market_momentum"": 0.05549740892961985, ""market_volatility"": 0.009526315142855601, ""momentum"": 0.02792153087014082, ""volatility"": 0.015242589174549341, ""volume_state"": 15.061844277207662}",assumed_next_daily_close,,3,0000032604,,0.05549740892961985,0.009526315142855601,0.02792153087014082,,,,,,,25fe32f45d20309125728f5d,False,,,,,,,,,,,,,,,,,,,,,,,,,,,,,,,,,,,,,,,,,,,,,,,,bounded_preclose_bid_ask,,,,False,not_requested_for_horizon_or_variant,,,incomplete_prior_liquidity,event,covered_call,,incomplete_prior_liquidity,,,True,,H24,1,EMR,,primary,0.015242589174549341,15.061844277207662,2023
,,,49e8a8f55988adf147afd883,time_value,,,1,1,2023-04-13,2023-04-13,,,320,,,2023-04-14,321,False,,,2023-04-13,,,,,,,"{""market_momentum"": 0.05549740892961985, ""market_volatility"": 0.009526315142855601, ""momentum"": 0.02792153087014082, ""volatility"": 0.015242589174549341, ""volume_state"": 15.061844277207662}",assumed_next_daily_close,,5,0000032604,,0.05549740892961985,0.009526315142855601,0.02792153087014082,,,,,,,25fe32f45d20309125728f5d,False,,,,,,,,,,,,,,,,,,,,,,,,,,,,,,,,,,,,,,,,,,,,,,,,bounded_preclose_bid_ask,,,,False,not_requested_for_horizon_or_variant,,,incomplete_prior_liquidity,event,covered_call,,incomplete_prior_liquidity,,,False,,H24,1,EMR,,primary,0.015242589174549341,15.061844277207662,2023
,,,49e8a8f55988adf147afd883,time_value,,,1,1,2023-04-13,2023-04-13,,,320,,,2023-04-14,321,False,,,2023-04-13,,,,,,,"{""market_momentum"": 0.05549740892961985, ""market_volatility"": 0.009526315142855601, ""momentum"": 0.02792153087014082, ""volatility"": 0.015242589174549341, ""volume_state"": 15.061844277207662}",assumed_next_daily_close,,5,0000032604,,0.05549740892961985,0.009526315142855601,0.02792153087014082,,,,,,,25fe32f45d20309125728f5d,False,,,,,,,,,,,,,,,,,,,,,,,,,,,,,,,,,,,,,,,,,,,,,,,,bounded_preclose_bid_ask,,,,False,not_requested_for_horizon_or_variant,,,incomplete_prior_liquidity,event,covered_call,,incomplete_prior_liquidity,,,True,,H24,1,EMR,,primary,0.015242589174549341,15.061844277207662,2023
,,,49e8a8f55988adf147afd883,time_value,,,1,1,2023-04-13,2023-04-13,,,320,,,2023-04-14,321,False,,,2023-04-13,,,,,,,"{""market_momentum"": 0.05549740892961985, ""market_volatility"": 0.009526315142855601, ""momentum"": 0.02792153087014082, ""volatility"": 0.015242589174549341, ""volume_state"": 15.061844277207662}",assumed_next_daily_close,,10,0000032604,,0.05549740892961985,0.009526315142855601,0.02792153087014082,,,,,,,25fe32f45d20309125728f5d,False,,,,,,,,,,,,,,,,,,,,,,,,,,,,,,,,,,,,,,,,,,,,,,,,bounded_preclose_bid_ask,,,,False,bar_outcome_not_completed,,,incomplete_prior_liquidity,event,covered_call,,incomplete_prior_liquidity,,,False,,H24,1,EMR,,primary,0.015242589174549341,15.061844277207662,2023
,,,49e8a8f55988adf147afd883,time_value,,,1,1,2023-04-13,2023-04-13,,,320,,,2023-04-14,321,False,,,2023-04-13,,,,,,,"{""market_momentum"": 0.05549740892961985, ""market_volatility"": 0.009526315142855601, ""momentum"": 0.02792153087014082, ""volatility"": 0.015242589174549341, ""volume_state"": 15.061844277207662}",assumed_next_daily_close,,10,0000032604,,0.05549740892961985,0.009526315142855601,0.02792153087014082,,,,,,,25fe32f45d20309125728f5d,False,,,,,,,,,,,,,,,,,,,,,,,,,,,,,,,,,,,,,,,,,,,,,,,,bounded_preclose_bid_ask,,,,False,bar_outcome_not_completed,,,incomplete_prior_liquidity,event,covered_call,,incomplete_prior_liquidity,,,True,,H24,1,EMR,,primary,0.015242589174549341,15.061844277207662,2023
,,,49e8a8f55988adf147afd883,time_value,,,1,1,2023-04-13,2023-04-13,,,320,,,2023-04-14,321,False,,,2023-04-13,,,,,,,"{""market_momentum"": 0.05549740892961985, ""market_volatility"": 0.009526315142855601, ""momentum"": 0.02792153087014082, ""volatility"": 0.015242589174549341, ""volume_state"": 15.061844277207662}",assumed_next_daily_close,,21,0000032604,,0.05549740892961985,0.009526315142855601,0.02792153087014082,,,,,,,25fe32f45d20309125728f5d,False,,,,,,,,,,,,,,,,,,,,,,,,,,,,,,,,,,,,,,,,,,,,,,,,bounded_preclose_bid_ask,,,,False,not_requested_for_horizon_or_variant,,,incomplete_prior_liquidity,event,covered_call,,incomplete_prior_liquidity,,,False,,H24,1,EMR,,primary,0.015242589174549341,15.061844277207662,2023
,,,49e8a8f55988adf147afd883,time_value,,,1,1,2023-04-13,2023-04-13,,,320,,,2023-04-14,321,False,,,2023-04-13,,,,,,,"{""market_momentum"": 0.05549740892961985, ""market_volatility"": 0.009526315142855601, ""momentum"": 0.02792153087014082, ""volatility"": 0.015242589174549341, ""volume_state"": 15.061844277207662}",assumed_next_daily_close,,21,0000032604,,0.05549740892961985,0.009526315142855601,0.02792153087014082,,,,,,,25fe32f45d20309125728f5d,False,,,,,,,,,,,,,,,,,,,,,,,,,,,,,,,,,,,,,,,,,,,,,,,,bounded_preclose_bid_ask,,,,False,not_requested_for_horizon_or_variant,,,incomplete_prior_liquidity,event,covered_call,,incomplete_prior_liquidity,,,True,,H24,1,EMR,,primary,0.015242589174549341,15.061844277207662,2023
,,,49e8a8f55988adf147afd883,time_value,,,1,1,2023-04-13,2023-04-13,,,320,,,2023-04-14,321,False,,,2023-04-13,,,,,,,"{""market_momentum"": 0.05549740892961985, ""market_volatility"": 0.009526315142855601, ""momentum"": 0.02792153087014082, ""volatility"": 0.015242589174549341, ""volume_state"": 15.061844277207662}",assumed_next_daily_close,,42,0000032604,,0.05549740892961985,0.009526315142855601,0.02792153087014082,,,,,,,25fe32f45d20309125728f5d,False,,,,,,,,,,,,,,,,,,,,,,,,,,,,,,,,,,,,,,,,,,,,,,,,bounded_preclose_bid_ask,,,,False,not_requested_for_horizon_or_variant,,,incomplete_prior_liquidity,event,covered_call,,incomplete_prior_liquidity,,,False,,H24,1,EMR,,primary,0.015242589174549341,15.061844277207662,2023
,,,49e8a8f55988adf147afd883,time_value,,,1,1,2023-04-13,2023-04-13,,,320,,,2023-04-14,321,False,,,2023-04-13,,,,,,,"{""market_momentum"": 0.05549740892961985, ""market_volatility"": 0.009526315142855601, ""momentum"": 0.02792153087014082, ""volatility"": 0.015242589174549341, ""volume_state"": 15.061844277207662}",assumed_next_daily_close,,42,0000032604,,0.05549740892961985,0.009526315142855601,0.02792153087014082,,,,,,,25fe32f45d20309125728f5d,False,,,,,,,,,,,,,,,,,,,,,,,,,,,,,,,,,,,,,,,,,,,,,,,,bounded_preclose_bid_ask,,,,False,not_requested_for_horizon_or_variant,,,incomplete_prior_liquidity,event,covered_call,,incomplete_prior_liquidity,,,True,,H24,1,EMR,,primary,0.015242589174549341,15.061844277207662,2023
,,,49e8a8f55988adf147afd883,time_value,,,1,1,2023-04-13,2023-04-13,,,320,,,2023-04-14,321,False,,,2023-04-13,,,,,,,"{""market_momentum"": 0.05549740892961985, ""market_volatility"": 0.009526315142855601, ""momentum"": 0.02792153087014082, ""volatility"": 0.015242589174549341, ""volume_state"": 15.061844277207662}",assumed_next_daily_close,,63,0000032604,,0.05549740892961985,0.009526315142855601,0.02792153087014082,,,,,,,25fe32f45d20309125728f5d,False,,,,,,,,,,,,,,,,,,,,,,,,,,,,,,,,,,,,,,,,,,,,,,,,bounded_preclose_bid_ask,,,,False,not_requested_for_horizon_or_variant,,,incomplete_prior_liquidity,event,covered_call,,incomplete_prior_liquidity,,,False,,H24,1,EMR,,primary,0.015242589174549341,15.061844277207662,2023
,,,49e8a8f55988adf147afd883,time_value,,,1,1,2023-04-13,2023-04-13,,,320,,,2023-04-14,321,False,,,2023-04-13,,,,,,,"{""market_momentum"": 0.05549740892961985, ""market_volatility"": 0.009526315142855601, ""momentum"": 0.02792153087014082, ""volatility"": 0.015242589174549341, ""volume_state"": 15.061844277207662}",assumed_next_daily_close,,63,0000032604,,0.05549740892961985,0.009526315142855601,0.02792153087014082,,,,,,,25fe32f45d20309125728f5d,False,,,,,,,,,,,,,,,,,,,,,,,,,,,,,,,,,,,,,,,,,,,,,,,,bounded_preclose_bid_ask,,,,False,not_requested_for_horizon_or_variant,,,incomplete_prior_liquidity,event,covered_call,,incomplete_prior_liquidity,,,True,,H24,1,EMR,,primary,0.015242589174549341,15.061844277207662,2023
,,,49e8a8f55988adf147afd883,time_value,,,1,1,2023-04-13,2023-04-13,,,320,,,2023-04-14,321,False,,,2023-04-13,,,,,,,"{""market_momentum"": 0.05549740892961985, ""market_volatility"": 0.009526315142855601, ""momentum"": 0.02792153087014082, ""volatility"": 0.015242589174549341, ""volume_state"": 15.061844277207662}",assumed_next_daily_close,,expiry,0000032604,,0.05549740892961985,0.009526315142855601,0.02792153087014082,,,,,,,25fe32f45d20309125728f5d,False,,,,,,,,,,,,,,,,,,,,,,,,,,,,,,,,,,,,,,,,,,,,,,,,bounded_preclose_bid_ask,,,,False,not_requested_for_horizon_or_variant,,,incomplete_prior_liquidity,event,covered_call,,incomplete_prior_liquidity,,,False,,H24,1,EMR,,primary,0.015242589174549341,15.061844277207662,2023
,,,49e8a8f55988adf147afd883,time_value,,,1,1,2023-04-13,2023-04-13,,,320,,,2023-04-14,321,False,,,2023-04-13,,,,,,,"{""market_momentum"": 0.05549740892961985, ""market_volatility"": 0.009526315142855601, ""momentum"": 0.02792153087014082, ""volatility"": 0.015242589174549341, ""volume_state"": 15.061844277207662}",assumed_next_daily_close,,expiry,0000032604,,0.05549740892961985,0.009526315142855601,0.02792153087014082,,,,,,,25fe32f45d20309125728f5d,False,,,,,,,,,,,,,,,,,,,,,,,,,,,,,,,,,,,,,,,,,,,,,,,,bounded_preclose_bid_ask,,,,False,not_requested_for_horizon_or_variant,,,incomplete_prior_liquidity,event,covered_call,,incomplete_prior_liquidity,,,True,,H24,1,EMR,,primary,0.015242589174549341,15.061844277207662,2023
,,,49f5d7ef2cbeaca077e2a5bf,time_value,,,1,1,2024-05-20,2024-05-20,,,597,,,2024-05-21,598,False,,,2024-05-20,,,,,,,"{""market_momentum"": 0.07048226835770244, ""market_volatility"": 0.007464078069142473, ""momentum"": 0.09886939112000959, ""volatility"": 0.020369327202950774, ""volume_state"": 15.808489675848206}",assumed_next_daily_close,,1,0000012927,,0.07048226835770244,0.007464078069142473,0.09886939112000959,,,,,,,fe481c1fe43af21879e11b0a,False,,,,,,,,,,,,,,,,,,,,,,,,,,,,,,,,,,,,,,,,,,,,,,,,bounded_preclose_bid_ask,,,,False,not_requested_for_horizon_or_variant,,,no_standard_contract_within_rules,event,protective_put,,no_standard_contract_within_rules,,,False,,H24,1,BA,,primary,0.020369327202950774,15.808489675848206,2024
,,,49f5d7ef2cbeaca077e2a5bf,time_value,,,1,1,2024-05-20,2024-05-20,,,597,,,2024-05-21,598,False,,,2024-05-20,,,,,,,"{""market_momentum"": 0.07048226835770244, ""market_volatility"": 0.007464078069142473, ""momentum"": 0.09886939112000959, ""volatility"": 0.020369327202950774, ""volume_state"": 15.808489675848206}",assumed_next_daily_close,,1,0000012927,,0.07048226835770244,0.007464078069142473,0.09886939112000959,,,,,,,fe481c1fe43af21879e11b0a,False,,,,,,,,,,,,,,,,,,,,,,,,,,,,,,,,,,,,,,,,,,,,,,,,bounded_preclose_bid_ask,,,,False,not_requested_for_horizon_or_variant,,,no_standard_contract_within_rules,event,protective_put,,no_standard_contract_within_rules,,,True,,H24,1,BA,,primary,0.020369327202950774,15.808489675848206,2024
,,,49f5d7ef2cbeaca077e2a5bf,time_value,,,1,1,2024-05-20,2024-05-20,,,597,,,2024-05-21,598,False,,,2024-05-20,,,,,,,"{""market_momentum"": 0.07048226835770244, ""market_volatility"": 0.007464078069142473, ""momentum"": 0.09886939112000959, ""volatility"": 0.020369327202950774, ""volume_state"": 15.808489675848206}",assumed_next_daily_close,,2,0000012927,,0.07048226835770244,0.007464078069142473,0.09886939112000959,,,,,,,fe481c1fe43af21879e11b0a,False,,,,,,,,,,,,,,,,,,,,,,,,,,,,,,,,,,,,,,,,,,,,,,,,bounded_preclose_bid_ask,,,,False,not_requested_for_horizon_or_variant,,,no_standard_contract_within_rules,event,protective_put,,no_standard_contract_within_rules,,,False,,H24,1,BA,,primary,0.020369327202950774,15.808489675848206,2024
,,,49f5d7ef2cbeaca077e2a5bf,time_value,,,1,1,2024-05-20,2024-05-20,,,597,,,2024-05-21,598,False,,,2024-05-20,,,,,,,"{""market_momentum"": 0.07048226835770244, ""market_volatility"": 0.007464078069142473, ""momentum"": 0.09886939112000959, ""volatility"": 0.020369327202950774, ""volume_state"": 15.808489675848206}",assumed_next_daily_close,,2,0000012927,,0.07048226835770244,0.007464078069142473,0.09886939112000959,,,,,,,fe481c1fe43af21879e11b0a,False,,,,,,,,,,,,,,,,,,,,,,,,,,,,,,,,,,,,,,,,,,,,,,,,bounded_preclose_bid_ask,,,,False,not_requested_for_horizon_or_variant,,,no_standard_contract_within_rules,event,protective_put,,no_standard_contract_within_rules,,,True,,H24,1,BA,,primary,0.020369327202950774,15.808489675848206,2024
,,,49f5d7ef2cbeaca077e2a5bf,time_value,,,1,1,2024-05-20,2024-05-20,,,597,,,2024-05-21,598,False,,,2024-05-20,,,,,,,"{""market_momentum"": 0.07048226835770244, ""market_volatility"": 0.007464078069142473, ""momentum"": 0.09886939112000959, ""volatility"": 0.020369327202950774, ""volume_state"": 15.808489675848206}",assumed_next_daily_close,,3,0000012927,,0.07048226835770244,0.007464078069142473,0.09886939112000959,,,,,,,fe481c1fe43af21879e11b0a,False,,,,,,,,,,,,,,,,,,,,,,,,,,,,,,,,,,,,,,,,,,,,,,,,bounded_preclose_bid_ask,,,,False,not_requested_for_horizon_or_variant,,,no_standard_contract_within_rules,event,protective_put,,no_standard_contract_within_rules,,,False,,H24,1,BA,,primary,0.020369327202950774,15.808489675848206,2024
,,,49f5d7ef2cbeaca077e2a5bf,time_value,,,1,1,2024-05-20,2024-05-20,,,597,,,2024-05-21,598,False,,,2024-05-20,,,,,,,"{""market_momentum"": 0.07048226835770244, ""market_volatility"": 0.007464078069142473, ""momentum"": 0.09886939112000959, ""volatility"": 0.020369327202950774, ""volume_state"": 15.808489675848206}",assumed_next_daily_close,,3,0000012927,,0.07048226835770244,0.007464078069142473,0.09886939112000959,,,,,,,fe481c1fe43af21879e11b0a,False,,,,,,,,,,,,,,,,,,,,,,,,,,,,,,,,,,,,,,,,,,,,,,,,bounded_preclose_bid_ask,,,,False,not_requested_for_horizon_or_variant,,,no_standard_contract_within_rules,event,protective_put,,no_standard_contract_within_rules,,,True,,H24,1,BA,,primary,0.020369327202950774,15.808489675848206,2024
,,,49f5d7ef2cbeaca077e2a5bf,time_value,,,1,1,2024-05-20,2024-05-20,,,597,,,2024-05-21,598,False,,,2024-05-20,,,,,,,"{""market_momentum"": 0.07048226835770244, ""market_volatility"": 0.007464078069142473, ""momentum"": 0.09886939112000959, ""volatility"": 0.020369327202950774, ""volume_state"": 15.808489675848206}",assumed_next_daily_close,,5,0000012927,,0.07048226835770244,0.007464078069142473,0.09886939112000959,,,,,,,fe481c1fe43af21879e11b0a,False,,,,,,,,,,,,,,,,,,,,,,,,,,,,,,,,,,,,,,,,,,,,,,,,bounded_preclose_bid_ask,,,,False,not_requested_for_horizon_or_variant,,,no_standard_contract_within_rules,event,protective_put,,no_standard_contract_within_rules,,,False,,H24,1,BA,,primary,0.020369327202950774,15.808489675848206,2024
,,,49f5d7ef2cbeaca077e2a5bf,time_value,,,1,1,2024-05-20,2024-05-20,,,597,,,2024-05-21,598,False,,,2024-05-20,,,,,,,"{""market_momentum"": 0.07048226835770244, ""market_volatility"": 0.007464078069142473, ""momentum"": 0.09886939112000959, ""volatility"": 0.020369327202950774, ""volume_state"": 15.808489675848206}",assumed_next_daily_close,,5,0000012927,,0.07048226835770244,0.007464078069142473,0.09886939112000959,,,,,,,fe481c1fe43af21879e11b0a,False,,,,,,,,,,,,,,,,,,,,,,,,,,,,,,,,,,,,,,,,,,,,,,,,bounded_preclose_bid_ask,,,,False,not_requested_for_horizon_or_variant,,,no_standard_contract_within_rules,event,protective_put,,no_standard_contract_within_rules,,,True,,H24,1,BA,,primary,0.020369327202950774,15.808489675848206,2024
,,,49f5d7ef2cbeaca077e2a5bf,time_value,,,1,1,2024-05-20,2024-05-20,,,597,,,2024-05-21,598,False,,,2024-05-20,,,,,,,"{""market_momentum"": 0.07048226835770244, ""market_volatility"": 0.007464078069142473, ""momentum"": 0.09886939112000959, ""volatility"": 0.020369327202950774, ""volume_state"": 15.808489675848206}",assumed_next_daily_close,,10,0000012927,,0.07048226835770244,0.007464078069142473,0.09886939112000959,,,,,,,fe481c1fe43af21879e11b0a,False,,,,,,,,,,,,,,,,,,,,,,,,,,,,,,,,,,,,,,,,,,,,,,,,bounded_preclose_bid_ask,,,,False,not_sampled_or_missing_quotes,,,no_standard_contract_within_rules,event,protective_put,,no_standard_contract_within_rules,,,False,,H24,1,BA,,primary,0.020369327202950774,15.808489675848206,2024
,,,49f5d7ef2cbeaca077e2a5bf,time_value,,,1,1,2024-05-20,2024-05-20,,,597,,,2024-05-21,598,False,,,2024-05-20,,,,,,,"{""market_momentum"": 0.07048226835770244, ""market_volatility"": 0.007464078069142473, ""momentum"": 0.09886939112000959, ""volatility"": 0.020369327202950774, ""volume_state"": 15.808489675848206}",assumed_next_daily_close,,10,0000012927,,0.07048226835770244,0.007464078069142473,0.09886939112000959,,,,,,,fe481c1fe43af21879e11b0a,False,,,,,,,,,,,,,,,,,,,,,,,,,,,,,,,,,,,,,,,,,,,,,,,,bounded_preclose_bid_ask,,,,False,not_sampled_or_missing_quotes,,,no_standard_contract_within_rules,event,protective_put,,no_standard_contract_within_rules,,,True,,H24,1,BA,,primary,0.020369327202950774,15.808489675848206,2024
,,,49f5d7ef2cbeaca077e2a5bf,time_value,,,1,1,2024-05-20,2024-05-20,,,597,,,2024-05-21,598,False,,,2024-05-20,,,,,,,"{""market_momentum"": 0.07048226835770244, ""market_volatility"": 0.007464078069142473, ""momentum"": 0.09886939112000959, ""volatility"": 0.020369327202950774, ""volume_state"": 15.808489675848206}",assumed_next_daily_close,,21,0000012927,,0.07048226835770244,0.007464078069142473,0.09886939112000959,,,,,,,fe481c1fe43af21879e11b0a,False,,,,,,,,,,,,,,,,,,,,,,,,,,,,,,,,,,,,,,,,,,,,,,,,bounded_preclose_bid_ask,,,,False,not_requested_for_horizon_or_variant,,,no_standard_contract_within_rules,event,protective_put,,no_standard_contract_within_rules,,,False,,H24,1,BA,,primary,0.020369327202950774,15.808489675848206,2024
,,,49f5d7ef2cbeaca077e2a5bf,time_value,,,1,1,2024-05-20,2024-05-20,,,597,,,2024-05-21,598,False,,,2024-05-20,,,,,,,"{""market_momentum"": 0.07048226835770244, ""market_volatility"": 0.007464078069142473, ""momentum"": 0.09886939112000959, ""volatility"": 0.020369327202950774, ""volume_state"": 15.808489675848206}",assumed_next_daily_close,,21,0000012927,,0.07048226835770244,0.007464078069142473,0.09886939112000959,,,,,,,fe481c1fe43af21879e11b0a,False,,,,,,,,,,,,,,,,,,,,,,,,,,,,,,,,,,,,,,,,,,,,,,,,bounded_preclose_bid_ask,,,,False,not_requested_for_horizon_or_variant,,,no_standard_contract_within_rules,event,protective_put,,no_standard_contract_within_rules,,,True,,H24,1,BA,,primary,0.020369327202950774,15.808489675848206,2024
,,,49f5d7ef2cbeaca077e2a5bf,time_value,,,1,1,2024-05-20,2024-05-20,,,597,,,2024-05-21,598,False,,,2024-05-20,,,,,,,"{""market_momentum"": 0.07048226835770244, ""market_volatility"": 0.007464078069142473, ""momentum"": 0.09886939112000959, ""volatility"": 0.020369327202950774, ""volume_state"": 15.808489675848206}",assumed_next_daily_close,,42,0000012927,,0.07048226835770244,0.007464078069142473,0.09886939112000959,,,,,,,fe481c1fe43af21879e11b0a,False,,,,,,,,,,,,,,,,,,,,,,,,,,,,,,,,,,,,,,,,,,,,,,,,bounded_preclose_bid_ask,,,,False,not_requested_for_horizon_or_variant,,,no_standard_contract_within_rules,event,protective_put,,no_standard_contract_within_rules,,,False,,H24,1,BA,,primary,0.020369327202950774,15.808489675848206,2024
,,,49f5d7ef2cbeaca077e2a5bf,time_value,,,1,1,2024-05-20,2024-05-20,,,597,,,2024-05-21,598,False,,,2024-05-20,,,,,,,"{""market_momentum"": 0.07048226835770244, ""market_volatility"": 0.007464078069142473, ""momentum"": 0.09886939112000959, ""volatility"": 0.020369327202950774, ""volume_state"": 15.808489675848206}",assumed_next_daily_close,,42,0000012927,,0.07048226835770244,0.007464078069142473,0.09886939112000959,,,,,,,fe481c1fe43af21879e11b0a,False,,,,,,,,,,,,,,,,,,,,,,,,,,,,,,,,,,,,,,,,,,,,,,,,bounded_preclose_bid_ask,,,,False,not_requested_for_horizon_or_variant,,,no_standard_contract_within_rules,event,protective_put,,no_standard_contract_within_rules,,,True,,H24,1,BA,,primary,0.020369327202950774,15.808489675848206,2024
,,,49f5d7ef2cbeaca077e2a5bf,time_value,,,1,1,2024-05-20,2024-05-20,,,597,,,2024-05-21,598,False,,,2024-05-20,,,,,,,"{""market_momentum"": 0.07048226835770244, ""market_volatility"": 0.007464078069142473, ""momentum"": 0.09886939112000959, ""volatility"": 0.020369327202950774, ""volume_state"": 15.808489675848206}",assumed_next_daily_close,,63,0000012927,,0.07048226835770244,0.007464078069142473,0.09886939112000959,,,,,,,fe481c1fe43af21879e11b0a,False,,,,,,,,,,,,,,,,,,,,,,,,,,,,,,,,,,,,,,,,,,,,,,,,bounded_preclose_bid_ask,,,,False,not_requested_for_horizon_or_variant,,,no_standard_contract_within_rules,event,protective_put,,no_standard_contract_within_rules,,,False,,H24,1,BA,,primary,0.020369327202950774,15.808489675848206,2024
,,,49f5d7ef2cbeaca077e2a5bf,time_value,,,1,1,2024-05-20,2024-05-20,,,597,,,2024-05-21,598,False,,,2024-05-20,,,,,,,"{""market_momentum"": 0.07048226835770244, ""market_volatility"": 0.007464078069142473, ""momentum"": 0.09886939112000959, ""volatility"": 0.020369327202950774, ""volume_state"": 15.808489675848206}",assumed_next_daily_close,,63,0000012927,,0.07048226835770244,0.007464078069142473,0.09886939112000959,,,,,,,fe481c1fe43af21879e11b0a,False,,,,,,,,,,,,,,,,,,,,,,,,,,,,,,,,,,,,,,,,,,,,,,,,bounded_preclose_bid_ask,,,,False,not_requested_for_horizon_or_variant,,,no_standard_contract_within_rules,event,protective_put,,no_standard_contract_within_rules,,,True,,H24,1,BA,,primary,0.020369327202950774,15.808489675848206,2024
,,,49f5d7ef2cbeaca077e2a5bf,time_value,,,1,1,2024-05-20,2024-05-20,,,597,,,2024-05-21,598,False,,,2024-05-20,,,,,,,"{""market_momentum"": 0.07048226835770244, ""market_volatility"": 0.007464078069142473, ""momentum"": 0.09886939112000959, ""volatility"": 0.020369327202950774, ""volume_state"": 15.808489675848206}",assumed_next_daily_close,,expiry,0000012927,,0.07048226835770244,0.007464078069142473,0.09886939112000959,,,,,,,fe481c1fe43af21879e11b0a,False,,,,,,,,,,,,,,,,,,,,,,,,,,,,,,,,,,,,,,,,,,,,,,,,bounded_preclose_bid_ask,,,,False,not_requested_for_horizon_or_variant,,,no_standard_contract_within_rules,event,protective_put,,no_standard_contract_within_rules,,,False,,H24,1,BA,,primary,0.020369327202950774,15.808489675848206,2024
,,,49f5d7ef2cbeaca077e2a5bf,time_value,,,1,1,2024-05-20,2024-05-20,,,597,,,2024-05-21,598,False,,,2024-05-20,,,,,,,"{""market_momentum"": 0.07048226835770244, ""market_volatility"": 0.007464078069142473, ""momentum"": 0.09886939112000959, ""volatility"": 0.020369327202950774, ""volume_state"": 15.808489675848206}",assumed_next_daily_close,,expiry,0000012927,,0.07048226835770244,0.007464078069142473,0.09886939112000959,,,,,,,fe481c1fe43af21879e11b0a,False,,,,,,,,,,,,,,,,,,,,,,,,,,,,,,,,,,,,,,,,,,,,,,,,bounded_preclose_bid_ask,,,,False,not_requested_for_horizon_or_variant,,,no_standard_contract_within_rules,event,protective_put,,no_standard_contract_within_rules,,,True,,H24,1,BA,,primary,0.020369327202950774,15.808489675848206,2024
,,,4ba2287767b0dc9d5ea8313f,time_value,,,1,1,2024-01-30,2024-01-30,,,520,,,2024-01-31,521,False,,,2024-01-30,,,,,,,"{""market_momentum"": 0.02978875159957206, ""market_volatility"": 0.005956013402177686, ""momentum"": 0.02789855072463765, ""volatility"": 0.009732324335249454, ""volume_state"": 15.45497444967234}",assumed_next_daily_close,,1,0000001800,,0.02978875159957206,0.005956013402177686,0.02789855072463765,,,,,,,da0d533659a0b872f9753438,False,,,,,,,,,,,,,,,,,,,,,,,,,,,,,,,,,,,,,,,,,,,,,,,,bounded_preclose_bid_ask,,,,False,not_requested_for_horizon_or_variant,,,no_standard_contract_within_rules,event,protective_put,,no_standard_contract_within_rules,,,False,,H24,1,ABT,,primary,0.009732324335249454,15.45497444967234,2024
,,,4ba2287767b0dc9d5ea8313f,time_value,,,1,1,2024-01-30,2024-01-30,,,520,,,2024-01-31,521,False,,,2024-01-30,,,,,,,"{""market_momentum"": 0.02978875159957206, ""market_volatility"": 0.005956013402177686, ""momentum"": 0.02789855072463765, ""volatility"": 0.009732324335249454, ""volume_state"": 15.45497444967234}",assumed_next_daily_close,,1,0000001800,,0.02978875159957206,0.005956013402177686,0.02789855072463765,,,,,,,da0d533659a0b872f9753438,False,,,,,,,,,,,,,,,,,,,,,,,,,,,,,,,,,,,,,,,,,,,,,,,,bounded_preclose_bid_ask,,,,False,not_requested_for_horizon_or_variant,,,no_standard_contract_within_rules,event,protective_put,,no_standard_contract_within_rules,,,True,,H24,1,ABT,,primary,0.009732324335249454,15.45497444967234,2024
,,,4ba2287767b0dc9d5ea8313f,time_value,,,1,1,2024-01-30,2024-01-30,,,520,,,2024-01-31,521,False,,,2024-01-30,,,,,,,"{""market_momentum"": 0.02978875159957206, ""market_volatility"": 0.005956013402177686, ""momentum"": 0.02789855072463765, ""volatility"": 0.009732324335249454, ""volume_state"": 15.45497444967234}",assumed_next_daily_close,,2,0000001800,,0.02978875159957206,0.005956013402177686,0.02789855072463765,,,,,,,da0d533659a0b872f9753438,False,,,,,,,,,,,,,,,,,,,,,,,,,,,,,,,,,,,,,,,,,,,,,,,,bounded_preclose_bid_ask,,,,False,not_requested_for_horizon_or_variant,,,no_standard_contract_within_rules,event,protective_put,,no_standard_contract_within_rules,,,False,,H24,1,ABT,,primary,0.009732324335249454,15.45497444967234,2024
,,,4ba2287767b0dc9d5ea8313f,time_value,,,1,1,2024-01-30,2024-01-30,,,520,,,2024-01-31,521,False,,,2024-01-30,,,,,,,"{""market_momentum"": 0.02978875159957206, ""market_volatility"": 0.005956013402177686, ""momentum"": 0.02789855072463765, ""volatility"": 0.009732324335249454, ""volume_state"": 15.45497444967234}",assumed_next_daily_close,,2,0000001800,,0.02978875159957206,0.005956013402177686,0.02789855072463765,,,,,,,da0d533659a0b872f9753438,False,,,,,,,,,,,,,,,,,,,,,,,,,,,,,,,,,,,,,,,,,,,,,,,,bounded_preclose_bid_ask,,,,False,not_requested_for_horizon_or_variant,,,no_standard_contract_within_rules,event,protective_put,,no_standard_contract_within_rules,,,True,,H24,1,ABT,,primary,0.009732324335249454,15.45497444967234,2024
,,,4ba2287767b0dc9d5ea8313f,time_value,,,1,1,2024-01-30,2024-01-30,,,520,,,2024-01-31,521,False,,,2024-01-30,,,,,,,"{""market_momentum"": 0.02978875159957206, ""market_volatility"": 0.005956013402177686, ""momentum"": 0.02789855072463765, ""volatility"": 0.009732324335249454, ""volume_state"": 15.45497444967234}",assumed_next_daily_close,,3,0000001800,,0.02978875159957206,0.005956013402177686,0.02789855072463765,,,,,,,da0d533659a0b872f9753438,False,,,,,,,,,,,,,,,,,,,,,,,,,,,,,,,,,,,,,,,,,,,,,,,,bounded_preclose_bid_ask,,,,False,not_requested_for_horizon_or_variant,,,no_standard_contract_within_rules,event,protective_put,,no_standard_contract_within_rules,,,False,,H24,1,ABT,,primary,0.009732324335249454,15.45497444967234,2024
,,,4ba2287767b0dc9d5ea8313f,time_value,,,1,1,2024-01-30,2024-01-30,,,520,,,2024-01-31,521,False,,,2024-01-30,,,,,,,"{""market_momentum"": 0.02978875159957206, ""market_volatility"": 0.005956013402177686, ""momentum"": 0.02789855072463765, ""volatility"": 0.009732324335249454, ""volume_state"": 15.45497444967234}",assumed_next_daily_close,,3,0000001800,,0.02978875159957206,0.005956013402177686,0.02789855072463765,,,,,,,da0d533659a0b872f9753438,False,,,,,,,,,,,,,,,,,,,,,,,,,,,,,,,,,,,,,,,,,,,,,,,,bounded_preclose_bid_ask,,,,False,not_requested_for_horizon_or_variant,,,no_standard_contract_within_rules,event,protective_put,,no_standard_contract_within_rules,,,True,,H24,1,ABT,,primary,0.009732324335249454,15.45497444967234,2024
,,,4ba2287767b0dc9d5ea8313f,time_value,,,1,1,2024-01-30,2024-01-30,,,520,,,2024-01-31,521,False,,,2024-01-30,,,,,,,"{""market_momentum"": 0.02978875159957206, ""market_volatility"": 0.005956013402177686, ""momentum"": 0.02789855072463765, ""volatility"": 0.009732324335249454, ""volume_state"": 15.45497444967234}",assumed_next_daily_close,,5,0000001800,,0.02978875159957206,0.005956013402177686,0.02789855072463765,,,,,,,da0d533659a0b872f9753438,False,,,,,,,,,,,,,,,,,,,,,,,,,,,,,,,,,,,,,,,,,,,,,,,,bounded_preclose_bid_ask,,,,False,not_requested_for_horizon_or_variant,,,no_standard_contract_within_rules,event,protective_put,,no_standard_contract_within_rules,,,False,,H24,1,ABT,,primary,0.009732324335249454,15.45497444967234,2024
,,,4ba2287767b0dc9d5ea8313f,time_value,,,1,1,2024-01-30,2024-01-30,,,520,,,2024-01-31,521,False,,,2024-01-30,,,,,,,"{""market_momentum"": 0.02978875159957206, ""market_volatility"": 0.005956013402177686, ""momentum"": 0.02789855072463765, ""volatility"": 0.009732324335249454, ""volume_state"": 15.45497444967234}",assumed_next_daily_close,,5,0000001800,,0.02978875159957206,0.005956013402177686,0.02789855072463765,,,,,,,da0d533659a0b872f9753438,False,,,,,,,,,,,,,,,,,,,,,,,,,,,,,,,,,,,,,,,,,,,,,,,,bounded_preclose_bid_ask,,,,False,not_requested_for_horizon_or_variant,,,no_standard_contract_within_rules,event,protective_put,,no_standard_contract_within_rules,,,True,,H24,1,ABT,,primary,0.009732324335249454,15.45497444967234,2024
,,,4ba2287767b0dc9d5ea8313f,time_value,,,1,1,2024-01-30,2024-01-30,,,520,,,2024-01-31,521,False,,,2024-01-30,,,,,,,"{""market_momentum"": 0.02978875159957206, ""market_volatility"": 0.005956013402177686, ""momentum"": 0.02789855072463765, ""volatility"": 0.009732324335249454, ""volume_state"": 15.45497444967234}",assumed_next_daily_close,,10,0000001800,,0.02978875159957206,0.005956013402177686,0.02789855072463765,,,,,,,da0d533659a0b872f9753438,False,,,,,,,,,,,,,,,,,,,,,,,,,,,,,,,,,,,,,,,,,,,,,,,,bounded_preclose_bid_ask,,,,False,not_sampled_or_missing_quotes,,,no_standard_contract_within_rules,event,protective_put,,no_standard_contract_within_rules,,,False,,H24,1,ABT,,primary,0.009732324335249454,15.45497444967234,2024
,,,4ba2287767b0dc9d5ea8313f,time_value,,,1,1,2024-01-30,2024-01-30,,,520,,,2024-01-31,521,False,,,2024-01-30,,,,,,,"{""market_momentum"": 0.02978875159957206, ""market_volatility"": 0.005956013402177686, ""momentum"": 0.02789855072463765, ""volatility"": 0.009732324335249454, ""volume_state"": 15.45497444967234}",assumed_next_daily_close,,10,0000001800,,0.02978875159957206,0.005956013402177686,0.02789855072463765,,,,,,,da0d533659a0b872f9753438,False,,,,,,,,,,,,,,,,,,,,,,,,,,,,,,,,,,,,,,,,,,,,,,,,bounded_preclose_bid_ask,,,,False,not_sampled_or_missing_quotes,,,no_standard_contract_within_rules,event,protective_put,,no_standard_contract_within_rules,,,True,,H24,1,ABT,,primary,0.009732324335249454,15.45497444967234,2024
,,,4ba2287767b0dc9d5ea8313f,time_value,,,1,1,2024-01-30,2024-01-30,,,520,,,2024-01-31,521,False,,,2024-01-30,,,,,,,"{""market_momentum"": 0.02978875159957206, ""market_volatility"": 0.005956013402177686, ""momentum"": 0.02789855072463765, ""volatility"": 0.009732324335249454, ""volume_state"": 15.45497444967234}",assumed_next_daily_close,,21,0000001800,,0.02978875159957206,0.005956013402177686,0.02789855072463765,,,,,,,da0d533659a0b872f9753438,False,,,,,,,,,,,,,,,,,,,,,,,,,,,,,,,,,,,,,,,,,,,,,,,,bounded_preclose_bid_ask,,,,False,not_requested_for_horizon_or_variant,,,no_standard_contract_within_rules,event,protective_put,,no_standard_contract_within_rules,,,False,,H24,1,ABT,,primary,0.009732324335249454,15.45497444967234,2024
,,,4ba2287767b0dc9d5ea8313f,time_value,,,1,1,2024-01-30,2024-01-30,,,520,,,2024-01-31,521,False,,,2024-01-30,,,,,,,"{""market_momentum"": 0.02978875159957206, ""market_volatility"": 0.005956013402177686, ""momentum"": 0.02789855072463765, ""volatility"": 0.009732324335249454, ""volume_state"": 15.45497444967234}",assumed_next_daily_close,,21,0000001800,,0.02978875159957206,0.005956013402177686,0.02789855072463765,,,,,,,da0d533659a0b872f9753438,False,,,,,,,,,,,,,,,,,,,,,,,,,,,,,,,,,,,,,,,,,,,,,,,,bounded_preclose_bid_ask,,,,False,not_requested_for_horizon_or_variant,,,no_standard_contract_within_rules,event,protective_put,,no_standard_contract_within_rules,,,True,,H24,1,ABT,,primary,0.009732324335249454,15.45497444967234,2024
,,,4ba2287767b0dc9d5ea8313f,time_value,,,1,1,2024-01-30,2024-01-30,,,520,,,2024-01-31,521,False,,,2024-01-30,,,,,,,"{""market_momentum"": 0.02978875159957206, ""market_volatility"": 0.005956013402177686, ""momentum"": 0.02789855072463765, ""volatility"": 0.009732324335249454, ""volume_state"": 15.45497444967234}",assumed_next_daily_close,,42,0000001800,,0.02978875159957206,0.005956013402177686,0.02789855072463765,,,,,,,da0d533659a0b872f9753438,False,,,,,,,,,,,,,,,,,,,,,,,,,,,,,,,,,,,,,,,,,,,,,,,,bounded_preclose_bid_ask,,,,False,not_requested_for_horizon_or_variant,,,no_standard_contract_within_rules,event,protective_put,,no_standard_contract_within_rules,,,False,,H24,1,ABT,,primary,0.009732324335249454,15.45497444967234,2024
,,,4ba2287767b0dc9d5ea8313f,time_value,,,1,1,2024-01-30,2024-01-30,,,520,,,2024-01-31,521,False,,,2024-01-30,,,,,,,"{""market_momentum"": 0.02978875159957206, ""market_volatility"": 0.005956013402177686, ""momentum"": 0.02789855072463765, ""volatility"": 0.009732324335249454, ""volume_state"": 15.45497444967234}",assumed_next_daily_close,,42,0000001800,,0.02978875159957206,0.005956013402177686,0.02789855072463765,,,,,,,da0d533659a0b872f9753438,False,,,,,,,,,,,,,,,,,,,,,,,,,,,,,,,,,,,,,,,,,,,,,,,,bounded_preclose_bid_ask,,,,False,not_requested_for_horizon_or_variant,,,no_standard_contract_within_rules,event,protective_put,,no_standard_contract_within_rules,,,True,,H24,1,ABT,,primary,0.009732324335249454,15.45497444967234,2024
,,,4ba2287767b0dc9d5ea8313f,time_value,,,1,1,2024-01-30,2024-01-30,,,520,,,2024-01-31,521,False,,,2024-01-30,,,,,,,"{""market_momentum"": 0.02978875159957206, ""market_volatility"": 0.005956013402177686, ""momentum"": 0.02789855072463765, ""volatility"": 0.009732324335249454, ""volume_state"": 15.45497444967234}",assumed_next_daily_close,,63,0000001800,,0.02978875159957206,0.005956013402177686,0.02789855072463765,,,,,,,da0d533659a0b872f9753438,False,,,,,,,,,,,,,,,,,,,,,,,,,,,,,,,,,,,,,,,,,,,,,,,,bounded_preclose_bid_ask,,,,False,not_requested_for_horizon_or_variant,,,no_standard_contract_within_rules,event,protective_put,,no_standard_contract_within_rules,,,False,,H24,1,ABT,,primary,0.009732324335249454,15.45497444967234,2024
,,,4ba2287767b0dc9d5ea8313f,time_value,,,1,1,2024-01-30,2024-01-30,,,520,,,2024-01-31,521,False,,,2024-01-30,,,,,,,"{""market_momentum"": 0.02978875159957206, ""market_volatility"": 0.005956013402177686, ""momentum"": 0.02789855072463765, ""volatility"": 0.009732324335249454, ""volume_state"": 15.45497444967234}",assumed_next_daily_close,,63,0000001800,,0.02978875159957206,0.005956013402177686,0.02789855072463765,,,,,,,da0d533659a0b872f9753438,False,,,,,,,,,,,,,,,,,,,,,,,,,,,,,,,,,,,,,,,,,,,,,,,,bounded_preclose_bid_ask,,,,False,not_requested_for_horizon_or_variant,,,no_standard_contract_within_rules,event,protective_put,,no_standard_contract_within_rules,,,True,,H24,1,ABT,,primary,0.009732324335249454,15.45497444967234,2024
,,,4ba2287767b0dc9d5ea8313f,time_value,,,1,1,2024-01-30,2024-01-30,,,520,,,2024-01-31,521,False,,,2024-01-30,,,,,,,"{""market_momentum"": 0.02978875159957206, ""market_volatility"": 0.005956013402177686, ""momentum"": 0.02789855072463765, ""volatility"": 0.009732324335249454, ""volume_state"": 15.45497444967234}",assumed_next_daily_close,,expiry,0000001800,,0.02978875159957206,0.005956013402177686,0.02789855072463765,,,,,,,da0d533659a0b872f9753438,False,,,,,,,,,,,,,,,,,,,,,,,,,,,,,,,,,,,,,,,,,,,,,,,,bounded_preclose_bid_ask,,,,False,not_requested_for_horizon_or_variant,,,no_standard_contract_within_rules,event,protective_put,,no_standard_contract_within_rules,,,False,,H24,1,ABT,,primary,0.009732324335249454,15.45497444967234,2024
,,,4ba2287767b0dc9d5ea8313f,time_value,,,1,1,2024-01-30,2024-01-30,,,520,,,2024-01-31,521,False,,,2024-01-30,,,,,,,"{""market_momentum"": 0.02978875159957206, ""market_volatility"": 0.005956013402177686, ""momentum"": 0.02789855072463765, ""volatility"": 0.009732324335249454, ""volume_state"": 15.45497444967234}",assumed_next_daily_close,,expiry,0000001800,,0.02978875159957206,0.005956013402177686,0.02789855072463765,,,,,,,da0d533659a0b872f9753438,False,,,,,,,,,,,,,,,,,,,,,,,,,,,,,,,,,,,,,,,,,,,,,,,,bounded_preclose_bid_ask,,,,False,not_requested_for_horizon_or_variant,,,no_standard_contract_within_rules,event,protective_put,,no_standard_contract_within_rules,,,True,,H24,1,ABT,,primary,0.009732324335249454,15.45497444967234,2024
,,,53e69391b11b0b8fd3ca8175,time_value,,,1,1,2023-09-05,2023-09-05,,,419,,,2023-09-06,420,False,,,2023-09-05,,,,,,,"{""market_momentum"": 0.005438553300060489, ""market_volatility"": 0.007317560930004005, ""momentum"": 0.018774417595138093, ""volatility"": 0.011689545422724205, ""volume_state"": 14.599939794675722}",assumed_next_daily_close,,1,0000018230,,0.005438553300060489,0.007317560930004005,0.018774417595138093,,,,,,,8df85474810533ba6b02d105,False,,,,,,,,,,,,,,,,,,,,,,,,,,,,,,,,,,,,,,,,,,,,,,,,bounded_preclose_bid_ask,,,,False,not_requested_for_horizon_or_variant,,,no_standard_contract_within_rules,event,covered_call,,no_standard_contract_within_rules,,,False,,H24,1,CAT,,primary,0.011689545422724205,14.599939794675722,2023
,,,53e69391b11b0b8fd3ca8175,time_value,,,1,1,2023-09-05,2023-09-05,,,419,,,2023-09-06,420,False,,,2023-09-05,,,,,,,"{""market_momentum"": 0.005438553300060489, ""market_volatility"": 0.007317560930004005, ""momentum"": 0.018774417595138093, ""volatility"": 0.011689545422724205, ""volume_state"": 14.599939794675722}",assumed_next_daily_close,,1,0000018230,,0.005438553300060489,0.007317560930004005,0.018774417595138093,,,,,,,8df85474810533ba6b02d105,False,,,,,,,,,,,,,,,,,,,,,,,,,,,,,,,,,,,,,,,,,,,,,,,,bounded_preclose_bid_ask,,,,False,not_requested_for_horizon_or_variant,,,no_standard_contract_within_rules,event,covered_call,,no_standard_contract_within_rules,,,True,,H24,1,CAT,,primary,0.011689545422724205,14.599939794675722,2023
,,,53e69391b11b0b8fd3ca8175,time_value,,,1,1,2023-09-05,2023-09-05,,,419,,,2023-09-06,420,False,,,2023-09-05,,,,,,,"{""market_momentum"": 0.005438553300060489, ""market_volatility"": 0.007317560930004005, ""momentum"": 0.018774417595138093, ""volatility"": 0.011689545422724205, ""volume_state"": 14.599939794675722}",assumed_next_daily_close,,2,0000018230,,0.005438553300060489,0.007317560930004005,0.018774417595138093,,,,,,,8df85474810533ba6b02d105,False,,,,,,,,,,,,,,,,,,,,,,,,,,,,,,,,,,,,,,,,,,,,,,,,bounded_preclose_bid_ask,,,,False,not_requested_for_horizon_or_variant,,,no_standard_contract_within_rules,event,covered_call,,no_standard_contract_within_rules,,,False,,H24,1,CAT,,primary,0.011689545422724205,14.599939794675722,2023
,,,53e69391b11b0b8fd3ca8175,time_value,,,1,1,2023-09-05,2023-09-05,,,419,,,2023-09-06,420,False,,,2023-09-05,,,,,,,"{""market_momentum"": 0.005438553300060489, ""market_volatility"": 0.007317560930004005, ""momentum"": 0.018774417595138093, ""volatility"": 0.011689545422724205, ""volume_state"": 14.599939794675722}",assumed_next_daily_close,,2,0000018230,,0.005438553300060489,0.007317560930004005,0.018774417595138093,,,,,,,8df85474810533ba6b02d105,False,,,,,,,,,,,,,,,,,,,,,,,,,,,,,,,,,,,,,,,,,,,,,,,,bounded_preclose_bid_ask,,,,False,not_requested_for_horizon_or_variant,,,no_standard_contract_within_rules,event,covered_call,,no_standard_contract_within_rules,,,True,,H24,1,CAT,,primary,0.011689545422724205,14.599939794675722,2023
,,,53e69391b11b0b8fd3ca8175,time_value,,,1,1,2023-09-05,2023-09-05,,,419,,,2023-09-06,420,False,,,2023-09-05,,,,,,,"{""market_momentum"": 0.005438553300060489, ""market_volatility"": 0.007317560930004005, ""momentum"": 0.018774417595138093, ""volatility"": 0.011689545422724205, ""volume_state"": 14.599939794675722}",assumed_next_daily_close,,3,0000018230,,0.005438553300060489,0.007317560930004005,0.018774417595138093,,,,,,,8df85474810533ba6b02d105,False,,,,,,,,,,,,,,,,,,,,,,,,,,,,,,,,,,,,,,,,,,,,,,,,bounded_preclose_bid_ask,,,,False,not_requested_for_horizon_or_variant,,,no_standard_contract_within_rules,event,covered_call,,no_standard_contract_within_rules,,,False,,H24,1,CAT,,primary,0.011689545422724205,14.599939794675722,2023
,,,53e69391b11b0b8fd3ca8175,time_value,,,1,1,2023-09-05,2023-09-05,,,419,,,2023-09-06,420,False,,,2023-09-05,,,,,,,"{""market_momentum"": 0.005438553300060489, ""market_volatility"": 0.007317560930004005, ""momentum"": 0.018774417595138093, ""volatility"": 0.011689545422724205, ""volume_state"": 14.599939794675722}",assumed_next_daily_close,,3,0000018230,,0.005438553300060489,0.007317560930004005,0.018774417595138093,,,,,,,8df85474810533ba6b02d105,False,,,,,,,,,,,,,,,,,,,,,,,,,,,,,,,,,,,,,,,,,,,,,,,,bounded_preclose_bid_ask,,,,False,not_requested_for_horizon_or_variant,,,no_standard_contract_within_rules,event,covered_call,,no_standard_contract_within_rules,,,True,,H24,1,CAT,,primary,0.011689545422724205,14.599939794675722,2023
,,,53e69391b11b0b8fd3ca8175,time_value,,,1,1,2023-09-05,2023-09-05,,,419,,,2023-09-06,420,False,,,2023-09-05,,,,,,,"{""market_momentum"": 0.005438553300060489, ""market_volatility"": 0.007317560930004005, ""momentum"": 0.018774417595138093, ""volatility"": 0.011689545422724205, ""volume_state"": 14.599939794675722}",assumed_next_daily_close,,5,0000018230,,0.005438553300060489,0.007317560930004005,0.018774417595138093,,,,,,,8df85474810533ba6b02d105,False,,,,,,,,,,,,,,,,,,,,,,,,,,,,,,,,,,,,,,,,,,,,,,,,bounded_preclose_bid_ask,,,,False,not_requested_for_horizon_or_variant,,,no_standard_contract_within_rules,event,covered_call,,no_standard_contract_within_rules,,,False,,H24,1,CAT,,primary,0.011689545422724205,14.599939794675722,2023
,,,53e69391b11b0b8fd3ca8175,time_value,,,1,1,2023-09-05,2023-09-05,,,419,,,2023-09-06,420,False,,,2023-09-05,,,,,,,"{""market_momentum"": 0.005438553300060489, ""market_volatility"": 0.007317560930004005, ""momentum"": 0.018774417595138093, ""volatility"": 0.011689545422724205, ""volume_state"": 14.599939794675722}",assumed_next_daily_close,,5,0000018230,,0.005438553300060489,0.007317560930004005,0.018774417595138093,,,,,,,8df85474810533ba6b02d105,False,,,,,,,,,,,,,,,,,,,,,,,,,,,,,,,,,,,,,,,,,,,,,,,,bounded_preclose_bid_ask,,,,False,not_requested_for_horizon_or_variant,,,no_standard_contract_within_rules,event,covered_call,,no_standard_contract_within_rules,,,True,,H24,1,CAT,,primary,0.011689545422724205,14.599939794675722,2023
,,,53e69391b11b0b8fd3ca8175,time_value,,,1,1,2023-09-05,2023-09-05,,,419,,,2023-09-06,420,False,,,2023-09-05,,,,,,,"{""market_momentum"": 0.005438553300060489, ""market_volatility"": 0.007317560930004005, ""momentum"": 0.018774417595138093, ""volatility"": 0.011689545422724205, ""volume_state"": 14.599939794675722}",assumed_next_daily_close,,10,0000018230,,0.005438553300060489,0.007317560930004005,0.018774417595138093,,,,,,,8df85474810533ba6b02d105,False,,,,,,,,,,,,,,,,,,,,,,,,,,,,,,,,,,,,,,,,,,,,,,,,bounded_preclose_bid_ask,,,,False,not_sampled_or_missing_quotes,,,no_standard_contract_within_rules,event,covered_call,,no_standard_contract_within_rules,,,False,,H24,1,CAT,,primary,0.011689545422724205,14.599939794675722,2023
,,,53e69391b11b0b8fd3ca8175,time_value,,,1,1,2023-09-05,2023-09-05,,,419,,,2023-09-06,420,False,,,2023-09-05,,,,,,,"{""market_momentum"": 0.005438553300060489, ""market_volatility"": 0.007317560930004005, ""momentum"": 0.018774417595138093, ""volatility"": 0.011689545422724205, ""volume_state"": 14.599939794675722}",assumed_next_daily_close,,10,0000018230,,0.005438553300060489,0.007317560930004005,0.018774417595138093,,,,,,,8df85474810533ba6b02d105,False,,,,,,,,,,,,,,,,,,,,,,,,,,,,,,,,,,,,,,,,,,,,,,,,bounded_preclose_bid_ask,,,,False,not_sampled_or_missing_quotes,,,no_standard_contract_within_rules,event,covered_call,,no_standard_contract_within_rules,,,True,,H24,1,CAT,,primary,0.011689545422724205,14.599939794675722,2023
,,,53e69391b11b0b8fd3ca8175,time_value,,,1,1,2023-09-05,2023-09-05,,,419,,,2023-09-06,420,False,,,2023-09-05,,,,,,,"{""market_momentum"": 0.005438553300060489, ""market_volatility"": 0.007317560930004005, ""momentum"": 0.018774417595138093, ""volatility"": 0.011689545422724205, ""volume_state"": 14.599939794675722}",assumed_next_daily_close,,21,0000018230,,0.005438553300060489,0.007317560930004005,0.018774417595138093,,,,,,,8df85474810533ba6b02d105,False,,,,,,,,,,,,,,,,,,,,,,,,,,,,,,,,,,,,,,,,,,,,,,,,bounded_preclose_bid_ask,,,,False,not_requested_for_horizon_or_variant,,,no_standard_contract_within_rules,event,covered_call,,no_standard_contract_within_rules,,,False,,H24,1,CAT,,primary,0.011689545422724205,14.599939794675722,2023
,,,53e69391b11b0b8fd3ca8175,time_value,,,1,1,2023-09-05,2023-09-05,,,419,,,2023-09-06,420,False,,,2023-09-05,,,,,,,"{""market_momentum"": 0.005438553300060489, ""market_volatility"": 0.007317560930004005, ""momentum"": 0.018774417595138093, ""volatility"": 0.011689545422724205, ""volume_state"": 14.599939794675722}",assumed_next_daily_close,,21,0000018230,,0.005438553300060489,0.007317560930004005,0.018774417595138093,,,,,,,8df85474810533ba6b02d105,False,,,,,,,,,,,,,,,,,,,,,,,,,,,,,,,,,,,,,,,,,,,,,,,,bounded_preclose_bid_ask,,,,False,not_requested_for_horizon_or_variant,,,no_standard_contract_within_rules,event,covered_call,,no_standard_contract_within_rules,,,True,,H24,1,CAT,,primary,0.011689545422724205,14.599939794675722,2023
,,,53e69391b11b0b8fd3ca8175,time_value,,,1,1,2023-09-05,2023-09-05,,,419,,,2023-09-06,420,False,,,2023-09-05,,,,,,,"{""market_momentum"": 0.005438553300060489, ""market_volatility"": 0.007317560930004005, ""momentum"": 0.018774417595138093, ""volatility"": 0.011689545422724205, ""volume_state"": 14.599939794675722}",assumed_next_daily_close,,42,0000018230,,0.005438553300060489,0.007317560930004005,0.018774417595138093,,,,,,,8df85474810533ba6b02d105,False,,,,,,,,,,,,,,,,,,,,,,,,,,,,,,,,,,,,,,,,,,,,,,,,bounded_preclose_bid_ask,,,,False,not_requested_for_horizon_or_variant,,,no_standard_contract_within_rules,event,covered_call,,no_standard_contract_within_rules,,,False,,H24,1,CAT,,primary,0.011689545422724205,14.599939794675722,2023
,,,53e69391b11b0b8fd3ca8175,time_value,,,1,1,2023-09-05,2023-09-05,,,419,,,2023-09-06,420,False,,,2023-09-05,,,,,,,"{""market_momentum"": 0.005438553300060489, ""market_volatility"": 0.007317560930004005, ""momentum"": 0.018774417595138093, ""volatility"": 0.011689545422724205, ""volume_state"": 14.599939794675722}",assumed_next_daily_close,,42,0000018230,,0.005438553300060489,0.007317560930004005,0.018774417595138093,,,,,,,8df85474810533ba6b02d105,False,,,,,,,,,,,,,,,,,,,,,,,,,,,,,,,,,,,,,,,,,,,,,,,,bounded_preclose_bid_ask,,,,False,not_requested_for_horizon_or_variant,,,no_standard_contract_within_rules,event,covered_call,,no_standard_contract_within_rules,,,True,,H24,1,CAT,,primary,0.011689545422724205,14.599939794675722,2023
,,,53e69391b11b0b8fd3ca8175,time_value,,,1,1,2023-09-05,2023-09-05,,,419,,,2023-09-06,420,False,,,2023-09-05,,,,,,,"{""market_momentum"": 0.005438553300060489, ""market_volatility"": 0.007317560930004005, ""momentum"": 0.018774417595138093, ""volatility"": 0.011689545422724205, ""volume_state"": 14.599939794675722}",assumed_next_daily_close,,63,0000018230,,0.005438553300060489,0.007317560930004005,0.018774417595138093,,,,,,,8df85474810533ba6b02d105,False,,,,,,,,,,,,,,,,,,,,,,,,,,,,,,,,,,,,,,,,,,,,,,,,bounded_preclose_bid_ask,,,,False,not_requested_for_horizon_or_variant,,,no_standard_contract_within_rules,event,covered_call,,no_standard_contract_within_rules,,,False,,H24,1,CAT,,primary,0.011689545422724205,14.599939794675722,2023
,,,53e69391b11b0b8fd3ca8175,time_value,,,1,1,2023-09-05,2023-09-05,,,419,,,2023-09-06,420,False,,,2023-09-05,,,,,,,"{""market_momentum"": 0.005438553300060489, ""market_volatility"": 0.007317560930004005, ""momentum"": 0.018774417595138093, ""volatility"": 0.011689545422724205, ""volume_state"": 14.599939794675722}",assumed_next_daily_close,,63,0000018230,,0.005438553300060489,0.007317560930004005,0.018774417595138093,,,,,,,8df85474810533ba6b02d105,False,,,,,,,,,,,,,,,,,,,,,,,,,,,,,,,,,,,,,,,,,,,,,,,,bounded_preclose_bid_ask,,,,False,not_requested_for_horizon_or_variant,,,no_standard_contract_within_rules,event,covered_call,,no_standard_contract_within_rules,,,True,,H24,1,CAT,,primary,0.011689545422724205,14.599939794675722,2023
,,,53e69391b11b0b8fd3ca8175,time_value,,,1,1,2023-09-05,2023-09-05,,,419,,,2023-09-06,420,False,,,2023-09-05,,,,,,,"{""market_momentum"": 0.005438553300060489, ""market_volatility"": 0.007317560930004005, ""momentum"": 0.018774417595138093, ""volatility"": 0.011689545422724205, ""volume_state"": 14.599939794675722}",assumed_next_daily_close,,expiry,0000018230,,0.005438553300060489,0.007317560930004005,0.018774417595138093,,,,,,,8df85474810533ba6b02d105,False,,,,,,,,,,,,,,,,,,,,,,,,,,,,,,,,,,,,,,,,,,,,,,,,bounded_preclose_bid_ask,,,,False,not_requested_for_horizon_or_variant,,,no_standard_contract_within_rules,event,covered_call,,no_standard_contract_within_rules,,,False,,H24,1,CAT,,primary,0.011689545422724205,14.599939794675722,2023
,,,53e69391b11b0b8fd3ca8175,time_value,,,1,1,2023-09-05,2023-09-05,,,419,,,2023-09-06,420,False,,,2023-09-05,,,,,,,"{""market_momentum"": 0.005438553300060489, ""market_volatility"": 0.007317560930004005, ""momentum"": 0.018774417595138093, ""volatility"": 0.011689545422724205, ""volume_state"": 14.599939794675722}",assumed_next_daily_close,,expiry,0000018230,,0.005438553300060489,0.007317560930004005,0.018774417595138093,,,,,,,8df85474810533ba6b02d105,False,,,,,,,,,,,,,,,,,,,,,,,,,,,,,,,,,,,,,,,,,,,,,,,,bounded_preclose_bid_ask,,,,False,not_requested_for_horizon_or_variant,,,no_standard_contract_within_rules,event,covered_call,,no_standard_contract_within_rules,,,True,,H24,1,CAT,,primary,0.011689545422724205,14.599939794675722,2023
0.05226236408277796,2025-10-14,948,5552ebdc9806f069591eae12,time_value,39.9876,O:TGT260116C00090000,1,1,2025-10-10,2025-10-10,98,0.06547410265403951,946,0.0,0.008333043279139023,2025-10-13,947,True,2025-10-14,948,2025-10-10,743,10515490.0,2025-10-14,scheduled_exit,948,2026-01-16,"{""market_momentum"": -0.0070100208323830016, ""market_volatility"": 0.006937774584250464, ""momentum"": -0.06545017482517479, ""volatility"": 0.013972438604744931, ""volume_state"": 16.038881799291893}",assumed_next_daily_close,8734.0,1,0000027419,0,-0.0070100208323830016,0.006937774584250464,-0.06545017482517479,15.621999999999986,0.0017886420883901975,36.3904,6.1,6.8,-70.00000000000001,db7225f6a0e6db2a38b85e66,True,0.0006622516556291391,1510,1.3799400162153992e-05,7246691.8,,,,,,,,,,,,,,,,,,,,,,,,,,,,,,,,,,,,,,,,,,,,bounded_preclose_bid_ask,,,,False,not_requested_for_horizon_or_variant,,,,event,covered_call,100,completed,87.34,88.96,False,162.0,H24,1,TGT,76.378,primary,0.013972438604744931,16.038881799291893,2025
0.05226236408277796,2025-10-14,948,5552ebdc9806f069591eae12,time_value,5.337599999999999,O:TGT260116C00090000,1,1,2025-10-10,2025-10-10,98,0.06547410265403951,946,0.0,0.0012000000000000675,2025-10-13,947,True,2025-10-14,948,2025-10-10,743,10515490.0,2025-10-14,scheduled_exit,948,2026-01-16,"{""market_momentum"": -0.0070100208323830016, ""market_volatility"": 0.006937774584250464, ""momentum"": -0.06545017482517479, ""volatility"": 0.013972438604744931, ""volume_state"": 16.038881799291893}",assumed_next_daily_close,8734.0,1,0000027419,0,-0.0070100208323830016,0.006937774584250464,-0.06545017482517479,151.422,0.017337073505839247,5.240399999999999,6.1,0.0,-0.0,db7225f6a0e6db2a38b85e66,True,0.0006622516556291391,1510,1.3799400162153992e-05,7246691.8,,,,,,,,,,,,,,,,,,,,,,,,,,,,,,,,,,,,,,,,,,,,bounded_preclose_bid_ask,,,,False,not_requested_for_horizon_or_variant,,,,event,covered_call,100,completed,87.34,88.96,True,162.0,H24,1,TGT,10.578,primary,0.013972438604744931,16.038881799291893,2025
0.05226236408277796,2025-10-15,949,5552ebdc9806f069591eae12,time_value,45.3546,O:TGT260116C00090000,1,1,2025-10-10,2025-10-10,98,0.06547410265403951,946,0.0,0.008333043279139023,2025-10-13,947,True,2025-10-15,949,2025-10-10,743,10515490.0,2025-10-15,scheduled_exit,949,2026-01-16,"{""market_momentum"": -0.0070100208323830016, ""market_volatility"": 0.006937774584250464, ""momentum"": -0.06545017482517479, ""volatility"": 0.013972438604744931, ""volume_state"": 16.038881799291893}",assumed_next_daily_close,8734.0,2,0000027419,0,-0.0070100208323830016,0.006937774584250464,-0.06545017482517479,100.255,0.011478703915731622,36.3904,6.1,7.85,-175.0,db7225f6a0e6db2a38b85e66,True,0.0006622516556291391,1510,1.3799400162153992e-05,7246691.8,,,,,,,,,,,,,,,,,,,,,,,,,,,,,,,,,,,,,,,,,,,,bounded_preclose_bid_ask,,,,False,not_requested_for_horizon_or_variant,,,,event,covered_call,100,completed,87.34,90.91,False,357.0,H24,1,TGT,81.745,primary,0.013972438604744931,16.038881799291893,2025
0.05226236408277796,2025-10-15,949,5552ebdc9806f069591eae12,time_value,5.454599999999999,O:TGT260116C00090000,1,1,2025-10-10,2025-10-10,98,0.06547410265403951,946,0.0,0.0012000000000000675,2025-10-13,947,True,2025-10-15,949,2025-10-10,743,10515490.0,2025-10-15,scheduled_exit,949,2026-01-16,"{""market_momentum"": -0.0070100208323830016, ""market_volatility"": 0.006937774584250464, ""momentum"": -0.06545017482517479, ""volatility"": 0.013972438604744931, ""volume_state"": 16.038881799291893}",assumed_next_daily_close,8734.0,2,0000027419,0,-0.0070100208323830016,0.006937774584250464,-0.06545017482517479,346.30499999999995,0.039650217540645745,5.240399999999999,6.1,0.0,-0.0,db7225f6a0e6db2a38b85e66,True,0.0006622516556291391,1510,1.3799400162153992e-05,7246691.8,,,,,,,,,,,,,,,,,,,,,,,,,,,,,,,,,,,,,,,,,,,,bounded_preclose_bid_ask,,,,False,not_requested_for_horizon_or_variant,,,,event,covered_call,100,completed,87.34,90.91,True,357.0,H24,1,TGT,10.694999999999999,primary,0.013972438604744931,16.038881799291893,2025
0.05226236408277796,2025-10-16,950,5552ebdc9806f069591eae12,time_value,43.054199999999994,O:TGT260116C00090000,1,1,2025-10-10,2025-10-10,98,0.06547410265403951,946,0.0,0.008333043279139023,2025-10-13,947,True,2025-10-16,950,2025-10-10,743,10515490.0,2025-10-16,scheduled_exit,950,2026-01-16,"{""market_momentum"": -0.0070100208323830016, ""market_volatility"": 0.006937774584250464, ""momentum"": -0.06545017482517479, ""volatility"": 0.013972438604744931, ""volume_state"": 16.038881799291893}",assumed_next_daily_close,8734.0,3,0000027419,0,-0.0070100208323830016,0.006937774584250464,-0.06545017482517479,63.55539999999995,0.007276780398442861,36.3904,6.1,7.4,-130.00000000000006,db7225f6a0e6db2a38b85e66,True,0.0006622516556291391,1510,1.3799400162153992e-05,7246691.8,,,,,,,,,,,,,,,,,,,,,,,,,,,,,,,,,,,,,,,,,,,,bounded_preclose_bid_ask,,,,False,not_requested_for_horizon_or_variant,,,,event,covered_call,100,completed,87.34,90.07,False,273.0,H24,1,TGT,79.4446,primary,0.013972438604744931,16.038881799291893,2025
0.05226236408277796,2025-10-16,950,5552ebdc9806f069591eae12,time_value,5.4041999999999994,O:TGT260116C00090000,1,1,2025-10-10,2025-10-10,98,0.06547410265403951,946,0.0,0.0012000000000000675,2025-10-13,947,True,2025-10-16,950,2025-10-10,743,10515490.0,2025-10-16,scheduled_exit,950,2026-01-16,"{""market_momentum"": -0.0070100208323830016, ""market_volatility"": 0.006937774584250464, ""momentum"": -0.06545017482517479, ""volatility"": 0.013972438604744931, ""volume_state"": 16.038881799291893}",assumed_next_daily_close,8734.0,3,0000027419,0,-0.0070100208323830016,0.006937774584250464,-0.06545017482517479,262.3554,0.0300384016487291,5.240399999999999,6.1,0.0,-0.0,db7225f6a0e6db2a38b85e66,True,0.0006622516556291391,1510,1.3799400162153992e-05,7246691.8,,,,,,,,,,,,,,,,,,,,,,,,,,,,,,,,,,,,,,,,,,,,bounded_preclose_bid_ask,,,,False,not_requested_for_horizon_or_variant,,,,event,covered_call,100,completed,87.34,90.07,True,273.0,H24,1,TGT,10.644599999999999,primary,0.013972438604744931,16.038881799291893,2025
0.05226236408277796,2025-10-20,952,5552ebdc9806f069591eae12,time_value,45.391799999999996,O:TGT260116C00090000,1,1,2025-10-10,2025-10-10,98,0.06547410265403951,946,0.0,0.008333043279139023,2025-10-13,947,True,2025-10-20,952,2025-10-10,743,10515490.0,2025-10-20,scheduled_exit,952,2026-01-16,"{""market_momentum"": -0.0070100208323830016, ""market_volatility"": 0.006937774584250464, ""momentum"": -0.06545017482517479, ""volatility"": 0.013972438604744931, ""volume_state"": 16.038881799291893}",assumed_next_daily_close,8734.0,5,0000027419,0,-0.0070100208323830016,0.006937774584250464,-0.06545017482517479,162.2178,0.018573139455003437,36.3904,6.1,7.85,-175.0,db7225f6a0e6db2a38b85e66,True,0.0006622516556291391,1510,1.3799400162153992e-05,7246691.8,,,,,,,,,,,,,,,,,,,,,,,,,,,,,,,,,,,,,,,,,,,,bounded_preclose_bid_ask,,,,False,not_requested_for_horizon_or_variant,,,,event,covered_call,100,completed,87.34,91.53,False,419.0,H24,1,TGT,81.78219999999999,primary,0.013972438604744931,16.038881799291893,2025
0.05226236408277796,2025-10-20,952,5552ebdc9806f069591eae12,time_value,5.4918,O:TGT260116C00090000,1,1,2025-10-10,2025-10-10,98,0.06547410265403951,946,0.0,0.0012000000000000675,2025-10-13,947,True,2025-10-20,952,2025-10-10,743,10515490.0,2025-10-20,scheduled_exit,952,2026-01-16,"{""market_momentum"": -0.0070100208323830016, ""market_volatility"": 0.006937774584250464, ""momentum"": -0.06545017482517479, ""volatility"": 0.013972438604744931, ""volume_state"": 16.038881799291893}",assumed_next_daily_close,8734.0,5,0000027419,0,-0.0070100208323830016,0.006937774584250464,-0.06545017482517479,408.26779999999997,0.04674465307991756,5.240399999999999,6.1,0.0,-0.0,db7225f6a0e6db2a38b85e66,True,0.0006622516556291391,1510,1.3799400162153992e-05,7246691.8,,,,,,,,,,,,,,,,,,,,,,,,,,,,,,,,,,,,,,,,,,,,bounded_preclose_bid_ask,,,,False,not_requested_for_horizon_or_variant,,,,event,covered_call,100,completed,87.34,91.53,True,419.0,H24,1,TGT,10.732199999999999,primary,0.013972438604744931,16.038881799291893,2025
0.05226236408277796,2025-10-27,957,5552ebdc9806f069591eae12,time_value,64.0162,O:TGT260116C00090000,1,1,2025-10-10,2025-10-10,98,0.06547410265403951,946,0.0,0.008333043279139023,2025-10-13,947,True,2025-10-27,957,2025-10-10,743,10515490.0,2025-10-27,scheduled_exit,957,2026-01-16,"{""market_momentum"": -0.0070100208323830016, ""market_volatility"": 0.006937774584250464, ""momentum"": -0.06545017482517479, ""volatility"": 0.013972438604744931, ""volume_state"": 16.038881799291893}",assumed_next_daily_close,8734.0,10,0000027419,0,-0.0070100208323830016,0.006937774584250464,-0.06545017482517479,402.5934,0.04609496221662468,36.3904,6.1,11.5,-540.0,db7225f6a0e6db2a38b85e66,True,0.0006622516556291391,1510,1.3799400162153992e-05,7246691.8,True,3.885192629,5.6,32,5.5,51,0.018018018018017955,0.001303864,85.56,8400,85.54,9800,0.00023378141437751043,98,,6.05,0.071813599,6.15,32,6.05,102,0.016393442622950907,87.31,0.000811394,87.31,100,87.29,600,0.00022909507445585358,11.55,0.041150129,11.55,98,11.05,316,0.04424778761061947,97.76,0.001627672,97.77,70100,97.76,600,0.00010228609420539974,bounded_preclose_bid_ask,472.3986000000001,0.054105898522506024,-550.0000000000001,False,completed_bounded_proxy,1045.0000000000002,22.6014,,event,covered_call,100,completed,87.34,97.77,False,1043.0,H24,1,TGT,100.4066,primary,0.013972438604744931,16.038881799291893,2025
0.05226236408277796,2025-10-27,957,5552ebdc9806f069591eae12,time_value,5.866199999999999,O:TGT260116C00090000,1,1,2025-10-10,2025-10-10,98,0.06547410265403951,946,0.0,0.0012000000000000675,2025-10-13,947,True,2025-10-27,957,2025-10-10,743,10515490.0,2025-10-27,scheduled_exit,957,2026-01-16,"{""market_momentum"": -0.0070100208323830016, ""market_volatility"": 0.006937774584250464, ""momentum"": -0.06545017482517479, ""volatility"": 0.013972438604744931, ""volume_state"": 16.038881799291893}",assumed_next_daily_close,8734.0,10,0000027419,0,-0.0070100208323830016,0.006937774584250464,-0.06545017482517479,1031.8934000000002,0.11814671399129839,5.240399999999999,6.1,0.0,-0.0,db7225f6a0e6db2a38b85e66,True,0.0006622516556291391,1510,1.3799400162153992e-05,7246691.8,True,3.885192629,5.6,32,5.5,51,0.018018018018017955,0.001303864,85.56,8400,85.54,9800,0.00023378141437751043,32,,0.0,0.071813599,6.15,32,6.05,102,0.016393442622950907,87.31,0.000811394,87.31,100,87.29,600,0.00022909507445585358,0.0,0.041150129,11.55,98,11.05,316,0.04424778761061947,97.76,0.001627672,97.77,70100,97.76,600,0.00010228609420539974,bounded_preclose_bid_ask,1041.2986000000003,0.11926452869087165,0.0,False,completed_bounded_proxy,1045.0000000000002,3.7014,,event,covered_call,100,completed,87.34,97.77,True,1043.0,H24,1,TGT,11.106599999999998,primary,0.013972438604744931,16.038881799291893,2025
0.05226236408277796,2025-11-11,968,5552ebdc9806f069591eae12,time_value,43.3948,O:TGT260116C00090000,1,1,2025-10-10,2025-10-10,98,0.06547410265403951,946,0.0,0.008333043279139023,2025-10-13,947,True,2025-11-11,968,2025-10-10,743,10515490.0,2025-11-11,scheduled_exit,968,2026-01-16,"{""market_momentum"": -0.0070100208323830016, ""market_volatility"": 0.006937774584250464, ""momentum"": -0.06545017482517479, ""volatility"": 0.013972438604744931, ""volume_state"": 16.038881799291893}",assumed_next_daily_close,8734.0,21,0000027419,0,-0.0070100208323830016,0.006937774584250464,-0.06545017482517479,209.21479999999994,0.02395406457522326,36.3904,6.1,7.45,-135.00000000000006,db7225f6a0e6db2a38b85e66,True,0.0006622516556291391,1510,1.3799400162153992e-05,7246691.8,,,,,,,,,,,,,,,,,,,,,,,,,,,,,,,,,,,,,,,,,,,,bounded_preclose_bid_ask,,,,False,not_requested_for_horizon_or_variant,,,,event,covered_call,100,completed,87.34,91.58,False,424.0,H24,1,TGT,79.7852,primary,0.013972438604744931,16.038881799291893,2025
0.05226236408277796,2025-11-11,968,5552ebdc9806f069591eae12,time_value,5.4948,O:TGT260116C00090000,1,1,2025-10-10,2025-10-10,98,0.06547410265403951,946,0.0,0.0012000000000000675,2025-10-13,947,True,2025-11-11,968,2025-10-10,743,10515490.0,2025-11-11,scheduled_exit,968,2026-01-16,"{""market_momentum"": -0.0070100208323830016, ""market_volatility"": 0.006937774584250464, ""momentum"": -0.06545017482517479, ""volatility"": 0.013972438604744931, ""volume_state"": 16.038881799291893}",assumed_next_daily_close,8734.0,21,0000027419,0,-0.0070100208323830016,0.006937774584250464,-0.06545017482517479,413.2648,0.047316784978245936,5.240399999999999,6.1,0.0,-0.0,db7225f6a0e6db2a38b85e66,True,0.0006622516556291391,1510,1.3799400162153992e-05,7246691.8,,,,,,,,,,,,,,,,,,,,,,,,,,,,,,,,,,,,,,,,,,,,bounded_preclose_bid_ask,,,,False,not_requested_for_horizon_or_variant,,,,event,covered_call,100,completed,87.34,91.58,True,424.0,H24,1,TGT,10.735199999999999,primary,0.013972438604744931,16.038881799291893,2025
0.05226236408277796,2025-12-11,989,5552ebdc9806f069591eae12,time_value,50.4682,O:TGT260116C00090000,1,1,2025-10-10,2025-10-10,98,0.06547410265403951,946,113.99999999999999,0.008333043279139023,2025-10-13,947,True,2025-12-11,989,2025-10-10,743,10515490.0,2025-12-11,scheduled_exit,989,2026-01-16,"{""market_momentum"": -0.0070100208323830016, ""market_volatility"": 0.006937774584250464, ""momentum"": -0.06545017482517479, ""volatility"": 0.013972438604744931, ""volume_state"": 16.038881799291893}",assumed_next_daily_close,8734.0,42,0000027419,0,-0.0070100208323830016,0.006937774584250464,-0.06545017482517479,720.1413999999999,0.08245264483627203,36.3904,6.1,8.8,-270.0000000000001,db7225f6a0e6db2a38b85e66,True,0.0006622516556291391,1510,1.3799400162153992e-05,7246691.8,,,,,,,,,,,,,,,,,,,,,,,,,,,,,,,,,,,,,,,,,,,,bounded_preclose_bid_ask,,,,False,not_requested_for_horizon_or_variant,,,,event,covered_call,100,completed,87.34,96.97,False,963.0,H24,1,TGT,86.8586,primary,0.013972438604744931,16.038881799291893,2025
0.05226236408277796,2025-12-11,989,5552ebdc9806f069591eae12,time_value,5.818199999999999,O:TGT260116C00090000,1,1,2025-10-10,2025-10-10,98,0.06547410265403951,946,113.99999999999999,0.030027616212502932,2025-10-13,947,True,2025-12-11,989,2025-10-10,743,10515490.0,2025-12-11,scheduled_exit,989,2026-01-16,"{""market_momentum"": -0.0070100208323830016, ""market_volatility"": 0.006937774584250464, ""momentum"": -0.06545017482517479, ""volatility"": 0.013972438604744931, ""volume_state"": 16.038881799291893}",assumed_next_daily_close,8734.0,42,0000027419,0,-0.0070100208323830016,0.006937774584250464,-0.06545017482517479,1065.9414000000002,0.1220450423631784,5.240399999999999,6.1,0.0,-0.0,db7225f6a0e6db2a38b85e66,True,0.0006622516556291391,1510,1.3799400162153992e-05,7246691.8,,,,,,,,,,,,,,,,,,,,,,,,,,,,,,,,,,,,,,,,,,,,bounded_preclose_bid_ask,,,,False,not_requested_for_horizon_or_variant,,,,event,covered_call,100,completed,87.34,96.97,True,963.0,H24,1,TGT,11.058599999999998,primary,0.013972438604744931,16.038881799291893,2025
,,,5552ebdc9806f069591eae12,time_value,,,1,1,2025-10-10,2025-10-10,,,946,,,2025-10-13,947,False,,,2025-10-10,,,,,,,"{""market_momentum"": -0.0070100208323830016, ""market_volatility"": 0.006937774584250464, ""momentum"": -0.06545017482517479, ""volatility"": 0.013972438604744931, ""volume_state"": 16.038881799291893}",assumed_next_daily_close,,63,0000027419,,-0.0070100208323830016,0.006937774584250464,-0.06545017482517479,,,,,,,db7225f6a0e6db2a38b85e66,False,,,,,,,,,,,,,,,,,,,,,,,,,,,,,,,,,,,,,,,,,,,,,,,,bounded_preclose_bid_ask,,,,False,not_requested_for_horizon_or_variant,,,outcome_outside_history,event,covered_call,,initiated_outcome_outside_history,,,False,,H24,1,TGT,,primary,0.013972438604744931,16.038881799291893,2025
,,,5552ebdc9806f069591eae12,time_value,,,1,1,2025-10-10,2025-10-10,,,946,,,2025-10-13,947,False,,,2025-10-10,,,,,,,"{""market_momentum"": -0.0070100208323830016, ""market_volatility"": 0.006937774584250464, ""momentum"": -0.06545017482517479, ""volatility"": 0.013972438604744931, ""volume_state"": 16.038881799291893}",assumed_next_daily_close,,63,0000027419,,-0.0070100208323830016,0.006937774584250464,-0.06545017482517479,,,,,,,db7225f6a0e6db2a38b85e66,False,,,,,,,,,,,,,,,,,,,,,,,,,,,,,,,,,,,,,,,,,,,,,,,,bounded_preclose_bid_ask,,,,False,not_requested_for_horizon_or_variant,,,outcome_outside_history,event,covered_call,,initiated_outcome_outside_history,,,True,,H24,1,TGT,,primary,0.013972438604744931,16.038881799291893,2025
,,,5552ebdc9806f069591eae12,time_value,,,1,1,2025-10-10,2025-10-10,,,946,,,2025-10-13,947,False,,,2025-10-10,,,,,,,"{""market_momentum"": -0.0070100208323830016, ""market_volatility"": 0.006937774584250464, ""momentum"": -0.06545017482517479, ""volatility"": 0.013972438604744931, ""volume_state"": 16.038881799291893}",assumed_next_daily_close,,expiry,0000027419,,-0.0070100208323830016,0.006937774584250464,-0.06545017482517479,,,,,,,db7225f6a0e6db2a38b85e66,False,,,,,,,,,,,,,,,,,,,,,,,,,,,,,,,,,,,,,,,,,,,,,,,,bounded_preclose_bid_ask,,,,False,not_requested_for_horizon_or_variant,,,outcome_outside_history,event,covered_call,,initiated_outcome_outside_history,,,False,,H24,1,TGT,,primary,0.013972438604744931,16.038881799291893,2025
,,,5552ebdc9806f069591eae12,time_value,,,1,1,2025-10-10,2025-10-10,,,946,,,2025-10-13,947,False,,,2025-10-10,,,,,,,"{""market_momentum"": -0.0070100208323830016, ""market_volatility"": 0.006937774584250464, ""momentum"": -0.06545017482517479, ""volatility"": 0.013972438604744931, ""volume_state"": 16.038881799291893}",assumed_next_daily_close,,expiry,0000027419,,-0.0070100208323830016,0.006937774584250464,-0.06545017482517479,,,,,,,db7225f6a0e6db2a38b85e66,False,,,,,,,,,,,,,,,,,,,,,,,,,,,,,,,,,,,,,,,,,,,,,,,,bounded_preclose_bid_ask,,,,False,not_requested_for_horizon_or_variant,,,outcome_outside_history,event,covered_call,,initiated_outcome_outside_history,,,True,,H24,1,TGT,,primary,0.013972438604744931,16.038881799291893,2025
0.044960077166282586,2024-05-22,599,5f65f8c03f6ebbc3a7b42666,time_value,66.82679999999999,O:BA240920C00195000,1,1,2024-05-20,2024-05-20,123,0.06543057713948877,597,0.0,0.007223379153587985,2024-05-21,598,True,2024-05-22,599,2024-05-20,5,4349117.0,2024-05-22,scheduled_exit,599,2024-09-20,"{""market_momentum"": 0.07048226835770244, ""market_volatility"": 0.007464078069142473, ""momentum"": 0.09886939112000959, ""volatility"": 0.020369327202950774, ""volume_state"": 15.808489675848206}",assumed_next_daily_close,18478.0,1,0000012927,0,0.07048226835770244,0.007464078069142473,0.09886939112000959,16.436400000000006,0.0008895118519320276,66.7368,11,11,0,fe481c1fe43af21879e11b0a,True,0.008695652173913044,115,1.9079464672959278e-05,5241237.2,,,,,,,,,,,,,,,,,,,,,,,,,,,,,,,,,,,,,,,,,,,,bounded_preclose_bid_ask,,,,False,not_requested_for_horizon_or_variant,,,,event,covered_call,100,completed,184.78,186.28,False,150.0,H24,1,BA,133.5636,primary,0.020369327202950774,15.808489675848206,2024
0.044960077166282586,2024-05-22,599,5f65f8c03f6ebbc3a7b42666,time_value,11.176799999999998,O:BA240920C00195000,1,1,2024-05-20,2024-05-20,123,0.06543057713948877,597,0.0,0.001200000000000051,2024-05-21,598,True,2024-05-22,599,2024-05-20,5,4349117.0,2024-05-22,scheduled_exit,599,2024-09-20,"{""market_momentum"": 0.07048226835770244, ""market_volatility"": 0.007464078069142473, ""momentum"": 0.09886939112000959, ""volatility"": 0.020369327202950774, ""volume_state"": 15.808489675848206}",assumed_next_daily_close,18478.0,1,0000012927,0,0.07048226835770244,0.007464078069142473,0.09886939112000959,127.73639999999999,0.0069128910055200775,11.086799999999998,11,0.0,-0.0,fe481c1fe43af21879e11b0a,True,0.008695652173913044,115,1.9079464672959278e-05,5241237.2,,,,,,,,,,,,,,,,,,,,,,,,,,,,,,,,,,,,,,,,,,,,bounded_preclose_bid_ask,,,,False,not_requested_for_horizon_or_variant,,,,event,covered_call,100,completed,184.78,186.28,True,150.0,H24,1,BA,22.263599999999997,primary,0.020369327202950774,15.808489675848206,2024
0.044960077166282586,2024-05-23,600,5f65f8c03f6ebbc3a7b42666,time_value,41.2326,O:BA240920C00195000,1,1,2024-05-20,2024-05-20,123,0.06543057713948877,597,0.0,0.04708136161922286,2024-05-21,598,True,2024-05-23,600,2024-05-20,5,4349117.0,2024-05-23,scheduled_exit,600,2024-09-20,"{""market_momentum"": 0.07048226835770244, ""market_volatility"": 0.007464078069142473, ""momentum"": 0.09886939112000959, ""volatility"": 0.020369327202950774, ""volume_state"": 15.808489675848206}",assumed_next_daily_close,18478.0,2,0000012927,0,0.07048226835770244,0.007464078069142473,0.09886939112000959,-869.9694000000001,-0.04708136161922286,66.7368,11,6.05,495.0,fe481c1fe43af21879e11b0a,True,0.008695652173913044,115,1.9079464672959278e-05,5241237.2,,,,,,,,,,,,,,,,,,,,,,,,,,,,,,,,,,,,,,,,,,,,bounded_preclose_bid_ask,,,,False,not_requested_for_horizon_or_variant,,,,event,covered_call,100,completed,184.78,172.21,False,-1257.0,H24,1,BA,107.96940000000001,primary,0.020369327202950774,15.808489675848206,2024
0.044960077166282586,2024-05-23,600,5f65f8c03f6ebbc3a7b42666,time_value,10.3326,O:BA240920C00195000,1,1,2024-05-20,2024-05-20,123,0.06543057713948877,597,0.0,0.06918602662625825,2024-05-21,598,True,2024-05-23,600,2024-05-20,5,4349117.0,2024-05-23,scheduled_exit,600,2024-09-20,"{""market_momentum"": 0.07048226835770244, ""market_volatility"": 0.007464078069142473, ""momentum"": 0.09886939112000959, ""volatility"": 0.020369327202950774, ""volume_state"": 15.808489675848206}",assumed_next_daily_close,18478.0,2,0000012927,0,0.07048226835770244,0.007464078069142473,0.09886939112000959,-1278.4194,-0.06918602662625825,11.086799999999998,11,0.0,-0.0,fe481c1fe43af21879e11b0a,True,0.008695652173913044,115,1.9079464672959278e-05,5241237.2,,,,,,,,,,,,,,,,,,,,,,,,,,,,,,,,,,,,,,,,,,,,bounded_preclose_bid_ask,,,,False,not_requested_for_horizon_or_variant,,,,event,covered_call,100,completed,184.78,172.21,True,-1257.0,H24,1,BA,21.419399999999996,primary,0.020369327202950774,15.808489675848206,2024
0.044960077166282586,2024-05-24,601,5f65f8c03f6ebbc3a7b42666,time_value,43.971199999999996,O:BA240920C00195000,1,1,2024-05-20,2024-05-20,123,0.06543057713948877,597,0.0,0.04708136161922279,2024-05-21,598,True,2024-05-24,601,2024-05-20,5,4349117.0,2024-05-24,scheduled_exit,601,2024-09-20,"{""market_momentum"": 0.07048226835770244, ""market_volatility"": 0.007464078069142473, ""momentum"": 0.09886939112000959, ""volatility"": 0.020369327202950774, ""volume_state"": 15.808489675848206}",assumed_next_daily_close,18478.0,3,0000012927,0,0.07048226835770244,0.007464078069142473,0.09886939112000959,-693.708,-0.03754237471587834,66.7368,11,6.57,443.0,fe481c1fe43af21879e11b0a,True,0.008695652173913044,115,1.9079464672959278e-05,5241237.2,,,,,,,,,,,,,,,,,,,,,,,,,,,,,,,,,,,,,,,,,,,,bounded_preclose_bid_ask,,,,False,not_requested_for_horizon_or_variant,,,,event,covered_call,100,completed,184.78,174.52,False,-1026.0,H24,1,BA,110.708,primary,0.020369327202950774,15.808489675848206,2024
0.044960077166282586,2024-05-24,601,5f65f8c03f6ebbc3a7b42666,time_value,10.4712,O:BA240920C00195000,1,1,2024-05-20,2024-05-20,123,0.06543057713948877,597,0.0,0.0691860266262583,2024-05-21,598,True,2024-05-24,601,2024-05-20,5,4349117.0,2024-05-24,scheduled_exit,601,2024-09-20,"{""market_momentum"": 0.07048226835770244, ""market_volatility"": 0.007464078069142473, ""momentum"": 0.09886939112000959, ""volatility"": 0.020369327202950774, ""volume_state"": 15.808489675848206}",assumed_next_daily_close,18478.0,3,0000012927,0,0.07048226835770244,0.007464078069142473,0.09886939112000959,-1047.558,-0.05669217447775733,11.086799999999998,11,0.0,-0.0,fe481c1fe43af21879e11b0a,True,0.008695652173913044,115,1.9079464672959278e-05,5241237.2,,,,,,,,,,,,,,,,,,,,,,,,,,,,,,,,,,,,,,,,,,,,bounded_preclose_bid_ask,,,,False,not_requested_for_horizon_or_variant,,,,event,covered_call,100,completed,184.78,174.52,True,-1026.0,H24,1,BA,21.558,primary,0.020369327202950774,15.808489675848206,2024
0.044960077166282586,2024-05-29,603,5f65f8c03f6ebbc3a7b42666,time_value,38.949,O:BA240920C00195000,1,1,2024-05-20,2024-05-20,123,0.06543057713948877,597,0.0,0.04755307933759065,2024-05-21,598,True,2024-05-29,603,2024-05-20,5,4349117.0,2024-05-29,scheduled_exit,603,2024-09-20,"{""market_momentum"": 0.07048226835770244, ""market_volatility"": 0.007464078069142473, ""momentum"": 0.09886939112000959, ""volatility"": 0.020369327202950774, ""volume_state"": 15.808489675848206}",assumed_next_daily_close,18478.0,5,0000012927,0,0.07048226835770244,0.007464078069142473,0.09886939112000959,-878.6858,-0.04755307933759065,66.7368,11,5.6,540.0,fe481c1fe43af21879e11b0a,True,0.008695652173913044,115,1.9079464672959278e-05,5241237.2,,,,,,,,,,,,,,,,,,,,,,,,,,,,,,,,,,,,,,,,,,,,bounded_preclose_bid_ask,,,,False,not_requested_for_horizon_or_variant,,,,event,covered_call,100,completed,184.78,171.65,False,-1313.0,H24,1,BA,105.6858,primary,0.020369327202950774,15.808489675848206,2024
0.044960077166282586,2024-05-29,603,5f65f8c03f6ebbc3a7b42666,time_value,10.299,O:BA240920C00195000,1,1,2024-05-20,2024-05-20,123,0.06543057713948877,597,0.0,0.07221483926831908,2024-05-21,598,True,2024-05-29,603,2024-05-20,5,4349117.0,2024-05-29,scheduled_exit,603,2024-09-20,"{""market_momentum"": 0.07048226835770244, ""market_volatility"": 0.007464078069142473, ""momentum"": 0.09886939112000959, ""volatility"": 0.020369327202950774, ""volume_state"": 15.808489675848206}",assumed_next_daily_close,18478.0,5,0000012927,0,0.07048226835770244,0.007464078069142473,0.09886939112000959,-1334.3858,-0.07221483926831908,11.086799999999998,11,0.0,-0.0,fe481c1fe43af21879e11b0a,True,0.008695652173913044,115,1.9079464672959278e-05,5241237.2,,,,,,,,,,,,,,,,,,,,,,,,,,,,,,,,,,,,,,,,,,,,bounded_preclose_bid_ask,,,,False,not_requested_for_horizon_or_variant,,,,event,covered_call,100,completed,184.78,171.65,True,-1313.0,H24,1,BA,21.385799999999996,primary,0.020369327202950774,15.808489675848206,2024
0.044960077166282586,2024-06-05,608,5f65f8c03f6ebbc3a7b42666,time_value,70.191,O:BA240920C00195000,1,1,2024-05-20,2024-05-20,123,0.06543057713948877,597,0.0,0.04755307933759058,2024-05-21,598,True,2024-06-05,608,2024-05-20,5,4349117.0,2024-06-05,scheduled_exit,608,2024-09-20,"{""market_momentum"": 0.07048226835770244, ""market_volatility"": 0.007464078069142473, ""momentum"": 0.09886939112000959, ""volatility"": 0.020369327202950774, ""volume_state"": 15.808489675848206}",assumed_next_daily_close,18478.0,10,0000012927,0,0.07048226835770244,0.007464078069142473,0.09886939112000959,307.07219999999995,0.016618259551899554,66.7368,11,11.63,-63.00000000000008,fe481c1fe43af21879e11b0a,True,0.008695652173913044,115,1.9079464672959278e-05,5241237.2,True,0.037605888,11.5,21,11.35,50,0.01312910284463898,0.000177664,186.71,200,186.7,5200,5.356042955474855e-05,2,,10.45,0.074391808,10.6,28,10.45,4,0.01425178147268412,184.82,4.8896e-05,184.82,2100,184.81,1300,5.410816221622111e-05,12.05,1.572784128,12.05,2,11.75,8,0.025210084033613505,189.85,0.00055296,189.91,3400,189.85,1200,0.00031598904571309393,bounded_preclose_bid_ask,311.7066,0.016865414998376797,-160.00000000000014,False,completed_bounded_proxy,503.0000000000001,31.2934,,event,covered_call,100,completed,184.78,189.85,False,507.0,H24,1,BA,136.9278,primary,0.020369327202950774,15.808489675848206,2024
0.044960077166282586,2024-06-05,608,5f65f8c03f6ebbc3a7b42666,time_value,11.390999999999998,O:BA240920C00195000,1,1,2024-05-20,2024-05-20,123,0.06543057713948877,597,0.0,0.07221483926831913,2024-05-21,598,True,2024-06-05,608,2024-05-20,5,4349117.0,2024-06-05,scheduled_exit,608,2024-09-20,"{""market_momentum"": 0.07048226835770244, ""market_volatility"": 0.007464078069142473, ""momentum"": 0.09886939112000959, ""volatility"": 0.020369327202950774, ""volume_state"": 15.808489675848206}",assumed_next_daily_close,18478.0,10,0000012927,0,0.07048226835770244,0.007464078069142473,0.09886939112000959,484.5222,0.026221571598657862,11.086799999999998,11,0.0,-0.0,fe481c1fe43af21879e11b0a,True,0.008695652173913044,115,1.9079464672959278e-05,5241237.2,True,0.037605888,11.5,21,11.35,50,0.01312910284463898,0.000177664,186.71,200,186.7,5200,5.356042955474855e-05,8,,0.0,0.074391808,10.6,28,10.45,4,0.01425178147268412,184.82,4.8896e-05,184.82,2100,184.81,1300,5.410816221622111e-05,0.0,1.572784128,12.05,2,11.75,8,0.025210084033613505,189.85,0.00055296,189.91,3400,189.85,1200,0.00031598904571309393,bounded_preclose_bid_ask,495.5066000000001,0.026810226165999356,0.0,False,completed_bounded_proxy,503.0000000000001,7.4933999999999985,,event,covered_call,100,completed,184.78,189.85,True,507.0,H24,1,BA,22.477799999999995,primary,0.020369327202950774,15.808489675848206,2024
0.044960077166282586,2024-06-21,619,5f65f8c03f6ebbc3a7b42666,time_value,38.2436,O:BA240920C00195000,1,1,2024-05-20,2024-05-20,123,0.06543057713948877,597,0.0,0.04755307933759058,2024-05-21,598,True,2024-06-21,619,2024-05-20,5,4349117.0,2024-06-21,scheduled_exit,619,2024-09-20,"{""market_momentum"": 0.07048226835770244, ""market_volatility"": 0.007464078069142473, ""momentum"": 0.09886939112000959, ""volatility"": 0.020369327202950774, ""volume_state"": 15.808489675848206}",assumed_next_daily_close,18478.0,21,0000012927,0,0.07048226835770244,0.007464078069142473,0.09886939112000959,-366.98040000000003,-0.019860396146769134,66.7368,11,5.4,560.0,fe481c1fe43af21879e11b0a,True,0.008695652173913044,115,1.9079464672959278e-05,5241237.2,,,,,,,,,,,,,,,,,,,,,,,,,,,,,,,,,,,,,,,,,,,,bounded_preclose_bid_ask,,,,False,not_requested_for_horizon_or_variant,,,,event,covered_call,100,completed,184.78,176.56,False,-822.0,H24,1,BA,104.9804,primary,0.020369327202950774,15.808489675848206,2024
0.044960077166282586,2024-06-21,619,5f65f8c03f6ebbc3a7b42666,time_value,10.593599999999999,O:BA240920C00195000,1,1,2024-05-20,2024-05-20,123,0.06543057713948877,597,0.0,0.07221483926831913,2024-05-21,598,True,2024-06-21,619,2024-05-20,5,4349117.0,2024-06-21,scheduled_exit,619,2024-09-20,"{""market_momentum"": 0.07048226835770244, ""market_volatility"": 0.007464078069142473, ""momentum"": 0.09886939112000959, ""volatility"": 0.020369327202950774, ""volume_state"": 15.808489675848206}",assumed_next_daily_close,18478.0,21,0000012927,0,0.07048226835770244,0.007464078069142473,0.09886939112000959,-843.6804000000001,-0.04565864271025003,11.086799999999998,11,0.0,-0.0,fe481c1fe43af21879e11b0a,True,0.008695652173913044,115,1.9079464672959278e-05,5241237.2,,,,,,,,,,,,,,,,,,,,,,,,,,,,,,,,,,,,,,,,,,,,bounded_preclose_bid_ask,,,,False,not_requested_for_horizon_or_variant,,,,event,covered_call,100,completed,184.78,176.56,True,-822.0,H24,1,BA,21.6804,primary,0.020369327202950774,15.808489675848206,2024
0.044960077166282586,2024-07-23,640,5f65f8c03f6ebbc3a7b42666,time_value,46.7888,O:BA240920C00195000,1,1,2024-05-20,2024-05-20,123,0.06543057713948877,597,0.0,0.04755307933759058,2024-05-21,598,True,2024-07-23,640,2024-05-20,5,4349117.0,2024-07-23,scheduled_exit,640,2024-09-20,"{""market_momentum"": 0.07048226835770244, ""market_volatility"": 0.007464078069142473, ""momentum"": 0.09886939112000959, ""volatility"": 0.020369327202950774, ""volume_state"": 15.808489675848206}",assumed_next_daily_close,18478.0,42,0000012927,0,0.07048226835770244,0.007464078069142473,0.09886939112000959,457.4744,0.02475778763935491,66.7368,11,6.99,401.0,fe481c1fe43af21879e11b0a,True,0.008695652173913044,115,1.9079464672959278e-05,5241237.2,,,,,,,,,,,,,,,,,,,,,,,,,,,,,,,,,,,,,,,,,,,,bounded_preclose_bid_ask,,,,False,not_requested_for_horizon_or_variant,,,,event,covered_call,100,completed,184.78,186.48,False,170.0,H24,1,BA,113.5256,primary,0.020369327202950774,15.808489675848206,2024
0.044960077166282586,2024-07-23,640,5f65f8c03f6ebbc3a7b42666,time_value,11.188799999999999,O:BA240920C00195000,1,1,2024-05-20,2024-05-20,123,0.06543057713948877,597,0.0,0.07221483926831913,2024-05-21,598,True,2024-07-23,640,2024-05-20,5,4349117.0,2024-07-23,scheduled_exit,640,2024-09-20,"{""market_momentum"": 0.07048226835770244, ""market_volatility"": 0.007464078069142473, ""momentum"": 0.09886939112000959, ""volatility"": 0.020369327202950774, ""volume_state"": 15.808489675848206}",assumed_next_daily_close,18478.0,42,0000012927,0,0.07048226835770244,0.007464078069142473,0.09886939112000959,147.7244,0.007994609806256088,11.086799999999998,11,0.0,-0.0,fe481c1fe43af21879e11b0a,True,0.008695652173913044,115,1.9079464672959278e-05,5241237.2,,,,,,,,,,,,,,,,,,,,,,,,,,,,,,,,,,,,,,,,,,,,bounded_preclose_bid_ask,,,,False,not_requested_for_horizon_or_variant,,,,event,covered_call,100,completed,184.78,186.48,True,170.0,H24,1,BA,22.275599999999997,primary,0.020369327202950774,15.808489675848206,2024
0.044960077166282586,2024-08-21,661,5f65f8c03f6ebbc3a7b42666,time_value,15.8558,O:BA240920C00195000,1,1,2024-05-20,2024-05-20,123,0.06543057713948877,597,0.0,0.0679230003247104,2024-05-21,598,True,2024-08-21,661,2024-05-20,5,4349117.0,2024-08-21,scheduled_exit,661,2024-09-20,"{""market_momentum"": 0.07048226835770244, ""market_volatility"": 0.007464078069142473, ""momentum"": 0.09886939112000959, ""volatility"": 0.020369327202950774, ""volume_state"": 15.808489675848206}",assumed_next_daily_close,18478.0,63,0000012927,0,0.07048226835770244,0.007464078069142473,0.09886939112000959,-213.59260000000012,-0.011559292131183035,66.7368,11,0.96,1003.9999999999999,fe481c1fe43af21879e11b0a,True,0.008695652173913044,115,1.9079464672959278e-05,5241237.2,,,,,,,,,,,,,,,,,,,,,,,,,,,,,,,,,,,,,,,,,,,,bounded_preclose_bid_ask,,,,False,not_requested_for_horizon_or_variant,,,,event,covered_call,100,completed,184.78,173.43,False,-1135.0,H24,1,BA,82.5926,primary,0.020369327202950774,15.808489675848206,2024
0.044960077166282586,2024-08-21,661,5f65f8c03f6ebbc3a7b42666,time_value,10.4058,O:BA240920C00195000,1,1,2024-05-20,2024-05-20,123,0.06543057713948877,597,0.0,0.11770111483926839,2024-05-21,598,True,2024-08-21,661,2024-05-20,5,4349117.0,2024-08-21,scheduled_exit,661,2024-09-20,"{""market_momentum"": 0.07048226835770244, ""market_volatility"": 0.007464078069142473, ""momentum"": 0.09886939112000959, ""volatility"": 0.020369327202950774, ""volume_state"": 15.808489675848206}",assumed_next_daily_close,18478.0,63,0000012927,0,0.07048226835770244,0.007464078069142473,0.09886939112000959,-1156.4926,-0.06258754194176859,11.086799999999998,11,0.0,-0.0,fe481c1fe43af21879e11b0a,True,0.008695652173913044,115,1.9079464672959278e-05,5241237.2,,,,,,,,,,,,,,,,,,,,,,,,,,,,,,,,,,,,,,,,,,,,bounded_preclose_bid_ask,,,,False,not_requested_for_horizon_or_variant,,,,event,covered_call,100,completed,184.78,173.43,True,-1135.0,H24,1,BA,21.492599999999996,primary,0.020369327202950774,15.808489675848206,2024
0.044960077166282586,2024-09-20,682,5f65f8c03f6ebbc3a7b42666,time_value,9.8474,O:BA240920C00195000,1,1,2024-05-20,2024-05-20,123,0.06543057713948877,597,0.0,0.11503323952808747,2024-05-21,598,True,2024-09-20,682,2024-05-20,5,4349117.0,2024-09-20,expiry_worthless,682,2024-09-20,"{""market_momentum"": 0.07048226835770244, ""market_volatility"": 0.007464078069142473, ""momentum"": 0.09886939112000959, ""volatility"": 0.020369327202950774, ""volume_state"": 15.808489675848206}",assumed_next_daily_close,18478.0,expiry,0000012927,0,0.07048226835770244,0.007464078069142473,0.09886939112000959,-2125.5842000000002,-0.11503323952808747,66.7368,11,0.0,1100.0,fe481c1fe43af21879e11b0a,True,0.008695652173913044,115,1.9079464672959278e-05,5241237.2,,,,,,,,,,,,,,,,,,,,,,,,,,,,,,,,,,,,,,,,,,,,bounded_preclose_bid_ask,,,,False,not_requested_for_horizon_or_variant,,,,event,covered_call,100,completed,184.78,153.29,False,-3149.0,H24,1,BA,76.58420000000001,primary,0.020369327202950774,15.808489675848206,2024
0.044960077166282586,2024-09-20,682,5f65f8c03f6ebbc3a7b42666,time_value,9.1974,O:BA240920C00195000,1,1,2024-05-20,2024-05-20,123,0.06543057713948877,597,0.0,0.17151662517588484,2024-05-21,598,True,2024-09-20,682,2024-05-20,5,4349117.0,2024-09-20,scheduled_exit,682,2024-09-20,"{""market_momentum"": 0.07048226835770244, ""market_volatility"": 0.007464078069142473, ""momentum"": 0.09886939112000959, ""volatility"": 0.020369327202950774, ""volume_state"": 15.808489675848206}",assumed_next_daily_close,18478.0,expiry,0000012927,0,0.07048226835770244,0.007464078069142473,0.09886939112000959,-3169.2842,-0.17151662517588484,11.086799999999998,11,0.0,-0.0,fe481c1fe43af21879e11b0a,True,0.008695652173913044,115,1.9079464672959278e-05,5241237.2,,,,,,,,,,,,,,,,,,,,,,,,,,,,,,,,,,,,,,,,,,,,bounded_preclose_bid_ask,,,,False,not_requested_for_horizon_or_variant,,,,event,covered_call,100,completed,184.78,153.29,True,-3149.0,H24,1,BA,20.2842,primary,0.020369327202950774,15.808489675848206,2024
,,,63f7d79c7ab6f450586d4865,time_value,,,1,1,2024-09-30,2024-09-30,,,688,,,2024-10-01,689,False,,,2024-09-30,,,,,,,"{""market_momentum"": 0.02759917614399554, ""market_volatility"": 0.008547232917918408, ""momentum"": -0.0379663688912244, ""volatility"": 0.012477356234986628, ""volume_state"": 15.324212188272131}",assumed_next_daily_close,,1,0000005272,,0.02759917614399554,0.008547232917918408,-0.0379663688912244,,,,,,,eeb423168686504948212846,False,,,,,,,,,,,,,,,,,,,,,,,,,,,,,,,,,,,,,,,,,,,,,,,,bounded_preclose_bid_ask,,,,False,not_requested_for_horizon_or_variant,,,missing_decision_or_entry_bar,event,covered_call,,missing_decision_or_entry_bar,,,False,,H24,1,AIG,,primary,0.012477356234986628,15.324212188272131,2024
,,,63f7d79c7ab6f450586d4865,time_value,,,1,1,2024-09-30,2024-09-30,,,688,,,2024-10-01,689,False,,,2024-09-30,,,,,,,"{""market_momentum"": 0.02759917614399554, ""market_volatility"": 0.008547232917918408, ""momentum"": -0.0379663688912244, ""volatility"": 0.012477356234986628, ""volume_state"": 15.324212188272131}",assumed_next_daily_close,,1,0000005272,,0.02759917614399554,0.008547232917918408,-0.0379663688912244,,,,,,,eeb423168686504948212846,False,,,,,,,,,,,,,,,,,,,,,,,,,,,,,,,,,,,,,,,,,,,,,,,,bounded_preclose_bid_ask,,,,False,not_requested_for_horizon_or_variant,,,missing_decision_or_entry_bar,event,covered_call,,missing_decision_or_entry_bar,,,True,,H24,1,AIG,,primary,0.012477356234986628,15.324212188272131,2024
,,,63f7d79c7ab6f450586d4865,time_value,,,1,1,2024-09-30,2024-09-30,,,688,,,2024-10-01,689,False,,,2024-09-30,,,,,,,"{""market_momentum"": 0.02759917614399554, ""market_volatility"": 0.008547232917918408, ""momentum"": -0.0379663688912244, ""volatility"": 0.012477356234986628, ""volume_state"": 15.324212188272131}",assumed_next_daily_close,,2,0000005272,,0.02759917614399554,0.008547232917918408,-0.0379663688912244,,,,,,,eeb423168686504948212846,False,,,,,,,,,,,,,,,,,,,,,,,,,,,,,,,,,,,,,,,,,,,,,,,,bounded_preclose_bid_ask,,,,False,not_requested_for_horizon_or_variant,,,missing_decision_or_entry_bar,event,covered_call,,missing_decision_or_entry_bar,,,False,,H24,1,AIG,,primary,0.012477356234986628,15.324212188272131,2024
,,,63f7d79c7ab6f450586d4865,time_value,,,1,1,2024-09-30,2024-09-30,,,688,,,2024-10-01,689,False,,,2024-09-30,,,,,,,"{""market_momentum"": 0.02759917614399554, ""market_volatility"": 0.008547232917918408, ""momentum"": -0.0379663688912244, ""volatility"": 0.012477356234986628, ""volume_state"": 15.324212188272131}",assumed_next_daily_close,,2,0000005272,,0.02759917614399554,0.008547232917918408,-0.0379663688912244,,,,,,,eeb423168686504948212846,False,,,,,,,,,,,,,,,,,,,,,,,,,,,,,,,,,,,,,,,,,,,,,,,,bounded_preclose_bid_ask,,,,False,not_requested_for_horizon_or_variant,,,missing_decision_or_entry_bar,event,covered_call,,missing_decision_or_entry_bar,,,True,,H24,1,AIG,,primary,0.012477356234986628,15.324212188272131,2024
,,,63f7d79c7ab6f450586d4865,time_value,,,1,1,2024-09-30,2024-09-30,,,688,,,2024-10-01,689,False,,,2024-09-30,,,,,,,"{""market_momentum"": 0.02759917614399554, ""market_volatility"": 0.008547232917918408, ""momentum"": -0.0379663688912244, ""volatility"": 0.012477356234986628, ""volume_state"": 15.324212188272131}",assumed_next_daily_close,,3,0000005272,,0.02759917614399554,0.008547232917918408,-0.0379663688912244,,,,,,,eeb423168686504948212846,False,,,,,,,,,,,,,,,,,,,,,,,,,,,,,,,,,,,,,,,,,,,,,,,,bounded_preclose_bid_ask,,,,False,not_requested_for_horizon_or_variant,,,missing_decision_or_entry_bar,event,covered_call,,missing_decision_or_entry_bar,,,False,,H24,1,AIG,,primary,0.012477356234986628,15.324212188272131,2024
,,,63f7d79c7ab6f450586d4865,time_value,,,1,1,2024-09-30,2024-09-30,,,688,,,2024-10-01,689,False,,,2024-09-30,,,,,,,"{""market_momentum"": 0.02759917614399554, ""market_volatility"": 0.008547232917918408, ""momentum"": -0.0379663688912244, ""volatility"": 0.012477356234986628, ""volume_state"": 15.324212188272131}",assumed_next_daily_close,,3,0000005272,,0.02759917614399554,0.008547232917918408,-0.0379663688912244,,,,,,,eeb423168686504948212846,False,,,,,,,,,,,,,,,,,,,,,,,,,,,,,,,,,,,,,,,,,,,,,,,,bounded_preclose_bid_ask,,,,False,not_requested_for_horizon_or_variant,,,missing_decision_or_entry_bar,event,covered_call,,missing_decision_or_entry_bar,,,True,,H24,1,AIG,,primary,0.012477356234986628,15.324212188272131,2024
,,,63f7d79c7ab6f450586d4865,time_value,,,1,1,2024-09-30,2024-09-30,,,688,,,2024-10-01,689,False,,,2024-09-30,,,,,,,"{""market_momentum"": 0.02759917614399554, ""market_volatility"": 0.008547232917918408, ""momentum"": -0.0379663688912244, ""volatility"": 0.012477356234986628, ""volume_state"": 15.324212188272131}",assumed_next_daily_close,,5,0000005272,,0.02759917614399554,0.008547232917918408,-0.0379663688912244,,,,,,,eeb423168686504948212846,False,,,,,,,,,,,,,,,,,,,,,,,,,,,,,,,,,,,,,,,,,,,,,,,,bounded_preclose_bid_ask,,,,False,not_requested_for_horizon_or_variant,,,missing_decision_or_entry_bar,event,covered_call,,missing_decision_or_entry_bar,,,False,,H24,1,AIG,,primary,0.012477356234986628,15.324212188272131,2024
,,,63f7d79c7ab6f450586d4865,time_value,,,1,1,2024-09-30,2024-09-30,,,688,,,2024-10-01,689,False,,,2024-09-30,,,,,,,"{""market_momentum"": 0.02759917614399554, ""market_volatility"": 0.008547232917918408, ""momentum"": -0.0379663688912244, ""volatility"": 0.012477356234986628, ""volume_state"": 15.324212188272131}",assumed_next_daily_close,,5,0000005272,,0.02759917614399554,0.008547232917918408,-0.0379663688912244,,,,,,,eeb423168686504948212846,False,,,,,,,,,,,,,,,,,,,,,,,,,,,,,,,,,,,,,,,,,,,,,,,,bounded_preclose_bid_ask,,,,False,not_requested_for_horizon_or_variant,,,missing_decision_or_entry_bar,event,covered_call,,missing_decision_or_entry_bar,,,True,,H24,1,AIG,,primary,0.012477356234986628,15.324212188272131,2024
,,,63f7d79c7ab6f450586d4865,time_value,,,1,1,2024-09-30,2024-09-30,,,688,,,2024-10-01,689,False,,,2024-09-30,,,,,,,"{""market_momentum"": 0.02759917614399554, ""market_volatility"": 0.008547232917918408, ""momentum"": -0.0379663688912244, ""volatility"": 0.012477356234986628, ""volume_state"": 15.324212188272131}",assumed_next_daily_close,,10,0000005272,,0.02759917614399554,0.008547232917918408,-0.0379663688912244,,,,,,,eeb423168686504948212846,False,,,,,,,,,,,,,,,,,,,,,,,,,,,,,,,,,,,,,,,,,,,,,,,,bounded_preclose_bid_ask,,,,False,bar_outcome_not_completed,,,missing_decision_or_entry_bar,event,covered_call,,missing_decision_or_entry_bar,,,False,,H24,1,AIG,,primary,0.012477356234986628,15.324212188272131,2024
,,,63f7d79c7ab6f450586d4865,time_value,,,1,1,2024-09-30,2024-09-30,,,688,,,2024-10-01,689,False,,,2024-09-30,,,,,,,"{""market_momentum"": 0.02759917614399554, ""market_volatility"": 0.008547232917918408, ""momentum"": -0.0379663688912244, ""volatility"": 0.012477356234986628, ""volume_state"": 15.324212188272131}",assumed_next_daily_close,,10,0000005272,,0.02759917614399554,0.008547232917918408,-0.0379663688912244,,,,,,,eeb423168686504948212846,False,,,,,,,,,,,,,,,,,,,,,,,,,,,,,,,,,,,,,,,,,,,,,,,,bounded_preclose_bid_ask,,,,False,bar_outcome_not_completed,,,missing_decision_or_entry_bar,event,covered_call,,missing_decision_or_entry_bar,,,True,,H24,1,AIG,,primary,0.012477356234986628,15.324212188272131,2024
,,,63f7d79c7ab6f450586d4865,time_value,,,1,1,2024-09-30,2024-09-30,,,688,,,2024-10-01,689,False,,,2024-09-30,,,,,,,"{""market_momentum"": 0.02759917614399554, ""market_volatility"": 0.008547232917918408, ""momentum"": -0.0379663688912244, ""volatility"": 0.012477356234986628, ""volume_state"": 15.324212188272131}",assumed_next_daily_close,,21,0000005272,,0.02759917614399554,0.008547232917918408,-0.0379663688912244,,,,,,,eeb423168686504948212846,False,,,,,,,,,,,,,,,,,,,,,,,,,,,,,,,,,,,,,,,,,,,,,,,,bounded_preclose_bid_ask,,,,False,not_requested_for_horizon_or_variant,,,missing_decision_or_entry_bar,event,covered_call,,missing_decision_or_entry_bar,,,False,,H24,1,AIG,,primary,0.012477356234986628,15.324212188272131,2024
,,,63f7d79c7ab6f450586d4865,time_value,,,1,1,2024-09-30,2024-09-30,,,688,,,2024-10-01,689,False,,,2024-09-30,,,,,,,"{""market_momentum"": 0.02759917614399554, ""market_volatility"": 0.008547232917918408, ""momentum"": -0.0379663688912244, ""volatility"": 0.012477356234986628, ""volume_state"": 15.324212188272131}",assumed_next_daily_close,,21,0000005272,,0.02759917614399554,0.008547232917918408,-0.0379663688912244,,,,,,,eeb423168686504948212846,False,,,,,,,,,,,,,,,,,,,,,,,,,,,,,,,,,,,,,,,,,,,,,,,,bounded_preclose_bid_ask,,,,False,not_requested_for_horizon_or_variant,,,missing_decision_or_entry_bar,event,covered_call,,missing_decision_or_entry_bar,,,True,,H24,1,AIG,,primary,0.012477356234986628,15.324212188272131,2024
,,,63f7d79c7ab6f450586d4865,time_value,,,1,1,2024-09-30,2024-09-30,,,688,,,2024-10-01,689,False,,,2024-09-30,,,,,,,"{""market_momentum"": 0.02759917614399554, ""market_volatility"": 0.008547232917918408, ""momentum"": -0.0379663688912244, ""volatility"": 0.012477356234986628, ""volume_state"": 15.324212188272131}",assumed_next_daily_close,,42,0000005272,,0.02759917614399554,0.008547232917918408,-0.0379663688912244,,,,,,,eeb423168686504948212846,False,,,,,,,,,,,,,,,,,,,,,,,,,,,,,,,,,,,,,,,,,,,,,,,,bounded_preclose_bid_ask,,,,False,not_requested_for_horizon_or_variant,,,missing_decision_or_entry_bar,event,covered_call,,missing_decision_or_entry_bar,,,False,,H24,1,AIG,,primary,0.012477356234986628,15.324212188272131,2024
,,,63f7d79c7ab6f450586d4865,time_value,,,1,1,2024-09-30,2024-09-30,,,688,,,2024-10-01,689,False,,,2024-09-30,,,,,,,"{""market_momentum"": 0.02759917614399554, ""market_volatility"": 0.008547232917918408, ""momentum"": -0.0379663688912244, ""volatility"": 0.012477356234986628, ""volume_state"": 15.324212188272131}",assumed_next_daily_close,,42,0000005272,,0.02759917614399554,0.008547232917918408,-0.0379663688912244,,,,,,,eeb423168686504948212846,False,,,,,,,,,,,,,,,,,,,,,,,,,,,,,,,,,,,,,,,,,,,,,,,,bounded_preclose_bid_ask,,,,False,not_requested_for_horizon_or_variant,,,missing_decision_or_entry_bar,event,covered_call,,missing_decision_or_entry_bar,,,True,,H24,1,AIG,,primary,0.012477356234986628,15.324212188272131,2024
,,,63f7d79c7ab6f450586d4865,time_value,,,1,1,2024-09-30,2024-09-30,,,688,,,2024-10-01,689,False,,,2024-09-30,,,,,,,"{""market_momentum"": 0.02759917614399554, ""market_volatility"": 0.008547232917918408, ""momentum"": -0.0379663688912244, ""volatility"": 0.012477356234986628, ""volume_state"": 15.324212188272131}",assumed_next_daily_close,,63,0000005272,,0.02759917614399554,0.008547232917918408,-0.0379663688912244,,,,,,,eeb423168686504948212846,False,,,,,,,,,,,,,,,,,,,,,,,,,,,,,,,,,,,,,,,,,,,,,,,,bounded_preclose_bid_ask,,,,False,not_requested_for_horizon_or_variant,,,missing_decision_or_entry_bar,event,covered_call,,missing_decision_or_entry_bar,,,False,,H24,1,AIG,,primary,0.012477356234986628,15.324212188272131,2024
,,,63f7d79c7ab6f450586d4865,time_value,,,1,1,2024-09-30,2024-09-30,,,688,,,2024-10-01,689,False,,,2024-09-30,,,,,,,"{""market_momentum"": 0.02759917614399554, ""market_volatility"": 0.008547232917918408, ""momentum"": -0.0379663688912244, ""volatility"": 0.012477356234986628, ""volume_state"": 15.324212188272131}",assumed_next_daily_close,,63,0000005272,,0.02759917614399554,0.008547232917918408,-0.0379663688912244,,,,,,,eeb423168686504948212846,False,,,,,,,,,,,,,,,,,,,,,,,,,,,,,,,,,,,,,,,,,,,,,,,,bounded_preclose_bid_ask,,,,False,not_requested_for_horizon_or_variant,,,missing_decision_or_entry_bar,event,covered_call,,missing_decision_or_entry_bar,,,True,,H24,1,AIG,,primary,0.012477356234986628,15.324212188272131,2024
,,,63f7d79c7ab6f450586d4865,time_value,,,1,1,2024-09-30,2024-09-30,,,688,,,2024-10-01,689,False,,,2024-09-30,,,,,,,"{""market_momentum"": 0.02759917614399554, ""market_volatility"": 0.008547232917918408, ""momentum"": -0.0379663688912244, ""volatility"": 0.012477356234986628, ""volume_state"": 15.324212188272131}",assumed_next_daily_close,,expiry,0000005272,,0.02759917614399554,0.008547232917918408,-0.0379663688912244,,,,,,,eeb423168686504948212846,False,,,,,,,,,,,,,,,,,,,,,,,,,,,,,,,,,,,,,,,,,,,,,,,,bounded_preclose_bid_ask,,,,False,not_requested_for_horizon_or_variant,,,missing_decision_or_entry_bar,event,covered_call,,missing_decision_or_entry_bar,,,False,,H24,1,AIG,,primary,0.012477356234986628,15.324212188272131,2024
,,,63f7d79c7ab6f450586d4865,time_value,,,1,1,2024-09-30,2024-09-30,,,688,,,2024-10-01,689,False,,,2024-09-30,,,,,,,"{""market_momentum"": 0.02759917614399554, ""market_volatility"": 0.008547232917918408, ""momentum"": -0.0379663688912244, ""volatility"": 0.012477356234986628, ""volume_state"": 15.324212188272131}",assumed_next_daily_close,,expiry,0000005272,,0.02759917614399554,0.008547232917918408,-0.0379663688912244,,,,,,,eeb423168686504948212846,False,,,,,,,,,,,,,,,,,,,,,,,,,,,,,,,,,,,,,,,,,,,,,,,,bounded_preclose_bid_ask,,,,False,not_requested_for_horizon_or_variant,,,missing_decision_or_entry_bar,event,covered_call,,missing_decision_or_entry_bar,,,True,,H24,1,AIG,,primary,0.012477356234986628,15.324212188272131,2024
,,,64d1c71cecac3b99bcab3c3b,time_value,,,1,1,2023-08-25,2023-08-25,,,413,,,2023-08-28,414,False,,,2023-08-25,,,,,,,"{""market_momentum"": -0.027669119759552663, ""market_volatility"": 0.007444734633434364, ""momentum"": -0.04423529411764704, ""volatility"": 0.0179634163935864, ""volume_state"": 15.343903146781345}",assumed_next_daily_close,,1,0000012927,,-0.027669119759552663,0.007444734633434364,-0.04423529411764704,,,,,,,defd6bc1216c6aac5c6b4ac8,False,,,,,,,,,,,,,,,,,,,,,,,,,,,,,,,,,,,,,,,,,,,,,,,,bounded_preclose_bid_ask,,,,False,not_requested_for_horizon_or_variant,,,incomplete_prior_liquidity,event,covered_call,,incomplete_prior_liquidity,,,False,,H24,1,BA,,primary,0.0179634163935864,15.343903146781345,2023
,,,64d1c71cecac3b99bcab3c3b,time_value,,,1,1,2023-08-25,2023-08-25,,,413,,,2023-08-28,414,False,,,2023-08-25,,,,,,,"{""market_momentum"": -0.027669119759552663, ""market_volatility"": 0.007444734633434364, ""momentum"": -0.04423529411764704, ""volatility"": 0.0179634163935864, ""volume_state"": 15.343903146781345}",assumed_next_daily_close,,1,0000012927,,-0.027669119759552663,0.007444734633434364,-0.04423529411764704,,,,,,,defd6bc1216c6aac5c6b4ac8,False,,,,,,,,,,,,,,,,,,,,,,,,,,,,,,,,,,,,,,,,,,,,,,,,bounded_preclose_bid_ask,,,,False,not_requested_for_horizon_or_variant,,,incomplete_prior_liquidity,event,covered_call,,incomplete_prior_liquidity,,,True,,H24,1,BA,,primary,0.0179634163935864,15.343903146781345,2023
,,,64d1c71cecac3b99bcab3c3b,time_value,,,1,1,2023-08-25,2023-08-25,,,413,,,2023-08-28,414,False,,,2023-08-25,,,,,,,"{""market_momentum"": -0.027669119759552663, ""market_volatility"": 0.007444734633434364, ""momentum"": -0.04423529411764704, ""volatility"": 0.0179634163935864, ""volume_state"": 15.343903146781345}",assumed_next_daily_close,,2,0000012927,,-0.027669119759552663,0.007444734633434364,-0.04423529411764704,,,,,,,defd6bc1216c6aac5c6b4ac8,False,,,,,,,,,,,,,,,,,,,,,,,,,,,,,,,,,,,,,,,,,,,,,,,,bounded_preclose_bid_ask,,,,False,not_requested_for_horizon_or_variant,,,incomplete_prior_liquidity,event,covered_call,,incomplete_prior_liquidity,,,False,,H24,1,BA,,primary,0.0179634163935864,15.343903146781345,2023
,,,64d1c71cecac3b99bcab3c3b,time_value,,,1,1,2023-08-25,2023-08-25,,,413,,,2023-08-28,414,False,,,2023-08-25,,,,,,,"{""market_momentum"": -0.027669119759552663, ""market_volatility"": 0.007444734633434364, ""momentum"": -0.04423529411764704, ""volatility"": 0.0179634163935864, ""volume_state"": 15.343903146781345}",assumed_next_daily_close,,2,0000012927,,-0.027669119759552663,0.007444734633434364,-0.04423529411764704,,,,,,,defd6bc1216c6aac5c6b4ac8,False,,,,,,,,,,,,,,,,,,,,,,,,,,,,,,,,,,,,,,,,,,,,,,,,bounded_preclose_bid_ask,,,,False,not_requested_for_horizon_or_variant,,,incomplete_prior_liquidity,event,covered_call,,incomplete_prior_liquidity,,,True,,H24,1,BA,,primary,0.0179634163935864,15.343903146781345,2023
,,,64d1c71cecac3b99bcab3c3b,time_value,,,1,1,2023-08-25,2023-08-25,,,413,,,2023-08-28,414,False,,,2023-08-25,,,,,,,"{""market_momentum"": -0.027669119759552663, ""market_volatility"": 0.007444734633434364, ""momentum"": -0.04423529411764704, ""volatility"": 0.0179634163935864, ""volume_state"": 15.343903146781345}",assumed_next_daily_close,,3,0000012927,,-0.027669119759552663,0.007444734633434364,-0.04423529411764704,,,,,,,defd6bc1216c6aac5c6b4ac8,False,,,,,,,,,,,,,,,,,,,,,,,,,,,,,,,,,,,,,,,,,,,,,,,,bounded_preclose_bid_ask,,,,False,not_requested_for_horizon_or_variant,,,incomplete_prior_liquidity,event,covered_call,,incomplete_prior_liquidity,,,False,,H24,1,BA,,primary,0.0179634163935864,15.343903146781345,2023
,,,64d1c71cecac3b99bcab3c3b,time_value,,,1,1,2023-08-25,2023-08-25,,,413,,,2023-08-28,414,False,,,2023-08-25,,,,,,,"{""market_momentum"": -0.027669119759552663, ""market_volatility"": 0.007444734633434364, ""momentum"": -0.04423529411764704, ""volatility"": 0.0179634163935864, ""volume_state"": 15.343903146781345}",assumed_next_daily_close,,3,0000012927,,-0.027669119759552663,0.007444734633434364,-0.04423529411764704,,,,,,,defd6bc1216c6aac5c6b4ac8,False,,,,,,,,,,,,,,,,,,,,,,,,,,,,,,,,,,,,,,,,,,,,,,,,bounded_preclose_bid_ask,,,,False,not_requested_for_horizon_or_variant,,,incomplete_prior_liquidity,event,covered_call,,incomplete_prior_liquidity,,,True,,H24,1,BA,,primary,0.0179634163935864,15.343903146781345,2023
,,,64d1c71cecac3b99bcab3c3b,time_value,,,1,1,2023-08-25,2023-08-25,,,413,,,2023-08-28,414,False,,,2023-08-25,,,,,,,"{""market_momentum"": -0.027669119759552663, ""market_volatility"": 0.007444734633434364, ""momentum"": -0.04423529411764704, ""volatility"": 0.0179634163935864, ""volume_state"": 15.343903146781345}",assumed_next_daily_close,,5,0000012927,,-0.027669119759552663,0.007444734633434364,-0.04423529411764704,,,,,,,defd6bc1216c6aac5c6b4ac8,False,,,,,,,,,,,,,,,,,,,,,,,,,,,,,,,,,,,,,,,,,,,,,,,,bounded_preclose_bid_ask,,,,False,not_requested_for_horizon_or_variant,,,incomplete_prior_liquidity,event,covered_call,,incomplete_prior_liquidity,,,False,,H24,1,BA,,primary,0.0179634163935864,15.343903146781345,2023
,,,64d1c71cecac3b99bcab3c3b,time_value,,,1,1,2023-08-25,2023-08-25,,,413,,,2023-08-28,414,False,,,2023-08-25,,,,,,,"{""market_momentum"": -0.027669119759552663, ""market_volatility"": 0.007444734633434364, ""momentum"": -0.04423529411764704, ""volatility"": 0.0179634163935864, ""volume_state"": 15.343903146781345}",assumed_next_daily_close,,5,0000012927,,-0.027669119759552663,0.007444734633434364,-0.04423529411764704,,,,,,,defd6bc1216c6aac5c6b4ac8,False,,,,,,,,,,,,,,,,,,,,,,,,,,,,,,,,,,,,,,,,,,,,,,,,bounded_preclose_bid_ask,,,,False,not_requested_for_horizon_or_variant,,,incomplete_prior_liquidity,event,covered_call,,incomplete_prior_liquidity,,,True,,H24,1,BA,,primary,0.0179634163935864,15.343903146781345,2023
,,,64d1c71cecac3b99bcab3c3b,time_value,,,1,1,2023-08-25,2023-08-25,,,413,,,2023-08-28,414,False,,,2023-08-25,,,,,,,"{""market_momentum"": -0.027669119759552663, ""market_volatility"": 0.007444734633434364, ""momentum"": -0.04423529411764704, ""volatility"": 0.0179634163935864, ""volume_state"": 15.343903146781345}",assumed_next_daily_close,,10,0000012927,,-0.027669119759552663,0.007444734633434364,-0.04423529411764704,,,,,,,defd6bc1216c6aac5c6b4ac8,False,,,,,,,,,,,,,,,,,,,,,,,,,,,,,,,,,,,,,,,,,,,,,,,,bounded_preclose_bid_ask,,,,False,bar_outcome_not_completed,,,incomplete_prior_liquidity,event,covered_call,,incomplete_prior_liquidity,,,False,,H24,1,BA,,primary,0.0179634163935864,15.343903146781345,2023
,,,64d1c71cecac3b99bcab3c3b,time_value,,,1,1,2023-08-25,2023-08-25,,,413,,,2023-08-28,414,False,,,2023-08-25,,,,,,,"{""market_momentum"": -0.027669119759552663, ""market_volatility"": 0.007444734633434364, ""momentum"": -0.04423529411764704, ""volatility"": 0.0179634163935864, ""volume_state"": 15.343903146781345}",assumed_next_daily_close,,10,0000012927,,-0.027669119759552663,0.007444734633434364,-0.04423529411764704,,,,,,,defd6bc1216c6aac5c6b4ac8,False,,,,,,,,,,,,,,,,,,,,,,,,,,,,,,,,,,,,,,,,,,,,,,,,bounded_preclose_bid_ask,,,,False,bar_outcome_not_completed,,,incomplete_prior_liquidity,event,covered_call,,incomplete_prior_liquidity,,,True,,H24,1,BA,,primary,0.0179634163935864,15.343903146781345,2023
,,,64d1c71cecac3b99bcab3c3b,time_value,,,1,1,2023-08-25,2023-08-25,,,413,,,2023-08-28,414,False,,,2023-08-25,,,,,,,"{""market_momentum"": -0.027669119759552663, ""market_volatility"": 0.007444734633434364, ""momentum"": -0.04423529411764704, ""volatility"": 0.0179634163935864, ""volume_state"": 15.343903146781345}",assumed_next_daily_close,,21,0000012927,,-0.027669119759552663,0.007444734633434364,-0.04423529411764704,,,,,,,defd6bc1216c6aac5c6b4ac8,False,,,,,,,,,,,,,,,,,,,,,,,,,,,,,,,,,,,,,,,,,,,,,,,,bounded_preclose_bid_ask,,,,False,not_requested_for_horizon_or_variant,,,incomplete_prior_liquidity,event,covered_call,,incomplete_prior_liquidity,,,False,,H24,1,BA,,primary,0.0179634163935864,15.343903146781345,2023
,,,64d1c71cecac3b99bcab3c3b,time_value,,,1,1,2023-08-25,2023-08-25,,,413,,,2023-08-28,414,False,,,2023-08-25,,,,,,,"{""market_momentum"": -0.027669119759552663, ""market_volatility"": 0.007444734633434364, ""momentum"": -0.04423529411764704, ""volatility"": 0.0179634163935864, ""volume_state"": 15.343903146781345}",assumed_next_daily_close,,21,0000012927,,-0.027669119759552663,0.007444734633434364,-0.04423529411764704,,,,,,,defd6bc1216c6aac5c6b4ac8,False,,,,,,,,,,,,,,,,,,,,,,,,,,,,,,,,,,,,,,,,,,,,,,,,bounded_preclose_bid_ask,,,,False,not_requested_for_horizon_or_variant,,,incomplete_prior_liquidity,event,covered_call,,incomplete_prior_liquidity,,,True,,H24,1,BA,,primary,0.0179634163935864,15.343903146781345,2023
,,,64d1c71cecac3b99bcab3c3b,time_value,,,1,1,2023-08-25,2023-08-25,,,413,,,2023-08-28,414,False,,,2023-08-25,,,,,,,"{""market_momentum"": -0.027669119759552663, ""market_volatility"": 0.007444734633434364, ""momentum"": -0.04423529411764704, ""volatility"": 0.0179634163935864, ""volume_state"": 15.343903146781345}",assumed_next_daily_close,,42,0000012927,,-0.027669119759552663,0.007444734633434364,-0.04423529411764704,,,,,,,defd6bc1216c6aac5c6b4ac8,False,,,,,,,,,,,,,,,,,,,,,,,,,,,,,,,,,,,,,,,,,,,,,,,,bounded_preclose_bid_ask,,,,False,not_requested_for_horizon_or_variant,,,incomplete_prior_liquidity,event,covered_call,,incomplete_prior_liquidity,,,False,,H24,1,BA,,primary,0.0179634163935864,15.343903146781345,2023
,,,64d1c71cecac3b99bcab3c3b,time_value,,,1,1,2023-08-25,2023-08-25,,,413,,,2023-08-28,414,False,,,2023-08-25,,,,,,,"{""market_momentum"": -0.027669119759552663, ""market_volatility"": 0.007444734633434364, ""momentum"": -0.04423529411764704, ""volatility"": 0.0179634163935864, ""volume_state"": 15.343903146781345}",assumed_next_daily_close,,42,0000012927,,-0.027669119759552663,0.007444734633434364,-0.04423529411764704,,,,,,,defd6bc1216c6aac5c6b4ac8,False,,,,,,,,,,,,,,,,,,,,,,,,,,,,,,,,,,,,,,,,,,,,,,,,bounded_preclose_bid_ask,,,,False,not_requested_for_horizon_or_variant,,,incomplete_prior_liquidity,event,covered_call,,incomplete_prior_liquidity,,,True,,H24,1,BA,,primary,0.0179634163935864,15.343903146781345,2023
,,,64d1c71cecac3b99bcab3c3b,time_value,,,1,1,2023-08-25,2023-08-25,,,413,,,2023-08-28,414,False,,,2023-08-25,,,,,,,"{""market_momentum"": -0.027669119759552663, ""market_volatility"": 0.007444734633434364, ""momentum"": -0.04423529411764704, ""volatility"": 0.0179634163935864, ""volume_state"": 15.343903146781345}",assumed_next_daily_close,,63,0000012927,,-0.027669119759552663,0.007444734633434364,-0.04423529411764704,,,,,,,defd6bc1216c6aac5c6b4ac8,False,,,,,,,,,,,,,,,,,,,,,,,,,,,,,,,,,,,,,,,,,,,,,,,,bounded_preclose_bid_ask,,,,False,not_requested_for_horizon_or_variant,,,incomplete_prior_liquidity,event,covered_call,,incomplete_prior_liquidity,,,False,,H24,1,BA,,primary,0.0179634163935864,15.343903146781345,2023
,,,64d1c71cecac3b99bcab3c3b,time_value,,,1,1,2023-08-25,2023-08-25,,,413,,,2023-08-28,414,False,,,2023-08-25,,,,,,,"{""market_momentum"": -0.027669119759552663, ""market_volatility"": 0.007444734633434364, ""momentum"": -0.04423529411764704, ""volatility"": 0.0179634163935864, ""volume_state"": 15.343903146781345}",assumed_next_daily_close,,63,0000012927,,-0.027669119759552663,0.007444734633434364,-0.04423529411764704,,,,,,,defd6bc1216c6aac5c6b4ac8,False,,,,,,,,,,,,,,,,,,,,,,,,,,,,,,,,,,,,,,,,,,,,,,,,bounded_preclose_bid_ask,,,,False,not_requested_for_horizon_or_variant,,,incomplete_prior_liquidity,event,covered_call,,incomplete_prior_liquidity,,,True,,H24,1,BA,,primary,0.0179634163935864,15.343903146781345,2023
,,,64d1c71cecac3b99bcab3c3b,time_value,,,1,1,2023-08-25,2023-08-25,,,413,,,2023-08-28,414,False,,,2023-08-25,,,,,,,"{""market_momentum"": -0.027669119759552663, ""market_volatility"": 0.007444734633434364, ""momentum"": -0.04423529411764704, ""volatility"": 0.0179634163935864, ""volume_state"": 15.343903146781345}",assumed_next_daily_close,,expiry,0000012927,,-0.027669119759552663,0.007444734633434364,-0.04423529411764704,,,,,,,defd6bc1216c6aac5c6b4ac8,False,,,,,,,,,,,,,,,,,,,,,,,,,,,,,,,,,,,,,,,,,,,,,,,,bounded_preclose_bid_ask,,,,False,not_requested_for_horizon_or_variant,,,incomplete_prior_liquidity,event,covered_call,,incomplete_prior_liquidity,,,False,,H24,1,BA,,primary,0.0179634163935864,15.343903146781345,2023
,,,64d1c71cecac3b99bcab3c3b,time_value,,,1,1,2023-08-25,2023-08-25,,,413,,,2023-08-28,414,False,,,2023-08-25,,,,,,,"{""market_momentum"": -0.027669119759552663, ""market_volatility"": 0.007444734633434364, ""momentum"": -0.04423529411764704, ""volatility"": 0.0179634163935864, ""volume_state"": 15.343903146781345}",assumed_next_daily_close,,expiry,0000012927,,-0.027669119759552663,0.007444734633434364,-0.04423529411764704,,,,,,,defd6bc1216c6aac5c6b4ac8,False,,,,,,,,,,,,,,,,,,,,,,,,,,,,,,,,,,,,,,,,,,,,,,,,bounded_preclose_bid_ask,,,,False,not_requested_for_horizon_or_variant,,,incomplete_prior_liquidity,event,covered_call,,incomplete_prior_liquidity,,,True,,H24,1,BA,,primary,0.0179634163935864,15.343903146781345,2023
0.054552330528505166,2025-04-04,816,6831bd256109002f981c3837,time_value,67.5932,O:TGT250718P00100000,1,1,2025-04-02,2025-04-02,107,0.053606882859033755,814,0.0,0.013959864234196043,2025-04-03,815,True,2025-04-04,816,2025-10-10,36,19020448.0,2025-04-04,scheduled_exit,816,2025-07-18,"{""market_momentum"": -0.021391672156155783, ""market_volatility"": 0.012263395801523273, ""momentum"": -0.09706334300836605, ""volatility"": 0.01889594097059995, ""volume_state"": 15.939486076226583}",assumed_next_daily_close,9428.0,1,0000027419,0,-0.021391672156155783,0.012263395801523273,-0.09706334300836605,44.60000000000001,0.004730589732711074,65.8068,11.9,12.24,33.999999999999986,db7225f6a0e6db2a38b85e66,True,0.003401360544217687,294,1.4913537572838463e-05,6705317.2,,,,,,,,,,,,,,,,,,,,,,,,,,,,,,,,,,,,,,,,,,,,bounded_preclose_bid_ask,,,,False,not_requested_for_horizon_or_variant,,,,ordinary,protective_put,100,completed,94.28,95.72,False,144.0,H24,1,TGT,133.39999999999998,primary,0.01889594097059995,15.939486076226583,2025
0.054552330528505166,2025-04-04,816,6831bd256109002f981c3837,time_value,5.7432,O:TGT250718P00100000,1,1,2025-04-02,2025-04-02,107,0.053606882859033755,814,0.0,0.0012000000000000697,2025-04-03,815,True,2025-04-04,816,2025-10-10,36,19020448.0,2025-04-04,scheduled_exit,816,2025-07-18,"{""market_momentum"": -0.021391672156155783, ""market_volatility"": 0.012263395801523273, ""momentum"": -0.09706334300836605, ""volatility"": 0.01889594097059995, ""volume_state"": 15.939486076226583}",assumed_next_daily_close,9428.0,1,0000027419,0,-0.021391672156155783,0.012263395801523273,-0.09706334300836605,132.6,0.014064488756894356,5.6568,11.9,0.0,-0.0,db7225f6a0e6db2a38b85e66,True,0.003401360544217687,294,1.4913537572838463e-05,6705317.2,,,,,,,,,,,,,,,,,,,,,,,,,,,,,,,,,,,,,,,,,,,,bounded_preclose_bid_ask,,,,False,not_requested_for_horizon_or_variant,,,,ordinary,protective_put,100,completed,94.28,95.72,True,144.0,H24,1,TGT,11.399999999999999,primary,0.01889594097059995,15.939486076226583,2025
0.054552330528505166,2025-04-07,817,6831bd256109002f981c3837,time_value,73.31280000000001,O:TGT250718P00100000,1,1,2025-04-02,2025-04-02,107,0.053606882859033755,814,0.0,0.013959864234196043,2025-04-03,815,True,2025-04-07,817,2025-10-10,36,19020448.0,2025-04-07,scheduled_exit,817,2025-07-18,"{""market_momentum"": -0.021391672156155783, ""market_volatility"": 0.012263395801523273, ""momentum"": -0.09706334300836605, ""volatility"": 0.01889594097059995, ""volume_state"": 15.939486076226583}",assumed_next_daily_close,9428.0,2,0000027419,0,-0.021391672156155783,0.012263395801523273,-0.09706334300836605,20.880399999999995,0.002214722104369961,65.8068,11.9,13.4,150.0,db7225f6a0e6db2a38b85e66,True,0.003401360544217687,294,1.4913537572838463e-05,6705317.2,,,,,,,,,,,,,,,,,,,,,,,,,,,,,,,,,,,,,,,,,,,,bounded_preclose_bid_ask,,,,False,not_requested_for_horizon_or_variant,,,,ordinary,protective_put,100,completed,94.28,94.38,False,10.0,H24,1,TGT,139.1196,primary,0.01889594097059995,15.939486076226583,2025
0.054552330528505166,2025-04-07,817,6831bd256109002f981c3837,time_value,5.6628,O:TGT250718P00100000,1,1,2025-04-02,2025-04-02,107,0.053606882859033755,814,0.0,0.0012000000000000697,2025-04-03,815,True,2025-04-07,817,2025-10-10,36,19020448.0,2025-04-07,scheduled_exit,817,2025-07-18,"{""market_momentum"": -0.021391672156155783, ""market_volatility"": 0.012263395801523273, ""momentum"": -0.09706334300836605, ""volatility"": 0.01889594097059995, ""volume_state"": 15.939486076226583}",assumed_next_daily_close,9428.0,2,0000027419,0,-0.021391672156155783,0.012263395801523273,-0.09706334300836605,-1.3195999999999994,-0.0001399660585490029,5.6568,11.9,0.0,-0.0,db7225f6a0e6db2a38b85e66,True,0.003401360544217687,294,1.4913537572838463e-05,6705317.2,,,,,,,,,,,,,,,,,,,,,,,,,,,,,,,,,,,,,,,,,,,,bounded_preclose_bid_ask,,,,False,not_requested_for_horizon_or_variant,,,,ordinary,protective_put,100,completed,94.28,94.38,True,10.0,H24,1,TGT,11.3196,primary,0.01889594097059995,15.939486076226583,2025
0.054552330528505166,2025-04-08,818,6831bd256109002f981c3837,time_value,86.57560000000001,O:TGT250718P00100000,1,1,2025-04-02,2025-04-02,107,0.053606882859033755,814,0.0,0.02995146372507424,2025-04-03,815,True,2025-04-08,818,2025-10-10,36,19020448.0,2025-04-08,scheduled_exit,818,2025-07-18,"{""market_momentum"": -0.021391672156155783, ""market_volatility"": 0.012263395801523273, ""momentum"": -0.09706334300836605, ""volatility"": 0.01889594097059995, ""volume_state"": 15.939486076226583}",assumed_next_daily_close,9428.0,3,0000027419,0,-0.021391672156155783,0.012263395801523273,-0.09706334300836605,-282.38239999999996,-0.02995146372507424,65.8068,11.9,16.12,422.00000000000006,db7225f6a0e6db2a38b85e66,True,0.003401360544217687,294,1.4913537572838463e-05,6705317.2,,,,,,,,,,,,,,,,,,,,,,,,,,,,,,,,,,,,,,,,,,,,bounded_preclose_bid_ask,,,,False,not_requested_for_horizon_or_variant,,,,ordinary,protective_put,100,completed,94.28,88.76,False,-552.0,H24,1,TGT,152.38240000000002,primary,0.01889594097059995,15.939486076226583,2025
0.054552330528505166,2025-04-08,818,6831bd256109002f981c3837,time_value,5.3256,O:TGT250718P00100000,1,1,2025-04-02,2025-04-02,107,0.053606882859033755,814,0.0,0.05971387356809504,2025-04-03,815,True,2025-04-08,818,2025-10-10,36,19020448.0,2025-04-08,scheduled_exit,818,2025-07-18,"{""market_momentum"": -0.021391672156155783, ""market_volatility"": 0.012263395801523273, ""momentum"": -0.09706334300836605, ""volatility"": 0.01889594097059995, ""volume_state"": 15.939486076226583}",assumed_next_daily_close,9428.0,3,0000027419,0,-0.021391672156155783,0.012263395801523273,-0.09706334300836605,-562.9824,-0.05971387356809504,5.6568,11.9,0.0,-0.0,db7225f6a0e6db2a38b85e66,True,0.003401360544217687,294,1.4913537572838463e-05,6705317.2,,,,,,,,,,,,,,,,,,,,,,,,,,,,,,,,,,,,,,,,,,,,bounded_preclose_bid_ask,,,,False,not_requested_for_horizon_or_variant,,,,ordinary,protective_put,100,completed,94.28,88.76,True,-552.0,H24,1,TGT,10.982399999999998,primary,0.01889594097059995,15.939486076226583,2025
0.054552330528505166,2025-04-10,820,6831bd256109002f981c3837,time_value,75.46260000000001,O:TGT250718P00100000,1,1,2025-04-02,2025-04-02,107,0.053606882859033755,814,0.0,0.02995146372507428,2025-04-03,815,True,2025-04-10,820,2025-10-10,36,19020448.0,2025-04-10,scheduled_exit,820,2025-07-18,"{""market_momentum"": -0.021391672156155783, ""market_volatility"": 0.012263395801523273, ""momentum"": -0.09706334300836605, ""volatility"": 0.01889594097059995, ""volume_state"": 15.939486076226583}",assumed_next_daily_close,9428.0,5,0000027419,0,-0.021391672156155783,0.012263395801523273,-0.09706334300836605,-103.26940000000006,-0.010953478998727203,65.8068,11.9,13.85,194.99999999999994,db7225f6a0e6db2a38b85e66,True,0.003401360544217687,294,1.4913537572838463e-05,6705317.2,,,,,,,,,,,,,,,,,,,,,,,,,,,,,,,,,,,,,,,,,,,,bounded_preclose_bid_ask,,,,False,not_requested_for_horizon_or_variant,,,,ordinary,protective_put,100,completed,94.28,92.71,False,-157.0,H24,1,TGT,141.26940000000002,primary,0.01889594097059995,15.939486076226583,2025
0.054552330528505166,2025-04-10,820,6831bd256109002f981c3837,time_value,5.5626,O:TGT250718P00100000,1,1,2025-04-02,2025-04-02,107,0.053606882859033755,814,0.0,0.059713873568095106,2025-04-03,815,True,2025-04-10,820,2025-10-10,36,19020448.0,2025-04-10,scheduled_exit,820,2025-07-18,"{""market_momentum"": -0.021391672156155783, ""market_volatility"": 0.012263395801523273, ""momentum"": -0.09706334300836605, ""volatility"": 0.01889594097059995, ""volume_state"": 15.939486076226583}",assumed_next_daily_close,9428.0,5,0000027419,0,-0.021391672156155783,0.012263395801523273,-0.09706334300836605,-168.2194,-0.017842532880780654,5.6568,11.9,0.0,-0.0,db7225f6a0e6db2a38b85e66,True,0.003401360544217687,294,1.4913537572838463e-05,6705317.2,,,,,,,,,,,,,,,,,,,,,,,,,,,,,,,,,,,,,,,,,,,,bounded_preclose_bid_ask,,,,False,not_requested_for_horizon_or_variant,,,,ordinary,protective_put,100,completed,94.28,92.71,True,-157.0,H24,1,TGT,11.2194,primary,0.01889594097059995,15.939486076226583,2025
0.054552330528505166,2025-04-17,825,6831bd256109002f981c3837,time_value,70.0366,O:TGT250718P00100000,1,1,2025-04-02,2025-04-02,107,0.053606882859033755,814,0.0,0.03732333474756049,2025-04-03,815,True,2025-04-17,825,2025-10-10,36,19020448.0,2025-04-17,scheduled_exit,825,2025-07-18,"{""market_momentum"": -0.021391672156155783, ""market_volatility"": 0.012263395801523273, ""momentum"": -0.09706334300836605, ""volatility"": 0.01889594097059995, ""volume_state"": 15.939486076226583}",assumed_next_daily_close,9428.0,10,0000027419,0,-0.021391672156155783,0.012263395801523273,-0.09706334300836605,-166.84340000000006,-0.01769658464149343,65.8068,11.9,12.76,85.99999999999994,db7225f6a0e6db2a38b85e66,True,0.003401360544217687,294,1.4913537572838463e-05,6705317.2,,0.498557184,5.65,79,5.5,88,0.02690582959641262,0.000384512,105.72,25100,105.71,4200,9.459395544629537e-05,,,,,,,,,,,,,,,,,,,,,,,,,,,,,,,bounded_preclose_bid_ask,,,,False,entry_asynchronous_quotes,,,,ordinary,protective_put,100,completed,94.28,93.11,False,-117.0,H24,1,TGT,135.8434,primary,0.01889594097059995,15.939486076226583,2025
0.054552330528505166,2025-04-17,825,6831bd256109002f981c3837,time_value,5.5866,O:TGT250718P00100000,1,1,2025-04-02,2025-04-02,107,0.053606882859033755,814,0.0,0.059713873568095106,2025-04-03,815,True,2025-04-17,825,2025-10-10,36,19020448.0,2025-04-17,scheduled_exit,825,2025-07-18,"{""market_momentum"": -0.021391672156155783, ""market_volatility"": 0.012263395801523273, ""momentum"": -0.09706334300836605, ""volatility"": 0.01889594097059995, ""volume_state"": 15.939486076226583}",assumed_next_daily_close,9428.0,10,0000027419,0,-0.021391672156155783,0.012263395801523273,-0.09706334300836605,-128.2434,-0.013602397114976666,5.6568,11.9,0.0,-0.0,db7225f6a0e6db2a38b85e66,True,0.003401360544217687,294,1.4913537572838463e-05,6705317.2,,0.498557184,5.65,79,5.5,88,0.02690582959641262,0.000384512,105.72,25100,105.71,4200,9.459395544629537e-05,,,,,,,,,,,,,,,,,,,,,,,,,,,,,,,bounded_preclose_bid_ask,,,,False,entry_asynchronous_quotes,,,,ordinary,protective_put,100,completed,94.28,93.11,True,-117.0,H24,1,TGT,11.2434,primary,0.01889594097059995,15.939486076226583,2025
0.054552330528505166,2025-05-06,837,6831bd256109002f981c3837,time_value,62.269,O:TGT250718P00100000,1,1,2025-04-02,2025-04-02,107,0.053606882859033755,814,0.0,0.04291450997030126,2025-04-03,815,False,2025-05-05,836,2025-10-10,36,19020448.0,2025-05-06,scheduled_exit,837,2025-07-18,"{""market_momentum"": -0.021391672156155783, ""market_volatility"": 0.012263395801523273, ""momentum"": -0.09706334300836605, ""volatility"": 0.01889594097059995, ""volume_state"": 15.939486076226583}",assumed_next_daily_close,9428.0,21,0000027419,0,-0.021391672156155783,0.012263395801523273,-0.09706334300836605,-261.07580000000013,-0.02769153585065763,65.8068,11.9,11.2,-70.00000000000011,db7225f6a0e6db2a38b85e66,True,0.003401360544217687,294,1.4913537572838463e-05,6705317.2,,,,,,,,,,,,,,,,,,,,,,,,,,,,,,,,,,,,,,,,,,,,bounded_preclose_bid_ask,,,,False,not_requested_for_horizon_or_variant,,,,ordinary,protective_put,100,completed,94.28,93.65,False,-63.0,H24,1,TGT,128.0758,primary,0.01889594097059995,15.939486076226583,2025
0.054552330528505166,2025-05-05,836,6831bd256109002f981c3837,time_value,5.6411999999999995,O:TGT250718P00100000,1,1,2025-04-02,2025-04-02,107,0.053606882859033755,814,0.0,0.059713873568095106,2025-04-03,815,True,2025-05-05,836,2025-10-10,36,19020448.0,2025-05-05,scheduled_exit,836,2025-07-18,"{""market_momentum"": -0.021391672156155783, ""market_volatility"": 0.012263395801523273, ""momentum"": -0.09706334300836605, ""volatility"": 0.01889594097059995, ""volume_state"": 15.939486076226583}",assumed_next_daily_close,9428.0,21,0000027419,0,-0.021391672156155783,0.012263395801523273,-0.09706334300836605,-37.298,-0.003956088247772592,5.6568,11.9,0.0,-0.0,db7225f6a0e6db2a38b85e66,True,0.003401360544217687,294,1.4913537572838463e-05,6705317.2,,,,,,,,,,,,,,,,,,,,,,,,,,,,,,,,,,,,,,,,,,,,bounded_preclose_bid_ask,,,,False,not_requested_for_horizon_or_variant,,,,ordinary,protective_put,100,completed,94.28,94.02,True,-26.0,H24,1,TGT,11.297999999999998,primary,0.01889594097059995,15.939486076226583,2025
0.054552330528505166,2025-06-04,857,6831bd256109002f981c3837,time_value,44.086400000000005,O:TGT250718P00100000,1,1,2025-04-02,2025-04-02,107,0.053606882859033755,814,112.00000000000001,0.04941591005515487,2025-04-03,815,True,2025-06-04,857,2025-10-10,36,19020448.0,2025-06-04,scheduled_exit,857,2025-07-18,"{""market_momentum"": -0.021391672156155783, ""market_volatility"": 0.012263395801523273, ""momentum"": -0.09706334300836605, ""volatility"": 0.01889594097059995, ""volume_state"": 15.939486076226583}",assumed_next_daily_close,9428.0,42,0000027419,0,-0.021391672156155783,0.012263395801523273,-0.09706334300836605,-465.8932000000001,-0.04941591005515487,65.8068,11.9,7.56,-434.00000000000006,db7225f6a0e6db2a38b85e66,True,0.003401360544217687,294,1.4913537572838463e-05,6705317.2,,,,,,,,,,,,,,,,,,,,,,,,,,,,,,,,,,,,,,,,,,,,bounded_preclose_bid_ask,,,,False,not_requested_for_horizon_or_variant,,,,ordinary,protective_put,100,completed,94.28,93.94,False,-34.0,H24,1,TGT,109.89320000000001,primary,0.01889594097059995,15.939486076226583,2025
0.054552330528505166,2025-06-04,857,6831bd256109002f981c3837,time_value,5.636399999999999,O:TGT250718P00100000,1,1,2025-04-02,2025-04-02,107,0.053606882859033755,814,112.00000000000001,0.059713873568095106,2025-04-03,815,True,2025-06-04,857,2025-10-10,36,19020448.0,2025-06-04,scheduled_exit,857,2025-07-18,"{""market_momentum"": -0.021391672156155783, ""market_volatility"": 0.012263395801523273, ""momentum"": -0.09706334300836605, ""volatility"": 0.01889594097059995, ""volume_state"": 15.939486076226583}",assumed_next_daily_close,9428.0,42,0000027419,0,-0.021391672156155783,0.012263395801523273,-0.09706334300836605,66.70680000000002,0.007075392448027155,5.6568,11.9,0.0,-0.0,db7225f6a0e6db2a38b85e66,True,0.003401360544217687,294,1.4913537572838463e-05,6705317.2,,,,,,,,,,,,,,,,,,,,,,,,,,,,,,,,,,,,,,,,,,,,bounded_preclose_bid_ask,,,,False,not_requested_for_horizon_or_variant,,,,ordinary,protective_put,100,completed,94.28,93.94,True,-34.0,H24,1,TGT,11.293199999999999,primary,0.01889594097059995,15.939486076226583,2025
0.054552330528505166,2025-07-07,878,6831bd256109002f981c3837,time_value,15.146,O:TGT250718P00100000,1,1,2025-04-02,2025-04-02,107,0.053606882859033755,814,112.00000000000001,0.05161900721255837,2025-04-03,815,True,2025-07-07,878,2025-10-10,36,19020448.0,2025-07-07,scheduled_exit,878,2025-07-18,"{""market_momentum"": -0.021391672156155783, ""market_volatility"": 0.012263395801523273, ""momentum"": -0.09706334300836605, ""volatility"": 0.01889594097059995, ""volume_state"": 15.939486076226583}",assumed_next_daily_close,9428.0,63,0000027419,0,-0.021391672156155783,0.012263395801523273,-0.09706334300836605,-258.95280000000014,-0.027466355536699207,65.8068,11.9,1.68,-1022.0000000000001,db7225f6a0e6db2a38b85e66,True,0.003401360544217687,294,1.4913537572838463e-05,6705317.2,,,,,,,,,,,,,,,,,,,,,,,,,,,,,,,,,,,,,,,,,,,,bounded_preclose_bid_ask,,,,False,not_requested_for_horizon_or_variant,,,,ordinary,protective_put,100,completed,94.28,101.6,False,732.0,H24,1,TGT,80.9528,primary,0.01889594097059995,15.939486076226583,2025
0.054552330528505166,2025-07-07,878,6831bd256109002f981c3837,time_value,6.095999999999999,O:TGT250718P00100000,1,1,2025-04-02,2025-04-02,107,0.053606882859033755,814,112.00000000000001,0.059713873568095106,2025-04-03,815,True,2025-07-07,878,2025-10-10,36,19020448.0,2025-07-07,scheduled_exit,878,2025-07-18,"{""market_momentum"": -0.021391672156155783, ""market_volatility"": 0.012263395801523273, ""momentum"": -0.09706334300836605, ""volatility"": 0.01889594097059995, ""volume_state"": 15.939486076226583}",assumed_next_daily_close,9428.0,63,0000027419,0,-0.021391672156155783,0.012263395801523273,-0.09706334300836605,832.2472,0.08827399236317353,5.6568,11.9,0.0,-0.0,db7225f6a0e6db2a38b85e66,True,0.003401360544217687,294,1.4913537572838463e-05,6705317.2,,,,,,,,,,,,,,,,,,,,,,,,,,,,,,,,,,,,,,,,,,,,bounded_preclose_bid_ask,,,,False,not_requested_for_horizon_or_variant,,,,ordinary,protective_put,100,completed,94.28,101.6,True,732.0,H24,1,TGT,11.752799999999999,primary,0.01889594097059995,15.939486076226583,2025
0.054552330528505166,2025-07-18,887,6831bd256109002f981c3837,time_value,6.8576,O:TGT250718P00100000,1,1,2025-04-02,2025-04-02,107,0.053606882859033755,814,112.00000000000001,0.05161900721255837,2025-04-03,815,True,2025-07-18,887,2025-10-10,36,19020448.0,2025-07-18,expiry_worthless,887,2025-07-18,"{""market_momentum"": -0.021391672156155783, ""market_volatility"": 0.012263395801523273, ""momentum"": -0.09706334300836605, ""volatility"": 0.01889594097059995, ""volume_state"": 15.939486076226583}",assumed_next_daily_close,9428.0,expiry,0000027419,0,-0.021391672156155783,0.012263395801523273,-0.09706334300836605,-232.6644,-0.024678022910479422,65.8068,11.9,0.0,-1190.0,db7225f6a0e6db2a38b85e66,True,0.003401360544217687,294,1.4913537572838463e-05,6705317.2,,,,,,,,,,,,,,,,,,,,,,,,,,,,,,,,,,,,,,,,,,,,bounded_preclose_bid_ask,,,,False,not_requested_for_horizon_or_variant,,,,ordinary,protective_put,100,completed,94.28,103.46,False,918.0,H24,1,TGT,72.6644,primary,0.01889594097059995,15.939486076226583,2025
0.054552330528505166,2025-07-18,887,6831bd256109002f981c3837,time_value,6.207599999999999,O:TGT250718P00100000,1,1,2025-04-02,2025-04-02,107,0.053606882859033755,814,112.00000000000001,0.059713873568095106,2025-04-03,815,True,2025-07-18,887,2025-10-10,36,19020448.0,2025-07-18,scheduled_exit,887,2025-07-18,"{""market_momentum"": -0.021391672156155783, ""market_volatility"": 0.012263395801523273, ""momentum"": -0.09706334300836605, ""volatility"": 0.01889594097059995, ""volume_state"": 15.939486076226583}",assumed_next_daily_close,9428.0,expiry,0000027419,0,-0.021391672156155783,0.012263395801523273,-0.09706334300836605,1018.1356000000001,0.10799062367416208,5.6568,11.9,0.0,-0.0,db7225f6a0e6db2a38b85e66,True,0.003401360544217687,294,1.4913537572838463e-05,6705317.2,,,,,,,,,,,,,,,,,,,,,,,,,,,,,,,,,,,,,,,,,,,,bounded_preclose_bid_ask,,,,False,not_requested_for_horizon_or_variant,,,,ordinary,protective_put,100,completed,94.28,103.46,True,918.0,H24,1,TGT,11.8644,primary,0.01889594097059995,15.939486076226583,2025
,,,68667c129470be3a8ceb0b20,time_value,,,1,1,2025-04-01,2025-04-01,,,813,,,2025-04-02,814,False,,,2025-04-01,,,,,,,"{""market_momentum"": -0.039056477722390626, ""market_volatility"": 0.012456155150478673, ""momentum"": 0.04631986154942469, ""volatility"": 0.028612233467315878, ""volume_state"": 17.330591996479754}",assumed_next_daily_close,,1,0000002488,,-0.039056477722390626,0.012456155150478673,0.04631986154942469,,,,,,,d0f8bb099b163d06e3b72da6,False,,,,,,,,,,,,,,,,,,,,,,,,,,,,,,,,,,,,,,,,,,,,,,,,bounded_preclose_bid_ask,,,,False,not_requested_for_horizon_or_variant,,,no_standard_contract_within_rules,event,protective_put,,no_standard_contract_within_rules,,,False,,H24,1,AMD,,primary,0.028612233467315878,17.330591996479754,2025
,,,68667c129470be3a8ceb0b20,time_value,,,1,1,2025-04-01,2025-04-01,,,813,,,2025-04-02,814,False,,,2025-04-01,,,,,,,"{""market_momentum"": -0.039056477722390626, ""market_volatility"": 0.012456155150478673, ""momentum"": 0.04631986154942469, ""volatility"": 0.028612233467315878, ""volume_state"": 17.330591996479754}",assumed_next_daily_close,,1,0000002488,,-0.039056477722390626,0.012456155150478673,0.04631986154942469,,,,,,,d0f8bb099b163d06e3b72da6,False,,,,,,,,,,,,,,,,,,,,,,,,,,,,,,,,,,,,,,,,,,,,,,,,bounded_preclose_bid_ask,,,,False,not_requested_for_horizon_or_variant,,,no_standard_contract_within_rules,event,protective_put,,no_standard_contract_within_rules,,,True,,H24,1,AMD,,primary,0.028612233467315878,17.330591996479754,2025
,,,68667c129470be3a8ceb0b20,time_value,,,1,1,2025-04-01,2025-04-01,,,813,,,2025-04-02,814,False,,,2025-04-01,,,,,,,"{""market_momentum"": -0.039056477722390626, ""market_volatility"": 0.012456155150478673, ""momentum"": 0.04631986154942469, ""volatility"": 0.028612233467315878, ""volume_state"": 17.330591996479754}",assumed_next_daily_close,,2,0000002488,,-0.039056477722390626,0.012456155150478673,0.04631986154942469,,,,,,,d0f8bb099b163d06e3b72da6,False,,,,,,,,,,,,,,,,,,,,,,,,,,,,,,,,,,,,,,,,,,,,,,,,bounded_preclose_bid_ask,,,,False,not_requested_for_horizon_or_variant,,,no_standard_contract_within_rules,event,protective_put,,no_standard_contract_within_rules,,,False,,H24,1,AMD,,primary,0.028612233467315878,17.330591996479754,2025
,,,68667c129470be3a8ceb0b20,time_value,,,1,1,2025-04-01,2025-04-01,,,813,,,2025-04-02,814,False,,,2025-04-01,,,,,,,"{""market_momentum"": -0.039056477722390626, ""market_volatility"": 0.012456155150478673, ""momentum"": 0.04631986154942469, ""volatility"": 0.028612233467315878, ""volume_state"": 17.330591996479754}",assumed_next_daily_close,,2,0000002488,,-0.039056477722390626,0.012456155150478673,0.04631986154942469,,,,,,,d0f8bb099b163d06e3b72da6,False,,,,,,,,,,,,,,,,,,,,,,,,,,,,,,,,,,,,,,,,,,,,,,,,bounded_preclose_bid_ask,,,,False,not_requested_for_horizon_or_variant,,,no_standard_contract_within_rules,event,protective_put,,no_standard_contract_within_rules,,,True,,H24,1,AMD,,primary,0.028612233467315878,17.330591996479754,2025
,,,68667c129470be3a8ceb0b20,time_value,,,1,1,2025-04-01,2025-04-01,,,813,,,2025-04-02,814,False,,,2025-04-01,,,,,,,"{""market_momentum"": -0.039056477722390626, ""market_volatility"": 0.012456155150478673, ""momentum"": 0.04631986154942469, ""volatility"": 0.028612233467315878, ""volume_state"": 17.330591996479754}",assumed_next_daily_close,,3,0000002488,,-0.039056477722390626,0.012456155150478673,0.04631986154942469,,,,,,,d0f8bb099b163d06e3b72da6,False,,,,,,,,,,,,,,,,,,,,,,,,,,,,,,,,,,,,,,,,,,,,,,,,bounded_preclose_bid_ask,,,,False,not_requested_for_horizon_or_variant,,,no_standard_contract_within_rules,event,protective_put,,no_standard_contract_within_rules,,,False,,H24,1,AMD,,primary,0.028612233467315878,17.330591996479754,2025
,,,68667c129470be3a8ceb0b20,time_value,,,1,1,2025-04-01,2025-04-01,,,813,,,2025-04-02,814,False,,,2025-04-01,,,,,,,"{""market_momentum"": -0.039056477722390626, ""market_volatility"": 0.012456155150478673, ""momentum"": 0.04631986154942469, ""volatility"": 0.028612233467315878, ""volume_state"": 17.330591996479754}",assumed_next_daily_close,,3,0000002488,,-0.039056477722390626,0.012456155150478673,0.04631986154942469,,,,,,,d0f8bb099b163d06e3b72da6,False,,,,,,,,,,,,,,,,,,,,,,,,,,,,,,,,,,,,,,,,,,,,,,,,bounded_preclose_bid_ask,,,,False,not_requested_for_horizon_or_variant,,,no_standard_contract_within_rules,event,protective_put,,no_standard_contract_within_rules,,,True,,H24,1,AMD,,primary,0.028612233467315878,17.330591996479754,2025
,,,68667c129470be3a8ceb0b20,time_value,,,1,1,2025-04-01,2025-04-01,,,813,,,2025-04-02,814,False,,,2025-04-01,,,,,,,"{""market_momentum"": -0.039056477722390626, ""market_volatility"": 0.012456155150478673, ""momentum"": 0.04631986154942469, ""volatility"": 0.028612233467315878, ""volume_state"": 17.330591996479754}",assumed_next_daily_close,,5,0000002488,,-0.039056477722390626,0.012456155150478673,0.04631986154942469,,,,,,,d0f8bb099b163d06e3b72da6,False,,,,,,,,,,,,,,,,,,,,,,,,,,,,,,,,,,,,,,,,,,,,,,,,bounded_preclose_bid_ask,,,,False,not_requested_for_horizon_or_variant,,,no_standard_contract_within_rules,event,protective_put,,no_standard_contract_within_rules,,,False,,H24,1,AMD,,primary,0.028612233467315878,17.330591996479754,2025
,,,68667c129470be3a8ceb0b20,time_value,,,1,1,2025-04-01,2025-04-01,,,813,,,2025-04-02,814,False,,,2025-04-01,,,,,,,"{""market_momentum"": -0.039056477722390626, ""market_volatility"": 0.012456155150478673, ""momentum"": 0.04631986154942469, ""volatility"": 0.028612233467315878, ""volume_state"": 17.330591996479754}",assumed_next_daily_close,,5,0000002488,,-0.039056477722390626,0.012456155150478673,0.04631986154942469,,,,,,,d0f8bb099b163d06e3b72da6,False,,,,,,,,,,,,,,,,,,,,,,,,,,,,,,,,,,,,,,,,,,,,,,,,bounded_preclose_bid_ask,,,,False,not_requested_for_horizon_or_variant,,,no_standard_contract_within_rules,event,protective_put,,no_standard_contract_within_rules,,,True,,H24,1,AMD,,primary,0.028612233467315878,17.330591996479754,2025
,,,68667c129470be3a8ceb0b20,time_value,,,1,1,2025-04-01,2025-04-01,,,813,,,2025-04-02,814,False,,,2025-04-01,,,,,,,"{""market_momentum"": -0.039056477722390626, ""market_volatility"": 0.012456155150478673, ""momentum"": 0.04631986154942469, ""volatility"": 0.028612233467315878, ""volume_state"": 17.330591996479754}",assumed_next_daily_close,,10,0000002488,,-0.039056477722390626,0.012456155150478673,0.04631986154942469,,,,,,,d0f8bb099b163d06e3b72da6,False,,,,,,,,,,,,,,,,,,,,,,,,,,,,,,,,,,,,,,,,,,,,,,,,bounded_preclose_bid_ask,,,,False,not_sampled_or_missing_quotes,,,no_standard_contract_within_rules,event,protective_put,,no_standard_contract_within_rules,,,False,,H24,1,AMD,,primary,0.028612233467315878,17.330591996479754,2025
,,,68667c129470be3a8ceb0b20,time_value,,,1,1,2025-04-01,2025-04-01,,,813,,,2025-04-02,814,False,,,2025-04-01,,,,,,,"{""market_momentum"": -0.039056477722390626, ""market_volatility"": 0.012456155150478673, ""momentum"": 0.04631986154942469, ""volatility"": 0.028612233467315878, ""volume_state"": 17.330591996479754}",assumed_next_daily_close,,10,0000002488,,-0.039056477722390626,0.012456155150478673,0.04631986154942469,,,,,,,d0f8bb099b163d06e3b72da6,False,,,,,,,,,,,,,,,,,,,,,,,,,,,,,,,,,,,,,,,,,,,,,,,,bounded_preclose_bid_ask,,,,False,not_sampled_or_missing_quotes,,,no_standard_contract_within_rules,event,protective_put,,no_standard_contract_within_rules,,,True,,H24,1,AMD,,primary,0.028612233467315878,17.330591996479754,2025
,,,68667c129470be3a8ceb0b20,time_value,,,1,1,2025-04-01,2025-04-01,,,813,,,2025-04-02,814,False,,,2025-04-01,,,,,,,"{""market_momentum"": -0.039056477722390626, ""market_volatility"": 0.012456155150478673, ""momentum"": 0.04631986154942469, ""volatility"": 0.028612233467315878, ""volume_state"": 17.330591996479754}",assumed_next_daily_close,,21,0000002488,,-0.039056477722390626,0.012456155150478673,0.04631986154942469,,,,,,,d0f8bb099b163d06e3b72da6,False,,,,,,,,,,,,,,,,,,,,,,,,,,,,,,,,,,,,,,,,,,,,,,,,bounded_preclose_bid_ask,,,,False,not_requested_for_horizon_or_variant,,,no_standard_contract_within_rules,event,protective_put,,no_standard_contract_within_rules,,,False,,H24,1,AMD,,primary,0.028612233467315878,17.330591996479754,2025
,,,68667c129470be3a8ceb0b20,time_value,,,1,1,2025-04-01,2025-04-01,,,813,,,2025-04-02,814,False,,,2025-04-01,,,,,,,"{""market_momentum"": -0.039056477722390626, ""market_volatility"": 0.012456155150478673, ""momentum"": 0.04631986154942469, ""volatility"": 0.028612233467315878, ""volume_state"": 17.330591996479754}",assumed_next_daily_close,,21,0000002488,,-0.039056477722390626,0.012456155150478673,0.04631986154942469,,,,,,,d0f8bb099b163d06e3b72da6,False,,,,,,,,,,,,,,,,,,,,,,,,,,,,,,,,,,,,,,,,,,,,,,,,bounded_preclose_bid_ask,,,,False,not_requested_for_horizon_or_variant,,,no_standard_contract_within_rules,event,protective_put,,no_standard_contract_within_rules,,,True,,H24,1,AMD,,primary,0.028612233467315878,17.330591996479754,2025
,,,68667c129470be3a8ceb0b20,time_value,,,1,1,2025-04-01,2025-04-01,,,813,,,2025-04-02,814,False,,,2025-04-01,,,,,,,"{""market_momentum"": -0.039056477722390626, ""market_volatility"": 0.012456155150478673, ""momentum"": 0.04631986154942469, ""volatility"": 0.028612233467315878, ""volume_state"": 17.330591996479754}",assumed_next_daily_close,,42,0000002488,,-0.039056477722390626,0.012456155150478673,0.04631986154942469,,,,,,,d0f8bb099b163d06e3b72da6,False,,,,,,,,,,,,,,,,,,,,,,,,,,,,,,,,,,,,,,,,,,,,,,,,bounded_preclose_bid_ask,,,,False,not_requested_for_horizon_or_variant,,,no_standard_contract_within_rules,event,protective_put,,no_standard_contract_within_rules,,,False,,H24,1,AMD,,primary,0.028612233467315878,17.330591996479754,2025
,,,68667c129470be3a8ceb0b20,time_value,,,1,1,2025-04-01,2025-04-01,,,813,,,2025-04-02,814,False,,,2025-04-01,,,,,,,"{""market_momentum"": -0.039056477722390626, ""market_volatility"": 0.012456155150478673, ""momentum"": 0.04631986154942469, ""volatility"": 0.028612233467315878, ""volume_state"": 17.330591996479754}",assumed_next_daily_close,,42,0000002488,,-0.039056477722390626,0.012456155150478673,0.04631986154942469,,,,,,,d0f8bb099b163d06e3b72da6,False,,,,,,,,,,,,,,,,,,,,,,,,,,,,,,,,,,,,,,,,,,,,,,,,bounded_preclose_bid_ask,,,,False,not_requested_for_horizon_or_variant,,,no_standard_contract_within_rules,event,protective_put,,no_standard_contract_within_rules,,,True,,H24,1,AMD,,primary,0.028612233467315878,17.330591996479754,2025
,,,68667c129470be3a8ceb0b20,time_value,,,1,1,2025-04-01,2025-04-01,,,813,,,2025-04-02,814,False,,,2025-04-01,,,,,,,"{""market_momentum"": -0.039056477722390626, ""market_volatility"": 0.012456155150478673, ""momentum"": 0.04631986154942469, ""volatility"": 0.028612233467315878, ""volume_state"": 17.330591996479754}",assumed_next_daily_close,,63,0000002488,,-0.039056477722390626,0.012456155150478673,0.04631986154942469,,,,,,,d0f8bb099b163d06e3b72da6,False,,,,,,,,,,,,,,,,,,,,,,,,,,,,,,,,,,,,,,,,,,,,,,,,bounded_preclose_bid_ask,,,,False,not_requested_for_horizon_or_variant,,,no_standard_contract_within_rules,event,protective_put,,no_standard_contract_within_rules,,,False,,H24,1,AMD,,primary,0.028612233467315878,17.330591996479754,2025
,,,68667c129470be3a8ceb0b20,time_value,,,1,1,2025-04-01,2025-04-01,,,813,,,2025-04-02,814,False,,,2025-04-01,,,,,,,"{""market_momentum"": -0.039056477722390626, ""market_volatility"": 0.012456155150478673, ""momentum"": 0.04631986154942469, ""volatility"": 0.028612233467315878, ""volume_state"": 17.330591996479754}",assumed_next_daily_close,,63,0000002488,,-0.039056477722390626,0.012456155150478673,0.04631986154942469,,,,,,,d0f8bb099b163d06e3b72da6,False,,,,,,,,,,,,,,,,,,,,,,,,,,,,,,,,,,,,,,,,,,,,,,,,bounded_preclose_bid_ask,,,,False,not_requested_for_horizon_or_variant,,,no_standard_contract_within_rules,event,protective_put,,no_standard_contract_within_rules,,,True,,H24,1,AMD,,primary,0.028612233467315878,17.330591996479754,2025
,,,68667c129470be3a8ceb0b20,time_value,,,1,1,2025-04-01,2025-04-01,,,813,,,2025-04-02,814,False,,,2025-04-01,,,,,,,"{""market_momentum"": -0.039056477722390626, ""market_volatility"": 0.012456155150478673, ""momentum"": 0.04631986154942469, ""volatility"": 0.028612233467315878, ""volume_state"": 17.330591996479754}",assumed_next_daily_close,,expiry,0000002488,,-0.039056477722390626,0.012456155150478673,0.04631986154942469,,,,,,,d0f8bb099b163d06e3b72da6,False,,,,,,,,,,,,,,,,,,,,,,,,,,,,,,,,,,,,,,,,,,,,,,,,bounded_preclose_bid_ask,,,,False,not_requested_for_horizon_or_variant,,,no_standard_contract_within_rules,event,protective_put,,no_standard_contract_within_rules,,,False,,H24,1,AMD,,primary,0.028612233467315878,17.330591996479754,2025
,,,68667c129470be3a8ceb0b20,time_value,,,1,1,2025-04-01,2025-04-01,,,813,,,2025-04-02,814,False,,,2025-04-01,,,,,,,"{""market_momentum"": -0.039056477722390626, ""market_volatility"": 0.012456155150478673, ""momentum"": 0.04631986154942469, ""volatility"": 0.028612233467315878, ""volume_state"": 17.330591996479754}",assumed_next_daily_close,,expiry,0000002488,,-0.039056477722390626,0.012456155150478673,0.04631986154942469,,,,,,,d0f8bb099b163d06e3b72da6,False,,,,,,,,,,,,,,,,,,,,,,,,,,,,,,,,,,,,,,,,,,,,,,,,bounded_preclose_bid_ask,,,,False,not_requested_for_horizon_or_variant,,,no_standard_contract_within_rules,event,protective_put,,no_standard_contract_within_rules,,,True,,H24,1,AMD,,primary,0.028612233467315878,17.330591996479754,2025
,,,7865c01e910121e3c0328eb7,time_value,,,1,1,2024-02-21,2024-02-21,,,535,,,2024-02-22,536,False,,,2024-09-30,,,,,,,"{""market_momentum"": 0.028462095356293293, ""market_volatility"": 0.007411212209138988, ""momentum"": -0.008374241986716657, ""volatility"": 0.011768076407691303, ""volume_state"": 15.202990323357675}",assumed_next_daily_close,,1,0000005272,,0.028462095356293293,0.007411212209138988,-0.008374241986716657,,,,,,,eeb423168686504948212846,False,,,,,,,,,,,,,,,,,,,,,,,,,,,,,,,,,,,,,,,,,,,,,,,,bounded_preclose_bid_ask,,,,False,not_requested_for_horizon_or_variant,,,missing_decision_or_entry_bar,ordinary,protective_put,,missing_decision_or_entry_bar,,,False,,H24,1,AIG,,primary,0.011768076407691303,15.202990323357675,2024
,,,7865c01e910121e3c0328eb7,time_value,,,1,1,2024-02-21,2024-02-21,,,535,,,2024-02-22,536,False,,,2024-09-30,,,,,,,"{""market_momentum"": 0.028462095356293293, ""market_volatility"": 0.007411212209138988, ""momentum"": -0.008374241986716657, ""volatility"": 0.011768076407691303, ""volume_state"": 15.202990323357675}",assumed_next_daily_close,,1,0000005272,,0.028462095356293293,0.007411212209138988,-0.008374241986716657,,,,,,,eeb423168686504948212846,False,,,,,,,,,,,,,,,,,,,,,,,,,,,,,,,,,,,,,,,,,,,,,,,,bounded_preclose_bid_ask,,,,False,not_requested_for_horizon_or_variant,,,missing_decision_or_entry_bar,ordinary,protective_put,,missing_decision_or_entry_bar,,,True,,H24,1,AIG,,primary,0.011768076407691303,15.202990323357675,2024
,,,7865c01e910121e3c0328eb7,time_value,,,1,1,2024-02-21,2024-02-21,,,535,,,2024-02-22,536,False,,,2024-09-30,,,,,,,"{""market_momentum"": 0.028462095356293293, ""market_volatility"": 0.007411212209138988, ""momentum"": -0.008374241986716657, ""volatility"": 0.011768076407691303, ""volume_state"": 15.202990323357675}",assumed_next_daily_close,,2,0000005272,,0.028462095356293293,0.007411212209138988,-0.008374241986716657,,,,,,,eeb423168686504948212846,False,,,,,,,,,,,,,,,,,,,,,,,,,,,,,,,,,,,,,,,,,,,,,,,,bounded_preclose_bid_ask,,,,False,not_requested_for_horizon_or_variant,,,missing_decision_or_entry_bar,ordinary,protective_put,,missing_decision_or_entry_bar,,,False,,H24,1,AIG,,primary,0.011768076407691303,15.202990323357675,2024
,,,7865c01e910121e3c0328eb7,time_value,,,1,1,2024-02-21,2024-02-21,,,535,,,2024-02-22,536,False,,,2024-09-30,,,,,,,"{""market_momentum"": 0.028462095356293293, ""market_volatility"": 0.007411212209138988, ""momentum"": -0.008374241986716657, ""volatility"": 0.011768076407691303, ""volume_state"": 15.202990323357675}",assumed_next_daily_close,,2,0000005272,,0.028462095356293293,0.007411212209138988,-0.008374241986716657,,,,,,,eeb423168686504948212846,False,,,,,,,,,,,,,,,,,,,,,,,,,,,,,,,,,,,,,,,,,,,,,,,,bounded_preclose_bid_ask,,,,False,not_requested_for_horizon_or_variant,,,missing_decision_or_entry_bar,ordinary,protective_put,,missing_decision_or_entry_bar,,,True,,H24,1,AIG,,primary,0.011768076407691303,15.202990323357675,2024
,,,7865c01e910121e3c0328eb7,time_value,,,1,1,2024-02-21,2024-02-21,,,535,,,2024-02-22,536,False,,,2024-09-30,,,,,,,"{""market_momentum"": 0.028462095356293293, ""market_volatility"": 0.007411212209138988, ""momentum"": -0.008374241986716657, ""volatility"": 0.011768076407691303, ""volume_state"": 15.202990323357675}",assumed_next_daily_close,,3,0000005272,,0.028462095356293293,0.007411212209138988,-0.008374241986716657,,,,,,,eeb423168686504948212846,False,,,,,,,,,,,,,,,,,,,,,,,,,,,,,,,,,,,,,,,,,,,,,,,,bounded_preclose_bid_ask,,,,False,not_requested_for_horizon_or_variant,,,missing_decision_or_entry_bar,ordinary,protective_put,,missing_decision_or_entry_bar,,,False,,H24,1,AIG,,primary,0.011768076407691303,15.202990323357675,2024
,,,7865c01e910121e3c0328eb7,time_value,,,1,1,2024-02-21,2024-02-21,,,535,,,2024-02-22,536,False,,,2024-09-30,,,,,,,"{""market_momentum"": 0.028462095356293293, ""market_volatility"": 0.007411212209138988, ""momentum"": -0.008374241986716657, ""volatility"": 0.011768076407691303, ""volume_state"": 15.202990323357675}",assumed_next_daily_close,,3,0000005272,,0.028462095356293293,0.007411212209138988,-0.008374241986716657,,,,,,,eeb423168686504948212846,False,,,,,,,,,,,,,,,,,,,,,,,,,,,,,,,,,,,,,,,,,,,,,,,,bounded_preclose_bid_ask,,,,False,not_requested_for_horizon_or_variant,,,missing_decision_or_entry_bar,ordinary,protective_put,,missing_decision_or_entry_bar,,,True,,H24,1,AIG,,primary,0.011768076407691303,15.202990323357675,2024
,,,7865c01e910121e3c0328eb7,time_value,,,1,1,2024-02-21,2024-02-21,,,535,,,2024-02-22,536,False,,,2024-09-30,,,,,,,"{""market_momentum"": 0.028462095356293293, ""market_volatility"": 0.007411212209138988, ""momentum"": -0.008374241986716657, ""volatility"": 0.011768076407691303, ""volume_state"": 15.202990323357675}",assumed_next_daily_close,,5,0000005272,,0.028462095356293293,0.007411212209138988,-0.008374241986716657,,,,,,,eeb423168686504948212846,False,,,,,,,,,,,,,,,,,,,,,,,,,,,,,,,,,,,,,,,,,,,,,,,,bounded_preclose_bid_ask,,,,False,not_requested_for_horizon_or_variant,,,missing_decision_or_entry_bar,ordinary,protective_put,,missing_decision_or_entry_bar,,,False,,H24,1,AIG,,primary,0.011768076407691303,15.202990323357675,2024
,,,7865c01e910121e3c0328eb7,time_value,,,1,1,2024-02-21,2024-02-21,,,535,,,2024-02-22,536,False,,,2024-09-30,,,,,,,"{""market_momentum"": 0.028462095356293293, ""market_volatility"": 0.007411212209138988, ""momentum"": -0.008374241986716657, ""volatility"": 0.011768076407691303, ""volume_state"": 15.202990323357675}",assumed_next_daily_close,,5,0000005272,,0.028462095356293293,0.007411212209138988,-0.008374241986716657,,,,,,,eeb423168686504948212846,False,,,,,,,,,,,,,,,,,,,,,,,,,,,,,,,,,,,,,,,,,,,,,,,,bounded_preclose_bid_ask,,,,False,not_requested_for_horizon_or_variant,,,missing_decision_or_entry_bar,ordinary,protective_put,,missing_decision_or_entry_bar,,,True,,H24,1,AIG,,primary,0.011768076407691303,15.202990323357675,2024
,,,7865c01e910121e3c0328eb7,time_value,,,1,1,2024-02-21,2024-02-21,,,535,,,2024-02-22,536,False,,,2024-09-30,,,,,,,"{""market_momentum"": 0.028462095356293293, ""market_volatility"": 0.007411212209138988, ""momentum"": -0.008374241986716657, ""volatility"": 0.011768076407691303, ""volume_state"": 15.202990323357675}",assumed_next_daily_close,,10,0000005272,,0.028462095356293293,0.007411212209138988,-0.008374241986716657,,,,,,,eeb423168686504948212846,False,,,,,,,,,,,,,,,,,,,,,,,,,,,,,,,,,,,,,,,,,,,,,,,,bounded_preclose_bid_ask,,,,False,bar_outcome_not_completed,,,missing_decision_or_entry_bar,ordinary,protective_put,,missing_decision_or_entry_bar,,,False,,H24,1,AIG,,primary,0.011768076407691303,15.202990323357675,2024
,,,7865c01e910121e3c0328eb7,time_value,,,1,1,2024-02-21,2024-02-21,,,535,,,2024-02-22,536,False,,,2024-09-30,,,,,,,"{""market_momentum"": 0.028462095356293293, ""market_volatility"": 0.007411212209138988, ""momentum"": -0.008374241986716657, ""volatility"": 0.011768076407691303, ""volume_state"": 15.202990323357675}",assumed_next_daily_close,,10,0000005272,,0.028462095356293293,0.007411212209138988,-0.008374241986716657,,,,,,,eeb423168686504948212846,False,,,,,,,,,,,,,,,,,,,,,,,,,,,,,,,,,,,,,,,,,,,,,,,,bounded_preclose_bid_ask,,,,False,bar_outcome_not_completed,,,missing_decision_or_entry_bar,ordinary,protective_put,,missing_decision_or_entry_bar,,,True,,H24,1,AIG,,primary,0.011768076407691303,15.202990323357675,2024
,,,7865c01e910121e3c0328eb7,time_value,,,1,1,2024-02-21,2024-02-21,,,535,,,2024-02-22,536,False,,,2024-09-30,,,,,,,"{""market_momentum"": 0.028462095356293293, ""market_volatility"": 0.007411212209138988, ""momentum"": -0.008374241986716657, ""volatility"": 0.011768076407691303, ""volume_state"": 15.202990323357675}",assumed_next_daily_close,,21,0000005272,,0.028462095356293293,0.007411212209138988,-0.008374241986716657,,,,,,,eeb423168686504948212846,False,,,,,,,,,,,,,,,,,,,,,,,,,,,,,,,,,,,,,,,,,,,,,,,,bounded_preclose_bid_ask,,,,False,not_requested_for_horizon_or_variant,,,missing_decision_or_entry_bar,ordinary,protective_put,,missing_decision_or_entry_bar,,,False,,H24,1,AIG,,primary,0.011768076407691303,15.202990323357675,2024
,,,7865c01e910121e3c0328eb7,time_value,,,1,1,2024-02-21,2024-02-21,,,535,,,2024-02-22,536,False,,,2024-09-30,,,,,,,"{""market_momentum"": 0.028462095356293293, ""market_volatility"": 0.007411212209138988, ""momentum"": -0.008374241986716657, ""volatility"": 0.011768076407691303, ""volume_state"": 15.202990323357675}",assumed_next_daily_close,,21,0000005272,,0.028462095356293293,0.007411212209138988,-0.008374241986716657,,,,,,,eeb423168686504948212846,False,,,,,,,,,,,,,,,,,,,,,,,,,,,,,,,,,,,,,,,,,,,,,,,,bounded_preclose_bid_ask,,,,False,not_requested_for_horizon_or_variant,,,missing_decision_or_entry_bar,ordinary,protective_put,,missing_decision_or_entry_bar,,,True,,H24,1,AIG,,primary,0.011768076407691303,15.202990323357675,2024
,,,7865c01e910121e3c0328eb7,time_value,,,1,1,2024-02-21,2024-02-21,,,535,,,2024-02-22,536,False,,,2024-09-30,,,,,,,"{""market_momentum"": 0.028462095356293293, ""market_volatility"": 0.007411212209138988, ""momentum"": -0.008374241986716657, ""volatility"": 0.011768076407691303, ""volume_state"": 15.202990323357675}",assumed_next_daily_close,,42,0000005272,,0.028462095356293293,0.007411212209138988,-0.008374241986716657,,,,,,,eeb423168686504948212846,False,,,,,,,,,,,,,,,,,,,,,,,,,,,,,,,,,,,,,,,,,,,,,,,,bounded_preclose_bid_ask,,,,False,not_requested_for_horizon_or_variant,,,missing_decision_or_entry_bar,ordinary,protective_put,,missing_decision_or_entry_bar,,,False,,H24,1,AIG,,primary,0.011768076407691303,15.202990323357675,2024
,,,7865c01e910121e3c0328eb7,time_value,,,1,1,2024-02-21,2024-02-21,,,535,,,2024-02-22,536,False,,,2024-09-30,,,,,,,"{""market_momentum"": 0.028462095356293293, ""market_volatility"": 0.007411212209138988, ""momentum"": -0.008374241986716657, ""volatility"": 0.011768076407691303, ""volume_state"": 15.202990323357675}",assumed_next_daily_close,,42,0000005272,,0.028462095356293293,0.007411212209138988,-0.008374241986716657,,,,,,,eeb423168686504948212846,False,,,,,,,,,,,,,,,,,,,,,,,,,,,,,,,,,,,,,,,,,,,,,,,,bounded_preclose_bid_ask,,,,False,not_requested_for_horizon_or_variant,,,missing_decision_or_entry_bar,ordinary,protective_put,,missing_decision_or_entry_bar,,,True,,H24,1,AIG,,primary,0.011768076407691303,15.202990323357675,2024
,,,7865c01e910121e3c0328eb7,time_value,,,1,1,2024-02-21,2024-02-21,,,535,,,2024-02-22,536,False,,,2024-09-30,,,,,,,"{""market_momentum"": 0.028462095356293293, ""market_volatility"": 0.007411212209138988, ""momentum"": -0.008374241986716657, ""volatility"": 0.011768076407691303, ""volume_state"": 15.202990323357675}",assumed_next_daily_close,,63,0000005272,,0.028462095356293293,0.007411212209138988,-0.008374241986716657,,,,,,,eeb423168686504948212846,False,,,,,,,,,,,,,,,,,,,,,,,,,,,,,,,,,,,,,,,,,,,,,,,,bounded_preclose_bid_ask,,,,False,not_requested_for_horizon_or_variant,,,missing_decision_or_entry_bar,ordinary,protective_put,,missing_decision_or_entry_bar,,,False,,H24,1,AIG,,primary,0.011768076407691303,15.202990323357675,2024
,,,7865c01e910121e3c0328eb7,time_value,,,1,1,2024-02-21,2024-02-21,,,535,,,2024-02-22,536,False,,,2024-09-30,,,,,,,"{""market_momentum"": 0.028462095356293293, ""market_volatility"": 0.007411212209138988, ""momentum"": -0.008374241986716657, ""volatility"": 0.011768076407691303, ""volume_state"": 15.202990323357675}",assumed_next_daily_close,,63,0000005272,,0.028462095356293293,0.007411212209138988,-0.008374241986716657,,,,,,,eeb423168686504948212846,False,,,,,,,,,,,,,,,,,,,,,,,,,,,,,,,,,,,,,,,,,,,,,,,,bounded_preclose_bid_ask,,,,False,not_requested_for_horizon_or_variant,,,missing_decision_or_entry_bar,ordinary,protective_put,,missing_decision_or_entry_bar,,,True,,H24,1,AIG,,primary,0.011768076407691303,15.202990323357675,2024
,,,7865c01e910121e3c0328eb7,time_value,,,1,1,2024-02-21,2024-02-21,,,535,,,2024-02-22,536,False,,,2024-09-30,,,,,,,"{""market_momentum"": 0.028462095356293293, ""market_volatility"": 0.007411212209138988, ""momentum"": -0.008374241986716657, ""volatility"": 0.011768076407691303, ""volume_state"": 15.202990323357675}",assumed_next_daily_close,,expiry,0000005272,,0.028462095356293293,0.007411212209138988,-0.008374241986716657,,,,,,,eeb423168686504948212846,False,,,,,,,,,,,,,,,,,,,,,,,,,,,,,,,,,,,,,,,,,,,,,,,,bounded_preclose_bid_ask,,,,False,not_requested_for_horizon_or_variant,,,missing_decision_or_entry_bar,ordinary,protective_put,,missing_decision_or_entry_bar,,,False,,H24,1,AIG,,primary,0.011768076407691303,15.202990323357675,2024
,,,7865c01e910121e3c0328eb7,time_value,,,1,1,2024-02-21,2024-02-21,,,535,,,2024-02-22,536,False,,,2024-09-30,,,,,,,"{""market_momentum"": 0.028462095356293293, ""market_volatility"": 0.007411212209138988, ""momentum"": -0.008374241986716657, ""volatility"": 0.011768076407691303, ""volume_state"": 15.202990323357675}",assumed_next_daily_close,,expiry,0000005272,,0.028462095356293293,0.007411212209138988,-0.008374241986716657,,,,,,,eeb423168686504948212846,False,,,,,,,,,,,,,,,,,,,,,,,,,,,,,,,,,,,,,,,,,,,,,,,,bounded_preclose_bid_ask,,,,False,not_requested_for_horizon_or_variant,,,missing_decision_or_entry_bar,ordinary,protective_put,,missing_decision_or_entry_bar,,,True,,H24,1,AIG,,primary,0.011768076407691303,15.202990323357675,2024
,,,7b19893dda9606f5ff4cb365,time_value,,,1,1,2025-02-18,2025-02-18,,,783,,,2025-02-19,784,False,,,2025-09-04,,,,,,,"{""market_momentum"": 0.033550807923737436, ""market_volatility"": 0.006850114647510945, ""momentum"": -0.06976744186046513, ""volatility"": 0.018391537708682536, ""volume_state"": 14.769861843086902}",assumed_next_daily_close,,1,0000018230,,0.033550807923737436,0.006850114647510945,-0.06976744186046513,,,,,,,72ac797f7e8b06ab2a2713c9,False,,,,,,,,,,,,,,,,,,,,,,,,,,,,,,,,,,,,,,,,,,,,,,,,bounded_preclose_bid_ask,,,,False,not_requested_for_horizon_or_variant,,,no_standard_contract_within_rules,ordinary,protective_put,,no_standard_contract_within_rules,,,False,,H24,1,CAT,,primary,0.018391537708682536,14.769861843086902,2025
,,,7b19893dda9606f5ff4cb365,time_value,,,1,1,2025-02-18,2025-02-18,,,783,,,2025-02-19,784,False,,,2025-09-04,,,,,,,"{""market_momentum"": 0.033550807923737436, ""market_volatility"": 0.006850114647510945, ""momentum"": -0.06976744186046513, ""volatility"": 0.018391537708682536, ""volume_state"": 14.769861843086902}",assumed_next_daily_close,,1,0000018230,,0.033550807923737436,0.006850114647510945,-0.06976744186046513,,,,,,,72ac797f7e8b06ab2a2713c9,False,,,,,,,,,,,,,,,,,,,,,,,,,,,,,,,,,,,,,,,,,,,,,,,,bounded_preclose_bid_ask,,,,False,not_requested_for_horizon_or_variant,,,no_standard_contract_within_rules,ordinary,protective_put,,no_standard_contract_within_rules,,,True,,H24,1,CAT,,primary,0.018391537708682536,14.769861843086902,2025
,,,7b19893dda9606f5ff4cb365,time_value,,,1,1,2025-02-18,2025-02-18,,,783,,,2025-02-19,784,False,,,2025-09-04,,,,,,,"{""market_momentum"": 0.033550807923737436, ""market_volatility"": 0.006850114647510945, ""momentum"": -0.06976744186046513, ""volatility"": 0.018391537708682536, ""volume_state"": 14.769861843086902}",assumed_next_daily_close,,2,0000018230,,0.033550807923737436,0.006850114647510945,-0.06976744186046513,,,,,,,72ac797f7e8b06ab2a2713c9,False,,,,,,,,,,,,,,,,,,,,,,,,,,,,,,,,,,,,,,,,,,,,,,,,bounded_preclose_bid_ask,,,,False,not_requested_for_horizon_or_variant,,,no_standard_contract_within_rules,ordinary,protective_put,,no_standard_contract_within_rules,,,False,,H24,1,CAT,,primary,0.018391537708682536,14.769861843086902,2025
,,,7b19893dda9606f5ff4cb365,time_value,,,1,1,2025-02-18,2025-02-18,,,783,,,2025-02-19,784,False,,,2025-09-04,,,,,,,"{""market_momentum"": 0.033550807923737436, ""market_volatility"": 0.006850114647510945, ""momentum"": -0.06976744186046513, ""volatility"": 0.018391537708682536, ""volume_state"": 14.769861843086902}",assumed_next_daily_close,,2,0000018230,,0.033550807923737436,0.006850114647510945,-0.06976744186046513,,,,,,,72ac797f7e8b06ab2a2713c9,False,,,,,,,,,,,,,,,,,,,,,,,,,,,,,,,,,,,,,,,,,,,,,,,,bounded_preclose_bid_ask,,,,False,not_requested_for_horizon_or_variant,,,no_standard_contract_within_rules,ordinary,protective_put,,no_standard_contract_within_rules,,,True,,H24,1,CAT,,primary,0.018391537708682536,14.769861843086902,2025
,,,7b19893dda9606f5ff4cb365,time_value,,,1,1,2025-02-18,2025-02-18,,,783,,,2025-02-19,784,False,,,2025-09-04,,,,,,,"{""market_momentum"": 0.033550807923737436, ""market_volatility"": 0.006850114647510945, ""momentum"": -0.06976744186046513, ""volatility"": 0.018391537708682536, ""volume_state"": 14.769861843086902}",assumed_next_daily_close,,3,0000018230,,0.033550807923737436,0.006850114647510945,-0.06976744186046513,,,,,,,72ac797f7e8b06ab2a2713c9,False,,,,,,,,,,,,,,,,,,,,,,,,,,,,,,,,,,,,,,,,,,,,,,,,bounded_preclose_bid_ask,,,,False,not_requested_for_horizon_or_variant,,,no_standard_contract_within_rules,ordinary,protective_put,,no_standard_contract_within_rules,,,False,,H24,1,CAT,,primary,0.018391537708682536,14.769861843086902,2025
,,,7b19893dda9606f5ff4cb365,time_value,,,1,1,2025-02-18,2025-02-18,,,783,,,2025-02-19,784,False,,,2025-09-04,,,,,,,"{""market_momentum"": 0.033550807923737436, ""market_volatility"": 0.006850114647510945, ""momentum"": -0.06976744186046513, ""volatility"": 0.018391537708682536, ""volume_state"": 14.769861843086902}",assumed_next_daily_close,,3,0000018230,,0.033550807923737436,0.006850114647510945,-0.06976744186046513,,,,,,,72ac797f7e8b06ab2a2713c9,False,,,,,,,,,,,,,,,,,,,,,,,,,,,,,,,,,,,,,,,,,,,,,,,,bounded_preclose_bid_ask,,,,False,not_requested_for_horizon_or_variant,,,no_standard_contract_within_rules,ordinary,protective_put,,no_standard_contract_within_rules,,,True,,H24,1,CAT,,primary,0.018391537708682536,14.769861843086902,2025
,,,7b19893dda9606f5ff4cb365,time_value,,,1,1,2025-02-18,2025-02-18,,,783,,,2025-02-19,784,False,,,2025-09-04,,,,,,,"{""market_momentum"": 0.033550807923737436, ""market_volatility"": 0.006850114647510945, ""momentum"": -0.06976744186046513, ""volatility"": 0.018391537708682536, ""volume_state"": 14.769861843086902}",assumed_next_daily_close,,5,0000018230,,0.033550807923737436,0.006850114647510945,-0.06976744186046513,,,,,,,72ac797f7e8b06ab2a2713c9,False,,,,,,,,,,,,,,,,,,,,,,,,,,,,,,,,,,,,,,,,,,,,,,,,bounded_preclose_bid_ask,,,,False,not_requested_for_horizon_or_variant,,,no_standard_contract_within_rules,ordinary,protective_put,,no_standard_contract_within_rules,,,False,,H24,1,CAT,,primary,0.018391537708682536,14.769861843086902,2025
,,,7b19893dda9606f5ff4cb365,time_value,,,1,1,2025-02-18,2025-02-18,,,783,,,2025-02-19,784,False,,,2025-09-04,,,,,,,"{""market_momentum"": 0.033550807923737436, ""market_volatility"": 0.006850114647510945, ""momentum"": -0.06976744186046513, ""volatility"": 0.018391537708682536, ""volume_state"": 14.769861843086902}",assumed_next_daily_close,,5,0000018230,,0.033550807923737436,0.006850114647510945,-0.06976744186046513,,,,,,,72ac797f7e8b06ab2a2713c9,False,,,,,,,,,,,,,,,,,,,,,,,,,,,,,,,,,,,,,,,,,,,,,,,,bounded_preclose_bid_ask,,,,False,not_requested_for_horizon_or_variant,,,no_standard_contract_within_rules,ordinary,protective_put,,no_standard_contract_within_rules,,,True,,H24,1,CAT,,primary,0.018391537708682536,14.769861843086902,2025
,,,7b19893dda9606f5ff4cb365,time_value,,,1,1,2025-02-18,2025-02-18,,,783,,,2025-02-19,784,False,,,2025-09-04,,,,,,,"{""market_momentum"": 0.033550807923737436, ""market_volatility"": 0.006850114647510945, ""momentum"": -0.06976744186046513, ""volatility"": 0.018391537708682536, ""volume_state"": 14.769861843086902}",assumed_next_daily_close,,10,0000018230,,0.033550807923737436,0.006850114647510945,-0.06976744186046513,,,,,,,72ac797f7e8b06ab2a2713c9,False,,,,,,,,,,,,,,,,,,,,,,,,,,,,,,,,,,,,,,,,,,,,,,,,bounded_preclose_bid_ask,,,,False,not_sampled_or_missing_quotes,,,no_standard_contract_within_rules,ordinary,protective_put,,no_standard_contract_within_rules,,,False,,H24,1,CAT,,primary,0.018391537708682536,14.769861843086902,2025
,,,7b19893dda9606f5ff4cb365,time_value,,,1,1,2025-02-18,2025-02-18,,,783,,,2025-02-19,784,False,,,2025-09-04,,,,,,,"{""market_momentum"": 0.033550807923737436, ""market_volatility"": 0.006850114647510945, ""momentum"": -0.06976744186046513, ""volatility"": 0.018391537708682536, ""volume_state"": 14.769861843086902}",assumed_next_daily_close,,10,0000018230,,0.033550807923737436,0.006850114647510945,-0.06976744186046513,,,,,,,72ac797f7e8b06ab2a2713c9,False,,,,,,,,,,,,,,,,,,,,,,,,,,,,,,,,,,,,,,,,,,,,,,,,bounded_preclose_bid_ask,,,,False,not_sampled_or_missing_quotes,,,no_standard_contract_within_rules,ordinary,protective_put,,no_standard_contract_within_rules,,,True,,H24,1,CAT,,primary,0.018391537708682536,14.769861843086902,2025
,,,7b19893dda9606f5ff4cb365,time_value,,,1,1,2025-02-18,2025-02-18,,,783,,,2025-02-19,784,False,,,2025-09-04,,,,,,,"{""market_momentum"": 0.033550807923737436, ""market_volatility"": 0.006850114647510945, ""momentum"": -0.06976744186046513, ""volatility"": 0.018391537708682536, ""volume_state"": 14.769861843086902}",assumed_next_daily_close,,21,0000018230,,0.033550807923737436,0.006850114647510945,-0.06976744186046513,,,,,,,72ac797f7e8b06ab2a2713c9,False,,,,,,,,,,,,,,,,,,,,,,,,,,,,,,,,,,,,,,,,,,,,,,,,bounded_preclose_bid_ask,,,,False,not_requested_for_horizon_or_variant,,,no_standard_contract_within_rules,ordinary,protective_put,,no_standard_contract_within_rules,,,False,,H24,1,CAT,,primary,0.018391537708682536,14.769861843086902,2025
,,,7b19893dda9606f5ff4cb365,time_value,,,1,1,2025-02-18,2025-02-18,,,783,,,2025-02-19,784,False,,,2025-09-04,,,,,,,"{""market_momentum"": 0.033550807923737436, ""market_volatility"": 0.006850114647510945, ""momentum"": -0.06976744186046513, ""volatility"": 0.018391537708682536, ""volume_state"": 14.769861843086902}",assumed_next_daily_close,,21,0000018230,,0.033550807923737436,0.006850114647510945,-0.06976744186046513,,,,,,,72ac797f7e8b06ab2a2713c9,False,,,,,,,,,,,,,,,,,,,,,,,,,,,,,,,,,,,,,,,,,,,,,,,,bounded_preclose_bid_ask,,,,False,not_requested_for_horizon_or_variant,,,no_standard_contract_within_rules,ordinary,protective_put,,no_standard_contract_within_rules,,,True,,H24,1,CAT,,primary,0.018391537708682536,14.769861843086902,2025
,,,7b19893dda9606f5ff4cb365,time_value,,,1,1,2025-02-18,2025-02-18,,,783,,,2025-02-19,784,False,,,2025-09-04,,,,,,,"{""market_momentum"": 0.033550807923737436, ""market_volatility"": 0.006850114647510945, ""momentum"": -0.06976744186046513, ""volatility"": 0.018391537708682536, ""volume_state"": 14.769861843086902}",assumed_next_daily_close,,42,0000018230,,0.033550807923737436,0.006850114647510945,-0.06976744186046513,,,,,,,72ac797f7e8b06ab2a2713c9,False,,,,,,,,,,,,,,,,,,,,,,,,,,,,,,,,,,,,,,,,,,,,,,,,bounded_preclose_bid_ask,,,,False,not_requested_for_horizon_or_variant,,,no_standard_contract_within_rules,ordinary,protective_put,,no_standard_contract_within_rules,,,False,,H24,1,CAT,,primary,0.018391537708682536,14.769861843086902,2025
,,,7b19893dda9606f5ff4cb365,time_value,,,1,1,2025-02-18,2025-02-18,,,783,,,2025-02-19,784,False,,,2025-09-04,,,,,,,"{""market_momentum"": 0.033550807923737436, ""market_volatility"": 0.006850114647510945, ""momentum"": -0.06976744186046513, ""volatility"": 0.018391537708682536, ""volume_state"": 14.769861843086902}",assumed_next_daily_close,,42,0000018230,,0.033550807923737436,0.006850114647510945,-0.06976744186046513,,,,,,,72ac797f7e8b06ab2a2713c9,False,,,,,,,,,,,,,,,,,,,,,,,,,,,,,,,,,,,,,,,,,,,,,,,,bounded_preclose_bid_ask,,,,False,not_requested_for_horizon_or_variant,,,no_standard_contract_within_rules,ordinary,protective_put,,no_standard_contract_within_rules,,,True,,H24,1,CAT,,primary,0.018391537708682536,14.769861843086902,2025
,,,7b19893dda9606f5ff4cb365,time_value,,,1,1,2025-02-18,2025-02-18,,,783,,,2025-02-19,784,False,,,2025-09-04,,,,,,,"{""market_momentum"": 0.033550807923737436, ""market_volatility"": 0.006850114647510945, ""momentum"": -0.06976744186046513, ""volatility"": 0.018391537708682536, ""volume_state"": 14.769861843086902}",assumed_next_daily_close,,63,0000018230,,0.033550807923737436,0.006850114647510945,-0.06976744186046513,,,,,,,72ac797f7e8b06ab2a2713c9,False,,,,,,,,,,,,,,,,,,,,,,,,,,,,,,,,,,,,,,,,,,,,,,,,bounded_preclose_bid_ask,,,,False,not_requested_for_horizon_or_variant,,,no_standard_contract_within_rules,ordinary,protective_put,,no_standard_contract_within_rules,,,False,,H24,1,CAT,,primary,0.018391537708682536,14.769861843086902,2025
,,,7b19893dda9606f5ff4cb365,time_value,,,1,1,2025-02-18,2025-02-18,,,783,,,2025-02-19,784,False,,,2025-09-04,,,,,,,"{""market_momentum"": 0.033550807923737436, ""market_volatility"": 0.006850114647510945, ""momentum"": -0.06976744186046513, ""volatility"": 0.018391537708682536, ""volume_state"": 14.769861843086902}",assumed_next_daily_close,,63,0000018230,,0.033550807923737436,0.006850114647510945,-0.06976744186046513,,,,,,,72ac797f7e8b06ab2a2713c9,False,,,,,,,,,,,,,,,,,,,,,,,,,,,,,,,,,,,,,,,,,,,,,,,,bounded_preclose_bid_ask,,,,False,not_requested_for_horizon_or_variant,,,no_standard_contract_within_rules,ordinary,protective_put,,no_standard_contract_within_rules,,,True,,H24,1,CAT,,primary,0.018391537708682536,14.769861843086902,2025
,,,7b19893dda9606f5ff4cb365,time_value,,,1,1,2025-02-18,2025-02-18,,,783,,,2025-02-19,784,False,,,2025-09-04,,,,,,,"{""market_momentum"": 0.033550807923737436, ""market_volatility"": 0.006850114647510945, ""momentum"": -0.06976744186046513, ""volatility"": 0.018391537708682536, ""volume_state"": 14.769861843086902}",assumed_next_daily_close,,expiry,0000018230,,0.033550807923737436,0.006850114647510945,-0.06976744186046513,,,,,,,72ac797f7e8b06ab2a2713c9,False,,,,,,,,,,,,,,,,,,,,,,,,,,,,,,,,,,,,,,,,,,,,,,,,bounded_preclose_bid_ask,,,,False,not_requested_for_horizon_or_variant,,,no_standard_contract_within_rules,ordinary,protective_put,,no_standard_contract_within_rules,,,False,,H24,1,CAT,,primary,0.018391537708682536,14.769861843086902,2025
,,,7b19893dda9606f5ff4cb365,time_value,,,1,1,2025-02-18,2025-02-18,,,783,,,2025-02-19,784,False,,,2025-09-04,,,,,,,"{""market_momentum"": 0.033550807923737436, ""market_volatility"": 0.006850114647510945, ""momentum"": -0.06976744186046513, ""volatility"": 0.018391537708682536, ""volume_state"": 14.769861843086902}",assumed_next_daily_close,,expiry,0000018230,,0.033550807923737436,0.006850114647510945,-0.06976744186046513,,,,,,,72ac797f7e8b06ab2a2713c9,False,,,,,,,,,,,,,,,,,,,,,,,,,,,,,,,,,,,,,,,,,,,,,,,,bounded_preclose_bid_ask,,,,False,not_requested_for_horizon_or_variant,,,no_standard_contract_within_rules,ordinary,protective_put,,no_standard_contract_within_rules,,,True,,H24,1,CAT,,primary,0.018391537708682536,14.769861843086902,2025
,,,7d20ee7557e3f089e133060b,time_value,,,1,1,2025-04-01,2025-04-01,,,813,,,2025-04-02,814,False,,,2025-04-01,,,,,,,"{""market_momentum"": -0.039056477722390626, ""market_volatility"": 0.012456155150478673, ""momentum"": 0.04631986154942469, ""volatility"": 0.028612233467315878, ""volume_state"": 17.330591996479754}",assumed_next_daily_close,,1,0000002488,,-0.039056477722390626,0.012456155150478673,0.04631986154942469,,,,,,,d0f8bb099b163d06e3b72da6,False,,,,,,,,,,,,,,,,,,,,,,,,,,,,,,,,,,,,,,,,,,,,,,,,bounded_preclose_bid_ask,,,,False,not_requested_for_horizon_or_variant,,,no_standard_contract_within_rules,event,covered_call,,no_standard_contract_within_rules,,,False,,H24,1,AMD,,primary,0.028612233467315878,17.330591996479754,2025
,,,7d20ee7557e3f089e133060b,time_value,,,1,1,2025-04-01,2025-04-01,,,813,,,2025-04-02,814,False,,,2025-04-01,,,,,,,"{""market_momentum"": -0.039056477722390626, ""market_volatility"": 0.012456155150478673, ""momentum"": 0.04631986154942469, ""volatility"": 0.028612233467315878, ""volume_state"": 17.330591996479754}",assumed_next_daily_close,,1,0000002488,,-0.039056477722390626,0.012456155150478673,0.04631986154942469,,,,,,,d0f8bb099b163d06e3b72da6,False,,,,,,,,,,,,,,,,,,,,,,,,,,,,,,,,,,,,,,,,,,,,,,,,bounded_preclose_bid_ask,,,,False,not_requested_for_horizon_or_variant,,,no_standard_contract_within_rules,event,covered_call,,no_standard_contract_within_rules,,,True,,H24,1,AMD,,primary,0.028612233467315878,17.330591996479754,2025
,,,7d20ee7557e3f089e133060b,time_value,,,1,1,2025-04-01,2025-04-01,,,813,,,2025-04-02,814,False,,,2025-04-01,,,,,,,"{""market_momentum"": -0.039056477722390626, ""market_volatility"": 0.012456155150478673, ""momentum"": 0.04631986154942469, ""volatility"": 0.028612233467315878, ""volume_state"": 17.330591996479754}",assumed_next_daily_close,,2,0000002488,,-0.039056477722390626,0.012456155150478673,0.04631986154942469,,,,,,,d0f8bb099b163d06e3b72da6,False,,,,,,,,,,,,,,,,,,,,,,,,,,,,,,,,,,,,,,,,,,,,,,,,bounded_preclose_bid_ask,,,,False,not_requested_for_horizon_or_variant,,,no_standard_contract_within_rules,event,covered_call,,no_standard_contract_within_rules,,,False,,H24,1,AMD,,primary,0.028612233467315878,17.330591996479754,2025
,,,7d20ee7557e3f089e133060b,time_value,,,1,1,2025-04-01,2025-04-01,,,813,,,2025-04-02,814,False,,,2025-04-01,,,,,,,"{""market_momentum"": -0.039056477722390626, ""market_volatility"": 0.012456155150478673, ""momentum"": 0.04631986154942469, ""volatility"": 0.028612233467315878, ""volume_state"": 17.330591996479754}",assumed_next_daily_close,,2,0000002488,,-0.039056477722390626,0.012456155150478673,0.04631986154942469,,,,,,,d0f8bb099b163d06e3b72da6,False,,,,,,,,,,,,,,,,,,,,,,,,,,,,,,,,,,,,,,,,,,,,,,,,bounded_preclose_bid_ask,,,,False,not_requested_for_horizon_or_variant,,,no_standard_contract_within_rules,event,covered_call,,no_standard_contract_within_rules,,,True,,H24,1,AMD,,primary,0.028612233467315878,17.330591996479754,2025
,,,7d20ee7557e3f089e133060b,time_value,,,1,1,2025-04-01,2025-04-01,,,813,,,2025-04-02,814,False,,,2025-04-01,,,,,,,"{""market_momentum"": -0.039056477722390626, ""market_volatility"": 0.012456155150478673, ""momentum"": 0.04631986154942469, ""volatility"": 0.028612233467315878, ""volume_state"": 17.330591996479754}",assumed_next_daily_close,,3,0000002488,,-0.039056477722390626,0.012456155150478673,0.04631986154942469,,,,,,,d0f8bb099b163d06e3b72da6,False,,,,,,,,,,,,,,,,,,,,,,,,,,,,,,,,,,,,,,,,,,,,,,,,bounded_preclose_bid_ask,,,,False,not_requested_for_horizon_or_variant,,,no_standard_contract_within_rules,event,covered_call,,no_standard_contract_within_rules,,,False,,H24,1,AMD,,primary,0.028612233467315878,17.330591996479754,2025
,,,7d20ee7557e3f089e133060b,time_value,,,1,1,2025-04-01,2025-04-01,,,813,,,2025-04-02,814,False,,,2025-04-01,,,,,,,"{""market_momentum"": -0.039056477722390626, ""market_volatility"": 0.012456155150478673, ""momentum"": 0.04631986154942469, ""volatility"": 0.028612233467315878, ""volume_state"": 17.330591996479754}",assumed_next_daily_close,,3,0000002488,,-0.039056477722390626,0.012456155150478673,0.04631986154942469,,,,,,,d0f8bb099b163d06e3b72da6,False,,,,,,,,,,,,,,,,,,,,,,,,,,,,,,,,,,,,,,,,,,,,,,,,bounded_preclose_bid_ask,,,,False,not_requested_for_horizon_or_variant,,,no_standard_contract_within_rules,event,covered_call,,no_standard_contract_within_rules,,,True,,H24,1,AMD,,primary,0.028612233467315878,17.330591996479754,2025
,,,7d20ee7557e3f089e133060b,time_value,,,1,1,2025-04-01,2025-04-01,,,813,,,2025-04-02,814,False,,,2025-04-01,,,,,,,"{""market_momentum"": -0.039056477722390626, ""market_volatility"": 0.012456155150478673, ""momentum"": 0.04631986154942469, ""volatility"": 0.028612233467315878, ""volume_state"": 17.330591996479754}",assumed_next_daily_close,,5,0000002488,,-0.039056477722390626,0.012456155150478673,0.04631986154942469,,,,,,,d0f8bb099b163d06e3b72da6,False,,,,,,,,,,,,,,,,,,,,,,,,,,,,,,,,,,,,,,,,,,,,,,,,bounded_preclose_bid_ask,,,,False,not_requested_for_horizon_or_variant,,,no_standard_contract_within_rules,event,covered_call,,no_standard_contract_within_rules,,,False,,H24,1,AMD,,primary,0.028612233467315878,17.330591996479754,2025
,,,7d20ee7557e3f089e133060b,time_value,,,1,1,2025-04-01,2025-04-01,,,813,,,2025-04-02,814,False,,,2025-04-01,,,,,,,"{""market_momentum"": -0.039056477722390626, ""market_volatility"": 0.012456155150478673, ""momentum"": 0.04631986154942469, ""volatility"": 0.028612233467315878, ""volume_state"": 17.330591996479754}",assumed_next_daily_close,,5,0000002488,,-0.039056477722390626,0.012456155150478673,0.04631986154942469,,,,,,,d0f8bb099b163d06e3b72da6,False,,,,,,,,,,,,,,,,,,,,,,,,,,,,,,,,,,,,,,,,,,,,,,,,bounded_preclose_bid_ask,,,,False,not_requested_for_horizon_or_variant,,,no_standard_contract_within_rules,event,covered_call,,no_standard_contract_within_rules,,,True,,H24,1,AMD,,primary,0.028612233467315878,17.330591996479754,2025
,,,7d20ee7557e3f089e133060b,time_value,,,1,1,2025-04-01,2025-04-01,,,813,,,2025-04-02,814,False,,,2025-04-01,,,,,,,"{""market_momentum"": -0.039056477722390626, ""market_volatility"": 0.012456155150478673, ""momentum"": 0.04631986154942469, ""volatility"": 0.028612233467315878, ""volume_state"": 17.330591996479754}",assumed_next_daily_close,,10,0000002488,,-0.039056477722390626,0.012456155150478673,0.04631986154942469,,,,,,,d0f8bb099b163d06e3b72da6,False,,,,,,,,,,,,,,,,,,,,,,,,,,,,,,,,,,,,,,,,,,,,,,,,bounded_preclose_bid_ask,,,,False,not_sampled_or_missing_quotes,,,no_standard_contract_within_rules,event,covered_call,,no_standard_contract_within_rules,,,False,,H24,1,AMD,,primary,0.028612233467315878,17.330591996479754,2025
,,,7d20ee7557e3f089e133060b,time_value,,,1,1,2025-04-01,2025-04-01,,,813,,,2025-04-02,814,False,,,2025-04-01,,,,,,,"{""market_momentum"": -0.039056477722390626, ""market_volatility"": 0.012456155150478673, ""momentum"": 0.04631986154942469, ""volatility"": 0.028612233467315878, ""volume_state"": 17.330591996479754}",assumed_next_daily_close,,10,0000002488,,-0.039056477722390626,0.012456155150478673,0.04631986154942469,,,,,,,d0f8bb099b163d06e3b72da6,False,,,,,,,,,,,,,,,,,,,,,,,,,,,,,,,,,,,,,,,,,,,,,,,,bounded_preclose_bid_ask,,,,False,not_sampled_or_missing_quotes,,,no_standard_contract_within_rules,event,covered_call,,no_standard_contract_within_rules,,,True,,H24,1,AMD,,primary,0.028612233467315878,17.330591996479754,2025
,,,7d20ee7557e3f089e133060b,time_value,,,1,1,2025-04-01,2025-04-01,,,813,,,2025-04-02,814,False,,,2025-04-01,,,,,,,"{""market_momentum"": -0.039056477722390626, ""market_volatility"": 0.012456155150478673, ""momentum"": 0.04631986154942469, ""volatility"": 0.028612233467315878, ""volume_state"": 17.330591996479754}",assumed_next_daily_close,,21,0000002488,,-0.039056477722390626,0.012456155150478673,0.04631986154942469,,,,,,,d0f8bb099b163d06e3b72da6,False,,,,,,,,,,,,,,,,,,,,,,,,,,,,,,,,,,,,,,,,,,,,,,,,bounded_preclose_bid_ask,,,,False,not_requested_for_horizon_or_variant,,,no_standard_contract_within_rules,event,covered_call,,no_standard_contract_within_rules,,,False,,H24,1,AMD,,primary,0.028612233467315878,17.330591996479754,2025
,,,7d20ee7557e3f089e133060b,time_value,,,1,1,2025-04-01,2025-04-01,,,813,,,2025-04-02,814,False,,,2025-04-01,,,,,,,"{""market_momentum"": -0.039056477722390626, ""market_volatility"": 0.012456155150478673, ""momentum"": 0.04631986154942469, ""volatility"": 0.028612233467315878, ""volume_state"": 17.330591996479754}",assumed_next_daily_close,,21,0000002488,,-0.039056477722390626,0.012456155150478673,0.04631986154942469,,,,,,,d0f8bb099b163d06e3b72da6,False,,,,,,,,,,,,,,,,,,,,,,,,,,,,,,,,,,,,,,,,,,,,,,,,bounded_preclose_bid_ask,,,,False,not_requested_for_horizon_or_variant,,,no_standard_contract_within_rules,event,covered_call,,no_standard_contract_within_rules,,,True,,H24,1,AMD,,primary,0.028612233467315878,17.330591996479754,2025
,,,7d20ee7557e3f089e133060b,time_value,,,1,1,2025-04-01,2025-04-01,,,813,,,2025-04-02,814,False,,,2025-04-01,,,,,,,"{""market_momentum"": -0.039056477722390626, ""market_volatility"": 0.012456155150478673, ""momentum"": 0.04631986154942469, ""volatility"": 0.028612233467315878, ""volume_state"": 17.330591996479754}",assumed_next_daily_close,,42,0000002488,,-0.039056477722390626,0.012456155150478673,0.04631986154942469,,,,,,,d0f8bb099b163d06e3b72da6,False,,,,,,,,,,,,,,,,,,,,,,,,,,,,,,,,,,,,,,,,,,,,,,,,bounded_preclose_bid_ask,,,,False,not_requested_for_horizon_or_variant,,,no_standard_contract_within_rules,event,covered_call,,no_standard_contract_within_rules,,,False,,H24,1,AMD,,primary,0.028612233467315878,17.330591996479754,2025
,,,7d20ee7557e3f089e133060b,time_value,,,1,1,2025-04-01,2025-04-01,,,813,,,2025-04-02,814,False,,,2025-04-01,,,,,,,"{""market_momentum"": -0.039056477722390626, ""market_volatility"": 0.012456155150478673, ""momentum"": 0.04631986154942469, ""volatility"": 0.028612233467315878, ""volume_state"": 17.330591996479754}",assumed_next_daily_close,,42,0000002488,,-0.039056477722390626,0.012456155150478673,0.04631986154942469,,,,,,,d0f8bb099b163d06e3b72da6,False,,,,,,,,,,,,,,,,,,,,,,,,,,,,,,,,,,,,,,,,,,,,,,,,bounded_preclose_bid_ask,,,,False,not_requested_for_horizon_or_variant,,,no_standard_contract_within_rules,event,covered_call,,no_standard_contract_within_rules,,,True,,H24,1,AMD,,primary,0.028612233467315878,17.330591996479754,2025
,,,7d20ee7557e3f089e133060b,time_value,,,1,1,2025-04-01,2025-04-01,,,813,,,2025-04-02,814,False,,,2025-04-01,,,,,,,"{""market_momentum"": -0.039056477722390626, ""market_volatility"": 0.012456155150478673, ""momentum"": 0.04631986154942469, ""volatility"": 0.028612233467315878, ""volume_state"": 17.330591996479754}",assumed_next_daily_close,,63,0000002488,,-0.039056477722390626,0.012456155150478673,0.04631986154942469,,,,,,,d0f8bb099b163d06e3b72da6,False,,,,,,,,,,,,,,,,,,,,,,,,,,,,,,,,,,,,,,,,,,,,,,,,bounded_preclose_bid_ask,,,,False,not_requested_for_horizon_or_variant,,,no_standard_contract_within_rules,event,covered_call,,no_standard_contract_within_rules,,,False,,H24,1,AMD,,primary,0.028612233467315878,17.330591996479754,2025
,,,7d20ee7557e3f089e133060b,time_value,,,1,1,2025-04-01,2025-04-01,,,813,,,2025-04-02,814,False,,,2025-04-01,,,,,,,"{""market_momentum"": -0.039056477722390626, ""market_volatility"": 0.012456155150478673, ""momentum"": 0.04631986154942469, ""volatility"": 0.028612233467315878, ""volume_state"": 17.330591996479754}",assumed_next_daily_close,,63,0000002488,,-0.039056477722390626,0.012456155150478673,0.04631986154942469,,,,,,,d0f8bb099b163d06e3b72da6,False,,,,,,,,,,,,,,,,,,,,,,,,,,,,,,,,,,,,,,,,,,,,,,,,bounded_preclose_bid_ask,,,,False,not_requested_for_horizon_or_variant,,,no_standard_contract_within_rules,event,covered_call,,no_standard_contract_within_rules,,,True,,H24,1,AMD,,primary,0.028612233467315878,17.330591996479754,2025
,,,7d20ee7557e3f089e133060b,time_value,,,1,1,2025-04-01,2025-04-01,,,813,,,2025-04-02,814,False,,,2025-04-01,,,,,,,"{""market_momentum"": -0.039056477722390626, ""market_volatility"": 0.012456155150478673, ""momentum"": 0.04631986154942469, ""volatility"": 0.028612233467315878, ""volume_state"": 17.330591996479754}",assumed_next_daily_close,,expiry,0000002488,,-0.039056477722390626,0.012456155150478673,0.04631986154942469,,,,,,,d0f8bb099b163d06e3b72da6,False,,,,,,,,,,,,,,,,,,,,,,,,,,,,,,,,,,,,,,,,,,,,,,,,bounded_preclose_bid_ask,,,,False,not_requested_for_horizon_or_variant,,,no_standard_contract_within_rules,event,covered_call,,no_standard_contract_within_rules,,,False,,H24,1,AMD,,primary,0.028612233467315878,17.330591996479754,2025
,,,7d20ee7557e3f089e133060b,time_value,,,1,1,2025-04-01,2025-04-01,,,813,,,2025-04-02,814,False,,,2025-04-01,,,,,,,"{""market_momentum"": -0.039056477722390626, ""market_volatility"": 0.012456155150478673, ""momentum"": 0.04631986154942469, ""volatility"": 0.028612233467315878, ""volume_state"": 17.330591996479754}",assumed_next_daily_close,,expiry,0000002488,,-0.039056477722390626,0.012456155150478673,0.04631986154942469,,,,,,,d0f8bb099b163d06e3b72da6,False,,,,,,,,,,,,,,,,,,,,,,,,,,,,,,,,,,,,,,,,,,,,,,,,bounded_preclose_bid_ask,,,,False,not_requested_for_horizon_or_variant,,,no_standard_contract_within_rules,event,covered_call,,no_standard_contract_within_rules,,,True,,H24,1,AMD,,primary,0.028612233467315878,17.330591996479754,2025
0.059610260696933315,2024-03-27,560,7fec0d89c8e0949d5473989d,time_value,49.167,O:BA240719P00180000,1,1,2024-03-25,2024-03-25,116,0.04101144140849485,558,0.0,0.006122666666666745,2024-03-26,559,True,2024-03-27,560,2024-10-16,20,8972192.0,2024-03-27,scheduled_exit,560,2024-07-19,"{""market_momentum"": 0.023471497489416127, ""market_volatility"": 0.006080918530468033, ""momentum"": -0.04690534282726688, ""volatility"": 0.017979831931677598, ""volume_state"": 16.021457434942242}",assumed_next_daily_close,18750.0,1,0000012927,0,0.023471497489416127,0.006080918530468033,-0.04690534282726688,168.43300000000005,0.008983093333333336,57.4,9.1,7.4,-169.99999999999994,7eff69414c40079dd291efa5,True,0.007575757575757576,132,1.1067034065636765e-05,9035844.6,,,,,,,,,,,,,,,,,,,,,,,,,,,,,,,,,,,,,,,,,,,,bounded_preclose_bid_ask,,,,False,not_requested_for_horizon_or_variant,,,,ordinary,protective_put,100,completed,187.5,191.95,False,445.0,H24,1,BA,106.56700000000001,primary,0.017979831931677598,16.021457434942242,2024
0.059610260696933315,2024-03-27,560,7fec0d89c8e0949d5473989d,time_value,11.517,O:BA240719P00180000,1,1,2024-03-25,2024-03-25,116,0.04101144140849485,558,0.0,0.0012,2024-03-26,559,True,2024-03-27,560,2024-10-16,20,8972192.0,2024-03-27,scheduled_exit,560,2024-07-19,"{""market_momentum"": 0.023471497489416127, ""market_volatility"": 0.006080918530468033, ""momentum"": -0.04690534282726688, ""volatility"": 0.017979831931677598, ""volume_state"": 16.021457434942242}",assumed_next_daily_close,18750.0,1,0000012927,0,0.023471497489416127,0.006080918530468033,-0.04690534282726688,422.233,0.022519093333333334,11.249999999999998,9.1,0.0,-0.0,7eff69414c40079dd291efa5,True,0.007575757575757576,132,1.1067034065636765e-05,9035844.6,,,,,,,,,,,,,,,,,,,,,,,,,,,,,,,,,,,,,,,,,,,,bounded_preclose_bid_ask,,,,False,not_requested_for_horizon_or_variant,,,,ordinary,protective_put,100,completed,187.5,191.95,True,445.0,H24,1,BA,22.766999999999996,primary,0.017979831931677598,16.021457434942242,2024
0.059610260696933315,2024-03-28,561,7fec0d89c8e0949d5473989d,time_value,45.4794,O:BA240719P00180000,1,1,2024-03-25,2024-03-25,116,0.04101144140849485,558,0.0,0.006122666666666745,2024-03-26,559,True,2024-03-28,561,2024-10-16,20,8972192.0,2024-03-28,scheduled_exit,561,2024-07-19,"{""market_momentum"": 0.023471497489416127, ""market_volatility"": 0.006080918530468033, ""momentum"": -0.04690534282726688, ""volatility"": 0.017979831931677598, ""volume_state"": 16.021457434942242}",assumed_next_daily_close,18750.0,2,0000012927,0,0.023471497489416127,0.006080918530468033,-0.04690534282726688,201.12060000000005,0.010726432000000003,57.4,9.1,6.65,-244.99999999999994,7eff69414c40079dd291efa5,True,0.007575757575757576,132,1.1067034065636765e-05,9035844.6,,,,,,,,,,,,,,,,,,,,,,,,,,,,,,,,,,,,,,,,,,,,bounded_preclose_bid_ask,,,,False,not_requested_for_horizon_or_variant,,,,ordinary,protective_put,100,completed,187.5,192.99,False,549.0,H24,1,BA,102.8794,primary,0.017979831931677598,16.021457434942242,2024
0.059610260696933315,2024-03-28,561,7fec0d89c8e0949d5473989d,time_value,11.5794,O:BA240719P00180000,1,1,2024-03-25,2024-03-25,116,0.04101144140849485,558,0.0,0.0012,2024-03-26,559,True,2024-03-28,561,2024-10-16,20,8972192.0,2024-03-28,scheduled_exit,561,2024-07-19,"{""market_momentum"": 0.023471497489416127, ""market_volatility"": 0.006080918530468033, ""momentum"": -0.04690534282726688, ""volatility"": 0.017979831931677598, ""volume_state"": 16.021457434942242}",assumed_next_daily_close,18750.0,2,0000012927,0,0.023471497489416127,0.006080918530468033,-0.04690534282726688,526.1706,0.028062432000000002,11.249999999999998,9.1,0.0,-0.0,7eff69414c40079dd291efa5,True,0.007575757575757576,132,1.1067034065636765e-05,9035844.6,,,,,,,,,,,,,,,,,,,,,,,,,,,,,,,,,,,,,,,,,,,,bounded_preclose_bid_ask,,,,False,not_requested_for_horizon_or_variant,,,,ordinary,protective_put,100,completed,187.5,192.99,True,549.0,H24,1,BA,22.8294,primary,0.017979831931677598,16.021457434942242,2024
0.059610260696933315,2024-04-01,562,7fec0d89c8e0949d5473989d,time_value,50.22,O:BA240719P00180000,1,1,2024-03-25,2024-03-25,116,0.04101144140849485,558,0.0,0.006122666666666745,2024-03-26,559,True,2024-04-01,562,2024-10-16,20,8972192.0,2024-04-01,scheduled_exit,562,2024-07-19,"{""market_momentum"": 0.023471497489416127, ""market_volatility"": 0.006080918530468033, ""momentum"": -0.04690534282726688, ""volatility"": 0.017979831931677598, ""volume_state"": 16.021457434942242}",assumed_next_daily_close,18750.0,3,0000012927,0,0.023471497489416127,0.006080918530468033,-0.04690534282726688,-53.62,-0.0028597333333333333,57.4,9.1,7.64,-146.0,7eff69414c40079dd291efa5,True,0.007575757575757576,132,1.1067034065636765e-05,9035844.6,,,,,,,,,,,,,,,,,,,,,,,,,,,,,,,,,,,,,,,,,,,,bounded_preclose_bid_ask,,,,False,not_requested_for_horizon_or_variant,,,,ordinary,protective_put,100,completed,187.5,189.5,False,200.0,H24,1,BA,107.62,primary,0.017979831931677598,16.021457434942242,2024
0.059610260696933315,2024-04-01,562,7fec0d89c8e0949d5473989d,time_value,11.37,O:BA240719P00180000,1,1,2024-03-25,2024-03-25,116,0.04101144140849485,558,0.0,0.0012,2024-03-26,559,True,2024-04-01,562,2024-10-16,20,8972192.0,2024-04-01,scheduled_exit,562,2024-07-19,"{""market_momentum"": 0.023471497489416127, ""market_volatility"": 0.006080918530468033, ""momentum"": -0.04690534282726688, ""volatility"": 0.017979831931677598, ""volume_state"": 16.021457434942242}",assumed_next_daily_close,18750.0,3,0000012927,0,0.023471497489416127,0.006080918530468033,-0.04690534282726688,177.38,0.009460266666666666,11.249999999999998,9.1,0.0,-0.0,7eff69414c40079dd291efa5,True,0.007575757575757576,132,1.1067034065636765e-05,9035844.6,,,,,,,,,,,,,,,,,,,,,,,,,,,,,,,,,,,,,,,,,,,,bounded_preclose_bid_ask,,,,False,not_requested_for_horizon_or_variant,,,,ordinary,protective_put,100,completed,187.5,189.5,True,200.0,H24,1,BA,22.619999999999997,primary,0.017979831931677598,16.021457434942242,2024
0.059610260696933315,2024-04-03,564,7fec0d89c8e0949d5473989d,time_value,59.7452,O:BA240719P00180000,1,1,2024-03-25,2024-03-25,116,0.04101144140849485,558,0.0,0.017341077333333333,2024-03-26,559,True,2024-04-03,564,2024-10-16,20,8972192.0,2024-04-03,scheduled_exit,564,2024-07-19,"{""market_momentum"": 0.023471497489416127, ""market_volatility"": 0.006080918530468033, ""momentum"": -0.04690534282726688, ""volatility"": 0.017979831931677598, ""volume_state"": 16.021457434942242}",assumed_next_daily_close,18750.0,5,0000012927,0,0.023471497489416127,0.006080918530468033,-0.04690534282726688,-325.1452,-0.017341077333333333,57.4,9.1,9.6,50.0,7eff69414c40079dd291efa5,True,0.007575757575757576,132,1.1067034065636765e-05,9035844.6,,,,,,,,,,,,,,,,,,,,,,,,,,,,,,,,,,,,,,,,,,,,bounded_preclose_bid_ask,,,,False,not_requested_for_horizon_or_variant,,,,ordinary,protective_put,100,completed,187.5,184.92,False,-258.0,H24,1,BA,117.14519999999999,primary,0.017979831931677598,16.021457434942242,2024
0.059610260696933315,2024-04-03,564,7fec0d89c8e0949d5473989d,time_value,11.095199999999998,O:BA240719P00180000,1,1,2024-03-25,2024-03-25,116,0.04101144140849485,558,0.0,0.014951744,2024-03-26,559,True,2024-04-03,564,2024-10-16,20,8972192.0,2024-04-03,scheduled_exit,564,2024-07-19,"{""market_momentum"": 0.023471497489416127, ""market_volatility"": 0.006080918530468033, ""momentum"": -0.04690534282726688, ""volatility"": 0.017979831931677598, ""volume_state"": 16.021457434942242}",assumed_next_daily_close,18750.0,5,0000012927,0,0.023471497489416127,0.006080918530468033,-0.04690534282726688,-280.3452,-0.014951744,11.249999999999998,9.1,0.0,-0.0,7eff69414c40079dd291efa5,True,0.007575757575757576,132,1.1067034065636765e-05,9035844.6,,,,,,,,,,,,,,,,,,,,,,,,,,,,,,,,,,,,,,,,,,,,bounded_preclose_bid_ask,,,,False,not_requested_for_horizon_or_variant,,,,ordinary,protective_put,100,completed,187.5,184.92,True,-258.0,H24,1,BA,22.3452,primary,0.017979831931677598,16.021457434942242,2024
0.059610260696933315,2024-04-10,569,7fec0d89c8e0949d5473989d,time_value,80.12780000000001,O:BA240719P00180000,1,1,2024-03-25,2024-03-25,116,0.04101144140849485,558,0.0,0.050908149333333326,2024-03-26,559,True,2024-04-10,569,2024-10-16,20,8972192.0,2024-04-10,scheduled_exit,569,2024-07-19,"{""market_momentum"": 0.023471497489416127, ""market_volatility"": 0.006080918530468033, ""momentum"": -0.04690534282726688, ""volatility"": 0.017979831931677598, ""volume_state"": 16.021457434942242}",assumed_next_daily_close,18750.0,10,0000012927,0,0.023471497489416127,0.006080918530468033,-0.04690534282726688,-954.5277999999998,-0.050908149333333326,57.4,9.1,13.8,470.0000000000001,7eff69414c40079dd291efa5,True,0.007575757575757576,132,1.1067034065636765e-05,9035844.6,,,,,,,,,,,,,,,,,,,,,,,,,,,,,,,,,,,,,,,,,,,,bounded_preclose_bid_ask,,,,False,decision_asynchronous_quotes,,,,ordinary,protective_put,100,completed,187.5,174.63,False,-1287.0,H24,1,BA,137.5278,primary,0.017979831931677598,16.021457434942242,2024
0.059610260696933315,2024-04-10,569,7fec0d89c8e0949d5473989d,time_value,10.477799999999998,O:BA240719P00180000,1,1,2024-03-25,2024-03-25,116,0.04101144140849485,558,0.0,0.069798816,2024-03-26,559,True,2024-04-10,569,2024-10-16,20,8972192.0,2024-04-10,scheduled_exit,569,2024-07-19,"{""market_momentum"": 0.023471497489416127, ""market_volatility"": 0.006080918530468033, ""momentum"": -0.04690534282726688, ""volatility"": 0.017979831931677598, ""volume_state"": 16.021457434942242}",assumed_next_daily_close,18750.0,10,0000012927,0,0.023471497489416127,0.006080918530468033,-0.04690534282726688,-1308.7278,-0.069798816,11.249999999999998,9.1,0.0,-0.0,7eff69414c40079dd291efa5,True,0.007575757575757576,132,1.1067034065636765e-05,9035844.6,,,,,,,,,,,,,,,,,,,,,,,,,,,,,,,,,,,,,,,,,,,,bounded_preclose_bid_ask,,,,False,decision_asynchronous_quotes,,,,ordinary,protective_put,100,completed,187.5,174.63,True,-1287.0,H24,1,BA,21.727799999999995,primary,0.017979831931677598,16.021457434942242,2024
0.059610260696933315,2024-04-25,580,7fec0d89c8e0949d5473989d,time_value,90.6586,O:BA240719P00180000,1,1,2024-03-25,2024-03-25,116,0.04101144140849485,558,0.0,0.0870111893333334,2024-03-26,559,True,2024-04-25,580,2024-10-16,20,8972192.0,2024-04-25,scheduled_exit,580,2024-07-19,"{""market_momentum"": 0.023471497489416127, ""market_volatility"": 0.006080918530468033, ""momentum"": -0.04690534282726688, ""volatility"": 0.017979831931677598, ""volume_state"": 16.021457434942242}",assumed_next_daily_close,18750.0,21,0000012927,0,0.023471497489416127,0.006080918530468033,-0.04690534282726688,-1527.0586,-0.08144312533333334,57.4,9.1,16,690.0,7eff69414c40079dd291efa5,True,0.007575757575757576,132,1.1067034065636765e-05,9035844.6,,,,,,,,,,,,,,,,,,,,,,,,,,,,,,,,,,,,,,,,,,,,bounded_preclose_bid_ask,,,,False,not_requested_for_horizon_or_variant,,,,ordinary,protective_put,100,completed,187.5,166.81,False,-2069.0,H24,1,BA,148.0586,primary,0.017979831931677598,16.021457434942242,2024
0.059610260696933315,2024-04-25,580,7fec0d89c8e0949d5473989d,time_value,10.0086,O:BA240719P00180000,1,1,2024-03-25,2024-03-25,116,0.04101144140849485,558,0.0,0.12469918933333335,2024-03-26,559,True,2024-04-25,580,2024-10-16,20,8972192.0,2024-04-25,scheduled_exit,580,2024-07-19,"{""market_momentum"": 0.023471497489416127, ""market_volatility"": 0.006080918530468033, ""momentum"": -0.04690534282726688, ""volatility"": 0.017979831931677598, ""volume_state"": 16.021457434942242}",assumed_next_daily_close,18750.0,21,0000012927,0,0.023471497489416127,0.006080918530468033,-0.04690534282726688,-2090.2586,-0.11148045866666667,11.249999999999998,9.1,0.0,-0.0,7eff69414c40079dd291efa5,True,0.007575757575757576,132,1.1067034065636765e-05,9035844.6,,,,,,,,,,,,,,,,,,,,,,,,,,,,,,,,,,,,,,,,,,,,bounded_preclose_bid_ask,,,,False,not_requested_for_horizon_or_variant,,,,ordinary,protective_put,100,completed,187.5,166.81,True,-2069.0,H24,1,BA,21.258599999999998,primary,0.017979831931677598,16.021457434942242,2024
0.059610260696933315,2024-05-24,601,7fec0d89c8e0949d5473989d,time_value,64.1212,O:BA240719P00180000,1,1,2024-03-25,2024-03-25,116,0.04101144140849485,558,0.0,0.0870111893333334,2024-03-26,559,True,2024-05-24,601,2024-10-16,20,8972192.0,2024-05-24,scheduled_exit,601,2024-07-19,"{""market_momentum"": 0.023471497489416127, ""market_volatility"": 0.006080918530468033, ""momentum"": -0.04690534282726688, ""volatility"": 0.017979831931677598, ""volume_state"": 16.021457434942242}",assumed_next_daily_close,18750.0,42,0000012927,0,0.023471497489416127,0.006080918530468033,-0.04690534282726688,-1269.5212000000001,-0.06770779733333335,57.4,9.1,10.6,150.0,7eff69414c40079dd291efa5,True,0.007575757575757576,132,1.1067034065636765e-05,9035844.6,,,,,,,,,,,,,,,,,,,,,,,,,,,,,,,,,,,,,,,,,,,,bounded_preclose_bid_ask,,,,False,not_requested_for_horizon_or_variant,,,,ordinary,protective_put,100,completed,187.5,174.52,False,-1298.0,H24,1,BA,121.5212,primary,0.017979831931677598,16.021457434942242,2024
0.059610260696933315,2024-05-24,601,7fec0d89c8e0949d5473989d,time_value,10.4712,O:BA240719P00180000,1,1,2024-03-25,2024-03-25,116,0.04101144140849485,558,0.0,0.12469918933333335,2024-03-26,559,True,2024-05-24,601,2024-10-16,20,8972192.0,2024-05-24,scheduled_exit,601,2024-07-19,"{""market_momentum"": 0.023471497489416127, ""market_volatility"": 0.006080918530468033, ""momentum"": -0.04690534282726688, ""volatility"": 0.017979831931677598, ""volume_state"": 16.021457434942242}",assumed_next_daily_close,18750.0,42,0000012927,0,0.023471497489416127,0.006080918530468033,-0.04690534282726688,-1319.7212,-0.07038513066666667,11.249999999999998,9.1,0.0,-0.0,7eff69414c40079dd291efa5,True,0.007575757575757576,132,1.1067034065636765e-05,9035844.6,,,,,,,,,,,,,,,,,,,,,,,,,,,,,,,,,,,,,,,,,,,,bounded_preclose_bid_ask,,,,False,not_requested_for_horizon_or_variant,,,,ordinary,protective_put,100,completed,187.5,174.52,True,-1298.0,H24,1,BA,21.721199999999996,primary,0.017979831931677598,16.021457434942242,2024
0.059610260696933315,2024-06-26,622,7fec0d89c8e0949d5473989d,time_value,40.11,O:BA240719P00180000,1,1,2024-03-25,2024-03-25,116,0.04101144140849485,558,0.0,0.0870111893333334,2024-03-26,559,True,2024-06-26,622,2024-10-16,20,8972192.0,2024-06-26,scheduled_exit,622,2024-07-19,"{""market_momentum"": 0.023471497489416127, ""market_volatility"": 0.006080918530468033, ""momentum"": -0.04690534282726688, ""volatility"": 0.017979831931677598, ""volume_state"": 16.021457434942242}",assumed_next_daily_close,18750.0,63,0000012927,0,0.023471497489416127,0.006080918530468033,-0.04690534282726688,-1332.51,-0.0710672,57.4,9.1,5.75,-334.99999999999994,7eff69414c40079dd291efa5,True,0.007575757575757576,132,1.1067034065636765e-05,9035844.6,,,,,,,,,,,,,,,,,,,,,,,,,,,,,,,,,,,,,,,,,,,,bounded_preclose_bid_ask,,,,False,not_requested_for_horizon_or_variant,,,,ordinary,protective_put,100,completed,187.5,178.5,False,-900.0,H24,1,BA,97.50999999999999,primary,0.017979831931677598,16.021457434942242,2024
0.059610260696933315,2024-06-26,622,7fec0d89c8e0949d5473989d,time_value,10.709999999999999,O:BA240719P00180000,1,1,2024-03-25,2024-03-25,116,0.04101144140849485,558,0.0,0.12469918933333335,2024-03-26,559,True,2024-06-26,622,2024-10-16,20,8972192.0,2024-06-26,scheduled_exit,622,2024-07-19,"{""market_momentum"": 0.023471497489416127, ""market_volatility"": 0.006080918530468033, ""momentum"": -0.04690534282726688, ""volatility"": 0.017979831931677598, ""volume_state"": 16.021457434942242}",assumed_next_daily_close,18750.0,63,0000012927,0,0.023471497489416127,0.006080918530468033,-0.04690534282726688,-921.96,-0.049171200000000005,11.249999999999998,9.1,0.0,-0.0,7eff69414c40079dd291efa5,True,0.007575757575757576,132,1.1067034065636765e-05,9035844.6,,,,,,,,,,,,,,,,,,,,,,,,,,,,,,,,,,,,,,,,,,,,bounded_preclose_bid_ask,,,,False,not_requested_for_horizon_or_variant,,,,ordinary,protective_put,100,completed,187.5,178.5,True,-900.0,H24,1,BA,21.959999999999997,primary,0.017979831931677598,16.021457434942242,2024
0.059610260696933315,2024-07-19,638,7fec0d89c8e0949d5473989d,time_value,11.45,O:BA240719P00180000,1,1,2024-03-25,2024-03-25,116,0.04101144140849485,558,0.0,0.09220533333333335,2024-03-26,559,True,2024-07-19,638,2024-10-16,20,8972192.0,2024-07-19,modelled_physical_expiry,638,2024-07-19,"{""market_momentum"": 0.023471497489416127, ""market_volatility"": 0.006080918530468033, ""momentum"": -0.04690534282726688, ""volatility"": 0.017979831931677598, ""volume_state"": 16.021457434942242}",assumed_next_daily_close,18750.0,expiry,0000012927,0,0.023471497489416127,0.006080918530468033,-0.04690534282726688,-1728.8500000000001,-0.09220533333333335,57.4,9.1,0.0,-910.0,7eff69414c40079dd291efa5,True,0.007575757575757576,132,1.1067034065636765e-05,9035844.6,,,,,,,,,,,,,,,,,,,,,,,,,,,,,,,,,,,,,,,,,,,,bounded_preclose_bid_ask,,,,False,not_requested_for_horizon_or_variant,,,,ordinary,protective_put,100,completed,187.5,180.0,False,-750.0,H24,1,BA,68.85,primary,0.017979831931677598,16.021457434942242,2024
0.059610260696933315,2024-07-19,638,7fec0d89c8e0949d5473989d,time_value,10.780199999999999,O:BA240719P00180000,1,1,2024-03-25,2024-03-25,116,0.04101144140849485,558,0.0,0.12469918933333335,2024-03-26,559,True,2024-07-19,638,2024-10-16,20,8972192.0,2024-07-19,scheduled_exit,638,2024-07-19,"{""market_momentum"": 0.023471497489416127, ""market_volatility"": 0.006080918530468033, ""momentum"": -0.04690534282726688, ""volatility"": 0.017979831931677598, ""volume_state"": 16.021457434942242}",assumed_next_daily_close,18750.0,expiry,0000012927,0,0.023471497489416127,0.006080918530468033,-0.04690534282726688,-805.0302,-0.042934944,11.249999999999998,9.1,0.0,-0.0,7eff69414c40079dd291efa5,True,0.007575757575757576,132,1.1067034065636765e-05,9035844.6,,,,,,,,,,,,,,,,,,,,,,,,,,,,,,,,,,,,,,,,,,,,bounded_preclose_bid_ask,,,,False,not_requested_for_horizon_or_variant,,,,ordinary,protective_put,100,completed,187.5,179.67,True,-783.0,H24,1,BA,22.030199999999997,primary,0.017979831931677598,16.021457434942242,2024
0.04529137707171771,2023-06-02,355,84ea510fb84ccb6114b50d83,time_value,36.3932,O:TGT230915P00125000,1,1,2023-05-31,2023-05-31,107,0.053234552814481015,353,0.0,0.006483623055809669,2023-06-01,354,True,2023-06-02,355,2023-10-19,347,13678399.0,2023-06-02,scheduled_exit,355,2023-09-15,"{""market_momentum"": 0.005631633414358239, ""market_volatility"": 0.008057093704011132, ""momentum"": -0.16668788187372707, ""volatility"": 0.020020557857848346, ""volume_state"": 15.506978204823852}",assumed_next_daily_close,13116.0,1,0000027419,0,0.005631633414358239,0.008057093704011132,-0.16668788187372707,2.087200000000003,0.0001591338822811835,42.5196,6.8,5.55,-125.0,5169e10cd3bea4a08cfe105e,True,0.0009765625,1024,1.331407230872671e-05,7510850.0,,,,,,,,,,,,,,,,,,,,,,,,,,,,,,,,,,,,,,,,,,,,bounded_preclose_bid_ask,,,,False,not_requested_for_horizon_or_variant,,,,ordinary,protective_put,100,completed,131.16,133.22,False,206.0,H24,1,TGT,78.9128,primary,0.020020557857848346,15.506978204823852,2023
0.04529137707171771,2023-06-02,355,84ea510fb84ccb6114b50d83,time_value,7.993199999999999,O:TGT230915P00125000,1,1,2023-05-31,2023-05-31,107,0.053234552814481015,353,0.0,0.0011999999999999992,2023-06-01,354,True,2023-06-02,355,2023-10-19,347,13678399.0,2023-06-02,scheduled_exit,355,2023-09-15,"{""market_momentum"": 0.005631633414358239, ""market_volatility"": 0.008057093704011132, ""momentum"": -0.16668788187372707, ""volatility"": 0.020020557857848346, ""volume_state"": 15.506978204823852}",assumed_next_daily_close,13116.0,1,0000027419,0,0.005631633414358239,0.008057093704011132,-0.16668788187372707,190.1372,0.014496584324489173,7.869599999999999,6.8,0.0,-0.0,5169e10cd3bea4a08cfe105e,True,0.0009765625,1024,1.331407230872671e-05,7510850.0,,,,,,,,,,,,,,,,,,,,,,,,,,,,,,,,,,,,,,,,,,,,bounded_preclose_bid_ask,,,,False,not_requested_for_horizon_or_variant,,,,ordinary,protective_put,100,completed,131.16,133.22,True,206.0,H24,1,TGT,15.862799999999998,primary,0.020020557857848346,15.506978204823852,2023
0.04529137707171771,2023-06-05,356,84ea510fb84ccb6114b50d83,time_value,40.736,O:TGT230915P00125000,1,1,2023-05-31,2023-05-31,107,0.053234552814481015,353,0.0,0.013285727355901186,2023-06-01,354,True,2023-06-05,356,2023-10-19,347,13678399.0,2023-06-05,scheduled_exit,356,2023-09-15,"{""market_momentum"": 0.005631633414358239, ""market_volatility"": 0.008057093704011132, ""momentum"": -0.16668788187372707, ""volatility"": 0.020020557857848346, ""volume_state"": 15.506978204823852}",assumed_next_daily_close,13116.0,2,0000027419,0,0.005631633414358239,0.008057093704011132,-0.16668788187372707,-174.25559999999996,-0.013285727355901186,42.5196,6.8,6.45,-34.999999999999964,5169e10cd3bea4a08cfe105e,True,0.0009765625,1024,1.331407230872671e-05,7510850.0,,,,,,,,,,,,,,,,,,,,,,,,,,,,,,,,,,,,,,,,,,,,bounded_preclose_bid_ask,,,,False,not_requested_for_horizon_or_variant,,,,ordinary,protective_put,100,completed,131.16,130.6,False,-56.0,H24,1,TGT,83.25559999999999,primary,0.020020557857848346,15.506978204823852,2023
0.04529137707171771,2023-06-05,356,84ea510fb84ccb6114b50d83,time_value,7.835999999999999,O:TGT230915P00125000,1,1,2023-05-31,2023-05-31,107,0.053234552814481015,353,0.0,0.00546703263189997,2023-06-01,354,True,2023-06-05,356,2023-10-19,347,13678399.0,2023-06-05,scheduled_exit,356,2023-09-15,"{""market_momentum"": 0.005631633414358239, ""market_volatility"": 0.008057093704011132, ""momentum"": -0.16668788187372707, ""volatility"": 0.020020557857848346, ""volume_state"": 15.506978204823852}",assumed_next_daily_close,13116.0,2,0000027419,0,0.005631633414358239,0.008057093704011132,-0.16668788187372707,-71.7056,-0.00546703263189997,7.869599999999999,6.8,0.0,-0.0,5169e10cd3bea4a08cfe105e,True,0.0009765625,1024,1.331407230872671e-05,7510850.0,,,,,,,,,,,,,,,,,,,,,,,,,,,,,,,,,,,,,,,,,,,,bounded_preclose_bid_ask,,,,False,not_requested_for_horizon_or_variant,,,,ordinary,protective_put,100,completed,131.16,130.6,True,-56.0,H24,1,TGT,15.705599999999999,primary,0.020020557857848346,15.506978204823852,2023
0.04529137707171771,2023-06-06,357,84ea510fb84ccb6114b50d83,time_value,35.611999999999995,O:TGT230915P00125000,1,1,2023-05-31,2023-05-31,107,0.053234552814481015,353,0.0,0.01328572735590116,2023-06-01,354,True,2023-06-06,357,2023-10-19,347,13678399.0,2023-06-06,scheduled_exit,357,2023-09-15,"{""market_momentum"": 0.005631633414358239, ""market_volatility"": 0.008057093704011132, ""momentum"": -0.16668788187372707, ""volatility"": 0.020020557857848346, ""volume_state"": 15.506978204823852}",assumed_next_daily_close,13116.0,3,0000027419,0,0.005631633414358239,0.008057093704011132,-0.16668788187372707,-64.13160000000175,-0.004889569990851003,42.5196,6.8,5.4,-139.99999999999994,5169e10cd3bea4a08cfe105e,True,0.0009765625,1024,1.331407230872671e-05,7510850.0,,,,,,,,,,,,,,,,,,,,,,,,,,,,,,,,,,,,,,,,,,,,bounded_preclose_bid_ask,,,,False,not_requested_for_horizon_or_variant,,,,ordinary,protective_put,100,completed,131.16,132.7,False,153.99999999999818,H24,1,TGT,78.13159999999999,primary,0.020020557857848346,15.506978204823852,2023
0.04529137707171771,2023-06-06,357,84ea510fb84ccb6114b50d83,time_value,7.961999999999998,O:TGT230915P00125000,1,1,2023-05-31,2023-05-31,107,0.053234552814481015,353,0.0,0.005467032631899969,2023-06-01,354,True,2023-06-06,357,2023-10-19,347,13678399.0,2023-06-06,scheduled_exit,357,2023-09-15,"{""market_momentum"": 0.005631633414358239, ""market_volatility"": 0.008057093704011132, ""momentum"": -0.16668788187372707, ""volatility"": 0.020020557857848346, ""volume_state"": 15.506978204823852}",assumed_next_daily_close,13116.0,3,0000027419,0,0.005631633414358239,0.008057093704011132,-0.16668788187372707,138.1683999999982,0.010534339737724779,7.869599999999999,6.8,0.0,-0.0,5169e10cd3bea4a08cfe105e,True,0.0009765625,1024,1.331407230872671e-05,7510850.0,,,,,,,,,,,,,,,,,,,,,,,,,,,,,,,,,,,,,,,,,,,,bounded_preclose_bid_ask,,,,False,not_requested_for_horizon_or_variant,,,,ordinary,protective_put,100,completed,131.16,132.7,True,153.99999999999818,H24,1,TGT,15.831599999999998,primary,0.020020557857848346,15.506978204823852,2023
0.04529137707171771,2023-06-08,359,84ea510fb84ccb6114b50d83,time_value,37.7762,O:TGT230915P00125000,1,1,2023-05-31,2023-05-31,107,0.053234552814481015,353,0.0,0.01328572735590116,2023-06-01,354,True,2023-06-08,359,2023-10-19,347,13678399.0,2023-06-08,scheduled_exit,359,2023-09-15,"{""market_momentum"": 0.005631633414358239, ""market_volatility"": 0.008057093704011132, ""momentum"": -0.16668788187372707, ""volatility"": 0.020020557857848346, ""volume_state"": 15.506978204823852}",assumed_next_daily_close,13116.0,5,0000027419,0,0.005631633414358239,0.008057093704011132,-0.16668788187372707,-164.2957999999982,-0.012526364745349055,42.5196,6.8,5.85,-95.00000000000001,5169e10cd3bea4a08cfe105e,True,0.0009765625,1024,1.331407230872671e-05,7510850.0,,,,,,,,,,,,,,,,,,,,,,,,,,,,,,,,,,,,,,,,,,,,bounded_preclose_bid_ask,,,,False,not_requested_for_horizon_or_variant,,,,ordinary,protective_put,100,completed,131.16,131.27,False,11.000000000001819,H24,1,TGT,80.2958,primary,0.020020557857848346,15.506978204823852,2023
0.04529137707171771,2023-06-08,359,84ea510fb84ccb6114b50d83,time_value,7.876200000000001,O:TGT230915P00125000,1,1,2023-05-31,2023-05-31,107,0.053234552814481015,353,0.0,0.005467032631899969,2023-06-01,354,True,2023-06-08,359,2023-10-19,347,13678399.0,2023-06-08,scheduled_exit,359,2023-09-15,"{""market_momentum"": 0.005631633414358239, ""market_volatility"": 0.008057093704011132, ""momentum"": -0.16668788187372707, ""volatility"": 0.020020557857848346, ""volume_state"": 15.506978204823852}",assumed_next_daily_close,13116.0,5,0000027419,0,0.005631633414358239,0.008057093704011132,-0.16668788187372707,-4.745799999998181,-0.000361832875876653,7.869599999999999,6.8,0.0,-0.0,5169e10cd3bea4a08cfe105e,True,0.0009765625,1024,1.331407230872671e-05,7510850.0,,,,,,,,,,,,,,,,,,,,,,,,,,,,,,,,,,,,,,,,,,,,bounded_preclose_bid_ask,,,,False,not_requested_for_horizon_or_variant,,,,ordinary,protective_put,100,completed,131.16,131.27,True,11.000000000001819,H24,1,TGT,15.7458,primary,0.020020557857848346,15.506978204823852,2023
0.04529137707171771,2023-06-15,364,84ea510fb84ccb6114b50d83,time_value,28.470399999999998,O:TGT230915P00125000,1,1,2023-05-31,2023-05-31,107,0.053234552814481015,353,0.0,0.035769929856663586,2023-06-01,354,True,2023-06-15,364,2023-10-19,347,13678399.0,2023-06-15,scheduled_exit,364,2023-09-15,"{""market_momentum"": 0.005631633414358239, ""market_volatility"": 0.008057093704011132, ""momentum"": -0.16668788187372707, ""volatility"": 0.020020557857848346, ""volume_state"": 15.506978204823852}",assumed_next_daily_close,13116.0,10,0000027419,0,0.005631633414358239,0.008057093704011132,-0.16668788187372707,308.01000000000005,0.023483531564501375,42.5196,6.8,3.91,-288.99999999999994,5169e10cd3bea4a08cfe105e,True,0.0009765625,1024,1.331407230872671e-05,7510850.0,,,,,,,,,,,,,,,,,,,,,,,,,,,,,,,,,,,,,,,,,,,,bounded_preclose_bid_ask,,,,False,decision_asynchronous_quotes,,,,ordinary,protective_put,100,completed,131.16,137.84,False,668.0,H24,1,TGT,70.99,primary,0.020020557857848346,15.506978204823852,2023
0.04529137707171771,2023-06-15,364,84ea510fb84ccb6114b50d83,time_value,8.270399999999999,O:TGT230915P00125000,1,1,2023-05-31,2023-05-31,107,0.053234552814481015,353,0.0,0.036860201280878316,2023-06-01,354,True,2023-06-15,364,2023-10-19,347,13678399.0,2023-06-15,scheduled_exit,364,2023-09-15,"{""market_momentum"": 0.005631633414358239, ""market_volatility"": 0.008057093704011132, ""momentum"": -0.16668788187372707, ""volatility"": 0.020020557857848346, ""volume_state"": 15.506978204823852}",assumed_next_daily_close,13116.0,10,0000027419,0,0.005631633414358239,0.008057093704011132,-0.16668788187372707,651.86,0.04969960353766392,7.869599999999999,6.8,0.0,-0.0,5169e10cd3bea4a08cfe105e,True,0.0009765625,1024,1.331407230872671e-05,7510850.0,,,,,,,,,,,,,,,,,,,,,,,,,,,,,,,,,,,,,,,,,,,,bounded_preclose_bid_ask,,,,False,decision_asynchronous_quotes,,,,ordinary,protective_put,100,completed,131.16,137.84,True,668.0,H24,1,TGT,16.139999999999997,primary,0.020020557857848346,15.506978204823852,2023
0.04529137707171771,2023-07-03,375,84ea510fb84ccb6114b50d83,time_value,27.9916,O:TGT230915P00125000,1,1,2023-05-31,2023-05-31,107,0.053234552814481015,353,0.0,0.035769929856663586,2023-06-01,354,True,2023-07-03,375,2023-10-19,347,13678399.0,2023-07-03,scheduled_exit,375,2023-09-15,"{""market_momentum"": 0.005631633414358239, ""market_volatility"": 0.008057093704011132, ""momentum"": -0.16668788187372707, ""volatility"": 0.020020557857848346, ""volume_state"": 15.506978204823852}",assumed_next_daily_close,13116.0,21,0000027419,0,0.005631633414358239,0.008057093704011132,-0.16668788187372707,4.488800000001824,0.0003422384873438414,42.5196,6.8,3.85,-295.0,5169e10cd3bea4a08cfe105e,True,0.0009765625,1024,1.331407230872671e-05,7510850.0,,,,,,,,,,,,,,,,,,,,,,,,,,,,,,,,,,,,,,,,,,,,bounded_preclose_bid_ask,,,,False,not_requested_for_horizon_or_variant,,,,ordinary,protective_put,100,completed,131.16,134.86,False,370.0000000000018,H24,1,TGT,70.5112,primary,0.020020557857848346,15.506978204823852,2023
0.04529137707171771,2023-07-03,375,84ea510fb84ccb6114b50d83,time_value,8.0916,O:TGT230915P00125000,1,1,2023-05-31,2023-05-31,107,0.053234552814481015,353,0.0,0.036860201280878316,2023-06-01,354,True,2023-07-03,375,2023-10-19,347,13678399.0,2023-07-03,scheduled_exit,375,2023-09-15,"{""market_momentum"": 0.005631633414358239, ""market_volatility"": 0.008057093704011132, ""momentum"": -0.16668788187372707, ""volatility"": 0.020020557857848346, ""volume_state"": 15.506978204823852}",assumed_next_daily_close,13116.0,21,0000027419,0,0.005631633414358239,0.008057093704011132,-0.16668788187372707,354.03880000000186,0.02699289417505351,7.869599999999999,6.8,0.0,-0.0,5169e10cd3bea4a08cfe105e,True,0.0009765625,1024,1.331407230872671e-05,7510850.0,,,,,,,,,,,,,,,,,,,,,,,,,,,,,,,,,,,,,,,,,,,,bounded_preclose_bid_ask,,,,False,not_requested_for_horizon_or_variant,,,,ordinary,protective_put,100,completed,131.16,134.86,True,370.0000000000018,H24,1,TGT,15.961199999999998,primary,0.020020557857848346,15.506978204823852,2023
0.04529137707171771,2023-08-02,396,84ea510fb84ccb6114b50d83,time_value,25.7624,O:TGT230915P00125000,1,1,2023-05-31,2023-05-31,107,0.053234552814481015,353,0.0,0.035769929856663586,2023-06-01,354,True,2023-08-02,396,2023-10-19,347,13678399.0,2023-08-02,scheduled_exit,396,2023-09-15,"{""market_momentum"": 0.005631633414358239, ""market_volatility"": 0.008057093704011132, ""momentum"": -0.16668788187372707, ""volatility"": 0.020020557857848346, ""volume_state"": 15.506978204823852}",assumed_next_daily_close,13116.0,42,0000027419,0,0.005631633414358239,0.008057093704011132,-0.16668788187372707,-168.28199999999998,-0.012830283623055808,42.5196,6.8,3.42,-338.0,5169e10cd3bea4a08cfe105e,True,0.0009765625,1024,1.331407230872671e-05,7510850.0,,,,,,,,,,,,,,,,,,,,,,,,,,,,,,,,,,,,,,,,,,,,bounded_preclose_bid_ask,,,,False,not_requested_for_horizon_or_variant,,,,ordinary,protective_put,100,completed,131.16,133.54,False,238.0,H24,1,TGT,68.282,primary,0.020020557857848346,15.506978204823852,2023
0.04529137707171771,2023-08-02,396,84ea510fb84ccb6114b50d83,time_value,8.0124,O:TGT230915P00125000,1,1,2023-05-31,2023-05-31,107,0.053234552814481015,353,0.0,0.036860201280878316,2023-06-01,354,True,2023-08-02,396,2023-10-19,347,13678399.0,2023-08-02,scheduled_exit,396,2023-09-15,"{""market_momentum"": 0.005631633414358239, ""market_volatility"": 0.008057093704011132, ""momentum"": -0.16668788187372707, ""volatility"": 0.020020557857848346, ""volume_state"": 15.506978204823852}",assumed_next_daily_close,13116.0,42,0000027419,0,0.005631633414358239,0.008057093704011132,-0.16668788187372707,222.118,0.01693488868557487,7.869599999999999,6.8,0.0,-0.0,5169e10cd3bea4a08cfe105e,True,0.0009765625,1024,1.331407230872671e-05,7510850.0,,,,,,,,,,,,,,,,,,,,,,,,,,,,,,,,,,,,,,,,,,,,bounded_preclose_bid_ask,,,,False,not_requested_for_horizon_or_variant,,,,ordinary,protective_put,100,completed,131.16,133.54,True,238.0,H24,1,TGT,15.881999999999998,primary,0.020020557857848346,15.506978204823852,2023
0.04529137707171771,2023-08-31,417,84ea510fb84ccb6114b50d83,time_value,15.343,O:TGT230915P00125000,1,1,2023-05-31,2023-05-31,107,0.053234552814481015,353,110.00000000000001,0.08687686794754496,2023-06-01,354,True,2023-08-31,417,2023-10-19,347,13678399.0,2023-08-31,scheduled_exit,417,2023-09-15,"{""market_momentum"": 0.005631633414358239, ""market_volatility"": 0.008057093704011132, ""momentum"": -0.16668788187372707, ""volatility"": 0.020020557857848346, ""volume_state"": 15.506978204823852}",assumed_next_daily_close,13116.0,63,0000027419,0,0.005631633414358239,0.008057093704011132,-0.16668788187372707,-946.8625999999999,-0.07219141506556877,42.5196,6.8,1.42,-538.0,5169e10cd3bea4a08cfe105e,True,0.0009765625,1024,1.331407230872671e-05,7510850.0,,,,,,,,,,,,,,,,,,,,,,,,,,,,,,,,,,,,,,,,,,,,bounded_preclose_bid_ask,,,,False,not_requested_for_horizon_or_variant,,,,ordinary,protective_put,100,completed,131.16,126.55,False,-461.0,H24,1,TGT,57.8626,primary,0.020020557857848346,15.506978204823852,2023
0.04529137707171771,2023-08-31,417,84ea510fb84ccb6114b50d83,time_value,7.592999999999999,O:TGT230915P00125000,1,1,2023-05-31,2023-05-31,107,0.053234552814481015,353,110.00000000000001,0.06420989630985056,2023-06-01,354,True,2023-08-31,417,2023-10-19,347,13678399.0,2023-08-31,scheduled_exit,417,2023-09-15,"{""market_momentum"": 0.005631633414358239, ""market_volatility"": 0.008057093704011132, ""momentum"": -0.16668788187372707, ""volatility"": 0.020020557857848346, ""volume_state"": 15.506978204823852}",assumed_next_daily_close,13116.0,63,0000027419,0,0.005631633414358239,0.008057093704011132,-0.16668788187372707,-366.4626,-0.027940118938700825,7.869599999999999,6.8,0.0,-0.0,5169e10cd3bea4a08cfe105e,True,0.0009765625,1024,1.331407230872671e-05,7510850.0,,,,,,,,,,,,,,,,,,,,,,,,,,,,,,,,,,,,,,,,,,,,bounded_preclose_bid_ask,,,,False,not_requested_for_horizon_or_variant,,,,ordinary,protective_put,100,completed,131.16,126.55,True,-461.0,H24,1,TGT,15.462599999999998,primary,0.020020557857848346,15.506978204823852,2023
0.04529137707171771,2023-09-15,427,84ea510fb84ccb6114b50d83,time_value,8.149999999999999,O:TGT230915P00125000,1,1,2023-05-31,2023-05-31,107,0.053234552814481015,353,110.00000000000001,0.09490420860018295,2023-06-01,354,True,2023-09-15,427,2023-10-19,347,13678399.0,2023-09-15,modelled_physical_expiry,427,2023-09-15,"{""market_momentum"": 0.005631633414358239, ""market_volatility"": 0.008057093704011132, ""momentum"": -0.16668788187372707, ""volatility"": 0.020020557857848346, ""volume_state"": 15.506978204823852}",assumed_next_daily_close,13116.0,expiry,0000027419,0,0.005631633414358239,0.008057093704011132,-0.16668788187372707,-1236.6696000000002,-0.09428709972552608,42.5196,6.8,0.0,-680.0,5169e10cd3bea4a08cfe105e,True,0.0009765625,1024,1.331407230872671e-05,7510850.0,,,,,,,,,,,,,,,,,,,,,,,,,,,,,,,,,,,,,,,,,,,,bounded_preclose_bid_ask,,,,False,not_requested_for_horizon_or_variant,,,,ordinary,protective_put,100,completed,131.16,125.0,False,-616.0,H24,1,TGT,50.669599999999996,primary,0.020020557857848346,15.506978204823852,2023
0.04529137707171771,2023-09-15,427,84ea510fb84ccb6114b50d83,time_value,7.382999999999999,O:TGT230915P00125000,1,1,2023-05-31,2023-05-31,107,0.053234552814481015,353,110.00000000000001,0.06420989630985056,2023-06-01,354,True,2023-09-15,427,2023-10-19,347,13678399.0,2023-09-15,scheduled_exit,427,2023-09-15,"{""market_momentum"": 0.005631633414358239, ""market_volatility"": 0.008057093704011132, ""momentum"": -0.16668788187372707, ""volatility"": 0.020020557857848346, ""volume_state"": 15.506978204823852}",assumed_next_daily_close,13116.0,expiry,0000027419,0,0.005631633414358239,0.008057093704011132,-0.16668788187372707,-716.2526,-0.054609072888075635,7.869599999999999,6.8,0.0,-0.0,5169e10cd3bea4a08cfe105e,True,0.0009765625,1024,1.331407230872671e-05,7510850.0,,,,,,,,,,,,,,,,,,,,,,,,,,,,,,,,,,,,,,,,,,,,bounded_preclose_bid_ask,,,,False,not_requested_for_horizon_or_variant,,,,ordinary,protective_put,100,completed,131.16,123.05,True,-811.0,H24,1,TGT,15.252599999999997,primary,0.020020557857848346,15.506978204823852,2023
,,,8ee9e58624fd5d825e7ede31,time_value,,,1,1,2023-08-25,2023-08-25,,,413,,,2023-08-28,414,False,,,2023-08-25,,,,,,,"{""market_momentum"": -0.027669119759552663, ""market_volatility"": 0.007444734633434364, ""momentum"": -0.04423529411764704, ""volatility"": 0.0179634163935864, ""volume_state"": 15.343903146781345}",assumed_next_daily_close,,1,0000012927,,-0.027669119759552663,0.007444734633434364,-0.04423529411764704,,,,,,,defd6bc1216c6aac5c6b4ac8,False,,,,,,,,,,,,,,,,,,,,,,,,,,,,,,,,,,,,,,,,,,,,,,,,bounded_preclose_bid_ask,,,,False,not_requested_for_horizon_or_variant,,,no_standard_contract_within_rules,event,protective_put,,no_standard_contract_within_rules,,,False,,H24,1,BA,,primary,0.0179634163935864,15.343903146781345,2023
,,,8ee9e58624fd5d825e7ede31,time_value,,,1,1,2023-08-25,2023-08-25,,,413,,,2023-08-28,414,False,,,2023-08-25,,,,,,,"{""market_momentum"": -0.027669119759552663, ""market_volatility"": 0.007444734633434364, ""momentum"": -0.04423529411764704, ""volatility"": 0.0179634163935864, ""volume_state"": 15.343903146781345}",assumed_next_daily_close,,1,0000012927,,-0.027669119759552663,0.007444734633434364,-0.04423529411764704,,,,,,,defd6bc1216c6aac5c6b4ac8,False,,,,,,,,,,,,,,,,,,,,,,,,,,,,,,,,,,,,,,,,,,,,,,,,bounded_preclose_bid_ask,,,,False,not_requested_for_horizon_or_variant,,,no_standard_contract_within_rules,event,protective_put,,no_standard_contract_within_rules,,,True,,H24,1,BA,,primary,0.0179634163935864,15.343903146781345,2023
,,,8ee9e58624fd5d825e7ede31,time_value,,,1,1,2023-08-25,2023-08-25,,,413,,,2023-08-28,414,False,,,2023-08-25,,,,,,,"{""market_momentum"": -0.027669119759552663, ""market_volatility"": 0.007444734633434364, ""momentum"": -0.04423529411764704, ""volatility"": 0.0179634163935864, ""volume_state"": 15.343903146781345}",assumed_next_daily_close,,2,0000012927,,-0.027669119759552663,0.007444734633434364,-0.04423529411764704,,,,,,,defd6bc1216c6aac5c6b4ac8,False,,,,,,,,,,,,,,,,,,,,,,,,,,,,,,,,,,,,,,,,,,,,,,,,bounded_preclose_bid_ask,,,,False,not_requested_for_horizon_or_variant,,,no_standard_contract_within_rules,event,protective_put,,no_standard_contract_within_rules,,,False,,H24,1,BA,,primary,0.0179634163935864,15.343903146781345,2023
,,,8ee9e58624fd5d825e7ede31,time_value,,,1,1,2023-08-25,2023-08-25,,,413,,,2023-08-28,414,False,,,2023-08-25,,,,,,,"{""market_momentum"": -0.027669119759552663, ""market_volatility"": 0.007444734633434364, ""momentum"": -0.04423529411764704, ""volatility"": 0.0179634163935864, ""volume_state"": 15.343903146781345}",assumed_next_daily_close,,2,0000012927,,-0.027669119759552663,0.007444734633434364,-0.04423529411764704,,,,,,,defd6bc1216c6aac5c6b4ac8,False,,,,,,,,,,,,,,,,,,,,,,,,,,,,,,,,,,,,,,,,,,,,,,,,bounded_preclose_bid_ask,,,,False,not_requested_for_horizon_or_variant,,,no_standard_contract_within_rules,event,protective_put,,no_standard_contract_within_rules,,,True,,H24,1,BA,,primary,0.0179634163935864,15.343903146781345,2023
,,,8ee9e58624fd5d825e7ede31,time_value,,,1,1,2023-08-25,2023-08-25,,,413,,,2023-08-28,414,False,,,2023-08-25,,,,,,,"{""market_momentum"": -0.027669119759552663, ""market_volatility"": 0.007444734633434364, ""momentum"": -0.04423529411764704, ""volatility"": 0.0179634163935864, ""volume_state"": 15.343903146781345}",assumed_next_daily_close,,3,0000012927,,-0.027669119759552663,0.007444734633434364,-0.04423529411764704,,,,,,,defd6bc1216c6aac5c6b4ac8,False,,,,,,,,,,,,,,,,,,,,,,,,,,,,,,,,,,,,,,,,,,,,,,,,bounded_preclose_bid_ask,,,,False,not_requested_for_horizon_or_variant,,,no_standard_contract_within_rules,event,protective_put,,no_standard_contract_within_rules,,,False,,H24,1,BA,,primary,0.0179634163935864,15.343903146781345,2023
,,,8ee9e58624fd5d825e7ede31,time_value,,,1,1,2023-08-25,2023-08-25,,,413,,,2023-08-28,414,False,,,2023-08-25,,,,,,,"{""market_momentum"": -0.027669119759552663, ""market_volatility"": 0.007444734633434364, ""momentum"": -0.04423529411764704, ""volatility"": 0.0179634163935864, ""volume_state"": 15.343903146781345}",assumed_next_daily_close,,3,0000012927,,-0.027669119759552663,0.007444734633434364,-0.04423529411764704,,,,,,,defd6bc1216c6aac5c6b4ac8,False,,,,,,,,,,,,,,,,,,,,,,,,,,,,,,,,,,,,,,,,,,,,,,,,bounded_preclose_bid_ask,,,,False,not_requested_for_horizon_or_variant,,,no_standard_contract_within_rules,event,protective_put,,no_standard_contract_within_rules,,,True,,H24,1,BA,,primary,0.0179634163935864,15.343903146781345,2023
,,,8ee9e58624fd5d825e7ede31,time_value,,,1,1,2023-08-25,2023-08-25,,,413,,,2023-08-28,414,False,,,2023-08-25,,,,,,,"{""market_momentum"": -0.027669119759552663, ""market_volatility"": 0.007444734633434364, ""momentum"": -0.04423529411764704, ""volatility"": 0.0179634163935864, ""volume_state"": 15.343903146781345}",assumed_next_daily_close,,5,0000012927,,-0.027669119759552663,0.007444734633434364,-0.04423529411764704,,,,,,,defd6bc1216c6aac5c6b4ac8,False,,,,,,,,,,,,,,,,,,,,,,,,,,,,,,,,,,,,,,,,,,,,,,,,bounded_preclose_bid_ask,,,,False,not_requested_for_horizon_or_variant,,,no_standard_contract_within_rules,event,protective_put,,no_standard_contract_within_rules,,,False,,H24,1,BA,,primary,0.0179634163935864,15.343903146781345,2023
,,,8ee9e58624fd5d825e7ede31,time_value,,,1,1,2023-08-25,2023-08-25,,,413,,,2023-08-28,414,False,,,2023-08-25,,,,,,,"{""market_momentum"": -0.027669119759552663, ""market_volatility"": 0.007444734633434364, ""momentum"": -0.04423529411764704, ""volatility"": 0.0179634163935864, ""volume_state"": 15.343903146781345}",assumed_next_daily_close,,5,0000012927,,-0.027669119759552663,0.007444734633434364,-0.04423529411764704,,,,,,,defd6bc1216c6aac5c6b4ac8,False,,,,,,,,,,,,,,,,,,,,,,,,,,,,,,,,,,,,,,,,,,,,,,,,bounded_preclose_bid_ask,,,,False,not_requested_for_horizon_or_variant,,,no_standard_contract_within_rules,event,protective_put,,no_standard_contract_within_rules,,,True,,H24,1,BA,,primary,0.0179634163935864,15.343903146781345,2023
,,,8ee9e58624fd5d825e7ede31,time_value,,,1,1,2023-08-25,2023-08-25,,,413,,,2023-08-28,414,False,,,2023-08-25,,,,,,,"{""market_momentum"": -0.027669119759552663, ""market_volatility"": 0.007444734633434364, ""momentum"": -0.04423529411764704, ""volatility"": 0.0179634163935864, ""volume_state"": 15.343903146781345}",assumed_next_daily_close,,10,0000012927,,-0.027669119759552663,0.007444734633434364,-0.04423529411764704,,,,,,,defd6bc1216c6aac5c6b4ac8,False,,,,,,,,,,,,,,,,,,,,,,,,,,,,,,,,,,,,,,,,,,,,,,,,bounded_preclose_bid_ask,,,,False,not_sampled_or_missing_quotes,,,no_standard_contract_within_rules,event,protective_put,,no_standard_contract_within_rules,,,False,,H24,1,BA,,primary,0.0179634163935864,15.343903146781345,2023
,,,8ee9e58624fd5d825e7ede31,time_value,,,1,1,2023-08-25,2023-08-25,,,413,,,2023-08-28,414,False,,,2023-08-25,,,,,,,"{""market_momentum"": -0.027669119759552663, ""market_volatility"": 0.007444734633434364, ""momentum"": -0.04423529411764704, ""volatility"": 0.0179634163935864, ""volume_state"": 15.343903146781345}",assumed_next_daily_close,,10,0000012927,,-0.027669119759552663,0.007444734633434364,-0.04423529411764704,,,,,,,defd6bc1216c6aac5c6b4ac8,False,,,,,,,,,,,,,,,,,,,,,,,,,,,,,,,,,,,,,,,,,,,,,,,,bounded_preclose_bid_ask,,,,False,not_sampled_or_missing_quotes,,,no_standard_contract_within_rules,event,protective_put,,no_standard_contract_within_rules,,,True,,H24,1,BA,,primary,0.0179634163935864,15.343903146781345,2023
,,,8ee9e58624fd5d825e7ede31,time_value,,,1,1,2023-08-25,2023-08-25,,,413,,,2023-08-28,414,False,,,2023-08-25,,,,,,,"{""market_momentum"": -0.027669119759552663, ""market_volatility"": 0.007444734633434364, ""momentum"": -0.04423529411764704, ""volatility"": 0.0179634163935864, ""volume_state"": 15.343903146781345}",assumed_next_daily_close,,21,0000012927,,-0.027669119759552663,0.007444734633434364,-0.04423529411764704,,,,,,,defd6bc1216c6aac5c6b4ac8,False,,,,,,,,,,,,,,,,,,,,,,,,,,,,,,,,,,,,,,,,,,,,,,,,bounded_preclose_bid_ask,,,,False,not_requested_for_horizon_or_variant,,,no_standard_contract_within_rules,event,protective_put,,no_standard_contract_within_rules,,,False,,H24,1,BA,,primary,0.0179634163935864,15.343903146781345,2023
,,,8ee9e58624fd5d825e7ede31,time_value,,,1,1,2023-08-25,2023-08-25,,,413,,,2023-08-28,414,False,,,2023-08-25,,,,,,,"{""market_momentum"": -0.027669119759552663, ""market_volatility"": 0.007444734633434364, ""momentum"": -0.04423529411764704, ""volatility"": 0.0179634163935864, ""volume_state"": 15.343903146781345}",assumed_next_daily_close,,21,0000012927,,-0.027669119759552663,0.007444734633434364,-0.04423529411764704,,,,,,,defd6bc1216c6aac5c6b4ac8,False,,,,,,,,,,,,,,,,,,,,,,,,,,,,,,,,,,,,,,,,,,,,,,,,bounded_preclose_bid_ask,,,,False,not_requested_for_horizon_or_variant,,,no_standard_contract_within_rules,event,protective_put,,no_standard_contract_within_rules,,,True,,H24,1,BA,,primary,0.0179634163935864,15.343903146781345,2023
,,,8ee9e58624fd5d825e7ede31,time_value,,,1,1,2023-08-25,2023-08-25,,,413,,,2023-08-28,414,False,,,2023-08-25,,,,,,,"{""market_momentum"": -0.027669119759552663, ""market_volatility"": 0.007444734633434364, ""momentum"": -0.04423529411764704, ""volatility"": 0.0179634163935864, ""volume_state"": 15.343903146781345}",assumed_next_daily_close,,42,0000012927,,-0.027669119759552663,0.007444734633434364,-0.04423529411764704,,,,,,,defd6bc1216c6aac5c6b4ac8,False,,,,,,,,,,,,,,,,,,,,,,,,,,,,,,,,,,,,,,,,,,,,,,,,bounded_preclose_bid_ask,,,,False,not_requested_for_horizon_or_variant,,,no_standard_contract_within_rules,event,protective_put,,no_standard_contract_within_rules,,,False,,H24,1,BA,,primary,0.0179634163935864,15.343903146781345,2023
,,,8ee9e58624fd5d825e7ede31,time_value,,,1,1,2023-08-25,2023-08-25,,,413,,,2023-08-28,414,False,,,2023-08-25,,,,,,,"{""market_momentum"": -0.027669119759552663, ""market_volatility"": 0.007444734633434364, ""momentum"": -0.04423529411764704, ""volatility"": 0.0179634163935864, ""volume_state"": 15.343903146781345}",assumed_next_daily_close,,42,0000012927,,-0.027669119759552663,0.007444734633434364,-0.04423529411764704,,,,,,,defd6bc1216c6aac5c6b4ac8,False,,,,,,,,,,,,,,,,,,,,,,,,,,,,,,,,,,,,,,,,,,,,,,,,bounded_preclose_bid_ask,,,,False,not_requested_for_horizon_or_variant,,,no_standard_contract_within_rules,event,protective_put,,no_standard_contract_within_rules,,,True,,H24,1,BA,,primary,0.0179634163935864,15.343903146781345,2023
,,,8ee9e58624fd5d825e7ede31,time_value,,,1,1,2023-08-25,2023-08-25,,,413,,,2023-08-28,414,False,,,2023-08-25,,,,,,,"{""market_momentum"": -0.027669119759552663, ""market_volatility"": 0.007444734633434364, ""momentum"": -0.04423529411764704, ""volatility"": 0.0179634163935864, ""volume_state"": 15.343903146781345}",assumed_next_daily_close,,63,0000012927,,-0.027669119759552663,0.007444734633434364,-0.04423529411764704,,,,,,,defd6bc1216c6aac5c6b4ac8,False,,,,,,,,,,,,,,,,,,,,,,,,,,,,,,,,,,,,,,,,,,,,,,,,bounded_preclose_bid_ask,,,,False,not_requested_for_horizon_or_variant,,,no_standard_contract_within_rules,event,protective_put,,no_standard_contract_within_rules,,,False,,H24,1,BA,,primary,0.0179634163935864,15.343903146781345,2023
,,,8ee9e58624fd5d825e7ede31,time_value,,,1,1,2023-08-25,2023-08-25,,,413,,,2023-08-28,414,False,,,2023-08-25,,,,,,,"{""market_momentum"": -0.027669119759552663, ""market_volatility"": 0.007444734633434364, ""momentum"": -0.04423529411764704, ""volatility"": 0.0179634163935864, ""volume_state"": 15.343903146781345}",assumed_next_daily_close,,63,0000012927,,-0.027669119759552663,0.007444734633434364,-0.04423529411764704,,,,,,,defd6bc1216c6aac5c6b4ac8,False,,,,,,,,,,,,,,,,,,,,,,,,,,,,,,,,,,,,,,,,,,,,,,,,bounded_preclose_bid_ask,,,,False,not_requested_for_horizon_or_variant,,,no_standard_contract_within_rules,event,protective_put,,no_standard_contract_within_rules,,,True,,H24,1,BA,,primary,0.0179634163935864,15.343903146781345,2023
,,,8ee9e58624fd5d825e7ede31,time_value,,,1,1,2023-08-25,2023-08-25,,,413,,,2023-08-28,414,False,,,2023-08-25,,,,,,,"{""market_momentum"": -0.027669119759552663, ""market_volatility"": 0.007444734633434364, ""momentum"": -0.04423529411764704, ""volatility"": 0.0179634163935864, ""volume_state"": 15.343903146781345}",assumed_next_daily_close,,expiry,0000012927,,-0.027669119759552663,0.007444734633434364,-0.04423529411764704,,,,,,,defd6bc1216c6aac5c6b4ac8,False,,,,,,,,,,,,,,,,,,,,,,,,,,,,,,,,,,,,,,,,,,,,,,,,bounded_preclose_bid_ask,,,,False,not_requested_for_horizon_or_variant,,,no_standard_contract_within_rules,event,protective_put,,no_standard_contract_within_rules,,,False,,H24,1,BA,,primary,0.0179634163935864,15.343903146781345,2023
,,,8ee9e58624fd5d825e7ede31,time_value,,,1,1,2023-08-25,2023-08-25,,,413,,,2023-08-28,414,False,,,2023-08-25,,,,,,,"{""market_momentum"": -0.027669119759552663, ""market_volatility"": 0.007444734633434364, ""momentum"": -0.04423529411764704, ""volatility"": 0.0179634163935864, ""volume_state"": 15.343903146781345}",assumed_next_daily_close,,expiry,0000012927,,-0.027669119759552663,0.007444734633434364,-0.04423529411764704,,,,,,,defd6bc1216c6aac5c6b4ac8,False,,,,,,,,,,,,,,,,,,,,,,,,,,,,,,,,,,,,,,,,,,,,,,,,bounded_preclose_bid_ask,,,,False,not_requested_for_horizon_or_variant,,,no_standard_contract_within_rules,event,protective_put,,no_standard_contract_within_rules,,,True,,H24,1,BA,,primary,0.0179634163935864,15.343903146781345,2023
,,,9506ef5269a28925346143a6,time_value,,,1,1,2023-07-06,2023-07-06,,,377,,,2023-07-07,378,False,,,2024-01-30,,,,,,,"{""market_momentum"": 0.02940763287286341, ""market_volatility"": 0.006428573913636956, ""momentum"": 0.033153430994602884, ""volatility"": 0.009509992222407252, ""volume_state"": 15.442376441025434}",assumed_next_daily_close,,1,0000001800,,0.02940763287286341,0.006428573913636956,0.033153430994602884,,,,,,,da0d533659a0b872f9753438,False,,,,,,,,,,,,,,,,,,,,,,,,,,,,,,,,,,,,,,,,,,,,,,,,bounded_preclose_bid_ask,,,,False,not_requested_for_horizon_or_variant,,,no_standard_contract_within_rules,ordinary,covered_call,,no_standard_contract_within_rules,,,False,,H24,1,ABT,,primary,0.009509992222407252,15.442376441025434,2023
,,,9506ef5269a28925346143a6,time_value,,,1,1,2023-07-06,2023-07-06,,,377,,,2023-07-07,378,False,,,2024-01-30,,,,,,,"{""market_momentum"": 0.02940763287286341, ""market_volatility"": 0.006428573913636956, ""momentum"": 0.033153430994602884, ""volatility"": 0.009509992222407252, ""volume_state"": 15.442376441025434}",assumed_next_daily_close,,1,0000001800,,0.02940763287286341,0.006428573913636956,0.033153430994602884,,,,,,,da0d533659a0b872f9753438,False,,,,,,,,,,,,,,,,,,,,,,,,,,,,,,,,,,,,,,,,,,,,,,,,bounded_preclose_bid_ask,,,,False,not_requested_for_horizon_or_variant,,,no_standard_contract_within_rules,ordinary,covered_call,,no_standard_contract_within_rules,,,True,,H24,1,ABT,,primary,0.009509992222407252,15.442376441025434,2023
,,,9506ef5269a28925346143a6,time_value,,,1,1,2023-07-06,2023-07-06,,,377,,,2023-07-07,378,False,,,2024-01-30,,,,,,,"{""market_momentum"": 0.02940763287286341, ""market_volatility"": 0.006428573913636956, ""momentum"": 0.033153430994602884, ""volatility"": 0.009509992222407252, ""volume_state"": 15.442376441025434}",assumed_next_daily_close,,2,0000001800,,0.02940763287286341,0.006428573913636956,0.033153430994602884,,,,,,,da0d533659a0b872f9753438,False,,,,,,,,,,,,,,,,,,,,,,,,,,,,,,,,,,,,,,,,,,,,,,,,bounded_preclose_bid_ask,,,,False,not_requested_for_horizon_or_variant,,,no_standard_contract_within_rules,ordinary,covered_call,,no_standard_contract_within_rules,,,False,,H24,1,ABT,,primary,0.009509992222407252,15.442376441025434,2023
,,,9506ef5269a28925346143a6,time_value,,,1,1,2023-07-06,2023-07-06,,,377,,,2023-07-07,378,False,,,2024-01-30,,,,,,,"{""market_momentum"": 0.02940763287286341, ""market_volatility"": 0.006428573913636956, ""momentum"": 0.033153430994602884, ""volatility"": 0.009509992222407252, ""volume_state"": 15.442376441025434}",assumed_next_daily_close,,2,0000001800,,0.02940763287286341,0.006428573913636956,0.033153430994602884,,,,,,,da0d533659a0b872f9753438,False,,,,,,,,,,,,,,,,,,,,,,,,,,,,,,,,,,,,,,,,,,,,,,,,bounded_preclose_bid_ask,,,,False,not_requested_for_horizon_or_variant,,,no_standard_contract_within_rules,ordinary,covered_call,,no_standard_contract_within_rules,,,True,,H24,1,ABT,,primary,0.009509992222407252,15.442376441025434,2023
,,,9506ef5269a28925346143a6,time_value,,,1,1,2023-07-06,2023-07-06,,,377,,,2023-07-07,378,False,,,2024-01-30,,,,,,,"{""market_momentum"": 0.02940763287286341, ""market_volatility"": 0.006428573913636956, ""momentum"": 0.033153430994602884, ""volatility"": 0.009509992222407252, ""volume_state"": 15.442376441025434}",assumed_next_daily_close,,3,0000001800,,0.02940763287286341,0.006428573913636956,0.033153430994602884,,,,,,,da0d533659a0b872f9753438,False,,,,,,,,,,,,,,,,,,,,,,,,,,,,,,,,,,,,,,,,,,,,,,,,bounded_preclose_bid_ask,,,,False,not_requested_for_horizon_or_variant,,,no_standard_contract_within_rules,ordinary,covered_call,,no_standard_contract_within_rules,,,False,,H24,1,ABT,,primary,0.009509992222407252,15.442376441025434,2023
,,,9506ef5269a28925346143a6,time_value,,,1,1,2023-07-06,2023-07-06,,,377,,,2023-07-07,378,False,,,2024-01-30,,,,,,,"{""market_momentum"": 0.02940763287286341, ""market_volatility"": 0.006428573913636956, ""momentum"": 0.033153430994602884, ""volatility"": 0.009509992222407252, ""volume_state"": 15.442376441025434}",assumed_next_daily_close,,3,0000001800,,0.02940763287286341,0.006428573913636956,0.033153430994602884,,,,,,,da0d533659a0b872f9753438,False,,,,,,,,,,,,,,,,,,,,,,,,,,,,,,,,,,,,,,,,,,,,,,,,bounded_preclose_bid_ask,,,,False,not_requested_for_horizon_or_variant,,,no_standard_contract_within_rules,ordinary,covered_call,,no_standard_contract_within_rules,,,True,,H24,1,ABT,,primary,0.009509992222407252,15.442376441025434,2023
,,,9506ef5269a28925346143a6,time_value,,,1,1,2023-07-06,2023-07-06,,,377,,,2023-07-07,378,False,,,2024-01-30,,,,,,,"{""market_momentum"": 0.02940763287286341, ""market_volatility"": 0.006428573913636956, ""momentum"": 0.033153430994602884, ""volatility"": 0.009509992222407252, ""volume_state"": 15.442376441025434}",assumed_next_daily_close,,5,0000001800,,0.02940763287286341,0.006428573913636956,0.033153430994602884,,,,,,,da0d533659a0b872f9753438,False,,,,,,,,,,,,,,,,,,,,,,,,,,,,,,,,,,,,,,,,,,,,,,,,bounded_preclose_bid_ask,,,,False,not_requested_for_horizon_or_variant,,,no_standard_contract_within_rules,ordinary,covered_call,,no_standard_contract_within_rules,,,False,,H24,1,ABT,,primary,0.009509992222407252,15.442376441025434,2023
,,,9506ef5269a28925346143a6,time_value,,,1,1,2023-07-06,2023-07-06,,,377,,,2023-07-07,378,False,,,2024-01-30,,,,,,,"{""market_momentum"": 0.02940763287286341, ""market_volatility"": 0.006428573913636956, ""momentum"": 0.033153430994602884, ""volatility"": 0.009509992222407252, ""volume_state"": 15.442376441025434}",assumed_next_daily_close,,5,0000001800,,0.02940763287286341,0.006428573913636956,0.033153430994602884,,,,,,,da0d533659a0b872f9753438,False,,,,,,,,,,,,,,,,,,,,,,,,,,,,,,,,,,,,,,,,,,,,,,,,bounded_preclose_bid_ask,,,,False,not_requested_for_horizon_or_variant,,,no_standard_contract_within_rules,ordinary,covered_call,,no_standard_contract_within_rules,,,True,,H24,1,ABT,,primary,0.009509992222407252,15.442376441025434,2023
,,,9506ef5269a28925346143a6,time_value,,,1,1,2023-07-06,2023-07-06,,,377,,,2023-07-07,378,False,,,2024-01-30,,,,,,,"{""market_momentum"": 0.02940763287286341, ""market_volatility"": 0.006428573913636956, ""momentum"": 0.033153430994602884, ""volatility"": 0.009509992222407252, ""volume_state"": 15.442376441025434}",assumed_next_daily_close,,10,0000001800,,0.02940763287286341,0.006428573913636956,0.033153430994602884,,,,,,,da0d533659a0b872f9753438,False,,,,,,,,,,,,,,,,,,,,,,,,,,,,,,,,,,,,,,,,,,,,,,,,bounded_preclose_bid_ask,,,,False,not_sampled_or_missing_quotes,,,no_standard_contract_within_rules,ordinary,covered_call,,no_standard_contract_within_rules,,,False,,H24,1,ABT,,primary,0.009509992222407252,15.442376441025434,2023
,,,9506ef5269a28925346143a6,time_value,,,1,1,2023-07-06,2023-07-06,,,377,,,2023-07-07,378,False,,,2024-01-30,,,,,,,"{""market_momentum"": 0.02940763287286341, ""market_volatility"": 0.006428573913636956, ""momentum"": 0.033153430994602884, ""volatility"": 0.009509992222407252, ""volume_state"": 15.442376441025434}",assumed_next_daily_close,,10,0000001800,,0.02940763287286341,0.006428573913636956,0.033153430994602884,,,,,,,da0d533659a0b872f9753438,False,,,,,,,,,,,,,,,,,,,,,,,,,,,,,,,,,,,,,,,,,,,,,,,,bounded_preclose_bid_ask,,,,False,not_sampled_or_missing_quotes,,,no_standard_contract_within_rules,ordinary,covered_call,,no_standard_contract_within_rules,,,True,,H24,1,ABT,,primary,0.009509992222407252,15.442376441025434,2023
,,,9506ef5269a28925346143a6,time_value,,,1,1,2023-07-06,2023-07-06,,,377,,,2023-07-07,378,False,,,2024-01-30,,,,,,,"{""market_momentum"": 0.02940763287286341, ""market_volatility"": 0.006428573913636956, ""momentum"": 0.033153430994602884, ""volatility"": 0.009509992222407252, ""volume_state"": 15.442376441025434}",assumed_next_daily_close,,21,0000001800,,0.02940763287286341,0.006428573913636956,0.033153430994602884,,,,,,,da0d533659a0b872f9753438,False,,,,,,,,,,,,,,,,,,,,,,,,,,,,,,,,,,,,,,,,,,,,,,,,bounded_preclose_bid_ask,,,,False,not_requested_for_horizon_or_variant,,,no_standard_contract_within_rules,ordinary,covered_call,,no_standard_contract_within_rules,,,False,,H24,1,ABT,,primary,0.009509992222407252,15.442376441025434,2023
,,,9506ef5269a28925346143a6,time_value,,,1,1,2023-07-06,2023-07-06,,,377,,,2023-07-07,378,False,,,2024-01-30,,,,,,,"{""market_momentum"": 0.02940763287286341, ""market_volatility"": 0.006428573913636956, ""momentum"": 0.033153430994602884, ""volatility"": 0.009509992222407252, ""volume_state"": 15.442376441025434}",assumed_next_daily_close,,21,0000001800,,0.02940763287286341,0.006428573913636956,0.033153430994602884,,,,,,,da0d533659a0b872f9753438,False,,,,,,,,,,,,,,,,,,,,,,,,,,,,,,,,,,,,,,,,,,,,,,,,bounded_preclose_bid_ask,,,,False,not_requested_for_horizon_or_variant,,,no_standard_contract_within_rules,ordinary,covered_call,,no_standard_contract_within_rules,,,True,,H24,1,ABT,,primary,0.009509992222407252,15.442376441025434,2023
,,,9506ef5269a28925346143a6,time_value,,,1,1,2023-07-06,2023-07-06,,,377,,,2023-07-07,378,False,,,2024-01-30,,,,,,,"{""market_momentum"": 0.02940763287286341, ""market_volatility"": 0.006428573913636956, ""momentum"": 0.033153430994602884, ""volatility"": 0.009509992222407252, ""volume_state"": 15.442376441025434}",assumed_next_daily_close,,42,0000001800,,0.02940763287286341,0.006428573913636956,0.033153430994602884,,,,,,,da0d533659a0b872f9753438,False,,,,,,,,,,,,,,,,,,,,,,,,,,,,,,,,,,,,,,,,,,,,,,,,bounded_preclose_bid_ask,,,,False,not_requested_for_horizon_or_variant,,,no_standard_contract_within_rules,ordinary,covered_call,,no_standard_contract_within_rules,,,False,,H24,1,ABT,,primary,0.009509992222407252,15.442376441025434,2023
,,,9506ef5269a28925346143a6,time_value,,,1,1,2023-07-06,2023-07-06,,,377,,,2023-07-07,378,False,,,2024-01-30,,,,,,,"{""market_momentum"": 0.02940763287286341, ""market_volatility"": 0.006428573913636956, ""momentum"": 0.033153430994602884, ""volatility"": 0.009509992222407252, ""volume_state"": 15.442376441025434}",assumed_next_daily_close,,42,0000001800,,0.02940763287286341,0.006428573913636956,0.033153430994602884,,,,,,,da0d533659a0b872f9753438,False,,,,,,,,,,,,,,,,,,,,,,,,,,,,,,,,,,,,,,,,,,,,,,,,bounded_preclose_bid_ask,,,,False,not_requested_for_horizon_or_variant,,,no_standard_contract_within_rules,ordinary,covered_call,,no_standard_contract_within_rules,,,True,,H24,1,ABT,,primary,0.009509992222407252,15.442376441025434,2023
,,,9506ef5269a28925346143a6,time_value,,,1,1,2023-07-06,2023-07-06,,,377,,,2023-07-07,378,False,,,2024-01-30,,,,,,,"{""market_momentum"": 0.02940763287286341, ""market_volatility"": 0.006428573913636956, ""momentum"": 0.033153430994602884, ""volatility"": 0.009509992222407252, ""volume_state"": 15.442376441025434}",assumed_next_daily_close,,63,0000001800,,0.02940763287286341,0.006428573913636956,0.033153430994602884,,,,,,,da0d533659a0b872f9753438,False,,,,,,,,,,,,,,,,,,,,,,,,,,,,,,,,,,,,,,,,,,,,,,,,bounded_preclose_bid_ask,,,,False,not_requested_for_horizon_or_variant,,,no_standard_contract_within_rules,ordinary,covered_call,,no_standard_contract_within_rules,,,False,,H24,1,ABT,,primary,0.009509992222407252,15.442376441025434,2023
,,,9506ef5269a28925346143a6,time_value,,,1,1,2023-07-06,2023-07-06,,,377,,,2023-07-07,378,False,,,2024-01-30,,,,,,,"{""market_momentum"": 0.02940763287286341, ""market_volatility"": 0.006428573913636956, ""momentum"": 0.033153430994602884, ""volatility"": 0.009509992222407252, ""volume_state"": 15.442376441025434}",assumed_next_daily_close,,63,0000001800,,0.02940763287286341,0.006428573913636956,0.033153430994602884,,,,,,,da0d533659a0b872f9753438,False,,,,,,,,,,,,,,,,,,,,,,,,,,,,,,,,,,,,,,,,,,,,,,,,bounded_preclose_bid_ask,,,,False,not_requested_for_horizon_or_variant,,,no_standard_contract_within_rules,ordinary,covered_call,,no_standard_contract_within_rules,,,True,,H24,1,ABT,,primary,0.009509992222407252,15.442376441025434,2023
,,,9506ef5269a28925346143a6,time_value,,,1,1,2023-07-06,2023-07-06,,,377,,,2023-07-07,378,False,,,2024-01-30,,,,,,,"{""market_momentum"": 0.02940763287286341, ""market_volatility"": 0.006428573913636956, ""momentum"": 0.033153430994602884, ""volatility"": 0.009509992222407252, ""volume_state"": 15.442376441025434}",assumed_next_daily_close,,expiry,0000001800,,0.02940763287286341,0.006428573913636956,0.033153430994602884,,,,,,,da0d533659a0b872f9753438,False,,,,,,,,,,,,,,,,,,,,,,,,,,,,,,,,,,,,,,,,,,,,,,,,bounded_preclose_bid_ask,,,,False,not_requested_for_horizon_or_variant,,,no_standard_contract_within_rules,ordinary,covered_call,,no_standard_contract_within_rules,,,False,,H24,1,ABT,,primary,0.009509992222407252,15.442376441025434,2023
,,,9506ef5269a28925346143a6,time_value,,,1,1,2023-07-06,2023-07-06,,,377,,,2023-07-07,378,False,,,2024-01-30,,,,,,,"{""market_momentum"": 0.02940763287286341, ""market_volatility"": 0.006428573913636956, ""momentum"": 0.033153430994602884, ""volatility"": 0.009509992222407252, ""volume_state"": 15.442376441025434}",assumed_next_daily_close,,expiry,0000001800,,0.02940763287286341,0.006428573913636956,0.033153430994602884,,,,,,,da0d533659a0b872f9753438,False,,,,,,,,,,,,,,,,,,,,,,,,,,,,,,,,,,,,,,,,,,,,,,,,bounded_preclose_bid_ask,,,,False,not_requested_for_horizon_or_variant,,,no_standard_contract_within_rules,ordinary,covered_call,,no_standard_contract_within_rules,,,True,,H24,1,ABT,,primary,0.009509992222407252,15.442376441025434,2023
0.05888030888030882,2023-03-10,297,969986048a541661911ae2e8,time_value,68.5842,O:BA230616P00195000,1,1,2023-03-08,2023-03-08,100,0.04198841698841699,295,0.0,0.00610956072351417,2023-03-09,296,True,2023-03-10,297,2023-08-25,101,4284026.0,2023-03-10,scheduled_exit,297,2023-06-16,"{""market_momentum"": -0.026620793987750968, ""market_volatility"": 0.009406517144982795, ""momentum"": 0.0018857888883516694, ""volatility"": 0.019611780601924485, ""volume_state"": 15.485462197550817}",assumed_next_daily_close,20124.0,1,0000012927,0,-0.026620793987750968,0.009406517144982795,0.0018857888883516694,192.9414,0.0095876267143709,61.474399999999996,9.75,11.15,140.00000000000003,defd6bc1216c6aac5c6b4ac8,True,0.004484304932735426,223,1.725486666612371e-05,5795466.4,,,,,,,,,,,,,,,,,,,,,,,,,,,,,,,,,,,,,,,,,,,,bounded_preclose_bid_ask,,,,False,not_requested_for_horizon_or_variant,,,,ordinary,protective_put,100,completed,201.24,203.07,False,183.0,H24,1,BA,130.05859999999998,primary,0.019611780601924485,15.485462197550817,2023
0.05888030888030882,2023-03-10,297,969986048a541661911ae2e8,time_value,12.184199999999999,O:BA230616P00195000,1,1,2023-03-08,2023-03-08,100,0.04198841698841699,295,0.0,0.001200000000000066,2023-03-09,296,True,2023-03-10,297,2023-08-25,101,4284026.0,2023-03-10,scheduled_exit,297,2023-06-16,"{""market_momentum"": -0.026620793987750968, ""market_volatility"": 0.009406517144982795, ""momentum"": 0.0018857888883516694, ""volatility"": 0.019611780601924485, ""volume_state"": 15.485462197550817}",assumed_next_daily_close,20124.0,1,0000012927,0,-0.026620793987750968,0.009406517144982795,0.0018857888883516694,158.7414,0.007888163387000597,12.074399999999999,9.75,0.0,-0.0,defd6bc1216c6aac5c6b4ac8,True,0.004484304932735426,223,1.725486666612371e-05,5795466.4,,,,,,,,,,,,,,,,,,,,,,,,,,,,,,,,,,,,,,,,,,,,bounded_preclose_bid_ask,,,,False,not_requested_for_horizon_or_variant,,,,ordinary,protective_put,100,completed,201.24,203.07,True,183.0,H24,1,BA,24.258599999999998,primary,0.019611780601924485,15.485462197550817,2023
0.05888030888030882,2023-03-13,298,969986048a541661911ae2e8,time_value,66.3522,O:BA230616P00195000,1,1,2023-03-08,2023-03-08,100,0.04198841698841699,295,0.0,0.00610956072351417,2023-03-09,296,True,2023-03-13,298,2023-08-25,101,4284026.0,2023-03-13,scheduled_exit,298,2023-06-16,"{""market_momentum"": -0.026620793987750968, ""market_volatility"": 0.009406517144982795, ""momentum"": 0.0018857888883516694, ""volatility"": 0.019611780601924485, ""volume_state"": 15.485462197550817}",assumed_next_daily_close,20124.0,2,0000012927,0,-0.026620793987750968,0.009406517144982795,0.0018857888883516694,180.17339999999996,0.008953160405485985,61.474399999999996,9.75,10.7,94.99999999999993,defd6bc1216c6aac5c6b4ac8,True,0.004484304932735426,223,1.725486666612371e-05,5795466.4,,,,,,,,,,,,,,,,,,,,,,,,,,,,,,,,,,,,,,,,,,,,bounded_preclose_bid_ask,,,,False,not_requested_for_horizon_or_variant,,,,ordinary,protective_put,100,completed,201.24,203.37,False,213.0,H24,1,BA,127.82659999999998,primary,0.019611780601924485,15.485462197550817,2023
0.05888030888030882,2023-03-13,298,969986048a541661911ae2e8,time_value,12.2022,O:BA230616P00195000,1,1,2023-03-08,2023-03-08,100,0.04198841698841699,295,0.0,0.001200000000000066,2023-03-09,296,True,2023-03-13,298,2023-08-25,101,4284026.0,2023-03-13,scheduled_exit,298,2023-06-16,"{""market_momentum"": -0.026620793987750968, ""market_volatility"": 0.009406517144982795, ""momentum"": 0.0018857888883516694, ""volatility"": 0.019611780601924485, ""volume_state"": 15.485462197550817}",assumed_next_daily_close,20124.0,2,0000012927,0,-0.026620793987750968,0.009406517144982795,0.0018857888883516694,188.7234,0.009378026237328562,12.074399999999999,9.75,0.0,-0.0,defd6bc1216c6aac5c6b4ac8,True,0.004484304932735426,223,1.725486666612371e-05,5795466.4,,,,,,,,,,,,,,,,,,,,,,,,,,,,,,,,,,,,,,,,,,,,bounded_preclose_bid_ask,,,,False,not_requested_for_horizon_or_variant,,,,ordinary,protective_put,100,completed,201.24,203.37,True,213.0,H24,1,BA,24.2766,primary,0.019611780601924485,15.485462197550817,2023
0.05888030888030882,2023-03-14,299,969986048a541661911ae2e8,time_value,63.8368,O:BA230616P00195000,1,1,2023-03-08,2023-03-08,100,0.04198841698841699,295,0.0,0.00610956072351417,2023-03-09,296,True,2023-03-14,299,2023-08-25,101,4284026.0,2023-03-14,scheduled_exit,299,2023-06-16,"{""market_momentum"": -0.026620793987750968, ""market_volatility"": 0.009406517144982795, ""momentum"": 0.0018857888883516694, ""volatility"": 0.019611780601924485, ""volume_state"": 15.485462197550817}",assumed_next_daily_close,20124.0,3,0000012927,0,-0.026620793987750968,0.009406517144982795,0.0018857888883516694,518.6888,0.025774637249055855,61.474399999999996,9.75,10.15,40.000000000000036,defd6bc1216c6aac5c6b4ac8,True,0.004484304932735426,223,1.725486666612371e-05,5795466.4,,,,,,,,,,,,,,,,,,,,,,,,,,,,,,,,,,,,,,,,,,,,bounded_preclose_bid_ask,,,,False,not_requested_for_horizon_or_variant,,,,ordinary,protective_put,100,completed,201.24,207.28,False,604.0,H24,1,BA,125.31119999999999,primary,0.019611780601924485,15.485462197550817,2023
0.05888030888030882,2023-03-14,299,969986048a541661911ae2e8,time_value,12.436799999999998,O:BA230616P00195000,1,1,2023-03-08,2023-03-08,100,0.04198841698841699,295,0.0,0.001200000000000066,2023-03-09,296,True,2023-03-14,299,2023-08-25,101,4284026.0,2023-03-14,scheduled_exit,299,2023-06-16,"{""market_momentum"": -0.026620793987750968, ""market_volatility"": 0.009406517144982795, ""momentum"": 0.0018857888883516694, ""volatility"": 0.019611780601924485, ""volume_state"": 15.485462197550817}",assumed_next_daily_close,20124.0,3,0000012927,0,-0.026620793987750968,0.009406517144982795,0.0018857888883516694,579.4888000000001,0.028795905386603066,12.074399999999999,9.75,0.0,-0.0,defd6bc1216c6aac5c6b4ac8,True,0.004484304932735426,223,1.725486666612371e-05,5795466.4,,,,,,,,,,,,,,,,,,,,,,,,,,,,,,,,,,,,,,,,,,,,bounded_preclose_bid_ask,,,,False,not_requested_for_horizon_or_variant,,,,ordinary,protective_put,100,completed,201.24,207.28,True,604.0,H24,1,BA,24.511199999999995,primary,0.019611780601924485,15.485462197550817,2023
0.05888030888030882,2023-03-16,301,969986048a541661911ae2e8,time_value,70.6914,O:BA230616P00195000,1,1,2023-03-08,2023-03-08,100,0.04198841698841699,295,0.0,0.00610956072351417,2023-03-09,296,True,2023-03-16,301,2023-08-25,101,4284026.0,2023-03-16,scheduled_exit,301,2023-06-16,"{""market_momentum"": -0.026620793987750968, ""market_volatility"": 0.009406517144982795, ""momentum"": 0.0018857888883516694, ""volatility"": 0.019611780601924485, ""volume_state"": 15.485462197550817}",assumed_next_daily_close,20124.0,5,0000012927,0,-0.026620793987750968,0.009406517144982795,0.0018857888883516694,244.8342,0.012166279069767442,61.474399999999996,9.75,11.57,182.00000000000003,defd6bc1216c6aac5c6b4ac8,True,0.004484304932735426,223,1.725486666612371e-05,5795466.4,,,,,,,,,,,,,,,,,,,,,,,,,,,,,,,,,,,,,,,,,,,,bounded_preclose_bid_ask,,,,False,not_requested_for_horizon_or_variant,,,,ordinary,protective_put,100,completed,201.24,203.19,False,195.0,H24,1,BA,132.1658,primary,0.019611780601924485,15.485462197550817,2023
0.05888030888030882,2023-03-16,301,969986048a541661911ae2e8,time_value,12.1914,O:BA230616P00195000,1,1,2023-03-08,2023-03-08,100,0.04198841698841699,295,0.0,0.01624761478831253,2023-03-09,296,True,2023-03-16,301,2023-08-25,101,4284026.0,2023-03-16,scheduled_exit,301,2023-06-16,"{""market_momentum"": -0.026620793987750968, ""market_volatility"": 0.009406517144982795, ""momentum"": 0.0018857888883516694, ""volatility"": 0.019611780601924485, ""volume_state"": 15.485462197550817}",assumed_next_daily_close,20124.0,5,0000012927,0,-0.026620793987750968,0.009406517144982795,0.0018857888883516694,170.73420000000002,0.008484108527131783,12.074399999999999,9.75,0.0,-0.0,defd6bc1216c6aac5c6b4ac8,True,0.004484304932735426,223,1.725486666612371e-05,5795466.4,,,,,,,,,,,,,,,,,,,,,,,,,,,,,,,,,,,,,,,,,,,,bounded_preclose_bid_ask,,,,False,not_requested_for_horizon_or_variant,,,,ordinary,protective_put,100,completed,201.24,203.19,True,195.0,H24,1,BA,24.2658,primary,0.019611780601924485,15.485462197550817,2023
0.05888030888030882,2023-03-23,306,969986048a541661911ae2e8,time_value,71.274,O:BA230616P00195000,1,1,2023-03-08,2023-03-08,100,0.04198841698841699,295,0.0,0.02732528324388785,2023-03-09,296,True,2023-03-23,306,2023-08-25,101,4284026.0,2023-03-23,scheduled_exit,306,2023-06-16,"{""market_momentum"": -0.026620793987750968, ""market_volatility"": 0.009406517144982795, ""momentum"": 0.0018857888883516694, ""volatility"": 0.019611780601924485, ""volume_state"": 15.485462197550817}",assumed_next_daily_close,20124.0,10,0000012927,0,-0.026620793987750968,0.009406517144982795,0.0018857888883516694,-266.7484,-0.01325523752733055,61.474399999999996,9.75,11.75,200.0,defd6bc1216c6aac5c6b4ac8,True,0.004484304932735426,223,1.725486666612371e-05,5795466.4,,1.12112512,8.75,58,8.55,75,0.02312138728323691,0.00178944,207.22,11400,207.21,3600,4.8259054605076394e-05,,,,,,,,,,,,,,,,,,,,,,,,,,,,,,,bounded_preclose_bid_ask,,,,False,entry_asynchronous_quotes,,,,ordinary,protective_put,100,completed,201.24,197.9,False,-334.0,H24,1,BA,132.7484,primary,0.019611780601924485,15.485462197550817,2023
0.05888030888030882,2023-03-23,306,969986048a541661911ae2e8,time_value,11.873999999999999,O:BA230616P00195000,1,1,2023-03-08,2023-03-08,100,0.04198841698841699,295,0.0,0.026428344265553634,2023-03-09,296,True,2023-03-23,306,2023-08-25,101,4284026.0,2023-03-23,scheduled_exit,306,2023-06-16,"{""market_momentum"": -0.026620793987750968, ""market_volatility"": 0.009406517144982795, ""momentum"": 0.0018857888883516694, ""volatility"": 0.019611780601924485, ""volume_state"": 15.485462197550817}",assumed_next_daily_close,20124.0,10,0000012927,0,-0.026620793987750968,0.009406517144982795,0.0018857888883516694,-357.94840000000005,-0.017787139733651362,12.074399999999999,9.75,0.0,-0.0,defd6bc1216c6aac5c6b4ac8,True,0.004484304932735426,223,1.725486666612371e-05,5795466.4,,1.12112512,8.75,58,8.55,75,0.02312138728323691,0.00178944,207.22,11400,207.21,3600,4.8259054605076394e-05,,,,,,,,,,,,,,,,,,,,,,,,,,,,,,,bounded_preclose_bid_ask,,,,False,entry_asynchronous_quotes,,,,ordinary,protective_put,100,completed,201.24,197.9,True,-334.0,H24,1,BA,23.9484,primary,0.019611780601924485,15.485462197550817,2023
0.05888030888030882,2023-04-10,317,969986048a541661911ae2e8,time_value,44.5468,O:BA230616P00195000,1,1,2023-03-08,2023-03-08,100,0.04198841698841699,295,0.0,0.02732528324388785,2023-03-09,296,True,2023-04-10,317,2023-08-25,101,4284026.0,2023-04-10,scheduled_exit,317,2023-06-16,"{""market_momentum"": -0.026620793987750968, ""market_volatility"": 0.009406517144982795, ""momentum"": 0.0018857888883516694, ""volatility"": 0.019611780601924485, ""volume_state"": 15.485462197550817}",assumed_next_daily_close,20124.0,21,0000012927,0,-0.026620793987750968,0.009406517144982795,0.0018857888883516694,497.97880000000004,0.02474551778970384,61.474399999999996,9.75,6.25,-350.0,defd6bc1216c6aac5c6b4ac8,True,0.004484304932735426,223,1.725486666612371e-05,5795466.4,,,,,,,,,,,,,,,,,,,,,,,,,,,,,,,,,,,,,,,,,,,,bounded_preclose_bid_ask,,,,False,not_requested_for_horizon_or_variant,,,,ordinary,protective_put,100,completed,201.24,210.78,False,954.0,H24,1,BA,106.0212,primary,0.019611780601924485,15.485462197550817,2023
0.05888030888030882,2023-04-10,317,969986048a541661911ae2e8,time_value,12.646799999999999,O:BA230616P00195000,1,1,2023-03-08,2023-03-08,100,0.04198841698841699,295,0.0,0.026428344265553634,2023-03-09,296,True,2023-04-10,317,2023-08-25,101,4284026.0,2023-04-10,scheduled_exit,317,2023-06-16,"{""market_momentum"": -0.026620793987750968, ""market_volatility"": 0.009406517144982795, ""momentum"": 0.0018857888883516694, ""volatility"": 0.019611780601924485, ""volume_state"": 15.485462197550817}",assumed_next_daily_close,20124.0,21,0000012927,0,-0.026620793987750968,0.009406517144982795,0.0018857888883516694,929.2788,0.04617763864042934,12.074399999999999,9.75,0.0,-0.0,defd6bc1216c6aac5c6b4ac8,True,0.004484304932735426,223,1.725486666612371e-05,5795466.4,,,,,,,,,,,,,,,,,,,,,,,,,,,,,,,,,,,,,,,,,,,,bounded_preclose_bid_ask,,,,False,not_requested_for_horizon_or_variant,,,,ordinary,protective_put,100,completed,201.24,210.78,True,954.0,H24,1,BA,24.721199999999996,primary,0.019611780601924485,15.485462197550817,2023
0.05888030888030882,2023-05-09,338,969986048a541661911ae2e8,time_value,37.2628,O:BA230616P00195000,1,1,2023-03-08,2023-03-08,100,0.04198841698841699,295,0.0,0.040981415225601225,2023-03-09,296,True,2023-05-09,338,2023-08-25,101,4284026.0,2023-05-09,scheduled_exit,338,2023-06-16,"{""market_momentum"": -0.026620793987750968, ""market_volatility"": 0.009406517144982795, ""momentum"": 0.0018857888883516694, ""volatility"": 0.019611780601924485, ""volume_state"": 15.485462197550817}",assumed_next_daily_close,20124.0,42,0000012927,0,-0.026620793987750968,0.009406517144982795,0.0018857888883516694,-519.7371999999999,-0.025826734247664476,61.474399999999996,9.75,4.9,-484.99999999999994,defd6bc1216c6aac5c6b4ac8,True,0.004484304932735426,223,1.725486666612371e-05,5795466.4,,,,,,,,,,,,,,,,,,,,,,,,,,,,,,,,,,,,,,,,,,,,bounded_preclose_bid_ask,,,,False,not_requested_for_horizon_or_variant,,,,ordinary,protective_put,100,completed,201.24,201.88,False,64.0,H24,1,BA,98.7372,primary,0.019611780601924485,15.485462197550817,2023
0.05888030888030882,2023-05-09,338,969986048a541661911ae2e8,time_value,12.112799999999998,O:BA230616P00195000,1,1,2023-03-08,2023-03-08,100,0.04198841698841699,295,0.0,0.026428344265553634,2023-03-09,296,True,2023-05-09,338,2023-08-25,101,4284026.0,2023-05-09,scheduled_exit,338,2023-06-16,"{""market_momentum"": -0.026620793987750968, ""market_volatility"": 0.009406517144982795, ""momentum"": 0.0018857888883516694, ""volatility"": 0.019611780601924485, ""volume_state"": 15.485462197550817}",assumed_next_daily_close,20124.0,42,0000012927,0,-0.026620793987750968,0.009406517144982795,0.0018857888883516694,39.8128,0.0019783740806996624,12.074399999999999,9.75,0.0,-0.0,defd6bc1216c6aac5c6b4ac8,True,0.004484304932735426,223,1.725486666612371e-05,5795466.4,,,,,,,,,,,,,,,,,,,,,,,,,,,,,,,,,,,,,,,,,,,,bounded_preclose_bid_ask,,,,False,not_requested_for_horizon_or_variant,,,,ordinary,protective_put,100,completed,201.24,201.88,True,64.0,H24,1,BA,24.187199999999997,primary,0.019611780601924485,15.485462197550817,2023
0.05888030888030882,2023-06-08,359,969986048a541661911ae2e8,time_value,14.086599999999999,O:BA230616P00195000,1,1,2023-03-08,2023-03-08,100,0.04198841698841699,295,0.0,0.0411489067779765,2023-03-09,296,True,2023-06-08,359,2023-08-25,101,4284026.0,2023-06-08,scheduled_exit,359,2023-06-16,"{""market_momentum"": -0.026620793987750968, ""market_volatility"": 0.009406517144982795, ""momentum"": 0.0018857888883516694, ""volatility"": 0.019611780601924485, ""volume_state"": 15.485462197550817}",assumed_next_daily_close,20124.0,63,0000012927,0,-0.026620793987750968,0.009406517144982795,0.0018857888883516694,643.4390000000001,0.03197371297952694,61.474399999999996,9.75,0.07,-968.0,defd6bc1216c6aac5c6b4ac8,True,0.004484304932735426,223,1.725486666612371e-05,5795466.4,,,,,,,,,,,,,,,,,,,,,,,,,,,,,,,,,,,,,,,,,,,,bounded_preclose_bid_ask,,,,False,not_requested_for_horizon_or_variant,,,,ordinary,protective_put,100,completed,201.24,218.11,False,1687.0,H24,1,BA,75.56099999999999,primary,0.019611780601924485,15.485462197550817,2023
0.05888030888030882,2023-06-08,359,969986048a541661911ae2e8,time_value,13.086599999999999,O:BA230616P00195000,1,1,2023-03-08,2023-03-08,100,0.04198841698841699,295,0.0,0.026428344265553634,2023-03-09,296,True,2023-06-08,359,2023-08-25,101,4284026.0,2023-06-08,scheduled_exit,359,2023-06-16,"{""market_momentum"": -0.026620793987750968, ""market_volatility"": 0.009406517144982795, ""momentum"": 0.0018857888883516694, ""volatility"": 0.019611780601924485, ""volume_state"": 15.485462197550817}",assumed_next_daily_close,20124.0,63,0000012927,0,-0.026620793987750968,0.009406517144982795,0.0018857888883516694,1661.839,0.08257995428344266,12.074399999999999,9.75,0.0,-0.0,defd6bc1216c6aac5c6b4ac8,True,0.004484304932735426,223,1.725486666612371e-05,5795466.4,,,,,,,,,,,,,,,,,,,,,,,,,,,,,,,,,,,,,,,,,,,,bounded_preclose_bid_ask,,,,False,not_requested_for_horizon_or_variant,,,,ordinary,protective_put,100,completed,201.24,218.11,True,1687.0,H24,1,BA,25.160999999999998,primary,0.019611780601924485,15.485462197550817,2023
0.05888030888030882,2023-06-16,365,969986048a541661911ae2e8,time_value,13.8494,O:BA230616P00195000,1,1,2023-03-08,2023-03-08,100,0.04198841698841699,295,0.0,0.0411489067779765,2023-03-09,296,True,2023-06-16,365,2023-08-25,101,4284026.0,2023-06-16,expiry_worthless,365,2023-06-16,"{""market_momentum"": -0.026620793987750968, ""market_volatility"": 0.009406517144982795, ""momentum"": 0.0018857888883516694, ""volatility"": 0.019611780601924485, ""volume_state"": 15.485462197550817}",assumed_next_daily_close,20124.0,expiry,0000012927,0,-0.026620793987750968,0.009406517144982795,0.0018857888883516694,824.6762000000001,0.04097973563903797,61.474399999999996,9.75,0.0,-975.0,defd6bc1216c6aac5c6b4ac8,True,0.004484304932735426,223,1.725486666612371e-05,5795466.4,,,,,,,,,,,,,,,,,,,,,,,,,,,,,,,,,,,,,,,,,,,,bounded_preclose_bid_ask,,,,False,not_requested_for_horizon_or_variant,,,,ordinary,protective_put,100,completed,201.24,219.99,False,1875.0,H24,1,BA,75.32379999999999,primary,0.019611780601924485,15.485462197550817,2023
0.05888030888030882,2023-06-16,365,969986048a541661911ae2e8,time_value,13.199399999999999,O:BA230616P00195000,1,1,2023-03-08,2023-03-08,100,0.04198841698841699,295,0.0,0.026428344265553634,2023-03-09,296,True,2023-06-16,365,2023-08-25,101,4284026.0,2023-06-16,scheduled_exit,365,2023-06-16,"{""market_momentum"": -0.026620793987750968, ""market_volatility"": 0.009406517144982795, ""momentum"": 0.0018857888883516694, ""volatility"": 0.019611780601924485, ""volume_state"": 15.485462197550817}",assumed_next_daily_close,20124.0,expiry,0000012927,0,-0.026620793987750968,0.009406517144982795,0.0018857888883516694,1849.7262,0.09191642814549791,12.074399999999999,9.75,0.0,-0.0,defd6bc1216c6aac5c6b4ac8,True,0.004484304932735426,223,1.725486666612371e-05,5795466.4,,,,,,,,,,,,,,,,,,,,,,,,,,,,,,,,,,,,,,,,,,,,bounded_preclose_bid_ask,,,,False,not_requested_for_horizon_or_variant,,,,ordinary,protective_put,100,completed,201.24,219.99,True,1875.0,H24,1,BA,25.273799999999998,primary,0.019611780601924485,15.485462197550817,2023
0.04397477416055895,2025-09-03,919,a153789c3b2a2658aaca0d82,time_value,69.5928,O:BA251219C00245000,1,1,2025-08-29,2025-08-29,112,0.05454235554798023,917,0.0,0.014533052489679,2025-09-02,918,True,2025-09-03,919,2025-08-29,19,6339117.0,2025-09-03,scheduled_exit,919,2025-12-19,"{""market_momentum"": 0.020519554486773783, ""market_volatility"": 0.007427979863443447, ""momentum"": 0.057879552830869097, ""volatility"": 0.015062707282962112, ""volume_state"": 15.617192194832636}",assumed_next_daily_close,23738.0,1,0000012927,0,0.020519554486773783,0.007427979863443447,0.057879552830869097,-344.9856000000001,-0.014533052489679,85.39280000000001,14.1,11,309.99999999999994,0dfa4412015472803f67ca06,True,0.005076142131979695,197,1.6884394878314674e-05,5922628.6,,,,,,,,,,,,,,,,,,,,,,,,,,,,,,,,,,,,,,,,,,,,bounded_preclose_bid_ask,,,,False,not_requested_for_horizon_or_variant,,,,event,covered_call,100,completed,237.38,232.38,False,-500.0,H24,1,BA,154.9856,primary,0.015062707282962112,15.617192194832636,2025
0.04397477416055895,2025-09-03,919,a153789c3b2a2658aaca0d82,time_value,13.942799999999998,O:BA251219C00245000,1,1,2025-08-29,2025-08-29,112,0.05454235554798023,917,0.0,0.022250636110877076,2025-09-02,918,True,2025-09-03,919,2025-08-29,19,6339117.0,2025-09-03,scheduled_exit,919,2025-12-19,"{""market_momentum"": 0.020519554486773783, ""market_volatility"": 0.007427979863443447, ""momentum"": 0.057879552830869097, ""volatility"": 0.015062707282962112, ""volume_state"": 15.617192194832636}",assumed_next_daily_close,23738.0,1,0000012927,0,0.020519554486773783,0.007427979863443447,0.057879552830869097,-528.1856,-0.022250636110877076,14.242799999999999,14.1,0.0,-0.0,0dfa4412015472803f67ca06,True,0.005076142131979695,197,1.6884394878314674e-05,5922628.6,,,,,,,,,,,,,,,,,,,,,,,,,,,,,,,,,,,,,,,,,,,,bounded_preclose_bid_ask,,,,False,not_requested_for_horizon_or_variant,,,,event,covered_call,100,completed,237.38,232.38,True,-500.0,H24,1,BA,28.185599999999997,primary,0.015062707282962112,15.617192194832636,2025
0.04397477416055895,2025-09-04,920,a153789c3b2a2658aaca0d82,time_value,67.245,O:BA251219C00245000,1,1,2025-08-29,2025-08-29,112,0.05454235554798023,917,0.0,0.019405080461706973,2025-09-02,918,True,2025-09-04,920,2025-08-29,19,6339117.0,2025-09-04,scheduled_exit,920,2025-12-19,"{""market_momentum"": 0.020519554486773783, ""market_volatility"": 0.007427979863443447, ""momentum"": 0.057879552830869097, ""volatility"": 0.015062707282962112, ""volume_state"": 15.617192194832636}",assumed_next_daily_close,23738.0,2,0000012927,0,0.020519554486773783,0.007427979863443447,0.057879552830869097,-460.63780000000014,-0.019405080461706973,85.39280000000001,14.1,10.55,354.9999999999999,0dfa4412015472803f67ca06,True,0.005076142131979695,197,1.6884394878314674e-05,5922628.6,,,,,,,,,,,,,,,,,,,,,,,,,,,,,,,,,,,,,,,,,,,,bounded_preclose_bid_ask,,,,False,not_requested_for_horizon_or_variant,,,,event,covered_call,100,completed,237.38,230.75,False,-663.0,H24,1,BA,152.63780000000003,primary,0.015062707282962112,15.617192194832636,2025
0.04397477416055895,2025-09-04,920,a153789c3b2a2658aaca0d82,time_value,13.844999999999999,O:BA251219C00245000,1,1,2025-08-29,2025-08-29,112,0.05454235554798023,917,0.0,0.029113143483023,2025-09-02,918,True,2025-09-04,920,2025-08-29,19,6339117.0,2025-09-04,scheduled_exit,920,2025-12-19,"{""market_momentum"": 0.020519554486773783, ""market_volatility"": 0.007427979863443447, ""momentum"": 0.057879552830869097, ""volatility"": 0.015062707282962112, ""volume_state"": 15.617192194832636}",assumed_next_daily_close,23738.0,2,0000012927,0,0.020519554486773783,0.007427979863443447,0.057879552830869097,-691.0878,-0.029113143483023,14.242799999999999,14.1,0.0,-0.0,0dfa4412015472803f67ca06,True,0.005076142131979695,197,1.6884394878314674e-05,5922628.6,,,,,,,,,,,,,,,,,,,,,,,,,,,,,,,,,,,,,,,,,,,,bounded_preclose_bid_ask,,,,False,not_requested_for_horizon_or_variant,,,,event,covered_call,100,completed,237.38,230.75,True,-663.0,H24,1,BA,28.087799999999998,primary,0.015062707282962112,15.617192194832636,2025
0.04397477416055895,2025-09-05,921,a153789c3b2a2658aaca0d82,time_value,62.92659999999999,O:BA251219C00245000,1,1,2025-08-29,2025-08-29,112,0.05454235554798023,917,0.0,0.020444831072541914,2025-09-02,918,True,2025-09-05,921,2025-08-29,19,6339117.0,2025-09-05,scheduled_exit,921,2025-12-19,"{""market_momentum"": 0.020519554486773783, ""market_volatility"": 0.007427979863443447, ""momentum"": 0.057879552830869097, ""volatility"": 0.015062707282962112, ""volume_state"": 15.617192194832636}",assumed_next_daily_close,23738.0,3,0000012927,0,0.020519554486773783,0.007427979863443447,0.057879552830869097,-485.3194,-0.020444831072541914,85.39280000000001,14.1,9.7,440.00000000000006,0dfa4412015472803f67ca06,True,0.005076142131979695,197,1.6884394878314674e-05,5922628.6,,,,,,,,,,,,,,,,,,,,,,,,,,,,,,,,,,,,,,,,,,,,bounded_preclose_bid_ask,,,,False,not_requested_for_horizon_or_variant,,,,event,covered_call,100,completed,237.38,229.61,False,-777.0,H24,1,BA,148.3194,primary,0.015062707282962112,15.617192194832636,2025
0.04397477416055895,2025-09-05,921,a153789c3b2a2658aaca0d82,time_value,13.776599999999998,O:BA251219C00245000,1,1,2025-08-29,2025-08-29,112,0.05454235554798023,917,0.0,0.033912688516302976,2025-09-02,918,True,2025-09-05,921,2025-08-29,19,6339117.0,2025-09-05,scheduled_exit,921,2025-12-19,"{""market_momentum"": 0.020519554486773783, ""market_volatility"": 0.007427979863443447, ""momentum"": 0.057879552830869097, ""volatility"": 0.015062707282962112, ""volume_state"": 15.617192194832636}",assumed_next_daily_close,23738.0,3,0000012927,0,0.020519554486773783,0.007427979863443447,0.057879552830869097,-805.0194,-0.033912688516302976,14.242799999999999,14.1,0.0,-0.0,0dfa4412015472803f67ca06,True,0.005076142131979695,197,1.6884394878314674e-05,5922628.6,,,,,,,,,,,,,,,,,,,,,,,,,,,,,,,,,,,,,,,,,,,,bounded_preclose_bid_ask,,,,False,not_requested_for_horizon_or_variant,,,,event,covered_call,100,completed,237.38,229.61,True,-777.0,H24,1,BA,28.019399999999997,primary,0.015062707282962112,15.617192194832636,2025
0.04397477416055895,2025-09-09,923,a153789c3b2a2658aaca0d82,time_value,62.97120000000001,O:BA251219C00245000,1,1,2025-08-29,2025-08-29,112,0.05454235554798023,917,0.0,0.020867975398095887,2025-09-02,918,True,2025-09-09,923,2025-08-29,19,6339117.0,2025-09-09,scheduled_exit,923,2025-12-19,"{""market_momentum"": 0.020519554486773783, ""market_volatility"": 0.007427979863443447, ""momentum"": 0.057879552830869097, ""volatility"": 0.015062707282962112, ""volume_state"": 15.617192194832636}",assumed_next_daily_close,23738.0,5,0000012927,0,0.020519554486773783,0.007427979863443447,0.057879552830869097,-495.36400000000015,-0.020867975398095887,85.39280000000001,14.1,9.71,438.9999999999999,0dfa4412015472803f67ca06,True,0.005076142131979695,197,1.6884394878314674e-05,5922628.6,,,,,,,,,,,,,,,,,,,,,,,,,,,,,,,,,,,,,,,,,,,,bounded_preclose_bid_ask,,,,False,not_requested_for_horizon_or_variant,,,,event,covered_call,100,completed,237.38,229.52,False,-786.0,H24,1,BA,148.36400000000003,primary,0.015062707282962112,15.617192194832636,2025
0.04397477416055895,2025-09-09,923,a153789c3b2a2658aaca0d82,time_value,13.771199999999999,O:BA251219C00245000,1,1,2025-08-29,2025-08-29,112,0.05454235554798023,917,0.0,0.03429159996629876,2025-09-02,918,True,2025-09-09,923,2025-08-29,19,6339117.0,2025-09-09,scheduled_exit,923,2025-12-19,"{""market_momentum"": 0.020519554486773783, ""market_volatility"": 0.007427979863443447, ""momentum"": 0.057879552830869097, ""volatility"": 0.015062707282962112, ""volume_state"": 15.617192194832636}",assumed_next_daily_close,23738.0,5,0000012927,0,0.020519554486773783,0.007427979863443447,0.057879552830869097,-814.014,-0.03429159996629876,14.242799999999999,14.1,0.0,-0.0,0dfa4412015472803f67ca06,True,0.005076142131979695,197,1.6884394878314674e-05,5922628.6,,,,,,,,,,,,,,,,,,,,,,,,,,,,,,,,,,,,,,,,,,,,bounded_preclose_bid_ask,,,,False,not_requested_for_horizon_or_variant,,,,event,covered_call,100,completed,237.38,229.52,True,-786.0,H24,1,BA,28.013999999999996,primary,0.015062707282962112,15.617192194832636,2025
0.04397477416055895,2025-09-16,928,a153789c3b2a2658aaca0d82,time_value,37.301199999999994,O:BA251219C00245000,1,1,2025-08-29,2025-08-29,112,0.05454235554798023,917,0.0,0.05997531384278372,2025-09-02,918,True,2025-09-16,928,2025-08-29,19,6339117.0,2025-09-16,scheduled_exit,928,2025-12-19,"{""market_momentum"": 0.020519554486773783, ""market_volatility"": 0.007427979863443447, ""momentum"": 0.057879552830869097, ""volatility"": 0.015062707282962112, ""volume_state"": 15.617192194832636}",assumed_next_daily_close,23738.0,10,0000012927,0,0.020519554486773783,0.007427979863443447,0.057879552830869097,-1423.694,-0.05997531384278372,85.39280000000001,14.1,4.75,935.0,0dfa4412015472803f67ca06,True,0.005076142131979695,197,1.6884394878314674e-05,5922628.6,True,0.116052515,13.1,17,12.4,12,0.05490196078431367,0.000457375,234.75,1800,234.74,15000,4.259941638795674e-05,10,,13.7,0.226334014,13.95,11,13.7,10,0.018083182640144666,237.27,0.000264268,237.27,3100,237.26,2300,4.214696647216963e-05,4.95,0.024223372,4.95,53,4.7,126,0.05181347150259067,214.95,0.000351764,214.96,400,214.95,3000,4.652136493693716e-05,bounded_preclose_bid_ask,-1385.9944000000023,-0.05841422851603668,875.0,False,completed_bounded_proxy,-2232.0000000000023,28.9944,,event,covered_call,100,completed,237.38,215.02,False,-2236.0,H24,1,BA,122.694,primary,0.015062707282962112,15.617192194832636,2025
0.04397477416055895,2025-09-16,928,a153789c3b2a2658aaca0d82,time_value,12.9012,O:BA251219C00245000,1,1,2025-08-29,2025-08-29,112,0.05454235554798023,917,0.0,0.09533844468784226,2025-09-02,918,True,2025-09-16,928,2025-08-29,19,6339117.0,2025-09-16,scheduled_exit,928,2025-12-19,"{""market_momentum"": 0.020519554486773783, ""market_volatility"": 0.007427979863443447, ""momentum"": 0.057879552830869097, ""volatility"": 0.015062707282962112, ""volume_state"": 15.617192194832636}",assumed_next_daily_close,23738.0,10,0000012927,0,0.020519554486773783,0.007427979863443447,0.057879552830869097,-2263.144,-0.09533844468784226,14.242799999999999,14.1,0.0,-0.0,0dfa4412015472803f67ca06,True,0.005076142131979695,197,1.6884394878314674e-05,5922628.6,True,0.116052515,13.1,17,12.4,12,0.05490196078431367,0.000457375,234.75,1800,234.74,15000,4.259941638795674e-05,11,,0.0,0.226334014,13.95,11,13.7,10,0.018083182640144666,237.27,0.000264268,237.27,3100,237.26,2300,4.214696647216963e-05,0.0,0.024223372,4.95,53,4.7,126,0.05181347150259067,214.95,0.000351764,214.96,400,214.95,3000,4.652136493693716e-05,bounded_preclose_bid_ask,-2241.0444000000025,-0.09445123277279059,0.0,False,completed_bounded_proxy,-2232.0000000000023,9.0444,,event,covered_call,100,completed,237.38,215.02,True,-2236.0,H24,1,BA,27.144,primary,0.015062707282962112,15.617192194832636,2025
0.04397477416055895,2025-10-01,939,a153789c3b2a2658aaca0d82,time_value,36.562,O:BA251219C00245000,1,1,2025-08-29,2025-08-29,112,0.05454235554798023,917,0.0,0.07129363046591969,2025-09-02,918,True,2025-10-01,939,2025-08-29,19,6339117.0,2025-10-01,scheduled_exit,939,2025-12-19,"{""market_momentum"": 0.020519554486773783, ""market_volatility"": 0.007427979863443447, ""momentum"": 0.057879552830869097, ""volatility"": 0.015062707282962112, ""volume_state"": 15.617192194832636}",assumed_next_daily_close,23738.0,21,0000012927,0,0.020519554486773783,0.007427979863443447,0.057879552830869097,-1389.9548,-0.05855399780941949,85.39280000000001,14.1,4.6,950.0,0dfa4412015472803f67ca06,True,0.005076142131979695,197,1.6884394878314674e-05,5922628.6,,,,,,,,,,,,,,,,,,,,,,,,,,,,,,,,,,,,,,,,,,,,bounded_preclose_bid_ask,,,,False,not_requested_for_horizon_or_variant,,,,event,covered_call,100,completed,237.38,215.2,False,-2218.0,H24,1,BA,121.9548,primary,0.015062707282962112,15.617192194832636,2025
0.04397477416055895,2025-10-01,939,a153789c3b2a2658aaca0d82,time_value,12.911999999999999,O:BA251219C00245000,1,1,2025-08-29,2025-08-29,112,0.05454235554798023,917,0.0,0.10767411744881623,2025-09-02,918,True,2025-10-01,939,2025-08-29,19,6339117.0,2025-10-01,scheduled_exit,939,2025-12-19,"{""market_momentum"": 0.020519554486773783, ""market_volatility"": 0.007427979863443447, ""momentum"": 0.057879552830869097, ""volatility"": 0.015062707282962112, ""volume_state"": 15.617192194832636}",assumed_next_daily_close,23738.0,21,0000012927,0,0.020519554486773783,0.007427979863443447,0.057879552830869097,-2245.1548,-0.09458062178785069,14.242799999999999,14.1,0.0,-0.0,0dfa4412015472803f67ca06,True,0.005076142131979695,197,1.6884394878314674e-05,5922628.6,,,,,,,,,,,,,,,,,,,,,,,,,,,,,,,,,,,,,,,,,,,,bounded_preclose_bid_ask,,,,False,not_requested_for_horizon_or_variant,,,,event,covered_call,100,completed,237.38,215.2,True,-2218.0,H24,1,BA,27.154799999999998,primary,0.015062707282962112,15.617192194832636,2025
0.04397477416055895,2025-10-30,960,a153789c3b2a2658aaca0d82,time_value,16.8048,O:BA251219C00245000,1,1,2025-08-29,2025-08-29,112,0.05454235554798023,917,0.0,0.10553532732327912,2025-09-02,918,True,2025-10-30,960,2025-08-29,19,6339117.0,2025-10-30,scheduled_exit,960,2025-12-19,"{""market_momentum"": 0.020519554486773783, ""market_volatility"": 0.007427979863443447, ""momentum"": 0.057879552830869097, ""volatility"": 0.015062707282962112, ""volume_state"": 15.617192194832636}",assumed_next_daily_close,23738.0,42,0000012927,0,0.020519554486773783,0.007427979863443447,0.057879552830869097,-2505.1976,-0.10553532732327912,85.39280000000001,14.1,0.83,1327.0,0dfa4412015472803f67ca06,True,0.005076142131979695,197,1.6884394878314674e-05,5922628.6,,,,,,,,,,,,,,,,,,,,,,,,,,,,,,,,,,,,,,,,,,,,bounded_preclose_bid_ask,,,,False,not_requested_for_horizon_or_variant,,,,event,covered_call,100,completed,237.38,200.08,False,-3730.0,H24,1,BA,102.19760000000001,primary,0.015062707282962112,15.617192194832636,2025
0.04397477416055895,2025-10-30,960,a153789c3b2a2658aaca0d82,time_value,12.0048,O:BA251219C00245000,1,1,2025-08-29,2025-08-29,112,0.05454235554798023,917,0.0,0.158237745387143,2025-09-02,918,True,2025-10-30,960,2025-08-29,19,6339117.0,2025-10-30,scheduled_exit,960,2025-12-19,"{""market_momentum"": 0.020519554486773783, ""market_volatility"": 0.007427979863443447, ""momentum"": 0.057879552830869097, ""volatility"": 0.015062707282962112, ""volume_state"": 15.617192194832636}",assumed_next_daily_close,23738.0,42,0000012927,0,0.020519554486773783,0.007427979863443447,0.057879552830869097,-3756.2476,-0.158237745387143,14.242799999999999,14.1,0.0,-0.0,0dfa4412015472803f67ca06,True,0.005076142131979695,197,1.6884394878314674e-05,5922628.6,,,,,,,,,,,,,,,,,,,,,,,,,,,,,,,,,,,,,,,,,,,,bounded_preclose_bid_ask,,,,False,not_requested_for_horizon_or_variant,,,,event,covered_call,100,completed,237.38,200.08,True,-3730.0,H24,1,BA,26.2476,primary,0.015062707282962112,15.617192194832636,2025
0.04397477416055895,2025-12-01,981,a153789c3b2a2658aaca0d82,time_value,12.2876,O:BA251219C00245000,1,1,2025-08-29,2025-08-29,112,0.05454235554798023,917,0.0,0.19086022411323622,2025-09-02,918,True,2025-12-01,981,2025-08-29,19,6339117.0,2025-12-01,scheduled_exit,981,2025-12-19,"{""market_momentum"": 0.020519554486773783, ""market_volatility"": 0.007427979863443447, ""momentum"": 0.057879552830869097, ""volatility"": 0.015062707282962112, ""volume_state"": 15.617192194832636}",assumed_next_daily_close,23738.0,63,0000012927,0,0.020519554486773783,0.007427979863443447,0.057879552830869097,-3788.6804,-0.15960402729800321,85.39280000000001,14.1,0.09,1401.0,0dfa4412015472803f67ca06,True,0.005076142131979695,197,1.6884394878314674e-05,5922628.6,,,,,,,,,,,,,,,,,,,,,,,,,,,,,,,,,,,,,,,,,,,,bounded_preclose_bid_ask,,,,False,not_requested_for_horizon_or_variant,,,,event,covered_call,100,completed,237.38,186.46,False,-5092.0,H24,1,BA,97.6804,primary,0.015062707282962112,15.617192194832636,2025
0.04397477416055895,2025-12-01,981,a153789c3b2a2658aaca0d82,time_value,11.1876,O:BA251219C00245000,1,1,2025-08-29,2025-08-29,112,0.05454235554798023,917,0.0,0.24648201196393968,2025-09-02,918,True,2025-12-01,981,2025-08-29,19,6339117.0,2025-12-01,scheduled_exit,981,2025-12-19,"{""market_momentum"": 0.020519554486773783, ""market_volatility"": 0.007427979863443447, ""momentum"": 0.057879552830869097, ""volatility"": 0.015062707282962112, ""volume_state"": 15.617192194832636}",assumed_next_daily_close,23738.0,63,0000012927,0,0.020519554486773783,0.007427979863443447,0.057879552830869097,-5117.4304,-0.21557967815317214,14.242799999999999,14.1,0.0,-0.0,0dfa4412015472803f67ca06,True,0.005076142131979695,197,1.6884394878314674e-05,5922628.6,,,,,,,,,,,,,,,,,,,,,,,,,,,,,,,,,,,,,,,,,,,,bounded_preclose_bid_ask,,,,False,not_requested_for_horizon_or_variant,,,,event,covered_call,100,completed,237.38,186.46,True,-5092.0,H24,1,BA,25.4304,primary,0.015062707282962112,15.617192194832636,2025
0.04397477416055895,2025-12-19,995,a153789c3b2a2658aaca0d82,time_value,13.4948,O:BA251219C00245000,1,1,2025-08-29,2025-08-29,112,0.05454235554798023,917,0.0,0.19086022411323622,2025-09-02,918,True,2025-12-19,995,2025-08-29,19,6339117.0,2025-12-19,expiry_worthless,995,2025-12-19,"{""market_momentum"": 0.020519554486773783, ""market_volatility"": 0.007427979863443447, ""momentum"": 0.057879552830869097, ""volatility"": 0.015062707282962112, ""volume_state"": 15.617192194832636}",assumed_next_daily_close,23738.0,expiry,0000012927,0,0.020519554486773783,0.007427979863443447,0.057879552830869097,-1018.8876,-0.04292221754149465,85.39280000000001,14.1,0.0,1410.0,0dfa4412015472803f67ca06,True,0.005076142131979695,197,1.6884394878314674e-05,5922628.6,,,,,,,,,,,,,,,,,,,,,,,,,,,,,,,,,,,,,,,,,,,,bounded_preclose_bid_ask,,,,False,not_requested_for_horizon_or_variant,,,,event,covered_call,100,completed,237.38,214.08,False,-2330.0,H24,1,BA,98.8876,primary,0.015062707282962112,15.617192194832636,2025
0.04397477416055895,2025-12-19,995,a153789c3b2a2658aaca0d82,time_value,12.8448,O:BA251219C00245000,1,1,2025-08-29,2025-08-29,112,0.05454235554798023,917,0.0,0.24648201196393968,2025-09-02,918,True,2025-12-19,995,2025-08-29,19,6339117.0,2025-12-19,scheduled_exit,995,2025-12-19,"{""market_momentum"": 0.020519554486773783, ""market_volatility"": 0.007427979863443447, ""momentum"": 0.057879552830869097, ""volatility"": 0.015062707282962112, ""volume_state"": 15.617192194832636}",assumed_next_daily_close,23738.0,expiry,0000012927,0,0.020519554486773783,0.007427979863443447,0.057879552830869097,-2357.0876,-0.09929596427668716,14.242799999999999,14.1,0.0,-0.0,0dfa4412015472803f67ca06,True,0.005076142131979695,197,1.6884394878314674e-05,5922628.6,,,,,,,,,,,,,,,,,,,,,,,,,,,,,,,,,,,,,,,,,,,,bounded_preclose_bid_ask,,,,False,not_requested_for_horizon_or_variant,,,,event,covered_call,100,completed,237.38,214.08,True,-2330.0,H24,1,BA,27.0876,primary,0.015062707282962112,15.617192194832636,2025
,,,a59ed044c4a03865fa85c4e4,time_value,,,1,1,2023-04-13,2023-04-13,,,320,,,2023-04-14,321,False,,,2023-04-13,,,,,,,"{""market_momentum"": 0.05549740892961985, ""market_volatility"": 0.009526315142855601, ""momentum"": 0.02792153087014082, ""volatility"": 0.015242589174549341, ""volume_state"": 15.061844277207662}",assumed_next_daily_close,,1,0000032604,,0.05549740892961985,0.009526315142855601,0.02792153087014082,,,,,,,25fe32f45d20309125728f5d,False,,,,,,,,,,,,,,,,,,,,,,,,,,,,,,,,,,,,,,,,,,,,,,,,bounded_preclose_bid_ask,,,,False,not_requested_for_horizon_or_variant,,,no_standard_contract_within_rules,event,protective_put,,no_standard_contract_within_rules,,,False,,H24,1,EMR,,primary,0.015242589174549341,15.061844277207662,2023
,,,a59ed044c4a03865fa85c4e4,time_value,,,1,1,2023-04-13,2023-04-13,,,320,,,2023-04-14,321,False,,,2023-04-13,,,,,,,"{""market_momentum"": 0.05549740892961985, ""market_volatility"": 0.009526315142855601, ""momentum"": 0.02792153087014082, ""volatility"": 0.015242589174549341, ""volume_state"": 15.061844277207662}",assumed_next_daily_close,,1,0000032604,,0.05549740892961985,0.009526315142855601,0.02792153087014082,,,,,,,25fe32f45d20309125728f5d,False,,,,,,,,,,,,,,,,,,,,,,,,,,,,,,,,,,,,,,,,,,,,,,,,bounded_preclose_bid_ask,,,,False,not_requested_for_horizon_or_variant,,,no_standard_contract_within_rules,event,protective_put,,no_standard_contract_within_rules,,,True,,H24,1,EMR,,primary,0.015242589174549341,15.061844277207662,2023
,,,a59ed044c4a03865fa85c4e4,time_value,,,1,1,2023-04-13,2023-04-13,,,320,,,2023-04-14,321,False,,,2023-04-13,,,,,,,"{""market_momentum"": 0.05549740892961985, ""market_volatility"": 0.009526315142855601, ""momentum"": 0.02792153087014082, ""volatility"": 0.015242589174549341, ""volume_state"": 15.061844277207662}",assumed_next_daily_close,,2,0000032604,,0.05549740892961985,0.009526315142855601,0.02792153087014082,,,,,,,25fe32f45d20309125728f5d,False,,,,,,,,,,,,,,,,,,,,,,,,,,,,,,,,,,,,,,,,,,,,,,,,bounded_preclose_bid_ask,,,,False,not_requested_for_horizon_or_variant,,,no_standard_contract_within_rules,event,protective_put,,no_standard_contract_within_rules,,,False,,H24,1,EMR,,primary,0.015242589174549341,15.061844277207662,2023
,,,a59ed044c4a03865fa85c4e4,time_value,,,1,1,2023-04-13,2023-04-13,,,320,,,2023-04-14,321,False,,,2023-04-13,,,,,,,"{""market_momentum"": 0.05549740892961985, ""market_volatility"": 0.009526315142855601, ""momentum"": 0.02792153087014082, ""volatility"": 0.015242589174549341, ""volume_state"": 15.061844277207662}",assumed_next_daily_close,,2,0000032604,,0.05549740892961985,0.009526315142855601,0.02792153087014082,,,,,,,25fe32f45d20309125728f5d,False,,,,,,,,,,,,,,,,,,,,,,,,,,,,,,,,,,,,,,,,,,,,,,,,bounded_preclose_bid_ask,,,,False,not_requested_for_horizon_or_variant,,,no_standard_contract_within_rules,event,protective_put,,no_standard_contract_within_rules,,,True,,H24,1,EMR,,primary,0.015242589174549341,15.061844277207662,2023
,,,a59ed044c4a03865fa85c4e4,time_value,,,1,1,2023-04-13,2023-04-13,,,320,,,2023-04-14,321,False,,,2023-04-13,,,,,,,"{""market_momentum"": 0.05549740892961985, ""market_volatility"": 0.009526315142855601, ""momentum"": 0.02792153087014082, ""volatility"": 0.015242589174549341, ""volume_state"": 15.061844277207662}",assumed_next_daily_close,,3,0000032604,,0.05549740892961985,0.009526315142855601,0.02792153087014082,,,,,,,25fe32f45d20309125728f5d,False,,,,,,,,,,,,,,,,,,,,,,,,,,,,,,,,,,,,,,,,,,,,,,,,bounded_preclose_bid_ask,,,,False,not_requested_for_horizon_or_variant,,,no_standard_contract_within_rules,event,protective_put,,no_standard_contract_within_rules,,,False,,H24,1,EMR,,primary,0.015242589174549341,15.061844277207662,2023
,,,a59ed044c4a03865fa85c4e4,time_value,,,1,1,2023-04-13,2023-04-13,,,320,,,2023-04-14,321,False,,,2023-04-13,,,,,,,"{""market_momentum"": 0.05549740892961985, ""market_volatility"": 0.009526315142855601, ""momentum"": 0.02792153087014082, ""volatility"": 0.015242589174549341, ""volume_state"": 15.061844277207662}",assumed_next_daily_close,,3,0000032604,,0.05549740892961985,0.009526315142855601,0.02792153087014082,,,,,,,25fe32f45d20309125728f5d,False,,,,,,,,,,,,,,,,,,,,,,,,,,,,,,,,,,,,,,,,,,,,,,,,bounded_preclose_bid_ask,,,,False,not_requested_for_horizon_or_variant,,,no_standard_contract_within_rules,event,protective_put,,no_standard_contract_within_rules,,,True,,H24,1,EMR,,primary,0.015242589174549341,15.061844277207662,2023
,,,a59ed044c4a03865fa85c4e4,time_value,,,1,1,2023-04-13,2023-04-13,,,320,,,2023-04-14,321,False,,,2023-04-13,,,,,,,"{""market_momentum"": 0.05549740892961985, ""market_volatility"": 0.009526315142855601, ""momentum"": 0.02792153087014082, ""volatility"": 0.015242589174549341, ""volume_state"": 15.061844277207662}",assumed_next_daily_close,,5,0000032604,,0.05549740892961985,0.009526315142855601,0.02792153087014082,,,,,,,25fe32f45d20309125728f5d,False,,,,,,,,,,,,,,,,,,,,,,,,,,,,,,,,,,,,,,,,,,,,,,,,bounded_preclose_bid_ask,,,,False,not_requested_for_horizon_or_variant,,,no_standard_contract_within_rules,event,protective_put,,no_standard_contract_within_rules,,,False,,H24,1,EMR,,primary,0.015242589174549341,15.061844277207662,2023
,,,a59ed044c4a03865fa85c4e4,time_value,,,1,1,2023-04-13,2023-04-13,,,320,,,2023-04-14,321,False,,,2023-04-13,,,,,,,"{""market_momentum"": 0.05549740892961985, ""market_volatility"": 0.009526315142855601, ""momentum"": 0.02792153087014082, ""volatility"": 0.015242589174549341, ""volume_state"": 15.061844277207662}",assumed_next_daily_close,,5,0000032604,,0.05549740892961985,0.009526315142855601,0.02792153087014082,,,,,,,25fe32f45d20309125728f5d,False,,,,,,,,,,,,,,,,,,,,,,,,,,,,,,,,,,,,,,,,,,,,,,,,bounded_preclose_bid_ask,,,,False,not_requested_for_horizon_or_variant,,,no_standard_contract_within_rules,event,protective_put,,no_standard_contract_within_rules,,,True,,H24,1,EMR,,primary,0.015242589174549341,15.061844277207662,2023
,,,a59ed044c4a03865fa85c4e4,time_value,,,1,1,2023-04-13,2023-04-13,,,320,,,2023-04-14,321,False,,,2023-04-13,,,,,,,"{""market_momentum"": 0.05549740892961985, ""market_volatility"": 0.009526315142855601, ""momentum"": 0.02792153087014082, ""volatility"": 0.015242589174549341, ""volume_state"": 15.061844277207662}",assumed_next_daily_close,,10,0000032604,,0.05549740892961985,0.009526315142855601,0.02792153087014082,,,,,,,25fe32f45d20309125728f5d,False,,,,,,,,,,,,,,,,,,,,,,,,,,,,,,,,,,,,,,,,,,,,,,,,bounded_preclose_bid_ask,,,,False,not_sampled_or_missing_quotes,,,no_standard_contract_within_rules,event,protective_put,,no_standard_contract_within_rules,,,False,,H24,1,EMR,,primary,0.015242589174549341,15.061844277207662,2023
,,,a59ed044c4a03865fa85c4e4,time_value,,,1,1,2023-04-13,2023-04-13,,,320,,,2023-04-14,321,False,,,2023-04-13,,,,,,,"{""market_momentum"": 0.05549740892961985, ""market_volatility"": 0.009526315142855601, ""momentum"": 0.02792153087014082, ""volatility"": 0.015242589174549341, ""volume_state"": 15.061844277207662}",assumed_next_daily_close,,10,0000032604,,0.05549740892961985,0.009526315142855601,0.02792153087014082,,,,,,,25fe32f45d20309125728f5d,False,,,,,,,,,,,,,,,,,,,,,,,,,,,,,,,,,,,,,,,,,,,,,,,,bounded_preclose_bid_ask,,,,False,not_sampled_or_missing_quotes,,,no_standard_contract_within_rules,event,protective_put,,no_standard_contract_within_rules,,,True,,H24,1,EMR,,primary,0.015242589174549341,15.061844277207662,2023
,,,a59ed044c4a03865fa85c4e4,time_value,,,1,1,2023-04-13,2023-04-13,,,320,,,2023-04-14,321,False,,,2023-04-13,,,,,,,"{""market_momentum"": 0.05549740892961985, ""market_volatility"": 0.009526315142855601, ""momentum"": 0.02792153087014082, ""volatility"": 0.015242589174549341, ""volume_state"": 15.061844277207662}",assumed_next_daily_close,,21,0000032604,,0.05549740892961985,0.009526315142855601,0.02792153087014082,,,,,,,25fe32f45d20309125728f5d,False,,,,,,,,,,,,,,,,,,,,,,,,,,,,,,,,,,,,,,,,,,,,,,,,bounded_preclose_bid_ask,,,,False,not_requested_for_horizon_or_variant,,,no_standard_contract_within_rules,event,protective_put,,no_standard_contract_within_rules,,,False,,H24,1,EMR,,primary,0.015242589174549341,15.061844277207662,2023
,,,a59ed044c4a03865fa85c4e4,time_value,,,1,1,2023-04-13,2023-04-13,,,320,,,2023-04-14,321,False,,,2023-04-13,,,,,,,"{""market_momentum"": 0.05549740892961985, ""market_volatility"": 0.009526315142855601, ""momentum"": 0.02792153087014082, ""volatility"": 0.015242589174549341, ""volume_state"": 15.061844277207662}",assumed_next_daily_close,,21,0000032604,,0.05549740892961985,0.009526315142855601,0.02792153087014082,,,,,,,25fe32f45d20309125728f5d,False,,,,,,,,,,,,,,,,,,,,,,,,,,,,,,,,,,,,,,,,,,,,,,,,bounded_preclose_bid_ask,,,,False,not_requested_for_horizon_or_variant,,,no_standard_contract_within_rules,event,protective_put,,no_standard_contract_within_rules,,,True,,H24,1,EMR,,primary,0.015242589174549341,15.061844277207662,2023
,,,a59ed044c4a03865fa85c4e4,time_value,,,1,1,2023-04-13,2023-04-13,,,320,,,2023-04-14,321,False,,,2023-04-13,,,,,,,"{""market_momentum"": 0.05549740892961985, ""market_volatility"": 0.009526315142855601, ""momentum"": 0.02792153087014082, ""volatility"": 0.015242589174549341, ""volume_state"": 15.061844277207662}",assumed_next_daily_close,,42,0000032604,,0.05549740892961985,0.009526315142855601,0.02792153087014082,,,,,,,25fe32f45d20309125728f5d,False,,,,,,,,,,,,,,,,,,,,,,,,,,,,,,,,,,,,,,,,,,,,,,,,bounded_preclose_bid_ask,,,,False,not_requested_for_horizon_or_variant,,,no_standard_contract_within_rules,event,protective_put,,no_standard_contract_within_rules,,,False,,H24,1,EMR,,primary,0.015242589174549341,15.061844277207662,2023
,,,a59ed044c4a03865fa85c4e4,time_value,,,1,1,2023-04-13,2023-04-13,,,320,,,2023-04-14,321,False,,,2023-04-13,,,,,,,"{""market_momentum"": 0.05549740892961985, ""market_volatility"": 0.009526315142855601, ""momentum"": 0.02792153087014082, ""volatility"": 0.015242589174549341, ""volume_state"": 15.061844277207662}",assumed_next_daily_close,,42,0000032604,,0.05549740892961985,0.009526315142855601,0.02792153087014082,,,,,,,25fe32f45d20309125728f5d,False,,,,,,,,,,,,,,,,,,,,,,,,,,,,,,,,,,,,,,,,,,,,,,,,bounded_preclose_bid_ask,,,,False,not_requested_for_horizon_or_variant,,,no_standard_contract_within_rules,event,protective_put,,no_standard_contract_within_rules,,,True,,H24,1,EMR,,primary,0.015242589174549341,15.061844277207662,2023
,,,a59ed044c4a03865fa85c4e4,time_value,,,1,1,2023-04-13,2023-04-13,,,320,,,2023-04-14,321,False,,,2023-04-13,,,,,,,"{""market_momentum"": 0.05549740892961985, ""market_volatility"": 0.009526315142855601, ""momentum"": 0.02792153087014082, ""volatility"": 0.015242589174549341, ""volume_state"": 15.061844277207662}",assumed_next_daily_close,,63,0000032604,,0.05549740892961985,0.009526315142855601,0.02792153087014082,,,,,,,25fe32f45d20309125728f5d,False,,,,,,,,,,,,,,,,,,,,,,,,,,,,,,,,,,,,,,,,,,,,,,,,bounded_preclose_bid_ask,,,,False,not_requested_for_horizon_or_variant,,,no_standard_contract_within_rules,event,protective_put,,no_standard_contract_within_rules,,,False,,H24,1,EMR,,primary,0.015242589174549341,15.061844277207662,2023
,,,a59ed044c4a03865fa85c4e4,time_value,,,1,1,2023-04-13,2023-04-13,,,320,,,2023-04-14,321,False,,,2023-04-13,,,,,,,"{""market_momentum"": 0.05549740892961985, ""market_volatility"": 0.009526315142855601, ""momentum"": 0.02792153087014082, ""volatility"": 0.015242589174549341, ""volume_state"": 15.061844277207662}",assumed_next_daily_close,,63,0000032604,,0.05549740892961985,0.009526315142855601,0.02792153087014082,,,,,,,25fe32f45d20309125728f5d,False,,,,,,,,,,,,,,,,,,,,,,,,,,,,,,,,,,,,,,,,,,,,,,,,bounded_preclose_bid_ask,,,,False,not_requested_for_horizon_or_variant,,,no_standard_contract_within_rules,event,protective_put,,no_standard_contract_within_rules,,,True,,H24,1,EMR,,primary,0.015242589174549341,15.061844277207662,2023
,,,a59ed044c4a03865fa85c4e4,time_value,,,1,1,2023-04-13,2023-04-13,,,320,,,2023-04-14,321,False,,,2023-04-13,,,,,,,"{""market_momentum"": 0.05549740892961985, ""market_volatility"": 0.009526315142855601, ""momentum"": 0.02792153087014082, ""volatility"": 0.015242589174549341, ""volume_state"": 15.061844277207662}",assumed_next_daily_close,,expiry,0000032604,,0.05549740892961985,0.009526315142855601,0.02792153087014082,,,,,,,25fe32f45d20309125728f5d,False,,,,,,,,,,,,,,,,,,,,,,,,,,,,,,,,,,,,,,,,,,,,,,,,bounded_preclose_bid_ask,,,,False,not_requested_for_horizon_or_variant,,,no_standard_contract_within_rules,event,protective_put,,no_standard_contract_within_rules,,,False,,H24,1,EMR,,primary,0.015242589174549341,15.061844277207662,2023
,,,a59ed044c4a03865fa85c4e4,time_value,,,1,1,2023-04-13,2023-04-13,,,320,,,2023-04-14,321,False,,,2023-04-13,,,,,,,"{""market_momentum"": 0.05549740892961985, ""market_volatility"": 0.009526315142855601, ""momentum"": 0.02792153087014082, ""volatility"": 0.015242589174549341, ""volume_state"": 15.061844277207662}",assumed_next_daily_close,,expiry,0000032604,,0.05549740892961985,0.009526315142855601,0.02792153087014082,,,,,,,25fe32f45d20309125728f5d,False,,,,,,,,,,,,,,,,,,,,,,,,,,,,,,,,,,,,,,,,,,,,,,,,bounded_preclose_bid_ask,,,,False,not_requested_for_horizon_or_variant,,,no_standard_contract_within_rules,event,protective_put,,no_standard_contract_within_rules,,,True,,H24,1,EMR,,primary,0.015242589174549341,15.061844277207662,2023
,,,a7e83f064c7e2de7785045a1,time_value,,,1,1,2023-09-05,2023-09-05,,,419,,,2023-09-06,420,False,,,2023-09-05,,,,,,,"{""market_momentum"": 0.005438553300060489, ""market_volatility"": 0.007317560930004005, ""momentum"": 0.018774417595138093, ""volatility"": 0.011689545422724205, ""volume_state"": 14.599939794675722}",assumed_next_daily_close,,1,0000018230,,0.005438553300060489,0.007317560930004005,0.018774417595138093,,,,,,,8df85474810533ba6b02d105,False,,,,,,,,,,,,,,,,,,,,,,,,,,,,,,,,,,,,,,,,,,,,,,,,bounded_preclose_bid_ask,,,,False,not_requested_for_horizon_or_variant,,,thin_prior_option_volume,event,protective_put,,thin_prior_option_volume,,,False,,H24,1,CAT,,primary,0.011689545422724205,14.599939794675722,2023
,,,a7e83f064c7e2de7785045a1,time_value,,,1,1,2023-09-05,2023-09-05,,,419,,,2023-09-06,420,False,,,2023-09-05,,,,,,,"{""market_momentum"": 0.005438553300060489, ""market_volatility"": 0.007317560930004005, ""momentum"": 0.018774417595138093, ""volatility"": 0.011689545422724205, ""volume_state"": 14.599939794675722}",assumed_next_daily_close,,1,0000018230,,0.005438553300060489,0.007317560930004005,0.018774417595138093,,,,,,,8df85474810533ba6b02d105,False,,,,,,,,,,,,,,,,,,,,,,,,,,,,,,,,,,,,,,,,,,,,,,,,bounded_preclose_bid_ask,,,,False,not_requested_for_horizon_or_variant,,,thin_prior_option_volume,event,protective_put,,thin_prior_option_volume,,,True,,H24,1,CAT,,primary,0.011689545422724205,14.599939794675722,2023
,,,a7e83f064c7e2de7785045a1,time_value,,,1,1,2023-09-05,2023-09-05,,,419,,,2023-09-06,420,False,,,2023-09-05,,,,,,,"{""market_momentum"": 0.005438553300060489, ""market_volatility"": 0.007317560930004005, ""momentum"": 0.018774417595138093, ""volatility"": 0.011689545422724205, ""volume_state"": 14.599939794675722}",assumed_next_daily_close,,2,0000018230,,0.005438553300060489,0.007317560930004005,0.018774417595138093,,,,,,,8df85474810533ba6b02d105,False,,,,,,,,,,,,,,,,,,,,,,,,,,,,,,,,,,,,,,,,,,,,,,,,bounded_preclose_bid_ask,,,,False,not_requested_for_horizon_or_variant,,,thin_prior_option_volume,event,protective_put,,thin_prior_option_volume,,,False,,H24,1,CAT,,primary,0.011689545422724205,14.599939794675722,2023
,,,a7e83f064c7e2de7785045a1,time_value,,,1,1,2023-09-05,2023-09-05,,,419,,,2023-09-06,420,False,,,2023-09-05,,,,,,,"{""market_momentum"": 0.005438553300060489, ""market_volatility"": 0.007317560930004005, ""momentum"": 0.018774417595138093, ""volatility"": 0.011689545422724205, ""volume_state"": 14.599939794675722}",assumed_next_daily_close,,2,0000018230,,0.005438553300060489,0.007317560930004005,0.018774417595138093,,,,,,,8df85474810533ba6b02d105,False,,,,,,,,,,,,,,,,,,,,,,,,,,,,,,,,,,,,,,,,,,,,,,,,bounded_preclose_bid_ask,,,,False,not_requested_for_horizon_or_variant,,,thin_prior_option_volume,event,protective_put,,thin_prior_option_volume,,,True,,H24,1,CAT,,primary,0.011689545422724205,14.599939794675722,2023
,,,a7e83f064c7e2de7785045a1,time_value,,,1,1,2023-09-05,2023-09-05,,,419,,,2023-09-06,420,False,,,2023-09-05,,,,,,,"{""market_momentum"": 0.005438553300060489, ""market_volatility"": 0.007317560930004005, ""momentum"": 0.018774417595138093, ""volatility"": 0.011689545422724205, ""volume_state"": 14.599939794675722}",assumed_next_daily_close,,3,0000018230,,0.005438553300060489,0.007317560930004005,0.018774417595138093,,,,,,,8df85474810533ba6b02d105,False,,,,,,,,,,,,,,,,,,,,,,,,,,,,,,,,,,,,,,,,,,,,,,,,bounded_preclose_bid_ask,,,,False,not_requested_for_horizon_or_variant,,,thin_prior_option_volume,event,protective_put,,thin_prior_option_volume,,,False,,H24,1,CAT,,primary,0.011689545422724205,14.599939794675722,2023
,,,a7e83f064c7e2de7785045a1,time_value,,,1,1,2023-09-05,2023-09-05,,,419,,,2023-09-06,420,False,,,2023-09-05,,,,,,,"{""market_momentum"": 0.005438553300060489, ""market_volatility"": 0.007317560930004005, ""momentum"": 0.018774417595138093, ""volatility"": 0.011689545422724205, ""volume_state"": 14.599939794675722}",assumed_next_daily_close,,3,0000018230,,0.005438553300060489,0.007317560930004005,0.018774417595138093,,,,,,,8df85474810533ba6b02d105,False,,,,,,,,,,,,,,,,,,,,,,,,,,,,,,,,,,,,,,,,,,,,,,,,bounded_preclose_bid_ask,,,,False,not_requested_for_horizon_or_variant,,,thin_prior_option_volume,event,protective_put,,thin_prior_option_volume,,,True,,H24,1,CAT,,primary,0.011689545422724205,14.599939794675722,2023
,,,a7e83f064c7e2de7785045a1,time_value,,,1,1,2023-09-05,2023-09-05,,,419,,,2023-09-06,420,False,,,2023-09-05,,,,,,,"{""market_momentum"": 0.005438553300060489, ""market_volatility"": 0.007317560930004005, ""momentum"": 0.018774417595138093, ""volatility"": 0.011689545422724205, ""volume_state"": 14.599939794675722}",assumed_next_daily_close,,5,0000018230,,0.005438553300060489,0.007317560930004005,0.018774417595138093,,,,,,,8df85474810533ba6b02d105,False,,,,,,,,,,,,,,,,,,,,,,,,,,,,,,,,,,,,,,,,,,,,,,,,bounded_preclose_bid_ask,,,,False,not_requested_for_horizon_or_variant,,,thin_prior_option_volume,event,protective_put,,thin_prior_option_volume,,,False,,H24,1,CAT,,primary,0.011689545422724205,14.599939794675722,2023
,,,a7e83f064c7e2de7785045a1,time_value,,,1,1,2023-09-05,2023-09-05,,,419,,,2023-09-06,420,False,,,2023-09-05,,,,,,,"{""market_momentum"": 0.005438553300060489, ""market_volatility"": 0.007317560930004005, ""momentum"": 0.018774417595138093, ""volatility"": 0.011689545422724205, ""volume_state"": 14.599939794675722}",assumed_next_daily_close,,5,0000018230,,0.005438553300060489,0.007317560930004005,0.018774417595138093,,,,,,,8df85474810533ba6b02d105,False,,,,,,,,,,,,,,,,,,,,,,,,,,,,,,,,,,,,,,,,,,,,,,,,bounded_preclose_bid_ask,,,,False,not_requested_for_horizon_or_variant,,,thin_prior_option_volume,event,protective_put,,thin_prior_option_volume,,,True,,H24,1,CAT,,primary,0.011689545422724205,14.599939794675722,2023
,,,a7e83f064c7e2de7785045a1,time_value,,,1,1,2023-09-05,2023-09-05,,,419,,,2023-09-06,420,False,,,2023-09-05,,,,,,,"{""market_momentum"": 0.005438553300060489, ""market_volatility"": 0.007317560930004005, ""momentum"": 0.018774417595138093, ""volatility"": 0.011689545422724205, ""volume_state"": 14.599939794675722}",assumed_next_daily_close,,10,0000018230,,0.005438553300060489,0.007317560930004005,0.018774417595138093,,,,,,,8df85474810533ba6b02d105,False,,,,,,,,,,,,,,,,,,,,,,,,,,,,,,,,,,,,,,,,,,,,,,,,bounded_preclose_bid_ask,,,,False,bar_outcome_not_completed,,,thin_prior_option_volume,event,protective_put,,thin_prior_option_volume,,,False,,H24,1,CAT,,primary,0.011689545422724205,14.599939794675722,2023
,,,a7e83f064c7e2de7785045a1,time_value,,,1,1,2023-09-05,2023-09-05,,,419,,,2023-09-06,420,False,,,2023-09-05,,,,,,,"{""market_momentum"": 0.005438553300060489, ""market_volatility"": 0.007317560930004005, ""momentum"": 0.018774417595138093, ""volatility"": 0.011689545422724205, ""volume_state"": 14.599939794675722}",assumed_next_daily_close,,10,0000018230,,0.005438553300060489,0.007317560930004005,0.018774417595138093,,,,,,,8df85474810533ba6b02d105,False,,,,,,,,,,,,,,,,,,,,,,,,,,,,,,,,,,,,,,,,,,,,,,,,bounded_preclose_bid_ask,,,,False,bar_outcome_not_completed,,,thin_prior_option_volume,event,protective_put,,thin_prior_option_volume,,,True,,H24,1,CAT,,primary,0.011689545422724205,14.599939794675722,2023
,,,a7e83f064c7e2de7785045a1,time_value,,,1,1,2023-09-05,2023-09-05,,,419,,,2023-09-06,420,False,,,2023-09-05,,,,,,,"{""market_momentum"": 0.005438553300060489, ""market_volatility"": 0.007317560930004005, ""momentum"": 0.018774417595138093, ""volatility"": 0.011689545422724205, ""volume_state"": 14.599939794675722}",assumed_next_daily_close,,21,0000018230,,0.005438553300060489,0.007317560930004005,0.018774417595138093,,,,,,,8df85474810533ba6b02d105,False,,,,,,,,,,,,,,,,,,,,,,,,,,,,,,,,,,,,,,,,,,,,,,,,bounded_preclose_bid_ask,,,,False,not_requested_for_horizon_or_variant,,,thin_prior_option_volume,event,protective_put,,thin_prior_option_volume,,,False,,H24,1,CAT,,primary,0.011689545422724205,14.599939794675722,2023
,,,a7e83f064c7e2de7785045a1,time_value,,,1,1,2023-09-05,2023-09-05,,,419,,,2023-09-06,420,False,,,2023-09-05,,,,,,,"{""market_momentum"": 0.005438553300060489, ""market_volatility"": 0.007317560930004005, ""momentum"": 0.018774417595138093, ""volatility"": 0.011689545422724205, ""volume_state"": 14.599939794675722}",assumed_next_daily_close,,21,0000018230,,0.005438553300060489,0.007317560930004005,0.018774417595138093,,,,,,,8df85474810533ba6b02d105,False,,,,,,,,,,,,,,,,,,,,,,,,,,,,,,,,,,,,,,,,,,,,,,,,bounded_preclose_bid_ask,,,,False,not_requested_for_horizon_or_variant,,,thin_prior_option_volume,event,protective_put,,thin_prior_option_volume,,,True,,H24,1,CAT,,primary,0.011689545422724205,14.599939794675722,2023
,,,a7e83f064c7e2de7785045a1,time_value,,,1,1,2023-09-05,2023-09-05,,,419,,,2023-09-06,420,False,,,2023-09-05,,,,,,,"{""market_momentum"": 0.005438553300060489, ""market_volatility"": 0.007317560930004005, ""momentum"": 0.018774417595138093, ""volatility"": 0.011689545422724205, ""volume_state"": 14.599939794675722}",assumed_next_daily_close,,42,0000018230,,0.005438553300060489,0.007317560930004005,0.018774417595138093,,,,,,,8df85474810533ba6b02d105,False,,,,,,,,,,,,,,,,,,,,,,,,,,,,,,,,,,,,,,,,,,,,,,,,bounded_preclose_bid_ask,,,,False,not_requested_for_horizon_or_variant,,,thin_prior_option_volume,event,protective_put,,thin_prior_option_volume,,,False,,H24,1,CAT,,primary,0.011689545422724205,14.599939794675722,2023
,,,a7e83f064c7e2de7785045a1,time_value,,,1,1,2023-09-05,2023-09-05,,,419,,,2023-09-06,420,False,,,2023-09-05,,,,,,,"{""market_momentum"": 0.005438553300060489, ""market_volatility"": 0.007317560930004005, ""momentum"": 0.018774417595138093, ""volatility"": 0.011689545422724205, ""volume_state"": 14.599939794675722}",assumed_next_daily_close,,42,0000018230,,0.005438553300060489,0.007317560930004005,0.018774417595138093,,,,,,,8df85474810533ba6b02d105,False,,,,,,,,,,,,,,,,,,,,,,,,,,,,,,,,,,,,,,,,,,,,,,,,bounded_preclose_bid_ask,,,,False,not_requested_for_horizon_or_variant,,,thin_prior_option_volume,event,protective_put,,thin_prior_option_volume,,,True,,H24,1,CAT,,primary,0.011689545422724205,14.599939794675722,2023
,,,a7e83f064c7e2de7785045a1,time_value,,,1,1,2023-09-05,2023-09-05,,,419,,,2023-09-06,420,False,,,2023-09-05,,,,,,,"{""market_momentum"": 0.005438553300060489, ""market_volatility"": 0.007317560930004005, ""momentum"": 0.018774417595138093, ""volatility"": 0.011689545422724205, ""volume_state"": 14.599939794675722}",assumed_next_daily_close,,63,0000018230,,0.005438553300060489,0.007317560930004005,0.018774417595138093,,,,,,,8df85474810533ba6b02d105,False,,,,,,,,,,,,,,,,,,,,,,,,,,,,,,,,,,,,,,,,,,,,,,,,bounded_preclose_bid_ask,,,,False,not_requested_for_horizon_or_variant,,,thin_prior_option_volume,event,protective_put,,thin_prior_option_volume,,,False,,H24,1,CAT,,primary,0.011689545422724205,14.599939794675722,2023
,,,a7e83f064c7e2de7785045a1,time_value,,,1,1,2023-09-05,2023-09-05,,,419,,,2023-09-06,420,False,,,2023-09-05,,,,,,,"{""market_momentum"": 0.005438553300060489, ""market_volatility"": 0.007317560930004005, ""momentum"": 0.018774417595138093, ""volatility"": 0.011689545422724205, ""volume_state"": 14.599939794675722}",assumed_next_daily_close,,63,0000018230,,0.005438553300060489,0.007317560930004005,0.018774417595138093,,,,,,,8df85474810533ba6b02d105,False,,,,,,,,,,,,,,,,,,,,,,,,,,,,,,,,,,,,,,,,,,,,,,,,bounded_preclose_bid_ask,,,,False,not_requested_for_horizon_or_variant,,,thin_prior_option_volume,event,protective_put,,thin_prior_option_volume,,,True,,H24,1,CAT,,primary,0.011689545422724205,14.599939794675722,2023
,,,a7e83f064c7e2de7785045a1,time_value,,,1,1,2023-09-05,2023-09-05,,,419,,,2023-09-06,420,False,,,2023-09-05,,,,,,,"{""market_momentum"": 0.005438553300060489, ""market_volatility"": 0.007317560930004005, ""momentum"": 0.018774417595138093, ""volatility"": 0.011689545422724205, ""volume_state"": 14.599939794675722}",assumed_next_daily_close,,expiry,0000018230,,0.005438553300060489,0.007317560930004005,0.018774417595138093,,,,,,,8df85474810533ba6b02d105,False,,,,,,,,,,,,,,,,,,,,,,,,,,,,,,,,,,,,,,,,,,,,,,,,bounded_preclose_bid_ask,,,,False,not_requested_for_horizon_or_variant,,,thin_prior_option_volume,event,protective_put,,thin_prior_option_volume,,,False,,H24,1,CAT,,primary,0.011689545422724205,14.599939794675722,2023
,,,a7e83f064c7e2de7785045a1,time_value,,,1,1,2023-09-05,2023-09-05,,,419,,,2023-09-06,420,False,,,2023-09-05,,,,,,,"{""market_momentum"": 0.005438553300060489, ""market_volatility"": 0.007317560930004005, ""momentum"": 0.018774417595138093, ""volatility"": 0.011689545422724205, ""volume_state"": 14.599939794675722}",assumed_next_daily_close,,expiry,0000018230,,0.005438553300060489,0.007317560930004005,0.018774417595138093,,,,,,,8df85474810533ba6b02d105,False,,,,,,,,,,,,,,,,,,,,,,,,,,,,,,,,,,,,,,,,,,,,,,,,bounded_preclose_bid_ask,,,,False,not_requested_for_horizon_or_variant,,,thin_prior_option_volume,event,protective_put,,thin_prior_option_volume,,,True,,H24,1,CAT,,primary,0.011689545422724205,14.599939794675722,2023
,,,a7ec0b202f390592a2ac6f9c,time_value,,,1,1,2025-04-02,2025-04-02,,,814,,,2025-04-03,815,False,,,2025-10-10,,,,,,,"{""market_momentum"": -0.021391672156155783, ""market_volatility"": 0.012263395801523273, ""momentum"": -0.09706334300836605, ""volatility"": 0.01889594097059995, ""volume_state"": 15.939486076226583}",assumed_next_daily_close,,1,0000027419,,-0.021391672156155783,0.012263395801523273,-0.09706334300836605,,,,,,,db7225f6a0e6db2a38b85e66,False,,,,,,,,,,,,,,,,,,,,,,,,,,,,,,,,,,,,,,,,,,,,,,,,bounded_preclose_bid_ask,,,,False,not_requested_for_horizon_or_variant,,,no_standard_contract_within_rules,ordinary,covered_call,,no_standard_contract_within_rules,,,False,,H24,1,TGT,,primary,0.01889594097059995,15.939486076226583,2025
,,,a7ec0b202f390592a2ac6f9c,time_value,,,1,1,2025-04-02,2025-04-02,,,814,,,2025-04-03,815,False,,,2025-10-10,,,,,,,"{""market_momentum"": -0.021391672156155783, ""market_volatility"": 0.012263395801523273, ""momentum"": -0.09706334300836605, ""volatility"": 0.01889594097059995, ""volume_state"": 15.939486076226583}",assumed_next_daily_close,,1,0000027419,,-0.021391672156155783,0.012263395801523273,-0.09706334300836605,,,,,,,db7225f6a0e6db2a38b85e66,False,,,,,,,,,,,,,,,,,,,,,,,,,,,,,,,,,,,,,,,,,,,,,,,,bounded_preclose_bid_ask,,,,False,not_requested_for_horizon_or_variant,,,no_standard_contract_within_rules,ordinary,covered_call,,no_standard_contract_within_rules,,,True,,H24,1,TGT,,primary,0.01889594097059995,15.939486076226583,2025
,,,a7ec0b202f390592a2ac6f9c,time_value,,,1,1,2025-04-02,2025-04-02,,,814,,,2025-04-03,815,False,,,2025-10-10,,,,,,,"{""market_momentum"": -0.021391672156155783, ""market_volatility"": 0.012263395801523273, ""momentum"": -0.09706334300836605, ""volatility"": 0.01889594097059995, ""volume_state"": 15.939486076226583}",assumed_next_daily_close,,2,0000027419,,-0.021391672156155783,0.012263395801523273,-0.09706334300836605,,,,,,,db7225f6a0e6db2a38b85e66,False,,,,,,,,,,,,,,,,,,,,,,,,,,,,,,,,,,,,,,,,,,,,,,,,bounded_preclose_bid_ask,,,,False,not_requested_for_horizon_or_variant,,,no_standard_contract_within_rules,ordinary,covered_call,,no_standard_contract_within_rules,,,False,,H24,1,TGT,,primary,0.01889594097059995,15.939486076226583,2025
,,,a7ec0b202f390592a2ac6f9c,time_value,,,1,1,2025-04-02,2025-04-02,,,814,,,2025-04-03,815,False,,,2025-10-10,,,,,,,"{""market_momentum"": -0.021391672156155783, ""market_volatility"": 0.012263395801523273, ""momentum"": -0.09706334300836605, ""volatility"": 0.01889594097059995, ""volume_state"": 15.939486076226583}",assumed_next_daily_close,,2,0000027419,,-0.021391672156155783,0.012263395801523273,-0.09706334300836605,,,,,,,db7225f6a0e6db2a38b85e66,False,,,,,,,,,,,,,,,,,,,,,,,,,,,,,,,,,,,,,,,,,,,,,,,,bounded_preclose_bid_ask,,,,False,not_requested_for_horizon_or_variant,,,no_standard_contract_within_rules,ordinary,covered_call,,no_standard_contract_within_rules,,,True,,H24,1,TGT,,primary,0.01889594097059995,15.939486076226583,2025
,,,a7ec0b202f390592a2ac6f9c,time_value,,,1,1,2025-04-02,2025-04-02,,,814,,,2025-04-03,815,False,,,2025-10-10,,,,,,,"{""market_momentum"": -0.021391672156155783, ""market_volatility"": 0.012263395801523273, ""momentum"": -0.09706334300836605, ""volatility"": 0.01889594097059995, ""volume_state"": 15.939486076226583}",assumed_next_daily_close,,3,0000027419,,-0.021391672156155783,0.012263395801523273,-0.09706334300836605,,,,,,,db7225f6a0e6db2a38b85e66,False,,,,,,,,,,,,,,,,,,,,,,,,,,,,,,,,,,,,,,,,,,,,,,,,bounded_preclose_bid_ask,,,,False,not_requested_for_horizon_or_variant,,,no_standard_contract_within_rules,ordinary,covered_call,,no_standard_contract_within_rules,,,False,,H24,1,TGT,,primary,0.01889594097059995,15.939486076226583,2025
,,,a7ec0b202f390592a2ac6f9c,time_value,,,1,1,2025-04-02,2025-04-02,,,814,,,2025-04-03,815,False,,,2025-10-10,,,,,,,"{""market_momentum"": -0.021391672156155783, ""market_volatility"": 0.012263395801523273, ""momentum"": -0.09706334300836605, ""volatility"": 0.01889594097059995, ""volume_state"": 15.939486076226583}",assumed_next_daily_close,,3,0000027419,,-0.021391672156155783,0.012263395801523273,-0.09706334300836605,,,,,,,db7225f6a0e6db2a38b85e66,False,,,,,,,,,,,,,,,,,,,,,,,,,,,,,,,,,,,,,,,,,,,,,,,,bounded_preclose_bid_ask,,,,False,not_requested_for_horizon_or_variant,,,no_standard_contract_within_rules,ordinary,covered_call,,no_standard_contract_within_rules,,,True,,H24,1,TGT,,primary,0.01889594097059995,15.939486076226583,2025
,,,a7ec0b202f390592a2ac6f9c,time_value,,,1,1,2025-04-02,2025-04-02,,,814,,,2025-04-03,815,False,,,2025-10-10,,,,,,,"{""market_momentum"": -0.021391672156155783, ""market_volatility"": 0.012263395801523273, ""momentum"": -0.09706334300836605, ""volatility"": 0.01889594097059995, ""volume_state"": 15.939486076226583}",assumed_next_daily_close,,5,0000027419,,-0.021391672156155783,0.012263395801523273,-0.09706334300836605,,,,,,,db7225f6a0e6db2a38b85e66,False,,,,,,,,,,,,,,,,,,,,,,,,,,,,,,,,,,,,,,,,,,,,,,,,bounded_preclose_bid_ask,,,,False,not_requested_for_horizon_or_variant,,,no_standard_contract_within_rules,ordinary,covered_call,,no_standard_contract_within_rules,,,False,,H24,1,TGT,,primary,0.01889594097059995,15.939486076226583,2025
,,,a7ec0b202f390592a2ac6f9c,time_value,,,1,1,2025-04-02,2025-04-02,,,814,,,2025-04-03,815,False,,,2025-10-10,,,,,,,"{""market_momentum"": -0.021391672156155783, ""market_volatility"": 0.012263395801523273, ""momentum"": -0.09706334300836605, ""volatility"": 0.01889594097059995, ""volume_state"": 15.939486076226583}",assumed_next_daily_close,,5,0000027419,,-0.021391672156155783,0.012263395801523273,-0.09706334300836605,,,,,,,db7225f6a0e6db2a38b85e66,False,,,,,,,,,,,,,,,,,,,,,,,,,,,,,,,,,,,,,,,,,,,,,,,,bounded_preclose_bid_ask,,,,False,not_requested_for_horizon_or_variant,,,no_standard_contract_within_rules,ordinary,covered_call,,no_standard_contract_within_rules,,,True,,H24,1,TGT,,primary,0.01889594097059995,15.939486076226583,2025
,,,a7ec0b202f390592a2ac6f9c,time_value,,,1,1,2025-04-02,2025-04-02,,,814,,,2025-04-03,815,False,,,2025-10-10,,,,,,,"{""market_momentum"": -0.021391672156155783, ""market_volatility"": 0.012263395801523273, ""momentum"": -0.09706334300836605, ""volatility"": 0.01889594097059995, ""volume_state"": 15.939486076226583}",assumed_next_daily_close,,10,0000027419,,-0.021391672156155783,0.012263395801523273,-0.09706334300836605,,,,,,,db7225f6a0e6db2a38b85e66,False,,,,,,,,,,,,,,,,,,,,,,,,,,,,,,,,,,,,,,,,,,,,,,,,bounded_preclose_bid_ask,,,,False,not_sampled_or_missing_quotes,,,no_standard_contract_within_rules,ordinary,covered_call,,no_standard_contract_within_rules,,,False,,H24,1,TGT,,primary,0.01889594097059995,15.939486076226583,2025
,,,a7ec0b202f390592a2ac6f9c,time_value,,,1,1,2025-04-02,2025-04-02,,,814,,,2025-04-03,815,False,,,2025-10-10,,,,,,,"{""market_momentum"": -0.021391672156155783, ""market_volatility"": 0.012263395801523273, ""momentum"": -0.09706334300836605, ""volatility"": 0.01889594097059995, ""volume_state"": 15.939486076226583}",assumed_next_daily_close,,10,0000027419,,-0.021391672156155783,0.012263395801523273,-0.09706334300836605,,,,,,,db7225f6a0e6db2a38b85e66,False,,,,,,,,,,,,,,,,,,,,,,,,,,,,,,,,,,,,,,,,,,,,,,,,bounded_preclose_bid_ask,,,,False,not_sampled_or_missing_quotes,,,no_standard_contract_within_rules,ordinary,covered_call,,no_standard_contract_within_rules,,,True,,H24,1,TGT,,primary,0.01889594097059995,15.939486076226583,2025
,,,a7ec0b202f390592a2ac6f9c,time_value,,,1,1,2025-04-02,2025-04-02,,,814,,,2025-04-03,815,False,,,2025-10-10,,,,,,,"{""market_momentum"": -0.021391672156155783, ""market_volatility"": 0.012263395801523273, ""momentum"": -0.09706334300836605, ""volatility"": 0.01889594097059995, ""volume_state"": 15.939486076226583}",assumed_next_daily_close,,21,0000027419,,-0.021391672156155783,0.012263395801523273,-0.09706334300836605,,,,,,,db7225f6a0e6db2a38b85e66,False,,,,,,,,,,,,,,,,,,,,,,,,,,,,,,,,,,,,,,,,,,,,,,,,bounded_preclose_bid_ask,,,,False,not_requested_for_horizon_or_variant,,,no_standard_contract_within_rules,ordinary,covered_call,,no_standard_contract_within_rules,,,False,,H24,1,TGT,,primary,0.01889594097059995,15.939486076226583,2025
,,,a7ec0b202f390592a2ac6f9c,time_value,,,1,1,2025-04-02,2025-04-02,,,814,,,2025-04-03,815,False,,,2025-10-10,,,,,,,"{""market_momentum"": -0.021391672156155783, ""market_volatility"": 0.012263395801523273, ""momentum"": -0.09706334300836605, ""volatility"": 0.01889594097059995, ""volume_state"": 15.939486076226583}",assumed_next_daily_close,,21,0000027419,,-0.021391672156155783,0.012263395801523273,-0.09706334300836605,,,,,,,db7225f6a0e6db2a38b85e66,False,,,,,,,,,,,,,,,,,,,,,,,,,,,,,,,,,,,,,,,,,,,,,,,,bounded_preclose_bid_ask,,,,False,not_requested_for_horizon_or_variant,,,no_standard_contract_within_rules,ordinary,covered_call,,no_standard_contract_within_rules,,,True,,H24,1,TGT,,primary,0.01889594097059995,15.939486076226583,2025
,,,a7ec0b202f390592a2ac6f9c,time_value,,,1,1,2025-04-02,2025-04-02,,,814,,,2025-04-03,815,False,,,2025-10-10,,,,,,,"{""market_momentum"": -0.021391672156155783, ""market_volatility"": 0.012263395801523273, ""momentum"": -0.09706334300836605, ""volatility"": 0.01889594097059995, ""volume_state"": 15.939486076226583}",assumed_next_daily_close,,42,0000027419,,-0.021391672156155783,0.012263395801523273,-0.09706334300836605,,,,,,,db7225f6a0e6db2a38b85e66,False,,,,,,,,,,,,,,,,,,,,,,,,,,,,,,,,,,,,,,,,,,,,,,,,bounded_preclose_bid_ask,,,,False,not_requested_for_horizon_or_variant,,,no_standard_contract_within_rules,ordinary,covered_call,,no_standard_contract_within_rules,,,False,,H24,1,TGT,,primary,0.01889594097059995,15.939486076226583,2025
,,,a7ec0b202f390592a2ac6f9c,time_value,,,1,1,2025-04-02,2025-04-02,,,814,,,2025-04-03,815,False,,,2025-10-10,,,,,,,"{""market_momentum"": -0.021391672156155783, ""market_volatility"": 0.012263395801523273, ""momentum"": -0.09706334300836605, ""volatility"": 0.01889594097059995, ""volume_state"": 15.939486076226583}",assumed_next_daily_close,,42,0000027419,,-0.021391672156155783,0.012263395801523273,-0.09706334300836605,,,,,,,db7225f6a0e6db2a38b85e66,False,,,,,,,,,,,,,,,,,,,,,,,,,,,,,,,,,,,,,,,,,,,,,,,,bounded_preclose_bid_ask,,,,False,not_requested_for_horizon_or_variant,,,no_standard_contract_within_rules,ordinary,covered_call,,no_standard_contract_within_rules,,,True,,H24,1,TGT,,primary,0.01889594097059995,15.939486076226583,2025
,,,a7ec0b202f390592a2ac6f9c,time_value,,,1,1,2025-04-02,2025-04-02,,,814,,,2025-04-03,815,False,,,2025-10-10,,,,,,,"{""market_momentum"": -0.021391672156155783, ""market_volatility"": 0.012263395801523273, ""momentum"": -0.09706334300836605, ""volatility"": 0.01889594097059995, ""volume_state"": 15.939486076226583}",assumed_next_daily_close,,63,0000027419,,-0.021391672156155783,0.012263395801523273,-0.09706334300836605,,,,,,,db7225f6a0e6db2a38b85e66,False,,,,,,,,,,,,,,,,,,,,,,,,,,,,,,,,,,,,,,,,,,,,,,,,bounded_preclose_bid_ask,,,,False,not_requested_for_horizon_or_variant,,,no_standard_contract_within_rules,ordinary,covered_call,,no_standard_contract_within_rules,,,False,,H24,1,TGT,,primary,0.01889594097059995,15.939486076226583,2025
,,,a7ec0b202f390592a2ac6f9c,time_value,,,1,1,2025-04-02,2025-04-02,,,814,,,2025-04-03,815,False,,,2025-10-10,,,,,,,"{""market_momentum"": -0.021391672156155783, ""market_volatility"": 0.012263395801523273, ""momentum"": -0.09706334300836605, ""volatility"": 0.01889594097059995, ""volume_state"": 15.939486076226583}",assumed_next_daily_close,,63,0000027419,,-0.021391672156155783,0.012263395801523273,-0.09706334300836605,,,,,,,db7225f6a0e6db2a38b85e66,False,,,,,,,,,,,,,,,,,,,,,,,,,,,,,,,,,,,,,,,,,,,,,,,,bounded_preclose_bid_ask,,,,False,not_requested_for_horizon_or_variant,,,no_standard_contract_within_rules,ordinary,covered_call,,no_standard_contract_within_rules,,,True,,H24,1,TGT,,primary,0.01889594097059995,15.939486076226583,2025
,,,a7ec0b202f390592a2ac6f9c,time_value,,,1,1,2025-04-02,2025-04-02,,,814,,,2025-04-03,815,False,,,2025-10-10,,,,,,,"{""market_momentum"": -0.021391672156155783, ""market_volatility"": 0.012263395801523273, ""momentum"": -0.09706334300836605, ""volatility"": 0.01889594097059995, ""volume_state"": 15.939486076226583}",assumed_next_daily_close,,expiry,0000027419,,-0.021391672156155783,0.012263395801523273,-0.09706334300836605,,,,,,,db7225f6a0e6db2a38b85e66,False,,,,,,,,,,,,,,,,,,,,,,,,,,,,,,,,,,,,,,,,,,,,,,,,bounded_preclose_bid_ask,,,,False,not_requested_for_horizon_or_variant,,,no_standard_contract_within_rules,ordinary,covered_call,,no_standard_contract_within_rules,,,False,,H24,1,TGT,,primary,0.01889594097059995,15.939486076226583,2025
,,,a7ec0b202f390592a2ac6f9c,time_value,,,1,1,2025-04-02,2025-04-02,,,814,,,2025-04-03,815,False,,,2025-10-10,,,,,,,"{""market_momentum"": -0.021391672156155783, ""market_volatility"": 0.012263395801523273, ""momentum"": -0.09706334300836605, ""volatility"": 0.01889594097059995, ""volume_state"": 15.939486076226583}",assumed_next_daily_close,,expiry,0000027419,,-0.021391672156155783,0.012263395801523273,-0.09706334300836605,,,,,,,db7225f6a0e6db2a38b85e66,False,,,,,,,,,,,,,,,,,,,,,,,,,,,,,,,,,,,,,,,,,,,,,,,,bounded_preclose_bid_ask,,,,False,not_requested_for_horizon_or_variant,,,no_standard_contract_within_rules,ordinary,covered_call,,no_standard_contract_within_rules,,,True,,H24,1,TGT,,primary,0.01889594097059995,15.939486076226583,2025
,,,ad199f6972515ae58a6c7f95,time_value,,,1,1,2025-09-04,2025-09-04,,,920,,,2025-09-05,921,False,,,2025-09-04,,,,,,,"{""market_momentum"": 0.03367995286399017, ""market_volatility"": 0.006123424176556381, ""momentum"": -0.03226400755360059, ""volatility"": 0.01656814303686816, ""volume_state"": 14.893484783790424}",assumed_next_daily_close,,1,0000018230,,0.03367995286399017,0.006123424176556381,-0.03226400755360059,,,,,,,72ac797f7e8b06ab2a2713c9,False,,,,,,,,,,,,,,,,,,,,,,,,,,,,,,,,,,,,,,,,,,,,,,,,bounded_preclose_bid_ask,,,,False,not_requested_for_horizon_or_variant,,,thin_prior_option_volume,event,covered_call,,thin_prior_option_volume,,,False,,H24,1,CAT,,primary,0.01656814303686816,14.893484783790424,2025
,,,ad199f6972515ae58a6c7f95,time_value,,,1,1,2025-09-04,2025-09-04,,,920,,,2025-09-05,921,False,,,2025-09-04,,,,,,,"{""market_momentum"": 0.03367995286399017, ""market_volatility"": 0.006123424176556381, ""momentum"": -0.03226400755360059, ""volatility"": 0.01656814303686816, ""volume_state"": 14.893484783790424}",assumed_next_daily_close,,1,0000018230,,0.03367995286399017,0.006123424176556381,-0.03226400755360059,,,,,,,72ac797f7e8b06ab2a2713c9,False,,,,,,,,,,,,,,,,,,,,,,,,,,,,,,,,,,,,,,,,,,,,,,,,bounded_preclose_bid_ask,,,,False,not_requested_for_horizon_or_variant,,,thin_prior_option_volume,event,covered_call,,thin_prior_option_volume,,,True,,H24,1,CAT,,primary,0.01656814303686816,14.893484783790424,2025
,,,ad199f6972515ae58a6c7f95,time_value,,,1,1,2025-09-04,2025-09-04,,,920,,,2025-09-05,921,False,,,2025-09-04,,,,,,,"{""market_momentum"": 0.03367995286399017, ""market_volatility"": 0.006123424176556381, ""momentum"": -0.03226400755360059, ""volatility"": 0.01656814303686816, ""volume_state"": 14.893484783790424}",assumed_next_daily_close,,2,0000018230,,0.03367995286399017,0.006123424176556381,-0.03226400755360059,,,,,,,72ac797f7e8b06ab2a2713c9,False,,,,,,,,,,,,,,,,,,,,,,,,,,,,,,,,,,,,,,,,,,,,,,,,bounded_preclose_bid_ask,,,,False,not_requested_for_horizon_or_variant,,,thin_prior_option_volume,event,covered_call,,thin_prior_option_volume,,,False,,H24,1,CAT,,primary,0.01656814303686816,14.893484783790424,2025
,,,ad199f6972515ae58a6c7f95,time_value,,,1,1,2025-09-04,2025-09-04,,,920,,,2025-09-05,921,False,,,2025-09-04,,,,,,,"{""market_momentum"": 0.03367995286399017, ""market_volatility"": 0.006123424176556381, ""momentum"": -0.03226400755360059, ""volatility"": 0.01656814303686816, ""volume_state"": 14.893484783790424}",assumed_next_daily_close,,2,0000018230,,0.03367995286399017,0.006123424176556381,-0.03226400755360059,,,,,,,72ac797f7e8b06ab2a2713c9,False,,,,,,,,,,,,,,,,,,,,,,,,,,,,,,,,,,,,,,,,,,,,,,,,bounded_preclose_bid_ask,,,,False,not_requested_for_horizon_or_variant,,,thin_prior_option_volume,event,covered_call,,thin_prior_option_volume,,,True,,H24,1,CAT,,primary,0.01656814303686816,14.893484783790424,2025
,,,ad199f6972515ae58a6c7f95,time_value,,,1,1,2025-09-04,2025-09-04,,,920,,,2025-09-05,921,False,,,2025-09-04,,,,,,,"{""market_momentum"": 0.03367995286399017, ""market_volatility"": 0.006123424176556381, ""momentum"": -0.03226400755360059, ""volatility"": 0.01656814303686816, ""volume_state"": 14.893484783790424}",assumed_next_daily_close,,3,0000018230,,0.03367995286399017,0.006123424176556381,-0.03226400755360059,,,,,,,72ac797f7e8b06ab2a2713c9,False,,,,,,,,,,,,,,,,,,,,,,,,,,,,,,,,,,,,,,,,,,,,,,,,bounded_preclose_bid_ask,,,,False,not_requested_for_horizon_or_variant,,,thin_prior_option_volume,event,covered_call,,thin_prior_option_volume,,,False,,H24,1,CAT,,primary,0.01656814303686816,14.893484783790424,2025
,,,ad199f6972515ae58a6c7f95,time_value,,,1,1,2025-09-04,2025-09-04,,,920,,,2025-09-05,921,False,,,2025-09-04,,,,,,,"{""market_momentum"": 0.03367995286399017, ""market_volatility"": 0.006123424176556381, ""momentum"": -0.03226400755360059, ""volatility"": 0.01656814303686816, ""volume_state"": 14.893484783790424}",assumed_next_daily_close,,3,0000018230,,0.03367995286399017,0.006123424176556381,-0.03226400755360059,,,,,,,72ac797f7e8b06ab2a2713c9,False,,,,,,,,,,,,,,,,,,,,,,,,,,,,,,,,,,,,,,,,,,,,,,,,bounded_preclose_bid_ask,,,,False,not_requested_for_horizon_or_variant,,,thin_prior_option_volume,event,covered_call,,thin_prior_option_volume,,,True,,H24,1,CAT,,primary,0.01656814303686816,14.893484783790424,2025
,,,ad199f6972515ae58a6c7f95,time_value,,,1,1,2025-09-04,2025-09-04,,,920,,,2025-09-05,921,False,,,2025-09-04,,,,,,,"{""market_momentum"": 0.03367995286399017, ""market_volatility"": 0.006123424176556381, ""momentum"": -0.03226400755360059, ""volatility"": 0.01656814303686816, ""volume_state"": 14.893484783790424}",assumed_next_daily_close,,5,0000018230,,0.03367995286399017,0.006123424176556381,-0.03226400755360059,,,,,,,72ac797f7e8b06ab2a2713c9,False,,,,,,,,,,,,,,,,,,,,,,,,,,,,,,,,,,,,,,,,,,,,,,,,bounded_preclose_bid_ask,,,,False,not_requested_for_horizon_or_variant,,,thin_prior_option_volume,event,covered_call,,thin_prior_option_volume,,,False,,H24,1,CAT,,primary,0.01656814303686816,14.893484783790424,2025
,,,ad199f6972515ae58a6c7f95,time_value,,,1,1,2025-09-04,2025-09-04,,,920,,,2025-09-05,921,False,,,2025-09-04,,,,,,,"{""market_momentum"": 0.03367995286399017, ""market_volatility"": 0.006123424176556381, ""momentum"": -0.03226400755360059, ""volatility"": 0.01656814303686816, ""volume_state"": 14.893484783790424}",assumed_next_daily_close,,5,0000018230,,0.03367995286399017,0.006123424176556381,-0.03226400755360059,,,,,,,72ac797f7e8b06ab2a2713c9,False,,,,,,,,,,,,,,,,,,,,,,,,,,,,,,,,,,,,,,,,,,,,,,,,bounded_preclose_bid_ask,,,,False,not_requested_for_horizon_or_variant,,,thin_prior_option_volume,event,covered_call,,thin_prior_option_volume,,,True,,H24,1,CAT,,primary,0.01656814303686816,14.893484783790424,2025
,,,ad199f6972515ae58a6c7f95,time_value,,,1,1,2025-09-04,2025-09-04,,,920,,,2025-09-05,921,False,,,2025-09-04,,,,,,,"{""market_momentum"": 0.03367995286399017, ""market_volatility"": 0.006123424176556381, ""momentum"": -0.03226400755360059, ""volatility"": 0.01656814303686816, ""volume_state"": 14.893484783790424}",assumed_next_daily_close,,10,0000018230,,0.03367995286399017,0.006123424176556381,-0.03226400755360059,,,,,,,72ac797f7e8b06ab2a2713c9,False,,,,,,,,,,,,,,,,,,,,,,,,,,,,,,,,,,,,,,,,,,,,,,,,bounded_preclose_bid_ask,,,,False,bar_outcome_not_completed,,,thin_prior_option_volume,event,covered_call,,thin_prior_option_volume,,,False,,H24,1,CAT,,primary,0.01656814303686816,14.893484783790424,2025
,,,ad199f6972515ae58a6c7f95,time_value,,,1,1,2025-09-04,2025-09-04,,,920,,,2025-09-05,921,False,,,2025-09-04,,,,,,,"{""market_momentum"": 0.03367995286399017, ""market_volatility"": 0.006123424176556381, ""momentum"": -0.03226400755360059, ""volatility"": 0.01656814303686816, ""volume_state"": 14.893484783790424}",assumed_next_daily_close,,10,0000018230,,0.03367995286399017,0.006123424176556381,-0.03226400755360059,,,,,,,72ac797f7e8b06ab2a2713c9,False,,,,,,,,,,,,,,,,,,,,,,,,,,,,,,,,,,,,,,,,,,,,,,,,bounded_preclose_bid_ask,,,,False,bar_outcome_not_completed,,,thin_prior_option_volume,event,covered_call,,thin_prior_option_volume,,,True,,H24,1,CAT,,primary,0.01656814303686816,14.893484783790424,2025
,,,ad199f6972515ae58a6c7f95,time_value,,,1,1,2025-09-04,2025-09-04,,,920,,,2025-09-05,921,False,,,2025-09-04,,,,,,,"{""market_momentum"": 0.03367995286399017, ""market_volatility"": 0.006123424176556381, ""momentum"": -0.03226400755360059, ""volatility"": 0.01656814303686816, ""volume_state"": 14.893484783790424}",assumed_next_daily_close,,21,0000018230,,0.03367995286399017,0.006123424176556381,-0.03226400755360059,,,,,,,72ac797f7e8b06ab2a2713c9,False,,,,,,,,,,,,,,,,,,,,,,,,,,,,,,,,,,,,,,,,,,,,,,,,bounded_preclose_bid_ask,,,,False,not_requested_for_horizon_or_variant,,,thin_prior_option_volume,event,covered_call,,thin_prior_option_volume,,,False,,H24,1,CAT,,primary,0.01656814303686816,14.893484783790424,2025
,,,ad199f6972515ae58a6c7f95,time_value,,,1,1,2025-09-04,2025-09-04,,,920,,,2025-09-05,921,False,,,2025-09-04,,,,,,,"{""market_momentum"": 0.03367995286399017, ""market_volatility"": 0.006123424176556381, ""momentum"": -0.03226400755360059, ""volatility"": 0.01656814303686816, ""volume_state"": 14.893484783790424}",assumed_next_daily_close,,21,0000018230,,0.03367995286399017,0.006123424176556381,-0.03226400755360059,,,,,,,72ac797f7e8b06ab2a2713c9,False,,,,,,,,,,,,,,,,,,,,,,,,,,,,,,,,,,,,,,,,,,,,,,,,bounded_preclose_bid_ask,,,,False,not_requested_for_horizon_or_variant,,,thin_prior_option_volume,event,covered_call,,thin_prior_option_volume,,,True,,H24,1,CAT,,primary,0.01656814303686816,14.893484783790424,2025
,,,ad199f6972515ae58a6c7f95,time_value,,,1,1,2025-09-04,2025-09-04,,,920,,,2025-09-05,921,False,,,2025-09-04,,,,,,,"{""market_momentum"": 0.03367995286399017, ""market_volatility"": 0.006123424176556381, ""momentum"": -0.03226400755360059, ""volatility"": 0.01656814303686816, ""volume_state"": 14.893484783790424}",assumed_next_daily_close,,42,0000018230,,0.03367995286399017,0.006123424176556381,-0.03226400755360059,,,,,,,72ac797f7e8b06ab2a2713c9,False,,,,,,,,,,,,,,,,,,,,,,,,,,,,,,,,,,,,,,,,,,,,,,,,bounded_preclose_bid_ask,,,,False,not_requested_for_horizon_or_variant,,,thin_prior_option_volume,event,covered_call,,thin_prior_option_volume,,,False,,H24,1,CAT,,primary,0.01656814303686816,14.893484783790424,2025
,,,ad199f6972515ae58a6c7f95,time_value,,,1,1,2025-09-04,2025-09-04,,,920,,,2025-09-05,921,False,,,2025-09-04,,,,,,,"{""market_momentum"": 0.03367995286399017, ""market_volatility"": 0.006123424176556381, ""momentum"": -0.03226400755360059, ""volatility"": 0.01656814303686816, ""volume_state"": 14.893484783790424}",assumed_next_daily_close,,42,0000018230,,0.03367995286399017,0.006123424176556381,-0.03226400755360059,,,,,,,72ac797f7e8b06ab2a2713c9,False,,,,,,,,,,,,,,,,,,,,,,,,,,,,,,,,,,,,,,,,,,,,,,,,bounded_preclose_bid_ask,,,,False,not_requested_for_horizon_or_variant,,,thin_prior_option_volume,event,covered_call,,thin_prior_option_volume,,,True,,H24,1,CAT,,primary,0.01656814303686816,14.893484783790424,2025
,,,ad199f6972515ae58a6c7f95,time_value,,,1,1,2025-09-04,2025-09-04,,,920,,,2025-09-05,921,False,,,2025-09-04,,,,,,,"{""market_momentum"": 0.03367995286399017, ""market_volatility"": 0.006123424176556381, ""momentum"": -0.03226400755360059, ""volatility"": 0.01656814303686816, ""volume_state"": 14.893484783790424}",assumed_next_daily_close,,63,0000018230,,0.03367995286399017,0.006123424176556381,-0.03226400755360059,,,,,,,72ac797f7e8b06ab2a2713c9,False,,,,,,,,,,,,,,,,,,,,,,,,,,,,,,,,,,,,,,,,,,,,,,,,bounded_preclose_bid_ask,,,,False,not_requested_for_horizon_or_variant,,,thin_prior_option_volume,event,covered_call,,thin_prior_option_volume,,,False,,H24,1,CAT,,primary,0.01656814303686816,14.893484783790424,2025
,,,ad199f6972515ae58a6c7f95,time_value,,,1,1,2025-09-04,2025-09-04,,,920,,,2025-09-05,921,False,,,2025-09-04,,,,,,,"{""market_momentum"": 0.03367995286399017, ""market_volatility"": 0.006123424176556381, ""momentum"": -0.03226400755360059, ""volatility"": 0.01656814303686816, ""volume_state"": 14.893484783790424}",assumed_next_daily_close,,63,0000018230,,0.03367995286399017,0.006123424176556381,-0.03226400755360059,,,,,,,72ac797f7e8b06ab2a2713c9,False,,,,,,,,,,,,,,,,,,,,,,,,,,,,,,,,,,,,,,,,,,,,,,,,bounded_preclose_bid_ask,,,,False,not_requested_for_horizon_or_variant,,,thin_prior_option_volume,event,covered_call,,thin_prior_option_volume,,,True,,H24,1,CAT,,primary,0.01656814303686816,14.893484783790424,2025
,,,ad199f6972515ae58a6c7f95,time_value,,,1,1,2025-09-04,2025-09-04,,,920,,,2025-09-05,921,False,,,2025-09-04,,,,,,,"{""market_momentum"": 0.03367995286399017, ""market_volatility"": 0.006123424176556381, ""momentum"": -0.03226400755360059, ""volatility"": 0.01656814303686816, ""volume_state"": 14.893484783790424}",assumed_next_daily_close,,expiry,0000018230,,0.03367995286399017,0.006123424176556381,-0.03226400755360059,,,,,,,72ac797f7e8b06ab2a2713c9,False,,,,,,,,,,,,,,,,,,,,,,,,,,,,,,,,,,,,,,,,,,,,,,,,bounded_preclose_bid_ask,,,,False,not_requested_for_horizon_or_variant,,,thin_prior_option_volume,event,covered_call,,thin_prior_option_volume,,,False,,H24,1,CAT,,primary,0.01656814303686816,14.893484783790424,2025
,,,ad199f6972515ae58a6c7f95,time_value,,,1,1,2025-09-04,2025-09-04,,,920,,,2025-09-05,921,False,,,2025-09-04,,,,,,,"{""market_momentum"": 0.03367995286399017, ""market_volatility"": 0.006123424176556381, ""momentum"": -0.03226400755360059, ""volatility"": 0.01656814303686816, ""volume_state"": 14.893484783790424}",assumed_next_daily_close,,expiry,0000018230,,0.03367995286399017,0.006123424176556381,-0.03226400755360059,,,,,,,72ac797f7e8b06ab2a2713c9,False,,,,,,,,,,,,,,,,,,,,,,,,,,,,,,,,,,,,,,,,,,,,,,,,bounded_preclose_bid_ask,,,,False,not_requested_for_horizon_or_variant,,,thin_prior_option_volume,event,covered_call,,thin_prior_option_volume,,,True,,H24,1,CAT,,primary,0.01656814303686816,14.893484783790424,2025
,,,b1263d20c2014b87da9c3ff6,time_value,,,1,1,2022-11-09,2022-11-09,,,215,,,2022-11-10,216,False,,,2022-11-09,,,,,,,"{""market_momentum"": 0.0458153966567898, ""market_volatility"": 0.015963603031839472, ""momentum"": 0.03973624848169344, ""volatility"": 0.03000837382549459, ""volume_state"": 18.28484180554858}",assumed_next_daily_close,,1,0000002488,,0.0458153966567898,0.015963603031839472,0.03973624848169344,,,,,,,534558a40281c620b08ab753,False,,,,,,,,,,,,,,,,,,,,,,,,,,,,,,,,,,,,,,,,,,,,,,,,bounded_preclose_bid_ask,,,,False,not_requested_for_horizon_or_variant,,,no_standard_contract_within_rules,event,protective_put,,no_standard_contract_within_rules,,,False,,H24,1,AMD,,primary,0.03000837382549459,18.28484180554858,2022
,,,b1263d20c2014b87da9c3ff6,time_value,,,1,1,2022-11-09,2022-11-09,,,215,,,2022-11-10,216,False,,,2022-11-09,,,,,,,"{""market_momentum"": 0.0458153966567898, ""market_volatility"": 0.015963603031839472, ""momentum"": 0.03973624848169344, ""volatility"": 0.03000837382549459, ""volume_state"": 18.28484180554858}",assumed_next_daily_close,,1,0000002488,,0.0458153966567898,0.015963603031839472,0.03973624848169344,,,,,,,534558a40281c620b08ab753,False,,,,,,,,,,,,,,,,,,,,,,,,,,,,,,,,,,,,,,,,,,,,,,,,bounded_preclose_bid_ask,,,,False,not_requested_for_horizon_or_variant,,,no_standard_contract_within_rules,event,protective_put,,no_standard_contract_within_rules,,,True,,H24,1,AMD,,primary,0.03000837382549459,18.28484180554858,2022
,,,b1263d20c2014b87da9c3ff6,time_value,,,1,1,2022-11-09,2022-11-09,,,215,,,2022-11-10,216,False,,,2022-11-09,,,,,,,"{""market_momentum"": 0.0458153966567898, ""market_volatility"": 0.015963603031839472, ""momentum"": 0.03973624848169344, ""volatility"": 0.03000837382549459, ""volume_state"": 18.28484180554858}",assumed_next_daily_close,,2,0000002488,,0.0458153966567898,0.015963603031839472,0.03973624848169344,,,,,,,534558a40281c620b08ab753,False,,,,,,,,,,,,,,,,,,,,,,,,,,,,,,,,,,,,,,,,,,,,,,,,bounded_preclose_bid_ask,,,,False,not_requested_for_horizon_or_variant,,,no_standard_contract_within_rules,event,protective_put,,no_standard_contract_within_rules,,,False,,H24,1,AMD,,primary,0.03000837382549459,18.28484180554858,2022
,,,b1263d20c2014b87da9c3ff6,time_value,,,1,1,2022-11-09,2022-11-09,,,215,,,2022-11-10,216,False,,,2022-11-09,,,,,,,"{""market_momentum"": 0.0458153966567898, ""market_volatility"": 0.015963603031839472, ""momentum"": 0.03973624848169344, ""volatility"": 0.03000837382549459, ""volume_state"": 18.28484180554858}",assumed_next_daily_close,,2,0000002488,,0.0458153966567898,0.015963603031839472,0.03973624848169344,,,,,,,534558a40281c620b08ab753,False,,,,,,,,,,,,,,,,,,,,,,,,,,,,,,,,,,,,,,,,,,,,,,,,bounded_preclose_bid_ask,,,,False,not_requested_for_horizon_or_variant,,,no_standard_contract_within_rules,event,protective_put,,no_standard_contract_within_rules,,,True,,H24,1,AMD,,primary,0.03000837382549459,18.28484180554858,2022
,,,b1263d20c2014b87da9c3ff6,time_value,,,1,1,2022-11-09,2022-11-09,,,215,,,2022-11-10,216,False,,,2022-11-09,,,,,,,"{""market_momentum"": 0.0458153966567898, ""market_volatility"": 0.015963603031839472, ""momentum"": 0.03973624848169344, ""volatility"": 0.03000837382549459, ""volume_state"": 18.28484180554858}",assumed_next_daily_close,,3,0000002488,,0.0458153966567898,0.015963603031839472,0.03973624848169344,,,,,,,534558a40281c620b08ab753,False,,,,,,,,,,,,,,,,,,,,,,,,,,,,,,,,,,,,,,,,,,,,,,,,bounded_preclose_bid_ask,,,,False,not_requested_for_horizon_or_variant,,,no_standard_contract_within_rules,event,protective_put,,no_standard_contract_within_rules,,,False,,H24,1,AMD,,primary,0.03000837382549459,18.28484180554858,2022
,,,b1263d20c2014b87da9c3ff6,time_value,,,1,1,2022-11-09,2022-11-09,,,215,,,2022-11-10,216,False,,,2022-11-09,,,,,,,"{""market_momentum"": 0.0458153966567898, ""market_volatility"": 0.015963603031839472, ""momentum"": 0.03973624848169344, ""volatility"": 0.03000837382549459, ""volume_state"": 18.28484180554858}",assumed_next_daily_close,,3,0000002488,,0.0458153966567898,0.015963603031839472,0.03973624848169344,,,,,,,534558a40281c620b08ab753,False,,,,,,,,,,,,,,,,,,,,,,,,,,,,,,,,,,,,,,,,,,,,,,,,bounded_preclose_bid_ask,,,,False,not_requested_for_horizon_or_variant,,,no_standard_contract_within_rules,event,protective_put,,no_standard_contract_within_rules,,,True,,H24,1,AMD,,primary,0.03000837382549459,18.28484180554858,2022
,,,b1263d20c2014b87da9c3ff6,time_value,,,1,1,2022-11-09,2022-11-09,,,215,,,2022-11-10,216,False,,,2022-11-09,,,,,,,"{""market_momentum"": 0.0458153966567898, ""market_volatility"": 0.015963603031839472, ""momentum"": 0.03973624848169344, ""volatility"": 0.03000837382549459, ""volume_state"": 18.28484180554858}",assumed_next_daily_close,,5,0000002488,,0.0458153966567898,0.015963603031839472,0.03973624848169344,,,,,,,534558a40281c620b08ab753,False,,,,,,,,,,,,,,,,,,,,,,,,,,,,,,,,,,,,,,,,,,,,,,,,bounded_preclose_bid_ask,,,,False,not_requested_for_horizon_or_variant,,,no_standard_contract_within_rules,event,protective_put,,no_standard_contract_within_rules,,,False,,H24,1,AMD,,primary,0.03000837382549459,18.28484180554858,2022
,,,b1263d20c2014b87da9c3ff6,time_value,,,1,1,2022-11-09,2022-11-09,,,215,,,2022-11-10,216,False,,,2022-11-09,,,,,,,"{""market_momentum"": 0.0458153966567898, ""market_volatility"": 0.015963603031839472, ""momentum"": 0.03973624848169344, ""volatility"": 0.03000837382549459, ""volume_state"": 18.28484180554858}",assumed_next_daily_close,,5,0000002488,,0.0458153966567898,0.015963603031839472,0.03973624848169344,,,,,,,534558a40281c620b08ab753,False,,,,,,,,,,,,,,,,,,,,,,,,,,,,,,,,,,,,,,,,,,,,,,,,bounded_preclose_bid_ask,,,,False,not_requested_for_horizon_or_variant,,,no_standard_contract_within_rules,event,protective_put,,no_standard_contract_within_rules,,,True,,H24,1,AMD,,primary,0.03000837382549459,18.28484180554858,2022
,,,b1263d20c2014b87da9c3ff6,time_value,,,1,1,2022-11-09,2022-11-09,,,215,,,2022-11-10,216,False,,,2022-11-09,,,,,,,"{""market_momentum"": 0.0458153966567898, ""market_volatility"": 0.015963603031839472, ""momentum"": 0.03973624848169344, ""volatility"": 0.03000837382549459, ""volume_state"": 18.28484180554858}",assumed_next_daily_close,,10,0000002488,,0.0458153966567898,0.015963603031839472,0.03973624848169344,,,,,,,534558a40281c620b08ab753,False,,,,,,,,,,,,,,,,,,,,,,,,,,,,,,,,,,,,,,,,,,,,,,,,bounded_preclose_bid_ask,,,,False,not_sampled_or_missing_quotes,,,no_standard_contract_within_rules,event,protective_put,,no_standard_contract_within_rules,,,False,,H24,1,AMD,,primary,0.03000837382549459,18.28484180554858,2022
,,,b1263d20c2014b87da9c3ff6,time_value,,,1,1,2022-11-09,2022-11-09,,,215,,,2022-11-10,216,False,,,2022-11-09,,,,,,,"{""market_momentum"": 0.0458153966567898, ""market_volatility"": 0.015963603031839472, ""momentum"": 0.03973624848169344, ""volatility"": 0.03000837382549459, ""volume_state"": 18.28484180554858}",assumed_next_daily_close,,10,0000002488,,0.0458153966567898,0.015963603031839472,0.03973624848169344,,,,,,,534558a40281c620b08ab753,False,,,,,,,,,,,,,,,,,,,,,,,,,,,,,,,,,,,,,,,,,,,,,,,,bounded_preclose_bid_ask,,,,False,not_sampled_or_missing_quotes,,,no_standard_contract_within_rules,event,protective_put,,no_standard_contract_within_rules,,,True,,H24,1,AMD,,primary,0.03000837382549459,18.28484180554858,2022
,,,b1263d20c2014b87da9c3ff6,time_value,,,1,1,2022-11-09,2022-11-09,,,215,,,2022-11-10,216,False,,,2022-11-09,,,,,,,"{""market_momentum"": 0.0458153966567898, ""market_volatility"": 0.015963603031839472, ""momentum"": 0.03973624848169344, ""volatility"": 0.03000837382549459, ""volume_state"": 18.28484180554858}",assumed_next_daily_close,,21,0000002488,,0.0458153966567898,0.015963603031839472,0.03973624848169344,,,,,,,534558a40281c620b08ab753,False,,,,,,,,,,,,,,,,,,,,,,,,,,,,,,,,,,,,,,,,,,,,,,,,bounded_preclose_bid_ask,,,,False,not_requested_for_horizon_or_variant,,,no_standard_contract_within_rules,event,protective_put,,no_standard_contract_within_rules,,,False,,H24,1,AMD,,primary,0.03000837382549459,18.28484180554858,2022
,,,b1263d20c2014b87da9c3ff6,time_value,,,1,1,2022-11-09,2022-11-09,,,215,,,2022-11-10,216,False,,,2022-11-09,,,,,,,"{""market_momentum"": 0.0458153966567898, ""market_volatility"": 0.015963603031839472, ""momentum"": 0.03973624848169344, ""volatility"": 0.03000837382549459, ""volume_state"": 18.28484180554858}",assumed_next_daily_close,,21,0000002488,,0.0458153966567898,0.015963603031839472,0.03973624848169344,,,,,,,534558a40281c620b08ab753,False,,,,,,,,,,,,,,,,,,,,,,,,,,,,,,,,,,,,,,,,,,,,,,,,bounded_preclose_bid_ask,,,,False,not_requested_for_horizon_or_variant,,,no_standard_contract_within_rules,event,protective_put,,no_standard_contract_within_rules,,,True,,H24,1,AMD,,primary,0.03000837382549459,18.28484180554858,2022
,,,b1263d20c2014b87da9c3ff6,time_value,,,1,1,2022-11-09,2022-11-09,,,215,,,2022-11-10,216,False,,,2022-11-09,,,,,,,"{""market_momentum"": 0.0458153966567898, ""market_volatility"": 0.015963603031839472, ""momentum"": 0.03973624848169344, ""volatility"": 0.03000837382549459, ""volume_state"": 18.28484180554858}",assumed_next_daily_close,,42,0000002488,,0.0458153966567898,0.015963603031839472,0.03973624848169344,,,,,,,534558a40281c620b08ab753,False,,,,,,,,,,,,,,,,,,,,,,,,,,,,,,,,,,,,,,,,,,,,,,,,bounded_preclose_bid_ask,,,,False,not_requested_for_horizon_or_variant,,,no_standard_contract_within_rules,event,protective_put,,no_standard_contract_within_rules,,,False,,H24,1,AMD,,primary,0.03000837382549459,18.28484180554858,2022
,,,b1263d20c2014b87da9c3ff6,time_value,,,1,1,2022-11-09,2022-11-09,,,215,,,2022-11-10,216,False,,,2022-11-09,,,,,,,"{""market_momentum"": 0.0458153966567898, ""market_volatility"": 0.015963603031839472, ""momentum"": 0.03973624848169344, ""volatility"": 0.03000837382549459, ""volume_state"": 18.28484180554858}",assumed_next_daily_close,,42,0000002488,,0.0458153966567898,0.015963603031839472,0.03973624848169344,,,,,,,534558a40281c620b08ab753,False,,,,,,,,,,,,,,,,,,,,,,,,,,,,,,,,,,,,,,,,,,,,,,,,bounded_preclose_bid_ask,,,,False,not_requested_for_horizon_or_variant,,,no_standard_contract_within_rules,event,protective_put,,no_standard_contract_within_rules,,,True,,H24,1,AMD,,primary,0.03000837382549459,18.28484180554858,2022
,,,b1263d20c2014b87da9c3ff6,time_value,,,1,1,2022-11-09,2022-11-09,,,215,,,2022-11-10,216,False,,,2022-11-09,,,,,,,"{""market_momentum"": 0.0458153966567898, ""market_volatility"": 0.015963603031839472, ""momentum"": 0.03973624848169344, ""volatility"": 0.03000837382549459, ""volume_state"": 18.28484180554858}",assumed_next_daily_close,,63,0000002488,,0.0458153966567898,0.015963603031839472,0.03973624848169344,,,,,,,534558a40281c620b08ab753,False,,,,,,,,,,,,,,,,,,,,,,,,,,,,,,,,,,,,,,,,,,,,,,,,bounded_preclose_bid_ask,,,,False,not_requested_for_horizon_or_variant,,,no_standard_contract_within_rules,event,protective_put,,no_standard_contract_within_rules,,,False,,H24,1,AMD,,primary,0.03000837382549459,18.28484180554858,2022
,,,b1263d20c2014b87da9c3ff6,time_value,,,1,1,2022-11-09,2022-11-09,,,215,,,2022-11-10,216,False,,,2022-11-09,,,,,,,"{""market_momentum"": 0.0458153966567898, ""market_volatility"": 0.015963603031839472, ""momentum"": 0.03973624848169344, ""volatility"": 0.03000837382549459, ""volume_state"": 18.28484180554858}",assumed_next_daily_close,,63,0000002488,,0.0458153966567898,0.015963603031839472,0.03973624848169344,,,,,,,534558a40281c620b08ab753,False,,,,,,,,,,,,,,,,,,,,,,,,,,,,,,,,,,,,,,,,,,,,,,,,bounded_preclose_bid_ask,,,,False,not_requested_for_horizon_or_variant,,,no_standard_contract_within_rules,event,protective_put,,no_standard_contract_within_rules,,,True,,H24,1,AMD,,primary,0.03000837382549459,18.28484180554858,2022
,,,b1263d20c2014b87da9c3ff6,time_value,,,1,1,2022-11-09,2022-11-09,,,215,,,2022-11-10,216,False,,,2022-11-09,,,,,,,"{""market_momentum"": 0.0458153966567898, ""market_volatility"": 0.015963603031839472, ""momentum"": 0.03973624848169344, ""volatility"": 0.03000837382549459, ""volume_state"": 18.28484180554858}",assumed_next_daily_close,,expiry,0000002488,,0.0458153966567898,0.015963603031839472,0.03973624848169344,,,,,,,534558a40281c620b08ab753,False,,,,,,,,,,,,,,,,,,,,,,,,,,,,,,,,,,,,,,,,,,,,,,,,bounded_preclose_bid_ask,,,,False,not_requested_for_horizon_or_variant,,,no_standard_contract_within_rules,event,protective_put,,no_standard_contract_within_rules,,,False,,H24,1,AMD,,primary,0.03000837382549459,18.28484180554858,2022
,,,b1263d20c2014b87da9c3ff6,time_value,,,1,1,2022-11-09,2022-11-09,,,215,,,2022-11-10,216,False,,,2022-11-09,,,,,,,"{""market_momentum"": 0.0458153966567898, ""market_volatility"": 0.015963603031839472, ""momentum"": 0.03973624848169344, ""volatility"": 0.03000837382549459, ""volume_state"": 18.28484180554858}",assumed_next_daily_close,,expiry,0000002488,,0.0458153966567898,0.015963603031839472,0.03973624848169344,,,,,,,534558a40281c620b08ab753,False,,,,,,,,,,,,,,,,,,,,,,,,,,,,,,,,,,,,,,,,,,,,,,,,bounded_preclose_bid_ask,,,,False,not_requested_for_horizon_or_variant,,,no_standard_contract_within_rules,event,protective_put,,no_standard_contract_within_rules,,,True,,H24,1,AMD,,primary,0.03000837382549459,18.28484180554858,2022
,,,b4472a167dceda12c4c750b8,time_value,,,1,1,2022-12-13,2022-12-13,,,238,,,2022-12-14,239,False,,,2023-09-05,,,,,,,"{""market_momentum"": 0.008682341722918041, ""market_volatility"": 0.01120315391372265, ""momentum"": -0.004228508605015002, ""volatility"": 0.011560887046731534, ""volume_state"": 14.809219898232364}",assumed_next_daily_close,,1,0000018230,,0.008682341722918041,0.01120315391372265,-0.004228508605015002,,,,,,,8df85474810533ba6b02d105,False,,,,,,,,,,,,,,,,,,,,,,,,,,,,,,,,,,,,,,,,,,,,,,,,bounded_preclose_bid_ask,,,,False,not_requested_for_horizon_or_variant,,,no_standard_contract_within_rules,ordinary,covered_call,,no_standard_contract_within_rules,,,False,,H24,1,CAT,,primary,0.011560887046731534,14.809219898232364,2022
,,,b4472a167dceda12c4c750b8,time_value,,,1,1,2022-12-13,2022-12-13,,,238,,,2022-12-14,239,False,,,2023-09-05,,,,,,,"{""market_momentum"": 0.008682341722918041, ""market_volatility"": 0.01120315391372265, ""momentum"": -0.004228508605015002, ""volatility"": 0.011560887046731534, ""volume_state"": 14.809219898232364}",assumed_next_daily_close,,1,0000018230,,0.008682341722918041,0.01120315391372265,-0.004228508605015002,,,,,,,8df85474810533ba6b02d105,False,,,,,,,,,,,,,,,,,,,,,,,,,,,,,,,,,,,,,,,,,,,,,,,,bounded_preclose_bid_ask,,,,False,not_requested_for_horizon_or_variant,,,no_standard_contract_within_rules,ordinary,covered_call,,no_standard_contract_within_rules,,,True,,H24,1,CAT,,primary,0.011560887046731534,14.809219898232364,2022
,,,b4472a167dceda12c4c750b8,time_value,,,1,1,2022-12-13,2022-12-13,,,238,,,2022-12-14,239,False,,,2023-09-05,,,,,,,"{""market_momentum"": 0.008682341722918041, ""market_volatility"": 0.01120315391372265, ""momentum"": -0.004228508605015002, ""volatility"": 0.011560887046731534, ""volume_state"": 14.809219898232364}",assumed_next_daily_close,,2,0000018230,,0.008682341722918041,0.01120315391372265,-0.004228508605015002,,,,,,,8df85474810533ba6b02d105,False,,,,,,,,,,,,,,,,,,,,,,,,,,,,,,,,,,,,,,,,,,,,,,,,bounded_preclose_bid_ask,,,,False,not_requested_for_horizon_or_variant,,,no_standard_contract_within_rules,ordinary,covered_call,,no_standard_contract_within_rules,,,False,,H24,1,CAT,,primary,0.011560887046731534,14.809219898232364,2022
,,,b4472a167dceda12c4c750b8,time_value,,,1,1,2022-12-13,2022-12-13,,,238,,,2022-12-14,239,False,,,2023-09-05,,,,,,,"{""market_momentum"": 0.008682341722918041, ""market_volatility"": 0.01120315391372265, ""momentum"": -0.004228508605015002, ""volatility"": 0.011560887046731534, ""volume_state"": 14.809219898232364}",assumed_next_daily_close,,2,0000018230,,0.008682341722918041,0.01120315391372265,-0.004228508605015002,,,,,,,8df85474810533ba6b02d105,False,,,,,,,,,,,,,,,,,,,,,,,,,,,,,,,,,,,,,,,,,,,,,,,,bounded_preclose_bid_ask,,,,False,not_requested_for_horizon_or_variant,,,no_standard_contract_within_rules,ordinary,covered_call,,no_standard_contract_within_rules,,,True,,H24,1,CAT,,primary,0.011560887046731534,14.809219898232364,2022
,,,b4472a167dceda12c4c750b8,time_value,,,1,1,2022-12-13,2022-12-13,,,238,,,2022-12-14,239,False,,,2023-09-05,,,,,,,"{""market_momentum"": 0.008682341722918041, ""market_volatility"": 0.01120315391372265, ""momentum"": -0.004228508605015002, ""volatility"": 0.011560887046731534, ""volume_state"": 14.809219898232364}",assumed_next_daily_close,,3,0000018230,,0.008682341722918041,0.01120315391372265,-0.004228508605015002,,,,,,,8df85474810533ba6b02d105,False,,,,,,,,,,,,,,,,,,,,,,,,,,,,,,,,,,,,,,,,,,,,,,,,bounded_preclose_bid_ask,,,,False,not_requested_for_horizon_or_variant,,,no_standard_contract_within_rules,ordinary,covered_call,,no_standard_contract_within_rules,,,False,,H24,1,CAT,,primary,0.011560887046731534,14.809219898232364,2022
,,,b4472a167dceda12c4c750b8,time_value,,,1,1,2022-12-13,2022-12-13,,,238,,,2022-12-14,239,False,,,2023-09-05,,,,,,,"{""market_momentum"": 0.008682341722918041, ""market_volatility"": 0.01120315391372265, ""momentum"": -0.004228508605015002, ""volatility"": 0.011560887046731534, ""volume_state"": 14.809219898232364}",assumed_next_daily_close,,3,0000018230,,0.008682341722918041,0.01120315391372265,-0.004228508605015002,,,,,,,8df85474810533ba6b02d105,False,,,,,,,,,,,,,,,,,,,,,,,,,,,,,,,,,,,,,,,,,,,,,,,,bounded_preclose_bid_ask,,,,False,not_requested_for_horizon_or_variant,,,no_standard_contract_within_rules,ordinary,covered_call,,no_standard_contract_within_rules,,,True,,H24,1,CAT,,primary,0.011560887046731534,14.809219898232364,2022
,,,b4472a167dceda12c4c750b8,time_value,,,1,1,2022-12-13,2022-12-13,,,238,,,2022-12-14,239,False,,,2023-09-05,,,,,,,"{""market_momentum"": 0.008682341722918041, ""market_volatility"": 0.01120315391372265, ""momentum"": -0.004228508605015002, ""volatility"": 0.011560887046731534, ""volume_state"": 14.809219898232364}",assumed_next_daily_close,,5,0000018230,,0.008682341722918041,0.01120315391372265,-0.004228508605015002,,,,,,,8df85474810533ba6b02d105,False,,,,,,,,,,,,,,,,,,,,,,,,,,,,,,,,,,,,,,,,,,,,,,,,bounded_preclose_bid_ask,,,,False,not_requested_for_horizon_or_variant,,,no_standard_contract_within_rules,ordinary,covered_call,,no_standard_contract_within_rules,,,False,,H24,1,CAT,,primary,0.011560887046731534,14.809219898232364,2022
,,,b4472a167dceda12c4c750b8,time_value,,,1,1,2022-12-13,2022-12-13,,,238,,,2022-12-14,239,False,,,2023-09-05,,,,,,,"{""market_momentum"": 0.008682341722918041, ""market_volatility"": 0.01120315391372265, ""momentum"": -0.004228508605015002, ""volatility"": 0.011560887046731534, ""volume_state"": 14.809219898232364}",assumed_next_daily_close,,5,0000018230,,0.008682341722918041,0.01120315391372265,-0.004228508605015002,,,,,,,8df85474810533ba6b02d105,False,,,,,,,,,,,,,,,,,,,,,,,,,,,,,,,,,,,,,,,,,,,,,,,,bounded_preclose_bid_ask,,,,False,not_requested_for_horizon_or_variant,,,no_standard_contract_within_rules,ordinary,covered_call,,no_standard_contract_within_rules,,,True,,H24,1,CAT,,primary,0.011560887046731534,14.809219898232364,2022
,,,b4472a167dceda12c4c750b8,time_value,,,1,1,2022-12-13,2022-12-13,,,238,,,2022-12-14,239,False,,,2023-09-05,,,,,,,"{""market_momentum"": 0.008682341722918041, ""market_volatility"": 0.01120315391372265, ""momentum"": -0.004228508605015002, ""volatility"": 0.011560887046731534, ""volume_state"": 14.809219898232364}",assumed_next_daily_close,,10,0000018230,,0.008682341722918041,0.01120315391372265,-0.004228508605015002,,,,,,,8df85474810533ba6b02d105,False,,,,,,,,,,,,,,,,,,,,,,,,,,,,,,,,,,,,,,,,,,,,,,,,bounded_preclose_bid_ask,,,,False,not_sampled_or_missing_quotes,,,no_standard_contract_within_rules,ordinary,covered_call,,no_standard_contract_within_rules,,,False,,H24,1,CAT,,primary,0.011560887046731534,14.809219898232364,2022
,,,b4472a167dceda12c4c750b8,time_value,,,1,1,2022-12-13,2022-12-13,,,238,,,2022-12-14,239,False,,,2023-09-05,,,,,,,"{""market_momentum"": 0.008682341722918041, ""market_volatility"": 0.01120315391372265, ""momentum"": -0.004228508605015002, ""volatility"": 0.011560887046731534, ""volume_state"": 14.809219898232364}",assumed_next_daily_close,,10,0000018230,,0.008682341722918041,0.01120315391372265,-0.004228508605015002,,,,,,,8df85474810533ba6b02d105,False,,,,,,,,,,,,,,,,,,,,,,,,,,,,,,,,,,,,,,,,,,,,,,,,bounded_preclose_bid_ask,,,,False,not_sampled_or_missing_quotes,,,no_standard_contract_within_rules,ordinary,covered_call,,no_standard_contract_within_rules,,,True,,H24,1,CAT,,primary,0.011560887046731534,14.809219898232364,2022
,,,b4472a167dceda12c4c750b8,time_value,,,1,1,2022-12-13,2022-12-13,,,238,,,2022-12-14,239,False,,,2023-09-05,,,,,,,"{""market_momentum"": 0.008682341722918041, ""market_volatility"": 0.01120315391372265, ""momentum"": -0.004228508605015002, ""volatility"": 0.011560887046731534, ""volume_state"": 14.809219898232364}",assumed_next_daily_close,,21,0000018230,,0.008682341722918041,0.01120315391372265,-0.004228508605015002,,,,,,,8df85474810533ba6b02d105,False,,,,,,,,,,,,,,,,,,,,,,,,,,,,,,,,,,,,,,,,,,,,,,,,bounded_preclose_bid_ask,,,,False,not_requested_for_horizon_or_variant,,,no_standard_contract_within_rules,ordinary,covered_call,,no_standard_contract_within_rules,,,False,,H24,1,CAT,,primary,0.011560887046731534,14.809219898232364,2022
,,,b4472a167dceda12c4c750b8,time_value,,,1,1,2022-12-13,2022-12-13,,,238,,,2022-12-14,239,False,,,2023-09-05,,,,,,,"{""market_momentum"": 0.008682341722918041, ""market_volatility"": 0.01120315391372265, ""momentum"": -0.004228508605015002, ""volatility"": 0.011560887046731534, ""volume_state"": 14.809219898232364}",assumed_next_daily_close,,21,0000018230,,0.008682341722918041,0.01120315391372265,-0.004228508605015002,,,,,,,8df85474810533ba6b02d105,False,,,,,,,,,,,,,,,,,,,,,,,,,,,,,,,,,,,,,,,,,,,,,,,,bounded_preclose_bid_ask,,,,False,not_requested_for_horizon_or_variant,,,no_standard_contract_within_rules,ordinary,covered_call,,no_standard_contract_within_rules,,,True,,H24,1,CAT,,primary,0.011560887046731534,14.809219898232364,2022
,,,b4472a167dceda12c4c750b8,time_value,,,1,1,2022-12-13,2022-12-13,,,238,,,2022-12-14,239,False,,,2023-09-05,,,,,,,"{""market_momentum"": 0.008682341722918041, ""market_volatility"": 0.01120315391372265, ""momentum"": -0.004228508605015002, ""volatility"": 0.011560887046731534, ""volume_state"": 14.809219898232364}",assumed_next_daily_close,,42,0000018230,,0.008682341722918041,0.01120315391372265,-0.004228508605015002,,,,,,,8df85474810533ba6b02d105,False,,,,,,,,,,,,,,,,,,,,,,,,,,,,,,,,,,,,,,,,,,,,,,,,bounded_preclose_bid_ask,,,,False,not_requested_for_horizon_or_variant,,,no_standard_contract_within_rules,ordinary,covered_call,,no_standard_contract_within_rules,,,False,,H24,1,CAT,,primary,0.011560887046731534,14.809219898232364,2022
,,,b4472a167dceda12c4c750b8,time_value,,,1,1,2022-12-13,2022-12-13,,,238,,,2022-12-14,239,False,,,2023-09-05,,,,,,,"{""market_momentum"": 0.008682341722918041, ""market_volatility"": 0.01120315391372265, ""momentum"": -0.004228508605015002, ""volatility"": 0.011560887046731534, ""volume_state"": 14.809219898232364}",assumed_next_daily_close,,42,0000018230,,0.008682341722918041,0.01120315391372265,-0.004228508605015002,,,,,,,8df85474810533ba6b02d105,False,,,,,,,,,,,,,,,,,,,,,,,,,,,,,,,,,,,,,,,,,,,,,,,,bounded_preclose_bid_ask,,,,False,not_requested_for_horizon_or_variant,,,no_standard_contract_within_rules,ordinary,covered_call,,no_standard_contract_within_rules,,,True,,H24,1,CAT,,primary,0.011560887046731534,14.809219898232364,2022
,,,b4472a167dceda12c4c750b8,time_value,,,1,1,2022-12-13,2022-12-13,,,238,,,2022-12-14,239,False,,,2023-09-05,,,,,,,"{""market_momentum"": 0.008682341722918041, ""market_volatility"": 0.01120315391372265, ""momentum"": -0.004228508605015002, ""volatility"": 0.011560887046731534, ""volume_state"": 14.809219898232364}",assumed_next_daily_close,,63,0000018230,,0.008682341722918041,0.01120315391372265,-0.004228508605015002,,,,,,,8df85474810533ba6b02d105,False,,,,,,,,,,,,,,,,,,,,,,,,,,,,,,,,,,,,,,,,,,,,,,,,bounded_preclose_bid_ask,,,,False,not_requested_for_horizon_or_variant,,,no_standard_contract_within_rules,ordinary,covered_call,,no_standard_contract_within_rules,,,False,,H24,1,CAT,,primary,0.011560887046731534,14.809219898232364,2022
,,,b4472a167dceda12c4c750b8,time_value,,,1,1,2022-12-13,2022-12-13,,,238,,,2022-12-14,239,False,,,2023-09-05,,,,,,,"{""market_momentum"": 0.008682341722918041, ""market_volatility"": 0.01120315391372265, ""momentum"": -0.004228508605015002, ""volatility"": 0.011560887046731534, ""volume_state"": 14.809219898232364}",assumed_next_daily_close,,63,0000018230,,0.008682341722918041,0.01120315391372265,-0.004228508605015002,,,,,,,8df85474810533ba6b02d105,False,,,,,,,,,,,,,,,,,,,,,,,,,,,,,,,,,,,,,,,,,,,,,,,,bounded_preclose_bid_ask,,,,False,not_requested_for_horizon_or_variant,,,no_standard_contract_within_rules,ordinary,covered_call,,no_standard_contract_within_rules,,,True,,H24,1,CAT,,primary,0.011560887046731534,14.809219898232364,2022
,,,b4472a167dceda12c4c750b8,time_value,,,1,1,2022-12-13,2022-12-13,,,238,,,2022-12-14,239,False,,,2023-09-05,,,,,,,"{""market_momentum"": 0.008682341722918041, ""market_volatility"": 0.01120315391372265, ""momentum"": -0.004228508605015002, ""volatility"": 0.011560887046731534, ""volume_state"": 14.809219898232364}",assumed_next_daily_close,,expiry,0000018230,,0.008682341722918041,0.01120315391372265,-0.004228508605015002,,,,,,,8df85474810533ba6b02d105,False,,,,,,,,,,,,,,,,,,,,,,,,,,,,,,,,,,,,,,,,,,,,,,,,bounded_preclose_bid_ask,,,,False,not_requested_for_horizon_or_variant,,,no_standard_contract_within_rules,ordinary,covered_call,,no_standard_contract_within_rules,,,False,,H24,1,CAT,,primary,0.011560887046731534,14.809219898232364,2022
,,,b4472a167dceda12c4c750b8,time_value,,,1,1,2022-12-13,2022-12-13,,,238,,,2022-12-14,239,False,,,2023-09-05,,,,,,,"{""market_momentum"": 0.008682341722918041, ""market_volatility"": 0.01120315391372265, ""momentum"": -0.004228508605015002, ""volatility"": 0.011560887046731534, ""volume_state"": 14.809219898232364}",assumed_next_daily_close,,expiry,0000018230,,0.008682341722918041,0.01120315391372265,-0.004228508605015002,,,,,,,8df85474810533ba6b02d105,False,,,,,,,,,,,,,,,,,,,,,,,,,,,,,,,,,,,,,,,,,,,,,,,,bounded_preclose_bid_ask,,,,False,not_requested_for_horizon_or_variant,,,no_standard_contract_within_rules,ordinary,covered_call,,no_standard_contract_within_rules,,,True,,H24,1,CAT,,primary,0.011560887046731534,14.809219898232364,2022
,,,ba26fa6c034109ef6d38439b,time_value,,,1,1,2023-10-19,2023-10-19,,,451,,,2023-10-20,452,False,,,2023-10-19,,,,,,,"{""market_momentum"": -0.027836038664964424, ""market_volatility"": 0.00827270594588772, ""momentum"": -0.10007474462253962, ""volatility"": 0.018426059904545596, ""volume_state"": 15.439444615551448}",assumed_next_daily_close,,1,0000027419,,-0.027836038664964424,0.00827270594588772,-0.10007474462253962,,,,,,,5169e10cd3bea4a08cfe105e,False,,,,,,,,,,,,,,,,,,,,,,,,,,,,,,,,,,,,,,,,,,,,,,,,bounded_preclose_bid_ask,,,,False,not_requested_for_horizon_or_variant,,,no_standard_contract_within_rules,event,covered_call,,no_standard_contract_within_rules,,,False,,H24,1,TGT,,primary,0.018426059904545596,15.439444615551448,2023
,,,ba26fa6c034109ef6d38439b,time_value,,,1,1,2023-10-19,2023-10-19,,,451,,,2023-10-20,452,False,,,2023-10-19,,,,,,,"{""market_momentum"": -0.027836038664964424, ""market_volatility"": 0.00827270594588772, ""momentum"": -0.10007474462253962, ""volatility"": 0.018426059904545596, ""volume_state"": 15.439444615551448}",assumed_next_daily_close,,1,0000027419,,-0.027836038664964424,0.00827270594588772,-0.10007474462253962,,,,,,,5169e10cd3bea4a08cfe105e,False,,,,,,,,,,,,,,,,,,,,,,,,,,,,,,,,,,,,,,,,,,,,,,,,bounded_preclose_bid_ask,,,,False,not_requested_for_horizon_or_variant,,,no_standard_contract_within_rules,event,covered_call,,no_standard_contract_within_rules,,,True,,H24,1,TGT,,primary,0.018426059904545596,15.439444615551448,2023
,,,ba26fa6c034109ef6d38439b,time_value,,,1,1,2023-10-19,2023-10-19,,,451,,,2023-10-20,452,False,,,2023-10-19,,,,,,,"{""market_momentum"": -0.027836038664964424, ""market_volatility"": 0.00827270594588772, ""momentum"": -0.10007474462253962, ""volatility"": 0.018426059904545596, ""volume_state"": 15.439444615551448}",assumed_next_daily_close,,2,0000027419,,-0.027836038664964424,0.00827270594588772,-0.10007474462253962,,,,,,,5169e10cd3bea4a08cfe105e,False,,,,,,,,,,,,,,,,,,,,,,,,,,,,,,,,,,,,,,,,,,,,,,,,bounded_preclose_bid_ask,,,,False,not_requested_for_horizon_or_variant,,,no_standard_contract_within_rules,event,covered_call,,no_standard_contract_within_rules,,,False,,H24,1,TGT,,primary,0.018426059904545596,15.439444615551448,2023
,,,ba26fa6c034109ef6d38439b,time_value,,,1,1,2023-10-19,2023-10-19,,,451,,,2023-10-20,452,False,,,2023-10-19,,,,,,,"{""market_momentum"": -0.027836038664964424, ""market_volatility"": 0.00827270594588772, ""momentum"": -0.10007474462253962, ""volatility"": 0.018426059904545596, ""volume_state"": 15.439444615551448}",assumed_next_daily_close,,2,0000027419,,-0.027836038664964424,0.00827270594588772,-0.10007474462253962,,,,,,,5169e10cd3bea4a08cfe105e,False,,,,,,,,,,,,,,,,,,,,,,,,,,,,,,,,,,,,,,,,,,,,,,,,bounded_preclose_bid_ask,,,,False,not_requested_for_horizon_or_variant,,,no_standard_contract_within_rules,event,covered_call,,no_standard_contract_within_rules,,,True,,H24,1,TGT,,primary,0.018426059904545596,15.439444615551448,2023
,,,ba26fa6c034109ef6d38439b,time_value,,,1,1,2023-10-19,2023-10-19,,,451,,,2023-10-20,452,False,,,2023-10-19,,,,,,,"{""market_momentum"": -0.027836038664964424, ""market_volatility"": 0.00827270594588772, ""momentum"": -0.10007474462253962, ""volatility"": 0.018426059904545596, ""volume_state"": 15.439444615551448}",assumed_next_daily_close,,3,0000027419,,-0.027836038664964424,0.00827270594588772,-0.10007474462253962,,,,,,,5169e10cd3bea4a08cfe105e,False,,,,,,,,,,,,,,,,,,,,,,,,,,,,,,,,,,,,,,,,,,,,,,,,bounded_preclose_bid_ask,,,,False,not_requested_for_horizon_or_variant,,,no_standard_contract_within_rules,event,covered_call,,no_standard_contract_within_rules,,,False,,H24,1,TGT,,primary,0.018426059904545596,15.439444615551448,2023
,,,ba26fa6c034109ef6d38439b,time_value,,,1,1,2023-10-19,2023-10-19,,,451,,,2023-10-20,452,False,,,2023-10-19,,,,,,,"{""market_momentum"": -0.027836038664964424, ""market_volatility"": 0.00827270594588772, ""momentum"": -0.10007474462253962, ""volatility"": 0.018426059904545596, ""volume_state"": 15.439444615551448}",assumed_next_daily_close,,3,0000027419,,-0.027836038664964424,0.00827270594588772,-0.10007474462253962,,,,,,,5169e10cd3bea4a08cfe105e,False,,,,,,,,,,,,,,,,,,,,,,,,,,,,,,,,,,,,,,,,,,,,,,,,bounded_preclose_bid_ask,,,,False,not_requested_for_horizon_or_variant,,,no_standard_contract_within_rules,event,covered_call,,no_standard_contract_within_rules,,,True,,H24,1,TGT,,primary,0.018426059904545596,15.439444615551448,2023
,,,ba26fa6c034109ef6d38439b,time_value,,,1,1,2023-10-19,2023-10-19,,,451,,,2023-10-20,452,False,,,2023-10-19,,,,,,,"{""market_momentum"": -0.027836038664964424, ""market_volatility"": 0.00827270594588772, ""momentum"": -0.10007474462253962, ""volatility"": 0.018426059904545596, ""volume_state"": 15.439444615551448}",assumed_next_daily_close,,5,0000027419,,-0.027836038664964424,0.00827270594588772,-0.10007474462253962,,,,,,,5169e10cd3bea4a08cfe105e,False,,,,,,,,,,,,,,,,,,,,,,,,,,,,,,,,,,,,,,,,,,,,,,,,bounded_preclose_bid_ask,,,,False,not_requested_for_horizon_or_variant,,,no_standard_contract_within_rules,event,covered_call,,no_standard_contract_within_rules,,,False,,H24,1,TGT,,primary,0.018426059904545596,15.439444615551448,2023
,,,ba26fa6c034109ef6d38439b,time_value,,,1,1,2023-10-19,2023-10-19,,,451,,,2023-10-20,452,False,,,2023-10-19,,,,,,,"{""market_momentum"": -0.027836038664964424, ""market_volatility"": 0.00827270594588772, ""momentum"": -0.10007474462253962, ""volatility"": 0.018426059904545596, ""volume_state"": 15.439444615551448}",assumed_next_daily_close,,5,0000027419,,-0.027836038664964424,0.00827270594588772,-0.10007474462253962,,,,,,,5169e10cd3bea4a08cfe105e,False,,,,,,,,,,,,,,,,,,,,,,,,,,,,,,,,,,,,,,,,,,,,,,,,bounded_preclose_bid_ask,,,,False,not_requested_for_horizon_or_variant,,,no_standard_contract_within_rules,event,covered_call,,no_standard_contract_within_rules,,,True,,H24,1,TGT,,primary,0.018426059904545596,15.439444615551448,2023
,,,ba26fa6c034109ef6d38439b,time_value,,,1,1,2023-10-19,2023-10-19,,,451,,,2023-10-20,452,False,,,2023-10-19,,,,,,,"{""market_momentum"": -0.027836038664964424, ""market_volatility"": 0.00827270594588772, ""momentum"": -0.10007474462253962, ""volatility"": 0.018426059904545596, ""volume_state"": 15.439444615551448}",assumed_next_daily_close,,10,0000027419,,-0.027836038664964424,0.00827270594588772,-0.10007474462253962,,,,,,,5169e10cd3bea4a08cfe105e,False,,,,,,,,,,,,,,,,,,,,,,,,,,,,,,,,,,,,,,,,,,,,,,,,bounded_preclose_bid_ask,,,,False,not_sampled_or_missing_quotes,,,no_standard_contract_within_rules,event,covered_call,,no_standard_contract_within_rules,,,False,,H24,1,TGT,,primary,0.018426059904545596,15.439444615551448,2023
,,,ba26fa6c034109ef6d38439b,time_value,,,1,1,2023-10-19,2023-10-19,,,451,,,2023-10-20,452,False,,,2023-10-19,,,,,,,"{""market_momentum"": -0.027836038664964424, ""market_volatility"": 0.00827270594588772, ""momentum"": -0.10007474462253962, ""volatility"": 0.018426059904545596, ""volume_state"": 15.439444615551448}",assumed_next_daily_close,,10,0000027419,,-0.027836038664964424,0.00827270594588772,-0.10007474462253962,,,,,,,5169e10cd3bea4a08cfe105e,False,,,,,,,,,,,,,,,,,,,,,,,,,,,,,,,,,,,,,,,,,,,,,,,,bounded_preclose_bid_ask,,,,False,not_sampled_or_missing_quotes,,,no_standard_contract_within_rules,event,covered_call,,no_standard_contract_within_rules,,,True,,H24,1,TGT,,primary,0.018426059904545596,15.439444615551448,2023
,,,ba26fa6c034109ef6d38439b,time_value,,,1,1,2023-10-19,2023-10-19,,,451,,,2023-10-20,452,False,,,2023-10-19,,,,,,,"{""market_momentum"": -0.027836038664964424, ""market_volatility"": 0.00827270594588772, ""momentum"": -0.10007474462253962, ""volatility"": 0.018426059904545596, ""volume_state"": 15.439444615551448}",assumed_next_daily_close,,21,0000027419,,-0.027836038664964424,0.00827270594588772,-0.10007474462253962,,,,,,,5169e10cd3bea4a08cfe105e,False,,,,,,,,,,,,,,,,,,,,,,,,,,,,,,,,,,,,,,,,,,,,,,,,bounded_preclose_bid_ask,,,,False,not_requested_for_horizon_or_variant,,,no_standard_contract_within_rules,event,covered_call,,no_standard_contract_within_rules,,,False,,H24,1,TGT,,primary,0.018426059904545596,15.439444615551448,2023
,,,ba26fa6c034109ef6d38439b,time_value,,,1,1,2023-10-19,2023-10-19,,,451,,,2023-10-20,452,False,,,2023-10-19,,,,,,,"{""market_momentum"": -0.027836038664964424, ""market_volatility"": 0.00827270594588772, ""momentum"": -0.10007474462253962, ""volatility"": 0.018426059904545596, ""volume_state"": 15.439444615551448}",assumed_next_daily_close,,21,0000027419,,-0.027836038664964424,0.00827270594588772,-0.10007474462253962,,,,,,,5169e10cd3bea4a08cfe105e,False,,,,,,,,,,,,,,,,,,,,,,,,,,,,,,,,,,,,,,,,,,,,,,,,bounded_preclose_bid_ask,,,,False,not_requested_for_horizon_or_variant,,,no_standard_contract_within_rules,event,covered_call,,no_standard_contract_within_rules,,,True,,H24,1,TGT,,primary,0.018426059904545596,15.439444615551448,2023
,,,ba26fa6c034109ef6d38439b,time_value,,,1,1,2023-10-19,2023-10-19,,,451,,,2023-10-20,452,False,,,2023-10-19,,,,,,,"{""market_momentum"": -0.027836038664964424, ""market_volatility"": 0.00827270594588772, ""momentum"": -0.10007474462253962, ""volatility"": 0.018426059904545596, ""volume_state"": 15.439444615551448}",assumed_next_daily_close,,42,0000027419,,-0.027836038664964424,0.00827270594588772,-0.10007474462253962,,,,,,,5169e10cd3bea4a08cfe105e,False,,,,,,,,,,,,,,,,,,,,,,,,,,,,,,,,,,,,,,,,,,,,,,,,bounded_preclose_bid_ask,,,,False,not_requested_for_horizon_or_variant,,,no_standard_contract_within_rules,event,covered_call,,no_standard_contract_within_rules,,,False,,H24,1,TGT,,primary,0.018426059904545596,15.439444615551448,2023
,,,ba26fa6c034109ef6d38439b,time_value,,,1,1,2023-10-19,2023-10-19,,,451,,,2023-10-20,452,False,,,2023-10-19,,,,,,,"{""market_momentum"": -0.027836038664964424, ""market_volatility"": 0.00827270594588772, ""momentum"": -0.10007474462253962, ""volatility"": 0.018426059904545596, ""volume_state"": 15.439444615551448}",assumed_next_daily_close,,42,0000027419,,-0.027836038664964424,0.00827270594588772,-0.10007474462253962,,,,,,,5169e10cd3bea4a08cfe105e,False,,,,,,,,,,,,,,,,,,,,,,,,,,,,,,,,,,,,,,,,,,,,,,,,bounded_preclose_bid_ask,,,,False,not_requested_for_horizon_or_variant,,,no_standard_contract_within_rules,event,covered_call,,no_standard_contract_within_rules,,,True,,H24,1,TGT,,primary,0.018426059904545596,15.439444615551448,2023
,,,ba26fa6c034109ef6d38439b,time_value,,,1,1,2023-10-19,2023-10-19,,,451,,,2023-10-20,452,False,,,2023-10-19,,,,,,,"{""market_momentum"": -0.027836038664964424, ""market_volatility"": 0.00827270594588772, ""momentum"": -0.10007474462253962, ""volatility"": 0.018426059904545596, ""volume_state"": 15.439444615551448}",assumed_next_daily_close,,63,0000027419,,-0.027836038664964424,0.00827270594588772,-0.10007474462253962,,,,,,,5169e10cd3bea4a08cfe105e,False,,,,,,,,,,,,,,,,,,,,,,,,,,,,,,,,,,,,,,,,,,,,,,,,bounded_preclose_bid_ask,,,,False,not_requested_for_horizon_or_variant,,,no_standard_contract_within_rules,event,covered_call,,no_standard_contract_within_rules,,,False,,H24,1,TGT,,primary,0.018426059904545596,15.439444615551448,2023
,,,ba26fa6c034109ef6d38439b,time_value,,,1,1,2023-10-19,2023-10-19,,,451,,,2023-10-20,452,False,,,2023-10-19,,,,,,,"{""market_momentum"": -0.027836038664964424, ""market_volatility"": 0.00827270594588772, ""momentum"": -0.10007474462253962, ""volatility"": 0.018426059904545596, ""volume_state"": 15.439444615551448}",assumed_next_daily_close,,63,0000027419,,-0.027836038664964424,0.00827270594588772,-0.10007474462253962,,,,,,,5169e10cd3bea4a08cfe105e,False,,,,,,,,,,,,,,,,,,,,,,,,,,,,,,,,,,,,,,,,,,,,,,,,bounded_preclose_bid_ask,,,,False,not_requested_for_horizon_or_variant,,,no_standard_contract_within_rules,event,covered_call,,no_standard_contract_within_rules,,,True,,H24,1,TGT,,primary,0.018426059904545596,15.439444615551448,2023
,,,ba26fa6c034109ef6d38439b,time_value,,,1,1,2023-10-19,2023-10-19,,,451,,,2023-10-20,452,False,,,2023-10-19,,,,,,,"{""market_momentum"": -0.027836038664964424, ""market_volatility"": 0.00827270594588772, ""momentum"": -0.10007474462253962, ""volatility"": 0.018426059904545596, ""volume_state"": 15.439444615551448}",assumed_next_daily_close,,expiry,0000027419,,-0.027836038664964424,0.00827270594588772,-0.10007474462253962,,,,,,,5169e10cd3bea4a08cfe105e,False,,,,,,,,,,,,,,,,,,,,,,,,,,,,,,,,,,,,,,,,,,,,,,,,bounded_preclose_bid_ask,,,,False,not_requested_for_horizon_or_variant,,,no_standard_contract_within_rules,event,covered_call,,no_standard_contract_within_rules,,,False,,H24,1,TGT,,primary,0.018426059904545596,15.439444615551448,2023
,,,ba26fa6c034109ef6d38439b,time_value,,,1,1,2023-10-19,2023-10-19,,,451,,,2023-10-20,452,False,,,2023-10-19,,,,,,,"{""market_momentum"": -0.027836038664964424, ""market_volatility"": 0.00827270594588772, ""momentum"": -0.10007474462253962, ""volatility"": 0.018426059904545596, ""volume_state"": 15.439444615551448}",assumed_next_daily_close,,expiry,0000027419,,-0.027836038664964424,0.00827270594588772,-0.10007474462253962,,,,,,,5169e10cd3bea4a08cfe105e,False,,,,,,,,,,,,,,,,,,,,,,,,,,,,,,,,,,,,,,,,,,,,,,,,bounded_preclose_bid_ask,,,,False,not_requested_for_horizon_or_variant,,,no_standard_contract_within_rules,event,covered_call,,no_standard_contract_within_rules,,,True,,H24,1,TGT,,primary,0.018426059904545596,15.439444615551448,2023
,,,c1b039f9c59c19f621d3c001,time_value,,,1,1,2024-10-16,2024-10-16,,,700,,,2024-10-17,701,False,,,2024-10-16,,,,,,,"{""market_momentum"": 0.03415205924663001, ""market_volatility"": 0.0067138823836755375, ""momentum"": -0.009527463392799973, ""volatility"": 0.018351657226489737, ""volume_state"": 16.045949394407348}",assumed_next_daily_close,,1,0000012927,,0.03415205924663001,0.0067138823836755375,-0.009527463392799973,,,,,,,7eff69414c40079dd291efa5,False,,,,,,,,,,,,,,,,,,,,,,,,,,,,,,,,,,,,,,,,,,,,,,,,bounded_preclose_bid_ask,,,,False,not_requested_for_horizon_or_variant,,,no_standard_contract_within_rules,event,protective_put,,no_standard_contract_within_rules,,,False,,H24,1,BA,,primary,0.018351657226489737,16.045949394407348,2024
,,,c1b039f9c59c19f621d3c001,time_value,,,1,1,2024-10-16,2024-10-16,,,700,,,2024-10-17,701,False,,,2024-10-16,,,,,,,"{""market_momentum"": 0.03415205924663001, ""market_volatility"": 0.0067138823836755375, ""momentum"": -0.009527463392799973, ""volatility"": 0.018351657226489737, ""volume_state"": 16.045949394407348}",assumed_next_daily_close,,1,0000012927,,0.03415205924663001,0.0067138823836755375,-0.009527463392799973,,,,,,,7eff69414c40079dd291efa5,False,,,,,,,,,,,,,,,,,,,,,,,,,,,,,,,,,,,,,,,,,,,,,,,,bounded_preclose_bid_ask,,,,False,not_requested_for_horizon_or_variant,,,no_standard_contract_within_rules,event,protective_put,,no_standard_contract_within_rules,,,True,,H24,1,BA,,primary,0.018351657226489737,16.045949394407348,2024
,,,c1b039f9c59c19f621d3c001,time_value,,,1,1,2024-10-16,2024-10-16,,,700,,,2024-10-17,701,False,,,2024-10-16,,,,,,,"{""market_momentum"": 0.03415205924663001, ""market_volatility"": 0.0067138823836755375, ""momentum"": -0.009527463392799973, ""volatility"": 0.018351657226489737, ""volume_state"": 16.045949394407348}",assumed_next_daily_close,,2,0000012927,,0.03415205924663001,0.0067138823836755375,-0.009527463392799973,,,,,,,7eff69414c40079dd291efa5,False,,,,,,,,,,,,,,,,,,,,,,,,,,,,,,,,,,,,,,,,,,,,,,,,bounded_preclose_bid_ask,,,,False,not_requested_for_horizon_or_variant,,,no_standard_contract_within_rules,event,protective_put,,no_standard_contract_within_rules,,,False,,H24,1,BA,,primary,0.018351657226489737,16.045949394407348,2024
,,,c1b039f9c59c19f621d3c001,time_value,,,1,1,2024-10-16,2024-10-16,,,700,,,2024-10-17,701,False,,,2024-10-16,,,,,,,"{""market_momentum"": 0.03415205924663001, ""market_volatility"": 0.0067138823836755375, ""momentum"": -0.009527463392799973, ""volatility"": 0.018351657226489737, ""volume_state"": 16.045949394407348}",assumed_next_daily_close,,2,0000012927,,0.03415205924663001,0.0067138823836755375,-0.009527463392799973,,,,,,,7eff69414c40079dd291efa5,False,,,,,,,,,,,,,,,,,,,,,,,,,,,,,,,,,,,,,,,,,,,,,,,,bounded_preclose_bid_ask,,,,False,not_requested_for_horizon_or_variant,,,no_standard_contract_within_rules,event,protective_put,,no_standard_contract_within_rules,,,True,,H24,1,BA,,primary,0.018351657226489737,16.045949394407348,2024
,,,c1b039f9c59c19f621d3c001,time_value,,,1,1,2024-10-16,2024-10-16,,,700,,,2024-10-17,701,False,,,2024-10-16,,,,,,,"{""market_momentum"": 0.03415205924663001, ""market_volatility"": 0.0067138823836755375, ""momentum"": -0.009527463392799973, ""volatility"": 0.018351657226489737, ""volume_state"": 16.045949394407348}",assumed_next_daily_close,,3,0000012927,,0.03415205924663001,0.0067138823836755375,-0.009527463392799973,,,,,,,7eff69414c40079dd291efa5,False,,,,,,,,,,,,,,,,,,,,,,,,,,,,,,,,,,,,,,,,,,,,,,,,bounded_preclose_bid_ask,,,,False,not_requested_for_horizon_or_variant,,,no_standard_contract_within_rules,event,protective_put,,no_standard_contract_within_rules,,,False,,H24,1,BA,,primary,0.018351657226489737,16.045949394407348,2024
,,,c1b039f9c59c19f621d3c001,time_value,,,1,1,2024-10-16,2024-10-16,,,700,,,2024-10-17,701,False,,,2024-10-16,,,,,,,"{""market_momentum"": 0.03415205924663001, ""market_volatility"": 0.0067138823836755375, ""momentum"": -0.009527463392799973, ""volatility"": 0.018351657226489737, ""volume_state"": 16.045949394407348}",assumed_next_daily_close,,3,0000012927,,0.03415205924663001,0.0067138823836755375,-0.009527463392799973,,,,,,,7eff69414c40079dd291efa5,False,,,,,,,,,,,,,,,,,,,,,,,,,,,,,,,,,,,,,,,,,,,,,,,,bounded_preclose_bid_ask,,,,False,not_requested_for_horizon_or_variant,,,no_standard_contract_within_rules,event,protective_put,,no_standard_contract_within_rules,,,True,,H24,1,BA,,primary,0.018351657226489737,16.045949394407348,2024
,,,c1b039f9c59c19f621d3c001,time_value,,,1,1,2024-10-16,2024-10-16,,,700,,,2024-10-17,701,False,,,2024-10-16,,,,,,,"{""market_momentum"": 0.03415205924663001, ""market_volatility"": 0.0067138823836755375, ""momentum"": -0.009527463392799973, ""volatility"": 0.018351657226489737, ""volume_state"": 16.045949394407348}",assumed_next_daily_close,,5,0000012927,,0.03415205924663001,0.0067138823836755375,-0.009527463392799973,,,,,,,7eff69414c40079dd291efa5,False,,,,,,,,,,,,,,,,,,,,,,,,,,,,,,,,,,,,,,,,,,,,,,,,bounded_preclose_bid_ask,,,,False,not_requested_for_horizon_or_variant,,,no_standard_contract_within_rules,event,protective_put,,no_standard_contract_within_rules,,,False,,H24,1,BA,,primary,0.018351657226489737,16.045949394407348,2024
,,,c1b039f9c59c19f621d3c001,time_value,,,1,1,2024-10-16,2024-10-16,,,700,,,2024-10-17,701,False,,,2024-10-16,,,,,,,"{""market_momentum"": 0.03415205924663001, ""market_volatility"": 0.0067138823836755375, ""momentum"": -0.009527463392799973, ""volatility"": 0.018351657226489737, ""volume_state"": 16.045949394407348}",assumed_next_daily_close,,5,0000012927,,0.03415205924663001,0.0067138823836755375,-0.009527463392799973,,,,,,,7eff69414c40079dd291efa5,False,,,,,,,,,,,,,,,,,,,,,,,,,,,,,,,,,,,,,,,,,,,,,,,,bounded_preclose_bid_ask,,,,False,not_requested_for_horizon_or_variant,,,no_standard_contract_within_rules,event,protective_put,,no_standard_contract_within_rules,,,True,,H24,1,BA,,primary,0.018351657226489737,16.045949394407348,2024
,,,c1b039f9c59c19f621d3c001,time_value,,,1,1,2024-10-16,2024-10-16,,,700,,,2024-10-17,701,False,,,2024-10-16,,,,,,,"{""market_momentum"": 0.03415205924663001, ""market_volatility"": 0.0067138823836755375, ""momentum"": -0.009527463392799973, ""volatility"": 0.018351657226489737, ""volume_state"": 16.045949394407348}",assumed_next_daily_close,,10,0000012927,,0.03415205924663001,0.0067138823836755375,-0.009527463392799973,,,,,,,7eff69414c40079dd291efa5,False,,,,,,,,,,,,,,,,,,,,,,,,,,,,,,,,,,,,,,,,,,,,,,,,bounded_preclose_bid_ask,,,,False,not_sampled_or_missing_quotes,,,no_standard_contract_within_rules,event,protective_put,,no_standard_contract_within_rules,,,False,,H24,1,BA,,primary,0.018351657226489737,16.045949394407348,2024
,,,c1b039f9c59c19f621d3c001,time_value,,,1,1,2024-10-16,2024-10-16,,,700,,,2024-10-17,701,False,,,2024-10-16,,,,,,,"{""market_momentum"": 0.03415205924663001, ""market_volatility"": 0.0067138823836755375, ""momentum"": -0.009527463392799973, ""volatility"": 0.018351657226489737, ""volume_state"": 16.045949394407348}",assumed_next_daily_close,,10,0000012927,,0.03415205924663001,0.0067138823836755375,-0.009527463392799973,,,,,,,7eff69414c40079dd291efa5,False,,,,,,,,,,,,,,,,,,,,,,,,,,,,,,,,,,,,,,,,,,,,,,,,bounded_preclose_bid_ask,,,,False,not_sampled_or_missing_quotes,,,no_standard_contract_within_rules,event,protective_put,,no_standard_contract_within_rules,,,True,,H24,1,BA,,primary,0.018351657226489737,16.045949394407348,2024
,,,c1b039f9c59c19f621d3c001,time_value,,,1,1,2024-10-16,2024-10-16,,,700,,,2024-10-17,701,False,,,2024-10-16,,,,,,,"{""market_momentum"": 0.03415205924663001, ""market_volatility"": 0.0067138823836755375, ""momentum"": -0.009527463392799973, ""volatility"": 0.018351657226489737, ""volume_state"": 16.045949394407348}",assumed_next_daily_close,,21,0000012927,,0.03415205924663001,0.0067138823836755375,-0.009527463392799973,,,,,,,7eff69414c40079dd291efa5,False,,,,,,,,,,,,,,,,,,,,,,,,,,,,,,,,,,,,,,,,,,,,,,,,bounded_preclose_bid_ask,,,,False,not_requested_for_horizon_or_variant,,,no_standard_contract_within_rules,event,protective_put,,no_standard_contract_within_rules,,,False,,H24,1,BA,,primary,0.018351657226489737,16.045949394407348,2024
,,,c1b039f9c59c19f621d3c001,time_value,,,1,1,2024-10-16,2024-10-16,,,700,,,2024-10-17,701,False,,,2024-10-16,,,,,,,"{""market_momentum"": 0.03415205924663001, ""market_volatility"": 0.0067138823836755375, ""momentum"": -0.009527463392799973, ""volatility"": 0.018351657226489737, ""volume_state"": 16.045949394407348}",assumed_next_daily_close,,21,0000012927,,0.03415205924663001,0.0067138823836755375,-0.009527463392799973,,,,,,,7eff69414c40079dd291efa5,False,,,,,,,,,,,,,,,,,,,,,,,,,,,,,,,,,,,,,,,,,,,,,,,,bounded_preclose_bid_ask,,,,False,not_requested_for_horizon_or_variant,,,no_standard_contract_within_rules,event,protective_put,,no_standard_contract_within_rules,,,True,,H24,1,BA,,primary,0.018351657226489737,16.045949394407348,2024
,,,c1b039f9c59c19f621d3c001,time_value,,,1,1,2024-10-16,2024-10-16,,,700,,,2024-10-17,701,False,,,2024-10-16,,,,,,,"{""market_momentum"": 0.03415205924663001, ""market_volatility"": 0.0067138823836755375, ""momentum"": -0.009527463392799973, ""volatility"": 0.018351657226489737, ""volume_state"": 16.045949394407348}",assumed_next_daily_close,,42,0000012927,,0.03415205924663001,0.0067138823836755375,-0.009527463392799973,,,,,,,7eff69414c40079dd291efa5,False,,,,,,,,,,,,,,,,,,,,,,,,,,,,,,,,,,,,,,,,,,,,,,,,bounded_preclose_bid_ask,,,,False,not_requested_for_horizon_or_variant,,,no_standard_contract_within_rules,event,protective_put,,no_standard_contract_within_rules,,,False,,H24,1,BA,,primary,0.018351657226489737,16.045949394407348,2024
,,,c1b039f9c59c19f621d3c001,time_value,,,1,1,2024-10-16,2024-10-16,,,700,,,2024-10-17,701,False,,,2024-10-16,,,,,,,"{""market_momentum"": 0.03415205924663001, ""market_volatility"": 0.0067138823836755375, ""momentum"": -0.009527463392799973, ""volatility"": 0.018351657226489737, ""volume_state"": 16.045949394407348}",assumed_next_daily_close,,42,0000012927,,0.03415205924663001,0.0067138823836755375,-0.009527463392799973,,,,,,,7eff69414c40079dd291efa5,False,,,,,,,,,,,,,,,,,,,,,,,,,,,,,,,,,,,,,,,,,,,,,,,,bounded_preclose_bid_ask,,,,False,not_requested_for_horizon_or_variant,,,no_standard_contract_within_rules,event,protective_put,,no_standard_contract_within_rules,,,True,,H24,1,BA,,primary,0.018351657226489737,16.045949394407348,2024
,,,c1b039f9c59c19f621d3c001,time_value,,,1,1,2024-10-16,2024-10-16,,,700,,,2024-10-17,701,False,,,2024-10-16,,,,,,,"{""market_momentum"": 0.03415205924663001, ""market_volatility"": 0.0067138823836755375, ""momentum"": -0.009527463392799973, ""volatility"": 0.018351657226489737, ""volume_state"": 16.045949394407348}",assumed_next_daily_close,,63,0000012927,,0.03415205924663001,0.0067138823836755375,-0.009527463392799973,,,,,,,7eff69414c40079dd291efa5,False,,,,,,,,,,,,,,,,,,,,,,,,,,,,,,,,,,,,,,,,,,,,,,,,bounded_preclose_bid_ask,,,,False,not_requested_for_horizon_or_variant,,,no_standard_contract_within_rules,event,protective_put,,no_standard_contract_within_rules,,,False,,H24,1,BA,,primary,0.018351657226489737,16.045949394407348,2024
,,,c1b039f9c59c19f621d3c001,time_value,,,1,1,2024-10-16,2024-10-16,,,700,,,2024-10-17,701,False,,,2024-10-16,,,,,,,"{""market_momentum"": 0.03415205924663001, ""market_volatility"": 0.0067138823836755375, ""momentum"": -0.009527463392799973, ""volatility"": 0.018351657226489737, ""volume_state"": 16.045949394407348}",assumed_next_daily_close,,63,0000012927,,0.03415205924663001,0.0067138823836755375,-0.009527463392799973,,,,,,,7eff69414c40079dd291efa5,False,,,,,,,,,,,,,,,,,,,,,,,,,,,,,,,,,,,,,,,,,,,,,,,,bounded_preclose_bid_ask,,,,False,not_requested_for_horizon_or_variant,,,no_standard_contract_within_rules,event,protective_put,,no_standard_contract_within_rules,,,True,,H24,1,BA,,primary,0.018351657226489737,16.045949394407348,2024
,,,c1b039f9c59c19f621d3c001,time_value,,,1,1,2024-10-16,2024-10-16,,,700,,,2024-10-17,701,False,,,2024-10-16,,,,,,,"{""market_momentum"": 0.03415205924663001, ""market_volatility"": 0.0067138823836755375, ""momentum"": -0.009527463392799973, ""volatility"": 0.018351657226489737, ""volume_state"": 16.045949394407348}",assumed_next_daily_close,,expiry,0000012927,,0.03415205924663001,0.0067138823836755375,-0.009527463392799973,,,,,,,7eff69414c40079dd291efa5,False,,,,,,,,,,,,,,,,,,,,,,,,,,,,,,,,,,,,,,,,,,,,,,,,bounded_preclose_bid_ask,,,,False,not_requested_for_horizon_or_variant,,,no_standard_contract_within_rules,event,protective_put,,no_standard_contract_within_rules,,,False,,H24,1,BA,,primary,0.018351657226489737,16.045949394407348,2024
,,,c1b039f9c59c19f621d3c001,time_value,,,1,1,2024-10-16,2024-10-16,,,700,,,2024-10-17,701,False,,,2024-10-16,,,,,,,"{""market_momentum"": 0.03415205924663001, ""market_volatility"": 0.0067138823836755375, ""momentum"": -0.009527463392799973, ""volatility"": 0.018351657226489737, ""volume_state"": 16.045949394407348}",assumed_next_daily_close,,expiry,0000012927,,0.03415205924663001,0.0067138823836755375,-0.009527463392799973,,,,,,,7eff69414c40079dd291efa5,False,,,,,,,,,,,,,,,,,,,,,,,,,,,,,,,,,,,,,,,,,,,,,,,,bounded_preclose_bid_ask,,,,False,not_requested_for_horizon_or_variant,,,no_standard_contract_within_rules,event,protective_put,,no_standard_contract_within_rules,,,True,,H24,1,BA,,primary,0.018351657226489737,16.045949394407348,2024
,,,c46e7344905c2d83bdd3b18d,time_value,,,1,1,2024-10-01,2024-10-01,,,689,,,2024-10-02,690,False,,,2025-04-01,,,,,,,"{""market_momentum"": 0.008763837638376515, ""market_volatility"": 0.008516893617383467, ""momentum"": 0.0753231017770597, ""volatility"": 0.03037397851474746, ""volume_state"": 17.310388834714}",assumed_next_daily_close,,1,0000002488,,0.008763837638376515,0.008516893617383467,0.0753231017770597,,,,,,,d0f8bb099b163d06e3b72da6,False,,,,,,,,,,,,,,,,,,,,,,,,,,,,,,,,,,,,,,,,,,,,,,,,bounded_preclose_bid_ask,,,,False,not_requested_for_horizon_or_variant,,,no_standard_contract_within_rules,ordinary,covered_call,,no_standard_contract_within_rules,,,False,,H24,1,AMD,,primary,0.03037397851474746,17.310388834714,2024
,,,c46e7344905c2d83bdd3b18d,time_value,,,1,1,2024-10-01,2024-10-01,,,689,,,2024-10-02,690,False,,,2025-04-01,,,,,,,"{""market_momentum"": 0.008763837638376515, ""market_volatility"": 0.008516893617383467, ""momentum"": 0.0753231017770597, ""volatility"": 0.03037397851474746, ""volume_state"": 17.310388834714}",assumed_next_daily_close,,1,0000002488,,0.008763837638376515,0.008516893617383467,0.0753231017770597,,,,,,,d0f8bb099b163d06e3b72da6,False,,,,,,,,,,,,,,,,,,,,,,,,,,,,,,,,,,,,,,,,,,,,,,,,bounded_preclose_bid_ask,,,,False,not_requested_for_horizon_or_variant,,,no_standard_contract_within_rules,ordinary,covered_call,,no_standard_contract_within_rules,,,True,,H24,1,AMD,,primary,0.03037397851474746,17.310388834714,2024
,,,c46e7344905c2d83bdd3b18d,time_value,,,1,1,2024-10-01,2024-10-01,,,689,,,2024-10-02,690,False,,,2025-04-01,,,,,,,"{""market_momentum"": 0.008763837638376515, ""market_volatility"": 0.008516893617383467, ""momentum"": 0.0753231017770597, ""volatility"": 0.03037397851474746, ""volume_state"": 17.310388834714}",assumed_next_daily_close,,2,0000002488,,0.008763837638376515,0.008516893617383467,0.0753231017770597,,,,,,,d0f8bb099b163d06e3b72da6,False,,,,,,,,,,,,,,,,,,,,,,,,,,,,,,,,,,,,,,,,,,,,,,,,bounded_preclose_bid_ask,,,,False,not_requested_for_horizon_or_variant,,,no_standard_contract_within_rules,ordinary,covered_call,,no_standard_contract_within_rules,,,False,,H24,1,AMD,,primary,0.03037397851474746,17.310388834714,2024
,,,c46e7344905c2d83bdd3b18d,time_value,,,1,1,2024-10-01,2024-10-01,,,689,,,2024-10-02,690,False,,,2025-04-01,,,,,,,"{""market_momentum"": 0.008763837638376515, ""market_volatility"": 0.008516893617383467, ""momentum"": 0.0753231017770597, ""volatility"": 0.03037397851474746, ""volume_state"": 17.310388834714}",assumed_next_daily_close,,2,0000002488,,0.008763837638376515,0.008516893617383467,0.0753231017770597,,,,,,,d0f8bb099b163d06e3b72da6,False,,,,,,,,,,,,,,,,,,,,,,,,,,,,,,,,,,,,,,,,,,,,,,,,bounded_preclose_bid_ask,,,,False,not_requested_for_horizon_or_variant,,,no_standard_contract_within_rules,ordinary,covered_call,,no_standard_contract_within_rules,,,True,,H24,1,AMD,,primary,0.03037397851474746,17.310388834714,2024
,,,c46e7344905c2d83bdd3b18d,time_value,,,1,1,2024-10-01,2024-10-01,,,689,,,2024-10-02,690,False,,,2025-04-01,,,,,,,"{""market_momentum"": 0.008763837638376515, ""market_volatility"": 0.008516893617383467, ""momentum"": 0.0753231017770597, ""volatility"": 0.03037397851474746, ""volume_state"": 17.310388834714}",assumed_next_daily_close,,3,0000002488,,0.008763837638376515,0.008516893617383467,0.0753231017770597,,,,,,,d0f8bb099b163d06e3b72da6,False,,,,,,,,,,,,,,,,,,,,,,,,,,,,,,,,,,,,,,,,,,,,,,,,bounded_preclose_bid_ask,,,,False,not_requested_for_horizon_or_variant,,,no_standard_contract_within_rules,ordinary,covered_call,,no_standard_contract_within_rules,,,False,,H24,1,AMD,,primary,0.03037397851474746,17.310388834714,2024
,,,c46e7344905c2d83bdd3b18d,time_value,,,1,1,2024-10-01,2024-10-01,,,689,,,2024-10-02,690,False,,,2025-04-01,,,,,,,"{""market_momentum"": 0.008763837638376515, ""market_volatility"": 0.008516893617383467, ""momentum"": 0.0753231017770597, ""volatility"": 0.03037397851474746, ""volume_state"": 17.310388834714}",assumed_next_daily_close,,3,0000002488,,0.008763837638376515,0.008516893617383467,0.0753231017770597,,,,,,,d0f8bb099b163d06e3b72da6,False,,,,,,,,,,,,,,,,,,,,,,,,,,,,,,,,,,,,,,,,,,,,,,,,bounded_preclose_bid_ask,,,,False,not_requested_for_horizon_or_variant,,,no_standard_contract_within_rules,ordinary,covered_call,,no_standard_contract_within_rules,,,True,,H24,1,AMD,,primary,0.03037397851474746,17.310388834714,2024
,,,c46e7344905c2d83bdd3b18d,time_value,,,1,1,2024-10-01,2024-10-01,,,689,,,2024-10-02,690,False,,,2025-04-01,,,,,,,"{""market_momentum"": 0.008763837638376515, ""market_volatility"": 0.008516893617383467, ""momentum"": 0.0753231017770597, ""volatility"": 0.03037397851474746, ""volume_state"": 17.310388834714}",assumed_next_daily_close,,5,0000002488,,0.008763837638376515,0.008516893617383467,0.0753231017770597,,,,,,,d0f8bb099b163d06e3b72da6,False,,,,,,,,,,,,,,,,,,,,,,,,,,,,,,,,,,,,,,,,,,,,,,,,bounded_preclose_bid_ask,,,,False,not_requested_for_horizon_or_variant,,,no_standard_contract_within_rules,ordinary,covered_call,,no_standard_contract_within_rules,,,False,,H24,1,AMD,,primary,0.03037397851474746,17.310388834714,2024
,,,c46e7344905c2d83bdd3b18d,time_value,,,1,1,2024-10-01,2024-10-01,,,689,,,2024-10-02,690,False,,,2025-04-01,,,,,,,"{""market_momentum"": 0.008763837638376515, ""market_volatility"": 0.008516893617383467, ""momentum"": 0.0753231017770597, ""volatility"": 0.03037397851474746, ""volume_state"": 17.310388834714}",assumed_next_daily_close,,5,0000002488,,0.008763837638376515,0.008516893617383467,0.0753231017770597,,,,,,,d0f8bb099b163d06e3b72da6,False,,,,,,,,,,,,,,,,,,,,,,,,,,,,,,,,,,,,,,,,,,,,,,,,bounded_preclose_bid_ask,,,,False,not_requested_for_horizon_or_variant,,,no_standard_contract_within_rules,ordinary,covered_call,,no_standard_contract_within_rules,,,True,,H24,1,AMD,,primary,0.03037397851474746,17.310388834714,2024
,,,c46e7344905c2d83bdd3b18d,time_value,,,1,1,2024-10-01,2024-10-01,,,689,,,2024-10-02,690,False,,,2025-04-01,,,,,,,"{""market_momentum"": 0.008763837638376515, ""market_volatility"": 0.008516893617383467, ""momentum"": 0.0753231017770597, ""volatility"": 0.03037397851474746, ""volume_state"": 17.310388834714}",assumed_next_daily_close,,10,0000002488,,0.008763837638376515,0.008516893617383467,0.0753231017770597,,,,,,,d0f8bb099b163d06e3b72da6,False,,,,,,,,,,,,,,,,,,,,,,,,,,,,,,,,,,,,,,,,,,,,,,,,bounded_preclose_bid_ask,,,,False,not_sampled_or_missing_quotes,,,no_standard_contract_within_rules,ordinary,covered_call,,no_standard_contract_within_rules,,,False,,H24,1,AMD,,primary,0.03037397851474746,17.310388834714,2024
,,,c46e7344905c2d83bdd3b18d,time_value,,,1,1,2024-10-01,2024-10-01,,,689,,,2024-10-02,690,False,,,2025-04-01,,,,,,,"{""market_momentum"": 0.008763837638376515, ""market_volatility"": 0.008516893617383467, ""momentum"": 0.0753231017770597, ""volatility"": 0.03037397851474746, ""volume_state"": 17.310388834714}",assumed_next_daily_close,,10,0000002488,,0.008763837638376515,0.008516893617383467,0.0753231017770597,,,,,,,d0f8bb099b163d06e3b72da6,False,,,,,,,,,,,,,,,,,,,,,,,,,,,,,,,,,,,,,,,,,,,,,,,,bounded_preclose_bid_ask,,,,False,not_sampled_or_missing_quotes,,,no_standard_contract_within_rules,ordinary,covered_call,,no_standard_contract_within_rules,,,True,,H24,1,AMD,,primary,0.03037397851474746,17.310388834714,2024
,,,c46e7344905c2d83bdd3b18d,time_value,,,1,1,2024-10-01,2024-10-01,,,689,,,2024-10-02,690,False,,,2025-04-01,,,,,,,"{""market_momentum"": 0.008763837638376515, ""market_volatility"": 0.008516893617383467, ""momentum"": 0.0753231017770597, ""volatility"": 0.03037397851474746, ""volume_state"": 17.310388834714}",assumed_next_daily_close,,21,0000002488,,0.008763837638376515,0.008516893617383467,0.0753231017770597,,,,,,,d0f8bb099b163d06e3b72da6,False,,,,,,,,,,,,,,,,,,,,,,,,,,,,,,,,,,,,,,,,,,,,,,,,bounded_preclose_bid_ask,,,,False,not_requested_for_horizon_or_variant,,,no_standard_contract_within_rules,ordinary,covered_call,,no_standard_contract_within_rules,,,False,,H24,1,AMD,,primary,0.03037397851474746,17.310388834714,2024
,,,c46e7344905c2d83bdd3b18d,time_value,,,1,1,2024-10-01,2024-10-01,,,689,,,2024-10-02,690,False,,,2025-04-01,,,,,,,"{""market_momentum"": 0.008763837638376515, ""market_volatility"": 0.008516893617383467, ""momentum"": 0.0753231017770597, ""volatility"": 0.03037397851474746, ""volume_state"": 17.310388834714}",assumed_next_daily_close,,21,0000002488,,0.008763837638376515,0.008516893617383467,0.0753231017770597,,,,,,,d0f8bb099b163d06e3b72da6,False,,,,,,,,,,,,,,,,,,,,,,,,,,,,,,,,,,,,,,,,,,,,,,,,bounded_preclose_bid_ask,,,,False,not_requested_for_horizon_or_variant,,,no_standard_contract_within_rules,ordinary,covered_call,,no_standard_contract_within_rules,,,True,,H24,1,AMD,,primary,0.03037397851474746,17.310388834714,2024
,,,c46e7344905c2d83bdd3b18d,time_value,,,1,1,2024-10-01,2024-10-01,,,689,,,2024-10-02,690,False,,,2025-04-01,,,,,,,"{""market_momentum"": 0.008763837638376515, ""market_volatility"": 0.008516893617383467, ""momentum"": 0.0753231017770597, ""volatility"": 0.03037397851474746, ""volume_state"": 17.310388834714}",assumed_next_daily_close,,42,0000002488,,0.008763837638376515,0.008516893617383467,0.0753231017770597,,,,,,,d0f8bb099b163d06e3b72da6,False,,,,,,,,,,,,,,,,,,,,,,,,,,,,,,,,,,,,,,,,,,,,,,,,bounded_preclose_bid_ask,,,,False,not_requested_for_horizon_or_variant,,,no_standard_contract_within_rules,ordinary,covered_call,,no_standard_contract_within_rules,,,False,,H24,1,AMD,,primary,0.03037397851474746,17.310388834714,2024
,,,c46e7344905c2d83bdd3b18d,time_value,,,1,1,2024-10-01,2024-10-01,,,689,,,2024-10-02,690,False,,,2025-04-01,,,,,,,"{""market_momentum"": 0.008763837638376515, ""market_volatility"": 0.008516893617383467, ""momentum"": 0.0753231017770597, ""volatility"": 0.03037397851474746, ""volume_state"": 17.310388834714}",assumed_next_daily_close,,42,0000002488,,0.008763837638376515,0.008516893617383467,0.0753231017770597,,,,,,,d0f8bb099b163d06e3b72da6,False,,,,,,,,,,,,,,,,,,,,,,,,,,,,,,,,,,,,,,,,,,,,,,,,bounded_preclose_bid_ask,,,,False,not_requested_for_horizon_or_variant,,,no_standard_contract_within_rules,ordinary,covered_call,,no_standard_contract_within_rules,,,True,,H24,1,AMD,,primary,0.03037397851474746,17.310388834714,2024
,,,c46e7344905c2d83bdd3b18d,time_value,,,1,1,2024-10-01,2024-10-01,,,689,,,2024-10-02,690,False,,,2025-04-01,,,,,,,"{""market_momentum"": 0.008763837638376515, ""market_volatility"": 0.008516893617383467, ""momentum"": 0.0753231017770597, ""volatility"": 0.03037397851474746, ""volume_state"": 17.310388834714}",assumed_next_daily_close,,63,0000002488,,0.008763837638376515,0.008516893617383467,0.0753231017770597,,,,,,,d0f8bb099b163d06e3b72da6,False,,,,,,,,,,,,,,,,,,,,,,,,,,,,,,,,,,,,,,,,,,,,,,,,bounded_preclose_bid_ask,,,,False,not_requested_for_horizon_or_variant,,,no_standard_contract_within_rules,ordinary,covered_call,,no_standard_contract_within_rules,,,False,,H24,1,AMD,,primary,0.03037397851474746,17.310388834714,2024
,,,c46e7344905c2d83bdd3b18d,time_value,,,1,1,2024-10-01,2024-10-01,,,689,,,2024-10-02,690,False,,,2025-04-01,,,,,,,"{""market_momentum"": 0.008763837638376515, ""market_volatility"": 0.008516893617383467, ""momentum"": 0.0753231017770597, ""volatility"": 0.03037397851474746, ""volume_state"": 17.310388834714}",assumed_next_daily_close,,63,0000002488,,0.008763837638376515,0.008516893617383467,0.0753231017770597,,,,,,,d0f8bb099b163d06e3b72da6,False,,,,,,,,,,,,,,,,,,,,,,,,,,,,,,,,,,,,,,,,,,,,,,,,bounded_preclose_bid_ask,,,,False,not_requested_for_horizon_or_variant,,,no_standard_contract_within_rules,ordinary,covered_call,,no_standard_contract_within_rules,,,True,,H24,1,AMD,,primary,0.03037397851474746,17.310388834714,2024
,,,c46e7344905c2d83bdd3b18d,time_value,,,1,1,2024-10-01,2024-10-01,,,689,,,2024-10-02,690,False,,,2025-04-01,,,,,,,"{""market_momentum"": 0.008763837638376515, ""market_volatility"": 0.008516893617383467, ""momentum"": 0.0753231017770597, ""volatility"": 0.03037397851474746, ""volume_state"": 17.310388834714}",assumed_next_daily_close,,expiry,0000002488,,0.008763837638376515,0.008516893617383467,0.0753231017770597,,,,,,,d0f8bb099b163d06e3b72da6,False,,,,,,,,,,,,,,,,,,,,,,,,,,,,,,,,,,,,,,,,,,,,,,,,bounded_preclose_bid_ask,,,,False,not_requested_for_horizon_or_variant,,,no_standard_contract_within_rules,ordinary,covered_call,,no_standard_contract_within_rules,,,False,,H24,1,AMD,,primary,0.03037397851474746,17.310388834714,2024
,,,c46e7344905c2d83bdd3b18d,time_value,,,1,1,2024-10-01,2024-10-01,,,689,,,2024-10-02,690,False,,,2025-04-01,,,,,,,"{""market_momentum"": 0.008763837638376515, ""market_volatility"": 0.008516893617383467, ""momentum"": 0.0753231017770597, ""volatility"": 0.03037397851474746, ""volume_state"": 17.310388834714}",assumed_next_daily_close,,expiry,0000002488,,0.008763837638376515,0.008516893617383467,0.0753231017770597,,,,,,,d0f8bb099b163d06e3b72da6,False,,,,,,,,,,,,,,,,,,,,,,,,,,,,,,,,,,,,,,,,,,,,,,,,bounded_preclose_bid_ask,,,,False,not_requested_for_horizon_or_variant,,,no_standard_contract_within_rules,ordinary,covered_call,,no_standard_contract_within_rules,,,True,,H24,1,AMD,,primary,0.03037397851474746,17.310388834714,2024
,,,c6879419ce49369fc3b2820b,time_value,,,1,1,2022-04-13,2022-04-13,,,70,,,2022-04-14,71,False,,,2023-04-13,,,,,,,"{""market_momentum"": 0.04021869207123907, ""market_volatility"": 0.011025001146539834, ""momentum"": 0.007123583378305431, ""volatility"": 0.009759573773813817, ""volume_state"": 15.037809241467128}",assumed_next_daily_close,,1,0000032604,,0.04021869207123907,0.011025001146539834,0.007123583378305431,,,,,,,25fe32f45d20309125728f5d,False,,,,,,,,,,,,,,,,,,,,,,,,,,,,,,,,,,,,,,,,,,,,,,,,bounded_preclose_bid_ask,,,,False,not_requested_for_horizon_or_variant,,,no_standard_contract_within_rules,ordinary,protective_put,,no_standard_contract_within_rules,,,False,,H24,1,EMR,,primary,0.009759573773813817,15.037809241467128,2022
,,,c6879419ce49369fc3b2820b,time_value,,,1,1,2022-04-13,2022-04-13,,,70,,,2022-04-14,71,False,,,2023-04-13,,,,,,,"{""market_momentum"": 0.04021869207123907, ""market_volatility"": 0.011025001146539834, ""momentum"": 0.007123583378305431, ""volatility"": 0.009759573773813817, ""volume_state"": 15.037809241467128}",assumed_next_daily_close,,1,0000032604,,0.04021869207123907,0.011025001146539834,0.007123583378305431,,,,,,,25fe32f45d20309125728f5d,False,,,,,,,,,,,,,,,,,,,,,,,,,,,,,,,,,,,,,,,,,,,,,,,,bounded_preclose_bid_ask,,,,False,not_requested_for_horizon_or_variant,,,no_standard_contract_within_rules,ordinary,protective_put,,no_standard_contract_within_rules,,,True,,H24,1,EMR,,primary,0.009759573773813817,15.037809241467128,2022
,,,c6879419ce49369fc3b2820b,time_value,,,1,1,2022-04-13,2022-04-13,,,70,,,2022-04-14,71,False,,,2023-04-13,,,,,,,"{""market_momentum"": 0.04021869207123907, ""market_volatility"": 0.011025001146539834, ""momentum"": 0.007123583378305431, ""volatility"": 0.009759573773813817, ""volume_state"": 15.037809241467128}",assumed_next_daily_close,,2,0000032604,,0.04021869207123907,0.011025001146539834,0.007123583378305431,,,,,,,25fe32f45d20309125728f5d,False,,,,,,,,,,,,,,,,,,,,,,,,,,,,,,,,,,,,,,,,,,,,,,,,bounded_preclose_bid_ask,,,,False,not_requested_for_horizon_or_variant,,,no_standard_contract_within_rules,ordinary,protective_put,,no_standard_contract_within_rules,,,False,,H24,1,EMR,,primary,0.009759573773813817,15.037809241467128,2022
,,,c6879419ce49369fc3b2820b,time_value,,,1,1,2022-04-13,2022-04-13,,,70,,,2022-04-14,71,False,,,2023-04-13,,,,,,,"{""market_momentum"": 0.04021869207123907, ""market_volatility"": 0.011025001146539834, ""momentum"": 0.007123583378305431, ""volatility"": 0.009759573773813817, ""volume_state"": 15.037809241467128}",assumed_next_daily_close,,2,0000032604,,0.04021869207123907,0.011025001146539834,0.007123583378305431,,,,,,,25fe32f45d20309125728f5d,False,,,,,,,,,,,,,,,,,,,,,,,,,,,,,,,,,,,,,,,,,,,,,,,,bounded_preclose_bid_ask,,,,False,not_requested_for_horizon_or_variant,,,no_standard_contract_within_rules,ordinary,protective_put,,no_standard_contract_within_rules,,,True,,H24,1,EMR,,primary,0.009759573773813817,15.037809241467128,2022
,,,c6879419ce49369fc3b2820b,time_value,,,1,1,2022-04-13,2022-04-13,,,70,,,2022-04-14,71,False,,,2023-04-13,,,,,,,"{""market_momentum"": 0.04021869207123907, ""market_volatility"": 0.011025001146539834, ""momentum"": 0.007123583378305431, ""volatility"": 0.009759573773813817, ""volume_state"": 15.037809241467128}",assumed_next_daily_close,,3,0000032604,,0.04021869207123907,0.011025001146539834,0.007123583378305431,,,,,,,25fe32f45d20309125728f5d,False,,,,,,,,,,,,,,,,,,,,,,,,,,,,,,,,,,,,,,,,,,,,,,,,bounded_preclose_bid_ask,,,,False,not_requested_for_horizon_or_variant,,,no_standard_contract_within_rules,ordinary,protective_put,,no_standard_contract_within_rules,,,False,,H24,1,EMR,,primary,0.009759573773813817,15.037809241467128,2022
,,,c6879419ce49369fc3b2820b,time_value,,,1,1,2022-04-13,2022-04-13,,,70,,,2022-04-14,71,False,,,2023-04-13,,,,,,,"{""market_momentum"": 0.04021869207123907, ""market_volatility"": 0.011025001146539834, ""momentum"": 0.007123583378305431, ""volatility"": 0.009759573773813817, ""volume_state"": 15.037809241467128}",assumed_next_daily_close,,3,0000032604,,0.04021869207123907,0.011025001146539834,0.007123583378305431,,,,,,,25fe32f45d20309125728f5d,False,,,,,,,,,,,,,,,,,,,,,,,,,,,,,,,,,,,,,,,,,,,,,,,,bounded_preclose_bid_ask,,,,False,not_requested_for_horizon_or_variant,,,no_standard_contract_within_rules,ordinary,protective_put,,no_standard_contract_within_rules,,,True,,H24,1,EMR,,primary,0.009759573773813817,15.037809241467128,2022
,,,c6879419ce49369fc3b2820b,time_value,,,1,1,2022-04-13,2022-04-13,,,70,,,2022-04-14,71,False,,,2023-04-13,,,,,,,"{""market_momentum"": 0.04021869207123907, ""market_volatility"": 0.011025001146539834, ""momentum"": 0.007123583378305431, ""volatility"": 0.009759573773813817, ""volume_state"": 15.037809241467128}",assumed_next_daily_close,,5,0000032604,,0.04021869207123907,0.011025001146539834,0.007123583378305431,,,,,,,25fe32f45d20309125728f5d,False,,,,,,,,,,,,,,,,,,,,,,,,,,,,,,,,,,,,,,,,,,,,,,,,bounded_preclose_bid_ask,,,,False,not_requested_for_horizon_or_variant,,,no_standard_contract_within_rules,ordinary,protective_put,,no_standard_contract_within_rules,,,False,,H24,1,EMR,,primary,0.009759573773813817,15.037809241467128,2022
,,,c6879419ce49369fc3b2820b,time_value,,,1,1,2022-04-13,2022-04-13,,,70,,,2022-04-14,71,False,,,2023-04-13,,,,,,,"{""market_momentum"": 0.04021869207123907, ""market_volatility"": 0.011025001146539834, ""momentum"": 0.007123583378305431, ""volatility"": 0.009759573773813817, ""volume_state"": 15.037809241467128}",assumed_next_daily_close,,5,0000032604,,0.04021869207123907,0.011025001146539834,0.007123583378305431,,,,,,,25fe32f45d20309125728f5d,False,,,,,,,,,,,,,,,,,,,,,,,,,,,,,,,,,,,,,,,,,,,,,,,,bounded_preclose_bid_ask,,,,False,not_requested_for_horizon_or_variant,,,no_standard_contract_within_rules,ordinary,protective_put,,no_standard_contract_within_rules,,,True,,H24,1,EMR,,primary,0.009759573773813817,15.037809241467128,2022
,,,c6879419ce49369fc3b2820b,time_value,,,1,1,2022-04-13,2022-04-13,,,70,,,2022-04-14,71,False,,,2023-04-13,,,,,,,"{""market_momentum"": 0.04021869207123907, ""market_volatility"": 0.011025001146539834, ""momentum"": 0.007123583378305431, ""volatility"": 0.009759573773813817, ""volume_state"": 15.037809241467128}",assumed_next_daily_close,,10,0000032604,,0.04021869207123907,0.011025001146539834,0.007123583378305431,,,,,,,25fe32f45d20309125728f5d,False,,,,,,,,,,,,,,,,,,,,,,,,,,,,,,,,,,,,,,,,,,,,,,,,bounded_preclose_bid_ask,,,,False,not_sampled_or_missing_quotes,,,no_standard_contract_within_rules,ordinary,protective_put,,no_standard_contract_within_rules,,,False,,H24,1,EMR,,primary,0.009759573773813817,15.037809241467128,2022
,,,c6879419ce49369fc3b2820b,time_value,,,1,1,2022-04-13,2022-04-13,,,70,,,2022-04-14,71,False,,,2023-04-13,,,,,,,"{""market_momentum"": 0.04021869207123907, ""market_volatility"": 0.011025001146539834, ""momentum"": 0.007123583378305431, ""volatility"": 0.009759573773813817, ""volume_state"": 15.037809241467128}",assumed_next_daily_close,,10,0000032604,,0.04021869207123907,0.011025001146539834,0.007123583378305431,,,,,,,25fe32f45d20309125728f5d,False,,,,,,,,,,,,,,,,,,,,,,,,,,,,,,,,,,,,,,,,,,,,,,,,bounded_preclose_bid_ask,,,,False,not_sampled_or_missing_quotes,,,no_standard_contract_within_rules,ordinary,protective_put,,no_standard_contract_within_rules,,,True,,H24,1,EMR,,primary,0.009759573773813817,15.037809241467128,2022
,,,c6879419ce49369fc3b2820b,time_value,,,1,1,2022-04-13,2022-04-13,,,70,,,2022-04-14,71,False,,,2023-04-13,,,,,,,"{""market_momentum"": 0.04021869207123907, ""market_volatility"": 0.011025001146539834, ""momentum"": 0.007123583378305431, ""volatility"": 0.009759573773813817, ""volume_state"": 15.037809241467128}",assumed_next_daily_close,,21,0000032604,,0.04021869207123907,0.011025001146539834,0.007123583378305431,,,,,,,25fe32f45d20309125728f5d,False,,,,,,,,,,,,,,,,,,,,,,,,,,,,,,,,,,,,,,,,,,,,,,,,bounded_preclose_bid_ask,,,,False,not_requested_for_horizon_or_variant,,,no_standard_contract_within_rules,ordinary,protective_put,,no_standard_contract_within_rules,,,False,,H24,1,EMR,,primary,0.009759573773813817,15.037809241467128,2022
,,,c6879419ce49369fc3b2820b,time_value,,,1,1,2022-04-13,2022-04-13,,,70,,,2022-04-14,71,False,,,2023-04-13,,,,,,,"{""market_momentum"": 0.04021869207123907, ""market_volatility"": 0.011025001146539834, ""momentum"": 0.007123583378305431, ""volatility"": 0.009759573773813817, ""volume_state"": 15.037809241467128}",assumed_next_daily_close,,21,0000032604,,0.04021869207123907,0.011025001146539834,0.007123583378305431,,,,,,,25fe32f45d20309125728f5d,False,,,,,,,,,,,,,,,,,,,,,,,,,,,,,,,,,,,,,,,,,,,,,,,,bounded_preclose_bid_ask,,,,False,not_requested_for_horizon_or_variant,,,no_standard_contract_within_rules,ordinary,protective_put,,no_standard_contract_within_rules,,,True,,H24,1,EMR,,primary,0.009759573773813817,15.037809241467128,2022
,,,c6879419ce49369fc3b2820b,time_value,,,1,1,2022-04-13,2022-04-13,,,70,,,2022-04-14,71,False,,,2023-04-13,,,,,,,"{""market_momentum"": 0.04021869207123907, ""market_volatility"": 0.011025001146539834, ""momentum"": 0.007123583378305431, ""volatility"": 0.009759573773813817, ""volume_state"": 15.037809241467128}",assumed_next_daily_close,,42,0000032604,,0.04021869207123907,0.011025001146539834,0.007123583378305431,,,,,,,25fe32f45d20309125728f5d,False,,,,,,,,,,,,,,,,,,,,,,,,,,,,,,,,,,,,,,,,,,,,,,,,bounded_preclose_bid_ask,,,,False,not_requested_for_horizon_or_variant,,,no_standard_contract_within_rules,ordinary,protective_put,,no_standard_contract_within_rules,,,False,,H24,1,EMR,,primary,0.009759573773813817,15.037809241467128,2022
,,,c6879419ce49369fc3b2820b,time_value,,,1,1,2022-04-13,2022-04-13,,,70,,,2022-04-14,71,False,,,2023-04-13,,,,,,,"{""market_momentum"": 0.04021869207123907, ""market_volatility"": 0.011025001146539834, ""momentum"": 0.007123583378305431, ""volatility"": 0.009759573773813817, ""volume_state"": 15.037809241467128}",assumed_next_daily_close,,42,0000032604,,0.04021869207123907,0.011025001146539834,0.007123583378305431,,,,,,,25fe32f45d20309125728f5d,False,,,,,,,,,,,,,,,,,,,,,,,,,,,,,,,,,,,,,,,,,,,,,,,,bounded_preclose_bid_ask,,,,False,not_requested_for_horizon_or_variant,,,no_standard_contract_within_rules,ordinary,protective_put,,no_standard_contract_within_rules,,,True,,H24,1,EMR,,primary,0.009759573773813817,15.037809241467128,2022
,,,c6879419ce49369fc3b2820b,time_value,,,1,1,2022-04-13,2022-04-13,,,70,,,2022-04-14,71,False,,,2023-04-13,,,,,,,"{""market_momentum"": 0.04021869207123907, ""market_volatility"": 0.011025001146539834, ""momentum"": 0.007123583378305431, ""volatility"": 0.009759573773813817, ""volume_state"": 15.037809241467128}",assumed_next_daily_close,,63,0000032604,,0.04021869207123907,0.011025001146539834,0.007123583378305431,,,,,,,25fe32f45d20309125728f5d,False,,,,,,,,,,,,,,,,,,,,,,,,,,,,,,,,,,,,,,,,,,,,,,,,bounded_preclose_bid_ask,,,,False,not_requested_for_horizon_or_variant,,,no_standard_contract_within_rules,ordinary,protective_put,,no_standard_contract_within_rules,,,False,,H24,1,EMR,,primary,0.009759573773813817,15.037809241467128,2022
,,,c6879419ce49369fc3b2820b,time_value,,,1,1,2022-04-13,2022-04-13,,,70,,,2022-04-14,71,False,,,2023-04-13,,,,,,,"{""market_momentum"": 0.04021869207123907, ""market_volatility"": 0.011025001146539834, ""momentum"": 0.007123583378305431, ""volatility"": 0.009759573773813817, ""volume_state"": 15.037809241467128}",assumed_next_daily_close,,63,0000032604,,0.04021869207123907,0.011025001146539834,0.007123583378305431,,,,,,,25fe32f45d20309125728f5d,False,,,,,,,,,,,,,,,,,,,,,,,,,,,,,,,,,,,,,,,,,,,,,,,,bounded_preclose_bid_ask,,,,False,not_requested_for_horizon_or_variant,,,no_standard_contract_within_rules,ordinary,protective_put,,no_standard_contract_within_rules,,,True,,H24,1,EMR,,primary,0.009759573773813817,15.037809241467128,2022
,,,c6879419ce49369fc3b2820b,time_value,,,1,1,2022-04-13,2022-04-13,,,70,,,2022-04-14,71,False,,,2023-04-13,,,,,,,"{""market_momentum"": 0.04021869207123907, ""market_volatility"": 0.011025001146539834, ""momentum"": 0.007123583378305431, ""volatility"": 0.009759573773813817, ""volume_state"": 15.037809241467128}",assumed_next_daily_close,,expiry,0000032604,,0.04021869207123907,0.011025001146539834,0.007123583378305431,,,,,,,25fe32f45d20309125728f5d,False,,,,,,,,,,,,,,,,,,,,,,,,,,,,,,,,,,,,,,,,,,,,,,,,bounded_preclose_bid_ask,,,,False,not_requested_for_horizon_or_variant,,,no_standard_contract_within_rules,ordinary,protective_put,,no_standard_contract_within_rules,,,False,,H24,1,EMR,,primary,0.009759573773813817,15.037809241467128,2022
,,,c6879419ce49369fc3b2820b,time_value,,,1,1,2022-04-13,2022-04-13,,,70,,,2022-04-14,71,False,,,2023-04-13,,,,,,,"{""market_momentum"": 0.04021869207123907, ""market_volatility"": 0.011025001146539834, ""momentum"": 0.007123583378305431, ""volatility"": 0.009759573773813817, ""volume_state"": 15.037809241467128}",assumed_next_daily_close,,expiry,0000032604,,0.04021869207123907,0.011025001146539834,0.007123583378305431,,,,,,,25fe32f45d20309125728f5d,False,,,,,,,,,,,,,,,,,,,,,,,,,,,,,,,,,,,,,,,,,,,,,,,,bounded_preclose_bid_ask,,,,False,not_requested_for_horizon_or_variant,,,no_standard_contract_within_rules,ordinary,protective_put,,no_standard_contract_within_rules,,,True,,H24,1,EMR,,primary,0.009759573773813817,15.037809241467128,2022
,,,c9d53d437c464f7ad3d82cb4,time_value,,,1,1,2024-10-16,2024-10-16,,,700,,,2024-10-17,701,False,,,2024-10-16,,,,,,,"{""market_momentum"": 0.03415205924663001, ""market_volatility"": 0.0067138823836755375, ""momentum"": -0.009527463392799973, ""volatility"": 0.018351657226489737, ""volume_state"": 16.045949394407348}",assumed_next_daily_close,,1,0000012927,,0.03415205924663001,0.0067138823836755375,-0.009527463392799973,,,,,,,7eff69414c40079dd291efa5,False,,,,,,,,,,,,,,,,,,,,,,,,,,,,,,,,,,,,,,,,,,,,,,,,bounded_preclose_bid_ask,,,,False,not_requested_for_horizon_or_variant,,,no_standard_contract_within_rules,event,covered_call,,no_standard_contract_within_rules,,,False,,H24,1,BA,,primary,0.018351657226489737,16.045949394407348,2024
,,,c9d53d437c464f7ad3d82cb4,time_value,,,1,1,2024-10-16,2024-10-16,,,700,,,2024-10-17,701,False,,,2024-10-16,,,,,,,"{""market_momentum"": 0.03415205924663001, ""market_volatility"": 0.0067138823836755375, ""momentum"": -0.009527463392799973, ""volatility"": 0.018351657226489737, ""volume_state"": 16.045949394407348}",assumed_next_daily_close,,1,0000012927,,0.03415205924663001,0.0067138823836755375,-0.009527463392799973,,,,,,,7eff69414c40079dd291efa5,False,,,,,,,,,,,,,,,,,,,,,,,,,,,,,,,,,,,,,,,,,,,,,,,,bounded_preclose_bid_ask,,,,False,not_requested_for_horizon_or_variant,,,no_standard_contract_within_rules,event,covered_call,,no_standard_contract_within_rules,,,True,,H24,1,BA,,primary,0.018351657226489737,16.045949394407348,2024
,,,c9d53d437c464f7ad3d82cb4,time_value,,,1,1,2024-10-16,2024-10-16,,,700,,,2024-10-17,701,False,,,2024-10-16,,,,,,,"{""market_momentum"": 0.03415205924663001, ""market_volatility"": 0.0067138823836755375, ""momentum"": -0.009527463392799973, ""volatility"": 0.018351657226489737, ""volume_state"": 16.045949394407348}",assumed_next_daily_close,,2,0000012927,,0.03415205924663001,0.0067138823836755375,-0.009527463392799973,,,,,,,7eff69414c40079dd291efa5,False,,,,,,,,,,,,,,,,,,,,,,,,,,,,,,,,,,,,,,,,,,,,,,,,bounded_preclose_bid_ask,,,,False,not_requested_for_horizon_or_variant,,,no_standard_contract_within_rules,event,covered_call,,no_standard_contract_within_rules,,,False,,H24,1,BA,,primary,0.018351657226489737,16.045949394407348,2024
,,,c9d53d437c464f7ad3d82cb4,time_value,,,1,1,2024-10-16,2024-10-16,,,700,,,2024-10-17,701,False,,,2024-10-16,,,,,,,"{""market_momentum"": 0.03415205924663001, ""market_volatility"": 0.0067138823836755375, ""momentum"": -0.009527463392799973, ""volatility"": 0.018351657226489737, ""volume_state"": 16.045949394407348}",assumed_next_daily_close,,2,0000012927,,0.03415205924663001,0.0067138823836755375,-0.009527463392799973,,,,,,,7eff69414c40079dd291efa5,False,,,,,,,,,,,,,,,,,,,,,,,,,,,,,,,,,,,,,,,,,,,,,,,,bounded_preclose_bid_ask,,,,False,not_requested_for_horizon_or_variant,,,no_standard_contract_within_rules,event,covered_call,,no_standard_contract_within_rules,,,True,,H24,1,BA,,primary,0.018351657226489737,16.045949394407348,2024
,,,c9d53d437c464f7ad3d82cb4,time_value,,,1,1,2024-10-16,2024-10-16,,,700,,,2024-10-17,701,False,,,2024-10-16,,,,,,,"{""market_momentum"": 0.03415205924663001, ""market_volatility"": 0.0067138823836755375, ""momentum"": -0.009527463392799973, ""volatility"": 0.018351657226489737, ""volume_state"": 16.045949394407348}",assumed_next_daily_close,,3,0000012927,,0.03415205924663001,0.0067138823836755375,-0.009527463392799973,,,,,,,7eff69414c40079dd291efa5,False,,,,,,,,,,,,,,,,,,,,,,,,,,,,,,,,,,,,,,,,,,,,,,,,bounded_preclose_bid_ask,,,,False,not_requested_for_horizon_or_variant,,,no_standard_contract_within_rules,event,covered_call,,no_standard_contract_within_rules,,,False,,H24,1,BA,,primary,0.018351657226489737,16.045949394407348,2024
,,,c9d53d437c464f7ad3d82cb4,time_value,,,1,1,2024-10-16,2024-10-16,,,700,,,2024-10-17,701,False,,,2024-10-16,,,,,,,"{""market_momentum"": 0.03415205924663001, ""market_volatility"": 0.0067138823836755375, ""momentum"": -0.009527463392799973, ""volatility"": 0.018351657226489737, ""volume_state"": 16.045949394407348}",assumed_next_daily_close,,3,0000012927,,0.03415205924663001,0.0067138823836755375,-0.009527463392799973,,,,,,,7eff69414c40079dd291efa5,False,,,,,,,,,,,,,,,,,,,,,,,,,,,,,,,,,,,,,,,,,,,,,,,,bounded_preclose_bid_ask,,,,False,not_requested_for_horizon_or_variant,,,no_standard_contract_within_rules,event,covered_call,,no_standard_contract_within_rules,,,True,,H24,1,BA,,primary,0.018351657226489737,16.045949394407348,2024
,,,c9d53d437c464f7ad3d82cb4,time_value,,,1,1,2024-10-16,2024-10-16,,,700,,,2024-10-17,701,False,,,2024-10-16,,,,,,,"{""market_momentum"": 0.03415205924663001, ""market_volatility"": 0.0067138823836755375, ""momentum"": -0.009527463392799973, ""volatility"": 0.018351657226489737, ""volume_state"": 16.045949394407348}",assumed_next_daily_close,,5,0000012927,,0.03415205924663001,0.0067138823836755375,-0.009527463392799973,,,,,,,7eff69414c40079dd291efa5,False,,,,,,,,,,,,,,,,,,,,,,,,,,,,,,,,,,,,,,,,,,,,,,,,bounded_preclose_bid_ask,,,,False,not_requested_for_horizon_or_variant,,,no_standard_contract_within_rules,event,covered_call,,no_standard_contract_within_rules,,,False,,H24,1,BA,,primary,0.018351657226489737,16.045949394407348,2024
,,,c9d53d437c464f7ad3d82cb4,time_value,,,1,1,2024-10-16,2024-10-16,,,700,,,2024-10-17,701,False,,,2024-10-16,,,,,,,"{""market_momentum"": 0.03415205924663001, ""market_volatility"": 0.0067138823836755375, ""momentum"": -0.009527463392799973, ""volatility"": 0.018351657226489737, ""volume_state"": 16.045949394407348}",assumed_next_daily_close,,5,0000012927,,0.03415205924663001,0.0067138823836755375,-0.009527463392799973,,,,,,,7eff69414c40079dd291efa5,False,,,,,,,,,,,,,,,,,,,,,,,,,,,,,,,,,,,,,,,,,,,,,,,,bounded_preclose_bid_ask,,,,False,not_requested_for_horizon_or_variant,,,no_standard_contract_within_rules,event,covered_call,,no_standard_contract_within_rules,,,True,,H24,1,BA,,primary,0.018351657226489737,16.045949394407348,2024
,,,c9d53d437c464f7ad3d82cb4,time_value,,,1,1,2024-10-16,2024-10-16,,,700,,,2024-10-17,701,False,,,2024-10-16,,,,,,,"{""market_momentum"": 0.03415205924663001, ""market_volatility"": 0.0067138823836755375, ""momentum"": -0.009527463392799973, ""volatility"": 0.018351657226489737, ""volume_state"": 16.045949394407348}",assumed_next_daily_close,,10,0000012927,,0.03415205924663001,0.0067138823836755375,-0.009527463392799973,,,,,,,7eff69414c40079dd291efa5,False,,,,,,,,,,,,,,,,,,,,,,,,,,,,,,,,,,,,,,,,,,,,,,,,bounded_preclose_bid_ask,,,,False,not_sampled_or_missing_quotes,,,no_standard_contract_within_rules,event,covered_call,,no_standard_contract_within_rules,,,False,,H24,1,BA,,primary,0.018351657226489737,16.045949394407348,2024
,,,c9d53d437c464f7ad3d82cb4,time_value,,,1,1,2024-10-16,2024-10-16,,,700,,,2024-10-17,701,False,,,2024-10-16,,,,,,,"{""market_momentum"": 0.03415205924663001, ""market_volatility"": 0.0067138823836755375, ""momentum"": -0.009527463392799973, ""volatility"": 0.018351657226489737, ""volume_state"": 16.045949394407348}",assumed_next_daily_close,,10,0000012927,,0.03415205924663001,0.0067138823836755375,-0.009527463392799973,,,,,,,7eff69414c40079dd291efa5,False,,,,,,,,,,,,,,,,,,,,,,,,,,,,,,,,,,,,,,,,,,,,,,,,bounded_preclose_bid_ask,,,,False,not_sampled_or_missing_quotes,,,no_standard_contract_within_rules,event,covered_call,,no_standard_contract_within_rules,,,True,,H24,1,BA,,primary,0.018351657226489737,16.045949394407348,2024
,,,c9d53d437c464f7ad3d82cb4,time_value,,,1,1,2024-10-16,2024-10-16,,,700,,,2024-10-17,701,False,,,2024-10-16,,,,,,,"{""market_momentum"": 0.03415205924663001, ""market_volatility"": 0.0067138823836755375, ""momentum"": -0.009527463392799973, ""volatility"": 0.018351657226489737, ""volume_state"": 16.045949394407348}",assumed_next_daily_close,,21,0000012927,,0.03415205924663001,0.0067138823836755375,-0.009527463392799973,,,,,,,7eff69414c40079dd291efa5,False,,,,,,,,,,,,,,,,,,,,,,,,,,,,,,,,,,,,,,,,,,,,,,,,bounded_preclose_bid_ask,,,,False,not_requested_for_horizon_or_variant,,,no_standard_contract_within_rules,event,covered_call,,no_standard_contract_within_rules,,,False,,H24,1,BA,,primary,0.018351657226489737,16.045949394407348,2024
,,,c9d53d437c464f7ad3d82cb4,time_value,,,1,1,2024-10-16,2024-10-16,,,700,,,2024-10-17,701,False,,,2024-10-16,,,,,,,"{""market_momentum"": 0.03415205924663001, ""market_volatility"": 0.0067138823836755375, ""momentum"": -0.009527463392799973, ""volatility"": 0.018351657226489737, ""volume_state"": 16.045949394407348}",assumed_next_daily_close,,21,0000012927,,0.03415205924663001,0.0067138823836755375,-0.009527463392799973,,,,,,,7eff69414c40079dd291efa5,False,,,,,,,,,,,,,,,,,,,,,,,,,,,,,,,,,,,,,,,,,,,,,,,,bounded_preclose_bid_ask,,,,False,not_requested_for_horizon_or_variant,,,no_standard_contract_within_rules,event,covered_call,,no_standard_contract_within_rules,,,True,,H24,1,BA,,primary,0.018351657226489737,16.045949394407348,2024
,,,c9d53d437c464f7ad3d82cb4,time_value,,,1,1,2024-10-16,2024-10-16,,,700,,,2024-10-17,701,False,,,2024-10-16,,,,,,,"{""market_momentum"": 0.03415205924663001, ""market_volatility"": 0.0067138823836755375, ""momentum"": -0.009527463392799973, ""volatility"": 0.018351657226489737, ""volume_state"": 16.045949394407348}",assumed_next_daily_close,,42,0000012927,,0.03415205924663001,0.0067138823836755375,-0.009527463392799973,,,,,,,7eff69414c40079dd291efa5,False,,,,,,,,,,,,,,,,,,,,,,,,,,,,,,,,,,,,,,,,,,,,,,,,bounded_preclose_bid_ask,,,,False,not_requested_for_horizon_or_variant,,,no_standard_contract_within_rules,event,covered_call,,no_standard_contract_within_rules,,,False,,H24,1,BA,,primary,0.018351657226489737,16.045949394407348,2024
,,,c9d53d437c464f7ad3d82cb4,time_value,,,1,1,2024-10-16,2024-10-16,,,700,,,2024-10-17,701,False,,,2024-10-16,,,,,,,"{""market_momentum"": 0.03415205924663001, ""market_volatility"": 0.0067138823836755375, ""momentum"": -0.009527463392799973, ""volatility"": 0.018351657226489737, ""volume_state"": 16.045949394407348}",assumed_next_daily_close,,42,0000012927,,0.03415205924663001,0.0067138823836755375,-0.009527463392799973,,,,,,,7eff69414c40079dd291efa5,False,,,,,,,,,,,,,,,,,,,,,,,,,,,,,,,,,,,,,,,,,,,,,,,,bounded_preclose_bid_ask,,,,False,not_requested_for_horizon_or_variant,,,no_standard_contract_within_rules,event,covered_call,,no_standard_contract_within_rules,,,True,,H24,1,BA,,primary,0.018351657226489737,16.045949394407348,2024
,,,c9d53d437c464f7ad3d82cb4,time_value,,,1,1,2024-10-16,2024-10-16,,,700,,,2024-10-17,701,False,,,2024-10-16,,,,,,,"{""market_momentum"": 0.03415205924663001, ""market_volatility"": 0.0067138823836755375, ""momentum"": -0.009527463392799973, ""volatility"": 0.018351657226489737, ""volume_state"": 16.045949394407348}",assumed_next_daily_close,,63,0000012927,,0.03415205924663001,0.0067138823836755375,-0.009527463392799973,,,,,,,7eff69414c40079dd291efa5,False,,,,,,,,,,,,,,,,,,,,,,,,,,,,,,,,,,,,,,,,,,,,,,,,bounded_preclose_bid_ask,,,,False,not_requested_for_horizon_or_variant,,,no_standard_contract_within_rules,event,covered_call,,no_standard_contract_within_rules,,,False,,H24,1,BA,,primary,0.018351657226489737,16.045949394407348,2024
,,,c9d53d437c464f7ad3d82cb4,time_value,,,1,1,2024-10-16,2024-10-16,,,700,,,2024-10-17,701,False,,,2024-10-16,,,,,,,"{""market_momentum"": 0.03415205924663001, ""market_volatility"": 0.0067138823836755375, ""momentum"": -0.009527463392799973, ""volatility"": 0.018351657226489737, ""volume_state"": 16.045949394407348}",assumed_next_daily_close,,63,0000012927,,0.03415205924663001,0.0067138823836755375,-0.009527463392799973,,,,,,,7eff69414c40079dd291efa5,False,,,,,,,,,,,,,,,,,,,,,,,,,,,,,,,,,,,,,,,,,,,,,,,,bounded_preclose_bid_ask,,,,False,not_requested_for_horizon_or_variant,,,no_standard_contract_within_rules,event,covered_call,,no_standard_contract_within_rules,,,True,,H24,1,BA,,primary,0.018351657226489737,16.045949394407348,2024
,,,c9d53d437c464f7ad3d82cb4,time_value,,,1,1,2024-10-16,2024-10-16,,,700,,,2024-10-17,701,False,,,2024-10-16,,,,,,,"{""market_momentum"": 0.03415205924663001, ""market_volatility"": 0.0067138823836755375, ""momentum"": -0.009527463392799973, ""volatility"": 0.018351657226489737, ""volume_state"": 16.045949394407348}",assumed_next_daily_close,,expiry,0000012927,,0.03415205924663001,0.0067138823836755375,-0.009527463392799973,,,,,,,7eff69414c40079dd291efa5,False,,,,,,,,,,,,,,,,,,,,,,,,,,,,,,,,,,,,,,,,,,,,,,,,bounded_preclose_bid_ask,,,,False,not_requested_for_horizon_or_variant,,,no_standard_contract_within_rules,event,covered_call,,no_standard_contract_within_rules,,,False,,H24,1,BA,,primary,0.018351657226489737,16.045949394407348,2024
,,,c9d53d437c464f7ad3d82cb4,time_value,,,1,1,2024-10-16,2024-10-16,,,700,,,2024-10-17,701,False,,,2024-10-16,,,,,,,"{""market_momentum"": 0.03415205924663001, ""market_volatility"": 0.0067138823836755375, ""momentum"": -0.009527463392799973, ""volatility"": 0.018351657226489737, ""volume_state"": 16.045949394407348}",assumed_next_daily_close,,expiry,0000012927,,0.03415205924663001,0.0067138823836755375,-0.009527463392799973,,,,,,,7eff69414c40079dd291efa5,False,,,,,,,,,,,,,,,,,,,,,,,,,,,,,,,,,,,,,,,,,,,,,,,,bounded_preclose_bid_ask,,,,False,not_requested_for_horizon_or_variant,,,no_standard_contract_within_rules,event,covered_call,,no_standard_contract_within_rules,,,True,,H24,1,BA,,primary,0.018351657226489737,16.045949394407348,2024
,,,d00ba07879627b096bda9812,time_value,,,1,1,2024-02-21,2024-02-21,,,535,,,2024-02-22,536,False,,,2024-09-30,,,,,,,"{""market_momentum"": 0.028462095356293293, ""market_volatility"": 0.007411212209138988, ""momentum"": -0.008374241986716657, ""volatility"": 0.011768076407691303, ""volume_state"": 15.202990323357675}",assumed_next_daily_close,,1,0000005272,,0.028462095356293293,0.007411212209138988,-0.008374241986716657,,,,,,,eeb423168686504948212846,False,,,,,,,,,,,,,,,,,,,,,,,,,,,,,,,,,,,,,,,,,,,,,,,,bounded_preclose_bid_ask,,,,False,not_requested_for_horizon_or_variant,,,missing_decision_or_entry_bar,ordinary,covered_call,,missing_decision_or_entry_bar,,,False,,H24,1,AIG,,primary,0.011768076407691303,15.202990323357675,2024
,,,d00ba07879627b096bda9812,time_value,,,1,1,2024-02-21,2024-02-21,,,535,,,2024-02-22,536,False,,,2024-09-30,,,,,,,"{""market_momentum"": 0.028462095356293293, ""market_volatility"": 0.007411212209138988, ""momentum"": -0.008374241986716657, ""volatility"": 0.011768076407691303, ""volume_state"": 15.202990323357675}",assumed_next_daily_close,,1,0000005272,,0.028462095356293293,0.007411212209138988,-0.008374241986716657,,,,,,,eeb423168686504948212846,False,,,,,,,,,,,,,,,,,,,,,,,,,,,,,,,,,,,,,,,,,,,,,,,,bounded_preclose_bid_ask,,,,False,not_requested_for_horizon_or_variant,,,missing_decision_or_entry_bar,ordinary,covered_call,,missing_decision_or_entry_bar,,,True,,H24,1,AIG,,primary,0.011768076407691303,15.202990323357675,2024
,,,d00ba07879627b096bda9812,time_value,,,1,1,2024-02-21,2024-02-21,,,535,,,2024-02-22,536,False,,,2024-09-30,,,,,,,"{""market_momentum"": 0.028462095356293293, ""market_volatility"": 0.007411212209138988, ""momentum"": -0.008374241986716657, ""volatility"": 0.011768076407691303, ""volume_state"": 15.202990323357675}",assumed_next_daily_close,,2,0000005272,,0.028462095356293293,0.007411212209138988,-0.008374241986716657,,,,,,,eeb423168686504948212846,False,,,,,,,,,,,,,,,,,,,,,,,,,,,,,,,,,,,,,,,,,,,,,,,,bounded_preclose_bid_ask,,,,False,not_requested_for_horizon_or_variant,,,missing_decision_or_entry_bar,ordinary,covered_call,,missing_decision_or_entry_bar,,,False,,H24,1,AIG,,primary,0.011768076407691303,15.202990323357675,2024
,,,d00ba07879627b096bda9812,time_value,,,1,1,2024-02-21,2024-02-21,,,535,,,2024-02-22,536,False,,,2024-09-30,,,,,,,"{""market_momentum"": 0.028462095356293293, ""market_volatility"": 0.007411212209138988, ""momentum"": -0.008374241986716657, ""volatility"": 0.011768076407691303, ""volume_state"": 15.202990323357675}",assumed_next_daily_close,,2,0000005272,,0.028462095356293293,0.007411212209138988,-0.008374241986716657,,,,,,,eeb423168686504948212846,False,,,,,,,,,,,,,,,,,,,,,,,,,,,,,,,,,,,,,,,,,,,,,,,,bounded_preclose_bid_ask,,,,False,not_requested_for_horizon_or_variant,,,missing_decision_or_entry_bar,ordinary,covered_call,,missing_decision_or_entry_bar,,,True,,H24,1,AIG,,primary,0.011768076407691303,15.202990323357675,2024
,,,d00ba07879627b096bda9812,time_value,,,1,1,2024-02-21,2024-02-21,,,535,,,2024-02-22,536,False,,,2024-09-30,,,,,,,"{""market_momentum"": 0.028462095356293293, ""market_volatility"": 0.007411212209138988, ""momentum"": -0.008374241986716657, ""volatility"": 0.011768076407691303, ""volume_state"": 15.202990323357675}",assumed_next_daily_close,,3,0000005272,,0.028462095356293293,0.007411212209138988,-0.008374241986716657,,,,,,,eeb423168686504948212846,False,,,,,,,,,,,,,,,,,,,,,,,,,,,,,,,,,,,,,,,,,,,,,,,,bounded_preclose_bid_ask,,,,False,not_requested_for_horizon_or_variant,,,missing_decision_or_entry_bar,ordinary,covered_call,,missing_decision_or_entry_bar,,,False,,H24,1,AIG,,primary,0.011768076407691303,15.202990323357675,2024
,,,d00ba07879627b096bda9812,time_value,,,1,1,2024-02-21,2024-02-21,,,535,,,2024-02-22,536,False,,,2024-09-30,,,,,,,"{""market_momentum"": 0.028462095356293293, ""market_volatility"": 0.007411212209138988, ""momentum"": -0.008374241986716657, ""volatility"": 0.011768076407691303, ""volume_state"": 15.202990323357675}",assumed_next_daily_close,,3,0000005272,,0.028462095356293293,0.007411212209138988,-0.008374241986716657,,,,,,,eeb423168686504948212846,False,,,,,,,,,,,,,,,,,,,,,,,,,,,,,,,,,,,,,,,,,,,,,,,,bounded_preclose_bid_ask,,,,False,not_requested_for_horizon_or_variant,,,missing_decision_or_entry_bar,ordinary,covered_call,,missing_decision_or_entry_bar,,,True,,H24,1,AIG,,primary,0.011768076407691303,15.202990323357675,2024
,,,d00ba07879627b096bda9812,time_value,,,1,1,2024-02-21,2024-02-21,,,535,,,2024-02-22,536,False,,,2024-09-30,,,,,,,"{""market_momentum"": 0.028462095356293293, ""market_volatility"": 0.007411212209138988, ""momentum"": -0.008374241986716657, ""volatility"": 0.011768076407691303, ""volume_state"": 15.202990323357675}",assumed_next_daily_close,,5,0000005272,,0.028462095356293293,0.007411212209138988,-0.008374241986716657,,,,,,,eeb423168686504948212846,False,,,,,,,,,,,,,,,,,,,,,,,,,,,,,,,,,,,,,,,,,,,,,,,,bounded_preclose_bid_ask,,,,False,not_requested_for_horizon_or_variant,,,missing_decision_or_entry_bar,ordinary,covered_call,,missing_decision_or_entry_bar,,,False,,H24,1,AIG,,primary,0.011768076407691303,15.202990323357675,2024
,,,d00ba07879627b096bda9812,time_value,,,1,1,2024-02-21,2024-02-21,,,535,,,2024-02-22,536,False,,,2024-09-30,,,,,,,"{""market_momentum"": 0.028462095356293293, ""market_volatility"": 0.007411212209138988, ""momentum"": -0.008374241986716657, ""volatility"": 0.011768076407691303, ""volume_state"": 15.202990323357675}",assumed_next_daily_close,,5,0000005272,,0.028462095356293293,0.007411212209138988,-0.008374241986716657,,,,,,,eeb423168686504948212846,False,,,,,,,,,,,,,,,,,,,,,,,,,,,,,,,,,,,,,,,,,,,,,,,,bounded_preclose_bid_ask,,,,False,not_requested_for_horizon_or_variant,,,missing_decision_or_entry_bar,ordinary,covered_call,,missing_decision_or_entry_bar,,,True,,H24,1,AIG,,primary,0.011768076407691303,15.202990323357675,2024
,,,d00ba07879627b096bda9812,time_value,,,1,1,2024-02-21,2024-02-21,,,535,,,2024-02-22,536,False,,,2024-09-30,,,,,,,"{""market_momentum"": 0.028462095356293293, ""market_volatility"": 0.007411212209138988, ""momentum"": -0.008374241986716657, ""volatility"": 0.011768076407691303, ""volume_state"": 15.202990323357675}",assumed_next_daily_close,,10,0000005272,,0.028462095356293293,0.007411212209138988,-0.008374241986716657,,,,,,,eeb423168686504948212846,False,,,,,,,,,,,,,,,,,,,,,,,,,,,,,,,,,,,,,,,,,,,,,,,,bounded_preclose_bid_ask,,,,False,bar_outcome_not_completed,,,missing_decision_or_entry_bar,ordinary,covered_call,,missing_decision_or_entry_bar,,,False,,H24,1,AIG,,primary,0.011768076407691303,15.202990323357675,2024
,,,d00ba07879627b096bda9812,time_value,,,1,1,2024-02-21,2024-02-21,,,535,,,2024-02-22,536,False,,,2024-09-30,,,,,,,"{""market_momentum"": 0.028462095356293293, ""market_volatility"": 0.007411212209138988, ""momentum"": -0.008374241986716657, ""volatility"": 0.011768076407691303, ""volume_state"": 15.202990323357675}",assumed_next_daily_close,,10,0000005272,,0.028462095356293293,0.007411212209138988,-0.008374241986716657,,,,,,,eeb423168686504948212846,False,,,,,,,,,,,,,,,,,,,,,,,,,,,,,,,,,,,,,,,,,,,,,,,,bounded_preclose_bid_ask,,,,False,bar_outcome_not_completed,,,missing_decision_or_entry_bar,ordinary,covered_call,,missing_decision_or_entry_bar,,,True,,H24,1,AIG,,primary,0.011768076407691303,15.202990323357675,2024
,,,d00ba07879627b096bda9812,time_value,,,1,1,2024-02-21,2024-02-21,,,535,,,2024-02-22,536,False,,,2024-09-30,,,,,,,"{""market_momentum"": 0.028462095356293293, ""market_volatility"": 0.007411212209138988, ""momentum"": -0.008374241986716657, ""volatility"": 0.011768076407691303, ""volume_state"": 15.202990323357675}",assumed_next_daily_close,,21,0000005272,,0.028462095356293293,0.007411212209138988,-0.008374241986716657,,,,,,,eeb423168686504948212846,False,,,,,,,,,,,,,,,,,,,,,,,,,,,,,,,,,,,,,,,,,,,,,,,,bounded_preclose_bid_ask,,,,False,not_requested_for_horizon_or_variant,,,missing_decision_or_entry_bar,ordinary,covered_call,,missing_decision_or_entry_bar,,,False,,H24,1,AIG,,primary,0.011768076407691303,15.202990323357675,2024
,,,d00ba07879627b096bda9812,time_value,,,1,1,2024-02-21,2024-02-21,,,535,,,2024-02-22,536,False,,,2024-09-30,,,,,,,"{""market_momentum"": 0.028462095356293293, ""market_volatility"": 0.007411212209138988, ""momentum"": -0.008374241986716657, ""volatility"": 0.011768076407691303, ""volume_state"": 15.202990323357675}",assumed_next_daily_close,,21,0000005272,,0.028462095356293293,0.007411212209138988,-0.008374241986716657,,,,,,,eeb423168686504948212846,False,,,,,,,,,,,,,,,,,,,,,,,,,,,,,,,,,,,,,,,,,,,,,,,,bounded_preclose_bid_ask,,,,False,not_requested_for_horizon_or_variant,,,missing_decision_or_entry_bar,ordinary,covered_call,,missing_decision_or_entry_bar,,,True,,H24,1,AIG,,primary,0.011768076407691303,15.202990323357675,2024
,,,d00ba07879627b096bda9812,time_value,,,1,1,2024-02-21,2024-02-21,,,535,,,2024-02-22,536,False,,,2024-09-30,,,,,,,"{""market_momentum"": 0.028462095356293293, ""market_volatility"": 0.007411212209138988, ""momentum"": -0.008374241986716657, ""volatility"": 0.011768076407691303, ""volume_state"": 15.202990323357675}",assumed_next_daily_close,,42,0000005272,,0.028462095356293293,0.007411212209138988,-0.008374241986716657,,,,,,,eeb423168686504948212846,False,,,,,,,,,,,,,,,,,,,,,,,,,,,,,,,,,,,,,,,,,,,,,,,,bounded_preclose_bid_ask,,,,False,not_requested_for_horizon_or_variant,,,missing_decision_or_entry_bar,ordinary,covered_call,,missing_decision_or_entry_bar,,,False,,H24,1,AIG,,primary,0.011768076407691303,15.202990323357675,2024
,,,d00ba07879627b096bda9812,time_value,,,1,1,2024-02-21,2024-02-21,,,535,,,2024-02-22,536,False,,,2024-09-30,,,,,,,"{""market_momentum"": 0.028462095356293293, ""market_volatility"": 0.007411212209138988, ""momentum"": -0.008374241986716657, ""volatility"": 0.011768076407691303, ""volume_state"": 15.202990323357675}",assumed_next_daily_close,,42,0000005272,,0.028462095356293293,0.007411212209138988,-0.008374241986716657,,,,,,,eeb423168686504948212846,False,,,,,,,,,,,,,,,,,,,,,,,,,,,,,,,,,,,,,,,,,,,,,,,,bounded_preclose_bid_ask,,,,False,not_requested_for_horizon_or_variant,,,missing_decision_or_entry_bar,ordinary,covered_call,,missing_decision_or_entry_bar,,,True,,H24,1,AIG,,primary,0.011768076407691303,15.202990323357675,2024
,,,d00ba07879627b096bda9812,time_value,,,1,1,2024-02-21,2024-02-21,,,535,,,2024-02-22,536,False,,,2024-09-30,,,,,,,"{""market_momentum"": 0.028462095356293293, ""market_volatility"": 0.007411212209138988, ""momentum"": -0.008374241986716657, ""volatility"": 0.011768076407691303, ""volume_state"": 15.202990323357675}",assumed_next_daily_close,,63,0000005272,,0.028462095356293293,0.007411212209138988,-0.008374241986716657,,,,,,,eeb423168686504948212846,False,,,,,,,,,,,,,,,,,,,,,,,,,,,,,,,,,,,,,,,,,,,,,,,,bounded_preclose_bid_ask,,,,False,not_requested_for_horizon_or_variant,,,missing_decision_or_entry_bar,ordinary,covered_call,,missing_decision_or_entry_bar,,,False,,H24,1,AIG,,primary,0.011768076407691303,15.202990323357675,2024
,,,d00ba07879627b096bda9812,time_value,,,1,1,2024-02-21,2024-02-21,,,535,,,2024-02-22,536,False,,,2024-09-30,,,,,,,"{""market_momentum"": 0.028462095356293293, ""market_volatility"": 0.007411212209138988, ""momentum"": -0.008374241986716657, ""volatility"": 0.011768076407691303, ""volume_state"": 15.202990323357675}",assumed_next_daily_close,,63,0000005272,,0.028462095356293293,0.007411212209138988,-0.008374241986716657,,,,,,,eeb423168686504948212846,False,,,,,,,,,,,,,,,,,,,,,,,,,,,,,,,,,,,,,,,,,,,,,,,,bounded_preclose_bid_ask,,,,False,not_requested_for_horizon_or_variant,,,missing_decision_or_entry_bar,ordinary,covered_call,,missing_decision_or_entry_bar,,,True,,H24,1,AIG,,primary,0.011768076407691303,15.202990323357675,2024
,,,d00ba07879627b096bda9812,time_value,,,1,1,2024-02-21,2024-02-21,,,535,,,2024-02-22,536,False,,,2024-09-30,,,,,,,"{""market_momentum"": 0.028462095356293293, ""market_volatility"": 0.007411212209138988, ""momentum"": -0.008374241986716657, ""volatility"": 0.011768076407691303, ""volume_state"": 15.202990323357675}",assumed_next_daily_close,,expiry,0000005272,,0.028462095356293293,0.007411212209138988,-0.008374241986716657,,,,,,,eeb423168686504948212846,False,,,,,,,,,,,,,,,,,,,,,,,,,,,,,,,,,,,,,,,,,,,,,,,,bounded_preclose_bid_ask,,,,False,not_requested_for_horizon_or_variant,,,missing_decision_or_entry_bar,ordinary,covered_call,,missing_decision_or_entry_bar,,,False,,H24,1,AIG,,primary,0.011768076407691303,15.202990323357675,2024
,,,d00ba07879627b096bda9812,time_value,,,1,1,2024-02-21,2024-02-21,,,535,,,2024-02-22,536,False,,,2024-09-30,,,,,,,"{""market_momentum"": 0.028462095356293293, ""market_volatility"": 0.007411212209138988, ""momentum"": -0.008374241986716657, ""volatility"": 0.011768076407691303, ""volume_state"": 15.202990323357675}",assumed_next_daily_close,,expiry,0000005272,,0.028462095356293293,0.007411212209138988,-0.008374241986716657,,,,,,,eeb423168686504948212846,False,,,,,,,,,,,,,,,,,,,,,,,,,,,,,,,,,,,,,,,,,,,,,,,,bounded_preclose_bid_ask,,,,False,not_requested_for_horizon_or_variant,,,missing_decision_or_entry_bar,ordinary,covered_call,,missing_decision_or_entry_bar,,,True,,H24,1,AIG,,primary,0.011768076407691303,15.202990323357675,2024
,,,d8473ca83834f710abff4a02,time_value,,,1,1,2022-03-03,2022-03-03,,,41,,,2022-03-04,42,False,,,2022-03-03,,,,,,,"{""market_momentum"": -0.038061596202671355, ""market_volatility"": 0.01412167311146602, ""momentum"": 0.02199289460328191, ""volatility"": 0.025196043922983757, ""volume_state"": 15.519648004922356}",assumed_next_daily_close,,1,0000005272,,-0.038061596202671355,0.01412167311146602,0.02199289460328191,,,,,,,9393ba4a20730534bcd65838,False,,,,,,,,,,,,,,,,,,,,,,,,,,,,,,,,,,,,,,,,,,,,,,,,bounded_preclose_bid_ask,,,,False,not_requested_for_horizon_or_variant,,,no_standard_contract_within_rules,event,covered_call,,no_standard_contract_within_rules,,,False,,H24,1,AIG,,primary,0.025196043922983757,15.519648004922356,2022
,,,d8473ca83834f710abff4a02,time_value,,,1,1,2022-03-03,2022-03-03,,,41,,,2022-03-04,42,False,,,2022-03-03,,,,,,,"{""market_momentum"": -0.038061596202671355, ""market_volatility"": 0.01412167311146602, ""momentum"": 0.02199289460328191, ""volatility"": 0.025196043922983757, ""volume_state"": 15.519648004922356}",assumed_next_daily_close,,1,0000005272,,-0.038061596202671355,0.01412167311146602,0.02199289460328191,,,,,,,9393ba4a20730534bcd65838,False,,,,,,,,,,,,,,,,,,,,,,,,,,,,,,,,,,,,,,,,,,,,,,,,bounded_preclose_bid_ask,,,,False,not_requested_for_horizon_or_variant,,,no_standard_contract_within_rules,event,covered_call,,no_standard_contract_within_rules,,,True,,H24,1,AIG,,primary,0.025196043922983757,15.519648004922356,2022
,,,d8473ca83834f710abff4a02,time_value,,,1,1,2022-03-03,2022-03-03,,,41,,,2022-03-04,42,False,,,2022-03-03,,,,,,,"{""market_momentum"": -0.038061596202671355, ""market_volatility"": 0.01412167311146602, ""momentum"": 0.02199289460328191, ""volatility"": 0.025196043922983757, ""volume_state"": 15.519648004922356}",assumed_next_daily_close,,2,0000005272,,-0.038061596202671355,0.01412167311146602,0.02199289460328191,,,,,,,9393ba4a20730534bcd65838,False,,,,,,,,,,,,,,,,,,,,,,,,,,,,,,,,,,,,,,,,,,,,,,,,bounded_preclose_bid_ask,,,,False,not_requested_for_horizon_or_variant,,,no_standard_contract_within_rules,event,covered_call,,no_standard_contract_within_rules,,,False,,H24,1,AIG,,primary,0.025196043922983757,15.519648004922356,2022
,,,d8473ca83834f710abff4a02,time_value,,,1,1,2022-03-03,2022-03-03,,,41,,,2022-03-04,42,False,,,2022-03-03,,,,,,,"{""market_momentum"": -0.038061596202671355, ""market_volatility"": 0.01412167311146602, ""momentum"": 0.02199289460328191, ""volatility"": 0.025196043922983757, ""volume_state"": 15.519648004922356}",assumed_next_daily_close,,2,0000005272,,-0.038061596202671355,0.01412167311146602,0.02199289460328191,,,,,,,9393ba4a20730534bcd65838,False,,,,,,,,,,,,,,,,,,,,,,,,,,,,,,,,,,,,,,,,,,,,,,,,bounded_preclose_bid_ask,,,,False,not_requested_for_horizon_or_variant,,,no_standard_contract_within_rules,event,covered_call,,no_standard_contract_within_rules,,,True,,H24,1,AIG,,primary,0.025196043922983757,15.519648004922356,2022
,,,d8473ca83834f710abff4a02,time_value,,,1,1,2022-03-03,2022-03-03,,,41,,,2022-03-04,42,False,,,2022-03-03,,,,,,,"{""market_momentum"": -0.038061596202671355, ""market_volatility"": 0.01412167311146602, ""momentum"": 0.02199289460328191, ""volatility"": 0.025196043922983757, ""volume_state"": 15.519648004922356}",assumed_next_daily_close,,3,0000005272,,-0.038061596202671355,0.01412167311146602,0.02199289460328191,,,,,,,9393ba4a20730534bcd65838,False,,,,,,,,,,,,,,,,,,,,,,,,,,,,,,,,,,,,,,,,,,,,,,,,bounded_preclose_bid_ask,,,,False,not_requested_for_horizon_or_variant,,,no_standard_contract_within_rules,event,covered_call,,no_standard_contract_within_rules,,,False,,H24,1,AIG,,primary,0.025196043922983757,15.519648004922356,2022
,,,d8473ca83834f710abff4a02,time_value,,,1,1,2022-03-03,2022-03-03,,,41,,,2022-03-04,42,False,,,2022-03-03,,,,,,,"{""market_momentum"": -0.038061596202671355, ""market_volatility"": 0.01412167311146602, ""momentum"": 0.02199289460328191, ""volatility"": 0.025196043922983757, ""volume_state"": 15.519648004922356}",assumed_next_daily_close,,3,0000005272,,-0.038061596202671355,0.01412167311146602,0.02199289460328191,,,,,,,9393ba4a20730534bcd65838,False,,,,,,,,,,,,,,,,,,,,,,,,,,,,,,,,,,,,,,,,,,,,,,,,bounded_preclose_bid_ask,,,,False,not_requested_for_horizon_or_variant,,,no_standard_contract_within_rules,event,covered_call,,no_standard_contract_within_rules,,,True,,H24,1,AIG,,primary,0.025196043922983757,15.519648004922356,2022
,,,d8473ca83834f710abff4a02,time_value,,,1,1,2022-03-03,2022-03-03,,,41,,,2022-03-04,42,False,,,2022-03-03,,,,,,,"{""market_momentum"": -0.038061596202671355, ""market_volatility"": 0.01412167311146602, ""momentum"": 0.02199289460328191, ""volatility"": 0.025196043922983757, ""volume_state"": 15.519648004922356}",assumed_next_daily_close,,5,0000005272,,-0.038061596202671355,0.01412167311146602,0.02199289460328191,,,,,,,9393ba4a20730534bcd65838,False,,,,,,,,,,,,,,,,,,,,,,,,,,,,,,,,,,,,,,,,,,,,,,,,bounded_preclose_bid_ask,,,,False,not_requested_for_horizon_or_variant,,,no_standard_contract_within_rules,event,covered_call,,no_standard_contract_within_rules,,,False,,H24,1,AIG,,primary,0.025196043922983757,15.519648004922356,2022
,,,d8473ca83834f710abff4a02,time_value,,,1,1,2022-03-03,2022-03-03,,,41,,,2022-03-04,42,False,,,2022-03-03,,,,,,,"{""market_momentum"": -0.038061596202671355, ""market_volatility"": 0.01412167311146602, ""momentum"": 0.02199289460328191, ""volatility"": 0.025196043922983757, ""volume_state"": 15.519648004922356}",assumed_next_daily_close,,5,0000005272,,-0.038061596202671355,0.01412167311146602,0.02199289460328191,,,,,,,9393ba4a20730534bcd65838,False,,,,,,,,,,,,,,,,,,,,,,,,,,,,,,,,,,,,,,,,,,,,,,,,bounded_preclose_bid_ask,,,,False,not_requested_for_horizon_or_variant,,,no_standard_contract_within_rules,event,covered_call,,no_standard_contract_within_rules,,,True,,H24,1,AIG,,primary,0.025196043922983757,15.519648004922356,2022
,,,d8473ca83834f710abff4a02,time_value,,,1,1,2022-03-03,2022-03-03,,,41,,,2022-03-04,42,False,,,2022-03-03,,,,,,,"{""market_momentum"": -0.038061596202671355, ""market_volatility"": 0.01412167311146602, ""momentum"": 0.02199289460328191, ""volatility"": 0.025196043922983757, ""volume_state"": 15.519648004922356}",assumed_next_daily_close,,10,0000005272,,-0.038061596202671355,0.01412167311146602,0.02199289460328191,,,,,,,9393ba4a20730534bcd65838,False,,,,,,,,,,,,,,,,,,,,,,,,,,,,,,,,,,,,,,,,,,,,,,,,bounded_preclose_bid_ask,,,,False,not_sampled_or_missing_quotes,,,no_standard_contract_within_rules,event,covered_call,,no_standard_contract_within_rules,,,False,,H24,1,AIG,,primary,0.025196043922983757,15.519648004922356,2022
,,,d8473ca83834f710abff4a02,time_value,,,1,1,2022-03-03,2022-03-03,,,41,,,2022-03-04,42,False,,,2022-03-03,,,,,,,"{""market_momentum"": -0.038061596202671355, ""market_volatility"": 0.01412167311146602, ""momentum"": 0.02199289460328191, ""volatility"": 0.025196043922983757, ""volume_state"": 15.519648004922356}",assumed_next_daily_close,,10,0000005272,,-0.038061596202671355,0.01412167311146602,0.02199289460328191,,,,,,,9393ba4a20730534bcd65838,False,,,,,,,,,,,,,,,,,,,,,,,,,,,,,,,,,,,,,,,,,,,,,,,,bounded_preclose_bid_ask,,,,False,not_sampled_or_missing_quotes,,,no_standard_contract_within_rules,event,covered_call,,no_standard_contract_within_rules,,,True,,H24,1,AIG,,primary,0.025196043922983757,15.519648004922356,2022
,,,d8473ca83834f710abff4a02,time_value,,,1,1,2022-03-03,2022-03-03,,,41,,,2022-03-04,42,False,,,2022-03-03,,,,,,,"{""market_momentum"": -0.038061596202671355, ""market_volatility"": 0.01412167311146602, ""momentum"": 0.02199289460328191, ""volatility"": 0.025196043922983757, ""volume_state"": 15.519648004922356}",assumed_next_daily_close,,21,0000005272,,-0.038061596202671355,0.01412167311146602,0.02199289460328191,,,,,,,9393ba4a20730534bcd65838,False,,,,,,,,,,,,,,,,,,,,,,,,,,,,,,,,,,,,,,,,,,,,,,,,bounded_preclose_bid_ask,,,,False,not_requested_for_horizon_or_variant,,,no_standard_contract_within_rules,event,covered_call,,no_standard_contract_within_rules,,,False,,H24,1,AIG,,primary,0.025196043922983757,15.519648004922356,2022
,,,d8473ca83834f710abff4a02,time_value,,,1,1,2022-03-03,2022-03-03,,,41,,,2022-03-04,42,False,,,2022-03-03,,,,,,,"{""market_momentum"": -0.038061596202671355, ""market_volatility"": 0.01412167311146602, ""momentum"": 0.02199289460328191, ""volatility"": 0.025196043922983757, ""volume_state"": 15.519648004922356}",assumed_next_daily_close,,21,0000005272,,-0.038061596202671355,0.01412167311146602,0.02199289460328191,,,,,,,9393ba4a20730534bcd65838,False,,,,,,,,,,,,,,,,,,,,,,,,,,,,,,,,,,,,,,,,,,,,,,,,bounded_preclose_bid_ask,,,,False,not_requested_for_horizon_or_variant,,,no_standard_contract_within_rules,event,covered_call,,no_standard_contract_within_rules,,,True,,H24,1,AIG,,primary,0.025196043922983757,15.519648004922356,2022
,,,d8473ca83834f710abff4a02,time_value,,,1,1,2022-03-03,2022-03-03,,,41,,,2022-03-04,42,False,,,2022-03-03,,,,,,,"{""market_momentum"": -0.038061596202671355, ""market_volatility"": 0.01412167311146602, ""momentum"": 0.02199289460328191, ""volatility"": 0.025196043922983757, ""volume_state"": 15.519648004922356}",assumed_next_daily_close,,42,0000005272,,-0.038061596202671355,0.01412167311146602,0.02199289460328191,,,,,,,9393ba4a20730534bcd65838,False,,,,,,,,,,,,,,,,,,,,,,,,,,,,,,,,,,,,,,,,,,,,,,,,bounded_preclose_bid_ask,,,,False,not_requested_for_horizon_or_variant,,,no_standard_contract_within_rules,event,covered_call,,no_standard_contract_within_rules,,,False,,H24,1,AIG,,primary,0.025196043922983757,15.519648004922356,2022
,,,d8473ca83834f710abff4a02,time_value,,,1,1,2022-03-03,2022-03-03,,,41,,,2022-03-04,42,False,,,2022-03-03,,,,,,,"{""market_momentum"": -0.038061596202671355, ""market_volatility"": 0.01412167311146602, ""momentum"": 0.02199289460328191, ""volatility"": 0.025196043922983757, ""volume_state"": 15.519648004922356}",assumed_next_daily_close,,42,0000005272,,-0.038061596202671355,0.01412167311146602,0.02199289460328191,,,,,,,9393ba4a20730534bcd65838,False,,,,,,,,,,,,,,,,,,,,,,,,,,,,,,,,,,,,,,,,,,,,,,,,bounded_preclose_bid_ask,,,,False,not_requested_for_horizon_or_variant,,,no_standard_contract_within_rules,event,covered_call,,no_standard_contract_within_rules,,,True,,H24,1,AIG,,primary,0.025196043922983757,15.519648004922356,2022
,,,d8473ca83834f710abff4a02,time_value,,,1,1,2022-03-03,2022-03-03,,,41,,,2022-03-04,42,False,,,2022-03-03,,,,,,,"{""market_momentum"": -0.038061596202671355, ""market_volatility"": 0.01412167311146602, ""momentum"": 0.02199289460328191, ""volatility"": 0.025196043922983757, ""volume_state"": 15.519648004922356}",assumed_next_daily_close,,63,0000005272,,-0.038061596202671355,0.01412167311146602,0.02199289460328191,,,,,,,9393ba4a20730534bcd65838,False,,,,,,,,,,,,,,,,,,,,,,,,,,,,,,,,,,,,,,,,,,,,,,,,bounded_preclose_bid_ask,,,,False,not_requested_for_horizon_or_variant,,,no_standard_contract_within_rules,event,covered_call,,no_standard_contract_within_rules,,,False,,H24,1,AIG,,primary,0.025196043922983757,15.519648004922356,2022
,,,d8473ca83834f710abff4a02,time_value,,,1,1,2022-03-03,2022-03-03,,,41,,,2022-03-04,42,False,,,2022-03-03,,,,,,,"{""market_momentum"": -0.038061596202671355, ""market_volatility"": 0.01412167311146602, ""momentum"": 0.02199289460328191, ""volatility"": 0.025196043922983757, ""volume_state"": 15.519648004922356}",assumed_next_daily_close,,63,0000005272,,-0.038061596202671355,0.01412167311146602,0.02199289460328191,,,,,,,9393ba4a20730534bcd65838,False,,,,,,,,,,,,,,,,,,,,,,,,,,,,,,,,,,,,,,,,,,,,,,,,bounded_preclose_bid_ask,,,,False,not_requested_for_horizon_or_variant,,,no_standard_contract_within_rules,event,covered_call,,no_standard_contract_within_rules,,,True,,H24,1,AIG,,primary,0.025196043922983757,15.519648004922356,2022
,,,d8473ca83834f710abff4a02,time_value,,,1,1,2022-03-03,2022-03-03,,,41,,,2022-03-04,42,False,,,2022-03-03,,,,,,,"{""market_momentum"": -0.038061596202671355, ""market_volatility"": 0.01412167311146602, ""momentum"": 0.02199289460328191, ""volatility"": 0.025196043922983757, ""volume_state"": 15.519648004922356}",assumed_next_daily_close,,expiry,0000005272,,-0.038061596202671355,0.01412167311146602,0.02199289460328191,,,,,,,9393ba4a20730534bcd65838,False,,,,,,,,,,,,,,,,,,,,,,,,,,,,,,,,,,,,,,,,,,,,,,,,bounded_preclose_bid_ask,,,,False,not_requested_for_horizon_or_variant,,,no_standard_contract_within_rules,event,covered_call,,no_standard_contract_within_rules,,,False,,H24,1,AIG,,primary,0.025196043922983757,15.519648004922356,2022
,,,d8473ca83834f710abff4a02,time_value,,,1,1,2022-03-03,2022-03-03,,,41,,,2022-03-04,42,False,,,2022-03-03,,,,,,,"{""market_momentum"": -0.038061596202671355, ""market_volatility"": 0.01412167311146602, ""momentum"": 0.02199289460328191, ""volatility"": 0.025196043922983757, ""volume_state"": 15.519648004922356}",assumed_next_daily_close,,expiry,0000005272,,-0.038061596202671355,0.01412167311146602,0.02199289460328191,,,,,,,9393ba4a20730534bcd65838,False,,,,,,,,,,,,,,,,,,,,,,,,,,,,,,,,,,,,,,,,,,,,,,,,bounded_preclose_bid_ask,,,,False,not_requested_for_horizon_or_variant,,,no_standard_contract_within_rules,event,covered_call,,no_standard_contract_within_rules,,,True,,H24,1,AIG,,primary,0.025196043922983757,15.519648004922356,2022
,,,dc0dbaf5f51e17447dd93cab,time_value,,,1,1,2022-04-13,2022-04-13,,,70,,,2022-04-14,71,False,,,2023-04-13,,,,,,,"{""market_momentum"": 0.04021869207123907, ""market_volatility"": 0.011025001146539834, ""momentum"": 0.007123583378305431, ""volatility"": 0.009759573773813817, ""volume_state"": 15.037809241467128}",assumed_next_daily_close,,1,0000032604,,0.04021869207123907,0.011025001146539834,0.007123583378305431,,,,,,,25fe32f45d20309125728f5d,False,,,,,,,,,,,,,,,,,,,,,,,,,,,,,,,,,,,,,,,,,,,,,,,,bounded_preclose_bid_ask,,,,False,not_requested_for_horizon_or_variant,,,missing_decision_or_entry_bar,ordinary,covered_call,,missing_decision_or_entry_bar,,,False,,H24,1,EMR,,primary,0.009759573773813817,15.037809241467128,2022
,,,dc0dbaf5f51e17447dd93cab,time_value,,,1,1,2022-04-13,2022-04-13,,,70,,,2022-04-14,71,False,,,2023-04-13,,,,,,,"{""market_momentum"": 0.04021869207123907, ""market_volatility"": 0.011025001146539834, ""momentum"": 0.007123583378305431, ""volatility"": 0.009759573773813817, ""volume_state"": 15.037809241467128}",assumed_next_daily_close,,1,0000032604,,0.04021869207123907,0.011025001146539834,0.007123583378305431,,,,,,,25fe32f45d20309125728f5d,False,,,,,,,,,,,,,,,,,,,,,,,,,,,,,,,,,,,,,,,,,,,,,,,,bounded_preclose_bid_ask,,,,False,not_requested_for_horizon_or_variant,,,missing_decision_or_entry_bar,ordinary,covered_call,,missing_decision_or_entry_bar,,,True,,H24,1,EMR,,primary,0.009759573773813817,15.037809241467128,2022
,,,dc0dbaf5f51e17447dd93cab,time_value,,,1,1,2022-04-13,2022-04-13,,,70,,,2022-04-14,71,False,,,2023-04-13,,,,,,,"{""market_momentum"": 0.04021869207123907, ""market_volatility"": 0.011025001146539834, ""momentum"": 0.007123583378305431, ""volatility"": 0.009759573773813817, ""volume_state"": 15.037809241467128}",assumed_next_daily_close,,2,0000032604,,0.04021869207123907,0.011025001146539834,0.007123583378305431,,,,,,,25fe32f45d20309125728f5d,False,,,,,,,,,,,,,,,,,,,,,,,,,,,,,,,,,,,,,,,,,,,,,,,,bounded_preclose_bid_ask,,,,False,not_requested_for_horizon_or_variant,,,missing_decision_or_entry_bar,ordinary,covered_call,,missing_decision_or_entry_bar,,,False,,H24,1,EMR,,primary,0.009759573773813817,15.037809241467128,2022
,,,dc0dbaf5f51e17447dd93cab,time_value,,,1,1,2022-04-13,2022-04-13,,,70,,,2022-04-14,71,False,,,2023-04-13,,,,,,,"{""market_momentum"": 0.04021869207123907, ""market_volatility"": 0.011025001146539834, ""momentum"": 0.007123583378305431, ""volatility"": 0.009759573773813817, ""volume_state"": 15.037809241467128}",assumed_next_daily_close,,2,0000032604,,0.04021869207123907,0.011025001146539834,0.007123583378305431,,,,,,,25fe32f45d20309125728f5d,False,,,,,,,,,,,,,,,,,,,,,,,,,,,,,,,,,,,,,,,,,,,,,,,,bounded_preclose_bid_ask,,,,False,not_requested_for_horizon_or_variant,,,missing_decision_or_entry_bar,ordinary,covered_call,,missing_decision_or_entry_bar,,,True,,H24,1,EMR,,primary,0.009759573773813817,15.037809241467128,2022
,,,dc0dbaf5f51e17447dd93cab,time_value,,,1,1,2022-04-13,2022-04-13,,,70,,,2022-04-14,71,False,,,2023-04-13,,,,,,,"{""market_momentum"": 0.04021869207123907, ""market_volatility"": 0.011025001146539834, ""momentum"": 0.007123583378305431, ""volatility"": 0.009759573773813817, ""volume_state"": 15.037809241467128}",assumed_next_daily_close,,3,0000032604,,0.04021869207123907,0.011025001146539834,0.007123583378305431,,,,,,,25fe32f45d20309125728f5d,False,,,,,,,,,,,,,,,,,,,,,,,,,,,,,,,,,,,,,,,,,,,,,,,,bounded_preclose_bid_ask,,,,False,not_requested_for_horizon_or_variant,,,missing_decision_or_entry_bar,ordinary,covered_call,,missing_decision_or_entry_bar,,,False,,H24,1,EMR,,primary,0.009759573773813817,15.037809241467128,2022
,,,dc0dbaf5f51e17447dd93cab,time_value,,,1,1,2022-04-13,2022-04-13,,,70,,,2022-04-14,71,False,,,2023-04-13,,,,,,,"{""market_momentum"": 0.04021869207123907, ""market_volatility"": 0.011025001146539834, ""momentum"": 0.007123583378305431, ""volatility"": 0.009759573773813817, ""volume_state"": 15.037809241467128}",assumed_next_daily_close,,3,0000032604,,0.04021869207123907,0.011025001146539834,0.007123583378305431,,,,,,,25fe32f45d20309125728f5d,False,,,,,,,,,,,,,,,,,,,,,,,,,,,,,,,,,,,,,,,,,,,,,,,,bounded_preclose_bid_ask,,,,False,not_requested_for_horizon_or_variant,,,missing_decision_or_entry_bar,ordinary,covered_call,,missing_decision_or_entry_bar,,,True,,H24,1,EMR,,primary,0.009759573773813817,15.037809241467128,2022
,,,dc0dbaf5f51e17447dd93cab,time_value,,,1,1,2022-04-13,2022-04-13,,,70,,,2022-04-14,71,False,,,2023-04-13,,,,,,,"{""market_momentum"": 0.04021869207123907, ""market_volatility"": 0.011025001146539834, ""momentum"": 0.007123583378305431, ""volatility"": 0.009759573773813817, ""volume_state"": 15.037809241467128}",assumed_next_daily_close,,5,0000032604,,0.04021869207123907,0.011025001146539834,0.007123583378305431,,,,,,,25fe32f45d20309125728f5d,False,,,,,,,,,,,,,,,,,,,,,,,,,,,,,,,,,,,,,,,,,,,,,,,,bounded_preclose_bid_ask,,,,False,not_requested_for_horizon_or_variant,,,missing_decision_or_entry_bar,ordinary,covered_call,,missing_decision_or_entry_bar,,,False,,H24,1,EMR,,primary,0.009759573773813817,15.037809241467128,2022
,,,dc0dbaf5f51e17447dd93cab,time_value,,,1,1,2022-04-13,2022-04-13,,,70,,,2022-04-14,71,False,,,2023-04-13,,,,,,,"{""market_momentum"": 0.04021869207123907, ""market_volatility"": 0.011025001146539834, ""momentum"": 0.007123583378305431, ""volatility"": 0.009759573773813817, ""volume_state"": 15.037809241467128}",assumed_next_daily_close,,5,0000032604,,0.04021869207123907,0.011025001146539834,0.007123583378305431,,,,,,,25fe32f45d20309125728f5d,False,,,,,,,,,,,,,,,,,,,,,,,,,,,,,,,,,,,,,,,,,,,,,,,,bounded_preclose_bid_ask,,,,False,not_requested_for_horizon_or_variant,,,missing_decision_or_entry_bar,ordinary,covered_call,,missing_decision_or_entry_bar,,,True,,H24,1,EMR,,primary,0.009759573773813817,15.037809241467128,2022
,,,dc0dbaf5f51e17447dd93cab,time_value,,,1,1,2022-04-13,2022-04-13,,,70,,,2022-04-14,71,False,,,2023-04-13,,,,,,,"{""market_momentum"": 0.04021869207123907, ""market_volatility"": 0.011025001146539834, ""momentum"": 0.007123583378305431, ""volatility"": 0.009759573773813817, ""volume_state"": 15.037809241467128}",assumed_next_daily_close,,10,0000032604,,0.04021869207123907,0.011025001146539834,0.007123583378305431,,,,,,,25fe32f45d20309125728f5d,False,,,,,,,,,,,,,,,,,,,,,,,,,,,,,,,,,,,,,,,,,,,,,,,,bounded_preclose_bid_ask,,,,False,bar_outcome_not_completed,,,missing_decision_or_entry_bar,ordinary,covered_call,,missing_decision_or_entry_bar,,,False,,H24,1,EMR,,primary,0.009759573773813817,15.037809241467128,2022
,,,dc0dbaf5f51e17447dd93cab,time_value,,,1,1,2022-04-13,2022-04-13,,,70,,,2022-04-14,71,False,,,2023-04-13,,,,,,,"{""market_momentum"": 0.04021869207123907, ""market_volatility"": 0.011025001146539834, ""momentum"": 0.007123583378305431, ""volatility"": 0.009759573773813817, ""volume_state"": 15.037809241467128}",assumed_next_daily_close,,10,0000032604,,0.04021869207123907,0.011025001146539834,0.007123583378305431,,,,,,,25fe32f45d20309125728f5d,False,,,,,,,,,,,,,,,,,,,,,,,,,,,,,,,,,,,,,,,,,,,,,,,,bounded_preclose_bid_ask,,,,False,bar_outcome_not_completed,,,missing_decision_or_entry_bar,ordinary,covered_call,,missing_decision_or_entry_bar,,,True,,H24,1,EMR,,primary,0.009759573773813817,15.037809241467128,2022
,,,dc0dbaf5f51e17447dd93cab,time_value,,,1,1,2022-04-13,2022-04-13,,,70,,,2022-04-14,71,False,,,2023-04-13,,,,,,,"{""market_momentum"": 0.04021869207123907, ""market_volatility"": 0.011025001146539834, ""momentum"": 0.007123583378305431, ""volatility"": 0.009759573773813817, ""volume_state"": 15.037809241467128}",assumed_next_daily_close,,21,0000032604,,0.04021869207123907,0.011025001146539834,0.007123583378305431,,,,,,,25fe32f45d20309125728f5d,False,,,,,,,,,,,,,,,,,,,,,,,,,,,,,,,,,,,,,,,,,,,,,,,,bounded_preclose_bid_ask,,,,False,not_requested_for_horizon_or_variant,,,missing_decision_or_entry_bar,ordinary,covered_call,,missing_decision_or_entry_bar,,,False,,H24,1,EMR,,primary,0.009759573773813817,15.037809241467128,2022
,,,dc0dbaf5f51e17447dd93cab,time_value,,,1,1,2022-04-13,2022-04-13,,,70,,,2022-04-14,71,False,,,2023-04-13,,,,,,,"{""market_momentum"": 0.04021869207123907, ""market_volatility"": 0.011025001146539834, ""momentum"": 0.007123583378305431, ""volatility"": 0.009759573773813817, ""volume_state"": 15.037809241467128}",assumed_next_daily_close,,21,0000032604,,0.04021869207123907,0.011025001146539834,0.007123583378305431,,,,,,,25fe32f45d20309125728f5d,False,,,,,,,,,,,,,,,,,,,,,,,,,,,,,,,,,,,,,,,,,,,,,,,,bounded_preclose_bid_ask,,,,False,not_requested_for_horizon_or_variant,,,missing_decision_or_entry_bar,ordinary,covered_call,,missing_decision_or_entry_bar,,,True,,H24,1,EMR,,primary,0.009759573773813817,15.037809241467128,2022
,,,dc0dbaf5f51e17447dd93cab,time_value,,,1,1,2022-04-13,2022-04-13,,,70,,,2022-04-14,71,False,,,2023-04-13,,,,,,,"{""market_momentum"": 0.04021869207123907, ""market_volatility"": 0.011025001146539834, ""momentum"": 0.007123583378305431, ""volatility"": 0.009759573773813817, ""volume_state"": 15.037809241467128}",assumed_next_daily_close,,42,0000032604,,0.04021869207123907,0.011025001146539834,0.007123583378305431,,,,,,,25fe32f45d20309125728f5d,False,,,,,,,,,,,,,,,,,,,,,,,,,,,,,,,,,,,,,,,,,,,,,,,,bounded_preclose_bid_ask,,,,False,not_requested_for_horizon_or_variant,,,missing_decision_or_entry_bar,ordinary,covered_call,,missing_decision_or_entry_bar,,,False,,H24,1,EMR,,primary,0.009759573773813817,15.037809241467128,2022
,,,dc0dbaf5f51e17447dd93cab,time_value,,,1,1,2022-04-13,2022-04-13,,,70,,,2022-04-14,71,False,,,2023-04-13,,,,,,,"{""market_momentum"": 0.04021869207123907, ""market_volatility"": 0.011025001146539834, ""momentum"": 0.007123583378305431, ""volatility"": 0.009759573773813817, ""volume_state"": 15.037809241467128}",assumed_next_daily_close,,42,0000032604,,0.04021869207123907,0.011025001146539834,0.007123583378305431,,,,,,,25fe32f45d20309125728f5d,False,,,,,,,,,,,,,,,,,,,,,,,,,,,,,,,,,,,,,,,,,,,,,,,,bounded_preclose_bid_ask,,,,False,not_requested_for_horizon_or_variant,,,missing_decision_or_entry_bar,ordinary,covered_call,,missing_decision_or_entry_bar,,,True,,H24,1,EMR,,primary,0.009759573773813817,15.037809241467128,2022
,,,dc0dbaf5f51e17447dd93cab,time_value,,,1,1,2022-04-13,2022-04-13,,,70,,,2022-04-14,71,False,,,2023-04-13,,,,,,,"{""market_momentum"": 0.04021869207123907, ""market_volatility"": 0.011025001146539834, ""momentum"": 0.007123583378305431, ""volatility"": 0.009759573773813817, ""volume_state"": 15.037809241467128}",assumed_next_daily_close,,63,0000032604,,0.04021869207123907,0.011025001146539834,0.007123583378305431,,,,,,,25fe32f45d20309125728f5d,False,,,,,,,,,,,,,,,,,,,,,,,,,,,,,,,,,,,,,,,,,,,,,,,,bounded_preclose_bid_ask,,,,False,not_requested_for_horizon_or_variant,,,missing_decision_or_entry_bar,ordinary,covered_call,,missing_decision_or_entry_bar,,,False,,H24,1,EMR,,primary,0.009759573773813817,15.037809241467128,2022
,,,dc0dbaf5f51e17447dd93cab,time_value,,,1,1,2022-04-13,2022-04-13,,,70,,,2022-04-14,71,False,,,2023-04-13,,,,,,,"{""market_momentum"": 0.04021869207123907, ""market_volatility"": 0.011025001146539834, ""momentum"": 0.007123583378305431, ""volatility"": 0.009759573773813817, ""volume_state"": 15.037809241467128}",assumed_next_daily_close,,63,0000032604,,0.04021869207123907,0.011025001146539834,0.007123583378305431,,,,,,,25fe32f45d20309125728f5d,False,,,,,,,,,,,,,,,,,,,,,,,,,,,,,,,,,,,,,,,,,,,,,,,,bounded_preclose_bid_ask,,,,False,not_requested_for_horizon_or_variant,,,missing_decision_or_entry_bar,ordinary,covered_call,,missing_decision_or_entry_bar,,,True,,H24,1,EMR,,primary,0.009759573773813817,15.037809241467128,2022
,,,dc0dbaf5f51e17447dd93cab,time_value,,,1,1,2022-04-13,2022-04-13,,,70,,,2022-04-14,71,False,,,2023-04-13,,,,,,,"{""market_momentum"": 0.04021869207123907, ""market_volatility"": 0.011025001146539834, ""momentum"": 0.007123583378305431, ""volatility"": 0.009759573773813817, ""volume_state"": 15.037809241467128}",assumed_next_daily_close,,expiry,0000032604,,0.04021869207123907,0.011025001146539834,0.007123583378305431,,,,,,,25fe32f45d20309125728f5d,False,,,,,,,,,,,,,,,,,,,,,,,,,,,,,,,,,,,,,,,,,,,,,,,,bounded_preclose_bid_ask,,,,False,not_requested_for_horizon_or_variant,,,missing_decision_or_entry_bar,ordinary,covered_call,,missing_decision_or_entry_bar,,,False,,H24,1,EMR,,primary,0.009759573773813817,15.037809241467128,2022
,,,dc0dbaf5f51e17447dd93cab,time_value,,,1,1,2022-04-13,2022-04-13,,,70,,,2022-04-14,71,False,,,2023-04-13,,,,,,,"{""market_momentum"": 0.04021869207123907, ""market_volatility"": 0.011025001146539834, ""momentum"": 0.007123583378305431, ""volatility"": 0.009759573773813817, ""volume_state"": 15.037809241467128}",assumed_next_daily_close,,expiry,0000032604,,0.04021869207123907,0.011025001146539834,0.007123583378305431,,,,,,,25fe32f45d20309125728f5d,False,,,,,,,,,,,,,,,,,,,,,,,,,,,,,,,,,,,,,,,,,,,,,,,,bounded_preclose_bid_ask,,,,False,not_requested_for_horizon_or_variant,,,missing_decision_or_entry_bar,ordinary,covered_call,,missing_decision_or_entry_bar,,,True,,H24,1,EMR,,primary,0.009759573773813817,15.037809241467128,2022
,,,e2ccab98e413717441e65d2b,time_value,,,1,1,2022-04-08,2022-04-08,,,67,,,2022-04-11,68,False,,,2022-04-08,,,,,,,"{""market_momentum"": 0.0519178339757449, ""market_volatility"": 0.011576176672201195, ""momentum"": 0.10810810810810811, ""volatility"": 0.014505691083360413, ""volume_state"": 15.200922029451789}",assumed_next_daily_close,,1,0000005272,,0.0519178339757449,0.011576176672201195,0.10810810810810811,,,,,,,8b8c50542364ff8c4fe91fd1,False,,,,,,,,,,,,,,,,,,,,,,,,,,,,,,,,,,,,,,,,,,,,,,,,bounded_preclose_bid_ask,,,,False,not_requested_for_horizon_or_variant,,,missing_decision_or_entry_bar,event,protective_put,,missing_decision_or_entry_bar,,,False,,H24,1,AIG,,primary,0.014505691083360413,15.200922029451789,2022
,,,e2ccab98e413717441e65d2b,time_value,,,1,1,2022-04-08,2022-04-08,,,67,,,2022-04-11,68,False,,,2022-04-08,,,,,,,"{""market_momentum"": 0.0519178339757449, ""market_volatility"": 0.011576176672201195, ""momentum"": 0.10810810810810811, ""volatility"": 0.014505691083360413, ""volume_state"": 15.200922029451789}",assumed_next_daily_close,,1,0000005272,,0.0519178339757449,0.011576176672201195,0.10810810810810811,,,,,,,8b8c50542364ff8c4fe91fd1,False,,,,,,,,,,,,,,,,,,,,,,,,,,,,,,,,,,,,,,,,,,,,,,,,bounded_preclose_bid_ask,,,,False,not_requested_for_horizon_or_variant,,,missing_decision_or_entry_bar,event,protective_put,,missing_decision_or_entry_bar,,,True,,H24,1,AIG,,primary,0.014505691083360413,15.200922029451789,2022
,,,e2ccab98e413717441e65d2b,time_value,,,1,1,2022-04-08,2022-04-08,,,67,,,2022-04-11,68,False,,,2022-04-08,,,,,,,"{""market_momentum"": 0.0519178339757449, ""market_volatility"": 0.011576176672201195, ""momentum"": 0.10810810810810811, ""volatility"": 0.014505691083360413, ""volume_state"": 15.200922029451789}",assumed_next_daily_close,,2,0000005272,,0.0519178339757449,0.011576176672201195,0.10810810810810811,,,,,,,8b8c50542364ff8c4fe91fd1,False,,,,,,,,,,,,,,,,,,,,,,,,,,,,,,,,,,,,,,,,,,,,,,,,bounded_preclose_bid_ask,,,,False,not_requested_for_horizon_or_variant,,,missing_decision_or_entry_bar,event,protective_put,,missing_decision_or_entry_bar,,,False,,H24,1,AIG,,primary,0.014505691083360413,15.200922029451789,2022
,,,e2ccab98e413717441e65d2b,time_value,,,1,1,2022-04-08,2022-04-08,,,67,,,2022-04-11,68,False,,,2022-04-08,,,,,,,"{""market_momentum"": 0.0519178339757449, ""market_volatility"": 0.011576176672201195, ""momentum"": 0.10810810810810811, ""volatility"": 0.014505691083360413, ""volume_state"": 15.200922029451789}",assumed_next_daily_close,,2,0000005272,,0.0519178339757449,0.011576176672201195,0.10810810810810811,,,,,,,8b8c50542364ff8c4fe91fd1,False,,,,,,,,,,,,,,,,,,,,,,,,,,,,,,,,,,,,,,,,,,,,,,,,bounded_preclose_bid_ask,,,,False,not_requested_for_horizon_or_variant,,,missing_decision_or_entry_bar,event,protective_put,,missing_decision_or_entry_bar,,,True,,H24,1,AIG,,primary,0.014505691083360413,15.200922029451789,2022
,,,e2ccab98e413717441e65d2b,time_value,,,1,1,2022-04-08,2022-04-08,,,67,,,2022-04-11,68,False,,,2022-04-08,,,,,,,"{""market_momentum"": 0.0519178339757449, ""market_volatility"": 0.011576176672201195, ""momentum"": 0.10810810810810811, ""volatility"": 0.014505691083360413, ""volume_state"": 15.200922029451789}",assumed_next_daily_close,,3,0000005272,,0.0519178339757449,0.011576176672201195,0.10810810810810811,,,,,,,8b8c50542364ff8c4fe91fd1,False,,,,,,,,,,,,,,,,,,,,,,,,,,,,,,,,,,,,,,,,,,,,,,,,bounded_preclose_bid_ask,,,,False,not_requested_for_horizon_or_variant,,,missing_decision_or_entry_bar,event,protective_put,,missing_decision_or_entry_bar,,,False,,H24,1,AIG,,primary,0.014505691083360413,15.200922029451789,2022
,,,e2ccab98e413717441e65d2b,time_value,,,1,1,2022-04-08,2022-04-08,,,67,,,2022-04-11,68,False,,,2022-04-08,,,,,,,"{""market_momentum"": 0.0519178339757449, ""market_volatility"": 0.011576176672201195, ""momentum"": 0.10810810810810811, ""volatility"": 0.014505691083360413, ""volume_state"": 15.200922029451789}",assumed_next_daily_close,,3,0000005272,,0.0519178339757449,0.011576176672201195,0.10810810810810811,,,,,,,8b8c50542364ff8c4fe91fd1,False,,,,,,,,,,,,,,,,,,,,,,,,,,,,,,,,,,,,,,,,,,,,,,,,bounded_preclose_bid_ask,,,,False,not_requested_for_horizon_or_variant,,,missing_decision_or_entry_bar,event,protective_put,,missing_decision_or_entry_bar,,,True,,H24,1,AIG,,primary,0.014505691083360413,15.200922029451789,2022
,,,e2ccab98e413717441e65d2b,time_value,,,1,1,2022-04-08,2022-04-08,,,67,,,2022-04-11,68,False,,,2022-04-08,,,,,,,"{""market_momentum"": 0.0519178339757449, ""market_volatility"": 0.011576176672201195, ""momentum"": 0.10810810810810811, ""volatility"": 0.014505691083360413, ""volume_state"": 15.200922029451789}",assumed_next_daily_close,,5,0000005272,,0.0519178339757449,0.011576176672201195,0.10810810810810811,,,,,,,8b8c50542364ff8c4fe91fd1,False,,,,,,,,,,,,,,,,,,,,,,,,,,,,,,,,,,,,,,,,,,,,,,,,bounded_preclose_bid_ask,,,,False,not_requested_for_horizon_or_variant,,,missing_decision_or_entry_bar,event,protective_put,,missing_decision_or_entry_bar,,,False,,H24,1,AIG,,primary,0.014505691083360413,15.200922029451789,2022
,,,e2ccab98e413717441e65d2b,time_value,,,1,1,2022-04-08,2022-04-08,,,67,,,2022-04-11,68,False,,,2022-04-08,,,,,,,"{""market_momentum"": 0.0519178339757449, ""market_volatility"": 0.011576176672201195, ""momentum"": 0.10810810810810811, ""volatility"": 0.014505691083360413, ""volume_state"": 15.200922029451789}",assumed_next_daily_close,,5,0000005272,,0.0519178339757449,0.011576176672201195,0.10810810810810811,,,,,,,8b8c50542364ff8c4fe91fd1,False,,,,,,,,,,,,,,,,,,,,,,,,,,,,,,,,,,,,,,,,,,,,,,,,bounded_preclose_bid_ask,,,,False,not_requested_for_horizon_or_variant,,,missing_decision_or_entry_bar,event,protective_put,,missing_decision_or_entry_bar,,,True,,H24,1,AIG,,primary,0.014505691083360413,15.200922029451789,2022
,,,e2ccab98e413717441e65d2b,time_value,,,1,1,2022-04-08,2022-04-08,,,67,,,2022-04-11,68,False,,,2022-04-08,,,,,,,"{""market_momentum"": 0.0519178339757449, ""market_volatility"": 0.011576176672201195, ""momentum"": 0.10810810810810811, ""volatility"": 0.014505691083360413, ""volume_state"": 15.200922029451789}",assumed_next_daily_close,,10,0000005272,,0.0519178339757449,0.011576176672201195,0.10810810810810811,,,,,,,8b8c50542364ff8c4fe91fd1,False,,,,,,,,,,,,,,,,,,,,,,,,,,,,,,,,,,,,,,,,,,,,,,,,bounded_preclose_bid_ask,,,,False,bar_outcome_not_completed,,,missing_decision_or_entry_bar,event,protective_put,,missing_decision_or_entry_bar,,,False,,H24,1,AIG,,primary,0.014505691083360413,15.200922029451789,2022
,,,e2ccab98e413717441e65d2b,time_value,,,1,1,2022-04-08,2022-04-08,,,67,,,2022-04-11,68,False,,,2022-04-08,,,,,,,"{""market_momentum"": 0.0519178339757449, ""market_volatility"": 0.011576176672201195, ""momentum"": 0.10810810810810811, ""volatility"": 0.014505691083360413, ""volume_state"": 15.200922029451789}",assumed_next_daily_close,,10,0000005272,,0.0519178339757449,0.011576176672201195,0.10810810810810811,,,,,,,8b8c50542364ff8c4fe91fd1,False,,,,,,,,,,,,,,,,,,,,,,,,,,,,,,,,,,,,,,,,,,,,,,,,bounded_preclose_bid_ask,,,,False,bar_outcome_not_completed,,,missing_decision_or_entry_bar,event,protective_put,,missing_decision_or_entry_bar,,,True,,H24,1,AIG,,primary,0.014505691083360413,15.200922029451789,2022
,,,e2ccab98e413717441e65d2b,time_value,,,1,1,2022-04-08,2022-04-08,,,67,,,2022-04-11,68,False,,,2022-04-08,,,,,,,"{""market_momentum"": 0.0519178339757449, ""market_volatility"": 0.011576176672201195, ""momentum"": 0.10810810810810811, ""volatility"": 0.014505691083360413, ""volume_state"": 15.200922029451789}",assumed_next_daily_close,,21,0000005272,,0.0519178339757449,0.011576176672201195,0.10810810810810811,,,,,,,8b8c50542364ff8c4fe91fd1,False,,,,,,,,,,,,,,,,,,,,,,,,,,,,,,,,,,,,,,,,,,,,,,,,bounded_preclose_bid_ask,,,,False,not_requested_for_horizon_or_variant,,,missing_decision_or_entry_bar,event,protective_put,,missing_decision_or_entry_bar,,,False,,H24,1,AIG,,primary,0.014505691083360413,15.200922029451789,2022
,,,e2ccab98e413717441e65d2b,time_value,,,1,1,2022-04-08,2022-04-08,,,67,,,2022-04-11,68,False,,,2022-04-08,,,,,,,"{""market_momentum"": 0.0519178339757449, ""market_volatility"": 0.011576176672201195, ""momentum"": 0.10810810810810811, ""volatility"": 0.014505691083360413, ""volume_state"": 15.200922029451789}",assumed_next_daily_close,,21,0000005272,,0.0519178339757449,0.011576176672201195,0.10810810810810811,,,,,,,8b8c50542364ff8c4fe91fd1,False,,,,,,,,,,,,,,,,,,,,,,,,,,,,,,,,,,,,,,,,,,,,,,,,bounded_preclose_bid_ask,,,,False,not_requested_for_horizon_or_variant,,,missing_decision_or_entry_bar,event,protective_put,,missing_decision_or_entry_bar,,,True,,H24,1,AIG,,primary,0.014505691083360413,15.200922029451789,2022
,,,e2ccab98e413717441e65d2b,time_value,,,1,1,2022-04-08,2022-04-08,,,67,,,2022-04-11,68,False,,,2022-04-08,,,,,,,"{""market_momentum"": 0.0519178339757449, ""market_volatility"": 0.011576176672201195, ""momentum"": 0.10810810810810811, ""volatility"": 0.014505691083360413, ""volume_state"": 15.200922029451789}",assumed_next_daily_close,,42,0000005272,,0.0519178339757449,0.011576176672201195,0.10810810810810811,,,,,,,8b8c50542364ff8c4fe91fd1,False,,,,,,,,,,,,,,,,,,,,,,,,,,,,,,,,,,,,,,,,,,,,,,,,bounded_preclose_bid_ask,,,,False,not_requested_for_horizon_or_variant,,,missing_decision_or_entry_bar,event,protective_put,,missing_decision_or_entry_bar,,,False,,H24,1,AIG,,primary,0.014505691083360413,15.200922029451789,2022
,,,e2ccab98e413717441e65d2b,time_value,,,1,1,2022-04-08,2022-04-08,,,67,,,2022-04-11,68,False,,,2022-04-08,,,,,,,"{""market_momentum"": 0.0519178339757449, ""market_volatility"": 0.011576176672201195, ""momentum"": 0.10810810810810811, ""volatility"": 0.014505691083360413, ""volume_state"": 15.200922029451789}",assumed_next_daily_close,,42,0000005272,,0.0519178339757449,0.011576176672201195,0.10810810810810811,,,,,,,8b8c50542364ff8c4fe91fd1,False,,,,,,,,,,,,,,,,,,,,,,,,,,,,,,,,,,,,,,,,,,,,,,,,bounded_preclose_bid_ask,,,,False,not_requested_for_horizon_or_variant,,,missing_decision_or_entry_bar,event,protective_put,,missing_decision_or_entry_bar,,,True,,H24,1,AIG,,primary,0.014505691083360413,15.200922029451789,2022
,,,e2ccab98e413717441e65d2b,time_value,,,1,1,2022-04-08,2022-04-08,,,67,,,2022-04-11,68,False,,,2022-04-08,,,,,,,"{""market_momentum"": 0.0519178339757449, ""market_volatility"": 0.011576176672201195, ""momentum"": 0.10810810810810811, ""volatility"": 0.014505691083360413, ""volume_state"": 15.200922029451789}",assumed_next_daily_close,,63,0000005272,,0.0519178339757449,0.011576176672201195,0.10810810810810811,,,,,,,8b8c50542364ff8c4fe91fd1,False,,,,,,,,,,,,,,,,,,,,,,,,,,,,,,,,,,,,,,,,,,,,,,,,bounded_preclose_bid_ask,,,,False,not_requested_for_horizon_or_variant,,,missing_decision_or_entry_bar,event,protective_put,,missing_decision_or_entry_bar,,,False,,H24,1,AIG,,primary,0.014505691083360413,15.200922029451789,2022
,,,e2ccab98e413717441e65d2b,time_value,,,1,1,2022-04-08,2022-04-08,,,67,,,2022-04-11,68,False,,,2022-04-08,,,,,,,"{""market_momentum"": 0.0519178339757449, ""market_volatility"": 0.011576176672201195, ""momentum"": 0.10810810810810811, ""volatility"": 0.014505691083360413, ""volume_state"": 15.200922029451789}",assumed_next_daily_close,,63,0000005272,,0.0519178339757449,0.011576176672201195,0.10810810810810811,,,,,,,8b8c50542364ff8c4fe91fd1,False,,,,,,,,,,,,,,,,,,,,,,,,,,,,,,,,,,,,,,,,,,,,,,,,bounded_preclose_bid_ask,,,,False,not_requested_for_horizon_or_variant,,,missing_decision_or_entry_bar,event,protective_put,,missing_decision_or_entry_bar,,,True,,H24,1,AIG,,primary,0.014505691083360413,15.200922029451789,2022
,,,e2ccab98e413717441e65d2b,time_value,,,1,1,2022-04-08,2022-04-08,,,67,,,2022-04-11,68,False,,,2022-04-08,,,,,,,"{""market_momentum"": 0.0519178339757449, ""market_volatility"": 0.011576176672201195, ""momentum"": 0.10810810810810811, ""volatility"": 0.014505691083360413, ""volume_state"": 15.200922029451789}",assumed_next_daily_close,,expiry,0000005272,,0.0519178339757449,0.011576176672201195,0.10810810810810811,,,,,,,8b8c50542364ff8c4fe91fd1,False,,,,,,,,,,,,,,,,,,,,,,,,,,,,,,,,,,,,,,,,,,,,,,,,bounded_preclose_bid_ask,,,,False,not_requested_for_horizon_or_variant,,,missing_decision_or_entry_bar,event,protective_put,,missing_decision_or_entry_bar,,,False,,H24,1,AIG,,primary,0.014505691083360413,15.200922029451789,2022
,,,e2ccab98e413717441e65d2b,time_value,,,1,1,2022-04-08,2022-04-08,,,67,,,2022-04-11,68,False,,,2022-04-08,,,,,,,"{""market_momentum"": 0.0519178339757449, ""market_volatility"": 0.011576176672201195, ""momentum"": 0.10810810810810811, ""volatility"": 0.014505691083360413, ""volume_state"": 15.200922029451789}",assumed_next_daily_close,,expiry,0000005272,,0.0519178339757449,0.011576176672201195,0.10810810810810811,,,,,,,8b8c50542364ff8c4fe91fd1,False,,,,,,,,,,,,,,,,,,,,,,,,,,,,,,,,,,,,,,,,,,,,,,,,bounded_preclose_bid_ask,,,,False,not_requested_for_horizon_or_variant,,,missing_decision_or_entry_bar,event,protective_put,,missing_decision_or_entry_bar,,,True,,H24,1,AIG,,primary,0.014505691083360413,15.200922029451789,2022
,,,e319fec5eb3f65eece5e19ca,time_value,,,1,1,2022-03-03,2022-03-03,,,41,,,2022-03-04,42,False,,,2022-03-03,,,,,,,"{""market_momentum"": -0.038061596202671355, ""market_volatility"": 0.01412167311146602, ""momentum"": 0.02199289460328191, ""volatility"": 0.025196043922983757, ""volume_state"": 15.519648004922356}",assumed_next_daily_close,,1,0000005272,,-0.038061596202671355,0.01412167311146602,0.02199289460328191,,,,,,,9393ba4a20730534bcd65838,False,,,,,,,,,,,,,,,,,,,,,,,,,,,,,,,,,,,,,,,,,,,,,,,,bounded_preclose_bid_ask,,,,False,not_requested_for_horizon_or_variant,,,incomplete_prior_liquidity,event,protective_put,,incomplete_prior_liquidity,,,False,,H24,1,AIG,,primary,0.025196043922983757,15.519648004922356,2022
,,,e319fec5eb3f65eece5e19ca,time_value,,,1,1,2022-03-03,2022-03-03,,,41,,,2022-03-04,42,False,,,2022-03-03,,,,,,,"{""market_momentum"": -0.038061596202671355, ""market_volatility"": 0.01412167311146602, ""momentum"": 0.02199289460328191, ""volatility"": 0.025196043922983757, ""volume_state"": 15.519648004922356}",assumed_next_daily_close,,1,0000005272,,-0.038061596202671355,0.01412167311146602,0.02199289460328191,,,,,,,9393ba4a20730534bcd65838,False,,,,,,,,,,,,,,,,,,,,,,,,,,,,,,,,,,,,,,,,,,,,,,,,bounded_preclose_bid_ask,,,,False,not_requested_for_horizon_or_variant,,,incomplete_prior_liquidity,event,protective_put,,incomplete_prior_liquidity,,,True,,H24,1,AIG,,primary,0.025196043922983757,15.519648004922356,2022
,,,e319fec5eb3f65eece5e19ca,time_value,,,1,1,2022-03-03,2022-03-03,,,41,,,2022-03-04,42,False,,,2022-03-03,,,,,,,"{""market_momentum"": -0.038061596202671355, ""market_volatility"": 0.01412167311146602, ""momentum"": 0.02199289460328191, ""volatility"": 0.025196043922983757, ""volume_state"": 15.519648004922356}",assumed_next_daily_close,,2,0000005272,,-0.038061596202671355,0.01412167311146602,0.02199289460328191,,,,,,,9393ba4a20730534bcd65838,False,,,,,,,,,,,,,,,,,,,,,,,,,,,,,,,,,,,,,,,,,,,,,,,,bounded_preclose_bid_ask,,,,False,not_requested_for_horizon_or_variant,,,incomplete_prior_liquidity,event,protective_put,,incomplete_prior_liquidity,,,False,,H24,1,AIG,,primary,0.025196043922983757,15.519648004922356,2022
,,,e319fec5eb3f65eece5e19ca,time_value,,,1,1,2022-03-03,2022-03-03,,,41,,,2022-03-04,42,False,,,2022-03-03,,,,,,,"{""market_momentum"": -0.038061596202671355, ""market_volatility"": 0.01412167311146602, ""momentum"": 0.02199289460328191, ""volatility"": 0.025196043922983757, ""volume_state"": 15.519648004922356}",assumed_next_daily_close,,2,0000005272,,-0.038061596202671355,0.01412167311146602,0.02199289460328191,,,,,,,9393ba4a20730534bcd65838,False,,,,,,,,,,,,,,,,,,,,,,,,,,,,,,,,,,,,,,,,,,,,,,,,bounded_preclose_bid_ask,,,,False,not_requested_for_horizon_or_variant,,,incomplete_prior_liquidity,event,protective_put,,incomplete_prior_liquidity,,,True,,H24,1,AIG,,primary,0.025196043922983757,15.519648004922356,2022
,,,e319fec5eb3f65eece5e19ca,time_value,,,1,1,2022-03-03,2022-03-03,,,41,,,2022-03-04,42,False,,,2022-03-03,,,,,,,"{""market_momentum"": -0.038061596202671355, ""market_volatility"": 0.01412167311146602, ""momentum"": 0.02199289460328191, ""volatility"": 0.025196043922983757, ""volume_state"": 15.519648004922356}",assumed_next_daily_close,,3,0000005272,,-0.038061596202671355,0.01412167311146602,0.02199289460328191,,,,,,,9393ba4a20730534bcd65838,False,,,,,,,,,,,,,,,,,,,,,,,,,,,,,,,,,,,,,,,,,,,,,,,,bounded_preclose_bid_ask,,,,False,not_requested_for_horizon_or_variant,,,incomplete_prior_liquidity,event,protective_put,,incomplete_prior_liquidity,,,False,,H24,1,AIG,,primary,0.025196043922983757,15.519648004922356,2022
,,,e319fec5eb3f65eece5e19ca,time_value,,,1,1,2022-03-03,2022-03-03,,,41,,,2022-03-04,42,False,,,2022-03-03,,,,,,,"{""market_momentum"": -0.038061596202671355, ""market_volatility"": 0.01412167311146602, ""momentum"": 0.02199289460328191, ""volatility"": 0.025196043922983757, ""volume_state"": 15.519648004922356}",assumed_next_daily_close,,3,0000005272,,-0.038061596202671355,0.01412167311146602,0.02199289460328191,,,,,,,9393ba4a20730534bcd65838,False,,,,,,,,,,,,,,,,,,,,,,,,,,,,,,,,,,,,,,,,,,,,,,,,bounded_preclose_bid_ask,,,,False,not_requested_for_horizon_or_variant,,,incomplete_prior_liquidity,event,protective_put,,incomplete_prior_liquidity,,,True,,H24,1,AIG,,primary,0.025196043922983757,15.519648004922356,2022
,,,e319fec5eb3f65eece5e19ca,time_value,,,1,1,2022-03-03,2022-03-03,,,41,,,2022-03-04,42,False,,,2022-03-03,,,,,,,"{""market_momentum"": -0.038061596202671355, ""market_volatility"": 0.01412167311146602, ""momentum"": 0.02199289460328191, ""volatility"": 0.025196043922983757, ""volume_state"": 15.519648004922356}",assumed_next_daily_close,,5,0000005272,,-0.038061596202671355,0.01412167311146602,0.02199289460328191,,,,,,,9393ba4a20730534bcd65838,False,,,,,,,,,,,,,,,,,,,,,,,,,,,,,,,,,,,,,,,,,,,,,,,,bounded_preclose_bid_ask,,,,False,not_requested_for_horizon_or_variant,,,incomplete_prior_liquidity,event,protective_put,,incomplete_prior_liquidity,,,False,,H24,1,AIG,,primary,0.025196043922983757,15.519648004922356,2022
,,,e319fec5eb3f65eece5e19ca,time_value,,,1,1,2022-03-03,2022-03-03,,,41,,,2022-03-04,42,False,,,2022-03-03,,,,,,,"{""market_momentum"": -0.038061596202671355, ""market_volatility"": 0.01412167311146602, ""momentum"": 0.02199289460328191, ""volatility"": 0.025196043922983757, ""volume_state"": 15.519648004922356}",assumed_next_daily_close,,5,0000005272,,-0.038061596202671355,0.01412167311146602,0.02199289460328191,,,,,,,9393ba4a20730534bcd65838,False,,,,,,,,,,,,,,,,,,,,,,,,,,,,,,,,,,,,,,,,,,,,,,,,bounded_preclose_bid_ask,,,,False,not_requested_for_horizon_or_variant,,,incomplete_prior_liquidity,event,protective_put,,incomplete_prior_liquidity,,,True,,H24,1,AIG,,primary,0.025196043922983757,15.519648004922356,2022
,,,e319fec5eb3f65eece5e19ca,time_value,,,1,1,2022-03-03,2022-03-03,,,41,,,2022-03-04,42,False,,,2022-03-03,,,,,,,"{""market_momentum"": -0.038061596202671355, ""market_volatility"": 0.01412167311146602, ""momentum"": 0.02199289460328191, ""volatility"": 0.025196043922983757, ""volume_state"": 15.519648004922356}",assumed_next_daily_close,,10,0000005272,,-0.038061596202671355,0.01412167311146602,0.02199289460328191,,,,,,,9393ba4a20730534bcd65838,False,,,,,,,,,,,,,,,,,,,,,,,,,,,,,,,,,,,,,,,,,,,,,,,,bounded_preclose_bid_ask,,,,False,bar_outcome_not_completed,,,incomplete_prior_liquidity,event,protective_put,,incomplete_prior_liquidity,,,False,,H24,1,AIG,,primary,0.025196043922983757,15.519648004922356,2022
,,,e319fec5eb3f65eece5e19ca,time_value,,,1,1,2022-03-03,2022-03-03,,,41,,,2022-03-04,42,False,,,2022-03-03,,,,,,,"{""market_momentum"": -0.038061596202671355, ""market_volatility"": 0.01412167311146602, ""momentum"": 0.02199289460328191, ""volatility"": 0.025196043922983757, ""volume_state"": 15.519648004922356}",assumed_next_daily_close,,10,0000005272,,-0.038061596202671355,0.01412167311146602,0.02199289460328191,,,,,,,9393ba4a20730534bcd65838,False,,,,,,,,,,,,,,,,,,,,,,,,,,,,,,,,,,,,,,,,,,,,,,,,bounded_preclose_bid_ask,,,,False,bar_outcome_not_completed,,,incomplete_prior_liquidity,event,protective_put,,incomplete_prior_liquidity,,,True,,H24,1,AIG,,primary,0.025196043922983757,15.519648004922356,2022
,,,e319fec5eb3f65eece5e19ca,time_value,,,1,1,2022-03-03,2022-03-03,,,41,,,2022-03-04,42,False,,,2022-03-03,,,,,,,"{""market_momentum"": -0.038061596202671355, ""market_volatility"": 0.01412167311146602, ""momentum"": 0.02199289460328191, ""volatility"": 0.025196043922983757, ""volume_state"": 15.519648004922356}",assumed_next_daily_close,,21,0000005272,,-0.038061596202671355,0.01412167311146602,0.02199289460328191,,,,,,,9393ba4a20730534bcd65838,False,,,,,,,,,,,,,,,,,,,,,,,,,,,,,,,,,,,,,,,,,,,,,,,,bounded_preclose_bid_ask,,,,False,not_requested_for_horizon_or_variant,,,incomplete_prior_liquidity,event,protective_put,,incomplete_prior_liquidity,,,False,,H24,1,AIG,,primary,0.025196043922983757,15.519648004922356,2022
,,,e319fec5eb3f65eece5e19ca,time_value,,,1,1,2022-03-03,2022-03-03,,,41,,,2022-03-04,42,False,,,2022-03-03,,,,,,,"{""market_momentum"": -0.038061596202671355, ""market_volatility"": 0.01412167311146602, ""momentum"": 0.02199289460328191, ""volatility"": 0.025196043922983757, ""volume_state"": 15.519648004922356}",assumed_next_daily_close,,21,0000005272,,-0.038061596202671355,0.01412167311146602,0.02199289460328191,,,,,,,9393ba4a20730534bcd65838,False,,,,,,,,,,,,,,,,,,,,,,,,,,,,,,,,,,,,,,,,,,,,,,,,bounded_preclose_bid_ask,,,,False,not_requested_for_horizon_or_variant,,,incomplete_prior_liquidity,event,protective_put,,incomplete_prior_liquidity,,,True,,H24,1,AIG,,primary,0.025196043922983757,15.519648004922356,2022
,,,e319fec5eb3f65eece5e19ca,time_value,,,1,1,2022-03-03,2022-03-03,,,41,,,2022-03-04,42,False,,,2022-03-03,,,,,,,"{""market_momentum"": -0.038061596202671355, ""market_volatility"": 0.01412167311146602, ""momentum"": 0.02199289460328191, ""volatility"": 0.025196043922983757, ""volume_state"": 15.519648004922356}",assumed_next_daily_close,,42,0000005272,,-0.038061596202671355,0.01412167311146602,0.02199289460328191,,,,,,,9393ba4a20730534bcd65838,False,,,,,,,,,,,,,,,,,,,,,,,,,,,,,,,,,,,,,,,,,,,,,,,,bounded_preclose_bid_ask,,,,False,not_requested_for_horizon_or_variant,,,incomplete_prior_liquidity,event,protective_put,,incomplete_prior_liquidity,,,False,,H24,1,AIG,,primary,0.025196043922983757,15.519648004922356,2022
,,,e319fec5eb3f65eece5e19ca,time_value,,,1,1,2022-03-03,2022-03-03,,,41,,,2022-03-04,42,False,,,2022-03-03,,,,,,,"{""market_momentum"": -0.038061596202671355, ""market_volatility"": 0.01412167311146602, ""momentum"": 0.02199289460328191, ""volatility"": 0.025196043922983757, ""volume_state"": 15.519648004922356}",assumed_next_daily_close,,42,0000005272,,-0.038061596202671355,0.01412167311146602,0.02199289460328191,,,,,,,9393ba4a20730534bcd65838,False,,,,,,,,,,,,,,,,,,,,,,,,,,,,,,,,,,,,,,,,,,,,,,,,bounded_preclose_bid_ask,,,,False,not_requested_for_horizon_or_variant,,,incomplete_prior_liquidity,event,protective_put,,incomplete_prior_liquidity,,,True,,H24,1,AIG,,primary,0.025196043922983757,15.519648004922356,2022
,,,e319fec5eb3f65eece5e19ca,time_value,,,1,1,2022-03-03,2022-03-03,,,41,,,2022-03-04,42,False,,,2022-03-03,,,,,,,"{""market_momentum"": -0.038061596202671355, ""market_volatility"": 0.01412167311146602, ""momentum"": 0.02199289460328191, ""volatility"": 0.025196043922983757, ""volume_state"": 15.519648004922356}",assumed_next_daily_close,,63,0000005272,,-0.038061596202671355,0.01412167311146602,0.02199289460328191,,,,,,,9393ba4a20730534bcd65838,False,,,,,,,,,,,,,,,,,,,,,,,,,,,,,,,,,,,,,,,,,,,,,,,,bounded_preclose_bid_ask,,,,False,not_requested_for_horizon_or_variant,,,incomplete_prior_liquidity,event,protective_put,,incomplete_prior_liquidity,,,False,,H24,1,AIG,,primary,0.025196043922983757,15.519648004922356,2022
,,,e319fec5eb3f65eece5e19ca,time_value,,,1,1,2022-03-03,2022-03-03,,,41,,,2022-03-04,42,False,,,2022-03-03,,,,,,,"{""market_momentum"": -0.038061596202671355, ""market_volatility"": 0.01412167311146602, ""momentum"": 0.02199289460328191, ""volatility"": 0.025196043922983757, ""volume_state"": 15.519648004922356}",assumed_next_daily_close,,63,0000005272,,-0.038061596202671355,0.01412167311146602,0.02199289460328191,,,,,,,9393ba4a20730534bcd65838,False,,,,,,,,,,,,,,,,,,,,,,,,,,,,,,,,,,,,,,,,,,,,,,,,bounded_preclose_bid_ask,,,,False,not_requested_for_horizon_or_variant,,,incomplete_prior_liquidity,event,protective_put,,incomplete_prior_liquidity,,,True,,H24,1,AIG,,primary,0.025196043922983757,15.519648004922356,2022
,,,e319fec5eb3f65eece5e19ca,time_value,,,1,1,2022-03-03,2022-03-03,,,41,,,2022-03-04,42,False,,,2022-03-03,,,,,,,"{""market_momentum"": -0.038061596202671355, ""market_volatility"": 0.01412167311146602, ""momentum"": 0.02199289460328191, ""volatility"": 0.025196043922983757, ""volume_state"": 15.519648004922356}",assumed_next_daily_close,,expiry,0000005272,,-0.038061596202671355,0.01412167311146602,0.02199289460328191,,,,,,,9393ba4a20730534bcd65838,False,,,,,,,,,,,,,,,,,,,,,,,,,,,,,,,,,,,,,,,,,,,,,,,,bounded_preclose_bid_ask,,,,False,not_requested_for_horizon_or_variant,,,incomplete_prior_liquidity,event,protective_put,,incomplete_prior_liquidity,,,False,,H24,1,AIG,,primary,0.025196043922983757,15.519648004922356,2022
,,,e319fec5eb3f65eece5e19ca,time_value,,,1,1,2022-03-03,2022-03-03,,,41,,,2022-03-04,42,False,,,2022-03-03,,,,,,,"{""market_momentum"": -0.038061596202671355, ""market_volatility"": 0.01412167311146602, ""momentum"": 0.02199289460328191, ""volatility"": 0.025196043922983757, ""volume_state"": 15.519648004922356}",assumed_next_daily_close,,expiry,0000005272,,-0.038061596202671355,0.01412167311146602,0.02199289460328191,,,,,,,9393ba4a20730534bcd65838,False,,,,,,,,,,,,,,,,,,,,,,,,,,,,,,,,,,,,,,,,,,,,,,,,bounded_preclose_bid_ask,,,,False,not_requested_for_horizon_or_variant,,,incomplete_prior_liquidity,event,protective_put,,incomplete_prior_liquidity,,,True,,H24,1,AIG,,primary,0.025196043922983757,15.519648004922356,2022
,,,e625d596fe8407282ae2de96,time_value,,,1,1,2023-07-06,2023-07-06,,,377,,,2023-07-07,378,False,,,2024-01-30,,,,,,,"{""market_momentum"": 0.02940763287286341, ""market_volatility"": 0.006428573913636956, ""momentum"": 0.033153430994602884, ""volatility"": 0.009509992222407252, ""volume_state"": 15.442376441025434}",assumed_next_daily_close,,1,0000001800,,0.02940763287286341,0.006428573913636956,0.033153430994602884,,,,,,,da0d533659a0b872f9753438,False,,,,,,,,,,,,,,,,,,,,,,,,,,,,,,,,,,,,,,,,,,,,,,,,bounded_preclose_bid_ask,,,,False,not_requested_for_horizon_or_variant,,,no_standard_contract_within_rules,ordinary,protective_put,,no_standard_contract_within_rules,,,False,,H24,1,ABT,,primary,0.009509992222407252,15.442376441025434,2023
,,,e625d596fe8407282ae2de96,time_value,,,1,1,2023-07-06,2023-07-06,,,377,,,2023-07-07,378,False,,,2024-01-30,,,,,,,"{""market_momentum"": 0.02940763287286341, ""market_volatility"": 0.006428573913636956, ""momentum"": 0.033153430994602884, ""volatility"": 0.009509992222407252, ""volume_state"": 15.442376441025434}",assumed_next_daily_close,,1,0000001800,,0.02940763287286341,0.006428573913636956,0.033153430994602884,,,,,,,da0d533659a0b872f9753438,False,,,,,,,,,,,,,,,,,,,,,,,,,,,,,,,,,,,,,,,,,,,,,,,,bounded_preclose_bid_ask,,,,False,not_requested_for_horizon_or_variant,,,no_standard_contract_within_rules,ordinary,protective_put,,no_standard_contract_within_rules,,,True,,H24,1,ABT,,primary,0.009509992222407252,15.442376441025434,2023
,,,e625d596fe8407282ae2de96,time_value,,,1,1,2023-07-06,2023-07-06,,,377,,,2023-07-07,378,False,,,2024-01-30,,,,,,,"{""market_momentum"": 0.02940763287286341, ""market_volatility"": 0.006428573913636956, ""momentum"": 0.033153430994602884, ""volatility"": 0.009509992222407252, ""volume_state"": 15.442376441025434}",assumed_next_daily_close,,2,0000001800,,0.02940763287286341,0.006428573913636956,0.033153430994602884,,,,,,,da0d533659a0b872f9753438,False,,,,,,,,,,,,,,,,,,,,,,,,,,,,,,,,,,,,,,,,,,,,,,,,bounded_preclose_bid_ask,,,,False,not_requested_for_horizon_or_variant,,,no_standard_contract_within_rules,ordinary,protective_put,,no_standard_contract_within_rules,,,False,,H24,1,ABT,,primary,0.009509992222407252,15.442376441025434,2023
,,,e625d596fe8407282ae2de96,time_value,,,1,1,2023-07-06,2023-07-06,,,377,,,2023-07-07,378,False,,,2024-01-30,,,,,,,"{""market_momentum"": 0.02940763287286341, ""market_volatility"": 0.006428573913636956, ""momentum"": 0.033153430994602884, ""volatility"": 0.009509992222407252, ""volume_state"": 15.442376441025434}",assumed_next_daily_close,,2,0000001800,,0.02940763287286341,0.006428573913636956,0.033153430994602884,,,,,,,da0d533659a0b872f9753438,False,,,,,,,,,,,,,,,,,,,,,,,,,,,,,,,,,,,,,,,,,,,,,,,,bounded_preclose_bid_ask,,,,False,not_requested_for_horizon_or_variant,,,no_standard_contract_within_rules,ordinary,protective_put,,no_standard_contract_within_rules,,,True,,H24,1,ABT,,primary,0.009509992222407252,15.442376441025434,2023
,,,e625d596fe8407282ae2de96,time_value,,,1,1,2023-07-06,2023-07-06,,,377,,,2023-07-07,378,False,,,2024-01-30,,,,,,,"{""market_momentum"": 0.02940763287286341, ""market_volatility"": 0.006428573913636956, ""momentum"": 0.033153430994602884, ""volatility"": 0.009509992222407252, ""volume_state"": 15.442376441025434}",assumed_next_daily_close,,3,0000001800,,0.02940763287286341,0.006428573913636956,0.033153430994602884,,,,,,,da0d533659a0b872f9753438,False,,,,,,,,,,,,,,,,,,,,,,,,,,,,,,,,,,,,,,,,,,,,,,,,bounded_preclose_bid_ask,,,,False,not_requested_for_horizon_or_variant,,,no_standard_contract_within_rules,ordinary,protective_put,,no_standard_contract_within_rules,,,False,,H24,1,ABT,,primary,0.009509992222407252,15.442376441025434,2023
,,,e625d596fe8407282ae2de96,time_value,,,1,1,2023-07-06,2023-07-06,,,377,,,2023-07-07,378,False,,,2024-01-30,,,,,,,"{""market_momentum"": 0.02940763287286341, ""market_volatility"": 0.006428573913636956, ""momentum"": 0.033153430994602884, ""volatility"": 0.009509992222407252, ""volume_state"": 15.442376441025434}",assumed_next_daily_close,,3,0000001800,,0.02940763287286341,0.006428573913636956,0.033153430994602884,,,,,,,da0d533659a0b872f9753438,False,,,,,,,,,,,,,,,,,,,,,,,,,,,,,,,,,,,,,,,,,,,,,,,,bounded_preclose_bid_ask,,,,False,not_requested_for_horizon_or_variant,,,no_standard_contract_within_rules,ordinary,protective_put,,no_standard_contract_within_rules,,,True,,H24,1,ABT,,primary,0.009509992222407252,15.442376441025434,2023
,,,e625d596fe8407282ae2de96,time_value,,,1,1,2023-07-06,2023-07-06,,,377,,,2023-07-07,378,False,,,2024-01-30,,,,,,,"{""market_momentum"": 0.02940763287286341, ""market_volatility"": 0.006428573913636956, ""momentum"": 0.033153430994602884, ""volatility"": 0.009509992222407252, ""volume_state"": 15.442376441025434}",assumed_next_daily_close,,5,0000001800,,0.02940763287286341,0.006428573913636956,0.033153430994602884,,,,,,,da0d533659a0b872f9753438,False,,,,,,,,,,,,,,,,,,,,,,,,,,,,,,,,,,,,,,,,,,,,,,,,bounded_preclose_bid_ask,,,,False,not_requested_for_horizon_or_variant,,,no_standard_contract_within_rules,ordinary,protective_put,,no_standard_contract_within_rules,,,False,,H24,1,ABT,,primary,0.009509992222407252,15.442376441025434,2023
,,,e625d596fe8407282ae2de96,time_value,,,1,1,2023-07-06,2023-07-06,,,377,,,2023-07-07,378,False,,,2024-01-30,,,,,,,"{""market_momentum"": 0.02940763287286341, ""market_volatility"": 0.006428573913636956, ""momentum"": 0.033153430994602884, ""volatility"": 0.009509992222407252, ""volume_state"": 15.442376441025434}",assumed_next_daily_close,,5,0000001800,,0.02940763287286341,0.006428573913636956,0.033153430994602884,,,,,,,da0d533659a0b872f9753438,False,,,,,,,,,,,,,,,,,,,,,,,,,,,,,,,,,,,,,,,,,,,,,,,,bounded_preclose_bid_ask,,,,False,not_requested_for_horizon_or_variant,,,no_standard_contract_within_rules,ordinary,protective_put,,no_standard_contract_within_rules,,,True,,H24,1,ABT,,primary,0.009509992222407252,15.442376441025434,2023
,,,e625d596fe8407282ae2de96,time_value,,,1,1,2023-07-06,2023-07-06,,,377,,,2023-07-07,378,False,,,2024-01-30,,,,,,,"{""market_momentum"": 0.02940763287286341, ""market_volatility"": 0.006428573913636956, ""momentum"": 0.033153430994602884, ""volatility"": 0.009509992222407252, ""volume_state"": 15.442376441025434}",assumed_next_daily_close,,10,0000001800,,0.02940763287286341,0.006428573913636956,0.033153430994602884,,,,,,,da0d533659a0b872f9753438,False,,,,,,,,,,,,,,,,,,,,,,,,,,,,,,,,,,,,,,,,,,,,,,,,bounded_preclose_bid_ask,,,,False,not_sampled_or_missing_quotes,,,no_standard_contract_within_rules,ordinary,protective_put,,no_standard_contract_within_rules,,,False,,H24,1,ABT,,primary,0.009509992222407252,15.442376441025434,2023
,,,e625d596fe8407282ae2de96,time_value,,,1,1,2023-07-06,2023-07-06,,,377,,,2023-07-07,378,False,,,2024-01-30,,,,,,,"{""market_momentum"": 0.02940763287286341, ""market_volatility"": 0.006428573913636956, ""momentum"": 0.033153430994602884, ""volatility"": 0.009509992222407252, ""volume_state"": 15.442376441025434}",assumed_next_daily_close,,10,0000001800,,0.02940763287286341,0.006428573913636956,0.033153430994602884,,,,,,,da0d533659a0b872f9753438,False,,,,,,,,,,,,,,,,,,,,,,,,,,,,,,,,,,,,,,,,,,,,,,,,bounded_preclose_bid_ask,,,,False,not_sampled_or_missing_quotes,,,no_standard_contract_within_rules,ordinary,protective_put,,no_standard_contract_within_rules,,,True,,H24,1,ABT,,primary,0.009509992222407252,15.442376441025434,2023
,,,e625d596fe8407282ae2de96,time_value,,,1,1,2023-07-06,2023-07-06,,,377,,,2023-07-07,378,False,,,2024-01-30,,,,,,,"{""market_momentum"": 0.02940763287286341, ""market_volatility"": 0.006428573913636956, ""momentum"": 0.033153430994602884, ""volatility"": 0.009509992222407252, ""volume_state"": 15.442376441025434}",assumed_next_daily_close,,21,0000001800,,0.02940763287286341,0.006428573913636956,0.033153430994602884,,,,,,,da0d533659a0b872f9753438,False,,,,,,,,,,,,,,,,,,,,,,,,,,,,,,,,,,,,,,,,,,,,,,,,bounded_preclose_bid_ask,,,,False,not_requested_for_horizon_or_variant,,,no_standard_contract_within_rules,ordinary,protective_put,,no_standard_contract_within_rules,,,False,,H24,1,ABT,,primary,0.009509992222407252,15.442376441025434,2023
,,,e625d596fe8407282ae2de96,time_value,,,1,1,2023-07-06,2023-07-06,,,377,,,2023-07-07,378,False,,,2024-01-30,,,,,,,"{""market_momentum"": 0.02940763287286341, ""market_volatility"": 0.006428573913636956, ""momentum"": 0.033153430994602884, ""volatility"": 0.009509992222407252, ""volume_state"": 15.442376441025434}",assumed_next_daily_close,,21,0000001800,,0.02940763287286341,0.006428573913636956,0.033153430994602884,,,,,,,da0d533659a0b872f9753438,False,,,,,,,,,,,,,,,,,,,,,,,,,,,,,,,,,,,,,,,,,,,,,,,,bounded_preclose_bid_ask,,,,False,not_requested_for_horizon_or_variant,,,no_standard_contract_within_rules,ordinary,protective_put,,no_standard_contract_within_rules,,,True,,H24,1,ABT,,primary,0.009509992222407252,15.442376441025434,2023
,,,e625d596fe8407282ae2de96,time_value,,,1,1,2023-07-06,2023-07-06,,,377,,,2023-07-07,378,False,,,2024-01-30,,,,,,,"{""market_momentum"": 0.02940763287286341, ""market_volatility"": 0.006428573913636956, ""momentum"": 0.033153430994602884, ""volatility"": 0.009509992222407252, ""volume_state"": 15.442376441025434}",assumed_next_daily_close,,42,0000001800,,0.02940763287286341,0.006428573913636956,0.033153430994602884,,,,,,,da0d533659a0b872f9753438,False,,,,,,,,,,,,,,,,,,,,,,,,,,,,,,,,,,,,,,,,,,,,,,,,bounded_preclose_bid_ask,,,,False,not_requested_for_horizon_or_variant,,,no_standard_contract_within_rules,ordinary,protective_put,,no_standard_contract_within_rules,,,False,,H24,1,ABT,,primary,0.009509992222407252,15.442376441025434,2023
,,,e625d596fe8407282ae2de96,time_value,,,1,1,2023-07-06,2023-07-06,,,377,,,2023-07-07,378,False,,,2024-01-30,,,,,,,"{""market_momentum"": 0.02940763287286341, ""market_volatility"": 0.006428573913636956, ""momentum"": 0.033153430994602884, ""volatility"": 0.009509992222407252, ""volume_state"": 15.442376441025434}",assumed_next_daily_close,,42,0000001800,,0.02940763287286341,0.006428573913636956,0.033153430994602884,,,,,,,da0d533659a0b872f9753438,False,,,,,,,,,,,,,,,,,,,,,,,,,,,,,,,,,,,,,,,,,,,,,,,,bounded_preclose_bid_ask,,,,False,not_requested_for_horizon_or_variant,,,no_standard_contract_within_rules,ordinary,protective_put,,no_standard_contract_within_rules,,,True,,H24,1,ABT,,primary,0.009509992222407252,15.442376441025434,2023
,,,e625d596fe8407282ae2de96,time_value,,,1,1,2023-07-06,2023-07-06,,,377,,,2023-07-07,378,False,,,2024-01-30,,,,,,,"{""market_momentum"": 0.02940763287286341, ""market_volatility"": 0.006428573913636956, ""momentum"": 0.033153430994602884, ""volatility"": 0.009509992222407252, ""volume_state"": 15.442376441025434}",assumed_next_daily_close,,63,0000001800,,0.02940763287286341,0.006428573913636956,0.033153430994602884,,,,,,,da0d533659a0b872f9753438,False,,,,,,,,,,,,,,,,,,,,,,,,,,,,,,,,,,,,,,,,,,,,,,,,bounded_preclose_bid_ask,,,,False,not_requested_for_horizon_or_variant,,,no_standard_contract_within_rules,ordinary,protective_put,,no_standard_contract_within_rules,,,False,,H24,1,ABT,,primary,0.009509992222407252,15.442376441025434,2023
,,,e625d596fe8407282ae2de96,time_value,,,1,1,2023-07-06,2023-07-06,,,377,,,2023-07-07,378,False,,,2024-01-30,,,,,,,"{""market_momentum"": 0.02940763287286341, ""market_volatility"": 0.006428573913636956, ""momentum"": 0.033153430994602884, ""volatility"": 0.009509992222407252, ""volume_state"": 15.442376441025434}",assumed_next_daily_close,,63,0000001800,,0.02940763287286341,0.006428573913636956,0.033153430994602884,,,,,,,da0d533659a0b872f9753438,False,,,,,,,,,,,,,,,,,,,,,,,,,,,,,,,,,,,,,,,,,,,,,,,,bounded_preclose_bid_ask,,,,False,not_requested_for_horizon_or_variant,,,no_standard_contract_within_rules,ordinary,protective_put,,no_standard_contract_within_rules,,,True,,H24,1,ABT,,primary,0.009509992222407252,15.442376441025434,2023
,,,e625d596fe8407282ae2de96,time_value,,,1,1,2023-07-06,2023-07-06,,,377,,,2023-07-07,378,False,,,2024-01-30,,,,,,,"{""market_momentum"": 0.02940763287286341, ""market_volatility"": 0.006428573913636956, ""momentum"": 0.033153430994602884, ""volatility"": 0.009509992222407252, ""volume_state"": 15.442376441025434}",assumed_next_daily_close,,expiry,0000001800,,0.02940763287286341,0.006428573913636956,0.033153430994602884,,,,,,,da0d533659a0b872f9753438,False,,,,,,,,,,,,,,,,,,,,,,,,,,,,,,,,,,,,,,,,,,,,,,,,bounded_preclose_bid_ask,,,,False,not_requested_for_horizon_or_variant,,,no_standard_contract_within_rules,ordinary,protective_put,,no_standard_contract_within_rules,,,False,,H24,1,ABT,,primary,0.009509992222407252,15.442376441025434,2023
,,,e625d596fe8407282ae2de96,time_value,,,1,1,2023-07-06,2023-07-06,,,377,,,2023-07-07,378,False,,,2024-01-30,,,,,,,"{""market_momentum"": 0.02940763287286341, ""market_volatility"": 0.006428573913636956, ""momentum"": 0.033153430994602884, ""volatility"": 0.009509992222407252, ""volume_state"": 15.442376441025434}",assumed_next_daily_close,,expiry,0000001800,,0.02940763287286341,0.006428573913636956,0.033153430994602884,,,,,,,da0d533659a0b872f9753438,False,,,,,,,,,,,,,,,,,,,,,,,,,,,,,,,,,,,,,,,,,,,,,,,,bounded_preclose_bid_ask,,,,False,not_requested_for_horizon_or_variant,,,no_standard_contract_within_rules,ordinary,protective_put,,no_standard_contract_within_rules,,,True,,H24,1,ABT,,primary,0.009509992222407252,15.442376441025434,2023
,,,e663a7810a7ebcfa9428294a,time_value,,,1,1,2022-03-30,2022-03-30,,,60,,,2022-03-31,61,False,,,2022-11-09,,,,,,,"{""market_momentum"": 0.06679380436299365, ""market_volatility"": 0.014307342913762481, ""momentum"": 0.04735131336203113, ""volatility"": 0.036932664824847986, ""volume_state"": 18.46117532350676}",assumed_next_daily_close,,1,0000002488,,0.06679380436299365,0.014307342913762481,0.04735131336203113,,,,,,,534558a40281c620b08ab753,False,,,,,,,,,,,,,,,,,,,,,,,,,,,,,,,,,,,,,,,,,,,,,,,,bounded_preclose_bid_ask,,,,False,not_requested_for_horizon_or_variant,,,no_standard_contract_within_rules,ordinary,protective_put,,no_standard_contract_within_rules,,,False,,H24,1,AMD,,primary,0.036932664824847986,18.46117532350676,2022
,,,e663a7810a7ebcfa9428294a,time_value,,,1,1,2022-03-30,2022-03-30,,,60,,,2022-03-31,61,False,,,2022-11-09,,,,,,,"{""market_momentum"": 0.06679380436299365, ""market_volatility"": 0.014307342913762481, ""momentum"": 0.04735131336203113, ""volatility"": 0.036932664824847986, ""volume_state"": 18.46117532350676}",assumed_next_daily_close,,1,0000002488,,0.06679380436299365,0.014307342913762481,0.04735131336203113,,,,,,,534558a40281c620b08ab753,False,,,,,,,,,,,,,,,,,,,,,,,,,,,,,,,,,,,,,,,,,,,,,,,,bounded_preclose_bid_ask,,,,False,not_requested_for_horizon_or_variant,,,no_standard_contract_within_rules,ordinary,protective_put,,no_standard_contract_within_rules,,,True,,H24,1,AMD,,primary,0.036932664824847986,18.46117532350676,2022
,,,e663a7810a7ebcfa9428294a,time_value,,,1,1,2022-03-30,2022-03-30,,,60,,,2022-03-31,61,False,,,2022-11-09,,,,,,,"{""market_momentum"": 0.06679380436299365, ""market_volatility"": 0.014307342913762481, ""momentum"": 0.04735131336203113, ""volatility"": 0.036932664824847986, ""volume_state"": 18.46117532350676}",assumed_next_daily_close,,2,0000002488,,0.06679380436299365,0.014307342913762481,0.04735131336203113,,,,,,,534558a40281c620b08ab753,False,,,,,,,,,,,,,,,,,,,,,,,,,,,,,,,,,,,,,,,,,,,,,,,,bounded_preclose_bid_ask,,,,False,not_requested_for_horizon_or_variant,,,no_standard_contract_within_rules,ordinary,protective_put,,no_standard_contract_within_rules,,,False,,H24,1,AMD,,primary,0.036932664824847986,18.46117532350676,2022
,,,e663a7810a7ebcfa9428294a,time_value,,,1,1,2022-03-30,2022-03-30,,,60,,,2022-03-31,61,False,,,2022-11-09,,,,,,,"{""market_momentum"": 0.06679380436299365, ""market_volatility"": 0.014307342913762481, ""momentum"": 0.04735131336203113, ""volatility"": 0.036932664824847986, ""volume_state"": 18.46117532350676}",assumed_next_daily_close,,2,0000002488,,0.06679380436299365,0.014307342913762481,0.04735131336203113,,,,,,,534558a40281c620b08ab753,False,,,,,,,,,,,,,,,,,,,,,,,,,,,,,,,,,,,,,,,,,,,,,,,,bounded_preclose_bid_ask,,,,False,not_requested_for_horizon_or_variant,,,no_standard_contract_within_rules,ordinary,protective_put,,no_standard_contract_within_rules,,,True,,H24,1,AMD,,primary,0.036932664824847986,18.46117532350676,2022
,,,e663a7810a7ebcfa9428294a,time_value,,,1,1,2022-03-30,2022-03-30,,,60,,,2022-03-31,61,False,,,2022-11-09,,,,,,,"{""market_momentum"": 0.06679380436299365, ""market_volatility"": 0.014307342913762481, ""momentum"": 0.04735131336203113, ""volatility"": 0.036932664824847986, ""volume_state"": 18.46117532350676}",assumed_next_daily_close,,3,0000002488,,0.06679380436299365,0.014307342913762481,0.04735131336203113,,,,,,,534558a40281c620b08ab753,False,,,,,,,,,,,,,,,,,,,,,,,,,,,,,,,,,,,,,,,,,,,,,,,,bounded_preclose_bid_ask,,,,False,not_requested_for_horizon_or_variant,,,no_standard_contract_within_rules,ordinary,protective_put,,no_standard_contract_within_rules,,,False,,H24,1,AMD,,primary,0.036932664824847986,18.46117532350676,2022
,,,e663a7810a7ebcfa9428294a,time_value,,,1,1,2022-03-30,2022-03-30,,,60,,,2022-03-31,61,False,,,2022-11-09,,,,,,,"{""market_momentum"": 0.06679380436299365, ""market_volatility"": 0.014307342913762481, ""momentum"": 0.04735131336203113, ""volatility"": 0.036932664824847986, ""volume_state"": 18.46117532350676}",assumed_next_daily_close,,3,0000002488,,0.06679380436299365,0.014307342913762481,0.04735131336203113,,,,,,,534558a40281c620b08ab753,False,,,,,,,,,,,,,,,,,,,,,,,,,,,,,,,,,,,,,,,,,,,,,,,,bounded_preclose_bid_ask,,,,False,not_requested_for_horizon_or_variant,,,no_standard_contract_within_rules,ordinary,protective_put,,no_standard_contract_within_rules,,,True,,H24,1,AMD,,primary,0.036932664824847986,18.46117532350676,2022
,,,e663a7810a7ebcfa9428294a,time_value,,,1,1,2022-03-30,2022-03-30,,,60,,,2022-03-31,61,False,,,2022-11-09,,,,,,,"{""market_momentum"": 0.06679380436299365, ""market_volatility"": 0.014307342913762481, ""momentum"": 0.04735131336203113, ""volatility"": 0.036932664824847986, ""volume_state"": 18.46117532350676}",assumed_next_daily_close,,5,0000002488,,0.06679380436299365,0.014307342913762481,0.04735131336203113,,,,,,,534558a40281c620b08ab753,False,,,,,,,,,,,,,,,,,,,,,,,,,,,,,,,,,,,,,,,,,,,,,,,,bounded_preclose_bid_ask,,,,False,not_requested_for_horizon_or_variant,,,no_standard_contract_within_rules,ordinary,protective_put,,no_standard_contract_within_rules,,,False,,H24,1,AMD,,primary,0.036932664824847986,18.46117532350676,2022
,,,e663a7810a7ebcfa9428294a,time_value,,,1,1,2022-03-30,2022-03-30,,,60,,,2022-03-31,61,False,,,2022-11-09,,,,,,,"{""market_momentum"": 0.06679380436299365, ""market_volatility"": 0.014307342913762481, ""momentum"": 0.04735131336203113, ""volatility"": 0.036932664824847986, ""volume_state"": 18.46117532350676}",assumed_next_daily_close,,5,0000002488,,0.06679380436299365,0.014307342913762481,0.04735131336203113,,,,,,,534558a40281c620b08ab753,False,,,,,,,,,,,,,,,,,,,,,,,,,,,,,,,,,,,,,,,,,,,,,,,,bounded_preclose_bid_ask,,,,False,not_requested_for_horizon_or_variant,,,no_standard_contract_within_rules,ordinary,protective_put,,no_standard_contract_within_rules,,,True,,H24,1,AMD,,primary,0.036932664824847986,18.46117532350676,2022
,,,e663a7810a7ebcfa9428294a,time_value,,,1,1,2022-03-30,2022-03-30,,,60,,,2022-03-31,61,False,,,2022-11-09,,,,,,,"{""market_momentum"": 0.06679380436299365, ""market_volatility"": 0.014307342913762481, ""momentum"": 0.04735131336203113, ""volatility"": 0.036932664824847986, ""volume_state"": 18.46117532350676}",assumed_next_daily_close,,10,0000002488,,0.06679380436299365,0.014307342913762481,0.04735131336203113,,,,,,,534558a40281c620b08ab753,False,,,,,,,,,,,,,,,,,,,,,,,,,,,,,,,,,,,,,,,,,,,,,,,,bounded_preclose_bid_ask,,,,False,not_sampled_or_missing_quotes,,,no_standard_contract_within_rules,ordinary,protective_put,,no_standard_contract_within_rules,,,False,,H24,1,AMD,,primary,0.036932664824847986,18.46117532350676,2022
,,,e663a7810a7ebcfa9428294a,time_value,,,1,1,2022-03-30,2022-03-30,,,60,,,2022-03-31,61,False,,,2022-11-09,,,,,,,"{""market_momentum"": 0.06679380436299365, ""market_volatility"": 0.014307342913762481, ""momentum"": 0.04735131336203113, ""volatility"": 0.036932664824847986, ""volume_state"": 18.46117532350676}",assumed_next_daily_close,,10,0000002488,,0.06679380436299365,0.014307342913762481,0.04735131336203113,,,,,,,534558a40281c620b08ab753,False,,,,,,,,,,,,,,,,,,,,,,,,,,,,,,,,,,,,,,,,,,,,,,,,bounded_preclose_bid_ask,,,,False,not_sampled_or_missing_quotes,,,no_standard_contract_within_rules,ordinary,protective_put,,no_standard_contract_within_rules,,,True,,H24,1,AMD,,primary,0.036932664824847986,18.46117532350676,2022
,,,e663a7810a7ebcfa9428294a,time_value,,,1,1,2022-03-30,2022-03-30,,,60,,,2022-03-31,61,False,,,2022-11-09,,,,,,,"{""market_momentum"": 0.06679380436299365, ""market_volatility"": 0.014307342913762481, ""momentum"": 0.04735131336203113, ""volatility"": 0.036932664824847986, ""volume_state"": 18.46117532350676}",assumed_next_daily_close,,21,0000002488,,0.06679380436299365,0.014307342913762481,0.04735131336203113,,,,,,,534558a40281c620b08ab753,False,,,,,,,,,,,,,,,,,,,,,,,,,,,,,,,,,,,,,,,,,,,,,,,,bounded_preclose_bid_ask,,,,False,not_requested_for_horizon_or_variant,,,no_standard_contract_within_rules,ordinary,protective_put,,no_standard_contract_within_rules,,,False,,H24,1,AMD,,primary,0.036932664824847986,18.46117532350676,2022
,,,e663a7810a7ebcfa9428294a,time_value,,,1,1,2022-03-30,2022-03-30,,,60,,,2022-03-31,61,False,,,2022-11-09,,,,,,,"{""market_momentum"": 0.06679380436299365, ""market_volatility"": 0.014307342913762481, ""momentum"": 0.04735131336203113, ""volatility"": 0.036932664824847986, ""volume_state"": 18.46117532350676}",assumed_next_daily_close,,21,0000002488,,0.06679380436299365,0.014307342913762481,0.04735131336203113,,,,,,,534558a40281c620b08ab753,False,,,,,,,,,,,,,,,,,,,,,,,,,,,,,,,,,,,,,,,,,,,,,,,,bounded_preclose_bid_ask,,,,False,not_requested_for_horizon_or_variant,,,no_standard_contract_within_rules,ordinary,protective_put,,no_standard_contract_within_rules,,,True,,H24,1,AMD,,primary,0.036932664824847986,18.46117532350676,2022
,,,e663a7810a7ebcfa9428294a,time_value,,,1,1,2022-03-30,2022-03-30,,,60,,,2022-03-31,61,False,,,2022-11-09,,,,,,,"{""market_momentum"": 0.06679380436299365, ""market_volatility"": 0.014307342913762481, ""momentum"": 0.04735131336203113, ""volatility"": 0.036932664824847986, ""volume_state"": 18.46117532350676}",assumed_next_daily_close,,42,0000002488,,0.06679380436299365,0.014307342913762481,0.04735131336203113,,,,,,,534558a40281c620b08ab753,False,,,,,,,,,,,,,,,,,,,,,,,,,,,,,,,,,,,,,,,,,,,,,,,,bounded_preclose_bid_ask,,,,False,not_requested_for_horizon_or_variant,,,no_standard_contract_within_rules,ordinary,protective_put,,no_standard_contract_within_rules,,,False,,H24,1,AMD,,primary,0.036932664824847986,18.46117532350676,2022
,,,e663a7810a7ebcfa9428294a,time_value,,,1,1,2022-03-30,2022-03-30,,,60,,,2022-03-31,61,False,,,2022-11-09,,,,,,,"{""market_momentum"": 0.06679380436299365, ""market_volatility"": 0.014307342913762481, ""momentum"": 0.04735131336203113, ""volatility"": 0.036932664824847986, ""volume_state"": 18.46117532350676}",assumed_next_daily_close,,42,0000002488,,0.06679380436299365,0.014307342913762481,0.04735131336203113,,,,,,,534558a40281c620b08ab753,False,,,,,,,,,,,,,,,,,,,,,,,,,,,,,,,,,,,,,,,,,,,,,,,,bounded_preclose_bid_ask,,,,False,not_requested_for_horizon_or_variant,,,no_standard_contract_within_rules,ordinary,protective_put,,no_standard_contract_within_rules,,,True,,H24,1,AMD,,primary,0.036932664824847986,18.46117532350676,2022
,,,e663a7810a7ebcfa9428294a,time_value,,,1,1,2022-03-30,2022-03-30,,,60,,,2022-03-31,61,False,,,2022-11-09,,,,,,,"{""market_momentum"": 0.06679380436299365, ""market_volatility"": 0.014307342913762481, ""momentum"": 0.04735131336203113, ""volatility"": 0.036932664824847986, ""volume_state"": 18.46117532350676}",assumed_next_daily_close,,63,0000002488,,0.06679380436299365,0.014307342913762481,0.04735131336203113,,,,,,,534558a40281c620b08ab753,False,,,,,,,,,,,,,,,,,,,,,,,,,,,,,,,,,,,,,,,,,,,,,,,,bounded_preclose_bid_ask,,,,False,not_requested_for_horizon_or_variant,,,no_standard_contract_within_rules,ordinary,protective_put,,no_standard_contract_within_rules,,,False,,H24,1,AMD,,primary,0.036932664824847986,18.46117532350676,2022
,,,e663a7810a7ebcfa9428294a,time_value,,,1,1,2022-03-30,2022-03-30,,,60,,,2022-03-31,61,False,,,2022-11-09,,,,,,,"{""market_momentum"": 0.06679380436299365, ""market_volatility"": 0.014307342913762481, ""momentum"": 0.04735131336203113, ""volatility"": 0.036932664824847986, ""volume_state"": 18.46117532350676}",assumed_next_daily_close,,63,0000002488,,0.06679380436299365,0.014307342913762481,0.04735131336203113,,,,,,,534558a40281c620b08ab753,False,,,,,,,,,,,,,,,,,,,,,,,,,,,,,,,,,,,,,,,,,,,,,,,,bounded_preclose_bid_ask,,,,False,not_requested_for_horizon_or_variant,,,no_standard_contract_within_rules,ordinary,protective_put,,no_standard_contract_within_rules,,,True,,H24,1,AMD,,primary,0.036932664824847986,18.46117532350676,2022
,,,e663a7810a7ebcfa9428294a,time_value,,,1,1,2022-03-30,2022-03-30,,,60,,,2022-03-31,61,False,,,2022-11-09,,,,,,,"{""market_momentum"": 0.06679380436299365, ""market_volatility"": 0.014307342913762481, ""momentum"": 0.04735131336203113, ""volatility"": 0.036932664824847986, ""volume_state"": 18.46117532350676}",assumed_next_daily_close,,expiry,0000002488,,0.06679380436299365,0.014307342913762481,0.04735131336203113,,,,,,,534558a40281c620b08ab753,False,,,,,,,,,,,,,,,,,,,,,,,,,,,,,,,,,,,,,,,,,,,,,,,,bounded_preclose_bid_ask,,,,False,not_requested_for_horizon_or_variant,,,no_standard_contract_within_rules,ordinary,protective_put,,no_standard_contract_within_rules,,,False,,H24,1,AMD,,primary,0.036932664824847986,18.46117532350676,2022
,,,e663a7810a7ebcfa9428294a,time_value,,,1,1,2022-03-30,2022-03-30,,,60,,,2022-03-31,61,False,,,2022-11-09,,,,,,,"{""market_momentum"": 0.06679380436299365, ""market_volatility"": 0.014307342913762481, ""momentum"": 0.04735131336203113, ""volatility"": 0.036932664824847986, ""volume_state"": 18.46117532350676}",assumed_next_daily_close,,expiry,0000002488,,0.06679380436299365,0.014307342913762481,0.04735131336203113,,,,,,,534558a40281c620b08ab753,False,,,,,,,,,,,,,,,,,,,,,,,,,,,,,,,,,,,,,,,,,,,,,,,,bounded_preclose_bid_ask,,,,False,not_requested_for_horizon_or_variant,,,no_standard_contract_within_rules,ordinary,protective_put,,no_standard_contract_within_rules,,,True,,H24,1,AMD,,primary,0.036932664824847986,18.46117532350676,2022
0.05612552806276394,2022-05-06,86,ed2dff8cd44cf548534433b6,time_value,45.1204,O:AMD220819C00105000,1,1,2022-05-04,2022-05-04,107,0.0900221283443975,84,0.0,0.008923447320762758,2022-05-05,85,True,2022-05-06,86,2022-05-04,466,153129770.0,2022-05-06,scheduled_exit,86,2022-08-19,"{""market_momentum"": -0.060726795096322284, ""market_volatility"": 0.016889899760687364, ""momentum"": -0.1005156970958111, ""volatility"": 0.039493208943114165, ""volume_state"": 18.355307272690137}",assumed_next_daily_close,9387.0,1,0000002488,0,-0.060726795096322284,0.016889899760687364,-0.1005156970958111,-3.0025999999999797,-0.00031986790241823583,41.8822,7.12,7.75,-62.999999999999986,609218fc08b4309035443ace,True,0.0012738853503184713,785,1.0374431039487635e-06,96390828.2,,,,,,,,,,,,,,,,,,,,,,,,,,,,,,,,,,,,,,,,,,,,bounded_preclose_bid_ask,,,,False,not_requested_for_horizon_or_variant,,,,event,covered_call,100,completed,93.87,95.34,False,147.0,H24,1,AMD,87.0026,primary,0.039493208943114165,18.355307272690137,2022
0.05612552806276394,2022-05-06,86,ed2dff8cd44cf548534433b6,time_value,5.7204,O:AMD220819C00105000,1,1,2022-05-04,2022-05-04,107,0.0900221283443975,84,0.0,0.0012000000000000012,2022-05-05,85,True,2022-05-06,86,2022-05-04,466,153129770.0,2022-05-06,scheduled_exit,86,2022-08-19,"{""market_momentum"": -0.060726795096322284, ""market_volatility"": 0.016889899760687364, ""momentum"": -0.1005156970958111, ""volatility"": 0.039493208943114165, ""volume_state"": 18.355307272690137}",assumed_next_daily_close,9387.0,1,0000002488,0,-0.060726795096322284,0.016889899760687364,-0.1005156970958111,135.64739999999998,0.01445055928411633,5.632199999999999,7.12,0.0,-0.0,609218fc08b4309035443ace,True,0.0012738853503184713,785,1.0374431039487635e-06,96390828.2,,,,,,,,,,,,,,,,,,,,,,,,,,,,,,,,,,,,,,,,,,,,bounded_preclose_bid_ask,,,,False,not_requested_for_horizon_or_variant,,,,event,covered_call,100,completed,93.87,95.34,True,147.0,H24,1,AMD,11.352599999999999,primary,0.039493208943114165,18.355307272690137,2022
0.05612552806276394,2022-05-09,87,ed2dff8cd44cf548534433b6,time_value,29.9816,O:AMD220819C00105000,1,1,2022-05-04,2022-05-04,107,0.0900221283443975,84,0.0,0.06326449344838607,2022-05-05,85,True,2022-05-09,87,2022-05-04,466,153129770.0,2022-05-09,scheduled_exit,87,2022-08-19,"{""market_momentum"": -0.060726795096322284, ""market_volatility"": 0.016889899760687364, ""momentum"": -0.1005156970958111, ""volatility"": 0.039493208943114165, ""volume_state"": 18.355307272690137}",assumed_next_daily_close,9387.0,2,0000002488,0,-0.060726795096322284,0.016889899760687364,-0.1005156970958111,-593.8638,-0.06326449344838607,41.8822,7.12,4.83,229.0,609218fc08b4309035443ace,True,0.0012738853503184713,785,1.0374431039487635e-06,96390828.2,,,,,,,,,,,,,,,,,,,,,,,,,,,,,,,,,,,,,,,,,,,,bounded_preclose_bid_ask,,,,False,not_requested_for_horizon_or_variant,,,,event,covered_call,100,completed,93.87,86.36,False,-751.0,H24,1,AMD,71.8638,primary,0.039493208943114165,18.355307272690137,2022
0.05612552806276394,2022-05-09,87,ed2dff8cd44cf548534433b6,time_value,5.1815999999999995,O:AMD220819C00105000,1,1,2022-05-04,2022-05-04,107,0.0900221283443975,84,0.0,0.08115625865558751,2022-05-05,85,True,2022-05-09,87,2022-05-04,466,153129770.0,2022-05-09,scheduled_exit,87,2022-08-19,"{""market_momentum"": -0.060726795096322284, ""market_volatility"": 0.016889899760687364, ""momentum"": -0.1005156970958111, ""volatility"": 0.039493208943114165, ""volume_state"": 18.355307272690137}",assumed_next_daily_close,9387.0,2,0000002488,0,-0.060726795096322284,0.016889899760687364,-0.1005156970958111,-761.8138,-0.08115625865558751,5.632199999999999,7.12,0.0,-0.0,609218fc08b4309035443ace,True,0.0012738853503184713,785,1.0374431039487635e-06,96390828.2,,,,,,,,,,,,,,,,,,,,,,,,,,,,,,,,,,,,,,,,,,,,bounded_preclose_bid_ask,,,,False,not_requested_for_horizon_or_variant,,,,event,covered_call,100,completed,93.87,86.36,True,-751.0,H24,1,AMD,10.813799999999999,primary,0.039493208943114165,18.355307272690137,2022
0.05612552806276394,2022-05-10,88,ed2dff8cd44cf548534433b6,time_value,32.2238,O:AMD220819C00105000,1,1,2022-05-04,2022-05-04,107,0.0900221283443975,84,0.0,0.06326449344838607,2022-05-05,85,True,2022-05-10,88,2022-05-04,466,153129770.0,2022-05-10,scheduled_exit,88,2022-08-19,"{""market_momentum"": -0.060726795096322284, ""market_volatility"": 0.016889899760687364, ""momentum"": -0.1005156970958111, ""volatility"": 0.039493208943114165, ""volume_state"": 18.355307272690137}",assumed_next_daily_close,9387.0,3,0000002488,0,-0.060726795096322284,0.016889899760687364,-0.1005156970958111,-401.106,-0.04272994566954298,41.8822,7.12,5.25,187.0,609218fc08b4309035443ace,True,0.0012738853503184713,785,1.0374431039487635e-06,96390828.2,,,,,,,,,,,,,,,,,,,,,,,,,,,,,,,,,,,,,,,,,,,,bounded_preclose_bid_ask,,,,False,not_requested_for_horizon_or_variant,,,,event,covered_call,100,completed,93.87,88.73,False,-514.0,H24,1,AMD,74.106,primary,0.039493208943114165,18.355307272690137,2022
0.05612552806276394,2022-05-10,88,ed2dff8cd44cf548534433b6,time_value,5.323799999999999,O:AMD220819C00105000,1,1,2022-05-04,2022-05-04,107,0.0900221283443975,84,0.0,0.08115625865558751,2022-05-05,85,True,2022-05-10,88,2022-05-04,466,153129770.0,2022-05-10,scheduled_exit,88,2022-08-19,"{""market_momentum"": -0.060726795096322284, ""market_volatility"": 0.016889899760687364, ""momentum"": -0.1005156970958111, ""volatility"": 0.039493208943114165, ""volume_state"": 18.355307272690137}",assumed_next_daily_close,9387.0,3,0000002488,0,-0.060726795096322284,0.016889899760687364,-0.1005156970958111,-524.956,-0.05592372429956323,5.632199999999999,7.12,0.0,-0.0,609218fc08b4309035443ace,True,0.0012738853503184713,785,1.0374431039487635e-06,96390828.2,,,,,,,,,,,,,,,,,,,,,,,,,,,,,,,,,,,,,,,,,,,,bounded_preclose_bid_ask,,,,False,not_requested_for_horizon_or_variant,,,,event,covered_call,100,completed,93.87,88.73,True,-514.0,H24,1,AMD,10.956,primary,0.039493208943114165,18.355307272690137,2022
0.05612552806276394,2022-05-12,90,ed2dff8cd44cf548534433b6,time_value,29.873599999999996,O:AMD220819C00105000,1,1,2022-05-04,2022-05-04,107,0.0900221283443975,84,0.0,0.06326449344838607,2022-05-05,85,True,2022-05-12,90,2022-05-04,466,153129770.0,2022-05-12,scheduled_exit,90,2022-08-19,"{""market_momentum"": -0.060726795096322284, ""market_volatility"": 0.016889899760687364, ""momentum"": -0.1005156970958111, ""volatility"": 0.039493208943114165, ""volume_state"": 18.355307272690137}",assumed_next_daily_close,9387.0,5,0000002488,0,-0.060726795096322284,0.016889899760687364,-0.1005156970958111,-520.7558,-0.055476275700436777,41.8822,7.12,4.8,232.00000000000003,609218fc08b4309035443ace,True,0.0012738853503184713,785,1.0374431039487635e-06,96390828.2,,,,,,,,,,,,,,,,,,,,,,,,,,,,,,,,,,,,,,,,,,,,bounded_preclose_bid_ask,,,,False,not_requested_for_horizon_or_variant,,,,event,covered_call,100,completed,93.87,87.06,False,-681.0,H24,1,AMD,71.7558,primary,0.039493208943114165,18.355307272690137,2022
0.05612552806276394,2022-05-12,90,ed2dff8cd44cf548534433b6,time_value,5.223599999999999,O:AMD220819C00105000,1,1,2022-05-04,2022-05-04,107,0.0900221283443975,84,0.0,0.08115625865558751,2022-05-05,85,True,2022-05-12,90,2022-05-04,466,153129770.0,2022-05-12,scheduled_exit,90,2022-08-19,"{""market_momentum"": -0.060726795096322284, ""market_volatility"": 0.016889899760687364, ""momentum"": -0.1005156970958111, ""volatility"": 0.039493208943114165, ""volume_state"": 18.355307272690137}",assumed_next_daily_close,9387.0,5,0000002488,0,-0.060726795096322284,0.016889899760687364,-0.1005156970958111,-691.8558,-0.07370361137743689,5.632199999999999,7.12,0.0,-0.0,609218fc08b4309035443ace,True,0.0012738853503184713,785,1.0374431039487635e-06,96390828.2,,,,,,,,,,,,,,,,,,,,,,,,,,,,,,,,,,,,,,,,,,,,bounded_preclose_bid_ask,,,,False,not_requested_for_horizon_or_variant,,,,event,covered_call,100,completed,93.87,87.06,True,-681.0,H24,1,AMD,10.855799999999999,primary,0.039493208943114165,18.355307272690137,2022
0.05612552806276394,2022-05-19,95,ed2dff8cd44cf548534433b6,time_value,47.450199999999995,O:AMD220819C00105000,1,1,2022-05-04,2022-05-04,107,0.0900221283443975,84,0.0,0.06326449344838607,2022-05-05,85,True,2022-05-19,95,2022-05-04,466,153129770.0,2022-05-19,scheduled_exit,95,2022-08-19,"{""market_momentum"": -0.060726795096322284, ""market_volatility"": 0.016889899760687364, ""momentum"": -0.1005156970958111, ""volatility"": 0.039493208943114165, ""volume_state"": 18.355307272690137}",assumed_next_daily_close,9387.0,10,0000002488,0,-0.060726795096322284,0.016889899760687364,-0.1005156970958111,82.6676000000001,0.008806604879088112,41.8822,7.12,8.2,-107.99999999999991,609218fc08b4309035443ace,True,0.0012738853503184713,785,1.0374431039487635e-06,96390828.2,True,1.320062464,8.95,20,8.8,70,0.016901408450704064,0.209246691,99.48,9200,99.43,2600,0.0005027399326328203,3,,6.9,0.214964224,7.75,11,6.9,3,0.11604095563139927,94.04,0.257393243,94.04,100,93.89,1500,0.0015963390624169178,8.05,0.5806656,8.05,14,7.9,26,0.018808777429467127,96.62,0.000624964,96.64,1300,96.62,28500,0.00020697505950528845,bounded_preclose_bid_ask,122.9367999999998,0.013072820076563144,-115.00000000000003,False,completed_bounded_proxy,257.99999999999983,20.063200000000002,,event,covered_call,100,completed,93.87,96.67,False,280.0,H24,1,AMD,89.33239999999999,primary,0.039493208943114165,18.355307272690137,2022
0.05612552806276394,2022-05-19,95,ed2dff8cd44cf548534433b6,time_value,5.800199999999999,O:AMD220819C00105000,1,1,2022-05-04,2022-05-04,107,0.0900221283443975,84,0.0,0.08115625865558751,2022-05-05,85,True,2022-05-19,95,2022-05-04,466,153129770.0,2022-05-19,scheduled_exit,95,2022-08-19,"{""market_momentum"": -0.060726795096322284, ""market_volatility"": 0.016889899760687364, ""momentum"": -0.1005156970958111, ""volatility"": 0.039493208943114165, ""volume_state"": 18.355307272690137}",assumed_next_daily_close,9387.0,10,0000002488,0,-0.060726795096322284,0.016889899760687364,-0.1005156970958111,268.56759999999997,0.028610589112602534,5.632199999999999,7.12,0.0,-0.0,609218fc08b4309035443ace,True,0.0012738853503184713,785,1.0374431039487635e-06,96390828.2,True,1.320062464,8.95,20,8.8,70,0.016901408450704064,0.209246691,99.48,9200,99.43,2600,0.0005027399326328203,11,,0.0,0.214964224,7.75,11,6.9,3,0.11604095563139927,94.04,0.257393243,94.04,100,93.89,1500,0.0015963390624169178,0.0,0.5806656,8.05,14,7.9,26,0.018808777429467127,96.62,0.000624964,96.64,1300,96.62,28500,0.00020697505950528845,bounded_preclose_bid_ask,254.18679999999983,0.027029646958740945,0.0,False,completed_bounded_proxy,257.99999999999983,3.813200000000001,,event,covered_call,100,completed,93.87,96.67,True,280.0,H24,1,AMD,11.432399999999998,primary,0.039493208943114165,18.355307272690137,2022
0.05612552806276394,2022-06-06,106,ed2dff8cd44cf548534433b6,time_value,63.489,O:AMD220819C00105000,1,1,2022-05-04,2022-05-04,107,0.0900221283443975,84,0.0,0.06326449344838607,2022-05-05,85,True,2022-06-06,106,2022-05-04,466,153129770.0,2022-06-06,scheduled_exit,106,2022-08-19,"{""market_momentum"": -0.060726795096322284, ""market_volatility"": 0.016889899760687364, ""momentum"": -0.1005156970958111, ""volatility"": 0.039493208943114165, ""volume_state"": 18.355307272690137}",assumed_next_daily_close,9387.0,21,0000002488,0,-0.060726795096322284,0.016889899760687364,-0.1005156970958111,654.6288,0.06973780760626398,41.8822,7.12,11.3,-418.00000000000006,609218fc08b4309035443ace,True,0.0012738853503184713,785,1.0374431039487635e-06,96390828.2,,,,,,,,,,,,,,,,,,,,,,,,,,,,,,,,,,,,,,,,,,,,bounded_preclose_bid_ask,,,,False,not_requested_for_horizon_or_variant,,,,event,covered_call,100,completed,93.87,105.65,False,1178.0,H24,1,AMD,105.37119999999999,primary,0.039493208943114165,18.355307272690137,2022
0.05612552806276394,2022-06-06,106,ed2dff8cd44cf548534433b6,time_value,6.3389999999999995,O:AMD220819C00105000,1,1,2022-05-04,2022-05-04,107,0.0900221283443975,84,0.0,0.08115625865558751,2022-05-05,85,True,2022-06-06,106,2022-05-04,466,153129770.0,2022-06-06,scheduled_exit,106,2022-08-19,"{""market_momentum"": -0.060726795096322284, ""market_volatility"": 0.016889899760687364, ""momentum"": -0.1005156970958111, ""volatility"": 0.039493208943114165, ""volume_state"": 18.355307272690137}",assumed_next_daily_close,9387.0,21,0000002488,0,-0.060726795096322284,0.016889899760687364,-0.1005156970958111,1166.0288,0.12421740705230638,5.632199999999999,7.12,0.0,-0.0,609218fc08b4309035443ace,True,0.0012738853503184713,785,1.0374431039487635e-06,96390828.2,,,,,,,,,,,,,,,,,,,,,,,,,,,,,,,,,,,,,,,,,,,,bounded_preclose_bid_ask,,,,False,not_requested_for_horizon_or_variant,,,,event,covered_call,100,completed,93.87,105.65,True,1178.0,H24,1,AMD,11.9712,primary,0.039493208943114165,18.355307272690137,2022
0.05612552806276394,2022-07-07,127,ed2dff8cd44cf548534433b6,time_value,7.6080000000000005,O:AMD220819C00105000,1,1,2022-05-04,2022-05-04,107,0.0900221283443975,84,0.0,0.14769920102269096,2022-05-05,85,True,2022-07-07,127,2022-05-04,466,153129770.0,2022-07-07,scheduled_exit,127,2022-08-19,"{""market_momentum"": -0.060726795096322284, ""market_volatility"": 0.016889899760687364, ""momentum"": -0.1005156970958111, ""volatility"": 0.039493208943114165, ""volume_state"": 18.355307272690137}",assumed_next_daily_close,9387.0,42,0000002488,0,-0.060726795096322284,0.016889899760687364,-0.1005156970958111,-838.4902,-0.08932461915414935,41.8822,7.12,0.44,668.0,609218fc08b4309035443ace,True,0.0012738853503184713,785,1.0374431039487635e-06,96390828.2,,,,,,,,,,,,,,,,,,,,,,,,,,,,,,,,,,,,,,,,,,,,bounded_preclose_bid_ask,,,,False,not_requested_for_horizon_or_variant,,,,event,covered_call,100,completed,93.87,79.3,False,-1457.0,H24,1,AMD,49.4902,primary,0.039493208943114165,18.355307272690137,2022
0.05612552806276394,2022-07-07,127,ed2dff8cd44cf548534433b6,time_value,4.758,O:AMD220819C00105000,1,1,2022-05-04,2022-05-04,107,0.0900221283443975,84,0.0,0.21626210716948974,2022-05-05,85,True,2022-07-07,127,2022-05-04,466,153129770.0,2022-07-07,scheduled_exit,127,2022-08-19,"{""market_momentum"": -0.060726795096322284, ""market_volatility"": 0.016889899760687364, ""momentum"": -0.1005156970958111, ""volatility"": 0.039493208943114165, ""volume_state"": 18.355307272690137}",assumed_next_daily_close,9387.0,42,0000002488,0,-0.060726795096322284,0.016889899760687364,-0.1005156970958111,-1467.3902,-0.15632152977522107,5.632199999999999,7.12,0.0,-0.0,609218fc08b4309035443ace,True,0.0012738853503184713,785,1.0374431039487635e-06,96390828.2,,,,,,,,,,,,,,,,,,,,,,,,,,,,,,,,,,,,,,,,,,,,bounded_preclose_bid_ask,,,,False,not_requested_for_horizon_or_variant,,,,event,covered_call,100,completed,93.87,79.3,True,-1457.0,H24,1,AMD,10.3902,primary,0.039493208943114165,18.355307272690137,2022
0.05612552806276394,2022-08-05,148,ed2dff8cd44cf548534433b6,time_value,19.0886,O:AMD220819C00105000,1,1,2022-05-04,2022-05-04,107,0.0900221283443975,84,0.0,0.14769920102269096,2022-05-05,85,True,2022-08-05,148,2022-05-04,466,153129770.0,2022-08-05,scheduled_exit,148,2022-08-19,"{""market_momentum"": -0.060726795096322284, ""market_volatility"": 0.016889899760687364, ""momentum"": -0.1005156970958111, ""volatility"": 0.039493208943114165, ""volume_state"": 18.355307272690137}",assumed_next_daily_close,9387.0,63,0000002488,0,-0.060726795096322284,0.016889899760687364,-0.1005156970958111,1249.0292,0.13305946521785447,41.8822,7.12,2.46,466.0,609218fc08b4309035443ace,True,0.0012738853503184713,785,1.0374431039487635e-06,96390828.2,,,,,,,,,,,,,,,,,,,,,,,,,,,,,,,,,,,,,,,,,,,,bounded_preclose_bid_ask,,,,False,not_requested_for_horizon_or_variant,,,,event,covered_call,100,completed,93.87,102.31,False,844.0,H24,1,AMD,60.9708,primary,0.039493208943114165,18.355307272690137,2022
0.05612552806276394,2022-08-05,148,ed2dff8cd44cf548534433b6,time_value,6.138599999999999,O:AMD220819C00105000,1,1,2022-05-04,2022-05-04,107,0.0900221283443975,84,0.0,0.21626210716948974,2022-05-05,85,True,2022-08-05,148,2022-05-04,466,153129770.0,2022-08-05,scheduled_exit,148,2022-08-19,"{""market_momentum"": -0.060726795096322284, ""market_volatility"": 0.016889899760687364, ""momentum"": -0.1005156970958111, ""volatility"": 0.039493208943114165, ""volume_state"": 18.355307272690137}",assumed_next_daily_close,9387.0,63,0000002488,0,-0.060726795096322284,0.016889899760687364,-0.1005156970958111,832.2292,0.08865763289655908,5.632199999999999,7.12,0.0,-0.0,609218fc08b4309035443ace,True,0.0012738853503184713,785,1.0374431039487635e-06,96390828.2,,,,,,,,,,,,,,,,,,,,,,,,,,,,,,,,,,,,,,,,,,,,bounded_preclose_bid_ask,,,,False,not_requested_for_horizon_or_variant,,,,event,covered_call,100,completed,93.87,102.31,True,844.0,H24,1,AMD,11.770799999999998,primary,0.039493208943114165,18.355307272690137,2022
0.05612552806276394,2022-08-19,158,ed2dff8cd44cf548534433b6,time_value,6.407,O:AMD220819C00105000,1,1,2022-05-04,2022-05-04,107,0.0900221283443975,84,0.0,0.14769920102269096,2022-05-05,85,True,2022-08-19,158,2022-05-04,466,153129770.0,2022-08-19,expiry_worthless,158,2022-08-19,"{""market_momentum"": -0.060726795096322284, ""market_volatility"": 0.016889899760687364, ""momentum"": -0.1005156970958111, ""volatility"": 0.039493208943114165, ""volume_state"": 18.355307272690137}",assumed_next_daily_close,9387.0,expiry,0000002488,0,-0.060726795096322284,0.016889899760687364,-0.1005156970958111,871.7108,0.0928636198998615,41.8822,7.12,0.0,712.0,609218fc08b4309035443ace,True,0.0012738853503184713,785,1.0374431039487635e-06,96390828.2,,,,,,,,,,,,,,,,,,,,,,,,,,,,,,,,,,,,,,,,,,,,bounded_preclose_bid_ask,,,,False,not_requested_for_horizon_or_variant,,,,event,covered_call,100,completed,93.87,95.95,False,208.0,H24,1,AMD,48.289199999999994,primary,0.039493208943114165,18.355307272690137,2022
0.05612552806276394,2022-08-19,158,ed2dff8cd44cf548534433b6,time_value,5.757,O:AMD220819C00105000,1,1,2022-05-04,2022-05-04,107,0.0900221283443975,84,0.0,0.21626210716948974,2022-05-05,85,True,2022-08-19,158,2022-05-04,466,153129770.0,2022-08-19,scheduled_exit,158,2022-08-19,"{""market_momentum"": -0.060726795096322284, ""market_volatility"": 0.016889899760687364, ""momentum"": -0.1005156970958111, ""volatility"": 0.039493208943114165, ""volume_state"": 18.355307272690137}",assumed_next_daily_close,9387.0,expiry,0000002488,0,-0.060726795096322284,0.016889899760687364,-0.1005156970958111,196.61079999999998,0.020945009055076166,5.632199999999999,7.12,0.0,-0.0,609218fc08b4309035443ace,True,0.0012738853503184713,785,1.0374431039487635e-06,96390828.2,,,,,,,,,,,,,,,,,,,,,,,,,,,,,,,,,,,,,,,,,,,,bounded_preclose_bid_ask,,,,False,not_requested_for_horizon_or_variant,,,,event,covered_call,100,completed,93.87,95.95,True,208.0,H24,1,AMD,11.389199999999999,primary,0.039493208943114165,18.355307272690137,2022
,,,f7f72cd592869f6ccdf52eab,time_value,,,1,1,2025-10-10,2025-10-10,,,946,,,2025-10-13,947,False,,,2025-10-10,,,,,,,"{""market_momentum"": -0.0070100208323830016, ""market_volatility"": 0.006937774584250464, ""momentum"": -0.06545017482517479, ""volatility"": 0.013972438604744931, ""volume_state"": 16.038881799291893}",assumed_next_daily_close,,1,0000027419,,-0.0070100208323830016,0.006937774584250464,-0.06545017482517479,,,,,,,db7225f6a0e6db2a38b85e66,False,,,,,,,,,,,,,,,,,,,,,,,,,,,,,,,,,,,,,,,,,,,,,,,,bounded_preclose_bid_ask,,,,False,not_requested_for_horizon_or_variant,,,no_standard_contract_within_rules,event,protective_put,,no_standard_contract_within_rules,,,False,,H24,1,TGT,,primary,0.013972438604744931,16.038881799291893,2025
,,,f7f72cd592869f6ccdf52eab,time_value,,,1,1,2025-10-10,2025-10-10,,,946,,,2025-10-13,947,False,,,2025-10-10,,,,,,,"{""market_momentum"": -0.0070100208323830016, ""market_volatility"": 0.006937774584250464, ""momentum"": -0.06545017482517479, ""volatility"": 0.013972438604744931, ""volume_state"": 16.038881799291893}",assumed_next_daily_close,,1,0000027419,,-0.0070100208323830016,0.006937774584250464,-0.06545017482517479,,,,,,,db7225f6a0e6db2a38b85e66,False,,,,,,,,,,,,,,,,,,,,,,,,,,,,,,,,,,,,,,,,,,,,,,,,bounded_preclose_bid_ask,,,,False,not_requested_for_horizon_or_variant,,,no_standard_contract_within_rules,event,protective_put,,no_standard_contract_within_rules,,,True,,H24,1,TGT,,primary,0.013972438604744931,16.038881799291893,2025
,,,f7f72cd592869f6ccdf52eab,time_value,,,1,1,2025-10-10,2025-10-10,,,946,,,2025-10-13,947,False,,,2025-10-10,,,,,,,"{""market_momentum"": -0.0070100208323830016, ""market_volatility"": 0.006937774584250464, ""momentum"": -0.06545017482517479, ""volatility"": 0.013972438604744931, ""volume_state"": 16.038881799291893}",assumed_next_daily_close,,2,0000027419,,-0.0070100208323830016,0.006937774584250464,-0.06545017482517479,,,,,,,db7225f6a0e6db2a38b85e66,False,,,,,,,,,,,,,,,,,,,,,,,,,,,,,,,,,,,,,,,,,,,,,,,,bounded_preclose_bid_ask,,,,False,not_requested_for_horizon_or_variant,,,no_standard_contract_within_rules,event,protective_put,,no_standard_contract_within_rules,,,False,,H24,1,TGT,,primary,0.013972438604744931,16.038881799291893,2025
,,,f7f72cd592869f6ccdf52eab,time_value,,,1,1,2025-10-10,2025-10-10,,,946,,,2025-10-13,947,False,,,2025-10-10,,,,,,,"{""market_momentum"": -0.0070100208323830016, ""market_volatility"": 0.006937774584250464, ""momentum"": -0.06545017482517479, ""volatility"": 0.013972438604744931, ""volume_state"": 16.038881799291893}",assumed_next_daily_close,,2,0000027419,,-0.0070100208323830016,0.006937774584250464,-0.06545017482517479,,,,,,,db7225f6a0e6db2a38b85e66,False,,,,,,,,,,,,,,,,,,,,,,,,,,,,,,,,,,,,,,,,,,,,,,,,bounded_preclose_bid_ask,,,,False,not_requested_for_horizon_or_variant,,,no_standard_contract_within_rules,event,protective_put,,no_standard_contract_within_rules,,,True,,H24,1,TGT,,primary,0.013972438604744931,16.038881799291893,2025
,,,f7f72cd592869f6ccdf52eab,time_value,,,1,1,2025-10-10,2025-10-10,,,946,,,2025-10-13,947,False,,,2025-10-10,,,,,,,"{""market_momentum"": -0.0070100208323830016, ""market_volatility"": 0.006937774584250464, ""momentum"": -0.06545017482517479, ""volatility"": 0.013972438604744931, ""volume_state"": 16.038881799291893}",assumed_next_daily_close,,3,0000027419,,-0.0070100208323830016,0.006937774584250464,-0.06545017482517479,,,,,,,db7225f6a0e6db2a38b85e66,False,,,,,,,,,,,,,,,,,,,,,,,,,,,,,,,,,,,,,,,,,,,,,,,,bounded_preclose_bid_ask,,,,False,not_requested_for_horizon_or_variant,,,no_standard_contract_within_rules,event,protective_put,,no_standard_contract_within_rules,,,False,,H24,1,TGT,,primary,0.013972438604744931,16.038881799291893,2025
,,,f7f72cd592869f6ccdf52eab,time_value,,,1,1,2025-10-10,2025-10-10,,,946,,,2025-10-13,947,False,,,2025-10-10,,,,,,,"{""market_momentum"": -0.0070100208323830016, ""market_volatility"": 0.006937774584250464, ""momentum"": -0.06545017482517479, ""volatility"": 0.013972438604744931, ""volume_state"": 16.038881799291893}",assumed_next_daily_close,,3,0000027419,,-0.0070100208323830016,0.006937774584250464,-0.06545017482517479,,,,,,,db7225f6a0e6db2a38b85e66,False,,,,,,,,,,,,,,,,,,,,,,,,,,,,,,,,,,,,,,,,,,,,,,,,bounded_preclose_bid_ask,,,,False,not_requested_for_horizon_or_variant,,,no_standard_contract_within_rules,event,protective_put,,no_standard_contract_within_rules,,,True,,H24,1,TGT,,primary,0.013972438604744931,16.038881799291893,2025
,,,f7f72cd592869f6ccdf52eab,time_value,,,1,1,2025-10-10,2025-10-10,,,946,,,2025-10-13,947,False,,,2025-10-10,,,,,,,"{""market_momentum"": -0.0070100208323830016, ""market_volatility"": 0.006937774584250464, ""momentum"": -0.06545017482517479, ""volatility"": 0.013972438604744931, ""volume_state"": 16.038881799291893}",assumed_next_daily_close,,5,0000027419,,-0.0070100208323830016,0.006937774584250464,-0.06545017482517479,,,,,,,db7225f6a0e6db2a38b85e66,False,,,,,,,,,,,,,,,,,,,,,,,,,,,,,,,,,,,,,,,,,,,,,,,,bounded_preclose_bid_ask,,,,False,not_requested_for_horizon_or_variant,,,no_standard_contract_within_rules,event,protective_put,,no_standard_contract_within_rules,,,False,,H24,1,TGT,,primary,0.013972438604744931,16.038881799291893,2025
,,,f7f72cd592869f6ccdf52eab,time_value,,,1,1,2025-10-10,2025-10-10,,,946,,,2025-10-13,947,False,,,2025-10-10,,,,,,,"{""market_momentum"": -0.0070100208323830016, ""market_volatility"": 0.006937774584250464, ""momentum"": -0.06545017482517479, ""volatility"": 0.013972438604744931, ""volume_state"": 16.038881799291893}",assumed_next_daily_close,,5,0000027419,,-0.0070100208323830016,0.006937774584250464,-0.06545017482517479,,,,,,,db7225f6a0e6db2a38b85e66,False,,,,,,,,,,,,,,,,,,,,,,,,,,,,,,,,,,,,,,,,,,,,,,,,bounded_preclose_bid_ask,,,,False,not_requested_for_horizon_or_variant,,,no_standard_contract_within_rules,event,protective_put,,no_standard_contract_within_rules,,,True,,H24,1,TGT,,primary,0.013972438604744931,16.038881799291893,2025
,,,f7f72cd592869f6ccdf52eab,time_value,,,1,1,2025-10-10,2025-10-10,,,946,,,2025-10-13,947,False,,,2025-10-10,,,,,,,"{""market_momentum"": -0.0070100208323830016, ""market_volatility"": 0.006937774584250464, ""momentum"": -0.06545017482517479, ""volatility"": 0.013972438604744931, ""volume_state"": 16.038881799291893}",assumed_next_daily_close,,10,0000027419,,-0.0070100208323830016,0.006937774584250464,-0.06545017482517479,,,,,,,db7225f6a0e6db2a38b85e66,False,,,,,,,,,,,,,,,,,,,,,,,,,,,,,,,,,,,,,,,,,,,,,,,,bounded_preclose_bid_ask,,,,False,not_sampled_or_missing_quotes,,,no_standard_contract_within_rules,event,protective_put,,no_standard_contract_within_rules,,,False,,H24,1,TGT,,primary,0.013972438604744931,16.038881799291893,2025
,,,f7f72cd592869f6ccdf52eab,time_value,,,1,1,2025-10-10,2025-10-10,,,946,,,2025-10-13,947,False,,,2025-10-10,,,,,,,"{""market_momentum"": -0.0070100208323830016, ""market_volatility"": 0.006937774584250464, ""momentum"": -0.06545017482517479, ""volatility"": 0.013972438604744931, ""volume_state"": 16.038881799291893}",assumed_next_daily_close,,10,0000027419,,-0.0070100208323830016,0.006937774584250464,-0.06545017482517479,,,,,,,db7225f6a0e6db2a38b85e66,False,,,,,,,,,,,,,,,,,,,,,,,,,,,,,,,,,,,,,,,,,,,,,,,,bounded_preclose_bid_ask,,,,False,not_sampled_or_missing_quotes,,,no_standard_contract_within_rules,event,protective_put,,no_standard_contract_within_rules,,,True,,H24,1,TGT,,primary,0.013972438604744931,16.038881799291893,2025
,,,f7f72cd592869f6ccdf52eab,time_value,,,1,1,2025-10-10,2025-10-10,,,946,,,2025-10-13,947,False,,,2025-10-10,,,,,,,"{""market_momentum"": -0.0070100208323830016, ""market_volatility"": 0.006937774584250464, ""momentum"": -0.06545017482517479, ""volatility"": 0.013972438604744931, ""volume_state"": 16.038881799291893}",assumed_next_daily_close,,21,0000027419,,-0.0070100208323830016,0.006937774584250464,-0.06545017482517479,,,,,,,db7225f6a0e6db2a38b85e66,False,,,,,,,,,,,,,,,,,,,,,,,,,,,,,,,,,,,,,,,,,,,,,,,,bounded_preclose_bid_ask,,,,False,not_requested_for_horizon_or_variant,,,no_standard_contract_within_rules,event,protective_put,,no_standard_contract_within_rules,,,False,,H24,1,TGT,,primary,0.013972438604744931,16.038881799291893,2025
,,,f7f72cd592869f6ccdf52eab,time_value,,,1,1,2025-10-10,2025-10-10,,,946,,,2025-10-13,947,False,,,2025-10-10,,,,,,,"{""market_momentum"": -0.0070100208323830016, ""market_volatility"": 0.006937774584250464, ""momentum"": -0.06545017482517479, ""volatility"": 0.013972438604744931, ""volume_state"": 16.038881799291893}",assumed_next_daily_close,,21,0000027419,,-0.0070100208323830016,0.006937774584250464,-0.06545017482517479,,,,,,,db7225f6a0e6db2a38b85e66,False,,,,,,,,,,,,,,,,,,,,,,,,,,,,,,,,,,,,,,,,,,,,,,,,bounded_preclose_bid_ask,,,,False,not_requested_for_horizon_or_variant,,,no_standard_contract_within_rules,event,protective_put,,no_standard_contract_within_rules,,,True,,H24,1,TGT,,primary,0.013972438604744931,16.038881799291893,2025
,,,f7f72cd592869f6ccdf52eab,time_value,,,1,1,2025-10-10,2025-10-10,,,946,,,2025-10-13,947,False,,,2025-10-10,,,,,,,"{""market_momentum"": -0.0070100208323830016, ""market_volatility"": 0.006937774584250464, ""momentum"": -0.06545017482517479, ""volatility"": 0.013972438604744931, ""volume_state"": 16.038881799291893}",assumed_next_daily_close,,42,0000027419,,-0.0070100208323830016,0.006937774584250464,-0.06545017482517479,,,,,,,db7225f6a0e6db2a38b85e66,False,,,,,,,,,,,,,,,,,,,,,,,,,,,,,,,,,,,,,,,,,,,,,,,,bounded_preclose_bid_ask,,,,False,not_requested_for_horizon_or_variant,,,no_standard_contract_within_rules,event,protective_put,,no_standard_contract_within_rules,,,False,,H24,1,TGT,,primary,0.013972438604744931,16.038881799291893,2025
,,,f7f72cd592869f6ccdf52eab,time_value,,,1,1,2025-10-10,2025-10-10,,,946,,,2025-10-13,947,False,,,2025-10-10,,,,,,,"{""market_momentum"": -0.0070100208323830016, ""market_volatility"": 0.006937774584250464, ""momentum"": -0.06545017482517479, ""volatility"": 0.013972438604744931, ""volume_state"": 16.038881799291893}",assumed_next_daily_close,,42,0000027419,,-0.0070100208323830016,0.006937774584250464,-0.06545017482517479,,,,,,,db7225f6a0e6db2a38b85e66,False,,,,,,,,,,,,,,,,,,,,,,,,,,,,,,,,,,,,,,,,,,,,,,,,bounded_preclose_bid_ask,,,,False,not_requested_for_horizon_or_variant,,,no_standard_contract_within_rules,event,protective_put,,no_standard_contract_within_rules,,,True,,H24,1,TGT,,primary,0.013972438604744931,16.038881799291893,2025
,,,f7f72cd592869f6ccdf52eab,time_value,,,1,1,2025-10-10,2025-10-10,,,946,,,2025-10-13,947,False,,,2025-10-10,,,,,,,"{""market_momentum"": -0.0070100208323830016, ""market_volatility"": 0.006937774584250464, ""momentum"": -0.06545017482517479, ""volatility"": 0.013972438604744931, ""volume_state"": 16.038881799291893}",assumed_next_daily_close,,63,0000027419,,-0.0070100208323830016,0.006937774584250464,-0.06545017482517479,,,,,,,db7225f6a0e6db2a38b85e66,False,,,,,,,,,,,,,,,,,,,,,,,,,,,,,,,,,,,,,,,,,,,,,,,,bounded_preclose_bid_ask,,,,False,not_requested_for_horizon_or_variant,,,no_standard_contract_within_rules,event,protective_put,,no_standard_contract_within_rules,,,False,,H24,1,TGT,,primary,0.013972438604744931,16.038881799291893,2025
,,,f7f72cd592869f6ccdf52eab,time_value,,,1,1,2025-10-10,2025-10-10,,,946,,,2025-10-13,947,False,,,2025-10-10,,,,,,,"{""market_momentum"": -0.0070100208323830016, ""market_volatility"": 0.006937774584250464, ""momentum"": -0.06545017482517479, ""volatility"": 0.013972438604744931, ""volume_state"": 16.038881799291893}",assumed_next_daily_close,,63,0000027419,,-0.0070100208323830016,0.006937774584250464,-0.06545017482517479,,,,,,,db7225f6a0e6db2a38b85e66,False,,,,,,,,,,,,,,,,,,,,,,,,,,,,,,,,,,,,,,,,,,,,,,,,bounded_preclose_bid_ask,,,,False,not_requested_for_horizon_or_variant,,,no_standard_contract_within_rules,event,protective_put,,no_standard_contract_within_rules,,,True,,H24,1,TGT,,primary,0.013972438604744931,16.038881799291893,2025
,,,f7f72cd592869f6ccdf52eab,time_value,,,1,1,2025-10-10,2025-10-10,,,946,,,2025-10-13,947,False,,,2025-10-10,,,,,,,"{""market_momentum"": -0.0070100208323830016, ""market_volatility"": 0.006937774584250464, ""momentum"": -0.06545017482517479, ""volatility"": 0.013972438604744931, ""volume_state"": 16.038881799291893}",assumed_next_daily_close,,expiry,0000027419,,-0.0070100208323830016,0.006937774584250464,-0.06545017482517479,,,,,,,db7225f6a0e6db2a38b85e66,False,,,,,,,,,,,,,,,,,,,,,,,,,,,,,,,,,,,,,,,,,,,,,,,,bounded_preclose_bid_ask,,,,False,not_requested_for_horizon_or_variant,,,no_standard_contract_within_rules,event,protective_put,,no_standard_contract_within_rules,,,False,,H24,1,TGT,,primary,0.013972438604744931,16.038881799291893,2025
,,,f7f72cd592869f6ccdf52eab,time_value,,,1,1,2025-10-10,2025-10-10,,,946,,,2025-10-13,947,False,,,2025-10-10,,,,,,,"{""market_momentum"": -0.0070100208323830016, ""market_volatility"": 0.006937774584250464, ""momentum"": -0.06545017482517479, ""volatility"": 0.013972438604744931, ""volume_state"": 16.038881799291893}",assumed_next_daily_close,,expiry,0000027419,,-0.0070100208323830016,0.006937774584250464,-0.06545017482517479,,,,,,,db7225f6a0e6db2a38b85e66,False,,,,,,,,,,,,,,,,,,,,,,,,,,,,,,,,,,,,,,,,,,,,,,,,bounded_preclose_bid_ask,,,,False,not_requested_for_horizon_or_variant,,,no_standard_contract_within_rules,event,protective_put,,no_standard_contract_within_rules,,,True,,H24,1,TGT,,primary,0.013972438604744931,16.038881799291893,2025
,,,fb9c97af3445754e36f69293,time_value,,,1,1,2025-02-18,2025-02-18,,,783,,,2025-02-19,784,False,,,2025-09-04,,,,,,,"{""market_momentum"": 0.033550807923737436, ""market_volatility"": 0.006850114647510945, ""momentum"": -0.06976744186046513, ""volatility"": 0.018391537708682536, ""volume_state"": 14.769861843086902}",assumed_next_daily_close,,1,0000018230,,0.033550807923737436,0.006850114647510945,-0.06976744186046513,,,,,,,72ac797f7e8b06ab2a2713c9,False,,,,,,,,,,,,,,,,,,,,,,,,,,,,,,,,,,,,,,,,,,,,,,,,bounded_preclose_bid_ask,,,,False,not_requested_for_horizon_or_variant,,,thin_prior_option_volume,ordinary,covered_call,,thin_prior_option_volume,,,False,,H24,1,CAT,,primary,0.018391537708682536,14.769861843086902,2025
,,,fb9c97af3445754e36f69293,time_value,,,1,1,2025-02-18,2025-02-18,,,783,,,2025-02-19,784,False,,,2025-09-04,,,,,,,"{""market_momentum"": 0.033550807923737436, ""market_volatility"": 0.006850114647510945, ""momentum"": -0.06976744186046513, ""volatility"": 0.018391537708682536, ""volume_state"": 14.769861843086902}",assumed_next_daily_close,,1,0000018230,,0.033550807923737436,0.006850114647510945,-0.06976744186046513,,,,,,,72ac797f7e8b06ab2a2713c9,False,,,,,,,,,,,,,,,,,,,,,,,,,,,,,,,,,,,,,,,,,,,,,,,,bounded_preclose_bid_ask,,,,False,not_requested_for_horizon_or_variant,,,thin_prior_option_volume,ordinary,covered_call,,thin_prior_option_volume,,,True,,H24,1,CAT,,primary,0.018391537708682536,14.769861843086902,2025
,,,fb9c97af3445754e36f69293,time_value,,,1,1,2025-02-18,2025-02-18,,,783,,,2025-02-19,784,False,,,2025-09-04,,,,,,,"{""market_momentum"": 0.033550807923737436, ""market_volatility"": 0.006850114647510945, ""momentum"": -0.06976744186046513, ""volatility"": 0.018391537708682536, ""volume_state"": 14.769861843086902}",assumed_next_daily_close,,2,0000018230,,0.033550807923737436,0.006850114647510945,-0.06976744186046513,,,,,,,72ac797f7e8b06ab2a2713c9,False,,,,,,,,,,,,,,,,,,,,,,,,,,,,,,,,,,,,,,,,,,,,,,,,bounded_preclose_bid_ask,,,,False,not_requested_for_horizon_or_variant,,,thin_prior_option_volume,ordinary,covered_call,,thin_prior_option_volume,,,False,,H24,1,CAT,,primary,0.018391537708682536,14.769861843086902,2025
,,,fb9c97af3445754e36f69293,time_value,,,1,1,2025-02-18,2025-02-18,,,783,,,2025-02-19,784,False,,,2025-09-04,,,,,,,"{""market_momentum"": 0.033550807923737436, ""market_volatility"": 0.006850114647510945, ""momentum"": -0.06976744186046513, ""volatility"": 0.018391537708682536, ""volume_state"": 14.769861843086902}",assumed_next_daily_close,,2,0000018230,,0.033550807923737436,0.006850114647510945,-0.06976744186046513,,,,,,,72ac797f7e8b06ab2a2713c9,False,,,,,,,,,,,,,,,,,,,,,,,,,,,,,,,,,,,,,,,,,,,,,,,,bounded_preclose_bid_ask,,,,False,not_requested_for_horizon_or_variant,,,thin_prior_option_volume,ordinary,covered_call,,thin_prior_option_volume,,,True,,H24,1,CAT,,primary,0.018391537708682536,14.769861843086902,2025
,,,fb9c97af3445754e36f69293,time_value,,,1,1,2025-02-18,2025-02-18,,,783,,,2025-02-19,784,False,,,2025-09-04,,,,,,,"{""market_momentum"": 0.033550807923737436, ""market_volatility"": 0.006850114647510945, ""momentum"": -0.06976744186046513, ""volatility"": 0.018391537708682536, ""volume_state"": 14.769861843086902}",assumed_next_daily_close,,3,0000018230,,0.033550807923737436,0.006850114647510945,-0.06976744186046513,,,,,,,72ac797f7e8b06ab2a2713c9,False,,,,,,,,,,,,,,,,,,,,,,,,,,,,,,,,,,,,,,,,,,,,,,,,bounded_preclose_bid_ask,,,,False,not_requested_for_horizon_or_variant,,,thin_prior_option_volume,ordinary,covered_call,,thin_prior_option_volume,,,False,,H24,1,CAT,,primary,0.018391537708682536,14.769861843086902,2025
,,,fb9c97af3445754e36f69293,time_value,,,1,1,2025-02-18,2025-02-18,,,783,,,2025-02-19,784,False,,,2025-09-04,,,,,,,"{""market_momentum"": 0.033550807923737436, ""market_volatility"": 0.006850114647510945, ""momentum"": -0.06976744186046513, ""volatility"": 0.018391537708682536, ""volume_state"": 14.769861843086902}",assumed_next_daily_close,,3,0000018230,,0.033550807923737436,0.006850114647510945,-0.06976744186046513,,,,,,,72ac797f7e8b06ab2a2713c9,False,,,,,,,,,,,,,,,,,,,,,,,,,,,,,,,,,,,,,,,,,,,,,,,,bounded_preclose_bid_ask,,,,False,not_requested_for_horizon_or_variant,,,thin_prior_option_volume,ordinary,covered_call,,thin_prior_option_volume,,,True,,H24,1,CAT,,primary,0.018391537708682536,14.769861843086902,2025
,,,fb9c97af3445754e36f69293,time_value,,,1,1,2025-02-18,2025-02-18,,,783,,,2025-02-19,784,False,,,2025-09-04,,,,,,,"{""market_momentum"": 0.033550807923737436, ""market_volatility"": 0.006850114647510945, ""momentum"": -0.06976744186046513, ""volatility"": 0.018391537708682536, ""volume_state"": 14.769861843086902}",assumed_next_daily_close,,5,0000018230,,0.033550807923737436,0.006850114647510945,-0.06976744186046513,,,,,,,72ac797f7e8b06ab2a2713c9,False,,,,,,,,,,,,,,,,,,,,,,,,,,,,,,,,,,,,,,,,,,,,,,,,bounded_preclose_bid_ask,,,,False,not_requested_for_horizon_or_variant,,,thin_prior_option_volume,ordinary,covered_call,,thin_prior_option_volume,,,False,,H24,1,CAT,,primary,0.018391537708682536,14.769861843086902,2025
,,,fb9c97af3445754e36f69293,time_value,,,1,1,2025-02-18,2025-02-18,,,783,,,2025-02-19,784,False,,,2025-09-04,,,,,,,"{""market_momentum"": 0.033550807923737436, ""market_volatility"": 0.006850114647510945, ""momentum"": -0.06976744186046513, ""volatility"": 0.018391537708682536, ""volume_state"": 14.769861843086902}",assumed_next_daily_close,,5,0000018230,,0.033550807923737436,0.006850114647510945,-0.06976744186046513,,,,,,,72ac797f7e8b06ab2a2713c9,False,,,,,,,,,,,,,,,,,,,,,,,,,,,,,,,,,,,,,,,,,,,,,,,,bounded_preclose_bid_ask,,,,False,not_requested_for_horizon_or_variant,,,thin_prior_option_volume,ordinary,covered_call,,thin_prior_option_volume,,,True,,H24,1,CAT,,primary,0.018391537708682536,14.769861843086902,2025
,,,fb9c97af3445754e36f69293,time_value,,,1,1,2025-02-18,2025-02-18,,,783,,,2025-02-19,784,False,,,2025-09-04,,,,,,,"{""market_momentum"": 0.033550807923737436, ""market_volatility"": 0.006850114647510945, ""momentum"": -0.06976744186046513, ""volatility"": 0.018391537708682536, ""volume_state"": 14.769861843086902}",assumed_next_daily_close,,10,0000018230,,0.033550807923737436,0.006850114647510945,-0.06976744186046513,,,,,,,72ac797f7e8b06ab2a2713c9,False,,,,,,,,,,,,,,,,,,,,,,,,,,,,,,,,,,,,,,,,,,,,,,,,bounded_preclose_bid_ask,,,,False,bar_outcome_not_completed,,,thin_prior_option_volume,ordinary,covered_call,,thin_prior_option_volume,,,False,,H24,1,CAT,,primary,0.018391537708682536,14.769861843086902,2025
,,,fb9c97af3445754e36f69293,time_value,,,1,1,2025-02-18,2025-02-18,,,783,,,2025-02-19,784,False,,,2025-09-04,,,,,,,"{""market_momentum"": 0.033550807923737436, ""market_volatility"": 0.006850114647510945, ""momentum"": -0.06976744186046513, ""volatility"": 0.018391537708682536, ""volume_state"": 14.769861843086902}",assumed_next_daily_close,,10,0000018230,,0.033550807923737436,0.006850114647510945,-0.06976744186046513,,,,,,,72ac797f7e8b06ab2a2713c9,False,,,,,,,,,,,,,,,,,,,,,,,,,,,,,,,,,,,,,,,,,,,,,,,,bounded_preclose_bid_ask,,,,False,bar_outcome_not_completed,,,thin_prior_option_volume,ordinary,covered_call,,thin_prior_option_volume,,,True,,H24,1,CAT,,primary,0.018391537708682536,14.769861843086902,2025
,,,fb9c97af3445754e36f69293,time_value,,,1,1,2025-02-18,2025-02-18,,,783,,,2025-02-19,784,False,,,2025-09-04,,,,,,,"{""market_momentum"": 0.033550807923737436, ""market_volatility"": 0.006850114647510945, ""momentum"": -0.06976744186046513, ""volatility"": 0.018391537708682536, ""volume_state"": 14.769861843086902}",assumed_next_daily_close,,21,0000018230,,0.033550807923737436,0.006850114647510945,-0.06976744186046513,,,,,,,72ac797f7e8b06ab2a2713c9,False,,,,,,,,,,,,,,,,,,,,,,,,,,,,,,,,,,,,,,,,,,,,,,,,bounded_preclose_bid_ask,,,,False,not_requested_for_horizon_or_variant,,,thin_prior_option_volume,ordinary,covered_call,,thin_prior_option_volume,,,False,,H24,1,CAT,,primary,0.018391537708682536,14.769861843086902,2025
,,,fb9c97af3445754e36f69293,time_value,,,1,1,2025-02-18,2025-02-18,,,783,,,2025-02-19,784,False,,,2025-09-04,,,,,,,"{""market_momentum"": 0.033550807923737436, ""market_volatility"": 0.006850114647510945, ""momentum"": -0.06976744186046513, ""volatility"": 0.018391537708682536, ""volume_state"": 14.769861843086902}",assumed_next_daily_close,,21,0000018230,,0.033550807923737436,0.006850114647510945,-0.06976744186046513,,,,,,,72ac797f7e8b06ab2a2713c9,False,,,,,,,,,,,,,,,,,,,,,,,,,,,,,,,,,,,,,,,,,,,,,,,,bounded_preclose_bid_ask,,,,False,not_requested_for_horizon_or_variant,,,thin_prior_option_volume,ordinary,covered_call,,thin_prior_option_volume,,,True,,H24,1,CAT,,primary,0.018391537708682536,14.769861843086902,2025
,,,fb9c97af3445754e36f69293,time_value,,,1,1,2025-02-18,2025-02-18,,,783,,,2025-02-19,784,False,,,2025-09-04,,,,,,,"{""market_momentum"": 0.033550807923737436, ""market_volatility"": 0.006850114647510945, ""momentum"": -0.06976744186046513, ""volatility"": 0.018391537708682536, ""volume_state"": 14.769861843086902}",assumed_next_daily_close,,42,0000018230,,0.033550807923737436,0.006850114647510945,-0.06976744186046513,,,,,,,72ac797f7e8b06ab2a2713c9,False,,,,,,,,,,,,,,,,,,,,,,,,,,,,,,,,,,,,,,,,,,,,,,,,bounded_preclose_bid_ask,,,,False,not_requested_for_horizon_or_variant,,,thin_prior_option_volume,ordinary,covered_call,,thin_prior_option_volume,,,False,,H24,1,CAT,,primary,0.018391537708682536,14.769861843086902,2025
,,,fb9c97af3445754e36f69293,time_value,,,1,1,2025-02-18,2025-02-18,,,783,,,2025-02-19,784,False,,,2025-09-04,,,,,,,"{""market_momentum"": 0.033550807923737436, ""market_volatility"": 0.006850114647510945, ""momentum"": -0.06976744186046513, ""volatility"": 0.018391537708682536, ""volume_state"": 14.769861843086902}",assumed_next_daily_close,,42,0000018230,,0.033550807923737436,0.006850114647510945,-0.06976744186046513,,,,,,,72ac797f7e8b06ab2a2713c9,False,,,,,,,,,,,,,,,,,,,,,,,,,,,,,,,,,,,,,,,,,,,,,,,,bounded_preclose_bid_ask,,,,False,not_requested_for_horizon_or_variant,,,thin_prior_option_volume,ordinary,covered_call,,thin_prior_option_volume,,,True,,H24,1,CAT,,primary,0.018391537708682536,14.769861843086902,2025
,,,fb9c97af3445754e36f69293,time_value,,,1,1,2025-02-18,2025-02-18,,,783,,,2025-02-19,784,False,,,2025-09-04,,,,,,,"{""market_momentum"": 0.033550807923737436, ""market_volatility"": 0.006850114647510945, ""momentum"": -0.06976744186046513, ""volatility"": 0.018391537708682536, ""volume_state"": 14.769861843086902}",assumed_next_daily_close,,63,0000018230,,0.033550807923737436,0.006850114647510945,-0.06976744186046513,,,,,,,72ac797f7e8b06ab2a2713c9,False,,,,,,,,,,,,,,,,,,,,,,,,,,,,,,,,,,,,,,,,,,,,,,,,bounded_preclose_bid_ask,,,,False,not_requested_for_horizon_or_variant,,,thin_prior_option_volume,ordinary,covered_call,,thin_prior_option_volume,,,False,,H24,1,CAT,,primary,0.018391537708682536,14.769861843086902,2025
,,,fb9c97af3445754e36f69293,time_value,,,1,1,2025-02-18,2025-02-18,,,783,,,2025-02-19,784,False,,,2025-09-04,,,,,,,"{""market_momentum"": 0.033550807923737436, ""market_volatility"": 0.006850114647510945, ""momentum"": -0.06976744186046513, ""volatility"": 0.018391537708682536, ""volume_state"": 14.769861843086902}",assumed_next_daily_close,,63,0000018230,,0.033550807923737436,0.006850114647510945,-0.06976744186046513,,,,,,,72ac797f7e8b06ab2a2713c9,False,,,,,,,,,,,,,,,,,,,,,,,,,,,,,,,,,,,,,,,,,,,,,,,,bounded_preclose_bid_ask,,,,False,not_requested_for_horizon_or_variant,,,thin_prior_option_volume,ordinary,covered_call,,thin_prior_option_volume,,,True,,H24,1,CAT,,primary,0.018391537708682536,14.769861843086902,2025
,,,fb9c97af3445754e36f69293,time_value,,,1,1,2025-02-18,2025-02-18,,,783,,,2025-02-19,784,False,,,2025-09-04,,,,,,,"{""market_momentum"": 0.033550807923737436, ""market_volatility"": 0.006850114647510945, ""momentum"": -0.06976744186046513, ""volatility"": 0.018391537708682536, ""volume_state"": 14.769861843086902}",assumed_next_daily_close,,expiry,0000018230,,0.033550807923737436,0.006850114647510945,-0.06976744186046513,,,,,,,72ac797f7e8b06ab2a2713c9,False,,,,,,,,,,,,,,,,,,,,,,,,,,,,,,,,,,,,,,,,,,,,,,,,bounded_preclose_bid_ask,,,,False,not_requested_for_horizon_or_variant,,,thin_prior_option_volume,ordinary,covered_call,,thin_prior_option_volume,,,False,,H24,1,CAT,,primary,0.018391537708682536,14.769861843086902,2025
,,,fb9c97af3445754e36f69293,time_value,,,1,1,2025-02-18,2025-02-18,,,783,,,2025-02-19,784,False,,,2025-09-04,,,,,,,"{""market_momentum"": 0.033550807923737436, ""market_volatility"": 0.006850114647510945, ""momentum"": -0.06976744186046513, ""volatility"": 0.018391537708682536, ""volume_state"": 14.769861843086902}",assumed_next_daily_close,,expiry,0000018230,,0.033550807923737436,0.006850114647510945,-0.06976744186046513,,,,,,,72ac797f7e8b06ab2a2713c9,False,,,,,,,,,,,,,,,,,,,,,,,,,,,,,,,,,,,,,,,,,,,,,,,,bounded_preclose_bid_ask,,,,False,not_requested_for_horizon_or_variant,,,thin_prior_option_volume,ordinary,covered_call,,thin_prior_option_volume,,,True,,H24,1,CAT,,primary,0.018391537708682536,14.769861843086902,2025
