achieved_otm,actual_exit_date,actual_exit_session,anchor_id,assignment_policy,closing_cost,contract_ticker,contracts,cost_multiplier,date,decision_date,decision_dte,decision_premium_ratio,decision_session,dividend_accrual,downside_loss,entry_date,entry_session,evaluation_aligned,evaluation_date,evaluation_session,event_decision,execution_option_volume,execution_stock_volume,exit_date,exit_reason,exit_session,expiry,features_json,fill_model,funded_notional,horizon,issuer,mark_gap_sessions,market_momentum,market_volatility,momentum,net_pnl,net_return,opening_cost,option_entry,option_exit,option_pnl,pair_id,path_complete,prior_option_participation,prior_option_volume,prior_stock_participation,prior_stock_volume,quote_contracts_within_displayed_size,quote_decision_option_age_seconds,quote_decision_option_ask,quote_decision_option_ask_size,quote_decision_option_bid,quote_decision_option_bid_size,quote_decision_option_relative_spread,quote_decision_stock_age_seconds,quote_decision_stock_ask,quote_decision_stock_ask_size,quote_decision_stock_bid,quote_decision_stock_bid_size,quote_decision_stock_relative_spread,quote_displayed_option_size,quote_downside_loss,quote_entry_option,quote_entry_option_age_seconds,quote_entry_option_ask,quote_entry_option_ask_size,quote_entry_option_bid,quote_entry_option_bid_size,quote_entry_option_relative_spread,quote_entry_stock,quote_entry_stock_age_seconds,quote_entry_stock_ask,quote_entry_stock_ask_size,quote_entry_stock_bid,quote_entry_stock_bid_size,quote_entry_stock_relative_spread,quote_exit_option,quote_exit_option_age_seconds,quote_exit_option_ask,quote_exit_option_ask_size,quote_exit_option_bid,quote_exit_option_bid_size,quote_exit_option_relative_spread,quote_exit_stock,quote_exit_stock_age_seconds,quote_exit_stock_ask,quote_exit_stock_ask_size,quote_exit_stock_bid,quote_exit_stock_bid_size,quote_exit_stock_relative_spread,quote_fill_model,quote_net_pnl,quote_net_return,quote_option_pnl,quote_path_complete,quote_status,quote_stock_pnl,quote_total_cost,reason,role,shape,shares_exit,status,stock_entry,stock_exit,stock_only,stock_pnl,study,task,ticker,total_cost,variant,volatility,volume_state,year
0.047668936616029445,2022-04-01,62,00f72f939cf31faaf95368e3,time_value,12.735199999999999,O:CL220819C00080000,1,1,2022-03-30,2022-03-30,142,0.022786799371398637,60,0.0,0.003600105499142838,2022-03-31,61,True,2022-04-01,62,2022-08-05,102,7711379.0,2022-04-01,scheduled_exit,62,2022-08-19,"{""market_momentum"": 0.06679380436299365, ""market_volatility"": 0.014307342913762481, ""momentum"": 0.00420831141504463, ""volatility"": 0.014907018725630274, ""volume_state"": 15.471094597964015}",assumed_next_daily_close,7583.0,1,0000021665,0,0.06679380436299365,0.014307342913762481,0.00420831141504463,51.615,0.006806672820783332,13.6498,1.69,1.5,18.999999999999993,4c124bd81b02f5f0f52ec19c,True,0.008264462809917356,121,2.4857803421308746e-05,4022881.6,,,,,,,,,,,,,,,,,,,,,,,,,,,,,,,,,,,,,,,,,,,,bounded_preclose_bid_ask,,,,False,not_requested_for_horizon_or_variant,,,,ordinary,covered_call,100,completed,75.83,76.42,False,59.0,H25,2,CL,26.384999999999998,primary,0.014907018725630274,15.471094597964015,2022
0.047668936616029445,2022-04-01,62,00f72f939cf31faaf95368e3,time_value,4.5851999999999995,O:CL220819C00080000,1,1,2022-03-30,2022-03-30,142,0.022786799371398637,60,0.0,0.0011999999999999706,2022-03-31,61,True,2022-04-01,62,2022-08-05,102,7711379.0,2022-04-01,scheduled_exit,62,2022-08-19,"{""market_momentum"": 0.06679380436299365, ""market_volatility"": 0.014307342913762481, ""momentum"": 0.00420831141504463, ""volatility"": 0.014907018725630274, ""volume_state"": 15.471094597964015}",assumed_next_daily_close,7583.0,1,0000021665,0,0.06679380436299365,0.014307342913762481,0.00420831141504463,49.865,0.0065758934458657525,4.549799999999999,1.69,0.0,-0.0,4c124bd81b02f5f0f52ec19c,True,0.008264462809917356,121,2.4857803421308746e-05,4022881.6,,,,,,,,,,,,,,,,,,,,,,,,,,,,,,,,,,,,,,,,,,,,bounded_preclose_bid_ask,,,,False,not_requested_for_horizon_or_variant,,,,ordinary,covered_call,100,completed,75.83,76.42,True,59.0,H25,2,CL,9.134999999999998,primary,0.014907018725630274,15.471094597964015,2022
0.047668936616029445,2022-04-04,63,00f72f939cf31faaf95368e3,time_value,12.9454,O:CL220819C00080000,1,1,2022-03-30,2022-03-30,142,0.022786799371398637,60,0.0,0.003600105499142838,2022-03-31,61,True,2022-04-04,63,2022-08-05,102,7711379.0,2022-04-04,scheduled_exit,63,2022-08-19,"{""market_momentum"": 0.06679380436299365, ""market_volatility"": 0.014307342913762481, ""momentum"": 0.00420831141504463, ""volatility"": 0.014907018725630274, ""volume_state"": 15.471094597964015}",assumed_next_daily_close,7583.0,2,0000021665,0,0.06679380436299365,0.014307342913762481,0.00420831141504463,64.4048,0.008493313991823816,13.6498,1.69,1.54,14.999999999999991,4c124bd81b02f5f0f52ec19c,True,0.008264462809917356,121,2.4857803421308746e-05,4022881.6,,,,,,,,,,,,,,,,,,,,,,,,,,,,,,,,,,,,,,,,,,,,bounded_preclose_bid_ask,,,,False,not_requested_for_horizon_or_variant,,,,ordinary,covered_call,100,completed,75.83,76.59,False,76.0,H25,2,CL,26.5952,primary,0.014907018725630274,15.471094597964015,2022
0.047668936616029445,2022-04-04,63,00f72f939cf31faaf95368e3,time_value,4.5954,O:CL220819C00080000,1,1,2022-03-30,2022-03-30,142,0.022786799371398637,60,0.0,0.0011999999999999706,2022-03-31,61,True,2022-04-04,63,2022-08-05,102,7711379.0,2022-04-04,scheduled_exit,63,2022-08-19,"{""market_momentum"": 0.06679380436299365, ""market_volatility"": 0.014307342913762481, ""momentum"": 0.00420831141504463, ""volatility"": 0.014907018725630274, ""volume_state"": 15.471094597964015}",assumed_next_daily_close,7583.0,2,0000021665,0,0.06679380436299365,0.014307342913762481,0.00420831141504463,66.8548,0.008816405116708427,4.549799999999999,1.69,0.0,-0.0,4c124bd81b02f5f0f52ec19c,True,0.008264462809917356,121,2.4857803421308746e-05,4022881.6,,,,,,,,,,,,,,,,,,,,,,,,,,,,,,,,,,,,,,,,,,,,bounded_preclose_bid_ask,,,,False,not_requested_for_horizon_or_variant,,,,ordinary,covered_call,100,completed,75.83,76.59,True,76.0,H25,2,CL,9.145199999999999,primary,0.014907018725630274,15.471094597964015,2022
0.047668936616029445,2022-04-05,64,00f72f939cf31faaf95368e3,time_value,16.647000000000002,O:CL220819C00080000,1,1,2022-03-30,2022-03-30,142,0.022786799371398637,60,0.0,0.003600105499142838,2022-03-31,61,True,2022-04-05,64,2022-08-05,102,7711379.0,2022-04-05,scheduled_exit,64,2022-08-19,"{""market_momentum"": 0.06679380436299365, ""market_volatility"": 0.014307342913762481, ""momentum"": 0.00420831141504463, ""volatility"": 0.014907018725630274, ""volume_state"": 15.471094597964015}",assumed_next_daily_close,7583.0,3,0000021665,0,0.06679380436299365,0.014307342913762481,0.00420831141504463,73.7032,0.009719530528814453,13.6498,1.69,2.27,-58.00000000000001,4c124bd81b02f5f0f52ec19c,True,0.008264462809917356,121,2.4857803421308746e-05,4022881.6,,,,,,,,,,,,,,,,,,,,,,,,,,,,,,,,,,,,,,,,,,,,bounded_preclose_bid_ask,,,,False,not_requested_for_horizon_or_variant,,,,ordinary,covered_call,100,completed,75.83,77.45,False,162.0,H25,2,CL,30.296800000000005,primary,0.014907018725630274,15.471094597964015,2022
0.047668936616029445,2022-04-05,64,00f72f939cf31faaf95368e3,time_value,4.646999999999999,O:CL220819C00080000,1,1,2022-03-30,2022-03-30,142,0.022786799371398637,60,0.0,0.0011999999999999706,2022-03-31,61,True,2022-04-05,64,2022-08-05,102,7711379.0,2022-04-05,scheduled_exit,64,2022-08-19,"{""market_momentum"": 0.06679380436299365, ""market_volatility"": 0.014307342913762481, ""momentum"": 0.00420831141504463, ""volatility"": 0.014907018725630274, ""volume_state"": 15.471094597964015}",assumed_next_daily_close,7583.0,3,0000021665,0,0.06679380436299365,0.014307342913762481,0.00420831141504463,152.8032,0.020150758275089015,4.549799999999999,1.69,0.0,-0.0,4c124bd81b02f5f0f52ec19c,True,0.008264462809917356,121,2.4857803421308746e-05,4022881.6,,,,,,,,,,,,,,,,,,,,,,,,,,,,,,,,,,,,,,,,,,,,bounded_preclose_bid_ask,,,,False,not_requested_for_horizon_or_variant,,,,ordinary,covered_call,100,completed,75.83,77.45,True,162.0,H25,2,CL,9.1968,primary,0.014907018725630274,15.471094597964015,2022
0.047668936616029445,2022-04-07,66,00f72f939cf31faaf95368e3,time_value,24.475199999999997,O:CL220819C00080000,1,1,2022-03-30,2022-03-30,142,0.022786799371398637,60,0.0,0.003600105499142838,2022-03-31,61,True,2022-04-07,66,2022-08-05,102,7711379.0,2022-04-07,scheduled_exit,66,2022-08-19,"{""market_momentum"": 0.06679380436299365, ""market_volatility"": 0.014307342913762481, ""momentum"": 0.00420831141504463, ""volatility"": 0.014907018725630274, ""volume_state"": 15.471094597964015}",assumed_next_daily_close,7583.0,5,0000021665,0,0.06679380436299365,0.014307342913762481,0.00420831141504463,209.875,0.027677040749043914,13.6498,1.69,3.8,-211.0,4c124bd81b02f5f0f52ec19c,True,0.008264462809917356,121,2.4857803421308746e-05,4022881.6,,,,,,,,,,,,,,,,,,,,,,,,,,,,,,,,,,,,,,,,,,,,bounded_preclose_bid_ask,,,,False,not_requested_for_horizon_or_variant,,,,ordinary,covered_call,100,completed,75.83,80.42,False,459.0,H25,2,CL,38.125,primary,0.014907018725630274,15.471094597964015,2022
0.047668936616029445,2022-04-07,66,00f72f939cf31faaf95368e3,time_value,4.8252,O:CL220819C00080000,1,1,2022-03-30,2022-03-30,142,0.022786799371398637,60,0.0,0.0011999999999999706,2022-03-31,61,True,2022-04-07,66,2022-08-05,102,7711379.0,2022-04-07,scheduled_exit,66,2022-08-19,"{""market_momentum"": 0.06679380436299365, ""market_volatility"": 0.014307342913762481, ""momentum"": 0.00420831141504463, ""volatility"": 0.014907018725630274, ""volume_state"": 15.471094597964015}",assumed_next_daily_close,7583.0,5,0000021665,0,0.06679380436299365,0.014307342913762481,0.00420831141504463,449.625,0.05929381511275221,4.549799999999999,1.69,0.0,-0.0,4c124bd81b02f5f0f52ec19c,True,0.008264462809917356,121,2.4857803421308746e-05,4022881.6,,,,,,,,,,,,,,,,,,,,,,,,,,,,,,,,,,,,,,,,,,,,bounded_preclose_bid_ask,,,,False,not_requested_for_horizon_or_variant,,,,ordinary,covered_call,100,completed,75.83,80.42,True,459.0,H25,2,CL,9.375,primary,0.014907018725630274,15.471094597964015,2022
0.047668936616029445,2022-04-18,72,00f72f939cf31faaf95368e3,time_value,21.700599999999998,O:CL220819C00080000,1,1,2022-03-30,2022-03-30,142,0.022786799371398637,60,0.0,0.003600105499142838,2022-03-31,61,False,2022-04-14,71,2022-08-05,102,7711379.0,2022-04-18,scheduled_exit,72,2022-08-19,"{""market_momentum"": 0.06679380436299365, ""market_volatility"": 0.014307342913762481, ""momentum"": 0.00420831141504463, ""volatility"": 0.014907018725630274, ""volume_state"": 15.471094597964015}",assumed_next_daily_close,7583.0,10,0000021665,0,0.06679380436299365,0.014307342913762481,0.00420831141504463,226.6496000000009,0.02988917315046827,13.6498,1.69,3.25,-156.0,4c124bd81b02f5f0f52ec19c,True,0.008264462809917356,121,2.4857803421308746e-05,4022881.6,,,,,,,,,,,,,,,,,,,,,,,,,,,,,,,,,,,,,,,,,,,,bounded_preclose_bid_ask,,,,False,unsupported_actual_delivery_or_exit_clock,,,,ordinary,covered_call,100,completed,75.83,80.01,False,418.0000000000009,H25,2,CL,35.3504,primary,0.014907018725630274,15.471094597964015,2022
0.047668936616029445,2022-04-14,71,00f72f939cf31faaf95368e3,time_value,4.8564,O:CL220819C00080000,1,1,2022-03-30,2022-03-30,142,0.022786799371398637,60,0.0,0.0011999999999999706,2022-03-31,61,True,2022-04-14,71,2022-08-05,102,7711379.0,2022-04-14,scheduled_exit,71,2022-08-19,"{""market_momentum"": 0.06679380436299365, ""market_volatility"": 0.014307342913762481, ""momentum"": 0.00420831141504463, ""volatility"": 0.014907018725630274, ""volume_state"": 15.471094597964015}",assumed_next_daily_close,7583.0,10,0000021665,0,0.06679380436299365,0.014307342913762481,0.00420831141504463,501.5938,0.06614714492944744,4.549799999999999,1.69,0.0,-0.0,4c124bd81b02f5f0f52ec19c,True,0.008264462809917356,121,2.4857803421308746e-05,4022881.6,,,,,,,,,,,,,,,,,,,,,,,,,,,,,,,,,,,,,,,,,,,,bounded_preclose_bid_ask,,,,False,decision_asynchronous_quotes,,,,ordinary,covered_call,100,completed,75.83,80.94,True,511.0,H25,2,CL,9.406199999999998,primary,0.014907018725630274,15.471094597964015,2022
0.047668936616029445,2022-05-02,82,00f72f939cf31faaf95368e3,time_value,13.410800000000002,O:CL220819C00080000,1,1,2022-03-30,2022-03-30,142,0.022786799371398637,60,47.0,,2022-03-31,61,True,2022-05-02,82,2022-08-05,102,7711379.0,2022-05-02,scheduled_exit,82,2022-08-19,"{""market_momentum"": 0.06679380436299365, ""market_volatility"": 0.014307342913762481, ""momentum"": 0.00420831141504463, ""volatility"": 0.014907018725630274, ""volume_state"": 15.471094597964015}",assumed_next_daily_close,7583.0,21,0000021665,1,0.06679380436299365,0.014307342913762481,0.00420831141504463,-41.06059999999909,-0.005414822629566015,13.6498,1.69,1.65,4.0000000000000036,4c124bd81b02f5f0f52ec19c,False,0.008264462809917356,121,2.4857803421308746e-05,4022881.6,,,,,,,,,,,,,,,,,,,,,,,,,,,,,,,,,,,,,,,,,,,,bounded_preclose_bid_ask,,,,False,not_requested_for_horizon_or_variant,,,,ordinary,covered_call,100,completed,75.83,75.18,False,-64.99999999999909,H25,2,CL,27.0606,primary,0.014907018725630274,15.471094597964015,2022
0.047668936616029445,2022-05-02,82,00f72f939cf31faaf95368e3,time_value,4.510800000000001,O:CL220819C00080000,1,1,2022-03-30,2022-03-30,142,0.022786799371398637,60,47.0,0.0035685876302253843,2022-03-31,61,True,2022-05-02,82,2022-08-05,102,7711379.0,2022-05-02,scheduled_exit,82,2022-08-19,"{""market_momentum"": 0.06679380436299365, ""market_volatility"": 0.014307342913762481, ""momentum"": 0.00420831141504463, ""volatility"": 0.014907018725630274, ""volume_state"": 15.471094597964015}",assumed_next_daily_close,7583.0,21,0000021665,0,0.06679380436299365,0.014307342913762481,0.00420831141504463,-27.060599999999088,-0.0035685876302253843,4.549799999999999,1.69,0.0,-0.0,4c124bd81b02f5f0f52ec19c,True,0.008264462809917356,121,2.4857803421308746e-05,4022881.6,,,,,,,,,,,,,,,,,,,,,,,,,,,,,,,,,,,,,,,,,,,,bounded_preclose_bid_ask,,,,False,not_requested_for_horizon_or_variant,,,,ordinary,covered_call,100,completed,75.83,75.18,True,-64.99999999999909,H25,2,CL,9.0606,primary,0.014907018725630274,15.471094597964015,2022
0.047668936616029445,2022-06-01,103,00f72f939cf31faaf95368e3,time_value,17.592000000000002,O:CL220819C00080000,1,1,2022-03-30,2022-03-30,142,0.022786799371398637,60,47.0,,2022-03-31,61,True,2022-06-01,103,2022-08-05,102,7711379.0,2022-06-01,scheduled_exit,103,2022-08-19,"{""market_momentum"": 0.06679380436299365, ""market_volatility"": 0.014307342913762481, ""momentum"": 0.00420831141504463, ""volatility"": 0.014907018725630274, ""volume_state"": 15.471094597964015}",assumed_next_daily_close,7583.0,42,0000021665,1,0.06679380436299365,0.014307342913762481,0.00420831141504463,176.75819999999996,0.023309798232889353,13.6498,1.69,2.45,-76.00000000000003,4c124bd81b02f5f0f52ec19c,False,0.008264462809917356,121,2.4857803421308746e-05,4022881.6,,,,,,,,,,,,,,,,,,,,,,,,,,,,,,,,,,,,,,,,,,,,bounded_preclose_bid_ask,,,,False,not_requested_for_horizon_or_variant,,,,ordinary,covered_call,100,completed,75.83,78.2,False,237.0,H25,2,CL,31.241800000000005,primary,0.014907018725630274,15.471094597964015,2022
0.047668936616029445,2022-06-01,103,00f72f939cf31faaf95368e3,time_value,4.691999999999999,O:CL220819C00080000,1,1,2022-03-30,2022-03-30,142,0.022786799371398637,60,47.0,0.012662429117763508,2022-03-31,61,True,2022-06-01,103,2022-08-05,102,7711379.0,2022-06-01,scheduled_exit,103,2022-08-19,"{""market_momentum"": 0.06679380436299365, ""market_volatility"": 0.014307342913762481, ""momentum"": 0.00420831141504463, ""volatility"": 0.014907018725630274, ""volume_state"": 15.471094597964015}",assumed_next_daily_close,7583.0,42,0000021665,0,0.06679380436299365,0.014307342913762481,0.00420831141504463,274.7582,0.03623344322827377,4.549799999999999,1.69,0.0,-0.0,4c124bd81b02f5f0f52ec19c,True,0.008264462809917356,121,2.4857803421308746e-05,4022881.6,,,,,,,,,,,,,,,,,,,,,,,,,,,,,,,,,,,,,,,,,,,,bounded_preclose_bid_ask,,,,False,not_requested_for_horizon_or_variant,,,,ordinary,covered_call,100,completed,75.83,78.2,True,237.0,H25,2,CL,9.241799999999998,primary,0.014907018725630274,15.471094597964015,2022
0.047668936616029445,2022-07-01,124,00f72f939cf31faaf95368e3,time_value,24.568199999999997,O:CL220819C00080000,1,1,2022-03-30,2022-03-30,142,0.022786799371398637,60,47.0,,2022-03-31,61,True,2022-07-01,124,2022-08-05,102,7711379.0,2022-07-01,scheduled_exit,124,2022-08-19,"{""market_momentum"": 0.06679380436299365, ""market_volatility"": 0.014307342913762481, ""momentum"": 0.00420831141504463, ""volatility"": 0.014907018725630274, ""volume_state"": 15.471094597964015}",assumed_next_daily_close,7583.0,63,0000021665,1,0.06679380436299365,0.014307342913762481,0.00420831141504463,411.782,0.054303310035605956,13.6498,1.69,3.8,-211.0,4c124bd81b02f5f0f52ec19c,False,0.008264462809917356,121,2.4857803421308746e-05,4022881.6,,,,,,,,,,,,,,,,,,,,,,,,,,,,,,,,,,,,,,,,,,,,bounded_preclose_bid_ask,,,,False,not_requested_for_horizon_or_variant,,,,ordinary,covered_call,100,completed,75.83,81.97,False,614.0,H25,2,CL,38.217999999999996,primary,0.014907018725630274,15.471094597964015,2022
0.047668936616029445,2022-07-01,124,00f72f939cf31faaf95368e3,time_value,4.9182,O:CL220819C00080000,1,1,2022-03-30,2022-03-30,142,0.022786799371398637,60,47.0,0.02017473295529471,2022-03-31,61,True,2022-07-01,124,2022-08-05,102,7711379.0,2022-07-01,scheduled_exit,124,2022-08-19,"{""market_momentum"": 0.06679380436299365, ""market_volatility"": 0.014307342913762481, ""momentum"": 0.00420831141504463, ""volatility"": 0.014907018725630274, ""volume_state"": 15.471094597964015}",assumed_next_daily_close,7583.0,63,0000021665,0,0.06679380436299365,0.014307342913762481,0.00420831141504463,651.532,0.08592008439931426,4.549799999999999,1.69,0.0,-0.0,4c124bd81b02f5f0f52ec19c,True,0.008264462809917356,121,2.4857803421308746e-05,4022881.6,,,,,,,,,,,,,,,,,,,,,,,,,,,,,,,,,,,,,,,,,,,,bounded_preclose_bid_ask,,,,False,not_requested_for_horizon_or_variant,,,,ordinary,covered_call,100,completed,75.83,81.97,True,614.0,H25,2,CL,9.468,primary,0.014907018725630274,15.471094597964015,2022
0.047668936616029445,2022-08-19,158,00f72f939cf31faaf95368e3,time_value,5.45,O:CL220819C00080000,1,1,2022-03-30,2022-03-30,142,0.022786799371398637,60,94.0,,2022-03-31,61,True,2022-08-19,158,2022-08-05,102,7711379.0,2022-08-19,modelled_physical_expiry,158,2022-08-19,"{""market_momentum"": 0.06679380436299365, ""market_volatility"": 0.014307342913762481, ""momentum"": 0.00420831141504463, ""volatility"": 0.014907018725630274, ""volume_state"": 15.471094597964015}",assumed_next_daily_close,7583.0,expiry,0000021665,1,0.06679380436299365,0.014307342913762481,0.00420831141504463,660.9001999999999,0.08715550573651588,13.6498,1.69,0.0,169.0,4c124bd81b02f5f0f52ec19c,False,0.008264462809917356,121,2.4857803421308746e-05,4022881.6,,,,,,,,,,,,,,,,,,,,,,,,,,,,,,,,,,,,,,,,,,,,bounded_preclose_bid_ask,,,,False,not_requested_for_horizon_or_variant,,,,ordinary,covered_call,100,completed,75.83,80.0,False,417.0,H25,2,CL,19.099800000000002,primary,0.014907018725630274,15.471094597964015,2022
0.047668936616029445,2022-08-19,158,00f72f939cf31faaf95368e3,time_value,4.9962,O:CL220819C00080000,1,1,2022-03-30,2022-03-30,142,0.022786799371398637,60,94.0,0.02017473295529471,2022-03-31,61,True,2022-08-19,158,2022-08-05,102,7711379.0,2022-08-19,scheduled_exit,158,2022-08-19,"{""market_momentum"": 0.06679380436299365, ""market_volatility"": 0.014307342913762481, ""momentum"": 0.00420831141504463, ""volatility"": 0.014907018725630274, ""volume_state"": 15.471094597964015}",assumed_next_daily_close,7583.0,expiry,0000021665,0,0.06679380436299365,0.014307342913762481,0.00420831141504463,828.454,0.1092514835816959,4.549799999999999,1.69,0.0,-0.0,4c124bd81b02f5f0f52ec19c,True,0.008264462809917356,121,2.4857803421308746e-05,4022881.6,,,,,,,,,,,,,,,,,,,,,,,,,,,,,,,,,,,,,,,,,,,,bounded_preclose_bid_ask,,,,False,not_requested_for_horizon_or_variant,,,,ordinary,covered_call,100,completed,75.83,83.27,True,744.0,H25,2,CL,9.546,primary,0.014907018725630274,15.471094597964015,2022
0.05570894916355362,2024-10-14,698,0184588c5c5f7281b497c513,time_value,27.8448,O:XOM250221C00130000,1,1,2024-10-10,2024-10-10,134,0.034757186941692386,696,0.0,0.004719132756249533,2024-10-11,697,True,2024-10-14,698,2024-10-10,10,8294839.0,2024-10-14,scheduled_exit,698,2025-02-21,"{""market_momentum"": 0.039158039031780945, ""market_volatility"": 0.006418619158109336, ""momentum"": 0.12231133795114846, ""volatility"": 0.014730542445152057, ""volume_state"": 16.563596118937483}",assumed_next_daily_close,12361.0,1,0000034088,0,0.039158039031780945,0.006418619158109336,0.12231133795114846,16.988599999999956,0.001374371005582069,29.1666,4.22,3.95,26.999999999999957,dfa781e7b9a340a38c6f1268,True,0.002824858757062147,354,6.413436817129315e-06,15592264.0,,,,,,,,,,,,,,,,,,,,,,,,,,,,,,,,,,,,,,,,,,,,bounded_preclose_bid_ask,,,,False,not_requested_for_horizon_or_variant,,,,event,covered_call,100,completed,123.61,124.08,False,47.0,H25,2,XOM,57.011399999999995,primary,0.014730542445152057,16.563596118937483,2024
0.05570894916355362,2024-10-14,698,0184588c5c5f7281b497c513,time_value,7.444799999999999,O:XOM250221C00130000,1,1,2024-10-10,2024-10-10,134,0.034757186941692386,696,0.0,0.001200000000000038,2024-10-11,697,True,2024-10-14,698,2024-10-10,10,8294839.0,2024-10-14,scheduled_exit,698,2025-02-21,"{""market_momentum"": 0.039158039031780945, ""market_volatility"": 0.006418619158109336, ""momentum"": 0.12231133795114846, ""volatility"": 0.014730542445152057, ""volume_state"": 16.563596118937483}",assumed_next_daily_close,12361.0,1,0000034088,0,0.039158039031780945,0.006418619158109336,0.12231133795114846,32.1386,0.0026,7.416599999999999,4.22,0.0,-0.0,dfa781e7b9a340a38c6f1268,True,0.002824858757062147,354,6.413436817129315e-06,15592264.0,,,,,,,,,,,,,,,,,,,,,,,,,,,,,,,,,,,,,,,,,,,,bounded_preclose_bid_ask,,,,False,not_requested_for_horizon_or_variant,,,,event,covered_call,100,completed,123.61,124.08,True,47.0,H25,2,XOM,14.861399999999998,primary,0.014730542445152057,16.563596118937483,2024
0.05570894916355362,2024-10-15,699,0184588c5c5f7281b497c513,time_value,22.371,O:XOM250221C00130000,1,1,2024-10-10,2024-10-10,134,0.034757186941692386,696,0.0,0.019863894506916918,2024-10-11,697,True,2024-10-15,699,2024-10-10,10,8294839.0,2024-10-15,scheduled_exit,699,2025-02-21,"{""market_momentum"": 0.039158039031780945, ""market_volatility"": 0.006418619158109336, ""momentum"": 0.12231133795114846, ""volatility"": 0.014730542445152057, ""volume_state"": 16.563596118937483}",assumed_next_daily_close,12361.0,2,0000034088,0,0.039158039031780945,0.006418619158109336,0.12231133795114846,-245.53760000000003,-0.019863894506916918,29.1666,4.22,2.9,131.99999999999997,dfa781e7b9a340a38c6f1268,True,0.002824858757062147,354,6.413436817129315e-06,15592264.0,,,,,,,,,,,,,,,,,,,,,,,,,,,,,,,,,,,,,,,,,,,,bounded_preclose_bid_ask,,,,False,not_requested_for_horizon_or_variant,,,,event,covered_call,100,completed,123.61,120.35,False,-326.0,H25,2,XOM,51.5376,primary,0.014730542445152057,16.563596118937483,2024
0.05570894916355362,2024-10-15,699,0184588c5c5f7281b497c513,time_value,7.220999999999999,O:XOM250221C00130000,1,1,2024-10-10,2024-10-10,134,0.034757186941692386,696,0.0,0.02755744680851064,2024-10-11,697,True,2024-10-15,699,2024-10-10,10,8294839.0,2024-10-15,scheduled_exit,699,2025-02-21,"{""market_momentum"": 0.039158039031780945, ""market_volatility"": 0.006418619158109336, ""momentum"": 0.12231133795114846, ""volatility"": 0.014730542445152057, ""volume_state"": 16.563596118937483}",assumed_next_daily_close,12361.0,2,0000034088,0,0.039158039031780945,0.006418619158109336,0.12231133795114846,-340.6376,-0.02755744680851064,7.416599999999999,4.22,0.0,-0.0,dfa781e7b9a340a38c6f1268,True,0.002824858757062147,354,6.413436817129315e-06,15592264.0,,,,,,,,,,,,,,,,,,,,,,,,,,,,,,,,,,,,,,,,,,,,bounded_preclose_bid_ask,,,,False,not_requested_for_horizon_or_variant,,,,event,covered_call,100,completed,123.61,120.35,True,-326.0,H25,2,XOM,14.637599999999999,primary,0.014730542445152057,16.563596118937483,2024
0.05570894916355362,2024-10-16,700,0184588c5c5f7281b497c513,time_value,22.0396,O:XOM250221C00130000,1,1,2024-10-10,2024-10-10,134,0.034757186941692386,696,0.0,0.019863894506916956,2024-10-11,697,True,2024-10-16,700,2024-10-10,10,8294839.0,2024-10-16,scheduled_exit,700,2025-02-21,"{""market_momentum"": 0.039158039031780945, ""market_volatility"": 0.006418619158109336, ""momentum"": 0.12231133795114846, ""volatility"": 0.014730542445152057, ""volume_state"": 16.563596118937483}",assumed_next_daily_close,12361.0,3,0000034088,0,0.039158039031780945,0.006418619158109336,0.12231133795114846,-207.20620000000002,-0.016762899441792736,29.1666,4.22,2.83,138.99999999999997,dfa781e7b9a340a38c6f1268,True,0.002824858757062147,354,6.413436817129315e-06,15592264.0,,,,,,,,,,,,,,,,,,,,,,,,,,,,,,,,,,,,,,,,,,,,bounded_preclose_bid_ask,,,,False,not_requested_for_horizon_or_variant,,,,event,covered_call,100,completed,123.61,120.66,False,-295.0,H25,2,XOM,51.206199999999995,primary,0.014730542445152057,16.563596118937483,2024
0.05570894916355362,2024-10-16,700,0184588c5c5f7281b497c513,time_value,7.239599999999999,O:XOM250221C00130000,1,1,2024-10-10,2024-10-10,134,0.034757186941692386,696,0.0,0.027557446808510678,2024-10-11,697,True,2024-10-16,700,2024-10-10,10,8294839.0,2024-10-16,scheduled_exit,700,2025-02-21,"{""market_momentum"": 0.039158039031780945, ""market_volatility"": 0.006418619158109336, ""momentum"": 0.12231133795114846, ""volatility"": 0.014730542445152057, ""volume_state"": 16.563596118937483}",assumed_next_daily_close,12361.0,3,0000034088,0,0.039158039031780945,0.006418619158109336,0.12231133795114846,-309.6562,-0.025051063829787234,7.416599999999999,4.22,0.0,-0.0,dfa781e7b9a340a38c6f1268,True,0.002824858757062147,354,6.413436817129315e-06,15592264.0,,,,,,,,,,,,,,,,,,,,,,,,,,,,,,,,,,,,,,,,,,,,bounded_preclose_bid_ask,,,,False,not_requested_for_horizon_or_variant,,,,event,covered_call,100,completed,123.61,120.66,True,-295.0,H25,2,XOM,14.656199999999998,primary,0.014730542445152057,16.563596118937483,2024
0.05570894916355362,2024-10-18,702,0184588c5c5f7281b497c513,time_value,20.6506,O:XOM250221C00130000,1,1,2024-10-10,2024-10-10,134,0.034757186941692386,696,0.0,0.019863894506916956,2024-10-11,697,True,2024-10-18,702,2024-10-10,10,8294839.0,2024-10-18,scheduled_exit,702,2025-02-21,"{""market_momentum"": 0.039158039031780945, ""market_volatility"": 0.006418619158109336, ""momentum"": 0.12231133795114846, ""volatility"": 0.014730542445152057, ""volume_state"": 16.563596118937483}",assumed_next_daily_close,12361.0,5,0000034088,0,0.039158039031780945,0.006418619158109336,0.12231133795114846,-243.8172,-0.01972471482889734,29.1666,4.22,2.56,165.99999999999997,dfa781e7b9a340a38c6f1268,True,0.002824858757062147,354,6.413436817129315e-06,15592264.0,,,,,,,,,,,,,,,,,,,,,,,,,,,,,,,,,,,,,,,,,,,,bounded_preclose_bid_ask,,,,False,not_requested_for_horizon_or_variant,,,,event,covered_call,100,completed,123.61,120.01,False,-360.0,H25,2,XOM,49.8172,primary,0.014730542445152057,16.563596118937483,2024
0.05570894916355362,2024-10-18,702,0184588c5c5f7281b497c513,time_value,7.2006,O:XOM250221C00130000,1,1,2024-10-10,2024-10-10,134,0.034757186941692386,696,0.0,0.030306382978723408,2024-10-11,697,True,2024-10-18,702,2024-10-10,10,8294839.0,2024-10-18,scheduled_exit,702,2025-02-21,"{""market_momentum"": 0.039158039031780945, ""market_volatility"": 0.006418619158109336, ""momentum"": 0.12231133795114846, ""volatility"": 0.014730542445152057, ""volume_state"": 16.563596118937483}",assumed_next_daily_close,12361.0,5,0000034088,0,0.039158039031780945,0.006418619158109336,0.12231133795114846,-374.6172,-0.030306382978723408,7.416599999999999,4.22,0.0,-0.0,dfa781e7b9a340a38c6f1268,True,0.002824858757062147,354,6.413436817129315e-06,15592264.0,,,,,,,,,,,,,,,,,,,,,,,,,,,,,,,,,,,,,,,,,,,,bounded_preclose_bid_ask,,,,False,not_requested_for_horizon_or_variant,,,,event,covered_call,100,completed,123.61,120.01,True,-360.0,H25,2,XOM,14.617199999999999,primary,0.014730542445152057,16.563596118937483,2024
0.05570894916355362,2024-10-25,707,0184588c5c5f7281b497c513,time_value,20.3194,O:XOM250221C00130000,1,1,2024-10-10,2024-10-10,134,0.034757186941692386,696,0.0,0.023419302645417035,2024-10-11,697,True,2024-10-25,707,2024-10-10,10,8294839.0,2024-10-25,scheduled_exit,707,2025-02-21,"{""market_momentum"": 0.039158039031780945, ""market_volatility"": 0.006418619158109336, ""momentum"": 0.12231133795114846, ""volatility"": 0.014730542445152057, ""volume_state"": 16.563596118937483}",assumed_next_daily_close,12361.0,10,0000034088,0,0.039158039031780945,0.006418619158109336,0.12231133795114846,-289.486,-0.023419302645417035,29.1666,4.22,2.5,171.99999999999997,dfa781e7b9a340a38c6f1268,True,0.002824858757062147,354,6.413436817129315e-06,15592264.0,,,,,,,,,,,,,,,,,,,,,,,,,,,,,,,,,,,,,,,,,,,,bounded_preclose_bid_ask,,,,False,decision_asynchronous_quotes,,,,event,covered_call,100,completed,123.61,119.49,False,-412.0,H25,2,XOM,49.486000000000004,primary,0.014730542445152057,16.563596118937483,2024
0.05570894916355362,2024-10-25,707,0184588c5c5f7281b497c513,time_value,7.1693999999999996,O:XOM250221C00130000,1,1,2024-10-10,2024-10-10,134,0.034757186941692386,696,0.0,0.03451063829787234,2024-10-11,697,True,2024-10-25,707,2024-10-10,10,8294839.0,2024-10-25,scheduled_exit,707,2025-02-21,"{""market_momentum"": 0.039158039031780945, ""market_volatility"": 0.006418619158109336, ""momentum"": 0.12231133795114846, ""volatility"": 0.014730542445152057, ""volume_state"": 16.563596118937483}",assumed_next_daily_close,12361.0,10,0000034088,0,0.039158039031780945,0.006418619158109336,0.12231133795114846,-426.586,-0.03451063829787234,7.416599999999999,4.22,0.0,-0.0,dfa781e7b9a340a38c6f1268,True,0.002824858757062147,354,6.413436817129315e-06,15592264.0,,,,,,,,,,,,,,,,,,,,,,,,,,,,,,,,,,,,,,,,,,,,bounded_preclose_bid_ask,,,,False,decision_asynchronous_quotes,,,,event,covered_call,100,completed,123.61,119.49,True,-412.0,H25,2,XOM,14.585999999999999,primary,0.014730542445152057,16.563596118937483,2024
0.05570894916355362,2024-11-11,718,0184588c5c5f7281b497c513,time_value,17.6282,O:XOM250221C00130000,1,1,2024-10-10,2024-10-10,134,0.034757186941692386,696,0.0,0.04993233557155574,2024-10-11,697,True,2024-11-11,718,2024-10-10,10,8294839.0,2024-11-11,scheduled_exit,718,2025-02-21,"{""market_momentum"": 0.039158039031780945, ""market_volatility"": 0.006418619158109336, ""momentum"": 0.12231133795114846, ""volatility"": 0.014730542445152057, ""volume_state"": 16.563596118937483}",assumed_next_daily_close,12361.0,21,0000034088,0,0.039158039031780945,0.006418619158109336,0.12231133795114846,-133.79480000000007,-0.01082394628266322,29.1666,4.22,1.95,226.99999999999994,dfa781e7b9a340a38c6f1268,True,0.002824858757062147,354,6.413436817129315e-06,15592264.0,,,,,,,,,,,,,,,,,,,,,,,,,,,,,,,,,,,,,,,,,,,,bounded_preclose_bid_ask,,,,False,not_requested_for_horizon_or_variant,,,,event,covered_call,100,completed,123.61,120.47,False,-314.0,H25,2,XOM,46.794799999999995,primary,0.014730542445152057,16.563596118937483,2024
0.05570894916355362,2024-11-11,718,0184588c5c5f7281b497c513,time_value,7.228199999999999,O:XOM250221C00130000,1,1,2024-10-10,2024-10-10,134,0.034757186941692386,696,0.0,0.0712170212765958,2024-10-11,697,True,2024-11-11,718,2024-10-10,10,8294839.0,2024-11-11,scheduled_exit,718,2025-02-21,"{""market_momentum"": 0.039158039031780945, ""market_volatility"": 0.006418619158109336, ""momentum"": 0.12231133795114846, ""volatility"": 0.014730542445152057, ""volume_state"": 16.563596118937483}",assumed_next_daily_close,12361.0,21,0000034088,0,0.039158039031780945,0.006418619158109336,0.12231133795114846,-328.64480000000003,-0.026587234042553195,7.416599999999999,4.22,0.0,-0.0,dfa781e7b9a340a38c6f1268,True,0.002824858757062147,354,6.413436817129315e-06,15592264.0,,,,,,,,,,,,,,,,,,,,,,,,,,,,,,,,,,,,,,,,,,,,bounded_preclose_bid_ask,,,,False,not_requested_for_horizon_or_variant,,,,event,covered_call,100,completed,123.61,120.47,True,-314.0,H25,2,XOM,14.644799999999998,primary,0.014730542445152057,16.563596118937483,2024
0.05570894916355362,2024-12-11,739,0184588c5c5f7281b497c513,time_value,9.065199999999999,O:XOM250221C00130000,1,1,2024-10-10,2024-10-10,134,0.034757186941692386,696,99.0,0.05826646711431114,2024-10-11,697,True,2024-12-11,739,2024-10-10,10,8294839.0,2024-12-11,scheduled_exit,739,2025-02-21,"{""market_momentum"": 0.039158039031780945, ""market_volatility"": 0.006418619158109336, ""momentum"": 0.12231133795114846, ""volatility"": 0.014730542445152057, ""volume_state"": 16.563596118937483}",assumed_next_daily_close,12361.0,42,0000034088,0,0.039158039031780945,0.006418619158109336,0.12231133795114846,-720.2318,-0.05826646711431114,29.1666,4.22,0.34,388.0,dfa781e7b9a340a38c6f1268,True,0.002824858757062147,354,6.413436817129315e-06,15592264.0,,,,,,,,,,,,,,,,,,,,,,,,,,,,,,,,,,,,,,,,,,,,bounded_preclose_bid_ask,,,,False,not_requested_for_horizon_or_variant,,,,event,covered_call,100,completed,123.61,111.92,False,-1169.0,H25,2,XOM,38.2318,primary,0.014730542445152057,16.563596118937483,2024
0.05570894916355362,2024-12-11,739,0184588c5c5f7281b497c513,time_value,6.715199999999999,O:XOM250221C00130000,1,1,2024-10-10,2024-10-10,134,0.034757186941692386,696,99.0,0.08770583286141899,2024-10-11,697,True,2024-12-11,739,2024-10-10,10,8294839.0,2024-12-11,scheduled_exit,739,2025-02-21,"{""market_momentum"": 0.039158039031780945, ""market_volatility"": 0.006418619158109336, ""momentum"": 0.12231133795114846, ""volatility"": 0.014730542445152057, ""volume_state"": 16.563596118937483}",assumed_next_daily_close,12361.0,42,0000034088,0,0.039158039031780945,0.006418619158109336,0.12231133795114846,-1084.1318,-0.08770583286141899,7.416599999999999,4.22,0.0,-0.0,dfa781e7b9a340a38c6f1268,True,0.002824858757062147,354,6.413436817129315e-06,15592264.0,,,,,,,,,,,,,,,,,,,,,,,,,,,,,,,,,,,,,,,,,,,,bounded_preclose_bid_ask,,,,False,not_requested_for_horizon_or_variant,,,,event,covered_call,100,completed,123.61,111.92,True,-1169.0,H25,2,XOM,14.131799999999998,primary,0.014730542445152057,16.563596118937483,2024
0.05570894916355362,2025-01-14,760,0184588c5c5f7281b497c513,time_value,7.5332,O:XOM250221C00130000,1,1,2024-10-10,2024-10-10,134,0.034757186941692386,696,99.0,0.10864794110508863,2024-10-11,697,True,2025-01-14,760,2024-10-10,10,8294839.0,2025-01-14,scheduled_exit,760,2025-02-21,"{""market_momentum"": 0.039158039031780945, ""market_volatility"": 0.006418619158109336, ""momentum"": 0.12231133795114846, ""volatility"": 0.014730542445152057, ""volume_state"": 16.563596118937483}",assumed_next_daily_close,12361.0,63,0000034088,0,0.039158039031780945,0.006418619158109336,0.12231133795114846,-910.6998,-0.07367525281126122,29.1666,4.22,0.06,416.0,dfa781e7b9a340a38c6f1268,True,0.002824858757062147,354,6.413436817129315e-06,15592264.0,,,,,,,,,,,,,,,,,,,,,,,,,,,,,,,,,,,,,,,,,,,,bounded_preclose_bid_ask,,,,False,not_requested_for_horizon_or_variant,,,,event,covered_call,100,completed,123.61,109.72,False,-1389.0,H25,2,XOM,36.699799999999996,primary,0.014730542445152057,16.563596118937483,2024
0.05570894916355362,2025-01-14,760,0184588c5c5f7281b497c513,time_value,6.5832,O:XOM250221C00130000,1,1,2024-10-10,2024-10-10,134,0.034757186941692386,696,99.0,0.13953136477631264,2024-10-11,697,True,2025-01-14,760,2024-10-10,10,8294839.0,2025-01-14,scheduled_exit,760,2025-02-21,"{""market_momentum"": 0.039158039031780945, ""market_volatility"": 0.006418619158109336, ""momentum"": 0.12231133795114846, ""volatility"": 0.014730542445152057, ""volume_state"": 16.563596118937483}",assumed_next_daily_close,12361.0,63,0000034088,0,0.039158039031780945,0.006418619158109336,0.12231133795114846,-1303.9998,-0.10549306690397217,7.416599999999999,4.22,0.0,-0.0,dfa781e7b9a340a38c6f1268,True,0.002824858757062147,354,6.413436817129315e-06,15592264.0,,,,,,,,,,,,,,,,,,,,,,,,,,,,,,,,,,,,,,,,,,,,bounded_preclose_bid_ask,,,,False,not_requested_for_horizon_or_variant,,,,event,covered_call,100,completed,123.61,109.72,True,-1389.0,H25,2,XOM,13.999799999999999,primary,0.014730542445152057,16.563596118937483,2024
0.05570894916355362,2025-02-21,786,0184588c5c5f7281b497c513,time_value,7.291399999999999,O:XOM250221C00130000,1,1,2024-10-10,2024-10-10,134,0.034757186941692386,696,198.0,,2024-10-11,697,True,2025-02-21,786,2024-10-10,10,8294839.0,2025-02-21,expiry_worthless,786,2025-02-21,"{""market_momentum"": 0.039158039031780945, ""market_volatility"": 0.006418619158109336, ""momentum"": 0.12231133795114846, ""volatility"": 0.014730542445152057, ""volume_state"": 16.563596118937483}",assumed_next_daily_close,12361.0,expiry,0000034088,1,0.039158039031780945,0.006418619158109336,0.12231133795114846,-708.458,-0.057313971361540324,29.1666,4.22,0.0,422.0,dfa781e7b9a340a38c6f1268,False,0.002824858757062147,354,6.413436817129315e-06,15592264.0,,,,,,,,,,,,,,,,,,,,,,,,,,,,,,,,,,,,,,,,,,,,bounded_preclose_bid_ask,,,,False,not_requested_for_horizon_or_variant,,,,event,covered_call,100,completed,123.61,110.69,False,-1292.0,H25,2,XOM,36.458,primary,0.014730542445152057,16.563596118937483,2024
0.05570894916355362,2025-02-21,786,0184588c5c5f7281b497c513,time_value,6.641399999999999,O:XOM250221C00130000,1,1,2024-10-10,2024-10-10,134,0.034757186941692386,696,198.0,0.13953136477631264,2024-10-11,697,True,2025-02-21,786,2024-10-10,10,8294839.0,2025-02-21,scheduled_exit,786,2025-02-21,"{""market_momentum"": 0.039158039031780945, ""market_volatility"": 0.006418619158109336, ""momentum"": 0.12231133795114846, ""volatility"": 0.014730542445152057, ""volume_state"": 16.563596118937483}",assumed_next_daily_close,12361.0,expiry,0000034088,0,0.039158039031780945,0.006418619158109336,0.12231133795114846,-1108.058,-0.08964145295688052,7.416599999999999,4.22,0.0,-0.0,dfa781e7b9a340a38c6f1268,True,0.002824858757062147,354,6.413436817129315e-06,15592264.0,,,,,,,,,,,,,,,,,,,,,,,,,,,,,,,,,,,,,,,,,,,,bounded_preclose_bid_ask,,,,False,not_requested_for_horizon_or_variant,,,,event,covered_call,100,completed,123.61,110.69,True,-1292.0,H25,2,XOM,14.057999999999998,primary,0.014730542445152057,16.563596118937483,2024
0.053820097854723414,2022-02-11,28,0842d295f199a143f5788f7c,time_value,37.7408,O:AMD220617C00140000,1,1,2022-02-09,2022-02-09,128,0.09341362438840799,26,0.0,0.08055871829530095,2022-02-10,27,True,2022-02-11,28,2022-06-10,229,108939859.0,2022-02-11,scheduled_exit,28,2022-06-17,"{""market_momentum"": -0.01712100706751729, ""market_volatility"": 0.012640436624071728, ""momentum"": 0.006439393939393856, ""volatility"": 0.03901188867155281, ""volume_state"": 18.36068771284885}",assumed_next_daily_close,12577.0,1,0000002488,0,-0.01712100706751729,0.012640436624071728,0.006439393939393856,-1013.187,-0.08055871829530095,55.4462,9.45,6.06,338.99999999999994,16e3128fff38074a762f4b23,True,0.0005408328826392645,1849,9.320503163635088e-07,107290345.0,,,,,,,,,,,,,,,,,,,,,,,,,,,,,,,,,,,,,,,,,,,,bounded_preclose_bid_ask,,,,False,not_requested_for_horizon_or_variant,,,,ordinary,covered_call,100,completed,125.77,113.18,False,-1259.0,H25,2,AMD,93.187,primary,0.03901188867155281,18.36068771284885,2022
0.053820097854723414,2022-02-11,28,0842d295f199a143f5788f7c,time_value,6.790799999999999,O:AMD220617C00140000,1,1,2022-02-09,2022-02-09,128,0.09341362438840799,26,0.0,0.10124330126421245,2022-02-10,27,True,2022-02-11,28,2022-06-10,229,108939859.0,2022-02-11,scheduled_exit,28,2022-06-17,"{""market_momentum"": -0.01712100706751729, ""market_volatility"": 0.012640436624071728, ""momentum"": 0.006439393939393856, ""volatility"": 0.03901188867155281, ""volume_state"": 18.36068771284885}",assumed_next_daily_close,12577.0,1,0000002488,0,-0.01712100706751729,0.012640436624071728,0.006439393939393856,-1273.337,-0.10124330126421245,7.546199999999999,9.45,0.0,-0.0,16e3128fff38074a762f4b23,True,0.0005408328826392645,1849,9.320503163635088e-07,107290345.0,,,,,,,,,,,,,,,,,,,,,,,,,,,,,,,,,,,,,,,,,,,,bounded_preclose_bid_ask,,,,False,not_requested_for_horizon_or_variant,,,,ordinary,covered_call,100,completed,125.77,113.18,True,-1259.0,H25,2,AMD,14.336999999999998,primary,0.03901188867155281,18.36068771284885,2022
0.053820097854723414,2022-02-14,29,0842d295f199a143f5788f7c,time_value,38.7562,O:AMD220617C00140000,1,1,2022-02-09,2022-02-09,128,0.09341362438840799,26,0.0,0.08055871829530098,2022-02-10,27,True,2022-02-14,29,2022-06-10,229,108939859.0,2022-02-14,scheduled_exit,29,2022-06-17,"{""market_momentum"": -0.01712100706751729, ""market_volatility"": 0.012640436624071728, ""momentum"": 0.006439393939393856, ""volatility"": 0.03901188867155281, ""volume_state"": 18.36068771284885}",assumed_next_daily_close,12577.0,2,0000002488,0,-0.01712100706751729,0.012640436624071728,0.006439393939393856,-924.2024,-0.07348353343404627,55.4462,9.45,6.25,319.99999999999994,16e3128fff38074a762f4b23,True,0.0005408328826392645,1849,9.320503163635088e-07,107290345.0,,,,,,,,,,,,,,,,,,,,,,,,,,,,,,,,,,,,,,,,,,,,bounded_preclose_bid_ask,,,,False,not_requested_for_horizon_or_variant,,,,ordinary,covered_call,100,completed,125.77,114.27,False,-1150.0,H25,2,AMD,94.2024,primary,0.03901188867155281,18.36068771284885,2022
0.053820097854723414,2022-02-14,29,0842d295f199a143f5788f7c,time_value,6.856199999999999,O:AMD220617C00140000,1,1,2022-02-09,2022-02-09,128,0.09341362438840799,26,0.0,0.1012433012642125,2022-02-10,27,True,2022-02-14,29,2022-06-10,229,108939859.0,2022-02-14,scheduled_exit,29,2022-06-17,"{""market_momentum"": -0.01712100706751729, ""market_volatility"": 0.012640436624071728, ""momentum"": 0.006439393939393856, ""volatility"": 0.03901188867155281, ""volume_state"": 18.36068771284885}",assumed_next_daily_close,12577.0,2,0000002488,0,-0.01712100706751729,0.012640436624071728,0.006439393939393856,-1164.4024,-0.09258188757255306,7.546199999999999,9.45,0.0,-0.0,16e3128fff38074a762f4b23,True,0.0005408328826392645,1849,9.320503163635088e-07,107290345.0,,,,,,,,,,,,,,,,,,,,,,,,,,,,,,,,,,,,,,,,,,,,bounded_preclose_bid_ask,,,,False,not_requested_for_horizon_or_variant,,,,ordinary,covered_call,100,completed,125.77,114.27,True,-1150.0,H25,2,AMD,14.402399999999998,primary,0.03901188867155281,18.36068771284885,2022
0.053820097854723414,2022-02-15,30,0842d295f199a143f5788f7c,time_value,48.438199999999995,O:AMD220617C00140000,1,1,2022-02-09,2022-02-09,128,0.09341362438840799,26,0.0,0.08055871829530098,2022-02-10,27,True,2022-02-15,30,2022-06-10,229,108939859.0,2022-02-15,scheduled_exit,30,2022-06-17,"{""market_momentum"": -0.01712100706751729, ""market_volatility"": 0.012640436624071728, ""momentum"": 0.006439393939393856, ""volatility"": 0.03901188867155281, ""volume_state"": 18.36068771284885}",assumed_next_daily_close,12577.0,3,0000002488,0,-0.01712100706751729,0.012640436624071728,0.006439393939393856,-398.88439999999997,-0.031715385227001666,55.4462,9.45,8.1,134.99999999999997,16e3128fff38074a762f4b23,True,0.0005408328826392645,1849,9.320503163635088e-07,107290345.0,,,,,,,,,,,,,,,,,,,,,,,,,,,,,,,,,,,,,,,,,,,,bounded_preclose_bid_ask,,,,False,not_requested_for_horizon_or_variant,,,,ordinary,covered_call,100,completed,125.77,121.47,False,-430.0,H25,2,AMD,103.8844,primary,0.03901188867155281,18.36068771284885,2022
0.053820097854723414,2022-02-15,30,0842d295f199a143f5788f7c,time_value,7.2882,O:AMD220617C00140000,1,1,2022-02-09,2022-02-09,128,0.09341362438840799,26,0.0,0.1012433012642125,2022-02-10,27,True,2022-02-15,30,2022-06-10,229,108939859.0,2022-02-15,scheduled_exit,30,2022-06-17,"{""market_momentum"": -0.01712100706751729, ""market_volatility"": 0.012640436624071728, ""momentum"": 0.006439393939393856, ""volatility"": 0.03901188867155281, ""volume_state"": 18.36068771284885}",assumed_next_daily_close,12577.0,3,0000002488,0,-0.01712100706751729,0.012640436624071728,0.006439393939393856,-444.8344,-0.035368879701041585,7.546199999999999,9.45,0.0,-0.0,16e3128fff38074a762f4b23,True,0.0005408328826392645,1849,9.320503163635088e-07,107290345.0,,,,,,,,,,,,,,,,,,,,,,,,,,,,,,,,,,,,,,,,,,,,bounded_preclose_bid_ask,,,,False,not_requested_for_horizon_or_variant,,,,ordinary,covered_call,100,completed,125.77,121.47,True,-430.0,H25,2,AMD,14.834399999999999,primary,0.03901188867155281,18.36068771284885,2022
0.053820097854723414,2022-02-17,32,0842d295f199a143f5788f7c,time_value,33.642199999999995,O:AMD220617C00140000,1,1,2022-02-09,2022-02-09,128,0.09341362438840799,26,0.0,0.08055871829530098,2022-02-10,27,True,2022-02-17,32,2022-06-10,229,108939859.0,2022-02-17,scheduled_exit,32,2022-06-17,"{""market_momentum"": -0.01712100706751729, ""market_volatility"": 0.012640436624071728, ""momentum"": 0.006439393939393856, ""volatility"": 0.03901188867155281, ""volume_state"": 18.36068771284885}",assumed_next_daily_close,12577.0,5,0000002488,0,-0.01712100706751729,0.012640436624071728,0.006439393939393856,-1009.0884,-0.08023283771964697,55.4462,9.45,5.25,419.99999999999994,16e3128fff38074a762f4b23,True,0.0005408328826392645,1849,9.320503163635088e-07,107290345.0,,,,,,,,,,,,,,,,,,,,,,,,,,,,,,,,,,,,,,,,,,,,bounded_preclose_bid_ask,,,,False,not_requested_for_horizon_or_variant,,,,ordinary,covered_call,100,completed,125.77,112.37,False,-1340.0,H25,2,AMD,89.0884,primary,0.03901188867155281,18.36068771284885,2022
0.053820097854723414,2022-02-17,32,0842d295f199a143f5788f7c,time_value,6.7421999999999995,O:AMD220617C00140000,1,1,2022-02-09,2022-02-09,128,0.09341362438840799,26,0.0,0.10767976464975748,2022-02-10,27,True,2022-02-17,32,2022-06-10,229,108939859.0,2022-02-17,scheduled_exit,32,2022-06-17,"{""market_momentum"": -0.01712100706751729, ""market_volatility"": 0.012640436624071728, ""momentum"": 0.006439393939393856, ""volatility"": 0.03901188867155281, ""volume_state"": 18.36068771284885}",assumed_next_daily_close,12577.0,5,0000002488,0,-0.01712100706751729,0.012640436624071728,0.006439393939393856,-1354.2884,-0.10767976464975748,7.546199999999999,9.45,0.0,-0.0,16e3128fff38074a762f4b23,True,0.0005408328826392645,1849,9.320503163635088e-07,107290345.0,,,,,,,,,,,,,,,,,,,,,,,,,,,,,,,,,,,,,,,,,,,,bounded_preclose_bid_ask,,,,False,not_requested_for_horizon_or_variant,,,,ordinary,covered_call,100,completed,125.77,112.37,True,-1340.0,H25,2,AMD,14.2884,primary,0.03901188867155281,18.36068771284885,2022
0.053820097854723414,2022-02-25,37,0842d295f199a143f5788f7c,time_value,42.913599999999995,O:AMD220617C00140000,1,1,2022-02-09,2022-02-09,128,0.09341362438840799,26,0.0,0.09579643794227562,2022-02-10,27,True,2022-02-25,37,2022-06-10,229,108939859.0,2022-02-25,scheduled_exit,37,2022-06-17,"{""market_momentum"": -0.01712100706751729, ""market_volatility"": 0.012640436624071728, ""momentum"": 0.006439393939393856, ""volatility"": 0.03901188867155281, ""volume_state"": 18.36068771284885}",assumed_next_daily_close,12577.0,10,0000002488,0,-0.01712100706751729,0.012640436624071728,0.006439393939393856,-324.3598,-0.025789918104476426,55.4462,9.45,7,244.99999999999994,16e3128fff38074a762f4b23,True,0.0005408328826392645,1849,9.320503163635088e-07,107290345.0,,,,,,,,,,,,,,,,,,,,,,,,,,,,,,,,,,,,,,,,,,,,bounded_preclose_bid_ask,,,,False,decision_missing_or_stale_quote,,,,ordinary,covered_call,100,completed,125.77,121.06,False,-471.0,H25,2,AMD,98.35979999999999,primary,0.03901188867155281,18.36068771284885,2022
0.053820097854723414,2022-02-25,37,0842d295f199a143f5788f7c,time_value,7.263599999999999,O:AMD220617C00140000,1,1,2022-02-09,2022-02-09,128,0.09341362438840799,26,0.0,0.12841948000318046,2022-02-10,27,True,2022-02-25,37,2022-06-10,229,108939859.0,2022-02-25,scheduled_exit,37,2022-06-17,"{""market_momentum"": -0.01712100706751729, ""market_volatility"": 0.012640436624071728, ""momentum"": 0.006439393939393856, ""volatility"": 0.03901188867155281, ""volume_state"": 18.36068771284885}",assumed_next_daily_close,12577.0,10,0000002488,0,-0.01712100706751729,0.012640436624071728,0.006439393939393856,-485.8098,-0.03862684264928043,7.546199999999999,9.45,0.0,-0.0,16e3128fff38074a762f4b23,True,0.0005408328826392645,1849,9.320503163635088e-07,107290345.0,,,,,,,,,,,,,,,,,,,,,,,,,,,,,,,,,,,,,,,,,,,,bounded_preclose_bid_ask,,,,False,decision_missing_or_stale_quote,,,,ordinary,covered_call,100,completed,125.77,121.06,True,-471.0,H25,2,AMD,14.8098,primary,0.03901188867155281,18.36068771284885,2022
0.053820097854723414,2022-03-14,48,0842d295f199a143f5788f7c,time_value,18.785,O:AMD220617C00140000,1,1,2022-02-09,2022-02-09,128,0.09341362438840799,26,0.0,0.1368554663274231,2022-02-10,27,True,2022-03-14,48,2022-06-10,229,108939859.0,2022-03-14,scheduled_exit,48,2022-06-17,"{""market_momentum"": -0.01712100706751729, ""market_volatility"": 0.012640436624071728, ""momentum"": 0.006439393939393856, ""volatility"": 0.03901188867155281, ""volume_state"": 18.36068771284885}",assumed_next_daily_close,12577.0,21,0000002488,0,-0.01712100706751729,0.012640436624071728,0.006439393939393856,-1721.2312000000002,-0.1368554663274231,55.4462,9.45,2.4,704.9999999999999,16e3128fff38074a762f4b23,True,0.0005408328826392645,1849,9.320503163635088e-07,107290345.0,,,,,,,,,,,,,,,,,,,,,,,,,,,,,,,,,,,,,,,,,,,,bounded_preclose_bid_ask,,,,False,not_requested_for_horizon_or_variant,,,,ordinary,covered_call,100,completed,125.77,102.25,False,-2352.0,H25,2,AMD,74.2312,primary,0.03901188867155281,18.36068771284885,2022
0.053820097854723414,2022-03-14,48,0842d295f199a143f5788f7c,time_value,6.135,O:AMD220617C00140000,1,1,2022-02-09,2022-02-09,128,0.09341362438840799,26,0.0,0.1880958257136042,2022-02-10,27,True,2022-03-14,48,2022-06-10,229,108939859.0,2022-03-14,scheduled_exit,48,2022-06-17,"{""market_momentum"": -0.01712100706751729, ""market_volatility"": 0.012640436624071728, ""momentum"": 0.006439393939393856, ""volatility"": 0.03901188867155281, ""volume_state"": 18.36068771284885}",assumed_next_daily_close,12577.0,21,0000002488,0,-0.01712100706751729,0.012640436624071728,0.006439393939393856,-2365.6812,-0.1880958257136042,7.546199999999999,9.45,0.0,-0.0,16e3128fff38074a762f4b23,True,0.0005408328826392645,1849,9.320503163635088e-07,107290345.0,,,,,,,,,,,,,,,,,,,,,,,,,,,,,,,,,,,,,,,,,,,,bounded_preclose_bid_ask,,,,False,not_requested_for_horizon_or_variant,,,,ordinary,covered_call,100,completed,125.77,102.25,True,-2352.0,H25,2,AMD,13.681199999999999,primary,0.03901188867155281,18.36068771284885,2022
0.053820097854723414,2022-04-12,69,0842d295f199a143f5788f7c,time_value,9.405999999999999,O:AMD220617C00140000,1,1,2022-02-09,2022-02-09,128,0.09341362438840799,26,0.0,0.17872721634730063,2022-02-10,27,True,2022-04-12,69,2022-06-10,229,108939859.0,2022-04-12,scheduled_exit,69,2022-06-17,"{""market_momentum"": -0.01712100706751729, ""market_volatility"": 0.012640436624071728, ""momentum"": 0.006439393939393856, ""volatility"": 0.03901188867155281, ""volume_state"": 18.36068771284885}",assumed_next_daily_close,12577.0,42,0000002488,0,-0.01712100706751729,0.012640436624071728,0.006439393939393856,-2247.8522,-0.17872721634730063,55.4462,9.45,0.61,884.0,16e3128fff38074a762f4b23,True,0.0005408328826392645,1849,9.320503163635088e-07,107290345.0,,,,,,,,,,,,,,,,,,,,,,,,,,,,,,,,,,,,,,,,,,,,bounded_preclose_bid_ask,,,,False,not_requested_for_horizon_or_variant,,,,ordinary,covered_call,100,completed,125.77,95.1,False,-3067.0,H25,2,AMD,64.8522,primary,0.03901188867155281,18.36068771284885,2022
0.053820097854723414,2022-04-12,69,0842d295f199a143f5788f7c,time_value,5.7059999999999995,O:AMD220617C00140000,1,1,2022-02-09,2022-02-09,128,0.09341362438840799,26,0.0,0.2449115210304524,2022-02-10,27,True,2022-04-12,69,2022-06-10,229,108939859.0,2022-04-12,scheduled_exit,69,2022-06-17,"{""market_momentum"": -0.01712100706751729, ""market_volatility"": 0.012640436624071728, ""momentum"": 0.006439393939393856, ""volatility"": 0.03901188867155281, ""volume_state"": 18.36068771284885}",assumed_next_daily_close,12577.0,42,0000002488,0,-0.01712100706751729,0.012640436624071728,0.006439393939393856,-3080.2522,-0.2449115210304524,7.546199999999999,9.45,0.0,-0.0,16e3128fff38074a762f4b23,True,0.0005408328826392645,1849,9.320503163635088e-07,107290345.0,,,,,,,,,,,,,,,,,,,,,,,,,,,,,,,,,,,,,,,,,,,,bounded_preclose_bid_ask,,,,False,not_requested_for_horizon_or_variant,,,,ordinary,covered_call,100,completed,125.77,95.1,True,-3067.0,H25,2,AMD,13.252199999999998,primary,0.03901188867155281,18.36068771284885,2022
0.053820097854723414,2022-05-12,90,0842d295f199a143f5788f7c,time_value,6.4235999999999995,O:AMD220617C00140000,1,1,2022-02-09,2022-02-09,128,0.09341362438840799,26,0.0,0.2563600858710345,2022-02-10,27,True,2022-05-12,90,2022-06-10,229,108939859.0,2022-05-12,scheduled_exit,90,2022-06-17,"{""market_momentum"": -0.01712100706751729, ""market_volatility"": 0.012640436624071728, ""momentum"": 0.006439393939393856, ""volatility"": 0.03901188867155281, ""volume_state"": 18.36068771284885}",assumed_next_daily_close,12577.0,63,0000002488,0,-0.01712100706751729,0.012640436624071728,0.006439393939393856,-2998.8698,-0.23844078874135327,55.4462,9.45,0.11,934.0,16e3128fff38074a762f4b23,True,0.0005408328826392645,1849,9.320503163635088e-07,107290345.0,,,,,,,,,,,,,,,,,,,,,,,,,,,,,,,,,,,,,,,,,,,,bounded_preclose_bid_ask,,,,False,not_requested_for_horizon_or_variant,,,,ordinary,covered_call,100,completed,125.77,87.06,False,-3871.0,H25,2,AMD,61.8698,primary,0.03901188867155281,18.36068771284885,2022
0.053820097854723414,2022-05-12,90,0842d295f199a143f5788f7c,time_value,5.223599999999999,O:AMD220617C00140000,1,1,2022-02-09,2022-02-09,128,0.09341362438840799,26,0.0,0.3258838196708278,2022-02-10,27,True,2022-05-12,90,2022-06-10,229,108939859.0,2022-05-12,scheduled_exit,90,2022-06-17,"{""market_momentum"": -0.01712100706751729, ""market_volatility"": 0.012640436624071728, ""momentum"": 0.006439393939393856, ""volatility"": 0.03901188867155281, ""volume_state"": 18.36068771284885}",assumed_next_daily_close,12577.0,63,0000002488,0,-0.01712100706751729,0.012640436624071728,0.006439393939393856,-3883.7697999999996,-0.30879937982030686,7.546199999999999,9.45,0.0,-0.0,16e3128fff38074a762f4b23,True,0.0005408328826392645,1849,9.320503163635088e-07,107290345.0,,,,,,,,,,,,,,,,,,,,,,,,,,,,,,,,,,,,,,,,,,,,bounded_preclose_bid_ask,,,,False,not_requested_for_horizon_or_variant,,,,ordinary,covered_call,100,completed,125.77,87.06,True,-3871.0,H25,2,AMD,12.769799999999998,primary,0.03901188867155281,18.36068771284885,2022
0.053820097854723414,2022-06-17,115,0842d295f199a143f5788f7c,time_value,5.544199999999999,O:AMD220617C00140000,1,1,2022-02-09,2022-02-09,128,0.09341362438840799,26,0.0,0.28114736423630443,2022-02-10,27,True,2022-06-17,115,2022-06-10,229,108939859.0,2022-06-17,expiry_worthless,115,2022-06-17,"{""market_momentum"": -0.01712100706751729, ""market_volatility"": 0.012640436624071728, ""momentum"": 0.006439393939393856, ""volatility"": 0.03901188867155281, ""volume_state"": 18.36068771284885}",assumed_next_daily_close,12577.0,expiry,0000002488,0,-0.01712100706751729,0.012640436624071728,0.006439393939393856,-3535.9904000000006,-0.28114736423630443,55.4462,9.45,0.0,944.9999999999999,16e3128fff38074a762f4b23,True,0.0005408328826392645,1849,9.320503163635088e-07,107290345.0,,,,,,,,,,,,,,,,,,,,,,,,,,,,,,,,,,,,,,,,,,,,bounded_preclose_bid_ask,,,,False,not_requested_for_horizon_or_variant,,,,ordinary,covered_call,100,completed,125.77,81.57,False,-4420.000000000001,H25,2,AMD,60.990399999999994,primary,0.03901188867155281,18.36068771284885,2022
0.053820097854723414,2022-06-17,115,0842d295f199a143f5788f7c,time_value,4.894199999999999,O:AMD220617C00140000,1,1,2022-02-09,2022-02-09,128,0.09341362438840799,26,0.0,0.35242429832233446,2022-02-10,27,True,2022-06-17,115,2022-06-10,229,108939859.0,2022-06-17,scheduled_exit,115,2022-06-17,"{""market_momentum"": -0.01712100706751729, ""market_volatility"": 0.012640436624071728, ""momentum"": 0.006439393939393856, ""volatility"": 0.03901188867155281, ""volume_state"": 18.36068771284885}",assumed_next_daily_close,12577.0,expiry,0000002488,0,-0.01712100706751729,0.012640436624071728,0.006439393939393856,-4432.4404,-0.35242429832233446,7.546199999999999,9.45,0.0,-0.0,16e3128fff38074a762f4b23,True,0.0005408328826392645,1849,9.320503163635088e-07,107290345.0,,,,,,,,,,,,,,,,,,,,,,,,,,,,,,,,,,,,,,,,,,,,bounded_preclose_bid_ask,,,,False,not_requested_for_horizon_or_variant,,,,ordinary,covered_call,100,completed,125.77,81.57,True,-4420.000000000001,H25,2,AMD,12.440399999999997,primary,0.03901188867155281,18.36068771284885,2022
0.04179820684429858,2024-05-02,585,0ef74440cdb3cd3b9bab7f60,time_value,49.919599999999996,O:AMD240816C00165000,1,1,2024-04-30,2024-04-30,108,0.09597171360020204,583,0.0,0.006661981007832597,2024-05-01,584,True,2024-05-02,585,2025-03-14,1813,89413168.0,2024-05-02,scheduled_exit,585,2024-08-16,"{""market_momentum"": -0.038647157959246115, ""market_volatility"": 0.008503234770382983, ""momentum"": -0.13614050398167343, ""volatility"": 0.03093264576009373, ""volume_state"": 17.834771180478228}",assumed_next_daily_close,14427.000000000002,1,0000002488,0,-0.038647157959246115,0.008503234770382983,-0.13614050398167343,56.024199999998224,0.003883288278921343,48.0562,7.75,8.1,-34.999999999999964,ad868825a086ca6d3226ae37,True,0.0024813895781637717,403,2.3049460920821445e-06,43384962.6,,,,,,,,,,,,,,,,,,,,,,,,,,,,,,,,,,,,,,,,,,,,bounded_preclose_bid_ask,,,,False,not_requested_for_horizon_or_variant,,,,ordinary,covered_call,100,completed,144.27,146.16,False,188.99999999999818,H25,2,AMD,97.97579999999999,primary,0.03093264576009373,17.834771180478228,2024
0.04179820684429858,2024-05-02,585,0ef74440cdb3cd3b9bab7f60,time_value,8.769599999999999,O:AMD240816C00165000,1,1,2024-04-30,2024-04-30,108,0.09597171360020204,583,0.0,0.0011999999999999613,2024-05-01,584,True,2024-05-02,585,2025-03-14,1813,89413168.0,2024-05-02,scheduled_exit,585,2024-08-16,"{""market_momentum"": -0.038647157959246115, ""market_volatility"": 0.008503234770382983, ""momentum"": -0.13614050398167343, ""volatility"": 0.03093264576009373, ""volume_state"": 17.834771180478228}",assumed_next_daily_close,14427.000000000002,1,0000002488,0,-0.038647157959246115,0.008503234770382983,-0.13614050398167343,171.57419999999817,0.011892576419213846,8.6562,7.75,0.0,-0.0,ad868825a086ca6d3226ae37,True,0.0024813895781637717,403,2.3049460920821445e-06,43384962.6,,,,,,,,,,,,,,,,,,,,,,,,,,,,,,,,,,,,,,,,,,,,bounded_preclose_bid_ask,,,,False,not_requested_for_horizon_or_variant,,,,ordinary,covered_call,100,completed,144.27,146.16,True,188.99999999999818,H25,2,AMD,17.4258,primary,0.03093264576009373,17.834771180478228,2024
0.04179820684429858,2024-05-03,586,0ef74440cdb3cd3b9bab7f60,time_value,57.43600000000001,O:AMD240816C00165000,1,1,2024-04-30,2024-04-30,108,0.09597171360020204,583,0.0,0.006661981007832597,2024-05-01,584,True,2024-05-03,586,2025-03-14,1813,89413168.0,2024-05-03,scheduled_exit,586,2024-08-16,"{""market_momentum"": -0.038647157959246115, ""market_volatility"": 0.008503234770382983, ""momentum"": -0.13614050398167343, ""volatility"": 0.03093264576009373, ""volume_state"": 17.834771180478228}",assumed_next_daily_close,14427.000000000002,2,0000002488,0,-0.038647157959246115,0.008503234770382983,-0.13614050398167343,347.50779999999816,0.024087322381645394,48.0562,7.75,9.55,-180.00000000000006,ad868825a086ca6d3226ae37,True,0.0024813895781637717,403,2.3049460920821445e-06,43384962.6,,,,,,,,,,,,,,,,,,,,,,,,,,,,,,,,,,,,,,,,,,,,bounded_preclose_bid_ask,,,,False,not_requested_for_horizon_or_variant,,,,ordinary,covered_call,100,completed,144.27,150.6,False,632.9999999999982,H25,2,AMD,105.4922,primary,0.03093264576009373,17.834771180478228,2024
0.04179820684429858,2024-05-03,586,0ef74440cdb3cd3b9bab7f60,time_value,9.036,O:AMD240816C00165000,1,1,2024-04-30,2024-04-30,108,0.09597171360020204,583,0.0,0.0011999999999999613,2024-05-01,584,True,2024-05-03,586,2025-03-14,1813,89413168.0,2024-05-03,scheduled_exit,586,2024-08-16,"{""market_momentum"": -0.038647157959246115, ""market_volatility"": 0.008503234770382983, ""momentum"": -0.13614050398167343, ""volatility"": 0.03093264576009373, ""volume_state"": 17.834771180478228}",assumed_next_daily_close,14427.000000000002,2,0000002488,0,-0.038647157959246115,0.008503234770382983,-0.13614050398167343,615.3077999999982,0.04264974007070064,8.6562,7.75,0.0,-0.0,ad868825a086ca6d3226ae37,True,0.0024813895781637717,403,2.3049460920821445e-06,43384962.6,,,,,,,,,,,,,,,,,,,,,,,,,,,,,,,,,,,,,,,,,,,,bounded_preclose_bid_ask,,,,False,not_requested_for_horizon_or_variant,,,,ordinary,covered_call,100,completed,144.27,150.6,True,632.9999999999982,H25,2,AMD,17.6922,primary,0.03093264576009373,17.834771180478228,2024
0.04179820684429858,2024-05-06,587,0ef74440cdb3cd3b9bab7f60,time_value,68.2468,O:AMD240816C00165000,1,1,2024-04-30,2024-04-30,108,0.09597171360020204,583,0.0,0.006661981007832597,2024-05-01,584,True,2024-05-06,587,2025-03-14,1813,89413168.0,2024-05-06,scheduled_exit,587,2024-08-16,"{""market_momentum"": -0.038647157959246115, ""market_volatility"": 0.008503234770382983, ""momentum"": -0.13614050398167343, ""volatility"": 0.03093264576009373, ""volume_state"": 17.834771180478228}",assumed_next_daily_close,14427.000000000002,3,0000002488,0,-0.038647157959246115,0.008503234770382983,-0.13614050398167343,644.6969999999982,0.04468683718028683,48.0562,7.75,11.65,-390.00000000000006,ad868825a086ca6d3226ae37,True,0.0024813895781637717,403,2.3049460920821445e-06,43384962.6,,,,,,,,,,,,,,,,,,,,,,,,,,,,,,,,,,,,,,,,,,,,bounded_preclose_bid_ask,,,,False,not_requested_for_horizon_or_variant,,,,ordinary,covered_call,100,completed,144.27,155.78,False,1150.9999999999982,H25,2,AMD,116.303,primary,0.03093264576009373,17.834771180478228,2024
0.04179820684429858,2024-05-06,587,0ef74440cdb3cd3b9bab7f60,time_value,9.3468,O:AMD240816C00165000,1,1,2024-04-30,2024-04-30,108,0.09597171360020204,583,0.0,0.0011999999999999613,2024-05-01,584,True,2024-05-06,587,2025-03-14,1813,89413168.0,2024-05-06,scheduled_exit,587,2024-08-16,"{""market_momentum"": -0.038647157959246115, ""market_volatility"": 0.008503234770382983, ""momentum"": -0.13614050398167343, ""volatility"": 0.03093264576009373, ""volume_state"": 17.834771180478228}",assumed_next_daily_close,14427.000000000002,3,0000002488,0,-0.038647157959246115,0.008503234770382983,-0.13614050398167343,1132.9969999999983,0.0785330976641019,8.6562,7.75,0.0,-0.0,ad868825a086ca6d3226ae37,True,0.0024813895781637717,403,2.3049460920821445e-06,43384962.6,,,,,,,,,,,,,,,,,,,,,,,,,,,,,,,,,,,,,,,,,,,,bounded_preclose_bid_ask,,,,False,not_requested_for_horizon_or_variant,,,,ordinary,covered_call,100,completed,144.27,155.78,True,1150.9999999999982,H25,2,AMD,18.003,primary,0.03093264576009373,17.834771180478228,2024
0.04179820684429858,2024-05-08,589,0ef74440cdb3cd3b9bab7f60,time_value,61.3672,O:AMD240816C00165000,1,1,2024-04-30,2024-04-30,108,0.09597171360020204,583,0.0,0.006661981007832597,2024-05-01,584,True,2024-05-08,589,2025-03-14,1813,89413168.0,2024-05-08,scheduled_exit,589,2024-08-16,"{""market_momentum"": -0.038647157959246115, ""market_volatility"": 0.008503234770382983, ""momentum"": -0.13614050398167343, ""volatility"": 0.03093264576009373, ""volume_state"": 17.834771180478228}",assumed_next_daily_close,14427.000000000002,5,0000002488,0,-0.038647157959246115,0.008503234770382983,-0.13614050398167343,570.5765999999982,0.03954922021210218,48.0562,7.75,10.3,-255.00000000000006,ad868825a086ca6d3226ae37,True,0.0024813895781637717,403,2.3049460920821445e-06,43384962.6,,,,,,,,,,,,,,,,,,,,,,,,,,,,,,,,,,,,,,,,,,,,bounded_preclose_bid_ask,,,,False,not_requested_for_horizon_or_variant,,,,ordinary,covered_call,100,completed,144.27,153.62,False,934.9999999999982,H25,2,AMD,109.42339999999999,primary,0.03093264576009373,17.834771180478228,2024
0.04179820684429858,2024-05-08,589,0ef74440cdb3cd3b9bab7f60,time_value,9.2172,O:AMD240816C00165000,1,1,2024-04-30,2024-04-30,108,0.09597171360020204,583,0.0,0.0011999999999999613,2024-05-01,584,True,2024-05-08,589,2025-03-14,1813,89413168.0,2024-05-08,scheduled_exit,589,2024-08-16,"{""market_momentum"": -0.038647157959246115, ""market_volatility"": 0.008503234770382983, ""momentum"": -0.13614050398167343, ""volatility"": 0.03093264576009373, ""volume_state"": 17.834771180478228}",assumed_next_daily_close,14427.000000000002,5,0000002488,0,-0.038647157959246115,0.008503234770382983,-0.13614050398167343,917.1265999999981,0.06357015318500021,8.6562,7.75,0.0,-0.0,ad868825a086ca6d3226ae37,True,0.0024813895781637717,403,2.3049460920821445e-06,43384962.6,,,,,,,,,,,,,,,,,,,,,,,,,,,,,,,,,,,,,,,,,,,,bounded_preclose_bid_ask,,,,False,not_requested_for_horizon_or_variant,,,,ordinary,covered_call,100,completed,144.27,153.62,True,934.9999999999982,H25,2,AMD,17.8734,primary,0.03093264576009373,17.834771180478228,2024
0.04179820684429858,2024-05-15,594,0ef74440cdb3cd3b9bab7f60,time_value,71.2302,O:AMD240816C00165000,1,1,2024-04-30,2024-04-30,108,0.09597171360020204,583,0.0,0.006661981007832597,2024-05-01,584,True,2024-05-15,594,2025-03-14,1813,89413168.0,2024-05-15,scheduled_exit,594,2024-08-16,"{""market_momentum"": -0.038647157959246115, ""market_volatility"": 0.008503234770382983, ""momentum"": -0.13614050398167343, ""volatility"": 0.03093264576009373, ""volume_state"": 17.834771180478228}",assumed_next_daily_close,14427.000000000002,10,0000002488,0,-0.038647157959246115,0.008503234770382983,-0.13614050398167343,975.7135999999964,0.06763108061273974,48.0562,7.75,12.2,-444.99999999999994,ad868825a086ca6d3226ae37,True,0.0024813895781637717,403,2.3049460920821445e-06,43384962.6,True,0.032831488,15.3,7,14.95,9,0.023140495867768687,0.061299008,158.58,600,158.36,800,0.0013882753833533087,32,,7.6,0.189536768,7.75,84,7.6,74,0.019543973941368125,144.24,0.00422466,144.24,16900,144.23,100,6.933129961534527e-05,12.4,0.466617856,12.4,32,12.25,48,0.012170385395537555,159.66,0.006824462,159.67,900,159.66,200,6.263113393662296e-05,bounded_preclose_bid_ask,1034.6219999999987,0.07172920133111473,-480.00000000000006,False,completed_bounded_proxy,1541.9999999999986,27.378,,ordinary,covered_call,100,completed,144.27,159.67,False,1539.9999999999964,H25,2,AMD,119.28639999999999,primary,0.03093264576009373,17.834771180478228,2024
0.04179820684429858,2024-05-15,594,0ef74440cdb3cd3b9bab7f60,time_value,9.580199999999998,O:AMD240816C00165000,1,1,2024-04-30,2024-04-30,108,0.09597171360020204,583,0.0,0.0011999999999999613,2024-05-01,584,True,2024-05-15,594,2025-03-14,1813,89413168.0,2024-05-15,scheduled_exit,594,2024-08-16,"{""market_momentum"": -0.038647157959246115, ""market_volatility"": 0.008503234770382983, ""momentum"": -0.13614050398167343, ""volatility"": 0.03093264576009373, ""volume_state"": 17.834771180478228}",assumed_next_daily_close,14427.000000000002,10,0000002488,0,-0.038647157959246115,0.008503234770382983,-0.13614050398167343,1521.7635999999964,0.10548025230470619,8.6562,7.75,0.0,-0.0,ad868825a086ca6d3226ae37,True,0.0024813895781637717,403,2.3049460920821445e-06,43384962.6,True,0.032831488,15.3,7,14.95,9,0.023140495867768687,0.061299008,158.58,600,158.36,800,0.0013882753833533087,48,,0.0,0.189536768,7.75,84,7.6,74,0.019543973941368125,144.24,0.00422466,144.24,16900,144.23,100,6.933129961534527e-05,0.0,0.466617856,12.4,32,12.25,48,0.012170385395537555,159.66,0.006824462,159.67,900,159.66,200,6.263113393662296e-05,bounded_preclose_bid_ask,1535.9219999999987,0.10648377703826946,0.0,False,completed_bounded_proxy,1541.9999999999986,6.077999999999999,,ordinary,covered_call,100,completed,144.27,159.67,True,1539.9999999999964,H25,2,AMD,18.236399999999996,primary,0.03093264576009373,17.834771180478228,2024
0.04179820684429858,2024-05-31,605,0ef74440cdb3cd3b9bab7f60,time_value,88.914,O:AMD240816C00165000,1,1,2024-04-30,2024-04-30,108,0.09597171360020204,583,0.0,0.006661981007832597,2024-05-01,584,True,2024-05-31,605,2025-03-14,1813,89413168.0,2024-05-31,scheduled_exit,605,2024-08-16,"{""market_momentum"": -0.038647157959246115, ""market_volatility"": 0.008503234770382983, ""momentum"": -0.13614050398167343, ""volatility"": 0.03093264576009373, ""volume_state"": 17.834771180478228}",assumed_next_daily_close,14427.000000000002,21,0000002488,0,-0.038647157959246115,0.008503234770382983,-0.13614050398167343,1336.0297999999982,0.09260621057738948,48.0562,7.75,15.65,-790.0,ad868825a086ca6d3226ae37,True,0.0024813895781637717,403,2.3049460920821445e-06,43384962.6,,,,,,,,,,,,,,,,,,,,,,,,,,,,,,,,,,,,,,,,,,,,bounded_preclose_bid_ask,,,,False,not_requested_for_horizon_or_variant,,,,ordinary,covered_call,100,completed,144.27,166.9,False,2262.999999999998,H25,2,AMD,136.9702,primary,0.03093264576009373,17.834771180478228,2024
0.04179820684429858,2024-05-31,605,0ef74440cdb3cd3b9bab7f60,time_value,10.014,O:AMD240816C00165000,1,1,2024-04-30,2024-04-30,108,0.09597171360020204,583,0.0,0.0011999999999999613,2024-05-01,584,True,2024-05-31,605,2025-03-14,1813,89413168.0,2024-05-31,scheduled_exit,605,2024-08-16,"{""market_momentum"": -0.038647157959246115, ""market_volatility"": 0.008503234770382983, ""momentum"": -0.13614050398167343, ""volatility"": 0.03093264576009373, ""volume_state"": 17.834771180478228}",assumed_next_daily_close,14427.000000000002,21,0000002488,0,-0.038647157959246115,0.008503234770382983,-0.13614050398167343,2244.329799999998,0.15556455257503277,8.6562,7.75,0.0,-0.0,ad868825a086ca6d3226ae37,True,0.0024813895781637717,403,2.3049460920821445e-06,43384962.6,,,,,,,,,,,,,,,,,,,,,,,,,,,,,,,,,,,,,,,,,,,,bounded_preclose_bid_ask,,,,False,not_requested_for_horizon_or_variant,,,,ordinary,covered_call,100,completed,144.27,166.9,True,2262.999999999998,H25,2,AMD,18.6702,primary,0.03093264576009373,17.834771180478228,2024
0.04179820684429858,2024-07-02,626,0ef74440cdb3cd3b9bab7f60,time_value,66.2586,O:AMD240816C00165000,1,1,2024-04-30,2024-04-30,108,0.09597171360020204,583,0.0,0.006661981007832597,2024-05-01,584,True,2024-07-02,626,2025-03-14,1813,89413168.0,2024-07-02,scheduled_exit,626,2024-08-16,"{""market_momentum"": -0.038647157959246115, ""market_volatility"": 0.008503234770382983, ""momentum"": -0.13614050398167343, ""volatility"": 0.03093264576009373, ""volume_state"": 17.834771180478228}",assumed_next_daily_close,14427.000000000002,42,0000002488,0,-0.038647157959246115,0.008503234770382983,-0.13614050398167343,1549.685199999998,0.1074156234837456,48.0562,7.75,11.15,-340.00000000000006,ad868825a086ca6d3226ae37,True,0.0024813895781637717,403,2.3049460920821445e-06,43384962.6,,,,,,,,,,,,,,,,,,,,,,,,,,,,,,,,,,,,,,,,,,,,bounded_preclose_bid_ask,,,,False,not_requested_for_horizon_or_variant,,,,ordinary,covered_call,100,completed,144.27,164.31,False,2003.9999999999982,H25,2,AMD,114.31479999999999,primary,0.03093264576009373,17.834771180478228,2024
0.04179820684429858,2024-07-02,626,0ef74440cdb3cd3b9bab7f60,time_value,9.8586,O:AMD240816C00165000,1,1,2024-04-30,2024-04-30,108,0.09597171360020204,583,0.0,0.0011999999999999613,2024-05-01,584,True,2024-07-02,626,2025-03-14,1813,89413168.0,2024-07-02,scheduled_exit,626,2024-08-16,"{""market_momentum"": -0.038647157959246115, ""market_volatility"": 0.008503234770382983, ""momentum"": -0.13614050398167343, ""volatility"": 0.03093264576009373, ""volume_state"": 17.834771180478228}",assumed_next_daily_close,14427.000000000002,42,0000002488,0,-0.038647157959246115,0.008503234770382983,-0.13614050398167343,1985.4851999999983,0.13762287377833216,8.6562,7.75,0.0,-0.0,ad868825a086ca6d3226ae37,True,0.0024813895781637717,403,2.3049460920821445e-06,43384962.6,,,,,,,,,,,,,,,,,,,,,,,,,,,,,,,,,,,,,,,,,,,,bounded_preclose_bid_ask,,,,False,not_requested_for_horizon_or_variant,,,,ordinary,covered_call,100,completed,144.27,164.31,True,2003.9999999999982,H25,2,AMD,18.5148,primary,0.03093264576009373,17.834771180478228,2024
0.04179820684429858,2024-08-01,647,0ef74440cdb3cd3b9bab7f60,time_value,9.9024,O:AMD240816C00165000,1,1,2024-04-30,2024-04-30,108,0.09597171360020204,583,0.0,0.03340670964164426,2024-05-01,584,True,2024-08-01,647,2025-03-14,1813,89413168.0,2024-08-01,scheduled_exit,647,2024-08-16,"{""market_momentum"": -0.038647157959246115, ""market_volatility"": 0.008503234770382983, ""momentum"": -0.13614050398167343, ""volatility"": 0.03093264576009373, ""volume_state"": 17.834771180478228}",assumed_next_daily_close,14427.000000000002,63,0000002488,0,-0.038647157959246115,0.008503234770382983,-0.13614050398167343,-481.9586000000018,-0.03340670964164426,48.0562,7.75,0.26,749.0,ad868825a086ca6d3226ae37,True,0.0024813895781637717,403,2.3049460920821445e-06,43384962.6,,,,,,,,,,,,,,,,,,,,,,,,,,,,,,,,,,,,,,,,,,,,bounded_preclose_bid_ask,,,,False,not_requested_for_horizon_or_variant,,,,ordinary,covered_call,100,completed,144.27,132.54,False,-1173.0000000000018,H25,2,AMD,57.9586,primary,0.03093264576009373,17.834771180478228,2024
0.04179820684429858,2024-08-01,647,0ef74440cdb3cd3b9bab7f60,time_value,7.952399999999999,O:AMD240816C00165000,1,1,2024-04-30,2024-04-30,108,0.09597171360020204,583,0.0,0.08245710126845508,2024-05-01,584,True,2024-08-01,647,2025-03-14,1813,89413168.0,2024-08-01,scheduled_exit,647,2024-08-16,"{""market_momentum"": -0.038647157959246115, ""market_volatility"": 0.008503234770382983, ""momentum"": -0.13614050398167343, ""volatility"": 0.03093264576009373, ""volume_state"": 17.834771180478228}",assumed_next_daily_close,14427.000000000002,63,0000002488,0,-0.038647157959246115,0.008503234770382983,-0.13614050398167343,-1189.6086000000016,-0.08245710126845508,8.6562,7.75,0.0,-0.0,ad868825a086ca6d3226ae37,True,0.0024813895781637717,403,2.3049460920821445e-06,43384962.6,,,,,,,,,,,,,,,,,,,,,,,,,,,,,,,,,,,,,,,,,,,,bounded_preclose_bid_ask,,,,False,not_requested_for_horizon_or_variant,,,,ordinary,covered_call,100,completed,144.27,132.54,True,-1173.0000000000018,H25,2,AMD,16.6086,primary,0.03093264576009373,17.834771180478228,2024
0.04179820684429858,2024-08-16,658,0ef74440cdb3cd3b9bab7f60,time_value,9.5636,O:AMD240816C00165000,1,1,2024-04-30,2024-04-30,108,0.09597171360020204,583,0.0,0.05875971442434355,2024-05-01,584,True,2024-08-16,658,2025-03-14,1813,89413168.0,2024-08-16,expiry_worthless,658,2024-08-16,"{""market_momentum"": -0.038647157959246115, ""market_volatility"": 0.008503234770382983, ""momentum"": -0.13614050398167343, ""volatility"": 0.03093264576009373, ""volume_state"": 17.834771180478228}",assumed_next_daily_close,14427.000000000002,expiry,0000002488,0,-0.038647157959246115,0.008503234770382983,-0.13614050398167343,1146.3801999999982,0.07946074721009205,48.0562,7.75,0.0,775.0,ad868825a086ca6d3226ae37,True,0.0024813895781637717,403,2.3049460920821445e-06,43384962.6,,,,,,,,,,,,,,,,,,,,,,,,,,,,,,,,,,,,,,,,,,,,bounded_preclose_bid_ask,,,,False,not_requested_for_horizon_or_variant,,,,ordinary,covered_call,100,completed,144.27,148.56,False,428.9999999999982,H25,2,AMD,57.6198,primary,0.03093264576009373,17.834771180478228,2024
0.04179820684429858,2024-08-16,658,0ef74440cdb3cd3b9bab7f60,time_value,8.913599999999999,O:AMD240816C00165000,1,1,2024-04-30,2024-04-30,108,0.09597171360020204,583,0.0,0.1092657101268457,2024-05-01,584,True,2024-08-16,658,2025-03-14,1813,89413168.0,2024-08-16,scheduled_exit,658,2024-08-16,"{""market_momentum"": -0.038647157959246115, ""market_volatility"": 0.008503234770382983, ""momentum"": -0.13614050398167343, ""volatility"": 0.03093264576009373, ""volume_state"": 17.834771180478228}",assumed_next_daily_close,14427.000000000002,expiry,0000002488,0,-0.038647157959246115,0.008503234770382983,-0.13614050398167343,411.4301999999982,0.028518070284882385,8.6562,7.75,0.0,-0.0,ad868825a086ca6d3226ae37,True,0.0024813895781637717,403,2.3049460920821445e-06,43384962.6,,,,,,,,,,,,,,,,,,,,,,,,,,,,,,,,,,,,,,,,,,,,bounded_preclose_bid_ask,,,,False,not_requested_for_horizon_or_variant,,,,ordinary,covered_call,100,completed,144.27,148.56,True,428.9999999999982,H25,2,AMD,17.5698,primary,0.03093264576009373,17.834771180478228,2024
,,,13e53668812e61fd67e9fca2,time_value,,,1,1,2024-03-14,2024-03-14,,,551,,,2024-03-15,552,False,,,2024-10-10,,,,,,,"{""market_momentum"": 0.04224012305699487, ""market_volatility"": 0.007298629155728418, ""momentum"": 0.09996052891257157, ""volatility"": 0.011373658233645176, ""volume_state"": 16.70712583866167}",assumed_next_daily_close,,1,0000034088,,0.04224012305699487,0.007298629155728418,0.09996052891257157,,,,,,,dfa781e7b9a340a38c6f1268,False,,,,,,,,,,,,,,,,,,,,,,,,,,,,,,,,,,,,,,,,,,,,,,,,bounded_preclose_bid_ask,,,,False,not_requested_for_horizon_or_variant,,,no_standard_contract_within_rules,ordinary,covered_call,,no_standard_contract_within_rules,,,False,,H25,2,XOM,,primary,0.011373658233645176,16.70712583866167,2024
,,,13e53668812e61fd67e9fca2,time_value,,,1,1,2024-03-14,2024-03-14,,,551,,,2024-03-15,552,False,,,2024-10-10,,,,,,,"{""market_momentum"": 0.04224012305699487, ""market_volatility"": 0.007298629155728418, ""momentum"": 0.09996052891257157, ""volatility"": 0.011373658233645176, ""volume_state"": 16.70712583866167}",assumed_next_daily_close,,1,0000034088,,0.04224012305699487,0.007298629155728418,0.09996052891257157,,,,,,,dfa781e7b9a340a38c6f1268,False,,,,,,,,,,,,,,,,,,,,,,,,,,,,,,,,,,,,,,,,,,,,,,,,bounded_preclose_bid_ask,,,,False,not_requested_for_horizon_or_variant,,,no_standard_contract_within_rules,ordinary,covered_call,,no_standard_contract_within_rules,,,True,,H25,2,XOM,,primary,0.011373658233645176,16.70712583866167,2024
,,,13e53668812e61fd67e9fca2,time_value,,,1,1,2024-03-14,2024-03-14,,,551,,,2024-03-15,552,False,,,2024-10-10,,,,,,,"{""market_momentum"": 0.04224012305699487, ""market_volatility"": 0.007298629155728418, ""momentum"": 0.09996052891257157, ""volatility"": 0.011373658233645176, ""volume_state"": 16.70712583866167}",assumed_next_daily_close,,2,0000034088,,0.04224012305699487,0.007298629155728418,0.09996052891257157,,,,,,,dfa781e7b9a340a38c6f1268,False,,,,,,,,,,,,,,,,,,,,,,,,,,,,,,,,,,,,,,,,,,,,,,,,bounded_preclose_bid_ask,,,,False,not_requested_for_horizon_or_variant,,,no_standard_contract_within_rules,ordinary,covered_call,,no_standard_contract_within_rules,,,False,,H25,2,XOM,,primary,0.011373658233645176,16.70712583866167,2024
,,,13e53668812e61fd67e9fca2,time_value,,,1,1,2024-03-14,2024-03-14,,,551,,,2024-03-15,552,False,,,2024-10-10,,,,,,,"{""market_momentum"": 0.04224012305699487, ""market_volatility"": 0.007298629155728418, ""momentum"": 0.09996052891257157, ""volatility"": 0.011373658233645176, ""volume_state"": 16.70712583866167}",assumed_next_daily_close,,2,0000034088,,0.04224012305699487,0.007298629155728418,0.09996052891257157,,,,,,,dfa781e7b9a340a38c6f1268,False,,,,,,,,,,,,,,,,,,,,,,,,,,,,,,,,,,,,,,,,,,,,,,,,bounded_preclose_bid_ask,,,,False,not_requested_for_horizon_or_variant,,,no_standard_contract_within_rules,ordinary,covered_call,,no_standard_contract_within_rules,,,True,,H25,2,XOM,,primary,0.011373658233645176,16.70712583866167,2024
,,,13e53668812e61fd67e9fca2,time_value,,,1,1,2024-03-14,2024-03-14,,,551,,,2024-03-15,552,False,,,2024-10-10,,,,,,,"{""market_momentum"": 0.04224012305699487, ""market_volatility"": 0.007298629155728418, ""momentum"": 0.09996052891257157, ""volatility"": 0.011373658233645176, ""volume_state"": 16.70712583866167}",assumed_next_daily_close,,3,0000034088,,0.04224012305699487,0.007298629155728418,0.09996052891257157,,,,,,,dfa781e7b9a340a38c6f1268,False,,,,,,,,,,,,,,,,,,,,,,,,,,,,,,,,,,,,,,,,,,,,,,,,bounded_preclose_bid_ask,,,,False,not_requested_for_horizon_or_variant,,,no_standard_contract_within_rules,ordinary,covered_call,,no_standard_contract_within_rules,,,False,,H25,2,XOM,,primary,0.011373658233645176,16.70712583866167,2024
,,,13e53668812e61fd67e9fca2,time_value,,,1,1,2024-03-14,2024-03-14,,,551,,,2024-03-15,552,False,,,2024-10-10,,,,,,,"{""market_momentum"": 0.04224012305699487, ""market_volatility"": 0.007298629155728418, ""momentum"": 0.09996052891257157, ""volatility"": 0.011373658233645176, ""volume_state"": 16.70712583866167}",assumed_next_daily_close,,3,0000034088,,0.04224012305699487,0.007298629155728418,0.09996052891257157,,,,,,,dfa781e7b9a340a38c6f1268,False,,,,,,,,,,,,,,,,,,,,,,,,,,,,,,,,,,,,,,,,,,,,,,,,bounded_preclose_bid_ask,,,,False,not_requested_for_horizon_or_variant,,,no_standard_contract_within_rules,ordinary,covered_call,,no_standard_contract_within_rules,,,True,,H25,2,XOM,,primary,0.011373658233645176,16.70712583866167,2024
,,,13e53668812e61fd67e9fca2,time_value,,,1,1,2024-03-14,2024-03-14,,,551,,,2024-03-15,552,False,,,2024-10-10,,,,,,,"{""market_momentum"": 0.04224012305699487, ""market_volatility"": 0.007298629155728418, ""momentum"": 0.09996052891257157, ""volatility"": 0.011373658233645176, ""volume_state"": 16.70712583866167}",assumed_next_daily_close,,5,0000034088,,0.04224012305699487,0.007298629155728418,0.09996052891257157,,,,,,,dfa781e7b9a340a38c6f1268,False,,,,,,,,,,,,,,,,,,,,,,,,,,,,,,,,,,,,,,,,,,,,,,,,bounded_preclose_bid_ask,,,,False,not_requested_for_horizon_or_variant,,,no_standard_contract_within_rules,ordinary,covered_call,,no_standard_contract_within_rules,,,False,,H25,2,XOM,,primary,0.011373658233645176,16.70712583866167,2024
,,,13e53668812e61fd67e9fca2,time_value,,,1,1,2024-03-14,2024-03-14,,,551,,,2024-03-15,552,False,,,2024-10-10,,,,,,,"{""market_momentum"": 0.04224012305699487, ""market_volatility"": 0.007298629155728418, ""momentum"": 0.09996052891257157, ""volatility"": 0.011373658233645176, ""volume_state"": 16.70712583866167}",assumed_next_daily_close,,5,0000034088,,0.04224012305699487,0.007298629155728418,0.09996052891257157,,,,,,,dfa781e7b9a340a38c6f1268,False,,,,,,,,,,,,,,,,,,,,,,,,,,,,,,,,,,,,,,,,,,,,,,,,bounded_preclose_bid_ask,,,,False,not_requested_for_horizon_or_variant,,,no_standard_contract_within_rules,ordinary,covered_call,,no_standard_contract_within_rules,,,True,,H25,2,XOM,,primary,0.011373658233645176,16.70712583866167,2024
,,,13e53668812e61fd67e9fca2,time_value,,,1,1,2024-03-14,2024-03-14,,,551,,,2024-03-15,552,False,,,2024-10-10,,,,,,,"{""market_momentum"": 0.04224012305699487, ""market_volatility"": 0.007298629155728418, ""momentum"": 0.09996052891257157, ""volatility"": 0.011373658233645176, ""volume_state"": 16.70712583866167}",assumed_next_daily_close,,10,0000034088,,0.04224012305699487,0.007298629155728418,0.09996052891257157,,,,,,,dfa781e7b9a340a38c6f1268,False,,,,,,,,,,,,,,,,,,,,,,,,,,,,,,,,,,,,,,,,,,,,,,,,bounded_preclose_bid_ask,,,,False,not_sampled_or_missing_quotes,,,no_standard_contract_within_rules,ordinary,covered_call,,no_standard_contract_within_rules,,,False,,H25,2,XOM,,primary,0.011373658233645176,16.70712583866167,2024
,,,13e53668812e61fd67e9fca2,time_value,,,1,1,2024-03-14,2024-03-14,,,551,,,2024-03-15,552,False,,,2024-10-10,,,,,,,"{""market_momentum"": 0.04224012305699487, ""market_volatility"": 0.007298629155728418, ""momentum"": 0.09996052891257157, ""volatility"": 0.011373658233645176, ""volume_state"": 16.70712583866167}",assumed_next_daily_close,,10,0000034088,,0.04224012305699487,0.007298629155728418,0.09996052891257157,,,,,,,dfa781e7b9a340a38c6f1268,False,,,,,,,,,,,,,,,,,,,,,,,,,,,,,,,,,,,,,,,,,,,,,,,,bounded_preclose_bid_ask,,,,False,not_sampled_or_missing_quotes,,,no_standard_contract_within_rules,ordinary,covered_call,,no_standard_contract_within_rules,,,True,,H25,2,XOM,,primary,0.011373658233645176,16.70712583866167,2024
,,,13e53668812e61fd67e9fca2,time_value,,,1,1,2024-03-14,2024-03-14,,,551,,,2024-03-15,552,False,,,2024-10-10,,,,,,,"{""market_momentum"": 0.04224012305699487, ""market_volatility"": 0.007298629155728418, ""momentum"": 0.09996052891257157, ""volatility"": 0.011373658233645176, ""volume_state"": 16.70712583866167}",assumed_next_daily_close,,21,0000034088,,0.04224012305699487,0.007298629155728418,0.09996052891257157,,,,,,,dfa781e7b9a340a38c6f1268,False,,,,,,,,,,,,,,,,,,,,,,,,,,,,,,,,,,,,,,,,,,,,,,,,bounded_preclose_bid_ask,,,,False,not_requested_for_horizon_or_variant,,,no_standard_contract_within_rules,ordinary,covered_call,,no_standard_contract_within_rules,,,False,,H25,2,XOM,,primary,0.011373658233645176,16.70712583866167,2024
,,,13e53668812e61fd67e9fca2,time_value,,,1,1,2024-03-14,2024-03-14,,,551,,,2024-03-15,552,False,,,2024-10-10,,,,,,,"{""market_momentum"": 0.04224012305699487, ""market_volatility"": 0.007298629155728418, ""momentum"": 0.09996052891257157, ""volatility"": 0.011373658233645176, ""volume_state"": 16.70712583866167}",assumed_next_daily_close,,21,0000034088,,0.04224012305699487,0.007298629155728418,0.09996052891257157,,,,,,,dfa781e7b9a340a38c6f1268,False,,,,,,,,,,,,,,,,,,,,,,,,,,,,,,,,,,,,,,,,,,,,,,,,bounded_preclose_bid_ask,,,,False,not_requested_for_horizon_or_variant,,,no_standard_contract_within_rules,ordinary,covered_call,,no_standard_contract_within_rules,,,True,,H25,2,XOM,,primary,0.011373658233645176,16.70712583866167,2024
,,,13e53668812e61fd67e9fca2,time_value,,,1,1,2024-03-14,2024-03-14,,,551,,,2024-03-15,552,False,,,2024-10-10,,,,,,,"{""market_momentum"": 0.04224012305699487, ""market_volatility"": 0.007298629155728418, ""momentum"": 0.09996052891257157, ""volatility"": 0.011373658233645176, ""volume_state"": 16.70712583866167}",assumed_next_daily_close,,42,0000034088,,0.04224012305699487,0.007298629155728418,0.09996052891257157,,,,,,,dfa781e7b9a340a38c6f1268,False,,,,,,,,,,,,,,,,,,,,,,,,,,,,,,,,,,,,,,,,,,,,,,,,bounded_preclose_bid_ask,,,,False,not_requested_for_horizon_or_variant,,,no_standard_contract_within_rules,ordinary,covered_call,,no_standard_contract_within_rules,,,False,,H25,2,XOM,,primary,0.011373658233645176,16.70712583866167,2024
,,,13e53668812e61fd67e9fca2,time_value,,,1,1,2024-03-14,2024-03-14,,,551,,,2024-03-15,552,False,,,2024-10-10,,,,,,,"{""market_momentum"": 0.04224012305699487, ""market_volatility"": 0.007298629155728418, ""momentum"": 0.09996052891257157, ""volatility"": 0.011373658233645176, ""volume_state"": 16.70712583866167}",assumed_next_daily_close,,42,0000034088,,0.04224012305699487,0.007298629155728418,0.09996052891257157,,,,,,,dfa781e7b9a340a38c6f1268,False,,,,,,,,,,,,,,,,,,,,,,,,,,,,,,,,,,,,,,,,,,,,,,,,bounded_preclose_bid_ask,,,,False,not_requested_for_horizon_or_variant,,,no_standard_contract_within_rules,ordinary,covered_call,,no_standard_contract_within_rules,,,True,,H25,2,XOM,,primary,0.011373658233645176,16.70712583866167,2024
,,,13e53668812e61fd67e9fca2,time_value,,,1,1,2024-03-14,2024-03-14,,,551,,,2024-03-15,552,False,,,2024-10-10,,,,,,,"{""market_momentum"": 0.04224012305699487, ""market_volatility"": 0.007298629155728418, ""momentum"": 0.09996052891257157, ""volatility"": 0.011373658233645176, ""volume_state"": 16.70712583866167}",assumed_next_daily_close,,63,0000034088,,0.04224012305699487,0.007298629155728418,0.09996052891257157,,,,,,,dfa781e7b9a340a38c6f1268,False,,,,,,,,,,,,,,,,,,,,,,,,,,,,,,,,,,,,,,,,,,,,,,,,bounded_preclose_bid_ask,,,,False,not_requested_for_horizon_or_variant,,,no_standard_contract_within_rules,ordinary,covered_call,,no_standard_contract_within_rules,,,False,,H25,2,XOM,,primary,0.011373658233645176,16.70712583866167,2024
,,,13e53668812e61fd67e9fca2,time_value,,,1,1,2024-03-14,2024-03-14,,,551,,,2024-03-15,552,False,,,2024-10-10,,,,,,,"{""market_momentum"": 0.04224012305699487, ""market_volatility"": 0.007298629155728418, ""momentum"": 0.09996052891257157, ""volatility"": 0.011373658233645176, ""volume_state"": 16.70712583866167}",assumed_next_daily_close,,63,0000034088,,0.04224012305699487,0.007298629155728418,0.09996052891257157,,,,,,,dfa781e7b9a340a38c6f1268,False,,,,,,,,,,,,,,,,,,,,,,,,,,,,,,,,,,,,,,,,,,,,,,,,bounded_preclose_bid_ask,,,,False,not_requested_for_horizon_or_variant,,,no_standard_contract_within_rules,ordinary,covered_call,,no_standard_contract_within_rules,,,True,,H25,2,XOM,,primary,0.011373658233645176,16.70712583866167,2024
,,,13e53668812e61fd67e9fca2,time_value,,,1,1,2024-03-14,2024-03-14,,,551,,,2024-03-15,552,False,,,2024-10-10,,,,,,,"{""market_momentum"": 0.04224012305699487, ""market_volatility"": 0.007298629155728418, ""momentum"": 0.09996052891257157, ""volatility"": 0.011373658233645176, ""volume_state"": 16.70712583866167}",assumed_next_daily_close,,expiry,0000034088,,0.04224012305699487,0.007298629155728418,0.09996052891257157,,,,,,,dfa781e7b9a340a38c6f1268,False,,,,,,,,,,,,,,,,,,,,,,,,,,,,,,,,,,,,,,,,,,,,,,,,bounded_preclose_bid_ask,,,,False,not_requested_for_horizon_or_variant,,,no_standard_contract_within_rules,ordinary,covered_call,,no_standard_contract_within_rules,,,False,,H25,2,XOM,,primary,0.011373658233645176,16.70712583866167,2024
,,,13e53668812e61fd67e9fca2,time_value,,,1,1,2024-03-14,2024-03-14,,,551,,,2024-03-15,552,False,,,2024-10-10,,,,,,,"{""market_momentum"": 0.04224012305699487, ""market_volatility"": 0.007298629155728418, ""momentum"": 0.09996052891257157, ""volatility"": 0.011373658233645176, ""volume_state"": 16.70712583866167}",assumed_next_daily_close,,expiry,0000034088,,0.04224012305699487,0.007298629155728418,0.09996052891257157,,,,,,,dfa781e7b9a340a38c6f1268,False,,,,,,,,,,,,,,,,,,,,,,,,,,,,,,,,,,,,,,,,,,,,,,,,bounded_preclose_bid_ask,,,,False,not_requested_for_horizon_or_variant,,,no_standard_contract_within_rules,ordinary,covered_call,,no_standard_contract_within_rules,,,True,,H25,2,XOM,,primary,0.011373658233645176,16.70712583866167,2024
0.047715979165419364,2023-01-30,269,1a3dd934bb48d6bcb39c6748,time_value,64.8708,O:TGT230616C00175000,1,1,2023-01-26,2023-01-26,141,0.058073399988026096,267,0.0,0.00760911518604237,2023-01-27,268,True,2023-01-30,269,2023-01-26,160,3850269.0,2023-01-30,scheduled_exit,269,2023-06-16,"{""market_momentum"": 0.05703690162179087, ""market_volatility"": 0.010670174852790062, ""momentum"": 0.16681802305274185, ""volatility"": 0.016610964201417354, ""volume_state"": 14.963123661326966}",assumed_next_daily_close,16851.0,1,0000027419,0,0.05703690162179087,0.010670174852790062,0.16681802305274185,-126.98140000000004,-0.007535540917452972,64.1106,10.67,10.82,-15.000000000000036,c86657859a5b413a7d502ff8,True,0.003401360544217687,294,3.9920465657860535e-05,2504980.8,,,,,,,,,,,,,,,,,,,,,,,,,,,,,,,,,,,,,,,,,,,,bounded_preclose_bid_ask,,,,False,not_requested_for_horizon_or_variant,,,,event,covered_call,100,completed,168.51,168.68,False,17.0,H25,2,TGT,128.9814,primary,0.016610964201417354,14.963123661326966,2023
0.047715979165419364,2023-01-30,269,1a3dd934bb48d6bcb39c6748,time_value,10.1208,O:TGT230616C00175000,1,1,2023-01-26,2023-01-26,141,0.058073399988026096,267,0.0,0.0011999999999999986,2023-01-27,268,True,2023-01-30,269,2023-01-26,160,3850269.0,2023-01-30,scheduled_exit,269,2023-06-16,"{""market_momentum"": 0.05703690162179087, ""market_volatility"": 0.010670174852790062, ""momentum"": 0.16681802305274185, ""volatility"": 0.016610964201417354, ""volume_state"": 14.963123661326966}",assumed_next_daily_close,16851.0,1,0000027419,0,0.05703690162179087,0.010670174852790062,0.16681802305274185,-3.231399999999999,-0.0001917631001127529,10.1106,10.67,0.0,-0.0,c86657859a5b413a7d502ff8,True,0.003401360544217687,294,3.9920465657860535e-05,2504980.8,,,,,,,,,,,,,,,,,,,,,,,,,,,,,,,,,,,,,,,,,,,,bounded_preclose_bid_ask,,,,False,not_requested_for_horizon_or_variant,,,,event,covered_call,100,completed,168.51,168.68,True,17.0,H25,2,TGT,20.2314,primary,0.016610964201417354,14.963123661326966,2023
0.047715979165419364,2023-01-31,270,1a3dd934bb48d6bcb39c6748,time_value,73.2284,O:TGT230616C00175000,1,1,2023-01-26,2023-01-26,141,0.058073399988026096,267,0.0,0.00760911518604237,2023-01-27,268,True,2023-01-31,270,2023-01-26,160,3850269.0,2023-01-31,scheduled_exit,270,2023-06-16,"{""market_momentum"": 0.05703690162179087, ""market_volatility"": 0.010670174852790062, ""momentum"": 0.16681802305274185, ""volatility"": 0.016610964201417354, ""volume_state"": 14.963123661326966}",assumed_next_daily_close,16851.0,2,0000027419,0,0.05703690162179087,0.010670174852790062,0.16681802305274185,47.66100000000006,0.00282837813779598,64.1106,10.67,12.45,-177.99999999999994,c86657859a5b413a7d502ff8,True,0.003401360544217687,294,3.9920465657860535e-05,2504980.8,,,,,,,,,,,,,,,,,,,,,,,,,,,,,,,,,,,,,,,,,,,,bounded_preclose_bid_ask,,,,False,not_requested_for_horizon_or_variant,,,,event,covered_call,100,completed,168.51,172.14,False,363.0,H25,2,TGT,137.339,primary,0.016610964201417354,14.963123661326966,2023
0.047715979165419364,2023-01-31,270,1a3dd934bb48d6bcb39c6748,time_value,10.328399999999998,O:TGT230616C00175000,1,1,2023-01-26,2023-01-26,141,0.058073399988026096,267,0.0,0.0011999999999999986,2023-01-27,268,True,2023-01-31,270,2023-01-26,160,3850269.0,2023-01-31,scheduled_exit,270,2023-06-16,"{""market_momentum"": 0.05703690162179087, ""market_volatility"": 0.010670174852790062, ""momentum"": 0.16681802305274185, ""volatility"": 0.016610964201417354, ""volume_state"": 14.963123661326966}",assumed_next_daily_close,16851.0,2,0000027419,0,0.05703690162179087,0.010670174852790062,0.16681802305274185,342.56100000000004,0.020328823215239454,10.1106,10.67,0.0,-0.0,c86657859a5b413a7d502ff8,True,0.003401360544217687,294,3.9920465657860535e-05,2504980.8,,,,,,,,,,,,,,,,,,,,,,,,,,,,,,,,,,,,,,,,,,,,bounded_preclose_bid_ask,,,,False,not_requested_for_horizon_or_variant,,,,event,covered_call,100,completed,168.51,172.14,True,363.0,H25,2,TGT,20.439,primary,0.016610964201417354,14.963123661326966,2023
0.047715979165419364,2023-02-01,271,1a3dd934bb48d6bcb39c6748,time_value,89.0248,O:TGT230616C00175000,1,1,2023-01-26,2023-01-26,141,0.058073399988026096,267,0.0,0.00760911518604237,2023-01-27,268,True,2023-02-01,271,2023-01-26,160,3850269.0,2023-02-01,scheduled_exit,271,2023-06-16,"{""market_momentum"": 0.05703690162179087, ""market_volatility"": 0.010670174852790062, ""momentum"": 0.16681802305274185, ""volatility"": 0.016610964201417354, ""volume_state"": 14.963123661326966}",assumed_next_daily_close,16851.0,3,0000027419,0,0.05703690162179087,0.010670174852790062,0.16681802305274185,215.8645999999999,0.012810195240638533,64.1106,10.67,15.55,-488.00000000000006,c86657859a5b413a7d502ff8,True,0.003401360544217687,294,3.9920465657860535e-05,2504980.8,,,,,,,,,,,,,,,,,,,,,,,,,,,,,,,,,,,,,,,,,,,,bounded_preclose_bid_ask,,,,False,not_requested_for_horizon_or_variant,,,,event,covered_call,100,completed,168.51,177.08,False,857.0,H25,2,TGT,153.1354,primary,0.016610964201417354,14.963123661326966,2023
0.047715979165419364,2023-02-01,271,1a3dd934bb48d6bcb39c6748,time_value,10.624799999999999,O:TGT230616C00175000,1,1,2023-01-26,2023-01-26,141,0.058073399988026096,267,0.0,0.0011999999999999986,2023-01-27,268,True,2023-02-01,271,2023-01-26,160,3850269.0,2023-02-01,scheduled_exit,271,2023-06-16,"{""market_momentum"": 0.05703690162179087, ""market_volatility"": 0.010670174852790062, ""momentum"": 0.16681802305274185, ""volatility"": 0.016610964201417354, ""volume_state"": 14.963123661326966}",assumed_next_daily_close,16851.0,3,0000027419,0,0.05703690162179087,0.010670174852790062,0.16681802305274185,836.2646,0.04962700136490416,10.1106,10.67,0.0,-0.0,c86657859a5b413a7d502ff8,True,0.003401360544217687,294,3.9920465657860535e-05,2504980.8,,,,,,,,,,,,,,,,,,,,,,,,,,,,,,,,,,,,,,,,,,,,bounded_preclose_bid_ask,,,,False,not_requested_for_horizon_or_variant,,,,event,covered_call,100,completed,168.51,177.08,True,857.0,H25,2,TGT,20.7354,primary,0.016610964201417354,14.963123661326966,2023
0.047715979165419364,2023-02-03,273,1a3dd934bb48d6bcb39c6748,time_value,84.7556,O:TGT230616C00175000,1,1,2023-01-26,2023-01-26,141,0.058073399988026096,267,0.0,0.00760911518604237,2023-01-27,268,True,2023-02-03,273,2023-01-26,160,3850269.0,2023-02-03,scheduled_exit,273,2023-06-16,"{""market_momentum"": 0.05703690162179087, ""market_volatility"": 0.010670174852790062, ""momentum"": 0.16681802305274185, ""volatility"": 0.016610964201417354, ""volume_state"": 14.963123661326966}",assumed_next_daily_close,16851.0,5,0000027419,0,0.05703690162179087,0.010670174852790062,0.16681802305274185,273.1338,0.01620875912408759,64.1106,10.67,14.7,-402.99999999999994,c86657859a5b413a7d502ff8,True,0.003401360544217687,294,3.9920465657860535e-05,2504980.8,,,,,,,,,,,,,,,,,,,,,,,,,,,,,,,,,,,,,,,,,,,,bounded_preclose_bid_ask,,,,False,not_requested_for_horizon_or_variant,,,,event,covered_call,100,completed,168.51,176.76,False,825.0,H25,2,TGT,148.8662,primary,0.016610964201417354,14.963123661326966,2023
0.047715979165419364,2023-02-03,273,1a3dd934bb48d6bcb39c6748,time_value,10.605599999999999,O:TGT230616C00175000,1,1,2023-01-26,2023-01-26,141,0.058073399988026096,267,0.0,0.0011999999999999986,2023-01-27,268,True,2023-02-03,273,2023-01-26,160,3850269.0,2023-02-03,scheduled_exit,273,2023-06-16,"{""market_momentum"": 0.05703690162179087, ""market_volatility"": 0.010670174852790062, ""momentum"": 0.16681802305274185, ""volatility"": 0.016610964201417354, ""volume_state"": 14.963123661326966}",assumed_next_daily_close,16851.0,5,0000027419,0,0.05703690162179087,0.010670174852790062,0.16681802305274185,804.2838,0.04772914367099876,10.1106,10.67,0.0,-0.0,c86657859a5b413a7d502ff8,True,0.003401360544217687,294,3.9920465657860535e-05,2504980.8,,,,,,,,,,,,,,,,,,,,,,,,,,,,,,,,,,,,,,,,,,,,bounded_preclose_bid_ask,,,,False,not_requested_for_horizon_or_variant,,,,event,covered_call,100,completed,168.51,176.76,True,825.0,H25,2,TGT,20.7162,primary,0.016610964201417354,14.963123661326966,2023
0.047715979165419364,2023-02-10,278,1a3dd934bb48d6bcb39c6748,time_value,70.7512,O:TGT230616C00175000,1,1,2023-01-26,2023-01-26,141,0.058073399988026096,267,0.0,0.00760911518604237,2023-01-27,268,True,2023-02-10,278,2023-01-26,160,3850269.0,2023-02-10,scheduled_exit,278,2023-06-16,"{""market_momentum"": 0.05703690162179087, ""market_volatility"": 0.010670174852790062, ""momentum"": 0.16681802305274185, ""volatility"": 0.016610964201417354, ""volume_state"": 14.963123661326966}",assumed_next_daily_close,16851.0,10,0000027419,0,0.05703690162179087,0.010670174852790062,0.16681802305274185,-114.86180000000006,-0.006816319506260759,64.1106,10.67,11.98,-131.00000000000006,c86657859a5b413a7d502ff8,True,0.003401360544217687,294,3.9920465657860535e-05,2504980.8,True,0.161995776,9.95,45,9.8,52,0.015189873417721374,0.099517184,167.05,400,167.01,6700,0.0002394779380950755,47,,10.4,0.068914432,10.6,26,10.4,52,0.01904761904761898,168.5,2.243250176,168.5,100,168.49,7200,5.9348942105052995e-05,11.9,1.854277632,11.9,47,11.7,254,0.01694915254237297,170,0.244465408,170.03,200,170,6400,0.0001764550186748295,bounded_preclose_bid_ask,-30.37,-0.0018023738872403562,-150.0,False,completed_bounded_proxy,150.0,30.37,,event,covered_call,100,completed,168.51,170.02,False,151.0,H25,2,TGT,134.86180000000002,primary,0.016610964201417354,14.963123661326966,2023
0.047715979165419364,2023-02-10,278,1a3dd934bb48d6bcb39c6748,time_value,10.201199999999998,O:TGT230616C00175000,1,1,2023-01-26,2023-01-26,141,0.058073399988026096,267,0.0,0.0011999999999999986,2023-01-27,268,True,2023-02-10,278,2023-01-26,160,3850269.0,2023-02-10,scheduled_exit,278,2023-06-16,"{""market_momentum"": 0.05703690162179087, ""market_volatility"": 0.010670174852790062, ""momentum"": 0.16681802305274185, ""volatility"": 0.016610964201417354, ""volume_state"": 14.963123661326966}",assumed_next_daily_close,16851.0,10,0000027419,0,0.05703690162179087,0.010670174852790062,0.16681802305274185,130.6882,0.0077555159931161355,10.1106,10.67,0.0,-0.0,c86657859a5b413a7d502ff8,True,0.003401360544217687,294,3.9920465657860535e-05,2504980.8,True,0.161995776,9.95,45,9.8,52,0.015189873417721374,0.099517184,167.05,400,167.01,6700,0.0002394779380950755,26,,0.0,0.068914432,10.6,26,10.4,52,0.01904761904761898,168.5,2.243250176,168.5,100,168.49,7200,5.9348942105052995e-05,0.0,1.854277632,11.9,47,11.7,254,0.01694915254237297,170,0.244465408,170.03,200,170,6400,0.0001764550186748295,bounded_preclose_bid_ask,143.23,0.008500296735905044,0.0,False,completed_bounded_proxy,150.0,6.7700000000000005,,event,covered_call,100,completed,168.51,170.02,True,151.0,H25,2,TGT,20.311799999999998,primary,0.016610964201417354,14.963123661326966,2023
0.047715979165419364,2023-02-28,289,1a3dd934bb48d6bcb39c6748,time_value,58.76,O:TGT230616C00175000,1,1,2023-01-26,2023-01-26,141,0.058073399988026096,267,108.0,0.01534234170078927,2023-01-27,268,True,2023-02-28,289,2023-01-26,160,3850269.0,2023-02-28,scheduled_exit,289,2023-06-16,"{""market_momentum"": 0.05703690162179087, ""market_volatility"": 0.010670174852790062, ""momentum"": 0.16681802305274185, ""volatility"": 0.016610964201417354, ""volume_state"": 14.963123661326966}",assumed_next_daily_close,16851.0,21,0000027419,0,0.05703690162179087,0.010670174852790062,0.16681802305274185,91.12940000000003,0.005407952050323425,64.1106,10.67,9.6,107.00000000000003,c86657859a5b413a7d502ff8,True,0.003401360544217687,294,3.9920465657860535e-05,2504980.8,,,,,,,,,,,,,,,,,,,,,,,,,,,,,,,,,,,,,,,,,,,,bounded_preclose_bid_ask,,,,False,not_requested_for_horizon_or_variant,,,,event,covered_call,100,completed,168.51,168.5,False,-1.0,H25,2,TGT,122.8706,primary,0.016610964201417354,14.963123661326966,2023
0.047715979165419364,2023-02-28,289,1a3dd934bb48d6bcb39c6748,time_value,10.11,O:TGT230616C00175000,1,1,2023-01-26,2023-01-26,141,0.058073399988026096,267,108.0,0.012642608747255354,2023-01-27,268,True,2023-02-28,289,2023-01-26,160,3850269.0,2023-02-28,scheduled_exit,289,2023-06-16,"{""market_momentum"": 0.05703690162179087, ""market_volatility"": 0.010670174852790062, ""momentum"": 0.16681802305274185, ""volatility"": 0.016610964201417354, ""volume_state"": 14.963123661326966}",assumed_next_daily_close,16851.0,21,0000027419,0,0.05703690162179087,0.010670174852790062,0.16681802305274185,86.7794,0.005149807133107827,10.1106,10.67,0.0,-0.0,c86657859a5b413a7d502ff8,True,0.003401360544217687,294,3.9920465657860535e-05,2504980.8,,,,,,,,,,,,,,,,,,,,,,,,,,,,,,,,,,,,,,,,,,,,bounded_preclose_bid_ask,,,,False,not_requested_for_horizon_or_variant,,,,event,covered_call,100,completed,168.51,168.5,True,-1.0,H25,2,TGT,20.220599999999997,primary,0.016610964201417354,14.963123661326966,2023
0.047715979165419364,2023-03-29,310,1a3dd934bb48d6bcb39c6748,time_value,27.6366,O:TGT230616C00175000,1,1,2023-01-26,2023-01-26,141,0.058073399988026096,267,108.0,0.030411180345380096,2023-01-27,268,True,2023-03-29,310,2023-01-26,160,3850269.0,2023-03-29,scheduled_exit,310,2023-06-16,"{""market_momentum"": 0.05703690162179087, ""market_volatility"": 0.010670174852790062, ""momentum"": 0.16681802305274185, ""volatility"": 0.016610964201417354, ""volume_state"": 14.963123661326966}",assumed_next_daily_close,16851.0,42,0000027419,0,0.05703690162179087,0.010670174852790062,0.16681802305274185,-306.74719999999814,-0.018203501275888562,64.1106,10.67,3.5,717.0,c86657859a5b413a7d502ff8,True,0.003401360544217687,294,3.9920465657860535e-05,2504980.8,,,,,,,,,,,,,,,,,,,,,,,,,,,,,,,,,,,,,,,,,,,,bounded_preclose_bid_ask,,,,False,not_requested_for_horizon_or_variant,,,,event,covered_call,100,completed,168.51,158.11,False,-1039.9999999999982,H25,2,TGT,91.7472,primary,0.016610964201417354,14.963123661326966,2023
0.047715979165419364,2023-03-29,310,1a3dd934bb48d6bcb39c6748,time_value,9.486600000000001,O:TGT230616C00175000,1,1,2023-01-26,2023-01-26,141,0.058073399988026096,267,108.0,0.06827356239985757,2023-01-27,268,True,2023-03-29,310,2023-01-26,160,3850269.0,2023-03-29,scheduled_exit,310,2023-06-16,"{""market_momentum"": 0.05703690162179087, ""market_volatility"": 0.010670174852790062, ""momentum"": 0.16681802305274185, ""volatility"": 0.016610964201417354, ""volume_state"": 14.963123661326966}",assumed_next_daily_close,16851.0,42,0000027419,0,0.05703690162179087,0.010670174852790062,0.16681802305274185,-951.5971999999981,-0.056471259865883215,10.1106,10.67,0.0,-0.0,c86657859a5b413a7d502ff8,True,0.003401360544217687,294,3.9920465657860535e-05,2504980.8,,,,,,,,,,,,,,,,,,,,,,,,,,,,,,,,,,,,,,,,,,,,bounded_preclose_bid_ask,,,,False,not_requested_for_horizon_or_variant,,,,event,covered_call,100,completed,168.51,158.11,True,-1039.9999999999982,H25,2,TGT,19.5972,primary,0.016610964201417354,14.963123661326966,2023
0.047715979165419364,2023-04-28,331,1a3dd934bb48d6bcb39c6748,time_value,18.365000000000002,O:TGT230616C00175000,1,1,2023-01-26,2023-01-26,141,0.058073399988026096,267,108.0,0.030411180345380096,2023-01-27,268,True,2023-04-28,331,2023-01-26,160,3850269.0,2023-04-28,scheduled_exit,331,2023-06-16,"{""market_momentum"": 0.05703690162179087, ""market_volatility"": 0.010670174852790062, ""momentum"": 0.16681802305274185, ""volatility"": 0.016610964201417354, ""volume_state"": 14.963123661326966}",assumed_next_daily_close,16851.0,63,0000027419,0,0.05703690162179087,0.010670174852790062,0.16681802305274185,-148.47560000000001,-0.008811085395525489,64.1106,10.67,1.65,902.0,c86657859a5b413a7d502ff8,True,0.003401360544217687,294,3.9920465657860535e-05,2504980.8,,,,,,,,,,,,,,,,,,,,,,,,,,,,,,,,,,,,,,,,,,,,bounded_preclose_bid_ask,,,,False,not_requested_for_horizon_or_variant,,,,event,covered_call,100,completed,168.51,157.75,False,-1076.0,H25,2,TGT,82.47560000000001,primary,0.016610964201417354,14.963123661326966,2023
0.047715979165419364,2023-04-28,331,1a3dd934bb48d6bcb39c6748,time_value,9.465,O:TGT230616C00175000,1,1,2023-01-26,2023-01-26,141,0.058073399988026096,267,108.0,0.07224720194647212,2023-01-27,268,True,2023-04-28,331,2023-01-26,160,3850269.0,2023-04-28,scheduled_exit,331,2023-06-16,"{""market_momentum"": 0.05703690162179087, ""market_volatility"": 0.010670174852790062, ""momentum"": 0.16681802305274185, ""volatility"": 0.016610964201417354, ""volume_state"": 14.963123661326966}",assumed_next_daily_close,16851.0,63,0000027419,0,0.05703690162179087,0.010670174852790062,0.16681802305274185,-987.5756,-0.058606349771526914,10.1106,10.67,0.0,-0.0,c86657859a5b413a7d502ff8,True,0.003401360544217687,294,3.9920465657860535e-05,2504980.8,,,,,,,,,,,,,,,,,,,,,,,,,,,,,,,,,,,,,,,,,,,,bounded_preclose_bid_ask,,,,False,not_requested_for_horizon_or_variant,,,,event,covered_call,100,completed,168.51,157.75,True,-1076.0,H25,2,TGT,19.5756,primary,0.016610964201417354,14.963123661326966,2023
0.047715979165419364,2023-06-16,365,1a3dd934bb48d6bcb39c6748,time_value,8.6786,O:TGT230616C00175000,1,1,2023-01-26,2023-01-26,141,0.058073399988026096,267,216.0,0.17763927363361223,2023-01-27,268,True,2023-06-16,365,2023-01-26,160,3850269.0,2023-06-16,expiry_worthless,365,2023-06-16,"{""market_momentum"": 0.05703690162179087, ""market_volatility"": 0.010670174852790062, ""momentum"": 0.16681802305274185, ""volatility"": 0.016610964201417354, ""volume_state"": 14.963123661326966}",assumed_next_daily_close,16851.0,expiry,0000027419,0,0.05703690162179087,0.010670174852790062,0.16681802305274185,-2259.7892,-0.134104159990505,64.1106,10.67,0.0,1067.0,c86657859a5b413a7d502ff8,True,0.003401360544217687,294,3.9920465657860535e-05,2504980.8,,,,,,,,,,,,,,,,,,,,,,,,,,,,,,,,,,,,,,,,,,,,bounded_preclose_bid_ask,,,,False,not_requested_for_horizon_or_variant,,,,event,covered_call,100,completed,168.51,133.81,False,-3470.0,H25,2,TGT,72.78920000000001,primary,0.016610964201417354,14.963123661326966,2023
0.047715979165419364,2023-06-16,365,1a3dd934bb48d6bcb39c6748,time_value,8.028599999999999,O:TGT230616C00175000,1,1,2023-01-26,2023-01-26,141,0.058073399988026096,267,216.0,0.23765351611180346,2023-01-27,268,True,2023-06-16,365,2023-01-26,160,3850269.0,2023-06-16,scheduled_exit,365,2023-06-16,"{""market_momentum"": 0.05703690162179087, ""market_volatility"": 0.010670174852790062, ""momentum"": 0.16681802305274185, ""volatility"": 0.016610964201417354, ""volume_state"": 14.963123661326966}",assumed_next_daily_close,16851.0,expiry,0000027419,0,0.05703690162179087,0.010670174852790062,0.16681802305274185,-3272.1392,-0.19418071331078274,10.1106,10.67,0.0,-0.0,c86657859a5b413a7d502ff8,True,0.003401360544217687,294,3.9920465657860535e-05,2504980.8,,,,,,,,,,,,,,,,,,,,,,,,,,,,,,,,,,,,,,,,,,,,bounded_preclose_bid_ask,,,,False,not_requested_for_horizon_or_variant,,,,event,covered_call,100,completed,168.51,133.81,True,-3470.0,H25,2,TGT,18.1392,primary,0.016610964201417354,14.963123661326966,2023
,,,202d48a408b01a44f7207a09,time_value,,,1,1,2022-09-01,2022-09-01,,,167,,,2022-09-02,168,False,,,2023-03-03,,,,,,,"{""market_momentum"": -0.04350343829171188, ""market_volatility"": 0.012022060664735889, ""momentum"": -0.020017192680830243, ""volatility"": 0.010255219900610435, ""volume_state"": 15.051637434679616}",assumed_next_daily_close,,1,0000021665,,-0.04350343829171188,0.012022060664735889,-0.020017192680830243,,,,,,,da7791283ef7b623c90df7d6,False,,,,,,,,,,,,,,,,,,,,,,,,,,,,,,,,,,,,,,,,,,,,,,,,bounded_preclose_bid_ask,,,,False,not_requested_for_horizon_or_variant,,,no_standard_contract_within_rules,ordinary,protective_put,,no_standard_contract_within_rules,,,False,,H25,2,CL,,primary,0.010255219900610435,15.051637434679616,2022
,,,202d48a408b01a44f7207a09,time_value,,,1,1,2022-09-01,2022-09-01,,,167,,,2022-09-02,168,False,,,2023-03-03,,,,,,,"{""market_momentum"": -0.04350343829171188, ""market_volatility"": 0.012022060664735889, ""momentum"": -0.020017192680830243, ""volatility"": 0.010255219900610435, ""volume_state"": 15.051637434679616}",assumed_next_daily_close,,1,0000021665,,-0.04350343829171188,0.012022060664735889,-0.020017192680830243,,,,,,,da7791283ef7b623c90df7d6,False,,,,,,,,,,,,,,,,,,,,,,,,,,,,,,,,,,,,,,,,,,,,,,,,bounded_preclose_bid_ask,,,,False,not_requested_for_horizon_or_variant,,,no_standard_contract_within_rules,ordinary,protective_put,,no_standard_contract_within_rules,,,True,,H25,2,CL,,primary,0.010255219900610435,15.051637434679616,2022
,,,202d48a408b01a44f7207a09,time_value,,,1,1,2022-09-01,2022-09-01,,,167,,,2022-09-02,168,False,,,2023-03-03,,,,,,,"{""market_momentum"": -0.04350343829171188, ""market_volatility"": 0.012022060664735889, ""momentum"": -0.020017192680830243, ""volatility"": 0.010255219900610435, ""volume_state"": 15.051637434679616}",assumed_next_daily_close,,2,0000021665,,-0.04350343829171188,0.012022060664735889,-0.020017192680830243,,,,,,,da7791283ef7b623c90df7d6,False,,,,,,,,,,,,,,,,,,,,,,,,,,,,,,,,,,,,,,,,,,,,,,,,bounded_preclose_bid_ask,,,,False,not_requested_for_horizon_or_variant,,,no_standard_contract_within_rules,ordinary,protective_put,,no_standard_contract_within_rules,,,False,,H25,2,CL,,primary,0.010255219900610435,15.051637434679616,2022
,,,202d48a408b01a44f7207a09,time_value,,,1,1,2022-09-01,2022-09-01,,,167,,,2022-09-02,168,False,,,2023-03-03,,,,,,,"{""market_momentum"": -0.04350343829171188, ""market_volatility"": 0.012022060664735889, ""momentum"": -0.020017192680830243, ""volatility"": 0.010255219900610435, ""volume_state"": 15.051637434679616}",assumed_next_daily_close,,2,0000021665,,-0.04350343829171188,0.012022060664735889,-0.020017192680830243,,,,,,,da7791283ef7b623c90df7d6,False,,,,,,,,,,,,,,,,,,,,,,,,,,,,,,,,,,,,,,,,,,,,,,,,bounded_preclose_bid_ask,,,,False,not_requested_for_horizon_or_variant,,,no_standard_contract_within_rules,ordinary,protective_put,,no_standard_contract_within_rules,,,True,,H25,2,CL,,primary,0.010255219900610435,15.051637434679616,2022
,,,202d48a408b01a44f7207a09,time_value,,,1,1,2022-09-01,2022-09-01,,,167,,,2022-09-02,168,False,,,2023-03-03,,,,,,,"{""market_momentum"": -0.04350343829171188, ""market_volatility"": 0.012022060664735889, ""momentum"": -0.020017192680830243, ""volatility"": 0.010255219900610435, ""volume_state"": 15.051637434679616}",assumed_next_daily_close,,3,0000021665,,-0.04350343829171188,0.012022060664735889,-0.020017192680830243,,,,,,,da7791283ef7b623c90df7d6,False,,,,,,,,,,,,,,,,,,,,,,,,,,,,,,,,,,,,,,,,,,,,,,,,bounded_preclose_bid_ask,,,,False,not_requested_for_horizon_or_variant,,,no_standard_contract_within_rules,ordinary,protective_put,,no_standard_contract_within_rules,,,False,,H25,2,CL,,primary,0.010255219900610435,15.051637434679616,2022
,,,202d48a408b01a44f7207a09,time_value,,,1,1,2022-09-01,2022-09-01,,,167,,,2022-09-02,168,False,,,2023-03-03,,,,,,,"{""market_momentum"": -0.04350343829171188, ""market_volatility"": 0.012022060664735889, ""momentum"": -0.020017192680830243, ""volatility"": 0.010255219900610435, ""volume_state"": 15.051637434679616}",assumed_next_daily_close,,3,0000021665,,-0.04350343829171188,0.012022060664735889,-0.020017192680830243,,,,,,,da7791283ef7b623c90df7d6,False,,,,,,,,,,,,,,,,,,,,,,,,,,,,,,,,,,,,,,,,,,,,,,,,bounded_preclose_bid_ask,,,,False,not_requested_for_horizon_or_variant,,,no_standard_contract_within_rules,ordinary,protective_put,,no_standard_contract_within_rules,,,True,,H25,2,CL,,primary,0.010255219900610435,15.051637434679616,2022
,,,202d48a408b01a44f7207a09,time_value,,,1,1,2022-09-01,2022-09-01,,,167,,,2022-09-02,168,False,,,2023-03-03,,,,,,,"{""market_momentum"": -0.04350343829171188, ""market_volatility"": 0.012022060664735889, ""momentum"": -0.020017192680830243, ""volatility"": 0.010255219900610435, ""volume_state"": 15.051637434679616}",assumed_next_daily_close,,5,0000021665,,-0.04350343829171188,0.012022060664735889,-0.020017192680830243,,,,,,,da7791283ef7b623c90df7d6,False,,,,,,,,,,,,,,,,,,,,,,,,,,,,,,,,,,,,,,,,,,,,,,,,bounded_preclose_bid_ask,,,,False,not_requested_for_horizon_or_variant,,,no_standard_contract_within_rules,ordinary,protective_put,,no_standard_contract_within_rules,,,False,,H25,2,CL,,primary,0.010255219900610435,15.051637434679616,2022
,,,202d48a408b01a44f7207a09,time_value,,,1,1,2022-09-01,2022-09-01,,,167,,,2022-09-02,168,False,,,2023-03-03,,,,,,,"{""market_momentum"": -0.04350343829171188, ""market_volatility"": 0.012022060664735889, ""momentum"": -0.020017192680830243, ""volatility"": 0.010255219900610435, ""volume_state"": 15.051637434679616}",assumed_next_daily_close,,5,0000021665,,-0.04350343829171188,0.012022060664735889,-0.020017192680830243,,,,,,,da7791283ef7b623c90df7d6,False,,,,,,,,,,,,,,,,,,,,,,,,,,,,,,,,,,,,,,,,,,,,,,,,bounded_preclose_bid_ask,,,,False,not_requested_for_horizon_or_variant,,,no_standard_contract_within_rules,ordinary,protective_put,,no_standard_contract_within_rules,,,True,,H25,2,CL,,primary,0.010255219900610435,15.051637434679616,2022
,,,202d48a408b01a44f7207a09,time_value,,,1,1,2022-09-01,2022-09-01,,,167,,,2022-09-02,168,False,,,2023-03-03,,,,,,,"{""market_momentum"": -0.04350343829171188, ""market_volatility"": 0.012022060664735889, ""momentum"": -0.020017192680830243, ""volatility"": 0.010255219900610435, ""volume_state"": 15.051637434679616}",assumed_next_daily_close,,10,0000021665,,-0.04350343829171188,0.012022060664735889,-0.020017192680830243,,,,,,,da7791283ef7b623c90df7d6,False,,,,,,,,,,,,,,,,,,,,,,,,,,,,,,,,,,,,,,,,,,,,,,,,bounded_preclose_bid_ask,,,,False,not_sampled_or_missing_quotes,,,no_standard_contract_within_rules,ordinary,protective_put,,no_standard_contract_within_rules,,,False,,H25,2,CL,,primary,0.010255219900610435,15.051637434679616,2022
,,,202d48a408b01a44f7207a09,time_value,,,1,1,2022-09-01,2022-09-01,,,167,,,2022-09-02,168,False,,,2023-03-03,,,,,,,"{""market_momentum"": -0.04350343829171188, ""market_volatility"": 0.012022060664735889, ""momentum"": -0.020017192680830243, ""volatility"": 0.010255219900610435, ""volume_state"": 15.051637434679616}",assumed_next_daily_close,,10,0000021665,,-0.04350343829171188,0.012022060664735889,-0.020017192680830243,,,,,,,da7791283ef7b623c90df7d6,False,,,,,,,,,,,,,,,,,,,,,,,,,,,,,,,,,,,,,,,,,,,,,,,,bounded_preclose_bid_ask,,,,False,not_sampled_or_missing_quotes,,,no_standard_contract_within_rules,ordinary,protective_put,,no_standard_contract_within_rules,,,True,,H25,2,CL,,primary,0.010255219900610435,15.051637434679616,2022
,,,202d48a408b01a44f7207a09,time_value,,,1,1,2022-09-01,2022-09-01,,,167,,,2022-09-02,168,False,,,2023-03-03,,,,,,,"{""market_momentum"": -0.04350343829171188, ""market_volatility"": 0.012022060664735889, ""momentum"": -0.020017192680830243, ""volatility"": 0.010255219900610435, ""volume_state"": 15.051637434679616}",assumed_next_daily_close,,21,0000021665,,-0.04350343829171188,0.012022060664735889,-0.020017192680830243,,,,,,,da7791283ef7b623c90df7d6,False,,,,,,,,,,,,,,,,,,,,,,,,,,,,,,,,,,,,,,,,,,,,,,,,bounded_preclose_bid_ask,,,,False,not_requested_for_horizon_or_variant,,,no_standard_contract_within_rules,ordinary,protective_put,,no_standard_contract_within_rules,,,False,,H25,2,CL,,primary,0.010255219900610435,15.051637434679616,2022
,,,202d48a408b01a44f7207a09,time_value,,,1,1,2022-09-01,2022-09-01,,,167,,,2022-09-02,168,False,,,2023-03-03,,,,,,,"{""market_momentum"": -0.04350343829171188, ""market_volatility"": 0.012022060664735889, ""momentum"": -0.020017192680830243, ""volatility"": 0.010255219900610435, ""volume_state"": 15.051637434679616}",assumed_next_daily_close,,21,0000021665,,-0.04350343829171188,0.012022060664735889,-0.020017192680830243,,,,,,,da7791283ef7b623c90df7d6,False,,,,,,,,,,,,,,,,,,,,,,,,,,,,,,,,,,,,,,,,,,,,,,,,bounded_preclose_bid_ask,,,,False,not_requested_for_horizon_or_variant,,,no_standard_contract_within_rules,ordinary,protective_put,,no_standard_contract_within_rules,,,True,,H25,2,CL,,primary,0.010255219900610435,15.051637434679616,2022
,,,202d48a408b01a44f7207a09,time_value,,,1,1,2022-09-01,2022-09-01,,,167,,,2022-09-02,168,False,,,2023-03-03,,,,,,,"{""market_momentum"": -0.04350343829171188, ""market_volatility"": 0.012022060664735889, ""momentum"": -0.020017192680830243, ""volatility"": 0.010255219900610435, ""volume_state"": 15.051637434679616}",assumed_next_daily_close,,42,0000021665,,-0.04350343829171188,0.012022060664735889,-0.020017192680830243,,,,,,,da7791283ef7b623c90df7d6,False,,,,,,,,,,,,,,,,,,,,,,,,,,,,,,,,,,,,,,,,,,,,,,,,bounded_preclose_bid_ask,,,,False,not_requested_for_horizon_or_variant,,,no_standard_contract_within_rules,ordinary,protective_put,,no_standard_contract_within_rules,,,False,,H25,2,CL,,primary,0.010255219900610435,15.051637434679616,2022
,,,202d48a408b01a44f7207a09,time_value,,,1,1,2022-09-01,2022-09-01,,,167,,,2022-09-02,168,False,,,2023-03-03,,,,,,,"{""market_momentum"": -0.04350343829171188, ""market_volatility"": 0.012022060664735889, ""momentum"": -0.020017192680830243, ""volatility"": 0.010255219900610435, ""volume_state"": 15.051637434679616}",assumed_next_daily_close,,42,0000021665,,-0.04350343829171188,0.012022060664735889,-0.020017192680830243,,,,,,,da7791283ef7b623c90df7d6,False,,,,,,,,,,,,,,,,,,,,,,,,,,,,,,,,,,,,,,,,,,,,,,,,bounded_preclose_bid_ask,,,,False,not_requested_for_horizon_or_variant,,,no_standard_contract_within_rules,ordinary,protective_put,,no_standard_contract_within_rules,,,True,,H25,2,CL,,primary,0.010255219900610435,15.051637434679616,2022
,,,202d48a408b01a44f7207a09,time_value,,,1,1,2022-09-01,2022-09-01,,,167,,,2022-09-02,168,False,,,2023-03-03,,,,,,,"{""market_momentum"": -0.04350343829171188, ""market_volatility"": 0.012022060664735889, ""momentum"": -0.020017192680830243, ""volatility"": 0.010255219900610435, ""volume_state"": 15.051637434679616}",assumed_next_daily_close,,63,0000021665,,-0.04350343829171188,0.012022060664735889,-0.020017192680830243,,,,,,,da7791283ef7b623c90df7d6,False,,,,,,,,,,,,,,,,,,,,,,,,,,,,,,,,,,,,,,,,,,,,,,,,bounded_preclose_bid_ask,,,,False,not_requested_for_horizon_or_variant,,,no_standard_contract_within_rules,ordinary,protective_put,,no_standard_contract_within_rules,,,False,,H25,2,CL,,primary,0.010255219900610435,15.051637434679616,2022
,,,202d48a408b01a44f7207a09,time_value,,,1,1,2022-09-01,2022-09-01,,,167,,,2022-09-02,168,False,,,2023-03-03,,,,,,,"{""market_momentum"": -0.04350343829171188, ""market_volatility"": 0.012022060664735889, ""momentum"": -0.020017192680830243, ""volatility"": 0.010255219900610435, ""volume_state"": 15.051637434679616}",assumed_next_daily_close,,63,0000021665,,-0.04350343829171188,0.012022060664735889,-0.020017192680830243,,,,,,,da7791283ef7b623c90df7d6,False,,,,,,,,,,,,,,,,,,,,,,,,,,,,,,,,,,,,,,,,,,,,,,,,bounded_preclose_bid_ask,,,,False,not_requested_for_horizon_or_variant,,,no_standard_contract_within_rules,ordinary,protective_put,,no_standard_contract_within_rules,,,True,,H25,2,CL,,primary,0.010255219900610435,15.051637434679616,2022
,,,202d48a408b01a44f7207a09,time_value,,,1,1,2022-09-01,2022-09-01,,,167,,,2022-09-02,168,False,,,2023-03-03,,,,,,,"{""market_momentum"": -0.04350343829171188, ""market_volatility"": 0.012022060664735889, ""momentum"": -0.020017192680830243, ""volatility"": 0.010255219900610435, ""volume_state"": 15.051637434679616}",assumed_next_daily_close,,expiry,0000021665,,-0.04350343829171188,0.012022060664735889,-0.020017192680830243,,,,,,,da7791283ef7b623c90df7d6,False,,,,,,,,,,,,,,,,,,,,,,,,,,,,,,,,,,,,,,,,,,,,,,,,bounded_preclose_bid_ask,,,,False,not_requested_for_horizon_or_variant,,,no_standard_contract_within_rules,ordinary,protective_put,,no_standard_contract_within_rules,,,False,,H25,2,CL,,primary,0.010255219900610435,15.051637434679616,2022
,,,202d48a408b01a44f7207a09,time_value,,,1,1,2022-09-01,2022-09-01,,,167,,,2022-09-02,168,False,,,2023-03-03,,,,,,,"{""market_momentum"": -0.04350343829171188, ""market_volatility"": 0.012022060664735889, ""momentum"": -0.020017192680830243, ""volatility"": 0.010255219900610435, ""volume_state"": 15.051637434679616}",assumed_next_daily_close,,expiry,0000021665,,-0.04350343829171188,0.012022060664735889,-0.020017192680830243,,,,,,,da7791283ef7b623c90df7d6,False,,,,,,,,,,,,,,,,,,,,,,,,,,,,,,,,,,,,,,,,,,,,,,,,bounded_preclose_bid_ask,,,,False,not_requested_for_horizon_or_variant,,,no_standard_contract_within_rules,ordinary,protective_put,,no_standard_contract_within_rules,,,True,,H25,2,CL,,primary,0.010255219900610435,15.051637434679616,2022
0.042088247620188035,2023-01-30,269,206b3fdc017b1d31849957d5,time_value,58.52080000000001,O:TGT230616P00160000,1,1,2023-01-26,2023-01-26,141,0.06064778782254685,267,0.0,0.006813910153700033,2023-01-27,268,True,2023-01-30,269,2023-01-26,5,3850269.0,2023-01-30,scheduled_exit,269,2023-06-16,"{""market_momentum"": 0.05703690162179087, ""market_volatility"": 0.010670174852790062, ""momentum"": 0.16681802305274185, ""volatility"": 0.016610964201417354, ""volume_state"": 14.963123661326966}",assumed_next_daily_close,16851.0,1,0000027419,0,0.05703690162179087,0.010670174852790062,0.16681802305274185,-76.93139999999994,-0.004565390777995368,57.4106,9.33,9.55,22.000000000000064,c86657859a5b413a7d502ff8,True,0.006289308176100629,159,3.9920465657860535e-05,2504980.8,,,,,,,,,,,,,,,,,,,,,,,,,,,,,,,,,,,,,,,,,,,,bounded_preclose_bid_ask,,,,False,not_requested_for_horizon_or_variant,,,,event,protective_put,100,completed,168.51,168.68,False,17.0,H25,2,TGT,115.93140000000001,primary,0.016610964201417354,14.963123661326966,2023
0.042088247620188035,2023-01-30,269,206b3fdc017b1d31849957d5,time_value,10.1208,O:TGT230616P00160000,1,1,2023-01-26,2023-01-26,141,0.06064778782254685,267,0.0,0.0011999999999999986,2023-01-27,268,True,2023-01-30,269,2023-01-26,5,3850269.0,2023-01-30,scheduled_exit,269,2023-06-16,"{""market_momentum"": 0.05703690162179087, ""market_volatility"": 0.010670174852790062, ""momentum"": 0.16681802305274185, ""volatility"": 0.016610964201417354, ""volume_state"": 14.963123661326966}",assumed_next_daily_close,16851.0,1,0000027419,0,0.05703690162179087,0.010670174852790062,0.16681802305274185,-3.231399999999999,-0.0001917631001127529,10.1106,9.33,0.0,-0.0,c86657859a5b413a7d502ff8,True,0.006289308176100629,159,3.9920465657860535e-05,2504980.8,,,,,,,,,,,,,,,,,,,,,,,,,,,,,,,,,,,,,,,,,,,,bounded_preclose_bid_ask,,,,False,not_requested_for_horizon_or_variant,,,,event,protective_put,100,completed,168.51,168.68,True,17.0,H25,2,TGT,20.2314,primary,0.016610964201417354,14.963123661326966,2023
0.042088247620188035,2023-01-31,270,206b3fdc017b1d31849957d5,time_value,57.528400000000005,O:TGT230616P00160000,1,1,2023-01-26,2023-01-26,141,0.06064778782254685,267,0.0,0.006813910153700033,2023-01-27,268,True,2023-01-31,270,2023-01-26,5,3850269.0,2023-01-31,scheduled_exit,270,2023-06-16,"{""market_momentum"": 0.05703690162179087, ""market_volatility"": 0.010670174852790062, ""momentum"": 0.16681802305274185, ""volatility"": 0.016610964201417354, ""volume_state"": 14.963123661326966}",assumed_next_daily_close,16851.0,2,0000027419,0,0.05703690162179087,0.010670174852790062,0.16681802305274185,246.06100000000006,0.014602160109192337,57.4106,9.33,9.31,-1.9999999999999574,c86657859a5b413a7d502ff8,True,0.006289308176100629,159,3.9920465657860535e-05,2504980.8,,,,,,,,,,,,,,,,,,,,,,,,,,,,,,,,,,,,,,,,,,,,bounded_preclose_bid_ask,,,,False,not_requested_for_horizon_or_variant,,,,event,protective_put,100,completed,168.51,172.14,False,363.0,H25,2,TGT,114.93900000000001,primary,0.016610964201417354,14.963123661326966,2023
0.042088247620188035,2023-01-31,270,206b3fdc017b1d31849957d5,time_value,10.328399999999998,O:TGT230616P00160000,1,1,2023-01-26,2023-01-26,141,0.06064778782254685,267,0.0,0.0011999999999999986,2023-01-27,268,True,2023-01-31,270,2023-01-26,5,3850269.0,2023-01-31,scheduled_exit,270,2023-06-16,"{""market_momentum"": 0.05703690162179087, ""market_volatility"": 0.010670174852790062, ""momentum"": 0.16681802305274185, ""volatility"": 0.016610964201417354, ""volume_state"": 14.963123661326966}",assumed_next_daily_close,16851.0,2,0000027419,0,0.05703690162179087,0.010670174852790062,0.16681802305274185,342.56100000000004,0.020328823215239454,10.1106,9.33,0.0,-0.0,c86657859a5b413a7d502ff8,True,0.006289308176100629,159,3.9920465657860535e-05,2504980.8,,,,,,,,,,,,,,,,,,,,,,,,,,,,,,,,,,,,,,,,,,,,bounded_preclose_bid_ask,,,,False,not_requested_for_horizon_or_variant,,,,event,protective_put,100,completed,168.51,172.14,True,363.0,H25,2,TGT,20.439,primary,0.016610964201417354,14.963123661326966,2023
0.042088247620188035,2023-02-01,271,206b3fdc017b1d31849957d5,time_value,54.37479999999999,O:TGT230616P00160000,1,1,2023-01-26,2023-01-26,141,0.06064778782254685,267,0.0,0.006813910153700033,2023-01-27,268,True,2023-02-01,271,2023-01-26,5,3850269.0,2023-02-01,scheduled_exit,271,2023-06-16,"{""market_momentum"": 0.05703690162179087, ""market_volatility"": 0.010670174852790062, ""momentum"": 0.16681802305274185, ""volatility"": 0.016610964201417354, ""volume_state"": 14.963123661326966}",assumed_next_daily_close,16851.0,3,0000027419,0,0.05703690162179087,0.010670174852790062,0.16681802305274185,674.2145999999998,0.04001036140288409,57.4106,9.33,8.62,-71.00000000000009,c86657859a5b413a7d502ff8,True,0.006289308176100629,159,3.9920465657860535e-05,2504980.8,,,,,,,,,,,,,,,,,,,,,,,,,,,,,,,,,,,,,,,,,,,,bounded_preclose_bid_ask,,,,False,not_requested_for_horizon_or_variant,,,,event,protective_put,100,completed,168.51,177.08,False,857.0,H25,2,TGT,111.7854,primary,0.016610964201417354,14.963123661326966,2023
0.042088247620188035,2023-02-01,271,206b3fdc017b1d31849957d5,time_value,10.624799999999999,O:TGT230616P00160000,1,1,2023-01-26,2023-01-26,141,0.06064778782254685,267,0.0,0.0011999999999999986,2023-01-27,268,True,2023-02-01,271,2023-01-26,5,3850269.0,2023-02-01,scheduled_exit,271,2023-06-16,"{""market_momentum"": 0.05703690162179087, ""market_volatility"": 0.010670174852790062, ""momentum"": 0.16681802305274185, ""volatility"": 0.016610964201417354, ""volume_state"": 14.963123661326966}",assumed_next_daily_close,16851.0,3,0000027419,0,0.05703690162179087,0.010670174852790062,0.16681802305274185,836.2646,0.04962700136490416,10.1106,9.33,0.0,-0.0,c86657859a5b413a7d502ff8,True,0.006289308176100629,159,3.9920465657860535e-05,2504980.8,,,,,,,,,,,,,,,,,,,,,,,,,,,,,,,,,,,,,,,,,,,,bounded_preclose_bid_ask,,,,False,not_requested_for_horizon_or_variant,,,,event,protective_put,100,completed,168.51,177.08,True,857.0,H25,2,TGT,20.7354,primary,0.016610964201417354,14.963123661326966,2023
0.042088247620188035,2023-02-06,274,206b3fdc017b1d31849957d5,time_value,53.5804,O:TGT230616P00160000,1,1,2023-01-26,2023-01-26,141,0.06064778782254685,267,0.0,0.006813910153700033,2023-01-27,268,False,2023-02-03,273,2023-01-26,5,3850269.0,2023-02-06,scheduled_exit,274,2023-06-16,"{""market_momentum"": 0.05703690162179087, ""market_volatility"": 0.010670174852790062, ""momentum"": 0.16681802305274185, ""volatility"": 0.016610964201417354, ""volume_state"": 14.963123661326966}",assumed_next_daily_close,16851.0,5,0000027419,0,0.05703690162179087,0.010670174852790062,0.16681802305274185,339.009,0.020118034538009616,57.4106,9.33,8.5,-83.0,c86657859a5b413a7d502ff8,True,0.006289308176100629,159,3.9920465657860535e-05,2504980.8,,,,,,,,,,,,,,,,,,,,,,,,,,,,,,,,,,,,,,,,,,,,bounded_preclose_bid_ask,,,,False,not_requested_for_horizon_or_variant,,,,event,protective_put,100,completed,168.51,173.84,False,533.0,H25,2,TGT,110.991,primary,0.016610964201417354,14.963123661326966,2023
0.042088247620188035,2023-02-03,273,206b3fdc017b1d31849957d5,time_value,10.605599999999999,O:TGT230616P00160000,1,1,2023-01-26,2023-01-26,141,0.06064778782254685,267,0.0,0.0011999999999999986,2023-01-27,268,True,2023-02-03,273,2023-01-26,5,3850269.0,2023-02-03,scheduled_exit,273,2023-06-16,"{""market_momentum"": 0.05703690162179087, ""market_volatility"": 0.010670174852790062, ""momentum"": 0.16681802305274185, ""volatility"": 0.016610964201417354, ""volume_state"": 14.963123661326966}",assumed_next_daily_close,16851.0,5,0000027419,0,0.05703690162179087,0.010670174852790062,0.16681802305274185,804.2838,0.04772914367099876,10.1106,9.33,0.0,-0.0,c86657859a5b413a7d502ff8,True,0.006289308176100629,159,3.9920465657860535e-05,2504980.8,,,,,,,,,,,,,,,,,,,,,,,,,,,,,,,,,,,,,,,,,,,,bounded_preclose_bid_ask,,,,False,not_requested_for_horizon_or_variant,,,,event,protective_put,100,completed,168.51,176.76,True,825.0,H25,2,TGT,20.7162,primary,0.016610964201417354,14.963123661326966,2023
0.042088247620188035,2023-02-10,278,206b3fdc017b1d31849957d5,time_value,59.3512,O:TGT230616P00160000,1,1,2023-01-26,2023-01-26,141,0.06064778782254685,267,0.0,0.006813910153700033,2023-01-27,268,True,2023-02-10,278,2023-01-26,5,3850269.0,2023-02-10,scheduled_exit,278,2023-06-16,"{""market_momentum"": 0.05703690162179087, ""market_volatility"": 0.010670174852790062, ""momentum"": 0.16681802305274185, ""volatility"": 0.016610964201417354, ""volume_state"": 14.963123661326966}",assumed_next_daily_close,16851.0,10,0000027419,0,0.05703690162179087,0.010670174852790062,0.16681802305274185,71.23819999999989,0.004227535457836324,57.4106,9.33,9.7,36.99999999999992,c86657859a5b413a7d502ff8,True,0.006289308176100629,159,3.9920465657860535e-05,2504980.8,,1.003554816,9.95,113,9.75,34,0.02030456852791871,0.099517184,167.05,400,167.01,6700,0.0002394779380950755,,,,,,,,,,,,,,,,,,,,,,,,,,,,,,,bounded_preclose_bid_ask,,,,False,entry_asynchronous_quotes,,,,event,protective_put,100,completed,168.51,170.02,False,151.0,H25,2,TGT,116.7618,primary,0.016610964201417354,14.963123661326966,2023
0.042088247620188035,2023-02-10,278,206b3fdc017b1d31849957d5,time_value,10.201199999999998,O:TGT230616P00160000,1,1,2023-01-26,2023-01-26,141,0.06064778782254685,267,0.0,0.0011999999999999986,2023-01-27,268,True,2023-02-10,278,2023-01-26,5,3850269.0,2023-02-10,scheduled_exit,278,2023-06-16,"{""market_momentum"": 0.05703690162179087, ""market_volatility"": 0.010670174852790062, ""momentum"": 0.16681802305274185, ""volatility"": 0.016610964201417354, ""volume_state"": 14.963123661326966}",assumed_next_daily_close,16851.0,10,0000027419,0,0.05703690162179087,0.010670174852790062,0.16681802305274185,130.6882,0.0077555159931161355,10.1106,9.33,0.0,-0.0,c86657859a5b413a7d502ff8,True,0.006289308176100629,159,3.9920465657860535e-05,2504980.8,,1.003554816,9.95,113,9.75,34,0.02030456852791871,0.099517184,167.05,400,167.01,6700,0.0002394779380950755,,,,,,,,,,,,,,,,,,,,,,,,,,,,,,,bounded_preclose_bid_ask,,,,False,entry_asynchronous_quotes,,,,event,protective_put,100,completed,168.51,170.02,True,151.0,H25,2,TGT,20.311799999999998,primary,0.016610964201417354,14.963123661326966,2023
0.042088247620188035,2023-02-28,289,206b3fdc017b1d31849957d5,time_value,45.76,O:TGT230616P00160000,1,1,2023-01-26,2023-01-26,141,0.06064778782254685,267,108.0,0.018101821850335247,2023-01-27,268,True,2023-02-28,289,2023-01-26,5,3850269.0,2023-02-28,scheduled_exit,289,2023-06-16,"{""market_momentum"": 0.05703690162179087, ""market_volatility"": 0.010670174852790062, ""momentum"": 0.16681802305274185, ""volatility"": 0.016610964201417354, ""volume_state"": 14.963123661326966}",assumed_next_daily_close,16851.0,21,0000027419,0,0.05703690162179087,0.010670174852790062,0.16681802305274185,-229.17059999999998,-0.013599821969022608,57.4106,9.33,7,-233.0,c86657859a5b413a7d502ff8,True,0.006289308176100629,159,3.9920465657860535e-05,2504980.8,,,,,,,,,,,,,,,,,,,,,,,,,,,,,,,,,,,,,,,,,,,,bounded_preclose_bid_ask,,,,False,not_requested_for_horizon_or_variant,,,,event,protective_put,100,completed,168.51,168.5,False,-1.0,H25,2,TGT,103.17060000000001,primary,0.016610964201417354,14.963123661326966,2023
0.042088247620188035,2023-02-28,289,206b3fdc017b1d31849957d5,time_value,10.11,O:TGT230616P00160000,1,1,2023-01-26,2023-01-26,141,0.06064778782254685,267,108.0,0.012642608747255354,2023-01-27,268,True,2023-02-28,289,2023-01-26,5,3850269.0,2023-02-28,scheduled_exit,289,2023-06-16,"{""market_momentum"": 0.05703690162179087, ""market_volatility"": 0.010670174852790062, ""momentum"": 0.16681802305274185, ""volatility"": 0.016610964201417354, ""volume_state"": 14.963123661326966}",assumed_next_daily_close,16851.0,21,0000027419,0,0.05703690162179087,0.010670174852790062,0.16681802305274185,86.7794,0.005149807133107827,10.1106,9.33,0.0,-0.0,c86657859a5b413a7d502ff8,True,0.006289308176100629,159,3.9920465657860535e-05,2504980.8,,,,,,,,,,,,,,,,,,,,,,,,,,,,,,,,,,,,,,,,,,,,bounded_preclose_bid_ask,,,,False,not_requested_for_horizon_or_variant,,,,event,protective_put,100,completed,168.51,168.5,True,-1.0,H25,2,TGT,20.220599999999997,primary,0.016610964201417354,14.963123661326966,2023
0.042088247620188035,2023-03-29,310,206b3fdc017b1d31849957d5,time_value,63.8866,O:TGT230616P00160000,1,1,2023-01-26,2023-01-26,141,0.06064778782254685,267,108.0,0.062103661503768275,2023-01-27,268,True,2023-03-29,310,2023-01-26,5,3850269.0,2023-03-29,scheduled_exit,310,2023-06-16,"{""market_momentum"": 0.05703690162179087, ""market_volatility"": 0.010670174852790062, ""momentum"": 0.16681802305274185, ""volatility"": 0.016610964201417354, ""volume_state"": 14.963123661326966}",assumed_next_daily_close,16851.0,42,0000027419,0,0.05703690162179087,0.010670174852790062,0.16681802305274185,-911.2971999999983,-0.05407971040294334,57.4106,9.33,10.75,142.0,c86657859a5b413a7d502ff8,True,0.006289308176100629,159,3.9920465657860535e-05,2504980.8,,,,,,,,,,,,,,,,,,,,,,,,,,,,,,,,,,,,,,,,,,,,bounded_preclose_bid_ask,,,,False,not_requested_for_horizon_or_variant,,,,event,protective_put,100,completed,168.51,158.11,False,-1039.9999999999982,H25,2,TGT,121.2972,primary,0.016610964201417354,14.963123661326966,2023
0.042088247620188035,2023-03-29,310,206b3fdc017b1d31849957d5,time_value,9.486600000000001,O:TGT230616P00160000,1,1,2023-01-26,2023-01-26,141,0.06064778782254685,267,108.0,0.06827356239985757,2023-01-27,268,True,2023-03-29,310,2023-01-26,5,3850269.0,2023-03-29,scheduled_exit,310,2023-06-16,"{""market_momentum"": 0.05703690162179087, ""market_volatility"": 0.010670174852790062, ""momentum"": 0.16681802305274185, ""volatility"": 0.016610964201417354, ""volume_state"": 14.963123661326966}",assumed_next_daily_close,16851.0,42,0000027419,0,0.05703690162179087,0.010670174852790062,0.16681802305274185,-951.5971999999981,-0.056471259865883215,10.1106,9.33,0.0,-0.0,c86657859a5b413a7d502ff8,True,0.006289308176100629,159,3.9920465657860535e-05,2504980.8,,,,,,,,,,,,,,,,,,,,,,,,,,,,,,,,,,,,,,,,,,,,bounded_preclose_bid_ask,,,,False,not_requested_for_horizon_or_variant,,,,event,protective_put,100,completed,168.51,158.11,True,-1039.9999999999982,H25,2,TGT,19.5972,primary,0.016610964201417354,14.963123661326966,2023
0.042088247620188035,2023-04-28,331,206b3fdc017b1d31849957d5,time_value,56.96499999999999,O:TGT230616P00160000,1,1,2023-01-26,2023-01-26,141,0.06064778782254685,267,108.0,0.07002478191205265,2023-01-27,268,True,2023-04-28,331,2023-01-26,5,3850269.0,2023-04-28,scheduled_exit,331,2023-06-16,"{""market_momentum"": 0.05703690162179087, ""market_volatility"": 0.010670174852790062, ""momentum"": 0.16681802305274185, ""volatility"": 0.016610964201417354, ""volume_state"": 14.963123661326966}",assumed_next_daily_close,16851.0,63,0000027419,0,0.05703690162179087,0.010670174852790062,0.16681802305274185,-1078.3756,-0.06399475402053291,57.4106,9.33,9.37,3.9999999999999147,c86657859a5b413a7d502ff8,True,0.006289308176100629,159,3.9920465657860535e-05,2504980.8,,,,,,,,,,,,,,,,,,,,,,,,,,,,,,,,,,,,,,,,,,,,bounded_preclose_bid_ask,,,,False,not_requested_for_horizon_or_variant,,,,event,protective_put,100,completed,168.51,157.75,False,-1076.0,H25,2,TGT,114.37559999999999,primary,0.016610964201417354,14.963123661326966,2023
0.042088247620188035,2023-04-28,331,206b3fdc017b1d31849957d5,time_value,9.465,O:TGT230616P00160000,1,1,2023-01-26,2023-01-26,141,0.06064778782254685,267,108.0,0.07224720194647212,2023-01-27,268,True,2023-04-28,331,2023-01-26,5,3850269.0,2023-04-28,scheduled_exit,331,2023-06-16,"{""market_momentum"": 0.05703690162179087, ""market_volatility"": 0.010670174852790062, ""momentum"": 0.16681802305274185, ""volatility"": 0.016610964201417354, ""volume_state"": 14.963123661326966}",assumed_next_daily_close,16851.0,63,0000027419,0,0.05703690162179087,0.010670174852790062,0.16681802305274185,-987.5756,-0.058606349771526914,10.1106,9.33,0.0,-0.0,c86657859a5b413a7d502ff8,True,0.006289308176100629,159,3.9920465657860535e-05,2504980.8,,,,,,,,,,,,,,,,,,,,,,,,,,,,,,,,,,,,,,,,,,,,bounded_preclose_bid_ask,,,,False,not_requested_for_horizon_or_variant,,,,event,protective_put,100,completed,168.51,157.75,True,-1076.0,H25,2,TGT,19.5756,primary,0.016610964201417354,14.963123661326966,2023
0.042088247620188035,2023-06-16,365,206b3fdc017b1d31849957d5,time_value,10.25,O:TGT230616P00160000,1,1,2023-01-26,2023-01-26,141,0.06064778782254685,267,216.0,0.11018218503352913,2023-01-27,268,True,2023-06-16,365,2023-01-26,5,3850269.0,2023-06-16,modelled_physical_expiry,365,2023-06-16,"{""market_momentum"": 0.05703690162179087, ""market_volatility"": 0.010670174852790062, ""momentum"": 0.16681802305274185, ""volatility"": 0.016610964201417354, ""volume_state"": 14.963123661326966}",assumed_next_daily_close,16851.0,expiry,0000027419,0,0.05703690162179087,0.010670174852790062,0.16681802305274185,-1635.6606,-0.0970660850988072,57.4106,9.33,0.0,-933.0,c86657859a5b413a7d502ff8,True,0.006289308176100629,159,3.9920465657860535e-05,2504980.8,,,,,,,,,,,,,,,,,,,,,,,,,,,,,,,,,,,,,,,,,,,,bounded_preclose_bid_ask,,,,False,not_requested_for_horizon_or_variant,,,,event,protective_put,100,completed,168.51,160.0,False,-851.0,H25,2,TGT,67.6606,primary,0.016610964201417354,14.963123661326966,2023
0.042088247620188035,2023-06-16,365,206b3fdc017b1d31849957d5,time_value,8.028599999999999,O:TGT230616P00160000,1,1,2023-01-26,2023-01-26,141,0.06064778782254685,267,216.0,0.23765351611180346,2023-01-27,268,True,2023-06-16,365,2023-01-26,5,3850269.0,2023-06-16,scheduled_exit,365,2023-06-16,"{""market_momentum"": 0.05703690162179087, ""market_volatility"": 0.010670174852790062, ""momentum"": 0.16681802305274185, ""volatility"": 0.016610964201417354, ""volume_state"": 14.963123661326966}",assumed_next_daily_close,16851.0,expiry,0000027419,0,0.05703690162179087,0.010670174852790062,0.16681802305274185,-3272.1392,-0.19418071331078274,10.1106,9.33,0.0,-0.0,c86657859a5b413a7d502ff8,True,0.006289308176100629,159,3.9920465657860535e-05,2504980.8,,,,,,,,,,,,,,,,,,,,,,,,,,,,,,,,,,,,,,,,,,,,bounded_preclose_bid_ask,,,,False,not_requested_for_horizon_or_variant,,,,event,protective_put,100,completed,168.51,133.81,True,-3470.0,H25,2,TGT,18.1392,primary,0.016610964201417354,14.963123661326966,2023
0.044375950576739376,2024-02-15,532,20bb29ee8518a10448b35801,time_value,172.6168,O:LLY240621P00710000,1,1,2024-02-13,2024-02-13,129,0.039974696151930764,530,0.0,0.006225395148618133,2024-02-14,531,True,2024-02-15,532,2024-02-13,3,3394326.0,2024-02-15,scheduled_exit,532,2024-06-21,"{""market_momentum"": 0.036502475455231886, ""market_volatility"": 0.007717209157749397, ""momentum"": 0.15561811733963804, ""volatility"": 0.01704629080072937, ""volume_state"": 15.05483388988355}",assumed_next_daily_close,75731.0,1,0000059478,0,0.036502475455231886,0.007717209157749397,0.15561811733963804,-471.4553999999998,-0.006225395148618133,180.83859999999999,26.95,25.3,-164.99999999999986,9afe3a06aed4a8a54dba801f,True,0.00980392156862745,102,2.0491004633384985e-05,4880190.2,,,,,,,,,,,,,,,,,,,,,,,,,,,,,,,,,,,,,,,,,,,,bounded_preclose_bid_ask,,,,False,not_requested_for_horizon_or_variant,,,,event,protective_put,100,completed,757.31,757.78,False,47.0,H25,2,LLY,353.4554,primary,0.01704629080072937,15.05483388988355,2024
0.044375950576739376,2024-02-15,532,20bb29ee8518a10448b35801,time_value,45.4668,O:LLY240621P00710000,1,1,2024-02-13,2024-02-13,129,0.039974696151930764,530,0.0,0.0011999999999999212,2024-02-14,531,True,2024-02-15,532,2024-02-13,3,3394326.0,2024-02-15,scheduled_exit,532,2024-06-21,"{""market_momentum"": 0.036502475455231886, ""market_volatility"": 0.007717209157749397, ""momentum"": 0.15561811733963804, ""volatility"": 0.01704629080072937, ""volume_state"": 15.05483388988355}",assumed_next_daily_close,75731.0,1,0000059478,0,0.036502475455231886,0.007717209157749397,0.15561811733963804,-43.90539999999999,-0.0005797546579340032,45.438599999999994,26.95,0.0,-0.0,9afe3a06aed4a8a54dba801f,True,0.00980392156862745,102,2.0491004633384985e-05,4880190.2,,,,,,,,,,,,,,,,,,,,,,,,,,,,,,,,,,,,,,,,,,,,bounded_preclose_bid_ask,,,,False,not_requested_for_horizon_or_variant,,,,event,protective_put,100,completed,757.31,757.78,True,47.0,H25,2,LLY,90.90539999999999,primary,0.01704629080072937,15.05483388988355,2024
0.044375950576739376,2024-02-16,533,20bb29ee8518a10448b35801,time_value,152.0736,O:LLY240621P00710000,1,1,2024-02-13,2024-02-13,129,0.039974696151930764,530,0.0,0.006225395148618172,2024-02-14,531,True,2024-02-16,533,2024-02-13,3,3394326.0,2024-02-16,scheduled_exit,533,2024-06-21,"{""market_momentum"": 0.036502475455231886, ""market_volatility"": 0.007717209157749397, ""momentum"": 0.15561811733963804, ""volatility"": 0.01704629080072937, ""volume_state"": 15.05483388988355}",assumed_next_daily_close,75731.0,2,0000059478,0,0.036502475455231886,0.007717209157749397,0.15561811733963804,1537.0878,0.02029667903500548,180.83859999999999,26.95,20.9,-605.0000000000001,9afe3a06aed4a8a54dba801f,True,0.00980392156862745,102,2.0491004633384985e-05,4880190.2,,,,,,,,,,,,,,,,,,,,,,,,,,,,,,,,,,,,,,,,,,,,bounded_preclose_bid_ask,,,,False,not_requested_for_horizon_or_variant,,,,event,protective_put,100,completed,757.31,782.06,False,2475.0,H25,2,LLY,332.9122,primary,0.01704629080072937,15.05483388988355,2024
0.044375950576739376,2024-02-16,533,20bb29ee8518a10448b35801,time_value,46.92359999999999,O:LLY240621P00710000,1,1,2024-02-13,2024-02-13,129,0.039974696151930764,530,0.0,0.0011999999999999212,2024-02-14,531,True,2024-02-16,533,2024-02-13,3,3394326.0,2024-02-16,scheduled_exit,533,2024-06-21,"{""market_momentum"": 0.036502475455231886, ""market_volatility"": 0.007717209157749397, ""momentum"": 0.15561811733963804, ""volatility"": 0.01704629080072937, ""volume_state"": 15.05483388988355}",assumed_next_daily_close,75731.0,2,0000059478,0,0.036502475455231886,0.007717209157749397,0.15561811733963804,2382.6378,0.03146185577900727,45.438599999999994,26.95,0.0,-0.0,9afe3a06aed4a8a54dba801f,True,0.00980392156862745,102,2.0491004633384985e-05,4880190.2,,,,,,,,,,,,,,,,,,,,,,,,,,,,,,,,,,,,,,,,,,,,bounded_preclose_bid_ask,,,,False,not_requested_for_horizon_or_variant,,,,event,protective_put,100,completed,757.31,782.06,True,2475.0,H25,2,LLY,92.36219999999999,primary,0.01704629080072937,15.05483388988355,2024
0.044375950576739376,2024-02-20,534,20bb29ee8518a10448b35801,time_value,143.4896,O:LLY240621P00710000,1,1,2024-02-13,2024-02-13,129,0.039974696151930764,530,0.0,0.016298849876536688,2024-02-14,531,True,2024-02-20,534,2024-02-13,3,3394326.0,2024-02-20,scheduled_exit,534,2024-06-21,"{""market_momentum"": 0.036502475455231886, ""market_volatility"": 0.007717209157749397, ""momentum"": 0.15561811733963804, ""volatility"": 0.01704629080072937, ""volume_state"": 15.05483388988355}",assumed_next_daily_close,75731.0,3,0000059478,0,0.036502475455231886,0.007717209157749397,0.15561811733963804,-1234.3282,-0.016298849876536688,180.83859999999999,26.95,19.5,-744.9999999999999,9afe3a06aed4a8a54dba801f,True,0.00980392156862745,102,2.0491004633384985e-05,4880190.2,,,,,,,,,,,,,,,,,,,,,,,,,,,,,,,,,,,,,,,,,,,,bounded_preclose_bid_ask,,,,False,not_requested_for_horizon_or_variant,,,,event,protective_put,100,completed,757.31,755.66,False,-165.0,H25,2,LLY,324.3282,primary,0.01704629080072937,15.05483388988355,2024
0.044375950576739376,2024-02-20,534,20bb29ee8518a10448b35801,time_value,45.3396,O:LLY240621P00710000,1,1,2024-02-13,2024-02-13,129,0.039974696151930764,530,0.0,0.0033774570519338183,2024-02-14,531,True,2024-02-20,534,2024-02-13,3,3394326.0,2024-02-20,scheduled_exit,534,2024-06-21,"{""market_momentum"": 0.036502475455231886, ""market_volatility"": 0.007717209157749397, ""momentum"": 0.15561811733963804, ""volatility"": 0.01704629080072937, ""volume_state"": 15.05483388988355}",assumed_next_daily_close,75731.0,3,0000059478,0,0.036502475455231886,0.007717209157749397,0.15561811733963804,-255.7782,-0.0033774570519338183,45.438599999999994,26.95,0.0,-0.0,9afe3a06aed4a8a54dba801f,True,0.00980392156862745,102,2.0491004633384985e-05,4880190.2,,,,,,,,,,,,,,,,,,,,,,,,,,,,,,,,,,,,,,,,,,,,bounded_preclose_bid_ask,,,,False,not_requested_for_horizon_or_variant,,,,event,protective_put,100,completed,757.31,755.66,True,-165.0,H25,2,LLY,90.7782,primary,0.01704629080072937,15.05483388988355,2024
0.044375950576739376,2024-02-22,536,20bb29ee8518a10448b35801,time_value,160.8284,O:LLY240621P00710000,1,1,2024-02-13,2024-02-13,129,0.039974696151930764,530,0.0,0.016298849876536726,2024-02-14,531,True,2024-02-22,536,2024-02-13,3,3394326.0,2024-02-22,scheduled_exit,536,2024-06-21,"{""market_momentum"": 0.036502475455231886, ""market_volatility"": 0.007717209157749397, ""momentum"": 0.15561811733963804, ""volatility"": 0.01704629080072937, ""volume_state"": 15.05483388988355}",assumed_next_daily_close,75731.0,5,0000059478,0,0.036502475455231886,0.007717209157749397,0.15561811733963804,476.3330000000002,0.0062898020625635495,180.83859999999999,26.95,22.8,-414.9999999999999,9afe3a06aed4a8a54dba801f,True,0.00980392156862745,102,2.0491004633384985e-05,4880190.2,,,,,,,,,,,,,,,,,,,,,,,,,,,,,,,,,,,,,,,,,,,,bounded_preclose_bid_ask,,,,False,not_requested_for_horizon_or_variant,,,,event,protective_put,100,completed,757.31,769.64,False,1233.0,H25,2,LLY,341.667,primary,0.01704629080072937,15.05483388988355,2024
0.044375950576739376,2024-02-22,536,20bb29ee8518a10448b35801,time_value,46.178399999999996,O:LLY240621P00710000,1,1,2024-02-13,2024-02-13,129,0.039974696151930764,530,0.0,0.016244248722451757,2024-02-14,531,True,2024-02-22,536,2024-02-13,3,3394326.0,2024-02-22,scheduled_exit,536,2024-06-21,"{""market_momentum"": 0.036502475455231886, ""market_volatility"": 0.007717209157749397, ""momentum"": 0.15561811733963804, ""volatility"": 0.01704629080072937, ""volume_state"": 15.05483388988355}",assumed_next_daily_close,75731.0,5,0000059478,0,0.036502475455231886,0.007717209157749397,0.15561811733963804,1141.383,0.015071542697178171,45.438599999999994,26.95,0.0,-0.0,9afe3a06aed4a8a54dba801f,True,0.00980392156862745,102,2.0491004633384985e-05,4880190.2,,,,,,,,,,,,,,,,,,,,,,,,,,,,,,,,,,,,,,,,,,,,bounded_preclose_bid_ask,,,,False,not_requested_for_horizon_or_variant,,,,event,protective_put,100,completed,757.31,769.64,True,1233.0,H25,2,LLY,91.61699999999999,primary,0.01704629080072937,15.05483388988355,2024
0.044375950576739376,2024-02-29,541,20bb29ee8518a10448b35801,time_value,177.7708,O:LLY240621P00710000,1,1,2024-02-13,2024-02-13,129,0.039974696151930764,530,0.0,,2024-02-14,531,True,2024-02-29,541,2024-02-13,3,3394326.0,2024-02-29,scheduled_exit,541,2024-06-21,"{""market_momentum"": 0.036502475455231886, ""market_volatility"": 0.007717209157749397, ""momentum"": 0.15561811733963804, ""volatility"": 0.01704629080072937, ""volume_state"": 15.05483388988355}",assumed_next_daily_close,75731.0,10,0000059478,1,0.036502475455231886,0.007717209157749397,0.15561811733963804,-778.6094,-0.010281250742760562,180.83859999999999,26.95,26.38,-57.00000000000003,9afe3a06aed4a8a54dba801f,False,0.00980392156862745,102,2.0491004633384985e-05,4880190.2,,0.263897344,30.2,5,29.9,1,0.009983361064891871,0.000291584,742.8,7200,742.79,300,1.3462664665204944e-05,,,,0.84809856,25.7,2,25.05,2,0.025615763546797975,,0.00028672,756.63,2400,756.51,600,0.00015861057139458947,,,,,,,,,,,,,,,bounded_preclose_bid_ask,,,,False,exit_asynchronous_quotes,,,,event,protective_put,100,completed,757.31,753.68,False,-363.0,H25,2,LLY,358.6094,primary,0.01704629080072937,15.05483388988355,2024
0.044375950576739376,2024-02-29,541,20bb29ee8518a10448b35801,time_value,45.2208,O:LLY240621P00710000,1,1,2024-02-13,2024-02-13,129,0.039974696151930764,530,0.0,0.016244248722451757,2024-02-14,531,True,2024-02-29,541,2024-02-13,3,3394326.0,2024-02-29,scheduled_exit,541,2024-06-21,"{""market_momentum"": 0.036502475455231886, ""market_volatility"": 0.007717209157749397, ""momentum"": 0.15561811733963804, ""volatility"": 0.01704629080072937, ""volume_state"": 15.05483388988355}",assumed_next_daily_close,75731.0,10,0000059478,0,0.036502475455231886,0.007717209157749397,0.15561811733963804,-453.6594,-0.0059904055142544,45.438599999999994,26.95,0.0,-0.0,9afe3a06aed4a8a54dba801f,True,0.00980392156862745,102,2.0491004633384985e-05,4880190.2,,0.263897344,30.2,5,29.9,1,0.009983361064891871,0.000291584,742.8,7200,742.79,300,1.3462664665204944e-05,,,,0.84809856,25.7,2,25.05,2,0.025615763546797975,,0.00028672,756.63,2400,756.51,600,0.00015861057139458947,,,,,,,,,,,,,,,bounded_preclose_bid_ask,,,,False,exit_asynchronous_quotes,,,,event,protective_put,100,completed,757.31,753.68,True,-363.0,H25,2,LLY,90.65939999999999,primary,0.01704629080072937,15.05483388988355,2024
0.044375950576739376,2024-03-15,552,20bb29ee8518a10448b35801,time_value,169.4002,O:LLY240621P00710000,1,1,2024-02-13,2024-02-13,129,0.039974696151930764,530,0.0,,2024-02-14,531,True,2024-03-15,552,2024-02-13,3,3394326.0,2024-03-15,scheduled_exit,552,2024-06-21,"{""market_momentum"": 0.036502475455231886, ""market_volatility"": 0.007717209157749397, ""momentum"": 0.15561811733963804, ""volatility"": 0.01704629080072937, ""volume_state"": 15.05483388988355}",assumed_next_daily_close,75731.0,21,0000059478,1,0.036502475455231886,0.007717209157749397,0.15561811733963804,-889.2388000000001,-0.011742071278604535,180.83859999999999,26.95,24.7,-225.0,9afe3a06aed4a8a54dba801f,False,0.00980392156862745,102,2.0491004633384985e-05,4880190.2,,,,,,,,,,,,,,,,,,,,,,,,,,,,,,,,,,,,,,,,,,,,bounded_preclose_bid_ask,,,,False,not_requested_for_horizon_or_variant,,,,event,protective_put,100,completed,757.31,754.17,False,-314.0,H25,2,LLY,350.23879999999997,primary,0.01704629080072937,15.05483388988355,2024
0.044375950576739376,2024-03-15,552,20bb29ee8518a10448b35801,time_value,45.2502,O:LLY240621P00710000,1,1,2024-02-13,2024-02-13,129,0.039974696151930764,530,0.0,0.03147325137658282,2024-02-14,531,True,2024-03-15,552,2024-02-13,3,3394326.0,2024-03-15,scheduled_exit,552,2024-06-21,"{""market_momentum"": 0.036502475455231886, ""market_volatility"": 0.007717209157749397, ""momentum"": 0.15561811733963804, ""volatility"": 0.01704629080072937, ""volume_state"": 15.05483388988355}",assumed_next_daily_close,75731.0,21,0000059478,0,0.036502475455231886,0.007717209157749397,0.15561811733963804,-404.6888,-0.0053437667533770845,45.438599999999994,26.95,0.0,-0.0,9afe3a06aed4a8a54dba801f,True,0.00980392156862745,102,2.0491004633384985e-05,4880190.2,,,,,,,,,,,,,,,,,,,,,,,,,,,,,,,,,,,,,,,,,,,,bounded_preclose_bid_ask,,,,False,not_requested_for_horizon_or_variant,,,,event,protective_put,100,completed,757.31,754.17,True,-314.0,H25,2,LLY,90.68879999999999,primary,0.01704629080072937,15.05483388988355,2024
0.044375950576739376,2024-04-16,573,20bb29ee8518a10448b35801,time_value,157.1044,O:LLY240621P00710000,1,1,2024-02-13,2024-02-13,129,0.039974696151930764,530,0.0,,2024-02-14,531,True,2024-04-16,573,2024-02-13,3,3394326.0,2024-04-16,scheduled_exit,573,2024-06-21,"{""market_momentum"": 0.036502475455231886, ""market_volatility"": 0.007717209157749397, ""momentum"": 0.15561811733963804, ""volatility"": 0.01704629080072937, ""volume_state"": 15.05483388988355}",assumed_next_daily_close,75731.0,42,0000059478,1,0.036502475455231886,0.007717209157749397,0.15561811733963804,-1856.943,-0.02452024930345565,180.83859999999999,26.95,22.33,-462.0000000000001,9afe3a06aed4a8a54dba801f,False,0.00980392156862745,102,2.0491004633384985e-05,4880190.2,,,,,,,,,,,,,,,,,,,,,,,,,,,,,,,,,,,,,,,,,,,,bounded_preclose_bid_ask,,,,False,not_requested_for_horizon_or_variant,,,,event,protective_put,100,completed,757.31,746.74,False,-1057.0,H25,2,LLY,337.943,primary,0.01704629080072937,15.05483388988355,2024
0.044375950576739376,2024-04-16,573,20bb29ee8518a10448b35801,time_value,44.804399999999994,O:LLY240621P00710000,1,1,2024-02-13,2024-02-13,129,0.039974696151930764,530,0.0,0.03147325137658282,2024-02-14,531,True,2024-04-16,573,2024-02-13,3,3394326.0,2024-04-16,scheduled_exit,573,2024-06-21,"{""market_momentum"": 0.036502475455231886, ""market_volatility"": 0.007717209157749397, ""momentum"": 0.15561811733963804, ""volatility"": 0.01704629080072937, ""volume_state"": 15.05483388988355}",assumed_next_daily_close,75731.0,42,0000059478,0,0.036502475455231886,0.007717209157749397,0.15561811733963804,-1147.243,-0.015148921841782096,45.438599999999994,26.95,0.0,-0.0,9afe3a06aed4a8a54dba801f,True,0.00980392156862745,102,2.0491004633384985e-05,4880190.2,,,,,,,,,,,,,,,,,,,,,,,,,,,,,,,,,,,,,,,,,,,,bounded_preclose_bid_ask,,,,False,not_requested_for_horizon_or_variant,,,,event,protective_put,100,completed,757.31,746.74,True,-1057.0,H25,2,LLY,90.243,primary,0.01704629080072937,15.05483388988355,2024
0.044375950576739376,2024-05-15,594,20bb29ee8518a10448b35801,time_value,62.371199999999995,O:LLY240621P00710000,1,1,2024-02-13,2024-02-13,129,0.039974696151930764,530,130.0,,2024-02-14,531,True,2024-05-15,594,2024-02-13,3,3394326.0,2024-05-15,scheduled_exit,594,2024-06-21,"{""market_momentum"": 0.036502475455231886, ""market_volatility"": 0.007717209157749397, ""momentum"": 0.15561811733963804, ""volatility"": 0.01704629080072937, ""volume_state"": 15.05483388988355}",assumed_next_daily_close,75731.0,63,0000059478,1,0.036502475455231886,0.007717209157749397,0.15561811733963804,452.79019999999997,0.005978928047959224,180.83859999999999,26.95,2.9,-2405.0,9afe3a06aed4a8a54dba801f,False,0.00980392156862745,102,2.0491004633384985e-05,4880190.2,,,,,,,,,,,,,,,,,,,,,,,,,,,,,,,,,,,,,,,,,,,,bounded_preclose_bid_ask,,,,False,not_requested_for_horizon_or_variant,,,,event,protective_put,100,completed,757.31,787.02,False,2971.0,H25,2,LLY,243.20979999999997,primary,0.01704629080072937,15.05483388988355,2024
0.044375950576739376,2024-05-15,594,20bb29ee8518a10448b35801,time_value,47.221199999999996,O:LLY240621P00710000,1,1,2024-02-13,2024-02-13,129,0.039974696151930764,530,130.0,0.04401012531195936,2024-02-14,531,True,2024-05-15,594,2024-02-13,3,3394326.0,2024-05-15,scheduled_exit,594,2024-06-21,"{""market_momentum"": 0.036502475455231886, ""market_volatility"": 0.007717209157749397, ""momentum"": 0.15561811733963804, ""volatility"": 0.01704629080072937, ""volume_state"": 15.05483388988355}",assumed_next_daily_close,75731.0,63,0000059478,0,0.036502475455231886,0.007717209157749397,0.15561811733963804,3008.3402,0.039724025828260554,45.438599999999994,26.95,0.0,-0.0,9afe3a06aed4a8a54dba801f,True,0.00980392156862745,102,2.0491004633384985e-05,4880190.2,,,,,,,,,,,,,,,,,,,,,,,,,,,,,,,,,,,,,,,,,,,,bounded_preclose_bid_ask,,,,False,not_requested_for_horizon_or_variant,,,,event,protective_put,100,completed,757.31,787.02,True,2971.0,H25,2,LLY,92.65979999999999,primary,0.01704629080072937,15.05483388988355,2024
0.044375950576739376,2024-06-21,619,20bb29ee8518a10448b35801,time_value,53.68279999999999,O:LLY240621P00710000,1,1,2024-02-13,2024-02-13,129,0.039974696151930764,530,130.0,,2024-02-14,531,True,2024-06-21,619,2024-02-13,3,3394326.0,2024-06-21,expiry_worthless,619,2024-06-21,"{""market_momentum"": 0.036502475455231886, ""market_volatility"": 0.007717209157749397, ""momentum"": 0.15561811733963804, ""volatility"": 0.01704629080072937, ""volume_state"": 15.05483388988355}",assumed_next_daily_close,75731.0,expiry,0000059478,1,0.036502475455231886,0.007717209157749397,0.15561811733963804,9857.4786,0.13016437918421783,180.83859999999999,26.95,0.0,-2695.0,9afe3a06aed4a8a54dba801f,False,0.00980392156862745,102,2.0491004633384985e-05,4880190.2,,,,,,,,,,,,,,,,,,,,,,,,,,,,,,,,,,,,,,,,,,,,bounded_preclose_bid_ask,,,,False,not_requested_for_horizon_or_variant,,,,event,protective_put,100,completed,757.31,883.88,False,12657.0,H25,2,LLY,234.52139999999997,primary,0.01704629080072937,15.05483388988355,2024
0.044375950576739376,2024-06-21,619,20bb29ee8518a10448b35801,time_value,53.032799999999995,O:LLY240621P00710000,1,1,2024-02-13,2024-02-13,129,0.039974696151930764,530,130.0,0.04401012531195936,2024-02-14,531,True,2024-06-21,619,2024-02-13,3,3394326.0,2024-06-21,scheduled_exit,619,2024-06-21,"{""market_momentum"": 0.036502475455231886, ""market_volatility"": 0.007717209157749397, ""momentum"": 0.15561811733963804, ""volatility"": 0.01704629080072937, ""volume_state"": 15.05483388988355}",assumed_next_daily_close,75731.0,expiry,0000059478,0,0.036502475455231886,0.007717209157749397,0.15561811733963804,12688.5286,0.1675473531314785,45.438599999999994,26.95,0.0,-0.0,9afe3a06aed4a8a54dba801f,True,0.00980392156862745,102,2.0491004633384985e-05,4880190.2,,,,,,,,,,,,,,,,,,,,,,,,,,,,,,,,,,,,,,,,,,,,bounded_preclose_bid_ask,,,,False,not_requested_for_horizon_or_variant,,,,event,protective_put,100,completed,757.31,883.88,True,12657.0,H25,2,LLY,98.47139999999999,primary,0.01704629080072937,15.05483388988355,2024
0.05153335441036988,2024-05-14,593,2db01ea622041670b685bfc2,time_value,8.586,O:KO240920P00060000,1,1,2024-05-10,2024-05-10,133,0.01138159974707556,591,0.0,0.006951997483485373,2024-05-13,592,True,2024-05-14,593,2024-05-10,23,10137619.0,2024-05-14,scheduled_exit,593,2024-09-20,"{""market_momentum"": 0.005482625482625458, ""market_volatility"": 0.008321452548652606, ""momentum"": 0.07129551227773079, ""volatility"": 0.007415573069186073, ""volume_state"": 16.40636544709527}",assumed_next_daily_close,6358.0,1,0000021344,0,0.005482625482625458,0.008321452548652606,0.07129551227773079,-44.2008,-0.006951997483485373,7.6148,0.63,0.83,19.999999999999996,5dfdcdd547be4111a7c60f62,True,0.0033003300330033004,303,9.931576798907003e-06,10068894.6,,,,,,,,,,,,,,,,,,,,,,,,,,,,,,,,,,,,,,,,,,,,bounded_preclose_bid_ask,,,,False,not_requested_for_horizon_or_variant,,,,event,protective_put,100,completed,63.58,63.1,False,-48.0,H25,2,KO,16.2008,primary,0.007415573069186073,16.40636544709527,2024
0.05153335441036988,2024-05-14,593,2db01ea622041670b685bfc2,time_value,3.7859999999999996,O:KO240920P00060000,1,1,2024-05-10,2024-05-10,133,0.01138159974707556,591,0.0,0.008745014155394778,2024-05-13,592,True,2024-05-14,593,2024-05-10,23,10137619.0,2024-05-14,scheduled_exit,593,2024-09-20,"{""market_momentum"": 0.005482625482625458, ""market_volatility"": 0.008321452548652606, ""momentum"": 0.07129551227773079, ""volatility"": 0.007415573069186073, ""volume_state"": 16.40636544709527}",assumed_next_daily_close,6358.0,1,0000021344,0,0.005482625482625458,0.008321452548652606,0.07129551227773079,-55.6008,-0.008745014155394778,3.8147999999999995,0.63,0.0,-0.0,5dfdcdd547be4111a7c60f62,True,0.0033003300330033004,303,9.931576798907003e-06,10068894.6,,,,,,,,,,,,,,,,,,,,,,,,,,,,,,,,,,,,,,,,,,,,bounded_preclose_bid_ask,,,,False,not_requested_for_horizon_or_variant,,,,event,protective_put,100,completed,63.58,63.1,True,-48.0,H25,2,KO,7.6008,primary,0.007415573069186073,16.40636544709527,2024
0.05153335441036988,2024-05-15,594,2db01ea622041670b685bfc2,time_value,8.087800000000001,O:KO240920P00060000,1,1,2024-05-10,2024-05-10,133,0.01138159974707556,591,0.0,0.007974614658697704,2024-05-13,592,True,2024-05-15,594,2024-05-10,23,10137619.0,2024-05-15,scheduled_exit,594,2024-09-20,"{""market_momentum"": 0.005482625482625458, ""market_volatility"": 0.008321452548652606, ""momentum"": 0.07129551227773079, ""volatility"": 0.007415573069186073, ""volume_state"": 16.40636544709527}",assumed_next_daily_close,6358.0,2,0000021344,0,0.005482625482625458,0.008321452548652606,0.07129551227773079,-50.702600000000004,-0.007974614658697704,7.6148,0.63,0.73,9.999999999999998,5dfdcdd547be4111a7c60f62,True,0.0033003300330033004,303,9.931576798907003e-06,10068894.6,,,,,,,,,,,,,,,,,,,,,,,,,,,,,,,,,,,,,,,,,,,,bounded_preclose_bid_ask,,,,False,not_requested_for_horizon_or_variant,,,,event,protective_put,100,completed,63.58,63.13,False,-45.0,H25,2,KO,15.7026,primary,0.007415573069186073,16.40636544709527,2024
0.05153335441036988,2024-05-15,594,2db01ea622041670b685bfc2,time_value,3.7878,O:KO240920P00060000,1,1,2024-05-10,2024-05-10,133,0.01138159974707556,591,0.0,0.008745014155394795,2024-05-13,592,True,2024-05-15,594,2024-05-10,23,10137619.0,2024-05-15,scheduled_exit,594,2024-09-20,"{""market_momentum"": 0.005482625482625458, ""market_volatility"": 0.008321452548652606, ""momentum"": 0.07129551227773079, ""volatility"": 0.007415573069186073, ""volume_state"": 16.40636544709527}",assumed_next_daily_close,6358.0,2,0000021344,0,0.005482625482625458,0.008321452548652606,0.07129551227773079,-52.602599999999995,-0.008273450770682604,3.8147999999999995,0.63,0.0,-0.0,5dfdcdd547be4111a7c60f62,True,0.0033003300330033004,303,9.931576798907003e-06,10068894.6,,,,,,,,,,,,,,,,,,,,,,,,,,,,,,,,,,,,,,,,,,,,bounded_preclose_bid_ask,,,,False,not_requested_for_horizon_or_variant,,,,event,protective_put,100,completed,63.58,63.13,True,-45.0,H25,2,KO,7.602599999999999,primary,0.007415573069186073,16.40636544709527,2024
0.05153335441036988,2024-05-16,595,2db01ea622041670b685bfc2,time_value,7.799199999999999,O:KO240920P00060000,1,1,2024-05-10,2024-05-10,133,0.01138159974707556,591,0.0,0.007974614658697749,2024-05-13,592,True,2024-05-16,595,2024-05-10,23,10137619.0,2024-05-16,scheduled_exit,595,2024-09-20,"{""market_momentum"": 0.005482625482625458, ""market_volatility"": 0.008321452548652606, ""momentum"": 0.07129551227773079, ""volatility"": 0.007415573069186073, ""volume_state"": 16.40636544709527}",assumed_next_daily_close,6358.0,3,0000021344,0,0.005482625482625458,0.008321452548652606,0.07129551227773079,-37.413999999999994,-0.005884554891475306,7.6148,0.63,0.67,4.0000000000000036,5dfdcdd547be4111a7c60f62,True,0.0033003300330033004,303,9.931576798907003e-06,10068894.6,,,,,,,,,,,,,,,,,,,,,,,,,,,,,,,,,,,,,,,,,,,,bounded_preclose_bid_ask,,,,False,not_requested_for_horizon_or_variant,,,,event,protective_put,100,completed,63.58,63.32,False,-26.0,H25,2,KO,15.413999999999998,primary,0.007415573069186073,16.40636544709527,2024
0.05153335441036988,2024-05-16,595,2db01ea622041670b685bfc2,time_value,3.7991999999999995,O:KO240920P00060000,1,1,2024-05-10,2024-05-10,133,0.01138159974707556,591,0.0,0.008745014155394795,2024-05-13,592,True,2024-05-16,595,2024-05-10,23,10137619.0,2024-05-16,scheduled_exit,595,2024-09-20,"{""market_momentum"": 0.005482625482625458, ""market_volatility"": 0.008321452548652606, ""momentum"": 0.07129551227773079, ""volatility"": 0.007415573069186073, ""volume_state"": 16.40636544709527}",assumed_next_daily_close,6358.0,3,0000021344,0,0.005482625482625458,0.008321452548652606,0.07129551227773079,-33.614,-0.0052868826675055046,3.8147999999999995,0.63,0.0,-0.0,5dfdcdd547be4111a7c60f62,True,0.0033003300330033004,303,9.931576798907003e-06,10068894.6,,,,,,,,,,,,,,,,,,,,,,,,,,,,,,,,,,,,,,,,,,,,bounded_preclose_bid_ask,,,,False,not_requested_for_horizon_or_variant,,,,event,protective_put,100,completed,63.58,63.32,True,-26.0,H25,2,KO,7.613999999999999,primary,0.007415573069186073,16.40636544709527,2024
0.05153335441036988,2024-05-20,597,2db01ea622041670b685bfc2,time_value,8.5542,O:KO240920P00060000,1,1,2024-05-10,2024-05-10,133,0.01138159974707556,591,0.0,0.01528295061340044,2024-05-13,592,True,2024-05-20,597,2024-05-10,23,10137619.0,2024-05-20,scheduled_exit,597,2024-09-20,"{""market_momentum"": 0.005482625482625458, ""market_volatility"": 0.008321452548652606, ""momentum"": 0.07129551227773079, ""volatility"": 0.007415573069186073, ""volume_state"": 16.40636544709527}",assumed_next_daily_close,6358.0,5,0000021344,0,0.005482625482625458,0.008321452548652606,0.07129551227773079,-97.169,-0.01528295061340044,7.6148,0.63,0.83,19.999999999999996,5dfdcdd547be4111a7c60f62,True,0.0033003300330033004,303,9.931576798907003e-06,10068894.6,,,,,,,,,,,,,,,,,,,,,,,,,,,,,,,,,,,,,,,,,,,,bounded_preclose_bid_ask,,,,False,not_requested_for_horizon_or_variant,,,,event,protective_put,100,completed,63.58,62.57,False,-101.0,H25,2,KO,16.169,primary,0.007415573069186073,16.40636544709527,2024
0.05153335441036988,2024-05-20,597,2db01ea622041670b685bfc2,time_value,3.7541999999999995,O:KO240920P00060000,1,1,2024-05-10,2024-05-10,133,0.01138159974707556,591,0.0,0.017075967285309846,2024-05-13,592,True,2024-05-20,597,2024-05-10,23,10137619.0,2024-05-20,scheduled_exit,597,2024-09-20,"{""market_momentum"": 0.005482625482625458, ""market_volatility"": 0.008321452548652606, ""momentum"": 0.07129551227773079, ""volatility"": 0.007415573069186073, ""volume_state"": 16.40636544709527}",assumed_next_daily_close,6358.0,5,0000021344,0,0.005482625482625458,0.008321452548652606,0.07129551227773079,-108.569,-0.017075967285309846,3.8147999999999995,0.63,0.0,-0.0,5dfdcdd547be4111a7c60f62,True,0.0033003300330033004,303,9.931576798907003e-06,10068894.6,,,,,,,,,,,,,,,,,,,,,,,,,,,,,,,,,,,,,,,,,,,,bounded_preclose_bid_ask,,,,False,not_requested_for_horizon_or_variant,,,,event,protective_put,100,completed,63.58,62.57,True,-101.0,H25,2,KO,7.568999999999999,primary,0.007415573069186073,16.40636544709527,2024
0.05153335441036988,2024-05-28,602,2db01ea622041670b685bfc2,time_value,9.709200000000001,O:KO240920P00060000,1,1,2024-05-10,2024-05-10,133,0.01138159974707556,591,0.0,0.023486001887385973,2024-05-13,592,True,2024-05-28,602,2024-05-10,23,10137619.0,2024-05-28,scheduled_exit,602,2024-09-20,"{""market_momentum"": 0.005482625482625458, ""market_volatility"": 0.008321452548652606, ""momentum"": 0.07129551227773079, ""volatility"": 0.007415573069186073, ""volume_state"": 16.40636544709527}",assumed_next_daily_close,6358.0,10,0000021344,0,0.005482625482625458,0.008321452548652606,0.07129551227773079,-149.324,-0.023486001887385973,7.6148,0.63,1.07,44.00000000000001,5dfdcdd547be4111a7c60f62,True,0.0033003300330033004,303,9.931576798907003e-06,10068894.6,,0.859189248,0.72,129,0.68,12,0.05714285714285704,0.001620224,63.26,66100,63.25,12900,0.00015809026954387813,,,,,,,,,,,,,,,,,,,,,,,,,,,,,,,bounded_preclose_bid_ask,,,,False,entry_asynchronous_quotes,,,,event,protective_put,100,completed,63.58,61.82,False,-176.0,H25,2,KO,17.324,primary,0.007415573069186073,16.40636544709527,2024
0.05153335441036988,2024-05-28,602,2db01ea622041670b685bfc2,time_value,3.7091999999999996,O:KO240920P00060000,1,1,2024-05-10,2024-05-10,133,0.01138159974707556,591,0.0,0.028865051903114187,2024-05-13,592,True,2024-05-28,602,2024-05-10,23,10137619.0,2024-05-28,scheduled_exit,602,2024-09-20,"{""market_momentum"": 0.005482625482625458, ""market_volatility"": 0.008321452548652606, ""momentum"": 0.07129551227773079, ""volatility"": 0.007415573069186073, ""volume_state"": 16.40636544709527}",assumed_next_daily_close,6358.0,10,0000021344,0,0.005482625482625458,0.008321452548652606,0.07129551227773079,-183.524,-0.028865051903114187,3.8147999999999995,0.63,0.0,-0.0,5dfdcdd547be4111a7c60f62,True,0.0033003300330033004,303,9.931576798907003e-06,10068894.6,,0.859189248,0.72,129,0.68,12,0.05714285714285704,0.001620224,63.26,66100,63.25,12900,0.00015809026954387813,,,,,,,,,,,,,,,,,,,,,,,,,,,,,,,bounded_preclose_bid_ask,,,,False,entry_asynchronous_quotes,,,,event,protective_put,100,completed,63.58,61.82,True,-176.0,H25,2,KO,7.523999999999999,primary,0.007415573069186073,16.40636544709527,2024
0.05153335441036988,2024-06-12,613,2db01ea622041670b685bfc2,time_value,8.0728,O:KO240920P00060000,1,1,2024-05-10,2024-05-10,133,0.01138159974707556,591,0.0,0.02611934570619696,2024-05-13,592,True,2024-06-12,613,2024-05-10,23,10137619.0,2024-06-12,scheduled_exit,613,2024-09-20,"{""market_momentum"": 0.005482625482625458, ""market_volatility"": 0.008321452548652606, ""momentum"": 0.07129551227773079, ""volatility"": 0.007415573069186073, ""volume_state"": 16.40636544709527}",assumed_next_daily_close,6358.0,21,0000021344,0,0.005482625482625458,0.008321452548652606,0.07129551227773079,-75.6876,-0.01190430953129915,7.6148,0.63,0.73,9.999999999999998,5dfdcdd547be4111a7c60f62,True,0.0033003300330033004,303,9.931576798907003e-06,10068894.6,,,,,,,,,,,,,,,,,,,,,,,,,,,,,,,,,,,,,,,,,,,,bounded_preclose_bid_ask,,,,False,not_requested_for_horizon_or_variant,,,,event,protective_put,100,completed,63.58,62.88,False,-70.0,H25,2,KO,15.6876,primary,0.007415573069186073,16.40636544709527,2024
0.05153335441036988,2024-06-12,613,2db01ea622041670b685bfc2,time_value,3.7727999999999997,O:KO240920P00060000,1,1,2024-05-10,2024-05-10,133,0.01138159974707556,591,0.0,0.030751305441962896,2024-05-13,592,True,2024-06-12,613,2024-05-10,23,10137619.0,2024-06-12,scheduled_exit,613,2024-09-20,"{""market_momentum"": 0.005482625482625458, ""market_volatility"": 0.008321452548652606, ""momentum"": 0.07129551227773079, ""volatility"": 0.007415573069186073, ""volume_state"": 16.40636544709527}",assumed_next_daily_close,6358.0,21,0000021344,0,0.005482625482625458,0.008321452548652606,0.07129551227773079,-77.58760000000001,-0.012203145643284053,3.8147999999999995,0.63,0.0,-0.0,5dfdcdd547be4111a7c60f62,True,0.0033003300330033004,303,9.931576798907003e-06,10068894.6,,,,,,,,,,,,,,,,,,,,,,,,,,,,,,,,,,,,,,,,,,,,bounded_preclose_bid_ask,,,,False,not_requested_for_horizon_or_variant,,,,event,protective_put,100,completed,63.58,62.88,True,-70.0,H25,2,KO,7.587599999999999,primary,0.007415573069186073,16.40636544709527,2024
0.05153335441036988,2024-07-15,634,2db01ea622041670b685bfc2,time_value,6.5546,O:KO240920P00060000,1,1,2024-05-10,2024-05-10,133,0.01138159974707556,591,48.5,0.02611934570619696,2024-05-13,592,True,2024-07-15,634,2024-05-10,23,10137619.0,2024-07-15,scheduled_exit,634,2024-09-20,"{""market_momentum"": 0.005482625482625458, ""market_volatility"": 0.008321452548652606, ""momentum"": 0.07129551227773079, ""volatility"": 0.007415573069186073, ""volume_state"": 16.40636544709527}",assumed_next_daily_close,6358.0,42,0000021344,0,0.005482625482625458,0.008321452548652606,0.07129551227773079,-3.6693999999999996,-0.0005771311733249449,7.6148,0.63,0.42,-21.000000000000004,5dfdcdd547be4111a7c60f62,True,0.0033003300330033004,303,9.931576798907003e-06,10068894.6,,,,,,,,,,,,,,,,,,,,,,,,,,,,,,,,,,,,,,,,,,,,bounded_preclose_bid_ask,,,,False,not_requested_for_horizon_or_variant,,,,event,protective_put,100,completed,63.58,63.41,False,-17.0,H25,2,KO,14.1694,primary,0.007415573069186073,16.40636544709527,2024
0.05153335441036988,2024-07-15,634,2db01ea622041670b685bfc2,time_value,3.8045999999999998,O:KO240920P00060000,1,1,2024-05-10,2024-05-10,133,0.01138159974707556,591,48.5,0.030751305441962896,2024-05-13,592,True,2024-07-15,634,2024-05-10,23,10137619.0,2024-07-15,scheduled_exit,634,2024-09-20,"{""market_momentum"": 0.005482625482625458, ""market_volatility"": 0.008321452548652606, ""momentum"": 0.07129551227773079, ""volatility"": 0.007415573069186073, ""volume_state"": 16.40636544709527}",assumed_next_daily_close,6358.0,42,0000021344,0,0.005482625482625458,0.008321452548652606,0.07129551227773079,23.8806,0.0037559924504561183,3.8147999999999995,0.63,0.0,-0.0,5dfdcdd547be4111a7c60f62,True,0.0033003300330033004,303,9.931576798907003e-06,10068894.6,,,,,,,,,,,,,,,,,,,,,,,,,,,,,,,,,,,,,,,,,,,,bounded_preclose_bid_ask,,,,False,not_requested_for_horizon_or_variant,,,,event,protective_put,100,completed,63.58,63.41,True,-17.0,H25,2,KO,7.619399999999999,primary,0.007415573069186073,16.40636544709527,2024
0.05153335441036988,2024-08-13,655,2db01ea622041670b685bfc2,time_value,5.107599999999999,O:KO240920P00060000,1,1,2024-05-10,2024-05-10,133,0.01138159974707556,591,48.5,0.02611934570619696,2024-05-13,592,True,2024-08-13,655,2024-05-10,23,10137619.0,2024-08-13,scheduled_exit,655,2024-09-20,"{""market_momentum"": 0.005482625482625458, ""market_volatility"": 0.008321452548652606, ""momentum"": 0.07129551227773079, ""volatility"": 0.007415573069186073, ""volume_state"": 16.40636544709527}",assumed_next_daily_close,6358.0,63,0000021344,0,0.005482625482625458,0.008321452548652606,0.07129551227773079,467.7775999999991,0.07357307329348838,7.6148,0.63,0.07,-56.00000000000001,5dfdcdd547be4111a7c60f62,True,0.0033003300330033004,303,9.931576798907003e-06,10068894.6,,,,,,,,,,,,,,,,,,,,,,,,,,,,,,,,,,,,,,,,,,,,bounded_preclose_bid_ask,,,,False,not_requested_for_horizon_or_variant,,,,event,protective_put,100,completed,63.58,68.46,False,487.9999999999991,H25,2,KO,12.722399999999999,primary,0.007415573069186073,16.40636544709527,2024
0.05153335441036988,2024-08-13,655,2db01ea622041670b685bfc2,time_value,4.107599999999999,O:KO240920P00060000,1,1,2024-05-10,2024-05-10,133,0.01138159974707556,591,48.5,0.030751305441962896,2024-05-13,592,True,2024-08-13,655,2024-05-10,23,10137619.0,2024-08-13,scheduled_exit,655,2024-09-20,"{""market_momentum"": 0.005482625482625458, ""market_volatility"": 0.008321452548652606, ""momentum"": 0.07129551227773079, ""volatility"": 0.007415573069186073, ""volume_state"": 16.40636544709527}",assumed_next_daily_close,6358.0,63,0000021344,0,0.005482625482625458,0.008321452548652606,0.07129551227773079,528.577599999999,0.0831358288770052,3.8147999999999995,0.63,0.0,-0.0,5dfdcdd547be4111a7c60f62,True,0.0033003300330033004,303,9.931576798907003e-06,10068894.6,,,,,,,,,,,,,,,,,,,,,,,,,,,,,,,,,,,,,,,,,,,,bounded_preclose_bid_ask,,,,False,not_requested_for_horizon_or_variant,,,,event,protective_put,100,completed,63.58,68.46,True,487.9999999999991,H25,2,KO,7.922399999999998,primary,0.007415573069186073,16.40636544709527,2024
0.05153335441036988,2024-09-20,682,2db01ea622041670b685bfc2,time_value,4.9484,O:KO240920P00060000,1,1,2024-05-10,2024-05-10,133,0.01138159974707556,591,97.0,,2024-05-13,592,True,2024-09-20,682,2024-05-10,23,10137619.0,2024-09-20,expiry_worthless,682,2024-09-20,"{""market_momentum"": 0.005482625482625458, ""market_volatility"": 0.008321452548652606, ""momentum"": 0.07129551227773079, ""volatility"": 0.007415573069186073, ""volume_state"": 16.40636544709527}",assumed_next_daily_close,6358.0,expiry,0000021344,3,0.005482625482625458,0.008321452548652606,0.07129551227773079,827.4368000000001,0.13014105064485687,7.6148,0.63,0.0,-63.0,5dfdcdd547be4111a7c60f62,False,0.0033003300330033004,303,9.931576798907003e-06,10068894.6,,,,,,,,,,,,,,,,,,,,,,,,,,,,,,,,,,,,,,,,,,,,bounded_preclose_bid_ask,,,,False,not_requested_for_horizon_or_variant,,,,event,protective_put,100,completed,63.58,71.64,False,806.0,H25,2,KO,12.5632,primary,0.007415573069186073,16.40636544709527,2024
0.05153335441036988,2024-09-20,682,2db01ea622041670b685bfc2,time_value,4.2984,O:KO240920P00060000,1,1,2024-05-10,2024-05-10,133,0.01138159974707556,591,97.0,0.030751305441962896,2024-05-13,592,True,2024-09-20,682,2024-05-10,23,10137619.0,2024-09-20,scheduled_exit,682,2024-09-20,"{""market_momentum"": 0.005482625482625458, ""market_volatility"": 0.008321452548652606, ""momentum"": 0.07129551227773079, ""volatility"": 0.007415573069186073, ""volume_state"": 16.40636544709527}",assumed_next_daily_close,6358.0,expiry,0000021344,0,0.005482625482625458,0.008321452548652606,0.07129551227773079,894.8868,0.14074973262032087,3.8147999999999995,0.63,0.0,-0.0,5dfdcdd547be4111a7c60f62,True,0.0033003300330033004,303,9.931576798907003e-06,10068894.6,,,,,,,,,,,,,,,,,,,,,,,,,,,,,,,,,,,,,,,,,,,,bounded_preclose_bid_ask,,,,False,not_requested_for_horizon_or_variant,,,,event,protective_put,100,completed,63.58,71.64,True,806.0,H25,2,KO,8.113199999999999,primary,0.007415573069186073,16.40636544709527,2024
,,,32b3c0890db0faa4d7d57cff,time_value,,,1,1,2023-11-15,2023-11-15,,,470,,,2023-11-16,471,False,,,2023-11-15,,,,,,,"{""market_momentum"": 0.031328838126691405, ""market_volatility"": 0.01042476077228603, ""momentum"": -0.10109813491371789, ""volatility"": 0.020802367622041167, ""volume_state"": 16.495977454751287}",assumed_next_daily_close,,1,0000014272,,0.031328838126691405,0.01042476077228603,-0.10109813491371789,,,,,,,b85d9858604b909390a9b494,False,,,,,,,,,,,,,,,,,,,,,,,,,,,,,,,,,,,,,,,,,,,,,,,,bounded_preclose_bid_ask,,,,False,not_requested_for_horizon_or_variant,,,no_standard_contract_within_rules,event,protective_put,,no_standard_contract_within_rules,,,False,,H25,2,BMY,,primary,0.020802367622041167,16.495977454751287,2023
,,,32b3c0890db0faa4d7d57cff,time_value,,,1,1,2023-11-15,2023-11-15,,,470,,,2023-11-16,471,False,,,2023-11-15,,,,,,,"{""market_momentum"": 0.031328838126691405, ""market_volatility"": 0.01042476077228603, ""momentum"": -0.10109813491371789, ""volatility"": 0.020802367622041167, ""volume_state"": 16.495977454751287}",assumed_next_daily_close,,1,0000014272,,0.031328838126691405,0.01042476077228603,-0.10109813491371789,,,,,,,b85d9858604b909390a9b494,False,,,,,,,,,,,,,,,,,,,,,,,,,,,,,,,,,,,,,,,,,,,,,,,,bounded_preclose_bid_ask,,,,False,not_requested_for_horizon_or_variant,,,no_standard_contract_within_rules,event,protective_put,,no_standard_contract_within_rules,,,True,,H25,2,BMY,,primary,0.020802367622041167,16.495977454751287,2023
,,,32b3c0890db0faa4d7d57cff,time_value,,,1,1,2023-11-15,2023-11-15,,,470,,,2023-11-16,471,False,,,2023-11-15,,,,,,,"{""market_momentum"": 0.031328838126691405, ""market_volatility"": 0.01042476077228603, ""momentum"": -0.10109813491371789, ""volatility"": 0.020802367622041167, ""volume_state"": 16.495977454751287}",assumed_next_daily_close,,2,0000014272,,0.031328838126691405,0.01042476077228603,-0.10109813491371789,,,,,,,b85d9858604b909390a9b494,False,,,,,,,,,,,,,,,,,,,,,,,,,,,,,,,,,,,,,,,,,,,,,,,,bounded_preclose_bid_ask,,,,False,not_requested_for_horizon_or_variant,,,no_standard_contract_within_rules,event,protective_put,,no_standard_contract_within_rules,,,False,,H25,2,BMY,,primary,0.020802367622041167,16.495977454751287,2023
,,,32b3c0890db0faa4d7d57cff,time_value,,,1,1,2023-11-15,2023-11-15,,,470,,,2023-11-16,471,False,,,2023-11-15,,,,,,,"{""market_momentum"": 0.031328838126691405, ""market_volatility"": 0.01042476077228603, ""momentum"": -0.10109813491371789, ""volatility"": 0.020802367622041167, ""volume_state"": 16.495977454751287}",assumed_next_daily_close,,2,0000014272,,0.031328838126691405,0.01042476077228603,-0.10109813491371789,,,,,,,b85d9858604b909390a9b494,False,,,,,,,,,,,,,,,,,,,,,,,,,,,,,,,,,,,,,,,,,,,,,,,,bounded_preclose_bid_ask,,,,False,not_requested_for_horizon_or_variant,,,no_standard_contract_within_rules,event,protective_put,,no_standard_contract_within_rules,,,True,,H25,2,BMY,,primary,0.020802367622041167,16.495977454751287,2023
,,,32b3c0890db0faa4d7d57cff,time_value,,,1,1,2023-11-15,2023-11-15,,,470,,,2023-11-16,471,False,,,2023-11-15,,,,,,,"{""market_momentum"": 0.031328838126691405, ""market_volatility"": 0.01042476077228603, ""momentum"": -0.10109813491371789, ""volatility"": 0.020802367622041167, ""volume_state"": 16.495977454751287}",assumed_next_daily_close,,3,0000014272,,0.031328838126691405,0.01042476077228603,-0.10109813491371789,,,,,,,b85d9858604b909390a9b494,False,,,,,,,,,,,,,,,,,,,,,,,,,,,,,,,,,,,,,,,,,,,,,,,,bounded_preclose_bid_ask,,,,False,not_requested_for_horizon_or_variant,,,no_standard_contract_within_rules,event,protective_put,,no_standard_contract_within_rules,,,False,,H25,2,BMY,,primary,0.020802367622041167,16.495977454751287,2023
,,,32b3c0890db0faa4d7d57cff,time_value,,,1,1,2023-11-15,2023-11-15,,,470,,,2023-11-16,471,False,,,2023-11-15,,,,,,,"{""market_momentum"": 0.031328838126691405, ""market_volatility"": 0.01042476077228603, ""momentum"": -0.10109813491371789, ""volatility"": 0.020802367622041167, ""volume_state"": 16.495977454751287}",assumed_next_daily_close,,3,0000014272,,0.031328838126691405,0.01042476077228603,-0.10109813491371789,,,,,,,b85d9858604b909390a9b494,False,,,,,,,,,,,,,,,,,,,,,,,,,,,,,,,,,,,,,,,,,,,,,,,,bounded_preclose_bid_ask,,,,False,not_requested_for_horizon_or_variant,,,no_standard_contract_within_rules,event,protective_put,,no_standard_contract_within_rules,,,True,,H25,2,BMY,,primary,0.020802367622041167,16.495977454751287,2023
,,,32b3c0890db0faa4d7d57cff,time_value,,,1,1,2023-11-15,2023-11-15,,,470,,,2023-11-16,471,False,,,2023-11-15,,,,,,,"{""market_momentum"": 0.031328838126691405, ""market_volatility"": 0.01042476077228603, ""momentum"": -0.10109813491371789, ""volatility"": 0.020802367622041167, ""volume_state"": 16.495977454751287}",assumed_next_daily_close,,5,0000014272,,0.031328838126691405,0.01042476077228603,-0.10109813491371789,,,,,,,b85d9858604b909390a9b494,False,,,,,,,,,,,,,,,,,,,,,,,,,,,,,,,,,,,,,,,,,,,,,,,,bounded_preclose_bid_ask,,,,False,not_requested_for_horizon_or_variant,,,no_standard_contract_within_rules,event,protective_put,,no_standard_contract_within_rules,,,False,,H25,2,BMY,,primary,0.020802367622041167,16.495977454751287,2023
,,,32b3c0890db0faa4d7d57cff,time_value,,,1,1,2023-11-15,2023-11-15,,,470,,,2023-11-16,471,False,,,2023-11-15,,,,,,,"{""market_momentum"": 0.031328838126691405, ""market_volatility"": 0.01042476077228603, ""momentum"": -0.10109813491371789, ""volatility"": 0.020802367622041167, ""volume_state"": 16.495977454751287}",assumed_next_daily_close,,5,0000014272,,0.031328838126691405,0.01042476077228603,-0.10109813491371789,,,,,,,b85d9858604b909390a9b494,False,,,,,,,,,,,,,,,,,,,,,,,,,,,,,,,,,,,,,,,,,,,,,,,,bounded_preclose_bid_ask,,,,False,not_requested_for_horizon_or_variant,,,no_standard_contract_within_rules,event,protective_put,,no_standard_contract_within_rules,,,True,,H25,2,BMY,,primary,0.020802367622041167,16.495977454751287,2023
,,,32b3c0890db0faa4d7d57cff,time_value,,,1,1,2023-11-15,2023-11-15,,,470,,,2023-11-16,471,False,,,2023-11-15,,,,,,,"{""market_momentum"": 0.031328838126691405, ""market_volatility"": 0.01042476077228603, ""momentum"": -0.10109813491371789, ""volatility"": 0.020802367622041167, ""volume_state"": 16.495977454751287}",assumed_next_daily_close,,10,0000014272,,0.031328838126691405,0.01042476077228603,-0.10109813491371789,,,,,,,b85d9858604b909390a9b494,False,,,,,,,,,,,,,,,,,,,,,,,,,,,,,,,,,,,,,,,,,,,,,,,,bounded_preclose_bid_ask,,,,False,not_sampled_or_missing_quotes,,,no_standard_contract_within_rules,event,protective_put,,no_standard_contract_within_rules,,,False,,H25,2,BMY,,primary,0.020802367622041167,16.495977454751287,2023
,,,32b3c0890db0faa4d7d57cff,time_value,,,1,1,2023-11-15,2023-11-15,,,470,,,2023-11-16,471,False,,,2023-11-15,,,,,,,"{""market_momentum"": 0.031328838126691405, ""market_volatility"": 0.01042476077228603, ""momentum"": -0.10109813491371789, ""volatility"": 0.020802367622041167, ""volume_state"": 16.495977454751287}",assumed_next_daily_close,,10,0000014272,,0.031328838126691405,0.01042476077228603,-0.10109813491371789,,,,,,,b85d9858604b909390a9b494,False,,,,,,,,,,,,,,,,,,,,,,,,,,,,,,,,,,,,,,,,,,,,,,,,bounded_preclose_bid_ask,,,,False,not_sampled_or_missing_quotes,,,no_standard_contract_within_rules,event,protective_put,,no_standard_contract_within_rules,,,True,,H25,2,BMY,,primary,0.020802367622041167,16.495977454751287,2023
,,,32b3c0890db0faa4d7d57cff,time_value,,,1,1,2023-11-15,2023-11-15,,,470,,,2023-11-16,471,False,,,2023-11-15,,,,,,,"{""market_momentum"": 0.031328838126691405, ""market_volatility"": 0.01042476077228603, ""momentum"": -0.10109813491371789, ""volatility"": 0.020802367622041167, ""volume_state"": 16.495977454751287}",assumed_next_daily_close,,21,0000014272,,0.031328838126691405,0.01042476077228603,-0.10109813491371789,,,,,,,b85d9858604b909390a9b494,False,,,,,,,,,,,,,,,,,,,,,,,,,,,,,,,,,,,,,,,,,,,,,,,,bounded_preclose_bid_ask,,,,False,not_requested_for_horizon_or_variant,,,no_standard_contract_within_rules,event,protective_put,,no_standard_contract_within_rules,,,False,,H25,2,BMY,,primary,0.020802367622041167,16.495977454751287,2023
,,,32b3c0890db0faa4d7d57cff,time_value,,,1,1,2023-11-15,2023-11-15,,,470,,,2023-11-16,471,False,,,2023-11-15,,,,,,,"{""market_momentum"": 0.031328838126691405, ""market_volatility"": 0.01042476077228603, ""momentum"": -0.10109813491371789, ""volatility"": 0.020802367622041167, ""volume_state"": 16.495977454751287}",assumed_next_daily_close,,21,0000014272,,0.031328838126691405,0.01042476077228603,-0.10109813491371789,,,,,,,b85d9858604b909390a9b494,False,,,,,,,,,,,,,,,,,,,,,,,,,,,,,,,,,,,,,,,,,,,,,,,,bounded_preclose_bid_ask,,,,False,not_requested_for_horizon_or_variant,,,no_standard_contract_within_rules,event,protective_put,,no_standard_contract_within_rules,,,True,,H25,2,BMY,,primary,0.020802367622041167,16.495977454751287,2023
,,,32b3c0890db0faa4d7d57cff,time_value,,,1,1,2023-11-15,2023-11-15,,,470,,,2023-11-16,471,False,,,2023-11-15,,,,,,,"{""market_momentum"": 0.031328838126691405, ""market_volatility"": 0.01042476077228603, ""momentum"": -0.10109813491371789, ""volatility"": 0.020802367622041167, ""volume_state"": 16.495977454751287}",assumed_next_daily_close,,42,0000014272,,0.031328838126691405,0.01042476077228603,-0.10109813491371789,,,,,,,b85d9858604b909390a9b494,False,,,,,,,,,,,,,,,,,,,,,,,,,,,,,,,,,,,,,,,,,,,,,,,,bounded_preclose_bid_ask,,,,False,not_requested_for_horizon_or_variant,,,no_standard_contract_within_rules,event,protective_put,,no_standard_contract_within_rules,,,False,,H25,2,BMY,,primary,0.020802367622041167,16.495977454751287,2023
,,,32b3c0890db0faa4d7d57cff,time_value,,,1,1,2023-11-15,2023-11-15,,,470,,,2023-11-16,471,False,,,2023-11-15,,,,,,,"{""market_momentum"": 0.031328838126691405, ""market_volatility"": 0.01042476077228603, ""momentum"": -0.10109813491371789, ""volatility"": 0.020802367622041167, ""volume_state"": 16.495977454751287}",assumed_next_daily_close,,42,0000014272,,0.031328838126691405,0.01042476077228603,-0.10109813491371789,,,,,,,b85d9858604b909390a9b494,False,,,,,,,,,,,,,,,,,,,,,,,,,,,,,,,,,,,,,,,,,,,,,,,,bounded_preclose_bid_ask,,,,False,not_requested_for_horizon_or_variant,,,no_standard_contract_within_rules,event,protective_put,,no_standard_contract_within_rules,,,True,,H25,2,BMY,,primary,0.020802367622041167,16.495977454751287,2023
,,,32b3c0890db0faa4d7d57cff,time_value,,,1,1,2023-11-15,2023-11-15,,,470,,,2023-11-16,471,False,,,2023-11-15,,,,,,,"{""market_momentum"": 0.031328838126691405, ""market_volatility"": 0.01042476077228603, ""momentum"": -0.10109813491371789, ""volatility"": 0.020802367622041167, ""volume_state"": 16.495977454751287}",assumed_next_daily_close,,63,0000014272,,0.031328838126691405,0.01042476077228603,-0.10109813491371789,,,,,,,b85d9858604b909390a9b494,False,,,,,,,,,,,,,,,,,,,,,,,,,,,,,,,,,,,,,,,,,,,,,,,,bounded_preclose_bid_ask,,,,False,not_requested_for_horizon_or_variant,,,no_standard_contract_within_rules,event,protective_put,,no_standard_contract_within_rules,,,False,,H25,2,BMY,,primary,0.020802367622041167,16.495977454751287,2023
,,,32b3c0890db0faa4d7d57cff,time_value,,,1,1,2023-11-15,2023-11-15,,,470,,,2023-11-16,471,False,,,2023-11-15,,,,,,,"{""market_momentum"": 0.031328838126691405, ""market_volatility"": 0.01042476077228603, ""momentum"": -0.10109813491371789, ""volatility"": 0.020802367622041167, ""volume_state"": 16.495977454751287}",assumed_next_daily_close,,63,0000014272,,0.031328838126691405,0.01042476077228603,-0.10109813491371789,,,,,,,b85d9858604b909390a9b494,False,,,,,,,,,,,,,,,,,,,,,,,,,,,,,,,,,,,,,,,,,,,,,,,,bounded_preclose_bid_ask,,,,False,not_requested_for_horizon_or_variant,,,no_standard_contract_within_rules,event,protective_put,,no_standard_contract_within_rules,,,True,,H25,2,BMY,,primary,0.020802367622041167,16.495977454751287,2023
,,,32b3c0890db0faa4d7d57cff,time_value,,,1,1,2023-11-15,2023-11-15,,,470,,,2023-11-16,471,False,,,2023-11-15,,,,,,,"{""market_momentum"": 0.031328838126691405, ""market_volatility"": 0.01042476077228603, ""momentum"": -0.10109813491371789, ""volatility"": 0.020802367622041167, ""volume_state"": 16.495977454751287}",assumed_next_daily_close,,expiry,0000014272,,0.031328838126691405,0.01042476077228603,-0.10109813491371789,,,,,,,b85d9858604b909390a9b494,False,,,,,,,,,,,,,,,,,,,,,,,,,,,,,,,,,,,,,,,,,,,,,,,,bounded_preclose_bid_ask,,,,False,not_requested_for_horizon_or_variant,,,no_standard_contract_within_rules,event,protective_put,,no_standard_contract_within_rules,,,False,,H25,2,BMY,,primary,0.020802367622041167,16.495977454751287,2023
,,,32b3c0890db0faa4d7d57cff,time_value,,,1,1,2023-11-15,2023-11-15,,,470,,,2023-11-16,471,False,,,2023-11-15,,,,,,,"{""market_momentum"": 0.031328838126691405, ""market_volatility"": 0.01042476077228603, ""momentum"": -0.10109813491371789, ""volatility"": 0.020802367622041167, ""volume_state"": 16.495977454751287}",assumed_next_daily_close,,expiry,0000014272,,0.031328838126691405,0.01042476077228603,-0.10109813491371789,,,,,,,b85d9858604b909390a9b494,False,,,,,,,,,,,,,,,,,,,,,,,,,,,,,,,,,,,,,,,,,,,,,,,,bounded_preclose_bid_ask,,,,False,not_requested_for_horizon_or_variant,,,no_standard_contract_within_rules,event,protective_put,,no_standard_contract_within_rules,,,True,,H25,2,BMY,,primary,0.020802367622041167,16.495977454751287,2023
,,,3a270a8e6210a7dd1f35324c,time_value,,,1,1,2023-03-03,2023-03-03,,,292,,,2023-03-06,293,False,,,2023-03-03,,,,,,,"{""market_momentum"": -0.016090555014605656, ""market_volatility"": 0.009715604783027819, ""momentum"": -0.013868515802106796, ""volatility"": 0.009441539788472427, ""volume_state"": 15.11137031290224}",assumed_next_daily_close,,1,0000021665,,-0.016090555014605656,0.009715604783027819,-0.013868515802106796,,,,,,,da7791283ef7b623c90df7d6,False,,,,,,,,,,,,,,,,,,,,,,,,,,,,,,,,,,,,,,,,,,,,,,,,bounded_preclose_bid_ask,,,,False,not_requested_for_horizon_or_variant,,,missing_decision_or_entry_bar,event,covered_call,,missing_decision_or_entry_bar,,,False,,H25,2,CL,,primary,0.009441539788472427,15.11137031290224,2023
,,,3a270a8e6210a7dd1f35324c,time_value,,,1,1,2023-03-03,2023-03-03,,,292,,,2023-03-06,293,False,,,2023-03-03,,,,,,,"{""market_momentum"": -0.016090555014605656, ""market_volatility"": 0.009715604783027819, ""momentum"": -0.013868515802106796, ""volatility"": 0.009441539788472427, ""volume_state"": 15.11137031290224}",assumed_next_daily_close,,1,0000021665,,-0.016090555014605656,0.009715604783027819,-0.013868515802106796,,,,,,,da7791283ef7b623c90df7d6,False,,,,,,,,,,,,,,,,,,,,,,,,,,,,,,,,,,,,,,,,,,,,,,,,bounded_preclose_bid_ask,,,,False,not_requested_for_horizon_or_variant,,,missing_decision_or_entry_bar,event,covered_call,,missing_decision_or_entry_bar,,,True,,H25,2,CL,,primary,0.009441539788472427,15.11137031290224,2023
,,,3a270a8e6210a7dd1f35324c,time_value,,,1,1,2023-03-03,2023-03-03,,,292,,,2023-03-06,293,False,,,2023-03-03,,,,,,,"{""market_momentum"": -0.016090555014605656, ""market_volatility"": 0.009715604783027819, ""momentum"": -0.013868515802106796, ""volatility"": 0.009441539788472427, ""volume_state"": 15.11137031290224}",assumed_next_daily_close,,2,0000021665,,-0.016090555014605656,0.009715604783027819,-0.013868515802106796,,,,,,,da7791283ef7b623c90df7d6,False,,,,,,,,,,,,,,,,,,,,,,,,,,,,,,,,,,,,,,,,,,,,,,,,bounded_preclose_bid_ask,,,,False,not_requested_for_horizon_or_variant,,,missing_decision_or_entry_bar,event,covered_call,,missing_decision_or_entry_bar,,,False,,H25,2,CL,,primary,0.009441539788472427,15.11137031290224,2023
,,,3a270a8e6210a7dd1f35324c,time_value,,,1,1,2023-03-03,2023-03-03,,,292,,,2023-03-06,293,False,,,2023-03-03,,,,,,,"{""market_momentum"": -0.016090555014605656, ""market_volatility"": 0.009715604783027819, ""momentum"": -0.013868515802106796, ""volatility"": 0.009441539788472427, ""volume_state"": 15.11137031290224}",assumed_next_daily_close,,2,0000021665,,-0.016090555014605656,0.009715604783027819,-0.013868515802106796,,,,,,,da7791283ef7b623c90df7d6,False,,,,,,,,,,,,,,,,,,,,,,,,,,,,,,,,,,,,,,,,,,,,,,,,bounded_preclose_bid_ask,,,,False,not_requested_for_horizon_or_variant,,,missing_decision_or_entry_bar,event,covered_call,,missing_decision_or_entry_bar,,,True,,H25,2,CL,,primary,0.009441539788472427,15.11137031290224,2023
,,,3a270a8e6210a7dd1f35324c,time_value,,,1,1,2023-03-03,2023-03-03,,,292,,,2023-03-06,293,False,,,2023-03-03,,,,,,,"{""market_momentum"": -0.016090555014605656, ""market_volatility"": 0.009715604783027819, ""momentum"": -0.013868515802106796, ""volatility"": 0.009441539788472427, ""volume_state"": 15.11137031290224}",assumed_next_daily_close,,3,0000021665,,-0.016090555014605656,0.009715604783027819,-0.013868515802106796,,,,,,,da7791283ef7b623c90df7d6,False,,,,,,,,,,,,,,,,,,,,,,,,,,,,,,,,,,,,,,,,,,,,,,,,bounded_preclose_bid_ask,,,,False,not_requested_for_horizon_or_variant,,,missing_decision_or_entry_bar,event,covered_call,,missing_decision_or_entry_bar,,,False,,H25,2,CL,,primary,0.009441539788472427,15.11137031290224,2023
,,,3a270a8e6210a7dd1f35324c,time_value,,,1,1,2023-03-03,2023-03-03,,,292,,,2023-03-06,293,False,,,2023-03-03,,,,,,,"{""market_momentum"": -0.016090555014605656, ""market_volatility"": 0.009715604783027819, ""momentum"": -0.013868515802106796, ""volatility"": 0.009441539788472427, ""volume_state"": 15.11137031290224}",assumed_next_daily_close,,3,0000021665,,-0.016090555014605656,0.009715604783027819,-0.013868515802106796,,,,,,,da7791283ef7b623c90df7d6,False,,,,,,,,,,,,,,,,,,,,,,,,,,,,,,,,,,,,,,,,,,,,,,,,bounded_preclose_bid_ask,,,,False,not_requested_for_horizon_or_variant,,,missing_decision_or_entry_bar,event,covered_call,,missing_decision_or_entry_bar,,,True,,H25,2,CL,,primary,0.009441539788472427,15.11137031290224,2023
,,,3a270a8e6210a7dd1f35324c,time_value,,,1,1,2023-03-03,2023-03-03,,,292,,,2023-03-06,293,False,,,2023-03-03,,,,,,,"{""market_momentum"": -0.016090555014605656, ""market_volatility"": 0.009715604783027819, ""momentum"": -0.013868515802106796, ""volatility"": 0.009441539788472427, ""volume_state"": 15.11137031290224}",assumed_next_daily_close,,5,0000021665,,-0.016090555014605656,0.009715604783027819,-0.013868515802106796,,,,,,,da7791283ef7b623c90df7d6,False,,,,,,,,,,,,,,,,,,,,,,,,,,,,,,,,,,,,,,,,,,,,,,,,bounded_preclose_bid_ask,,,,False,not_requested_for_horizon_or_variant,,,missing_decision_or_entry_bar,event,covered_call,,missing_decision_or_entry_bar,,,False,,H25,2,CL,,primary,0.009441539788472427,15.11137031290224,2023
,,,3a270a8e6210a7dd1f35324c,time_value,,,1,1,2023-03-03,2023-03-03,,,292,,,2023-03-06,293,False,,,2023-03-03,,,,,,,"{""market_momentum"": -0.016090555014605656, ""market_volatility"": 0.009715604783027819, ""momentum"": -0.013868515802106796, ""volatility"": 0.009441539788472427, ""volume_state"": 15.11137031290224}",assumed_next_daily_close,,5,0000021665,,-0.016090555014605656,0.009715604783027819,-0.013868515802106796,,,,,,,da7791283ef7b623c90df7d6,False,,,,,,,,,,,,,,,,,,,,,,,,,,,,,,,,,,,,,,,,,,,,,,,,bounded_preclose_bid_ask,,,,False,not_requested_for_horizon_or_variant,,,missing_decision_or_entry_bar,event,covered_call,,missing_decision_or_entry_bar,,,True,,H25,2,CL,,primary,0.009441539788472427,15.11137031290224,2023
,,,3a270a8e6210a7dd1f35324c,time_value,,,1,1,2023-03-03,2023-03-03,,,292,,,2023-03-06,293,False,,,2023-03-03,,,,,,,"{""market_momentum"": -0.016090555014605656, ""market_volatility"": 0.009715604783027819, ""momentum"": -0.013868515802106796, ""volatility"": 0.009441539788472427, ""volume_state"": 15.11137031290224}",assumed_next_daily_close,,10,0000021665,,-0.016090555014605656,0.009715604783027819,-0.013868515802106796,,,,,,,da7791283ef7b623c90df7d6,False,,,,,,,,,,,,,,,,,,,,,,,,,,,,,,,,,,,,,,,,,,,,,,,,bounded_preclose_bid_ask,,,,False,bar_outcome_not_completed,,,missing_decision_or_entry_bar,event,covered_call,,missing_decision_or_entry_bar,,,False,,H25,2,CL,,primary,0.009441539788472427,15.11137031290224,2023
,,,3a270a8e6210a7dd1f35324c,time_value,,,1,1,2023-03-03,2023-03-03,,,292,,,2023-03-06,293,False,,,2023-03-03,,,,,,,"{""market_momentum"": -0.016090555014605656, ""market_volatility"": 0.009715604783027819, ""momentum"": -0.013868515802106796, ""volatility"": 0.009441539788472427, ""volume_state"": 15.11137031290224}",assumed_next_daily_close,,10,0000021665,,-0.016090555014605656,0.009715604783027819,-0.013868515802106796,,,,,,,da7791283ef7b623c90df7d6,False,,,,,,,,,,,,,,,,,,,,,,,,,,,,,,,,,,,,,,,,,,,,,,,,bounded_preclose_bid_ask,,,,False,bar_outcome_not_completed,,,missing_decision_or_entry_bar,event,covered_call,,missing_decision_or_entry_bar,,,True,,H25,2,CL,,primary,0.009441539788472427,15.11137031290224,2023
,,,3a270a8e6210a7dd1f35324c,time_value,,,1,1,2023-03-03,2023-03-03,,,292,,,2023-03-06,293,False,,,2023-03-03,,,,,,,"{""market_momentum"": -0.016090555014605656, ""market_volatility"": 0.009715604783027819, ""momentum"": -0.013868515802106796, ""volatility"": 0.009441539788472427, ""volume_state"": 15.11137031290224}",assumed_next_daily_close,,21,0000021665,,-0.016090555014605656,0.009715604783027819,-0.013868515802106796,,,,,,,da7791283ef7b623c90df7d6,False,,,,,,,,,,,,,,,,,,,,,,,,,,,,,,,,,,,,,,,,,,,,,,,,bounded_preclose_bid_ask,,,,False,not_requested_for_horizon_or_variant,,,missing_decision_or_entry_bar,event,covered_call,,missing_decision_or_entry_bar,,,False,,H25,2,CL,,primary,0.009441539788472427,15.11137031290224,2023
,,,3a270a8e6210a7dd1f35324c,time_value,,,1,1,2023-03-03,2023-03-03,,,292,,,2023-03-06,293,False,,,2023-03-03,,,,,,,"{""market_momentum"": -0.016090555014605656, ""market_volatility"": 0.009715604783027819, ""momentum"": -0.013868515802106796, ""volatility"": 0.009441539788472427, ""volume_state"": 15.11137031290224}",assumed_next_daily_close,,21,0000021665,,-0.016090555014605656,0.009715604783027819,-0.013868515802106796,,,,,,,da7791283ef7b623c90df7d6,False,,,,,,,,,,,,,,,,,,,,,,,,,,,,,,,,,,,,,,,,,,,,,,,,bounded_preclose_bid_ask,,,,False,not_requested_for_horizon_or_variant,,,missing_decision_or_entry_bar,event,covered_call,,missing_decision_or_entry_bar,,,True,,H25,2,CL,,primary,0.009441539788472427,15.11137031290224,2023
,,,3a270a8e6210a7dd1f35324c,time_value,,,1,1,2023-03-03,2023-03-03,,,292,,,2023-03-06,293,False,,,2023-03-03,,,,,,,"{""market_momentum"": -0.016090555014605656, ""market_volatility"": 0.009715604783027819, ""momentum"": -0.013868515802106796, ""volatility"": 0.009441539788472427, ""volume_state"": 15.11137031290224}",assumed_next_daily_close,,42,0000021665,,-0.016090555014605656,0.009715604783027819,-0.013868515802106796,,,,,,,da7791283ef7b623c90df7d6,False,,,,,,,,,,,,,,,,,,,,,,,,,,,,,,,,,,,,,,,,,,,,,,,,bounded_preclose_bid_ask,,,,False,not_requested_for_horizon_or_variant,,,missing_decision_or_entry_bar,event,covered_call,,missing_decision_or_entry_bar,,,False,,H25,2,CL,,primary,0.009441539788472427,15.11137031290224,2023
,,,3a270a8e6210a7dd1f35324c,time_value,,,1,1,2023-03-03,2023-03-03,,,292,,,2023-03-06,293,False,,,2023-03-03,,,,,,,"{""market_momentum"": -0.016090555014605656, ""market_volatility"": 0.009715604783027819, ""momentum"": -0.013868515802106796, ""volatility"": 0.009441539788472427, ""volume_state"": 15.11137031290224}",assumed_next_daily_close,,42,0000021665,,-0.016090555014605656,0.009715604783027819,-0.013868515802106796,,,,,,,da7791283ef7b623c90df7d6,False,,,,,,,,,,,,,,,,,,,,,,,,,,,,,,,,,,,,,,,,,,,,,,,,bounded_preclose_bid_ask,,,,False,not_requested_for_horizon_or_variant,,,missing_decision_or_entry_bar,event,covered_call,,missing_decision_or_entry_bar,,,True,,H25,2,CL,,primary,0.009441539788472427,15.11137031290224,2023
,,,3a270a8e6210a7dd1f35324c,time_value,,,1,1,2023-03-03,2023-03-03,,,292,,,2023-03-06,293,False,,,2023-03-03,,,,,,,"{""market_momentum"": -0.016090555014605656, ""market_volatility"": 0.009715604783027819, ""momentum"": -0.013868515802106796, ""volatility"": 0.009441539788472427, ""volume_state"": 15.11137031290224}",assumed_next_daily_close,,63,0000021665,,-0.016090555014605656,0.009715604783027819,-0.013868515802106796,,,,,,,da7791283ef7b623c90df7d6,False,,,,,,,,,,,,,,,,,,,,,,,,,,,,,,,,,,,,,,,,,,,,,,,,bounded_preclose_bid_ask,,,,False,not_requested_for_horizon_or_variant,,,missing_decision_or_entry_bar,event,covered_call,,missing_decision_or_entry_bar,,,False,,H25,2,CL,,primary,0.009441539788472427,15.11137031290224,2023
,,,3a270a8e6210a7dd1f35324c,time_value,,,1,1,2023-03-03,2023-03-03,,,292,,,2023-03-06,293,False,,,2023-03-03,,,,,,,"{""market_momentum"": -0.016090555014605656, ""market_volatility"": 0.009715604783027819, ""momentum"": -0.013868515802106796, ""volatility"": 0.009441539788472427, ""volume_state"": 15.11137031290224}",assumed_next_daily_close,,63,0000021665,,-0.016090555014605656,0.009715604783027819,-0.013868515802106796,,,,,,,da7791283ef7b623c90df7d6,False,,,,,,,,,,,,,,,,,,,,,,,,,,,,,,,,,,,,,,,,,,,,,,,,bounded_preclose_bid_ask,,,,False,not_requested_for_horizon_or_variant,,,missing_decision_or_entry_bar,event,covered_call,,missing_decision_or_entry_bar,,,True,,H25,2,CL,,primary,0.009441539788472427,15.11137031290224,2023
,,,3a270a8e6210a7dd1f35324c,time_value,,,1,1,2023-03-03,2023-03-03,,,292,,,2023-03-06,293,False,,,2023-03-03,,,,,,,"{""market_momentum"": -0.016090555014605656, ""market_volatility"": 0.009715604783027819, ""momentum"": -0.013868515802106796, ""volatility"": 0.009441539788472427, ""volume_state"": 15.11137031290224}",assumed_next_daily_close,,expiry,0000021665,,-0.016090555014605656,0.009715604783027819,-0.013868515802106796,,,,,,,da7791283ef7b623c90df7d6,False,,,,,,,,,,,,,,,,,,,,,,,,,,,,,,,,,,,,,,,,,,,,,,,,bounded_preclose_bid_ask,,,,False,not_requested_for_horizon_or_variant,,,missing_decision_or_entry_bar,event,covered_call,,missing_decision_or_entry_bar,,,False,,H25,2,CL,,primary,0.009441539788472427,15.11137031290224,2023
,,,3a270a8e6210a7dd1f35324c,time_value,,,1,1,2023-03-03,2023-03-03,,,292,,,2023-03-06,293,False,,,2023-03-03,,,,,,,"{""market_momentum"": -0.016090555014605656, ""market_volatility"": 0.009715604783027819, ""momentum"": -0.013868515802106796, ""volatility"": 0.009441539788472427, ""volume_state"": 15.11137031290224}",assumed_next_daily_close,,expiry,0000021665,,-0.016090555014605656,0.009715604783027819,-0.013868515802106796,,,,,,,da7791283ef7b623c90df7d6,False,,,,,,,,,,,,,,,,,,,,,,,,,,,,,,,,,,,,,,,,,,,,,,,,bounded_preclose_bid_ask,,,,False,not_requested_for_horizon_or_variant,,,missing_decision_or_entry_bar,event,covered_call,,missing_decision_or_entry_bar,,,True,,H25,2,CL,,primary,0.009441539788472427,15.11137031290224,2023
,,,3c043c599c28a8d7dfbe6761,time_value,,,1,1,2022-02-24,2022-02-24,,,36,,,2022-02-25,37,False,,,2022-02-24,,,,,,,"{""market_momentum"": -0.014201210670472086, ""market_volatility"": 0.014001446066554827, ""momentum"": 0.07428754402817783, ""volatility"": 0.011174429711711677, ""volume_state"": 16.53750154273288}",assumed_next_daily_close,,1,0000014272,,-0.014201210670472086,0.014001446066554827,0.07428754402817783,,,,,,,0fc5c17318e721a388d18e53,False,,,,,,,,,,,,,,,,,,,,,,,,,,,,,,,,,,,,,,,,,,,,,,,,bounded_preclose_bid_ask,,,,False,not_requested_for_horizon_or_variant,,,no_standard_contract_within_rules,event,protective_put,,no_standard_contract_within_rules,,,False,,H25,2,BMY,,primary,0.011174429711711677,16.53750154273288,2022
,,,3c043c599c28a8d7dfbe6761,time_value,,,1,1,2022-02-24,2022-02-24,,,36,,,2022-02-25,37,False,,,2022-02-24,,,,,,,"{""market_momentum"": -0.014201210670472086, ""market_volatility"": 0.014001446066554827, ""momentum"": 0.07428754402817783, ""volatility"": 0.011174429711711677, ""volume_state"": 16.53750154273288}",assumed_next_daily_close,,1,0000014272,,-0.014201210670472086,0.014001446066554827,0.07428754402817783,,,,,,,0fc5c17318e721a388d18e53,False,,,,,,,,,,,,,,,,,,,,,,,,,,,,,,,,,,,,,,,,,,,,,,,,bounded_preclose_bid_ask,,,,False,not_requested_for_horizon_or_variant,,,no_standard_contract_within_rules,event,protective_put,,no_standard_contract_within_rules,,,True,,H25,2,BMY,,primary,0.011174429711711677,16.53750154273288,2022
,,,3c043c599c28a8d7dfbe6761,time_value,,,1,1,2022-02-24,2022-02-24,,,36,,,2022-02-25,37,False,,,2022-02-24,,,,,,,"{""market_momentum"": -0.014201210670472086, ""market_volatility"": 0.014001446066554827, ""momentum"": 0.07428754402817783, ""volatility"": 0.011174429711711677, ""volume_state"": 16.53750154273288}",assumed_next_daily_close,,2,0000014272,,-0.014201210670472086,0.014001446066554827,0.07428754402817783,,,,,,,0fc5c17318e721a388d18e53,False,,,,,,,,,,,,,,,,,,,,,,,,,,,,,,,,,,,,,,,,,,,,,,,,bounded_preclose_bid_ask,,,,False,not_requested_for_horizon_or_variant,,,no_standard_contract_within_rules,event,protective_put,,no_standard_contract_within_rules,,,False,,H25,2,BMY,,primary,0.011174429711711677,16.53750154273288,2022
,,,3c043c599c28a8d7dfbe6761,time_value,,,1,1,2022-02-24,2022-02-24,,,36,,,2022-02-25,37,False,,,2022-02-24,,,,,,,"{""market_momentum"": -0.014201210670472086, ""market_volatility"": 0.014001446066554827, ""momentum"": 0.07428754402817783, ""volatility"": 0.011174429711711677, ""volume_state"": 16.53750154273288}",assumed_next_daily_close,,2,0000014272,,-0.014201210670472086,0.014001446066554827,0.07428754402817783,,,,,,,0fc5c17318e721a388d18e53,False,,,,,,,,,,,,,,,,,,,,,,,,,,,,,,,,,,,,,,,,,,,,,,,,bounded_preclose_bid_ask,,,,False,not_requested_for_horizon_or_variant,,,no_standard_contract_within_rules,event,protective_put,,no_standard_contract_within_rules,,,True,,H25,2,BMY,,primary,0.011174429711711677,16.53750154273288,2022
,,,3c043c599c28a8d7dfbe6761,time_value,,,1,1,2022-02-24,2022-02-24,,,36,,,2022-02-25,37,False,,,2022-02-24,,,,,,,"{""market_momentum"": -0.014201210670472086, ""market_volatility"": 0.014001446066554827, ""momentum"": 0.07428754402817783, ""volatility"": 0.011174429711711677, ""volume_state"": 16.53750154273288}",assumed_next_daily_close,,3,0000014272,,-0.014201210670472086,0.014001446066554827,0.07428754402817783,,,,,,,0fc5c17318e721a388d18e53,False,,,,,,,,,,,,,,,,,,,,,,,,,,,,,,,,,,,,,,,,,,,,,,,,bounded_preclose_bid_ask,,,,False,not_requested_for_horizon_or_variant,,,no_standard_contract_within_rules,event,protective_put,,no_standard_contract_within_rules,,,False,,H25,2,BMY,,primary,0.011174429711711677,16.53750154273288,2022
,,,3c043c599c28a8d7dfbe6761,time_value,,,1,1,2022-02-24,2022-02-24,,,36,,,2022-02-25,37,False,,,2022-02-24,,,,,,,"{""market_momentum"": -0.014201210670472086, ""market_volatility"": 0.014001446066554827, ""momentum"": 0.07428754402817783, ""volatility"": 0.011174429711711677, ""volume_state"": 16.53750154273288}",assumed_next_daily_close,,3,0000014272,,-0.014201210670472086,0.014001446066554827,0.07428754402817783,,,,,,,0fc5c17318e721a388d18e53,False,,,,,,,,,,,,,,,,,,,,,,,,,,,,,,,,,,,,,,,,,,,,,,,,bounded_preclose_bid_ask,,,,False,not_requested_for_horizon_or_variant,,,no_standard_contract_within_rules,event,protective_put,,no_standard_contract_within_rules,,,True,,H25,2,BMY,,primary,0.011174429711711677,16.53750154273288,2022
,,,3c043c599c28a8d7dfbe6761,time_value,,,1,1,2022-02-24,2022-02-24,,,36,,,2022-02-25,37,False,,,2022-02-24,,,,,,,"{""market_momentum"": -0.014201210670472086, ""market_volatility"": 0.014001446066554827, ""momentum"": 0.07428754402817783, ""volatility"": 0.011174429711711677, ""volume_state"": 16.53750154273288}",assumed_next_daily_close,,5,0000014272,,-0.014201210670472086,0.014001446066554827,0.07428754402817783,,,,,,,0fc5c17318e721a388d18e53,False,,,,,,,,,,,,,,,,,,,,,,,,,,,,,,,,,,,,,,,,,,,,,,,,bounded_preclose_bid_ask,,,,False,not_requested_for_horizon_or_variant,,,no_standard_contract_within_rules,event,protective_put,,no_standard_contract_within_rules,,,False,,H25,2,BMY,,primary,0.011174429711711677,16.53750154273288,2022
,,,3c043c599c28a8d7dfbe6761,time_value,,,1,1,2022-02-24,2022-02-24,,,36,,,2022-02-25,37,False,,,2022-02-24,,,,,,,"{""market_momentum"": -0.014201210670472086, ""market_volatility"": 0.014001446066554827, ""momentum"": 0.07428754402817783, ""volatility"": 0.011174429711711677, ""volume_state"": 16.53750154273288}",assumed_next_daily_close,,5,0000014272,,-0.014201210670472086,0.014001446066554827,0.07428754402817783,,,,,,,0fc5c17318e721a388d18e53,False,,,,,,,,,,,,,,,,,,,,,,,,,,,,,,,,,,,,,,,,,,,,,,,,bounded_preclose_bid_ask,,,,False,not_requested_for_horizon_or_variant,,,no_standard_contract_within_rules,event,protective_put,,no_standard_contract_within_rules,,,True,,H25,2,BMY,,primary,0.011174429711711677,16.53750154273288,2022
,,,3c043c599c28a8d7dfbe6761,time_value,,,1,1,2022-02-24,2022-02-24,,,36,,,2022-02-25,37,False,,,2022-02-24,,,,,,,"{""market_momentum"": -0.014201210670472086, ""market_volatility"": 0.014001446066554827, ""momentum"": 0.07428754402817783, ""volatility"": 0.011174429711711677, ""volume_state"": 16.53750154273288}",assumed_next_daily_close,,10,0000014272,,-0.014201210670472086,0.014001446066554827,0.07428754402817783,,,,,,,0fc5c17318e721a388d18e53,False,,,,,,,,,,,,,,,,,,,,,,,,,,,,,,,,,,,,,,,,,,,,,,,,bounded_preclose_bid_ask,,,,False,not_sampled_or_missing_quotes,,,no_standard_contract_within_rules,event,protective_put,,no_standard_contract_within_rules,,,False,,H25,2,BMY,,primary,0.011174429711711677,16.53750154273288,2022
,,,3c043c599c28a8d7dfbe6761,time_value,,,1,1,2022-02-24,2022-02-24,,,36,,,2022-02-25,37,False,,,2022-02-24,,,,,,,"{""market_momentum"": -0.014201210670472086, ""market_volatility"": 0.014001446066554827, ""momentum"": 0.07428754402817783, ""volatility"": 0.011174429711711677, ""volume_state"": 16.53750154273288}",assumed_next_daily_close,,10,0000014272,,-0.014201210670472086,0.014001446066554827,0.07428754402817783,,,,,,,0fc5c17318e721a388d18e53,False,,,,,,,,,,,,,,,,,,,,,,,,,,,,,,,,,,,,,,,,,,,,,,,,bounded_preclose_bid_ask,,,,False,not_sampled_or_missing_quotes,,,no_standard_contract_within_rules,event,protective_put,,no_standard_contract_within_rules,,,True,,H25,2,BMY,,primary,0.011174429711711677,16.53750154273288,2022
,,,3c043c599c28a8d7dfbe6761,time_value,,,1,1,2022-02-24,2022-02-24,,,36,,,2022-02-25,37,False,,,2022-02-24,,,,,,,"{""market_momentum"": -0.014201210670472086, ""market_volatility"": 0.014001446066554827, ""momentum"": 0.07428754402817783, ""volatility"": 0.011174429711711677, ""volume_state"": 16.53750154273288}",assumed_next_daily_close,,21,0000014272,,-0.014201210670472086,0.014001446066554827,0.07428754402817783,,,,,,,0fc5c17318e721a388d18e53,False,,,,,,,,,,,,,,,,,,,,,,,,,,,,,,,,,,,,,,,,,,,,,,,,bounded_preclose_bid_ask,,,,False,not_requested_for_horizon_or_variant,,,no_standard_contract_within_rules,event,protective_put,,no_standard_contract_within_rules,,,False,,H25,2,BMY,,primary,0.011174429711711677,16.53750154273288,2022
,,,3c043c599c28a8d7dfbe6761,time_value,,,1,1,2022-02-24,2022-02-24,,,36,,,2022-02-25,37,False,,,2022-02-24,,,,,,,"{""market_momentum"": -0.014201210670472086, ""market_volatility"": 0.014001446066554827, ""momentum"": 0.07428754402817783, ""volatility"": 0.011174429711711677, ""volume_state"": 16.53750154273288}",assumed_next_daily_close,,21,0000014272,,-0.014201210670472086,0.014001446066554827,0.07428754402817783,,,,,,,0fc5c17318e721a388d18e53,False,,,,,,,,,,,,,,,,,,,,,,,,,,,,,,,,,,,,,,,,,,,,,,,,bounded_preclose_bid_ask,,,,False,not_requested_for_horizon_or_variant,,,no_standard_contract_within_rules,event,protective_put,,no_standard_contract_within_rules,,,True,,H25,2,BMY,,primary,0.011174429711711677,16.53750154273288,2022
,,,3c043c599c28a8d7dfbe6761,time_value,,,1,1,2022-02-24,2022-02-24,,,36,,,2022-02-25,37,False,,,2022-02-24,,,,,,,"{""market_momentum"": -0.014201210670472086, ""market_volatility"": 0.014001446066554827, ""momentum"": 0.07428754402817783, ""volatility"": 0.011174429711711677, ""volume_state"": 16.53750154273288}",assumed_next_daily_close,,42,0000014272,,-0.014201210670472086,0.014001446066554827,0.07428754402817783,,,,,,,0fc5c17318e721a388d18e53,False,,,,,,,,,,,,,,,,,,,,,,,,,,,,,,,,,,,,,,,,,,,,,,,,bounded_preclose_bid_ask,,,,False,not_requested_for_horizon_or_variant,,,no_standard_contract_within_rules,event,protective_put,,no_standard_contract_within_rules,,,False,,H25,2,BMY,,primary,0.011174429711711677,16.53750154273288,2022
,,,3c043c599c28a8d7dfbe6761,time_value,,,1,1,2022-02-24,2022-02-24,,,36,,,2022-02-25,37,False,,,2022-02-24,,,,,,,"{""market_momentum"": -0.014201210670472086, ""market_volatility"": 0.014001446066554827, ""momentum"": 0.07428754402817783, ""volatility"": 0.011174429711711677, ""volume_state"": 16.53750154273288}",assumed_next_daily_close,,42,0000014272,,-0.014201210670472086,0.014001446066554827,0.07428754402817783,,,,,,,0fc5c17318e721a388d18e53,False,,,,,,,,,,,,,,,,,,,,,,,,,,,,,,,,,,,,,,,,,,,,,,,,bounded_preclose_bid_ask,,,,False,not_requested_for_horizon_or_variant,,,no_standard_contract_within_rules,event,protective_put,,no_standard_contract_within_rules,,,True,,H25,2,BMY,,primary,0.011174429711711677,16.53750154273288,2022
,,,3c043c599c28a8d7dfbe6761,time_value,,,1,1,2022-02-24,2022-02-24,,,36,,,2022-02-25,37,False,,,2022-02-24,,,,,,,"{""market_momentum"": -0.014201210670472086, ""market_volatility"": 0.014001446066554827, ""momentum"": 0.07428754402817783, ""volatility"": 0.011174429711711677, ""volume_state"": 16.53750154273288}",assumed_next_daily_close,,63,0000014272,,-0.014201210670472086,0.014001446066554827,0.07428754402817783,,,,,,,0fc5c17318e721a388d18e53,False,,,,,,,,,,,,,,,,,,,,,,,,,,,,,,,,,,,,,,,,,,,,,,,,bounded_preclose_bid_ask,,,,False,not_requested_for_horizon_or_variant,,,no_standard_contract_within_rules,event,protective_put,,no_standard_contract_within_rules,,,False,,H25,2,BMY,,primary,0.011174429711711677,16.53750154273288,2022
,,,3c043c599c28a8d7dfbe6761,time_value,,,1,1,2022-02-24,2022-02-24,,,36,,,2022-02-25,37,False,,,2022-02-24,,,,,,,"{""market_momentum"": -0.014201210670472086, ""market_volatility"": 0.014001446066554827, ""momentum"": 0.07428754402817783, ""volatility"": 0.011174429711711677, ""volume_state"": 16.53750154273288}",assumed_next_daily_close,,63,0000014272,,-0.014201210670472086,0.014001446066554827,0.07428754402817783,,,,,,,0fc5c17318e721a388d18e53,False,,,,,,,,,,,,,,,,,,,,,,,,,,,,,,,,,,,,,,,,,,,,,,,,bounded_preclose_bid_ask,,,,False,not_requested_for_horizon_or_variant,,,no_standard_contract_within_rules,event,protective_put,,no_standard_contract_within_rules,,,True,,H25,2,BMY,,primary,0.011174429711711677,16.53750154273288,2022
,,,3c043c599c28a8d7dfbe6761,time_value,,,1,1,2022-02-24,2022-02-24,,,36,,,2022-02-25,37,False,,,2022-02-24,,,,,,,"{""market_momentum"": -0.014201210670472086, ""market_volatility"": 0.014001446066554827, ""momentum"": 0.07428754402817783, ""volatility"": 0.011174429711711677, ""volume_state"": 16.53750154273288}",assumed_next_daily_close,,expiry,0000014272,,-0.014201210670472086,0.014001446066554827,0.07428754402817783,,,,,,,0fc5c17318e721a388d18e53,False,,,,,,,,,,,,,,,,,,,,,,,,,,,,,,,,,,,,,,,,,,,,,,,,bounded_preclose_bid_ask,,,,False,not_requested_for_horizon_or_variant,,,no_standard_contract_within_rules,event,protective_put,,no_standard_contract_within_rules,,,False,,H25,2,BMY,,primary,0.011174429711711677,16.53750154273288,2022
,,,3c043c599c28a8d7dfbe6761,time_value,,,1,1,2022-02-24,2022-02-24,,,36,,,2022-02-25,37,False,,,2022-02-24,,,,,,,"{""market_momentum"": -0.014201210670472086, ""market_volatility"": 0.014001446066554827, ""momentum"": 0.07428754402817783, ""volatility"": 0.011174429711711677, ""volume_state"": 16.53750154273288}",assumed_next_daily_close,,expiry,0000014272,,-0.014201210670472086,0.014001446066554827,0.07428754402817783,,,,,,,0fc5c17318e721a388d18e53,False,,,,,,,,,,,,,,,,,,,,,,,,,,,,,,,,,,,,,,,,,,,,,,,,bounded_preclose_bid_ask,,,,False,not_requested_for_horizon_or_variant,,,no_standard_contract_within_rules,event,protective_put,,no_standard_contract_within_rules,,,True,,H25,2,BMY,,primary,0.011174429711711677,16.53750154273288,2022
0.05993225650360601,2023-05-24,349,410d92465e540d4d59bb0d2a,time_value,92.59620000000001,O:LLY230915C00460000,1,1,2023-05-22,2023-05-22,116,0.03583031867093712,347,0.0,0.004207962949835795,2023-05-23,348,True,2023-05-24,349,2024-02-13,33,4492062.0,2023-05-24,scheduled_exit,349,2023-09-15,"{""market_momentum"": 0.015987384764677426, ""market_volatility"": 0.008870518311473306, ""momentum"": 0.1265444917454055, ""volatility"": 0.019912558118617172, ""volume_state"": 15.078557458292785}",assumed_next_daily_close,42321.0,1,0000059478,0,0.015987384764677426,0.008870518311473306,0.1265444917454055,6.361200000000025,0.00015030835755298848,89.0426,12.6,13.28,-67.99999999999997,9afe3a06aed4a8a54dba801f,True,0.0036900369003690036,271,4.0488337941581e-05,2469847.0,,,,,,,,,,,,,,,,,,,,,,,,,,,,,,,,,,,,,,,,,,,,bounded_preclose_bid_ask,,,,False,not_requested_for_horizon_or_variant,,,,ordinary,covered_call,100,completed,423.21,425.77,False,256.0,H25,2,LLY,181.6388,primary,0.019912558118617172,15.078557458292785,2023
0.05993225650360601,2023-05-24,349,410d92465e540d4d59bb0d2a,time_value,25.5462,O:LLY230915C00460000,1,1,2023-05-22,2023-05-22,116,0.03583031867093712,347,0.0,0.0011999999999999817,2023-05-23,348,True,2023-05-24,349,2024-02-13,33,4492062.0,2023-05-24,scheduled_exit,349,2023-09-15,"{""market_momentum"": 0.015987384764677426, ""market_volatility"": 0.008870518311473306, ""momentum"": 0.1265444917454055, ""volatility"": 0.019912558118617172, ""volume_state"": 15.078557458292785}",assumed_next_daily_close,42321.0,1,0000059478,0,0.015987384764677426,0.008870518311473306,0.1265444917454055,205.0612,0.004845376999598309,25.392599999999998,12.6,0.0,-0.0,9afe3a06aed4a8a54dba801f,True,0.0036900369003690036,271,4.0488337941581e-05,2469847.0,,,,,,,,,,,,,,,,,,,,,,,,,,,,,,,,,,,,,,,,,,,,bounded_preclose_bid_ask,,,,False,not_requested_for_horizon_or_variant,,,,ordinary,covered_call,100,completed,423.21,425.77,True,256.0,H25,2,LLY,50.9388,primary,0.019912558118617172,15.078557458292785,2023
0.05993225650360601,2023-05-25,350,410d92465e540d4d59bb0d2a,time_value,91.5886,O:LLY230915C00460000,1,1,2023-05-22,2023-05-22,116,0.03583031867093712,347,0.0,0.004207962949835795,2023-05-23,348,True,2023-05-25,350,2024-02-13,33,4492062.0,2023-05-25,scheduled_exit,350,2023-09-15,"{""market_momentum"": 0.015987384764677426, ""market_volatility"": 0.008870518311473306, ""momentum"": 0.1265444917454055, ""volatility"": 0.019912558118617172, ""volume_state"": 15.078557458292785}",assumed_next_daily_close,42321.0,2,0000059478,0,0.015987384764677426,0.008870518311473306,0.1265444917454055,183.3687999999999,0.004332808771059283,89.0426,12.6,13.06,-46.000000000000085,9afe3a06aed4a8a54dba801f,True,0.0036900369003690036,271,4.0488337941581e-05,2469847.0,,,,,,,,,,,,,,,,,,,,,,,,,,,,,,,,,,,,,,,,,,,,bounded_preclose_bid_ask,,,,False,not_requested_for_horizon_or_variant,,,,ordinary,covered_call,100,completed,423.21,427.31,False,410.0,H25,2,LLY,180.63119999999998,primary,0.019912558118617172,15.078557458292785,2023
0.05993225650360601,2023-05-25,350,410d92465e540d4d59bb0d2a,time_value,25.638599999999997,O:LLY230915C00460000,1,1,2023-05-22,2023-05-22,116,0.03583031867093712,347,0.0,0.0011999999999999817,2023-05-23,348,True,2023-05-25,350,2024-02-13,33,4492062.0,2023-05-25,scheduled_exit,350,2023-09-15,"{""market_momentum"": 0.015987384764677426, ""market_volatility"": 0.008870518311473306, ""momentum"": 0.1265444917454055, ""volatility"": 0.019912558118617172, ""volume_state"": 15.078557458292785}",assumed_next_daily_close,42321.0,2,0000059478,0,0.015987384764677426,0.008870518311473306,0.1265444917454055,358.9688,0.008482049100919166,25.392599999999998,12.6,0.0,-0.0,9afe3a06aed4a8a54dba801f,True,0.0036900369003690036,271,4.0488337941581e-05,2469847.0,,,,,,,,,,,,,,,,,,,,,,,,,,,,,,,,,,,,,,,,,,,,bounded_preclose_bid_ask,,,,False,not_requested_for_horizon_or_variant,,,,ordinary,covered_call,100,completed,423.21,427.31,True,410.0,H25,2,LLY,51.0312,primary,0.019912558118617172,15.078557458292785,2023
0.05993225650360601,2023-05-26,351,410d92465e540d4d59bb0d2a,time_value,92.1974,O:LLY230915C00460000,1,1,2023-05-22,2023-05-22,116,0.03583031867093712,347,0.0,0.004207962949835795,2023-05-23,348,True,2023-05-26,351,2024-02-13,33,4492062.0,2023-05-26,scheduled_exit,351,2023-09-15,"{""market_momentum"": 0.015987384764677426, ""market_volatility"": 0.008870518311473306, ""momentum"": 0.1265444917454055, ""volatility"": 0.019912558118617172, ""volume_state"": 15.078557458292785}",assumed_next_daily_close,42321.0,3,0000059478,0,0.015987384764677426,0.008870518311473306,0.1265444917454055,16.760000000000034,0.0003960208879752377,89.0426,12.6,13.2,-59.999999999999964,9afe3a06aed4a8a54dba801f,True,0.0036900369003690036,271,4.0488337941581e-05,2469847.0,,,,,,,,,,,,,,,,,,,,,,,,,,,,,,,,,,,,,,,,,,,,bounded_preclose_bid_ask,,,,False,not_requested_for_horizon_or_variant,,,,ordinary,covered_call,100,completed,423.21,425.79,False,258.0,H25,2,LLY,181.24,primary,0.019912558118617172,15.078557458292785,2023
0.05993225650360601,2023-05-26,351,410d92465e540d4d59bb0d2a,time_value,25.547399999999996,O:LLY230915C00460000,1,1,2023-05-22,2023-05-22,116,0.03583031867093712,347,0.0,0.0011999999999999817,2023-05-23,348,True,2023-05-26,351,2024-02-13,33,4492062.0,2023-05-26,scheduled_exit,351,2023-09-15,"{""market_momentum"": 0.015987384764677426, ""market_volatility"": 0.008870518311473306, ""momentum"": 0.1265444917454055, ""volatility"": 0.019912558118617172, ""volume_state"": 15.078557458292785}",assumed_next_daily_close,42321.0,3,0000059478,0,0.015987384764677426,0.008870518311473306,0.1265444917454055,207.06,0.00489260650740767,25.392599999999998,12.6,0.0,-0.0,9afe3a06aed4a8a54dba801f,True,0.0036900369003690036,271,4.0488337941581e-05,2469847.0,,,,,,,,,,,,,,,,,,,,,,,,,,,,,,,,,,,,,,,,,,,,bounded_preclose_bid_ask,,,,False,not_requested_for_horizon_or_variant,,,,ordinary,covered_call,100,completed,423.21,425.79,True,258.0,H25,2,LLY,50.94,primary,0.019912558118617172,15.078557458292785,2023
0.05993225650360601,2023-05-31,353,410d92465e540d4d59bb0d2a,time_value,94.16760000000001,O:LLY230915C00460000,1,1,2023-05-22,2023-05-22,116,0.03583031867093712,347,0.0,0.004207962949835795,2023-05-23,348,True,2023-05-31,353,2024-02-13,33,4492062.0,2023-05-31,scheduled_exit,353,2023-09-15,"{""market_momentum"": 0.015987384764677426, ""market_volatility"": 0.008870518311473306, ""momentum"": 0.1265444917454055, ""volatility"": 0.019912558118617172, ""volume_state"": 15.078557458292785}",assumed_next_daily_close,42321.0,5,0000059478,0,0.015987384764677426,0.008870518311473306,0.1265444917454055,346.7897999999999,0.00819427234706174,89.0426,12.6,13.55,-95.00000000000011,9afe3a06aed4a8a54dba801f,True,0.0036900369003690036,271,4.0488337941581e-05,2469847.0,,,,,,,,,,,,,,,,,,,,,,,,,,,,,,,,,,,,,,,,,,,,bounded_preclose_bid_ask,,,,False,not_requested_for_horizon_or_variant,,,,ordinary,covered_call,100,completed,423.21,429.46,False,625.0,H25,2,LLY,183.2102,primary,0.019912558118617172,15.078557458292785,2023
0.05993225650360601,2023-05-31,353,410d92465e540d4d59bb0d2a,time_value,25.767599999999998,O:LLY230915C00460000,1,1,2023-05-22,2023-05-22,116,0.03583031867093712,347,0.0,0.0011999999999999817,2023-05-23,348,True,2023-05-31,353,2024-02-13,33,4492062.0,2023-05-31,scheduled_exit,353,2023-09-15,"{""market_momentum"": 0.015987384764677426, ""market_volatility"": 0.008870518311473306, ""momentum"": 0.1265444917454055, ""volatility"": 0.019912558118617172, ""volume_state"": 15.078557458292785}",assumed_next_daily_close,42321.0,5,0000059478,0,0.015987384764677426,0.008870518311473306,0.1265444917454055,573.8398,0.013559221190425557,25.392599999999998,12.6,0.0,-0.0,9afe3a06aed4a8a54dba801f,True,0.0036900369003690036,271,4.0488337941581e-05,2469847.0,,,,,,,,,,,,,,,,,,,,,,,,,,,,,,,,,,,,,,,,,,,,bounded_preclose_bid_ask,,,,False,not_requested_for_horizon_or_variant,,,,ordinary,covered_call,100,completed,423.21,429.46,True,625.0,H25,2,LLY,51.160199999999996,primary,0.019912558118617172,15.078557458292785,2023
0.05993225650360601,2023-06-07,358,410d92465e540d4d59bb0d2a,time_value,94.3822,O:LLY230915C00460000,1,1,2023-05-22,2023-05-22,116,0.03583031867093712,347,0.0,0.004207962949835795,2023-05-23,348,True,2023-06-07,358,2024-02-13,33,4492062.0,2023-06-07,scheduled_exit,358,2023-09-15,"{""market_momentum"": 0.015987384764677426, ""market_volatility"": 0.008870518311473306, ""momentum"": 0.1265444917454055, ""volatility"": 0.019912558118617172, ""volume_state"": 15.078557458292785}",assumed_next_daily_close,42321.0,10,0000059478,0,0.015987384764677426,0.008870518311473306,0.1265444917454055,1041.5752,0.024611308806502682,89.0426,12.6,13.51,-91.00000000000001,9afe3a06aed4a8a54dba801f,True,0.0036900369003690036,271,4.0488337941581e-05,2469847.0,True,0.249331456,15.85,10,15.45,13,0.02555910543130993,0.000492544,434.01,6100,433.91,200,0.00023043598488332078,4,,11.35,3.186873344,11.95,7,11.35,4,0.05150214592274676,423.3,0.001765888,423.3,3800,423.14,2600,0.0003780539672038774,13.6,0.003828224,13.6,4,13.2,7,0.029850746268656747,436.51,0.000471808,436.52,500,436.51,2200,2.290872020432495e-05,bounded_preclose_bid_ask,1052.5537999999979,0.024865433498700636,-225.0,False,completed_bounded_proxy,1320.999999999998,43.446200000000005,,ordinary,covered_call,100,completed,423.21,436.37,False,1316.0,H25,2,LLY,183.4248,primary,0.019912558118617172,15.078557458292785,2023
0.05993225650360601,2023-06-07,358,410d92465e540d4d59bb0d2a,time_value,26.182199999999998,O:LLY230915C00460000,1,1,2023-05-22,2023-05-22,116,0.03583031867093712,347,0.0,0.0011999999999999817,2023-05-23,348,True,2023-06-07,358,2024-02-13,33,4492062.0,2023-06-07,scheduled_exit,358,2023-09-15,"{""market_momentum"": 0.015987384764677426, ""market_volatility"": 0.008870518311473306, ""momentum"": 0.1265444917454055, ""volatility"": 0.019912558118617172, ""volume_state"": 15.078557458292785}",assumed_next_daily_close,42321.0,10,0000059478,0,0.015987384764677426,0.008870518311473306,0.1265444917454055,1264.4252000000001,0.029877016138560055,25.392599999999998,12.6,0.0,-0.0,9afe3a06aed4a8a54dba801f,True,0.0036900369003690036,271,4.0488337941581e-05,2469847.0,True,0.249331456,15.85,10,15.45,13,0.02555910543130993,0.000492544,434.01,6100,433.91,200,0.00023043598488332078,7,,0.0,3.186873344,11.95,7,11.35,4,0.05150214592274676,423.3,0.001765888,423.3,3800,423.14,2600,0.0003780539672038774,0.0,0.003828224,13.6,4,13.2,7,0.029850746268656747,436.51,0.000471808,436.52,500,436.51,2200,2.290872020432495e-05,bounded_preclose_bid_ask,1303.8037999999979,0.03080094023151424,0.0,False,completed_bounded_proxy,1320.999999999998,17.1962,,ordinary,covered_call,100,completed,423.21,436.37,True,1316.0,H25,2,LLY,51.574799999999996,primary,0.019912558118617172,15.078557458292785,2023
0.05993225650360601,2023-06-23,369,410d92465e540d4d59bb0d2a,time_value,139.9804,O:LLY230915C00460000,1,1,2023-05-22,2023-05-22,116,0.03583031867093712,347,0.0,0.004207962949835795,2023-05-23,348,True,2023-06-23,369,2024-02-13,33,4492062.0,2023-06-23,scheduled_exit,369,2023-09-15,"{""market_momentum"": 0.015987384764677426, ""market_volatility"": 0.008870518311473306, ""momentum"": 0.1265444917454055, ""volatility"": 0.019912558118617172, ""volume_state"": 15.078557458292785}",assumed_next_daily_close,42321.0,21,0000059478,0,0.015987384764677426,0.008870518311473306,0.1265444917454055,2357.9770000000003,0.05571647645377,89.0426,12.6,22.36,-976.0,9afe3a06aed4a8a54dba801f,True,0.0036900369003690036,271,4.0488337941581e-05,2469847.0,,,,,,,,,,,,,,,,,,,,,,,,,,,,,,,,,,,,,,,,,,,,bounded_preclose_bid_ask,,,,False,not_requested_for_horizon_or_variant,,,,ordinary,covered_call,100,completed,423.21,458.84,False,3563.0,H25,2,LLY,229.023,primary,0.019912558118617172,15.078557458292785,2023
0.05993225650360601,2023-06-23,369,410d92465e540d4d59bb0d2a,time_value,27.530399999999997,O:LLY230915C00460000,1,1,2023-05-22,2023-05-22,116,0.03583031867093712,347,0.0,0.0011999999999999817,2023-05-23,348,True,2023-06-23,369,2024-02-13,33,4492062.0,2023-06-23,scheduled_exit,369,2023-09-15,"{""market_momentum"": 0.015987384764677426, ""market_volatility"": 0.008870518311473306, ""momentum"": 0.1265444917454055, ""volatility"": 0.019912558118617172, ""volume_state"": 15.078557458292785}",assumed_next_daily_close,42321.0,21,0000059478,0,0.015987384764677426,0.008870518311473306,0.1265444917454055,3510.0769999999998,0.08293936816237801,25.392599999999998,12.6,0.0,-0.0,9afe3a06aed4a8a54dba801f,True,0.0036900369003690036,271,4.0488337941581e-05,2469847.0,,,,,,,,,,,,,,,,,,,,,,,,,,,,,,,,,,,,,,,,,,,,bounded_preclose_bid_ask,,,,False,not_requested_for_horizon_or_variant,,,,ordinary,covered_call,100,completed,423.21,458.84,True,3563.0,H25,2,LLY,52.922999999999995,primary,0.019912558118617172,15.078557458292785,2023
0.05993225650360601,2023-07-25,390,410d92465e540d4d59bb0d2a,time_value,114.1024,O:LLY230915C00460000,1,1,2023-05-22,2023-05-22,116,0.03583031867093712,347,0.0,0.004207962949835795,2023-05-23,348,True,2023-07-25,390,2024-02-13,33,4492062.0,2023-07-25,scheduled_exit,390,2023-09-15,"{""market_momentum"": 0.015987384764677426, ""market_volatility"": 0.008870518311473306, ""momentum"": 0.1265444917454055, ""volatility"": 0.019912558118617172, ""volume_state"": 15.078557458292785}",assumed_next_daily_close,42321.0,42,0000059478,0,0.015987384764677426,0.008870518311473306,0.1265444917454055,2769.855,0.0654487134046927,89.0426,12.6,17.2,-459.99999999999994,9afe3a06aed4a8a54dba801f,True,0.0036900369003690036,271,4.0488337941581e-05,2469847.0,,,,,,,,,,,,,,,,,,,,,,,,,,,,,,,,,,,,,,,,,,,,bounded_preclose_bid_ask,,,,False,not_requested_for_horizon_or_variant,,,,ordinary,covered_call,100,completed,423.21,457.54,False,3433.0,H25,2,LLY,203.14499999999998,primary,0.019912558118617172,15.078557458292785,2023
0.05993225650360601,2023-07-25,390,410d92465e540d4d59bb0d2a,time_value,27.452399999999997,O:LLY230915C00460000,1,1,2023-05-22,2023-05-22,116,0.03583031867093712,347,0.0,0.0011999999999999817,2023-05-23,348,True,2023-07-25,390,2024-02-13,33,4492062.0,2023-07-25,scheduled_exit,390,2023-09-15,"{""market_momentum"": 0.015987384764677426, ""market_volatility"": 0.008870518311473306, ""momentum"": 0.1265444917454055, ""volatility"": 0.019912558118617172, ""volume_state"": 15.078557458292785}",assumed_next_daily_close,42321.0,42,0000059478,0,0.015987384764677426,0.008870518311473306,0.1265444917454055,3380.1549999999997,0.0798694501547695,25.392599999999998,12.6,0.0,-0.0,9afe3a06aed4a8a54dba801f,True,0.0036900369003690036,271,4.0488337941581e-05,2469847.0,,,,,,,,,,,,,,,,,,,,,,,,,,,,,,,,,,,,,,,,,,,,bounded_preclose_bid_ask,,,,False,not_requested_for_horizon_or_variant,,,,ordinary,covered_call,100,completed,423.21,457.54,True,3433.0,H25,2,LLY,52.845,primary,0.019912558118617172,15.078557458292785,2023
0.05993225650360601,2023-08-24,412,410d92465e540d4d59bb0d2a,time_value,492.38,O:LLY230915C00460000,1,1,2023-05-22,2023-05-22,116,0.03583031867093712,347,112.99999999999999,,2023-05-23,348,False,2023-08-23,411,2024-02-13,33,4492062.0,2023-08-24,scheduled_exit,412,2023-09-15,"{""market_momentum"": 0.015987384764677426, ""market_volatility"": 0.008870518311473306, ""momentum"": 0.1265444917454055, ""volatility"": 0.019912558118617172, ""volume_state"": 15.078557458292785}",assumed_next_daily_close,42321.0,63,0000059478,1,0.015987384764677426,0.008870518311473306,0.1265444917454055,4093.5774,0.09672685900616715,89.0426,12.6,91.77,-7917.0,9afe3a06aed4a8a54dba801f,False,0.0036900369003690036,271,4.0488337941581e-05,2469847.0,,,,,,,,,,,,,,,,,,,,,,,,,,,,,,,,,,,,,,,,,,,,bounded_preclose_bid_ask,,,,False,not_requested_for_horizon_or_variant,,,,ordinary,covered_call,100,completed,423.21,548,False,12479.0,H25,2,LLY,581.4226,primary,0.019912558118617172,15.078557458292785,2023
0.05993225650360601,2023-08-23,411,410d92465e540d4d59bb0d2a,time_value,33.2016,O:LLY230915C00460000,1,1,2023-05-22,2023-05-22,116,0.03583031867093712,347,112.99999999999999,0.0011999999999999817,2023-05-23,348,True,2023-08-23,411,2024-02-13,33,4492062.0,2023-08-23,scheduled_exit,411,2023-09-15,"{""market_momentum"": 0.015987384764677426, ""market_volatility"": 0.008870518311473306, ""momentum"": 0.1265444917454055, ""volatility"": 0.019912558118617172, ""volume_state"": 15.078557458292785}",assumed_next_daily_close,42321.0,63,0000059478,0,0.015987384764677426,0.008870518311473306,0.1265444917454055,13069.4058,0.3088160913021904,25.392599999999998,12.6,0.0,-0.0,9afe3a06aed4a8a54dba801f,True,0.0036900369003690036,271,4.0488337941581e-05,2469847.0,,,,,,,,,,,,,,,,,,,,,,,,,,,,,,,,,,,,,,,,,,,,bounded_preclose_bid_ask,,,,False,not_requested_for_horizon_or_variant,,,,ordinary,covered_call,100,completed,423.21,553.36,True,13015.0,H25,2,LLY,58.5942,primary,0.019912558118617172,15.078557458292785,2023
0.05993225650360601,2023-09-15,427,410d92465e540d4d59bb0d2a,time_value,28.249999999999996,O:LLY230915C00460000,1,1,2023-05-22,2023-05-22,116,0.03583031867093712,347,112.99999999999999,,2023-05-23,348,True,2023-09-15,427,2024-02-13,33,4492062.0,2023-09-15,modelled_physical_expiry,427,2023-09-15,"{""market_momentum"": 0.015987384764677426, ""market_volatility"": 0.008870518311473306, ""momentum"": 0.1265444917454055, ""volatility"": 0.019912558118617172, ""volume_state"": 15.078557458292785}",assumed_next_daily_close,42321.0,expiry,0000059478,4,0.015987384764677426,0.008870518311473306,0.1265444917454055,4934.7074,0.11660186195978356,89.0426,12.6,0.0,1260.0,9afe3a06aed4a8a54dba801f,False,0.0036900369003690036,271,4.0488337941581e-05,2469847.0,,,,,,,,,,,,,,,,,,,,,,,,,,,,,,,,,,,,,,,,,,,,bounded_preclose_bid_ask,,,,False,not_requested_for_horizon_or_variant,,,,ordinary,covered_call,100,completed,423.21,460.0,False,3679.0,H25,2,LLY,117.2926,primary,0.019912558118617172,15.078557458292785,2023
0.05993225650360601,2023-09-15,427,410d92465e540d4d59bb0d2a,time_value,34.5396,O:LLY230915C00460000,1,1,2023-05-22,2023-05-22,116,0.03583031867093712,347,112.99999999999999,0.0011999999999999817,2023-05-23,348,True,2023-09-15,427,2024-02-13,33,4492062.0,2023-09-15,scheduled_exit,427,2023-09-15,"{""market_momentum"": 0.015987384764677426, ""market_volatility"": 0.008870518311473306, ""momentum"": 0.1265444917454055, ""volatility"": 0.019912558118617172, ""volume_state"": 15.078557458292785}",assumed_next_daily_close,42321.0,expiry,0000059478,0,0.015987384764677426,0.008870518311473306,0.1265444917454055,15298.0678,0.3614769925096288,25.392599999999998,12.6,0.0,-0.0,9afe3a06aed4a8a54dba801f,True,0.0036900369003690036,271,4.0488337941581e-05,2469847.0,,,,,,,,,,,,,,,,,,,,,,,,,,,,,,,,,,,,,,,,,,,,bounded_preclose_bid_ask,,,,False,not_requested_for_horizon_or_variant,,,,ordinary,covered_call,100,completed,423.21,575.66,True,15245.0,H25,2,LLY,59.932199999999995,primary,0.019912558118617172,15.078557458292785,2023
,,,421c62904cd35b32943ddf19,time_value,,,1,1,2024-10-09,2024-10-09,,,695,,,2024-10-10,696,False,,,2025-05-19,,,,,,,"{""market_momentum"": 0.05165910457552081, ""market_volatility"": 0.006787086098060769, ""momentum"": 0.18562963849652858, ""volatility"": 0.01974394352778154, ""volume_state"": 14.745583928547749}",assumed_next_daily_close,,1,0000018230,,0.05165910457552081,0.006787086098060769,0.18562963849652858,,,,,,,7e06841522c9c157c9e4a51d,False,,,,,,,,,,,,,,,,,,,,,,,,,,,,,,,,,,,,,,,,,,,,,,,,bounded_preclose_bid_ask,,,,False,not_requested_for_horizon_or_variant,,,incomplete_prior_liquidity,ordinary,protective_put,,incomplete_prior_liquidity,,,False,,H25,2,CAT,,primary,0.01974394352778154,14.745583928547749,2024
,,,421c62904cd35b32943ddf19,time_value,,,1,1,2024-10-09,2024-10-09,,,695,,,2024-10-10,696,False,,,2025-05-19,,,,,,,"{""market_momentum"": 0.05165910457552081, ""market_volatility"": 0.006787086098060769, ""momentum"": 0.18562963849652858, ""volatility"": 0.01974394352778154, ""volume_state"": 14.745583928547749}",assumed_next_daily_close,,1,0000018230,,0.05165910457552081,0.006787086098060769,0.18562963849652858,,,,,,,7e06841522c9c157c9e4a51d,False,,,,,,,,,,,,,,,,,,,,,,,,,,,,,,,,,,,,,,,,,,,,,,,,bounded_preclose_bid_ask,,,,False,not_requested_for_horizon_or_variant,,,incomplete_prior_liquidity,ordinary,protective_put,,incomplete_prior_liquidity,,,True,,H25,2,CAT,,primary,0.01974394352778154,14.745583928547749,2024
,,,421c62904cd35b32943ddf19,time_value,,,1,1,2024-10-09,2024-10-09,,,695,,,2024-10-10,696,False,,,2025-05-19,,,,,,,"{""market_momentum"": 0.05165910457552081, ""market_volatility"": 0.006787086098060769, ""momentum"": 0.18562963849652858, ""volatility"": 0.01974394352778154, ""volume_state"": 14.745583928547749}",assumed_next_daily_close,,2,0000018230,,0.05165910457552081,0.006787086098060769,0.18562963849652858,,,,,,,7e06841522c9c157c9e4a51d,False,,,,,,,,,,,,,,,,,,,,,,,,,,,,,,,,,,,,,,,,,,,,,,,,bounded_preclose_bid_ask,,,,False,not_requested_for_horizon_or_variant,,,incomplete_prior_liquidity,ordinary,protective_put,,incomplete_prior_liquidity,,,False,,H25,2,CAT,,primary,0.01974394352778154,14.745583928547749,2024
,,,421c62904cd35b32943ddf19,time_value,,,1,1,2024-10-09,2024-10-09,,,695,,,2024-10-10,696,False,,,2025-05-19,,,,,,,"{""market_momentum"": 0.05165910457552081, ""market_volatility"": 0.006787086098060769, ""momentum"": 0.18562963849652858, ""volatility"": 0.01974394352778154, ""volume_state"": 14.745583928547749}",assumed_next_daily_close,,2,0000018230,,0.05165910457552081,0.006787086098060769,0.18562963849652858,,,,,,,7e06841522c9c157c9e4a51d,False,,,,,,,,,,,,,,,,,,,,,,,,,,,,,,,,,,,,,,,,,,,,,,,,bounded_preclose_bid_ask,,,,False,not_requested_for_horizon_or_variant,,,incomplete_prior_liquidity,ordinary,protective_put,,incomplete_prior_liquidity,,,True,,H25,2,CAT,,primary,0.01974394352778154,14.745583928547749,2024
,,,421c62904cd35b32943ddf19,time_value,,,1,1,2024-10-09,2024-10-09,,,695,,,2024-10-10,696,False,,,2025-05-19,,,,,,,"{""market_momentum"": 0.05165910457552081, ""market_volatility"": 0.006787086098060769, ""momentum"": 0.18562963849652858, ""volatility"": 0.01974394352778154, ""volume_state"": 14.745583928547749}",assumed_next_daily_close,,3,0000018230,,0.05165910457552081,0.006787086098060769,0.18562963849652858,,,,,,,7e06841522c9c157c9e4a51d,False,,,,,,,,,,,,,,,,,,,,,,,,,,,,,,,,,,,,,,,,,,,,,,,,bounded_preclose_bid_ask,,,,False,not_requested_for_horizon_or_variant,,,incomplete_prior_liquidity,ordinary,protective_put,,incomplete_prior_liquidity,,,False,,H25,2,CAT,,primary,0.01974394352778154,14.745583928547749,2024
,,,421c62904cd35b32943ddf19,time_value,,,1,1,2024-10-09,2024-10-09,,,695,,,2024-10-10,696,False,,,2025-05-19,,,,,,,"{""market_momentum"": 0.05165910457552081, ""market_volatility"": 0.006787086098060769, ""momentum"": 0.18562963849652858, ""volatility"": 0.01974394352778154, ""volume_state"": 14.745583928547749}",assumed_next_daily_close,,3,0000018230,,0.05165910457552081,0.006787086098060769,0.18562963849652858,,,,,,,7e06841522c9c157c9e4a51d,False,,,,,,,,,,,,,,,,,,,,,,,,,,,,,,,,,,,,,,,,,,,,,,,,bounded_preclose_bid_ask,,,,False,not_requested_for_horizon_or_variant,,,incomplete_prior_liquidity,ordinary,protective_put,,incomplete_prior_liquidity,,,True,,H25,2,CAT,,primary,0.01974394352778154,14.745583928547749,2024
,,,421c62904cd35b32943ddf19,time_value,,,1,1,2024-10-09,2024-10-09,,,695,,,2024-10-10,696,False,,,2025-05-19,,,,,,,"{""market_momentum"": 0.05165910457552081, ""market_volatility"": 0.006787086098060769, ""momentum"": 0.18562963849652858, ""volatility"": 0.01974394352778154, ""volume_state"": 14.745583928547749}",assumed_next_daily_close,,5,0000018230,,0.05165910457552081,0.006787086098060769,0.18562963849652858,,,,,,,7e06841522c9c157c9e4a51d,False,,,,,,,,,,,,,,,,,,,,,,,,,,,,,,,,,,,,,,,,,,,,,,,,bounded_preclose_bid_ask,,,,False,not_requested_for_horizon_or_variant,,,incomplete_prior_liquidity,ordinary,protective_put,,incomplete_prior_liquidity,,,False,,H25,2,CAT,,primary,0.01974394352778154,14.745583928547749,2024
,,,421c62904cd35b32943ddf19,time_value,,,1,1,2024-10-09,2024-10-09,,,695,,,2024-10-10,696,False,,,2025-05-19,,,,,,,"{""market_momentum"": 0.05165910457552081, ""market_volatility"": 0.006787086098060769, ""momentum"": 0.18562963849652858, ""volatility"": 0.01974394352778154, ""volume_state"": 14.745583928547749}",assumed_next_daily_close,,5,0000018230,,0.05165910457552081,0.006787086098060769,0.18562963849652858,,,,,,,7e06841522c9c157c9e4a51d,False,,,,,,,,,,,,,,,,,,,,,,,,,,,,,,,,,,,,,,,,,,,,,,,,bounded_preclose_bid_ask,,,,False,not_requested_for_horizon_or_variant,,,incomplete_prior_liquidity,ordinary,protective_put,,incomplete_prior_liquidity,,,True,,H25,2,CAT,,primary,0.01974394352778154,14.745583928547749,2024
,,,421c62904cd35b32943ddf19,time_value,,,1,1,2024-10-09,2024-10-09,,,695,,,2024-10-10,696,False,,,2025-05-19,,,,,,,"{""market_momentum"": 0.05165910457552081, ""market_volatility"": 0.006787086098060769, ""momentum"": 0.18562963849652858, ""volatility"": 0.01974394352778154, ""volume_state"": 14.745583928547749}",assumed_next_daily_close,,10,0000018230,,0.05165910457552081,0.006787086098060769,0.18562963849652858,,,,,,,7e06841522c9c157c9e4a51d,False,,,,,,,,,,,,,,,,,,,,,,,,,,,,,,,,,,,,,,,,,,,,,,,,bounded_preclose_bid_ask,,,,False,bar_outcome_not_completed,,,incomplete_prior_liquidity,ordinary,protective_put,,incomplete_prior_liquidity,,,False,,H25,2,CAT,,primary,0.01974394352778154,14.745583928547749,2024
,,,421c62904cd35b32943ddf19,time_value,,,1,1,2024-10-09,2024-10-09,,,695,,,2024-10-10,696,False,,,2025-05-19,,,,,,,"{""market_momentum"": 0.05165910457552081, ""market_volatility"": 0.006787086098060769, ""momentum"": 0.18562963849652858, ""volatility"": 0.01974394352778154, ""volume_state"": 14.745583928547749}",assumed_next_daily_close,,10,0000018230,,0.05165910457552081,0.006787086098060769,0.18562963849652858,,,,,,,7e06841522c9c157c9e4a51d,False,,,,,,,,,,,,,,,,,,,,,,,,,,,,,,,,,,,,,,,,,,,,,,,,bounded_preclose_bid_ask,,,,False,bar_outcome_not_completed,,,incomplete_prior_liquidity,ordinary,protective_put,,incomplete_prior_liquidity,,,True,,H25,2,CAT,,primary,0.01974394352778154,14.745583928547749,2024
,,,421c62904cd35b32943ddf19,time_value,,,1,1,2024-10-09,2024-10-09,,,695,,,2024-10-10,696,False,,,2025-05-19,,,,,,,"{""market_momentum"": 0.05165910457552081, ""market_volatility"": 0.006787086098060769, ""momentum"": 0.18562963849652858, ""volatility"": 0.01974394352778154, ""volume_state"": 14.745583928547749}",assumed_next_daily_close,,21,0000018230,,0.05165910457552081,0.006787086098060769,0.18562963849652858,,,,,,,7e06841522c9c157c9e4a51d,False,,,,,,,,,,,,,,,,,,,,,,,,,,,,,,,,,,,,,,,,,,,,,,,,bounded_preclose_bid_ask,,,,False,not_requested_for_horizon_or_variant,,,incomplete_prior_liquidity,ordinary,protective_put,,incomplete_prior_liquidity,,,False,,H25,2,CAT,,primary,0.01974394352778154,14.745583928547749,2024
,,,421c62904cd35b32943ddf19,time_value,,,1,1,2024-10-09,2024-10-09,,,695,,,2024-10-10,696,False,,,2025-05-19,,,,,,,"{""market_momentum"": 0.05165910457552081, ""market_volatility"": 0.006787086098060769, ""momentum"": 0.18562963849652858, ""volatility"": 0.01974394352778154, ""volume_state"": 14.745583928547749}",assumed_next_daily_close,,21,0000018230,,0.05165910457552081,0.006787086098060769,0.18562963849652858,,,,,,,7e06841522c9c157c9e4a51d,False,,,,,,,,,,,,,,,,,,,,,,,,,,,,,,,,,,,,,,,,,,,,,,,,bounded_preclose_bid_ask,,,,False,not_requested_for_horizon_or_variant,,,incomplete_prior_liquidity,ordinary,protective_put,,incomplete_prior_liquidity,,,True,,H25,2,CAT,,primary,0.01974394352778154,14.745583928547749,2024
,,,421c62904cd35b32943ddf19,time_value,,,1,1,2024-10-09,2024-10-09,,,695,,,2024-10-10,696,False,,,2025-05-19,,,,,,,"{""market_momentum"": 0.05165910457552081, ""market_volatility"": 0.006787086098060769, ""momentum"": 0.18562963849652858, ""volatility"": 0.01974394352778154, ""volume_state"": 14.745583928547749}",assumed_next_daily_close,,42,0000018230,,0.05165910457552081,0.006787086098060769,0.18562963849652858,,,,,,,7e06841522c9c157c9e4a51d,False,,,,,,,,,,,,,,,,,,,,,,,,,,,,,,,,,,,,,,,,,,,,,,,,bounded_preclose_bid_ask,,,,False,not_requested_for_horizon_or_variant,,,incomplete_prior_liquidity,ordinary,protective_put,,incomplete_prior_liquidity,,,False,,H25,2,CAT,,primary,0.01974394352778154,14.745583928547749,2024
,,,421c62904cd35b32943ddf19,time_value,,,1,1,2024-10-09,2024-10-09,,,695,,,2024-10-10,696,False,,,2025-05-19,,,,,,,"{""market_momentum"": 0.05165910457552081, ""market_volatility"": 0.006787086098060769, ""momentum"": 0.18562963849652858, ""volatility"": 0.01974394352778154, ""volume_state"": 14.745583928547749}",assumed_next_daily_close,,42,0000018230,,0.05165910457552081,0.006787086098060769,0.18562963849652858,,,,,,,7e06841522c9c157c9e4a51d,False,,,,,,,,,,,,,,,,,,,,,,,,,,,,,,,,,,,,,,,,,,,,,,,,bounded_preclose_bid_ask,,,,False,not_requested_for_horizon_or_variant,,,incomplete_prior_liquidity,ordinary,protective_put,,incomplete_prior_liquidity,,,True,,H25,2,CAT,,primary,0.01974394352778154,14.745583928547749,2024
,,,421c62904cd35b32943ddf19,time_value,,,1,1,2024-10-09,2024-10-09,,,695,,,2024-10-10,696,False,,,2025-05-19,,,,,,,"{""market_momentum"": 0.05165910457552081, ""market_volatility"": 0.006787086098060769, ""momentum"": 0.18562963849652858, ""volatility"": 0.01974394352778154, ""volume_state"": 14.745583928547749}",assumed_next_daily_close,,63,0000018230,,0.05165910457552081,0.006787086098060769,0.18562963849652858,,,,,,,7e06841522c9c157c9e4a51d,False,,,,,,,,,,,,,,,,,,,,,,,,,,,,,,,,,,,,,,,,,,,,,,,,bounded_preclose_bid_ask,,,,False,not_requested_for_horizon_or_variant,,,incomplete_prior_liquidity,ordinary,protective_put,,incomplete_prior_liquidity,,,False,,H25,2,CAT,,primary,0.01974394352778154,14.745583928547749,2024
,,,421c62904cd35b32943ddf19,time_value,,,1,1,2024-10-09,2024-10-09,,,695,,,2024-10-10,696,False,,,2025-05-19,,,,,,,"{""market_momentum"": 0.05165910457552081, ""market_volatility"": 0.006787086098060769, ""momentum"": 0.18562963849652858, ""volatility"": 0.01974394352778154, ""volume_state"": 14.745583928547749}",assumed_next_daily_close,,63,0000018230,,0.05165910457552081,0.006787086098060769,0.18562963849652858,,,,,,,7e06841522c9c157c9e4a51d,False,,,,,,,,,,,,,,,,,,,,,,,,,,,,,,,,,,,,,,,,,,,,,,,,bounded_preclose_bid_ask,,,,False,not_requested_for_horizon_or_variant,,,incomplete_prior_liquidity,ordinary,protective_put,,incomplete_prior_liquidity,,,True,,H25,2,CAT,,primary,0.01974394352778154,14.745583928547749,2024
,,,421c62904cd35b32943ddf19,time_value,,,1,1,2024-10-09,2024-10-09,,,695,,,2024-10-10,696,False,,,2025-05-19,,,,,,,"{""market_momentum"": 0.05165910457552081, ""market_volatility"": 0.006787086098060769, ""momentum"": 0.18562963849652858, ""volatility"": 0.01974394352778154, ""volume_state"": 14.745583928547749}",assumed_next_daily_close,,expiry,0000018230,,0.05165910457552081,0.006787086098060769,0.18562963849652858,,,,,,,7e06841522c9c157c9e4a51d,False,,,,,,,,,,,,,,,,,,,,,,,,,,,,,,,,,,,,,,,,,,,,,,,,bounded_preclose_bid_ask,,,,False,not_requested_for_horizon_or_variant,,,incomplete_prior_liquidity,ordinary,protective_put,,incomplete_prior_liquidity,,,False,,H25,2,CAT,,primary,0.01974394352778154,14.745583928547749,2024
,,,421c62904cd35b32943ddf19,time_value,,,1,1,2024-10-09,2024-10-09,,,695,,,2024-10-10,696,False,,,2025-05-19,,,,,,,"{""market_momentum"": 0.05165910457552081, ""market_volatility"": 0.006787086098060769, ""momentum"": 0.18562963849652858, ""volatility"": 0.01974394352778154, ""volume_state"": 14.745583928547749}",assumed_next_daily_close,,expiry,0000018230,,0.05165910457552081,0.006787086098060769,0.18562963849652858,,,,,,,7e06841522c9c157c9e4a51d,False,,,,,,,,,,,,,,,,,,,,,,,,,,,,,,,,,,,,,,,,,,,,,,,,bounded_preclose_bid_ask,,,,False,not_requested_for_horizon_or_variant,,,incomplete_prior_liquidity,ordinary,protective_put,,incomplete_prior_liquidity,,,True,,H25,2,CAT,,primary,0.01974394352778154,14.745583928547749,2024
,,,44e2ef7263eceea802b35d49,time_value,,,1,1,2023-02-14,2023-02-14,,,280,,,2023-02-15,281,False,,,2023-02-14,,,,,,,"{""market_momentum"": 0.035483061480552136, ""market_volatility"": 0.010424355707147738, ""momentum"": -0.04882098970441706, ""volatility"": 0.026849462020412714, ""volume_state"": 17.688587076864152}",assumed_next_daily_close,,1,0000050863,,0.035483061480552136,0.010424355707147738,-0.04882098970441706,,,,,,,c7975fbe6a0c406d963e7f52,False,,,,,,,,,,,,,,,,,,,,,,,,,,,,,,,,,,,,,,,,,,,,,,,,bounded_preclose_bid_ask,,,,False,not_requested_for_horizon_or_variant,,,no_standard_contract_within_rules,event,protective_put,,no_standard_contract_within_rules,,,False,,H25,2,INTC,,primary,0.026849462020412714,17.688587076864152,2023
,,,44e2ef7263eceea802b35d49,time_value,,,1,1,2023-02-14,2023-02-14,,,280,,,2023-02-15,281,False,,,2023-02-14,,,,,,,"{""market_momentum"": 0.035483061480552136, ""market_volatility"": 0.010424355707147738, ""momentum"": -0.04882098970441706, ""volatility"": 0.026849462020412714, ""volume_state"": 17.688587076864152}",assumed_next_daily_close,,1,0000050863,,0.035483061480552136,0.010424355707147738,-0.04882098970441706,,,,,,,c7975fbe6a0c406d963e7f52,False,,,,,,,,,,,,,,,,,,,,,,,,,,,,,,,,,,,,,,,,,,,,,,,,bounded_preclose_bid_ask,,,,False,not_requested_for_horizon_or_variant,,,no_standard_contract_within_rules,event,protective_put,,no_standard_contract_within_rules,,,True,,H25,2,INTC,,primary,0.026849462020412714,17.688587076864152,2023
,,,44e2ef7263eceea802b35d49,time_value,,,1,1,2023-02-14,2023-02-14,,,280,,,2023-02-15,281,False,,,2023-02-14,,,,,,,"{""market_momentum"": 0.035483061480552136, ""market_volatility"": 0.010424355707147738, ""momentum"": -0.04882098970441706, ""volatility"": 0.026849462020412714, ""volume_state"": 17.688587076864152}",assumed_next_daily_close,,2,0000050863,,0.035483061480552136,0.010424355707147738,-0.04882098970441706,,,,,,,c7975fbe6a0c406d963e7f52,False,,,,,,,,,,,,,,,,,,,,,,,,,,,,,,,,,,,,,,,,,,,,,,,,bounded_preclose_bid_ask,,,,False,not_requested_for_horizon_or_variant,,,no_standard_contract_within_rules,event,protective_put,,no_standard_contract_within_rules,,,False,,H25,2,INTC,,primary,0.026849462020412714,17.688587076864152,2023
,,,44e2ef7263eceea802b35d49,time_value,,,1,1,2023-02-14,2023-02-14,,,280,,,2023-02-15,281,False,,,2023-02-14,,,,,,,"{""market_momentum"": 0.035483061480552136, ""market_volatility"": 0.010424355707147738, ""momentum"": -0.04882098970441706, ""volatility"": 0.026849462020412714, ""volume_state"": 17.688587076864152}",assumed_next_daily_close,,2,0000050863,,0.035483061480552136,0.010424355707147738,-0.04882098970441706,,,,,,,c7975fbe6a0c406d963e7f52,False,,,,,,,,,,,,,,,,,,,,,,,,,,,,,,,,,,,,,,,,,,,,,,,,bounded_preclose_bid_ask,,,,False,not_requested_for_horizon_or_variant,,,no_standard_contract_within_rules,event,protective_put,,no_standard_contract_within_rules,,,True,,H25,2,INTC,,primary,0.026849462020412714,17.688587076864152,2023
,,,44e2ef7263eceea802b35d49,time_value,,,1,1,2023-02-14,2023-02-14,,,280,,,2023-02-15,281,False,,,2023-02-14,,,,,,,"{""market_momentum"": 0.035483061480552136, ""market_volatility"": 0.010424355707147738, ""momentum"": -0.04882098970441706, ""volatility"": 0.026849462020412714, ""volume_state"": 17.688587076864152}",assumed_next_daily_close,,3,0000050863,,0.035483061480552136,0.010424355707147738,-0.04882098970441706,,,,,,,c7975fbe6a0c406d963e7f52,False,,,,,,,,,,,,,,,,,,,,,,,,,,,,,,,,,,,,,,,,,,,,,,,,bounded_preclose_bid_ask,,,,False,not_requested_for_horizon_or_variant,,,no_standard_contract_within_rules,event,protective_put,,no_standard_contract_within_rules,,,False,,H25,2,INTC,,primary,0.026849462020412714,17.688587076864152,2023
,,,44e2ef7263eceea802b35d49,time_value,,,1,1,2023-02-14,2023-02-14,,,280,,,2023-02-15,281,False,,,2023-02-14,,,,,,,"{""market_momentum"": 0.035483061480552136, ""market_volatility"": 0.010424355707147738, ""momentum"": -0.04882098970441706, ""volatility"": 0.026849462020412714, ""volume_state"": 17.688587076864152}",assumed_next_daily_close,,3,0000050863,,0.035483061480552136,0.010424355707147738,-0.04882098970441706,,,,,,,c7975fbe6a0c406d963e7f52,False,,,,,,,,,,,,,,,,,,,,,,,,,,,,,,,,,,,,,,,,,,,,,,,,bounded_preclose_bid_ask,,,,False,not_requested_for_horizon_or_variant,,,no_standard_contract_within_rules,event,protective_put,,no_standard_contract_within_rules,,,True,,H25,2,INTC,,primary,0.026849462020412714,17.688587076864152,2023
,,,44e2ef7263eceea802b35d49,time_value,,,1,1,2023-02-14,2023-02-14,,,280,,,2023-02-15,281,False,,,2023-02-14,,,,,,,"{""market_momentum"": 0.035483061480552136, ""market_volatility"": 0.010424355707147738, ""momentum"": -0.04882098970441706, ""volatility"": 0.026849462020412714, ""volume_state"": 17.688587076864152}",assumed_next_daily_close,,5,0000050863,,0.035483061480552136,0.010424355707147738,-0.04882098970441706,,,,,,,c7975fbe6a0c406d963e7f52,False,,,,,,,,,,,,,,,,,,,,,,,,,,,,,,,,,,,,,,,,,,,,,,,,bounded_preclose_bid_ask,,,,False,not_requested_for_horizon_or_variant,,,no_standard_contract_within_rules,event,protective_put,,no_standard_contract_within_rules,,,False,,H25,2,INTC,,primary,0.026849462020412714,17.688587076864152,2023
,,,44e2ef7263eceea802b35d49,time_value,,,1,1,2023-02-14,2023-02-14,,,280,,,2023-02-15,281,False,,,2023-02-14,,,,,,,"{""market_momentum"": 0.035483061480552136, ""market_volatility"": 0.010424355707147738, ""momentum"": -0.04882098970441706, ""volatility"": 0.026849462020412714, ""volume_state"": 17.688587076864152}",assumed_next_daily_close,,5,0000050863,,0.035483061480552136,0.010424355707147738,-0.04882098970441706,,,,,,,c7975fbe6a0c406d963e7f52,False,,,,,,,,,,,,,,,,,,,,,,,,,,,,,,,,,,,,,,,,,,,,,,,,bounded_preclose_bid_ask,,,,False,not_requested_for_horizon_or_variant,,,no_standard_contract_within_rules,event,protective_put,,no_standard_contract_within_rules,,,True,,H25,2,INTC,,primary,0.026849462020412714,17.688587076864152,2023
,,,44e2ef7263eceea802b35d49,time_value,,,1,1,2023-02-14,2023-02-14,,,280,,,2023-02-15,281,False,,,2023-02-14,,,,,,,"{""market_momentum"": 0.035483061480552136, ""market_volatility"": 0.010424355707147738, ""momentum"": -0.04882098970441706, ""volatility"": 0.026849462020412714, ""volume_state"": 17.688587076864152}",assumed_next_daily_close,,10,0000050863,,0.035483061480552136,0.010424355707147738,-0.04882098970441706,,,,,,,c7975fbe6a0c406d963e7f52,False,,,,,,,,,,,,,,,,,,,,,,,,,,,,,,,,,,,,,,,,,,,,,,,,bounded_preclose_bid_ask,,,,False,not_sampled_or_missing_quotes,,,no_standard_contract_within_rules,event,protective_put,,no_standard_contract_within_rules,,,False,,H25,2,INTC,,primary,0.026849462020412714,17.688587076864152,2023
,,,44e2ef7263eceea802b35d49,time_value,,,1,1,2023-02-14,2023-02-14,,,280,,,2023-02-15,281,False,,,2023-02-14,,,,,,,"{""market_momentum"": 0.035483061480552136, ""market_volatility"": 0.010424355707147738, ""momentum"": -0.04882098970441706, ""volatility"": 0.026849462020412714, ""volume_state"": 17.688587076864152}",assumed_next_daily_close,,10,0000050863,,0.035483061480552136,0.010424355707147738,-0.04882098970441706,,,,,,,c7975fbe6a0c406d963e7f52,False,,,,,,,,,,,,,,,,,,,,,,,,,,,,,,,,,,,,,,,,,,,,,,,,bounded_preclose_bid_ask,,,,False,not_sampled_or_missing_quotes,,,no_standard_contract_within_rules,event,protective_put,,no_standard_contract_within_rules,,,True,,H25,2,INTC,,primary,0.026849462020412714,17.688587076864152,2023
,,,44e2ef7263eceea802b35d49,time_value,,,1,1,2023-02-14,2023-02-14,,,280,,,2023-02-15,281,False,,,2023-02-14,,,,,,,"{""market_momentum"": 0.035483061480552136, ""market_volatility"": 0.010424355707147738, ""momentum"": -0.04882098970441706, ""volatility"": 0.026849462020412714, ""volume_state"": 17.688587076864152}",assumed_next_daily_close,,21,0000050863,,0.035483061480552136,0.010424355707147738,-0.04882098970441706,,,,,,,c7975fbe6a0c406d963e7f52,False,,,,,,,,,,,,,,,,,,,,,,,,,,,,,,,,,,,,,,,,,,,,,,,,bounded_preclose_bid_ask,,,,False,not_requested_for_horizon_or_variant,,,no_standard_contract_within_rules,event,protective_put,,no_standard_contract_within_rules,,,False,,H25,2,INTC,,primary,0.026849462020412714,17.688587076864152,2023
,,,44e2ef7263eceea802b35d49,time_value,,,1,1,2023-02-14,2023-02-14,,,280,,,2023-02-15,281,False,,,2023-02-14,,,,,,,"{""market_momentum"": 0.035483061480552136, ""market_volatility"": 0.010424355707147738, ""momentum"": -0.04882098970441706, ""volatility"": 0.026849462020412714, ""volume_state"": 17.688587076864152}",assumed_next_daily_close,,21,0000050863,,0.035483061480552136,0.010424355707147738,-0.04882098970441706,,,,,,,c7975fbe6a0c406d963e7f52,False,,,,,,,,,,,,,,,,,,,,,,,,,,,,,,,,,,,,,,,,,,,,,,,,bounded_preclose_bid_ask,,,,False,not_requested_for_horizon_or_variant,,,no_standard_contract_within_rules,event,protective_put,,no_standard_contract_within_rules,,,True,,H25,2,INTC,,primary,0.026849462020412714,17.688587076864152,2023
,,,44e2ef7263eceea802b35d49,time_value,,,1,1,2023-02-14,2023-02-14,,,280,,,2023-02-15,281,False,,,2023-02-14,,,,,,,"{""market_momentum"": 0.035483061480552136, ""market_volatility"": 0.010424355707147738, ""momentum"": -0.04882098970441706, ""volatility"": 0.026849462020412714, ""volume_state"": 17.688587076864152}",assumed_next_daily_close,,42,0000050863,,0.035483061480552136,0.010424355707147738,-0.04882098970441706,,,,,,,c7975fbe6a0c406d963e7f52,False,,,,,,,,,,,,,,,,,,,,,,,,,,,,,,,,,,,,,,,,,,,,,,,,bounded_preclose_bid_ask,,,,False,not_requested_for_horizon_or_variant,,,no_standard_contract_within_rules,event,protective_put,,no_standard_contract_within_rules,,,False,,H25,2,INTC,,primary,0.026849462020412714,17.688587076864152,2023
,,,44e2ef7263eceea802b35d49,time_value,,,1,1,2023-02-14,2023-02-14,,,280,,,2023-02-15,281,False,,,2023-02-14,,,,,,,"{""market_momentum"": 0.035483061480552136, ""market_volatility"": 0.010424355707147738, ""momentum"": -0.04882098970441706, ""volatility"": 0.026849462020412714, ""volume_state"": 17.688587076864152}",assumed_next_daily_close,,42,0000050863,,0.035483061480552136,0.010424355707147738,-0.04882098970441706,,,,,,,c7975fbe6a0c406d963e7f52,False,,,,,,,,,,,,,,,,,,,,,,,,,,,,,,,,,,,,,,,,,,,,,,,,bounded_preclose_bid_ask,,,,False,not_requested_for_horizon_or_variant,,,no_standard_contract_within_rules,event,protective_put,,no_standard_contract_within_rules,,,True,,H25,2,INTC,,primary,0.026849462020412714,17.688587076864152,2023
,,,44e2ef7263eceea802b35d49,time_value,,,1,1,2023-02-14,2023-02-14,,,280,,,2023-02-15,281,False,,,2023-02-14,,,,,,,"{""market_momentum"": 0.035483061480552136, ""market_volatility"": 0.010424355707147738, ""momentum"": -0.04882098970441706, ""volatility"": 0.026849462020412714, ""volume_state"": 17.688587076864152}",assumed_next_daily_close,,63,0000050863,,0.035483061480552136,0.010424355707147738,-0.04882098970441706,,,,,,,c7975fbe6a0c406d963e7f52,False,,,,,,,,,,,,,,,,,,,,,,,,,,,,,,,,,,,,,,,,,,,,,,,,bounded_preclose_bid_ask,,,,False,not_requested_for_horizon_or_variant,,,no_standard_contract_within_rules,event,protective_put,,no_standard_contract_within_rules,,,False,,H25,2,INTC,,primary,0.026849462020412714,17.688587076864152,2023
,,,44e2ef7263eceea802b35d49,time_value,,,1,1,2023-02-14,2023-02-14,,,280,,,2023-02-15,281,False,,,2023-02-14,,,,,,,"{""market_momentum"": 0.035483061480552136, ""market_volatility"": 0.010424355707147738, ""momentum"": -0.04882098970441706, ""volatility"": 0.026849462020412714, ""volume_state"": 17.688587076864152}",assumed_next_daily_close,,63,0000050863,,0.035483061480552136,0.010424355707147738,-0.04882098970441706,,,,,,,c7975fbe6a0c406d963e7f52,False,,,,,,,,,,,,,,,,,,,,,,,,,,,,,,,,,,,,,,,,,,,,,,,,bounded_preclose_bid_ask,,,,False,not_requested_for_horizon_or_variant,,,no_standard_contract_within_rules,event,protective_put,,no_standard_contract_within_rules,,,True,,H25,2,INTC,,primary,0.026849462020412714,17.688587076864152,2023
,,,44e2ef7263eceea802b35d49,time_value,,,1,1,2023-02-14,2023-02-14,,,280,,,2023-02-15,281,False,,,2023-02-14,,,,,,,"{""market_momentum"": 0.035483061480552136, ""market_volatility"": 0.010424355707147738, ""momentum"": -0.04882098970441706, ""volatility"": 0.026849462020412714, ""volume_state"": 17.688587076864152}",assumed_next_daily_close,,expiry,0000050863,,0.035483061480552136,0.010424355707147738,-0.04882098970441706,,,,,,,c7975fbe6a0c406d963e7f52,False,,,,,,,,,,,,,,,,,,,,,,,,,,,,,,,,,,,,,,,,,,,,,,,,bounded_preclose_bid_ask,,,,False,not_requested_for_horizon_or_variant,,,no_standard_contract_within_rules,event,protective_put,,no_standard_contract_within_rules,,,False,,H25,2,INTC,,primary,0.026849462020412714,17.688587076864152,2023
,,,44e2ef7263eceea802b35d49,time_value,,,1,1,2023-02-14,2023-02-14,,,280,,,2023-02-15,281,False,,,2023-02-14,,,,,,,"{""market_momentum"": 0.035483061480552136, ""market_volatility"": 0.010424355707147738, ""momentum"": -0.04882098970441706, ""volatility"": 0.026849462020412714, ""volume_state"": 17.688587076864152}",assumed_next_daily_close,,expiry,0000050863,,0.035483061480552136,0.010424355707147738,-0.04882098970441706,,,,,,,c7975fbe6a0c406d963e7f52,False,,,,,,,,,,,,,,,,,,,,,,,,,,,,,,,,,,,,,,,,,,,,,,,,bounded_preclose_bid_ask,,,,False,not_requested_for_horizon_or_variant,,,no_standard_contract_within_rules,event,protective_put,,no_standard_contract_within_rules,,,True,,H25,2,INTC,,primary,0.026849462020412714,17.688587076864152,2023
,,,458115dc71a6a2355a8bffd0,time_value,,,1,1,2023-11-09,2023-11-09,,,466,,,2023-11-10,467,False,,,2024-08-13,,,,,,,"{""market_momentum"": -0.0056839017235057465, ""market_volatility"": 0.009333956393016686, ""momentum"": 0.05492459504747704, ""volatility"": 0.010383088498028771, ""volume_state"": 16.547360438848504}",assumed_next_daily_close,,1,0000021344,,-0.0056839017235057465,0.009333956393016686,0.05492459504747704,,,,,,,2500e73444a9467d6247df7d,False,,,,,,,,,,,,,,,,,,,,,,,,,,,,,,,,,,,,,,,,,,,,,,,,bounded_preclose_bid_ask,,,,False,not_requested_for_horizon_or_variant,,,no_standard_contract_within_rules,ordinary,protective_put,,no_standard_contract_within_rules,,,False,,H25,2,KO,,primary,0.010383088498028771,16.547360438848504,2023
,,,458115dc71a6a2355a8bffd0,time_value,,,1,1,2023-11-09,2023-11-09,,,466,,,2023-11-10,467,False,,,2024-08-13,,,,,,,"{""market_momentum"": -0.0056839017235057465, ""market_volatility"": 0.009333956393016686, ""momentum"": 0.05492459504747704, ""volatility"": 0.010383088498028771, ""volume_state"": 16.547360438848504}",assumed_next_daily_close,,1,0000021344,,-0.0056839017235057465,0.009333956393016686,0.05492459504747704,,,,,,,2500e73444a9467d6247df7d,False,,,,,,,,,,,,,,,,,,,,,,,,,,,,,,,,,,,,,,,,,,,,,,,,bounded_preclose_bid_ask,,,,False,not_requested_for_horizon_or_variant,,,no_standard_contract_within_rules,ordinary,protective_put,,no_standard_contract_within_rules,,,True,,H25,2,KO,,primary,0.010383088498028771,16.547360438848504,2023
,,,458115dc71a6a2355a8bffd0,time_value,,,1,1,2023-11-09,2023-11-09,,,466,,,2023-11-10,467,False,,,2024-08-13,,,,,,,"{""market_momentum"": -0.0056839017235057465, ""market_volatility"": 0.009333956393016686, ""momentum"": 0.05492459504747704, ""volatility"": 0.010383088498028771, ""volume_state"": 16.547360438848504}",assumed_next_daily_close,,2,0000021344,,-0.0056839017235057465,0.009333956393016686,0.05492459504747704,,,,,,,2500e73444a9467d6247df7d,False,,,,,,,,,,,,,,,,,,,,,,,,,,,,,,,,,,,,,,,,,,,,,,,,bounded_preclose_bid_ask,,,,False,not_requested_for_horizon_or_variant,,,no_standard_contract_within_rules,ordinary,protective_put,,no_standard_contract_within_rules,,,False,,H25,2,KO,,primary,0.010383088498028771,16.547360438848504,2023
,,,458115dc71a6a2355a8bffd0,time_value,,,1,1,2023-11-09,2023-11-09,,,466,,,2023-11-10,467,False,,,2024-08-13,,,,,,,"{""market_momentum"": -0.0056839017235057465, ""market_volatility"": 0.009333956393016686, ""momentum"": 0.05492459504747704, ""volatility"": 0.010383088498028771, ""volume_state"": 16.547360438848504}",assumed_next_daily_close,,2,0000021344,,-0.0056839017235057465,0.009333956393016686,0.05492459504747704,,,,,,,2500e73444a9467d6247df7d,False,,,,,,,,,,,,,,,,,,,,,,,,,,,,,,,,,,,,,,,,,,,,,,,,bounded_preclose_bid_ask,,,,False,not_requested_for_horizon_or_variant,,,no_standard_contract_within_rules,ordinary,protective_put,,no_standard_contract_within_rules,,,True,,H25,2,KO,,primary,0.010383088498028771,16.547360438848504,2023
,,,458115dc71a6a2355a8bffd0,time_value,,,1,1,2023-11-09,2023-11-09,,,466,,,2023-11-10,467,False,,,2024-08-13,,,,,,,"{""market_momentum"": -0.0056839017235057465, ""market_volatility"": 0.009333956393016686, ""momentum"": 0.05492459504747704, ""volatility"": 0.010383088498028771, ""volume_state"": 16.547360438848504}",assumed_next_daily_close,,3,0000021344,,-0.0056839017235057465,0.009333956393016686,0.05492459504747704,,,,,,,2500e73444a9467d6247df7d,False,,,,,,,,,,,,,,,,,,,,,,,,,,,,,,,,,,,,,,,,,,,,,,,,bounded_preclose_bid_ask,,,,False,not_requested_for_horizon_or_variant,,,no_standard_contract_within_rules,ordinary,protective_put,,no_standard_contract_within_rules,,,False,,H25,2,KO,,primary,0.010383088498028771,16.547360438848504,2023
,,,458115dc71a6a2355a8bffd0,time_value,,,1,1,2023-11-09,2023-11-09,,,466,,,2023-11-10,467,False,,,2024-08-13,,,,,,,"{""market_momentum"": -0.0056839017235057465, ""market_volatility"": 0.009333956393016686, ""momentum"": 0.05492459504747704, ""volatility"": 0.010383088498028771, ""volume_state"": 16.547360438848504}",assumed_next_daily_close,,3,0000021344,,-0.0056839017235057465,0.009333956393016686,0.05492459504747704,,,,,,,2500e73444a9467d6247df7d,False,,,,,,,,,,,,,,,,,,,,,,,,,,,,,,,,,,,,,,,,,,,,,,,,bounded_preclose_bid_ask,,,,False,not_requested_for_horizon_or_variant,,,no_standard_contract_within_rules,ordinary,protective_put,,no_standard_contract_within_rules,,,True,,H25,2,KO,,primary,0.010383088498028771,16.547360438848504,2023
,,,458115dc71a6a2355a8bffd0,time_value,,,1,1,2023-11-09,2023-11-09,,,466,,,2023-11-10,467,False,,,2024-08-13,,,,,,,"{""market_momentum"": -0.0056839017235057465, ""market_volatility"": 0.009333956393016686, ""momentum"": 0.05492459504747704, ""volatility"": 0.010383088498028771, ""volume_state"": 16.547360438848504}",assumed_next_daily_close,,5,0000021344,,-0.0056839017235057465,0.009333956393016686,0.05492459504747704,,,,,,,2500e73444a9467d6247df7d,False,,,,,,,,,,,,,,,,,,,,,,,,,,,,,,,,,,,,,,,,,,,,,,,,bounded_preclose_bid_ask,,,,False,not_requested_for_horizon_or_variant,,,no_standard_contract_within_rules,ordinary,protective_put,,no_standard_contract_within_rules,,,False,,H25,2,KO,,primary,0.010383088498028771,16.547360438848504,2023
,,,458115dc71a6a2355a8bffd0,time_value,,,1,1,2023-11-09,2023-11-09,,,466,,,2023-11-10,467,False,,,2024-08-13,,,,,,,"{""market_momentum"": -0.0056839017235057465, ""market_volatility"": 0.009333956393016686, ""momentum"": 0.05492459504747704, ""volatility"": 0.010383088498028771, ""volume_state"": 16.547360438848504}",assumed_next_daily_close,,5,0000021344,,-0.0056839017235057465,0.009333956393016686,0.05492459504747704,,,,,,,2500e73444a9467d6247df7d,False,,,,,,,,,,,,,,,,,,,,,,,,,,,,,,,,,,,,,,,,,,,,,,,,bounded_preclose_bid_ask,,,,False,not_requested_for_horizon_or_variant,,,no_standard_contract_within_rules,ordinary,protective_put,,no_standard_contract_within_rules,,,True,,H25,2,KO,,primary,0.010383088498028771,16.547360438848504,2023
,,,458115dc71a6a2355a8bffd0,time_value,,,1,1,2023-11-09,2023-11-09,,,466,,,2023-11-10,467,False,,,2024-08-13,,,,,,,"{""market_momentum"": -0.0056839017235057465, ""market_volatility"": 0.009333956393016686, ""momentum"": 0.05492459504747704, ""volatility"": 0.010383088498028771, ""volume_state"": 16.547360438848504}",assumed_next_daily_close,,10,0000021344,,-0.0056839017235057465,0.009333956393016686,0.05492459504747704,,,,,,,2500e73444a9467d6247df7d,False,,,,,,,,,,,,,,,,,,,,,,,,,,,,,,,,,,,,,,,,,,,,,,,,bounded_preclose_bid_ask,,,,False,not_sampled_or_missing_quotes,,,no_standard_contract_within_rules,ordinary,protective_put,,no_standard_contract_within_rules,,,False,,H25,2,KO,,primary,0.010383088498028771,16.547360438848504,2023
,,,458115dc71a6a2355a8bffd0,time_value,,,1,1,2023-11-09,2023-11-09,,,466,,,2023-11-10,467,False,,,2024-08-13,,,,,,,"{""market_momentum"": -0.0056839017235057465, ""market_volatility"": 0.009333956393016686, ""momentum"": 0.05492459504747704, ""volatility"": 0.010383088498028771, ""volume_state"": 16.547360438848504}",assumed_next_daily_close,,10,0000021344,,-0.0056839017235057465,0.009333956393016686,0.05492459504747704,,,,,,,2500e73444a9467d6247df7d,False,,,,,,,,,,,,,,,,,,,,,,,,,,,,,,,,,,,,,,,,,,,,,,,,bounded_preclose_bid_ask,,,,False,not_sampled_or_missing_quotes,,,no_standard_contract_within_rules,ordinary,protective_put,,no_standard_contract_within_rules,,,True,,H25,2,KO,,primary,0.010383088498028771,16.547360438848504,2023
,,,458115dc71a6a2355a8bffd0,time_value,,,1,1,2023-11-09,2023-11-09,,,466,,,2023-11-10,467,False,,,2024-08-13,,,,,,,"{""market_momentum"": -0.0056839017235057465, ""market_volatility"": 0.009333956393016686, ""momentum"": 0.05492459504747704, ""volatility"": 0.010383088498028771, ""volume_state"": 16.547360438848504}",assumed_next_daily_close,,21,0000021344,,-0.0056839017235057465,0.009333956393016686,0.05492459504747704,,,,,,,2500e73444a9467d6247df7d,False,,,,,,,,,,,,,,,,,,,,,,,,,,,,,,,,,,,,,,,,,,,,,,,,bounded_preclose_bid_ask,,,,False,not_requested_for_horizon_or_variant,,,no_standard_contract_within_rules,ordinary,protective_put,,no_standard_contract_within_rules,,,False,,H25,2,KO,,primary,0.010383088498028771,16.547360438848504,2023
,,,458115dc71a6a2355a8bffd0,time_value,,,1,1,2023-11-09,2023-11-09,,,466,,,2023-11-10,467,False,,,2024-08-13,,,,,,,"{""market_momentum"": -0.0056839017235057465, ""market_volatility"": 0.009333956393016686, ""momentum"": 0.05492459504747704, ""volatility"": 0.010383088498028771, ""volume_state"": 16.547360438848504}",assumed_next_daily_close,,21,0000021344,,-0.0056839017235057465,0.009333956393016686,0.05492459504747704,,,,,,,2500e73444a9467d6247df7d,False,,,,,,,,,,,,,,,,,,,,,,,,,,,,,,,,,,,,,,,,,,,,,,,,bounded_preclose_bid_ask,,,,False,not_requested_for_horizon_or_variant,,,no_standard_contract_within_rules,ordinary,protective_put,,no_standard_contract_within_rules,,,True,,H25,2,KO,,primary,0.010383088498028771,16.547360438848504,2023
,,,458115dc71a6a2355a8bffd0,time_value,,,1,1,2023-11-09,2023-11-09,,,466,,,2023-11-10,467,False,,,2024-08-13,,,,,,,"{""market_momentum"": -0.0056839017235057465, ""market_volatility"": 0.009333956393016686, ""momentum"": 0.05492459504747704, ""volatility"": 0.010383088498028771, ""volume_state"": 16.547360438848504}",assumed_next_daily_close,,42,0000021344,,-0.0056839017235057465,0.009333956393016686,0.05492459504747704,,,,,,,2500e73444a9467d6247df7d,False,,,,,,,,,,,,,,,,,,,,,,,,,,,,,,,,,,,,,,,,,,,,,,,,bounded_preclose_bid_ask,,,,False,not_requested_for_horizon_or_variant,,,no_standard_contract_within_rules,ordinary,protective_put,,no_standard_contract_within_rules,,,False,,H25,2,KO,,primary,0.010383088498028771,16.547360438848504,2023
,,,458115dc71a6a2355a8bffd0,time_value,,,1,1,2023-11-09,2023-11-09,,,466,,,2023-11-10,467,False,,,2024-08-13,,,,,,,"{""market_momentum"": -0.0056839017235057465, ""market_volatility"": 0.009333956393016686, ""momentum"": 0.05492459504747704, ""volatility"": 0.010383088498028771, ""volume_state"": 16.547360438848504}",assumed_next_daily_close,,42,0000021344,,-0.0056839017235057465,0.009333956393016686,0.05492459504747704,,,,,,,2500e73444a9467d6247df7d,False,,,,,,,,,,,,,,,,,,,,,,,,,,,,,,,,,,,,,,,,,,,,,,,,bounded_preclose_bid_ask,,,,False,not_requested_for_horizon_or_variant,,,no_standard_contract_within_rules,ordinary,protective_put,,no_standard_contract_within_rules,,,True,,H25,2,KO,,primary,0.010383088498028771,16.547360438848504,2023
,,,458115dc71a6a2355a8bffd0,time_value,,,1,1,2023-11-09,2023-11-09,,,466,,,2023-11-10,467,False,,,2024-08-13,,,,,,,"{""market_momentum"": -0.0056839017235057465, ""market_volatility"": 0.009333956393016686, ""momentum"": 0.05492459504747704, ""volatility"": 0.010383088498028771, ""volume_state"": 16.547360438848504}",assumed_next_daily_close,,63,0000021344,,-0.0056839017235057465,0.009333956393016686,0.05492459504747704,,,,,,,2500e73444a9467d6247df7d,False,,,,,,,,,,,,,,,,,,,,,,,,,,,,,,,,,,,,,,,,,,,,,,,,bounded_preclose_bid_ask,,,,False,not_requested_for_horizon_or_variant,,,no_standard_contract_within_rules,ordinary,protective_put,,no_standard_contract_within_rules,,,False,,H25,2,KO,,primary,0.010383088498028771,16.547360438848504,2023
,,,458115dc71a6a2355a8bffd0,time_value,,,1,1,2023-11-09,2023-11-09,,,466,,,2023-11-10,467,False,,,2024-08-13,,,,,,,"{""market_momentum"": -0.0056839017235057465, ""market_volatility"": 0.009333956393016686, ""momentum"": 0.05492459504747704, ""volatility"": 0.010383088498028771, ""volume_state"": 16.547360438848504}",assumed_next_daily_close,,63,0000021344,,-0.0056839017235057465,0.009333956393016686,0.05492459504747704,,,,,,,2500e73444a9467d6247df7d,False,,,,,,,,,,,,,,,,,,,,,,,,,,,,,,,,,,,,,,,,,,,,,,,,bounded_preclose_bid_ask,,,,False,not_requested_for_horizon_or_variant,,,no_standard_contract_within_rules,ordinary,protective_put,,no_standard_contract_within_rules,,,True,,H25,2,KO,,primary,0.010383088498028771,16.547360438848504,2023
,,,458115dc71a6a2355a8bffd0,time_value,,,1,1,2023-11-09,2023-11-09,,,466,,,2023-11-10,467,False,,,2024-08-13,,,,,,,"{""market_momentum"": -0.0056839017235057465, ""market_volatility"": 0.009333956393016686, ""momentum"": 0.05492459504747704, ""volatility"": 0.010383088498028771, ""volume_state"": 16.547360438848504}",assumed_next_daily_close,,expiry,0000021344,,-0.0056839017235057465,0.009333956393016686,0.05492459504747704,,,,,,,2500e73444a9467d6247df7d,False,,,,,,,,,,,,,,,,,,,,,,,,,,,,,,,,,,,,,,,,,,,,,,,,bounded_preclose_bid_ask,,,,False,not_requested_for_horizon_or_variant,,,no_standard_contract_within_rules,ordinary,protective_put,,no_standard_contract_within_rules,,,False,,H25,2,KO,,primary,0.010383088498028771,16.547360438848504,2023
,,,458115dc71a6a2355a8bffd0,time_value,,,1,1,2023-11-09,2023-11-09,,,466,,,2023-11-10,467,False,,,2024-08-13,,,,,,,"{""market_momentum"": -0.0056839017235057465, ""market_volatility"": 0.009333956393016686, ""momentum"": 0.05492459504747704, ""volatility"": 0.010383088498028771, ""volume_state"": 16.547360438848504}",assumed_next_daily_close,,expiry,0000021344,,-0.0056839017235057465,0.009333956393016686,0.05492459504747704,,,,,,,2500e73444a9467d6247df7d,False,,,,,,,,,,,,,,,,,,,,,,,,,,,,,,,,,,,,,,,,,,,,,,,,bounded_preclose_bid_ask,,,,False,not_requested_for_horizon_or_variant,,,no_standard_contract_within_rules,ordinary,protective_put,,no_standard_contract_within_rules,,,True,,H25,2,KO,,primary,0.010383088498028771,16.547360438848504,2023
,,,460968dccc61f0416e98d7c8,time_value,,,1,1,2025-05-19,2025-05-19,,,846,,,2025-05-20,847,False,,,2025-05-19,,,,,,,"{""market_momentum"": 0.130012727721738, ""market_volatility"": 0.013206383471941054, ""momentum"": 0.198198810535259, ""volatility"": 0.020014239491052493, ""volume_state"": 14.794608831552306}",assumed_next_daily_close,,1,0000018230,,0.130012727721738,0.013206383471941054,0.198198810535259,,,,,,,7e06841522c9c157c9e4a51d,False,,,,,,,,,,,,,,,,,,,,,,,,,,,,,,,,,,,,,,,,,,,,,,,,bounded_preclose_bid_ask,,,,False,not_requested_for_horizon_or_variant,,,no_standard_contract_within_rules,event,protective_put,,no_standard_contract_within_rules,,,False,,H25,2,CAT,,primary,0.020014239491052493,14.794608831552306,2025
,,,460968dccc61f0416e98d7c8,time_value,,,1,1,2025-05-19,2025-05-19,,,846,,,2025-05-20,847,False,,,2025-05-19,,,,,,,"{""market_momentum"": 0.130012727721738, ""market_volatility"": 0.013206383471941054, ""momentum"": 0.198198810535259, ""volatility"": 0.020014239491052493, ""volume_state"": 14.794608831552306}",assumed_next_daily_close,,1,0000018230,,0.130012727721738,0.013206383471941054,0.198198810535259,,,,,,,7e06841522c9c157c9e4a51d,False,,,,,,,,,,,,,,,,,,,,,,,,,,,,,,,,,,,,,,,,,,,,,,,,bounded_preclose_bid_ask,,,,False,not_requested_for_horizon_or_variant,,,no_standard_contract_within_rules,event,protective_put,,no_standard_contract_within_rules,,,True,,H25,2,CAT,,primary,0.020014239491052493,14.794608831552306,2025
,,,460968dccc61f0416e98d7c8,time_value,,,1,1,2025-05-19,2025-05-19,,,846,,,2025-05-20,847,False,,,2025-05-19,,,,,,,"{""market_momentum"": 0.130012727721738, ""market_volatility"": 0.013206383471941054, ""momentum"": 0.198198810535259, ""volatility"": 0.020014239491052493, ""volume_state"": 14.794608831552306}",assumed_next_daily_close,,2,0000018230,,0.130012727721738,0.013206383471941054,0.198198810535259,,,,,,,7e06841522c9c157c9e4a51d,False,,,,,,,,,,,,,,,,,,,,,,,,,,,,,,,,,,,,,,,,,,,,,,,,bounded_preclose_bid_ask,,,,False,not_requested_for_horizon_or_variant,,,no_standard_contract_within_rules,event,protective_put,,no_standard_contract_within_rules,,,False,,H25,2,CAT,,primary,0.020014239491052493,14.794608831552306,2025
,,,460968dccc61f0416e98d7c8,time_value,,,1,1,2025-05-19,2025-05-19,,,846,,,2025-05-20,847,False,,,2025-05-19,,,,,,,"{""market_momentum"": 0.130012727721738, ""market_volatility"": 0.013206383471941054, ""momentum"": 0.198198810535259, ""volatility"": 0.020014239491052493, ""volume_state"": 14.794608831552306}",assumed_next_daily_close,,2,0000018230,,0.130012727721738,0.013206383471941054,0.198198810535259,,,,,,,7e06841522c9c157c9e4a51d,False,,,,,,,,,,,,,,,,,,,,,,,,,,,,,,,,,,,,,,,,,,,,,,,,bounded_preclose_bid_ask,,,,False,not_requested_for_horizon_or_variant,,,no_standard_contract_within_rules,event,protective_put,,no_standard_contract_within_rules,,,True,,H25,2,CAT,,primary,0.020014239491052493,14.794608831552306,2025
,,,460968dccc61f0416e98d7c8,time_value,,,1,1,2025-05-19,2025-05-19,,,846,,,2025-05-20,847,False,,,2025-05-19,,,,,,,"{""market_momentum"": 0.130012727721738, ""market_volatility"": 0.013206383471941054, ""momentum"": 0.198198810535259, ""volatility"": 0.020014239491052493, ""volume_state"": 14.794608831552306}",assumed_next_daily_close,,3,0000018230,,0.130012727721738,0.013206383471941054,0.198198810535259,,,,,,,7e06841522c9c157c9e4a51d,False,,,,,,,,,,,,,,,,,,,,,,,,,,,,,,,,,,,,,,,,,,,,,,,,bounded_preclose_bid_ask,,,,False,not_requested_for_horizon_or_variant,,,no_standard_contract_within_rules,event,protective_put,,no_standard_contract_within_rules,,,False,,H25,2,CAT,,primary,0.020014239491052493,14.794608831552306,2025
,,,460968dccc61f0416e98d7c8,time_value,,,1,1,2025-05-19,2025-05-19,,,846,,,2025-05-20,847,False,,,2025-05-19,,,,,,,"{""market_momentum"": 0.130012727721738, ""market_volatility"": 0.013206383471941054, ""momentum"": 0.198198810535259, ""volatility"": 0.020014239491052493, ""volume_state"": 14.794608831552306}",assumed_next_daily_close,,3,0000018230,,0.130012727721738,0.013206383471941054,0.198198810535259,,,,,,,7e06841522c9c157c9e4a51d,False,,,,,,,,,,,,,,,,,,,,,,,,,,,,,,,,,,,,,,,,,,,,,,,,bounded_preclose_bid_ask,,,,False,not_requested_for_horizon_or_variant,,,no_standard_contract_within_rules,event,protective_put,,no_standard_contract_within_rules,,,True,,H25,2,CAT,,primary,0.020014239491052493,14.794608831552306,2025
,,,460968dccc61f0416e98d7c8,time_value,,,1,1,2025-05-19,2025-05-19,,,846,,,2025-05-20,847,False,,,2025-05-19,,,,,,,"{""market_momentum"": 0.130012727721738, ""market_volatility"": 0.013206383471941054, ""momentum"": 0.198198810535259, ""volatility"": 0.020014239491052493, ""volume_state"": 14.794608831552306}",assumed_next_daily_close,,5,0000018230,,0.130012727721738,0.013206383471941054,0.198198810535259,,,,,,,7e06841522c9c157c9e4a51d,False,,,,,,,,,,,,,,,,,,,,,,,,,,,,,,,,,,,,,,,,,,,,,,,,bounded_preclose_bid_ask,,,,False,not_requested_for_horizon_or_variant,,,no_standard_contract_within_rules,event,protective_put,,no_standard_contract_within_rules,,,False,,H25,2,CAT,,primary,0.020014239491052493,14.794608831552306,2025
,,,460968dccc61f0416e98d7c8,time_value,,,1,1,2025-05-19,2025-05-19,,,846,,,2025-05-20,847,False,,,2025-05-19,,,,,,,"{""market_momentum"": 0.130012727721738, ""market_volatility"": 0.013206383471941054, ""momentum"": 0.198198810535259, ""volatility"": 0.020014239491052493, ""volume_state"": 14.794608831552306}",assumed_next_daily_close,,5,0000018230,,0.130012727721738,0.013206383471941054,0.198198810535259,,,,,,,7e06841522c9c157c9e4a51d,False,,,,,,,,,,,,,,,,,,,,,,,,,,,,,,,,,,,,,,,,,,,,,,,,bounded_preclose_bid_ask,,,,False,not_requested_for_horizon_or_variant,,,no_standard_contract_within_rules,event,protective_put,,no_standard_contract_within_rules,,,True,,H25,2,CAT,,primary,0.020014239491052493,14.794608831552306,2025
,,,460968dccc61f0416e98d7c8,time_value,,,1,1,2025-05-19,2025-05-19,,,846,,,2025-05-20,847,False,,,2025-05-19,,,,,,,"{""market_momentum"": 0.130012727721738, ""market_volatility"": 0.013206383471941054, ""momentum"": 0.198198810535259, ""volatility"": 0.020014239491052493, ""volume_state"": 14.794608831552306}",assumed_next_daily_close,,10,0000018230,,0.130012727721738,0.013206383471941054,0.198198810535259,,,,,,,7e06841522c9c157c9e4a51d,False,,,,,,,,,,,,,,,,,,,,,,,,,,,,,,,,,,,,,,,,,,,,,,,,bounded_preclose_bid_ask,,,,False,not_sampled_or_missing_quotes,,,no_standard_contract_within_rules,event,protective_put,,no_standard_contract_within_rules,,,False,,H25,2,CAT,,primary,0.020014239491052493,14.794608831552306,2025
,,,460968dccc61f0416e98d7c8,time_value,,,1,1,2025-05-19,2025-05-19,,,846,,,2025-05-20,847,False,,,2025-05-19,,,,,,,"{""market_momentum"": 0.130012727721738, ""market_volatility"": 0.013206383471941054, ""momentum"": 0.198198810535259, ""volatility"": 0.020014239491052493, ""volume_state"": 14.794608831552306}",assumed_next_daily_close,,10,0000018230,,0.130012727721738,0.013206383471941054,0.198198810535259,,,,,,,7e06841522c9c157c9e4a51d,False,,,,,,,,,,,,,,,,,,,,,,,,,,,,,,,,,,,,,,,,,,,,,,,,bounded_preclose_bid_ask,,,,False,not_sampled_or_missing_quotes,,,no_standard_contract_within_rules,event,protective_put,,no_standard_contract_within_rules,,,True,,H25,2,CAT,,primary,0.020014239491052493,14.794608831552306,2025
,,,460968dccc61f0416e98d7c8,time_value,,,1,1,2025-05-19,2025-05-19,,,846,,,2025-05-20,847,False,,,2025-05-19,,,,,,,"{""market_momentum"": 0.130012727721738, ""market_volatility"": 0.013206383471941054, ""momentum"": 0.198198810535259, ""volatility"": 0.020014239491052493, ""volume_state"": 14.794608831552306}",assumed_next_daily_close,,21,0000018230,,0.130012727721738,0.013206383471941054,0.198198810535259,,,,,,,7e06841522c9c157c9e4a51d,False,,,,,,,,,,,,,,,,,,,,,,,,,,,,,,,,,,,,,,,,,,,,,,,,bounded_preclose_bid_ask,,,,False,not_requested_for_horizon_or_variant,,,no_standard_contract_within_rules,event,protective_put,,no_standard_contract_within_rules,,,False,,H25,2,CAT,,primary,0.020014239491052493,14.794608831552306,2025
,,,460968dccc61f0416e98d7c8,time_value,,,1,1,2025-05-19,2025-05-19,,,846,,,2025-05-20,847,False,,,2025-05-19,,,,,,,"{""market_momentum"": 0.130012727721738, ""market_volatility"": 0.013206383471941054, ""momentum"": 0.198198810535259, ""volatility"": 0.020014239491052493, ""volume_state"": 14.794608831552306}",assumed_next_daily_close,,21,0000018230,,0.130012727721738,0.013206383471941054,0.198198810535259,,,,,,,7e06841522c9c157c9e4a51d,False,,,,,,,,,,,,,,,,,,,,,,,,,,,,,,,,,,,,,,,,,,,,,,,,bounded_preclose_bid_ask,,,,False,not_requested_for_horizon_or_variant,,,no_standard_contract_within_rules,event,protective_put,,no_standard_contract_within_rules,,,True,,H25,2,CAT,,primary,0.020014239491052493,14.794608831552306,2025
,,,460968dccc61f0416e98d7c8,time_value,,,1,1,2025-05-19,2025-05-19,,,846,,,2025-05-20,847,False,,,2025-05-19,,,,,,,"{""market_momentum"": 0.130012727721738, ""market_volatility"": 0.013206383471941054, ""momentum"": 0.198198810535259, ""volatility"": 0.020014239491052493, ""volume_state"": 14.794608831552306}",assumed_next_daily_close,,42,0000018230,,0.130012727721738,0.013206383471941054,0.198198810535259,,,,,,,7e06841522c9c157c9e4a51d,False,,,,,,,,,,,,,,,,,,,,,,,,,,,,,,,,,,,,,,,,,,,,,,,,bounded_preclose_bid_ask,,,,False,not_requested_for_horizon_or_variant,,,no_standard_contract_within_rules,event,protective_put,,no_standard_contract_within_rules,,,False,,H25,2,CAT,,primary,0.020014239491052493,14.794608831552306,2025
,,,460968dccc61f0416e98d7c8,time_value,,,1,1,2025-05-19,2025-05-19,,,846,,,2025-05-20,847,False,,,2025-05-19,,,,,,,"{""market_momentum"": 0.130012727721738, ""market_volatility"": 0.013206383471941054, ""momentum"": 0.198198810535259, ""volatility"": 0.020014239491052493, ""volume_state"": 14.794608831552306}",assumed_next_daily_close,,42,0000018230,,0.130012727721738,0.013206383471941054,0.198198810535259,,,,,,,7e06841522c9c157c9e4a51d,False,,,,,,,,,,,,,,,,,,,,,,,,,,,,,,,,,,,,,,,,,,,,,,,,bounded_preclose_bid_ask,,,,False,not_requested_for_horizon_or_variant,,,no_standard_contract_within_rules,event,protective_put,,no_standard_contract_within_rules,,,True,,H25,2,CAT,,primary,0.020014239491052493,14.794608831552306,2025
,,,460968dccc61f0416e98d7c8,time_value,,,1,1,2025-05-19,2025-05-19,,,846,,,2025-05-20,847,False,,,2025-05-19,,,,,,,"{""market_momentum"": 0.130012727721738, ""market_volatility"": 0.013206383471941054, ""momentum"": 0.198198810535259, ""volatility"": 0.020014239491052493, ""volume_state"": 14.794608831552306}",assumed_next_daily_close,,63,0000018230,,0.130012727721738,0.013206383471941054,0.198198810535259,,,,,,,7e06841522c9c157c9e4a51d,False,,,,,,,,,,,,,,,,,,,,,,,,,,,,,,,,,,,,,,,,,,,,,,,,bounded_preclose_bid_ask,,,,False,not_requested_for_horizon_or_variant,,,no_standard_contract_within_rules,event,protective_put,,no_standard_contract_within_rules,,,False,,H25,2,CAT,,primary,0.020014239491052493,14.794608831552306,2025
,,,460968dccc61f0416e98d7c8,time_value,,,1,1,2025-05-19,2025-05-19,,,846,,,2025-05-20,847,False,,,2025-05-19,,,,,,,"{""market_momentum"": 0.130012727721738, ""market_volatility"": 0.013206383471941054, ""momentum"": 0.198198810535259, ""volatility"": 0.020014239491052493, ""volume_state"": 14.794608831552306}",assumed_next_daily_close,,63,0000018230,,0.130012727721738,0.013206383471941054,0.198198810535259,,,,,,,7e06841522c9c157c9e4a51d,False,,,,,,,,,,,,,,,,,,,,,,,,,,,,,,,,,,,,,,,,,,,,,,,,bounded_preclose_bid_ask,,,,False,not_requested_for_horizon_or_variant,,,no_standard_contract_within_rules,event,protective_put,,no_standard_contract_within_rules,,,True,,H25,2,CAT,,primary,0.020014239491052493,14.794608831552306,2025
,,,460968dccc61f0416e98d7c8,time_value,,,1,1,2025-05-19,2025-05-19,,,846,,,2025-05-20,847,False,,,2025-05-19,,,,,,,"{""market_momentum"": 0.130012727721738, ""market_volatility"": 0.013206383471941054, ""momentum"": 0.198198810535259, ""volatility"": 0.020014239491052493, ""volume_state"": 14.794608831552306}",assumed_next_daily_close,,expiry,0000018230,,0.130012727721738,0.013206383471941054,0.198198810535259,,,,,,,7e06841522c9c157c9e4a51d,False,,,,,,,,,,,,,,,,,,,,,,,,,,,,,,,,,,,,,,,,,,,,,,,,bounded_preclose_bid_ask,,,,False,not_requested_for_horizon_or_variant,,,no_standard_contract_within_rules,event,protective_put,,no_standard_contract_within_rules,,,False,,H25,2,CAT,,primary,0.020014239491052493,14.794608831552306,2025
,,,460968dccc61f0416e98d7c8,time_value,,,1,1,2025-05-19,2025-05-19,,,846,,,2025-05-20,847,False,,,2025-05-19,,,,,,,"{""market_momentum"": 0.130012727721738, ""market_volatility"": 0.013206383471941054, ""momentum"": 0.198198810535259, ""volatility"": 0.020014239491052493, ""volume_state"": 14.794608831552306}",assumed_next_daily_close,,expiry,0000018230,,0.130012727721738,0.013206383471941054,0.198198810535259,,,,,,,7e06841522c9c157c9e4a51d,False,,,,,,,,,,,,,,,,,,,,,,,,,,,,,,,,,,,,,,,,,,,,,,,,bounded_preclose_bid_ask,,,,False,not_requested_for_horizon_or_variant,,,no_standard_contract_within_rules,event,protective_put,,no_standard_contract_within_rules,,,True,,H25,2,CAT,,primary,0.020014239491052493,14.794608831552306,2025
,,,55f1cc56a8e2a0a674eb5154,time_value,,,1,1,2024-05-10,2024-05-10,,,591,,,2024-05-13,592,False,,,2024-05-10,,,,,,,"{""market_momentum"": 0.005482625482625458, ""market_volatility"": 0.008321452548652606, ""momentum"": 0.07129551227773079, ""volatility"": 0.007415573069186073, ""volume_state"": 16.40636544709527}",assumed_next_daily_close,,1,0000021344,,0.005482625482625458,0.008321452548652606,0.07129551227773079,,,,,,,5dfdcdd547be4111a7c60f62,False,,,,,,,,,,,,,,,,,,,,,,,,,,,,,,,,,,,,,,,,,,,,,,,,bounded_preclose_bid_ask,,,,False,not_requested_for_horizon_or_variant,,,no_standard_contract_within_rules,event,covered_call,,no_standard_contract_within_rules,,,False,,H25,2,KO,,primary,0.007415573069186073,16.40636544709527,2024
,,,55f1cc56a8e2a0a674eb5154,time_value,,,1,1,2024-05-10,2024-05-10,,,591,,,2024-05-13,592,False,,,2024-05-10,,,,,,,"{""market_momentum"": 0.005482625482625458, ""market_volatility"": 0.008321452548652606, ""momentum"": 0.07129551227773079, ""volatility"": 0.007415573069186073, ""volume_state"": 16.40636544709527}",assumed_next_daily_close,,1,0000021344,,0.005482625482625458,0.008321452548652606,0.07129551227773079,,,,,,,5dfdcdd547be4111a7c60f62,False,,,,,,,,,,,,,,,,,,,,,,,,,,,,,,,,,,,,,,,,,,,,,,,,bounded_preclose_bid_ask,,,,False,not_requested_for_horizon_or_variant,,,no_standard_contract_within_rules,event,covered_call,,no_standard_contract_within_rules,,,True,,H25,2,KO,,primary,0.007415573069186073,16.40636544709527,2024
,,,55f1cc56a8e2a0a674eb5154,time_value,,,1,1,2024-05-10,2024-05-10,,,591,,,2024-05-13,592,False,,,2024-05-10,,,,,,,"{""market_momentum"": 0.005482625482625458, ""market_volatility"": 0.008321452548652606, ""momentum"": 0.07129551227773079, ""volatility"": 0.007415573069186073, ""volume_state"": 16.40636544709527}",assumed_next_daily_close,,2,0000021344,,0.005482625482625458,0.008321452548652606,0.07129551227773079,,,,,,,5dfdcdd547be4111a7c60f62,False,,,,,,,,,,,,,,,,,,,,,,,,,,,,,,,,,,,,,,,,,,,,,,,,bounded_preclose_bid_ask,,,,False,not_requested_for_horizon_or_variant,,,no_standard_contract_within_rules,event,covered_call,,no_standard_contract_within_rules,,,False,,H25,2,KO,,primary,0.007415573069186073,16.40636544709527,2024
,,,55f1cc56a8e2a0a674eb5154,time_value,,,1,1,2024-05-10,2024-05-10,,,591,,,2024-05-13,592,False,,,2024-05-10,,,,,,,"{""market_momentum"": 0.005482625482625458, ""market_volatility"": 0.008321452548652606, ""momentum"": 0.07129551227773079, ""volatility"": 0.007415573069186073, ""volume_state"": 16.40636544709527}",assumed_next_daily_close,,2,0000021344,,0.005482625482625458,0.008321452548652606,0.07129551227773079,,,,,,,5dfdcdd547be4111a7c60f62,False,,,,,,,,,,,,,,,,,,,,,,,,,,,,,,,,,,,,,,,,,,,,,,,,bounded_preclose_bid_ask,,,,False,not_requested_for_horizon_or_variant,,,no_standard_contract_within_rules,event,covered_call,,no_standard_contract_within_rules,,,True,,H25,2,KO,,primary,0.007415573069186073,16.40636544709527,2024
,,,55f1cc56a8e2a0a674eb5154,time_value,,,1,1,2024-05-10,2024-05-10,,,591,,,2024-05-13,592,False,,,2024-05-10,,,,,,,"{""market_momentum"": 0.005482625482625458, ""market_volatility"": 0.008321452548652606, ""momentum"": 0.07129551227773079, ""volatility"": 0.007415573069186073, ""volume_state"": 16.40636544709527}",assumed_next_daily_close,,3,0000021344,,0.005482625482625458,0.008321452548652606,0.07129551227773079,,,,,,,5dfdcdd547be4111a7c60f62,False,,,,,,,,,,,,,,,,,,,,,,,,,,,,,,,,,,,,,,,,,,,,,,,,bounded_preclose_bid_ask,,,,False,not_requested_for_horizon_or_variant,,,no_standard_contract_within_rules,event,covered_call,,no_standard_contract_within_rules,,,False,,H25,2,KO,,primary,0.007415573069186073,16.40636544709527,2024
,,,55f1cc56a8e2a0a674eb5154,time_value,,,1,1,2024-05-10,2024-05-10,,,591,,,2024-05-13,592,False,,,2024-05-10,,,,,,,"{""market_momentum"": 0.005482625482625458, ""market_volatility"": 0.008321452548652606, ""momentum"": 0.07129551227773079, ""volatility"": 0.007415573069186073, ""volume_state"": 16.40636544709527}",assumed_next_daily_close,,3,0000021344,,0.005482625482625458,0.008321452548652606,0.07129551227773079,,,,,,,5dfdcdd547be4111a7c60f62,False,,,,,,,,,,,,,,,,,,,,,,,,,,,,,,,,,,,,,,,,,,,,,,,,bounded_preclose_bid_ask,,,,False,not_requested_for_horizon_or_variant,,,no_standard_contract_within_rules,event,covered_call,,no_standard_contract_within_rules,,,True,,H25,2,KO,,primary,0.007415573069186073,16.40636544709527,2024
,,,55f1cc56a8e2a0a674eb5154,time_value,,,1,1,2024-05-10,2024-05-10,,,591,,,2024-05-13,592,False,,,2024-05-10,,,,,,,"{""market_momentum"": 0.005482625482625458, ""market_volatility"": 0.008321452548652606, ""momentum"": 0.07129551227773079, ""volatility"": 0.007415573069186073, ""volume_state"": 16.40636544709527}",assumed_next_daily_close,,5,0000021344,,0.005482625482625458,0.008321452548652606,0.07129551227773079,,,,,,,5dfdcdd547be4111a7c60f62,False,,,,,,,,,,,,,,,,,,,,,,,,,,,,,,,,,,,,,,,,,,,,,,,,bounded_preclose_bid_ask,,,,False,not_requested_for_horizon_or_variant,,,no_standard_contract_within_rules,event,covered_call,,no_standard_contract_within_rules,,,False,,H25,2,KO,,primary,0.007415573069186073,16.40636544709527,2024
,,,55f1cc56a8e2a0a674eb5154,time_value,,,1,1,2024-05-10,2024-05-10,,,591,,,2024-05-13,592,False,,,2024-05-10,,,,,,,"{""market_momentum"": 0.005482625482625458, ""market_volatility"": 0.008321452548652606, ""momentum"": 0.07129551227773079, ""volatility"": 0.007415573069186073, ""volume_state"": 16.40636544709527}",assumed_next_daily_close,,5,0000021344,,0.005482625482625458,0.008321452548652606,0.07129551227773079,,,,,,,5dfdcdd547be4111a7c60f62,False,,,,,,,,,,,,,,,,,,,,,,,,,,,,,,,,,,,,,,,,,,,,,,,,bounded_preclose_bid_ask,,,,False,not_requested_for_horizon_or_variant,,,no_standard_contract_within_rules,event,covered_call,,no_standard_contract_within_rules,,,True,,H25,2,KO,,primary,0.007415573069186073,16.40636544709527,2024
,,,55f1cc56a8e2a0a674eb5154,time_value,,,1,1,2024-05-10,2024-05-10,,,591,,,2024-05-13,592,False,,,2024-05-10,,,,,,,"{""market_momentum"": 0.005482625482625458, ""market_volatility"": 0.008321452548652606, ""momentum"": 0.07129551227773079, ""volatility"": 0.007415573069186073, ""volume_state"": 16.40636544709527}",assumed_next_daily_close,,10,0000021344,,0.005482625482625458,0.008321452548652606,0.07129551227773079,,,,,,,5dfdcdd547be4111a7c60f62,False,,,,,,,,,,,,,,,,,,,,,,,,,,,,,,,,,,,,,,,,,,,,,,,,bounded_preclose_bid_ask,,,,False,not_sampled_or_missing_quotes,,,no_standard_contract_within_rules,event,covered_call,,no_standard_contract_within_rules,,,False,,H25,2,KO,,primary,0.007415573069186073,16.40636544709527,2024
,,,55f1cc56a8e2a0a674eb5154,time_value,,,1,1,2024-05-10,2024-05-10,,,591,,,2024-05-13,592,False,,,2024-05-10,,,,,,,"{""market_momentum"": 0.005482625482625458, ""market_volatility"": 0.008321452548652606, ""momentum"": 0.07129551227773079, ""volatility"": 0.007415573069186073, ""volume_state"": 16.40636544709527}",assumed_next_daily_close,,10,0000021344,,0.005482625482625458,0.008321452548652606,0.07129551227773079,,,,,,,5dfdcdd547be4111a7c60f62,False,,,,,,,,,,,,,,,,,,,,,,,,,,,,,,,,,,,,,,,,,,,,,,,,bounded_preclose_bid_ask,,,,False,not_sampled_or_missing_quotes,,,no_standard_contract_within_rules,event,covered_call,,no_standard_contract_within_rules,,,True,,H25,2,KO,,primary,0.007415573069186073,16.40636544709527,2024
,,,55f1cc56a8e2a0a674eb5154,time_value,,,1,1,2024-05-10,2024-05-10,,,591,,,2024-05-13,592,False,,,2024-05-10,,,,,,,"{""market_momentum"": 0.005482625482625458, ""market_volatility"": 0.008321452548652606, ""momentum"": 0.07129551227773079, ""volatility"": 0.007415573069186073, ""volume_state"": 16.40636544709527}",assumed_next_daily_close,,21,0000021344,,0.005482625482625458,0.008321452548652606,0.07129551227773079,,,,,,,5dfdcdd547be4111a7c60f62,False,,,,,,,,,,,,,,,,,,,,,,,,,,,,,,,,,,,,,,,,,,,,,,,,bounded_preclose_bid_ask,,,,False,not_requested_for_horizon_or_variant,,,no_standard_contract_within_rules,event,covered_call,,no_standard_contract_within_rules,,,False,,H25,2,KO,,primary,0.007415573069186073,16.40636544709527,2024
,,,55f1cc56a8e2a0a674eb5154,time_value,,,1,1,2024-05-10,2024-05-10,,,591,,,2024-05-13,592,False,,,2024-05-10,,,,,,,"{""market_momentum"": 0.005482625482625458, ""market_volatility"": 0.008321452548652606, ""momentum"": 0.07129551227773079, ""volatility"": 0.007415573069186073, ""volume_state"": 16.40636544709527}",assumed_next_daily_close,,21,0000021344,,0.005482625482625458,0.008321452548652606,0.07129551227773079,,,,,,,5dfdcdd547be4111a7c60f62,False,,,,,,,,,,,,,,,,,,,,,,,,,,,,,,,,,,,,,,,,,,,,,,,,bounded_preclose_bid_ask,,,,False,not_requested_for_horizon_or_variant,,,no_standard_contract_within_rules,event,covered_call,,no_standard_contract_within_rules,,,True,,H25,2,KO,,primary,0.007415573069186073,16.40636544709527,2024
,,,55f1cc56a8e2a0a674eb5154,time_value,,,1,1,2024-05-10,2024-05-10,,,591,,,2024-05-13,592,False,,,2024-05-10,,,,,,,"{""market_momentum"": 0.005482625482625458, ""market_volatility"": 0.008321452548652606, ""momentum"": 0.07129551227773079, ""volatility"": 0.007415573069186073, ""volume_state"": 16.40636544709527}",assumed_next_daily_close,,42,0000021344,,0.005482625482625458,0.008321452548652606,0.07129551227773079,,,,,,,5dfdcdd547be4111a7c60f62,False,,,,,,,,,,,,,,,,,,,,,,,,,,,,,,,,,,,,,,,,,,,,,,,,bounded_preclose_bid_ask,,,,False,not_requested_for_horizon_or_variant,,,no_standard_contract_within_rules,event,covered_call,,no_standard_contract_within_rules,,,False,,H25,2,KO,,primary,0.007415573069186073,16.40636544709527,2024
,,,55f1cc56a8e2a0a674eb5154,time_value,,,1,1,2024-05-10,2024-05-10,,,591,,,2024-05-13,592,False,,,2024-05-10,,,,,,,"{""market_momentum"": 0.005482625482625458, ""market_volatility"": 0.008321452548652606, ""momentum"": 0.07129551227773079, ""volatility"": 0.007415573069186073, ""volume_state"": 16.40636544709527}",assumed_next_daily_close,,42,0000021344,,0.005482625482625458,0.008321452548652606,0.07129551227773079,,,,,,,5dfdcdd547be4111a7c60f62,False,,,,,,,,,,,,,,,,,,,,,,,,,,,,,,,,,,,,,,,,,,,,,,,,bounded_preclose_bid_ask,,,,False,not_requested_for_horizon_or_variant,,,no_standard_contract_within_rules,event,covered_call,,no_standard_contract_within_rules,,,True,,H25,2,KO,,primary,0.007415573069186073,16.40636544709527,2024
,,,55f1cc56a8e2a0a674eb5154,time_value,,,1,1,2024-05-10,2024-05-10,,,591,,,2024-05-13,592,False,,,2024-05-10,,,,,,,"{""market_momentum"": 0.005482625482625458, ""market_volatility"": 0.008321452548652606, ""momentum"": 0.07129551227773079, ""volatility"": 0.007415573069186073, ""volume_state"": 16.40636544709527}",assumed_next_daily_close,,63,0000021344,,0.005482625482625458,0.008321452548652606,0.07129551227773079,,,,,,,5dfdcdd547be4111a7c60f62,False,,,,,,,,,,,,,,,,,,,,,,,,,,,,,,,,,,,,,,,,,,,,,,,,bounded_preclose_bid_ask,,,,False,not_requested_for_horizon_or_variant,,,no_standard_contract_within_rules,event,covered_call,,no_standard_contract_within_rules,,,False,,H25,2,KO,,primary,0.007415573069186073,16.40636544709527,2024
,,,55f1cc56a8e2a0a674eb5154,time_value,,,1,1,2024-05-10,2024-05-10,,,591,,,2024-05-13,592,False,,,2024-05-10,,,,,,,"{""market_momentum"": 0.005482625482625458, ""market_volatility"": 0.008321452548652606, ""momentum"": 0.07129551227773079, ""volatility"": 0.007415573069186073, ""volume_state"": 16.40636544709527}",assumed_next_daily_close,,63,0000021344,,0.005482625482625458,0.008321452548652606,0.07129551227773079,,,,,,,5dfdcdd547be4111a7c60f62,False,,,,,,,,,,,,,,,,,,,,,,,,,,,,,,,,,,,,,,,,,,,,,,,,bounded_preclose_bid_ask,,,,False,not_requested_for_horizon_or_variant,,,no_standard_contract_within_rules,event,covered_call,,no_standard_contract_within_rules,,,True,,H25,2,KO,,primary,0.007415573069186073,16.40636544709527,2024
,,,55f1cc56a8e2a0a674eb5154,time_value,,,1,1,2024-05-10,2024-05-10,,,591,,,2024-05-13,592,False,,,2024-05-10,,,,,,,"{""market_momentum"": 0.005482625482625458, ""market_volatility"": 0.008321452548652606, ""momentum"": 0.07129551227773079, ""volatility"": 0.007415573069186073, ""volume_state"": 16.40636544709527}",assumed_next_daily_close,,expiry,0000021344,,0.005482625482625458,0.008321452548652606,0.07129551227773079,,,,,,,5dfdcdd547be4111a7c60f62,False,,,,,,,,,,,,,,,,,,,,,,,,,,,,,,,,,,,,,,,,,,,,,,,,bounded_preclose_bid_ask,,,,False,not_requested_for_horizon_or_variant,,,no_standard_contract_within_rules,event,covered_call,,no_standard_contract_within_rules,,,False,,H25,2,KO,,primary,0.007415573069186073,16.40636544709527,2024
,,,55f1cc56a8e2a0a674eb5154,time_value,,,1,1,2024-05-10,2024-05-10,,,591,,,2024-05-13,592,False,,,2024-05-10,,,,,,,"{""market_momentum"": 0.005482625482625458, ""market_volatility"": 0.008321452548652606, ""momentum"": 0.07129551227773079, ""volatility"": 0.007415573069186073, ""volume_state"": 16.40636544709527}",assumed_next_daily_close,,expiry,0000021344,,0.005482625482625458,0.008321452548652606,0.07129551227773079,,,,,,,5dfdcdd547be4111a7c60f62,False,,,,,,,,,,,,,,,,,,,,,,,,,,,,,,,,,,,,,,,,,,,,,,,,bounded_preclose_bid_ask,,,,False,not_requested_for_horizon_or_variant,,,no_standard_contract_within_rules,event,covered_call,,no_standard_contract_within_rules,,,True,,H25,2,KO,,primary,0.007415573069186073,16.40636544709527,2024
,,,5c2cf638830b18a0eff20dc5,time_value,,,1,1,2025-03-14,2025-03-14,,,801,,,2025-03-17,802,False,,,2025-03-14,,,,,,,"{""market_momentum"": -0.0672069742773801, ""market_volatility"": 0.01253504135747289, ""momentum"": -0.09622269960615826, ""volatility"": 0.024303179473143182, ""volume_state"": 17.372110980500352}",assumed_next_daily_close,,1,0000002488,,-0.0672069742773801,0.01253504135747289,-0.09622269960615826,,,,,,,ad868825a086ca6d3226ae37,False,,,,,,,,,,,,,,,,,,,,,,,,,,,,,,,,,,,,,,,,,,,,,,,,bounded_preclose_bid_ask,,,,False,not_requested_for_horizon_or_variant,,,no_standard_contract_within_rules,event,covered_call,,no_standard_contract_within_rules,,,False,,H25,2,AMD,,primary,0.024303179473143182,17.372110980500352,2025
,,,5c2cf638830b18a0eff20dc5,time_value,,,1,1,2025-03-14,2025-03-14,,,801,,,2025-03-17,802,False,,,2025-03-14,,,,,,,"{""market_momentum"": -0.0672069742773801, ""market_volatility"": 0.01253504135747289, ""momentum"": -0.09622269960615826, ""volatility"": 0.024303179473143182, ""volume_state"": 17.372110980500352}",assumed_next_daily_close,,1,0000002488,,-0.0672069742773801,0.01253504135747289,-0.09622269960615826,,,,,,,ad868825a086ca6d3226ae37,False,,,,,,,,,,,,,,,,,,,,,,,,,,,,,,,,,,,,,,,,,,,,,,,,bounded_preclose_bid_ask,,,,False,not_requested_for_horizon_or_variant,,,no_standard_contract_within_rules,event,covered_call,,no_standard_contract_within_rules,,,True,,H25,2,AMD,,primary,0.024303179473143182,17.372110980500352,2025
,,,5c2cf638830b18a0eff20dc5,time_value,,,1,1,2025-03-14,2025-03-14,,,801,,,2025-03-17,802,False,,,2025-03-14,,,,,,,"{""market_momentum"": -0.0672069742773801, ""market_volatility"": 0.01253504135747289, ""momentum"": -0.09622269960615826, ""volatility"": 0.024303179473143182, ""volume_state"": 17.372110980500352}",assumed_next_daily_close,,2,0000002488,,-0.0672069742773801,0.01253504135747289,-0.09622269960615826,,,,,,,ad868825a086ca6d3226ae37,False,,,,,,,,,,,,,,,,,,,,,,,,,,,,,,,,,,,,,,,,,,,,,,,,bounded_preclose_bid_ask,,,,False,not_requested_for_horizon_or_variant,,,no_standard_contract_within_rules,event,covered_call,,no_standard_contract_within_rules,,,False,,H25,2,AMD,,primary,0.024303179473143182,17.372110980500352,2025
,,,5c2cf638830b18a0eff20dc5,time_value,,,1,1,2025-03-14,2025-03-14,,,801,,,2025-03-17,802,False,,,2025-03-14,,,,,,,"{""market_momentum"": -0.0672069742773801, ""market_volatility"": 0.01253504135747289, ""momentum"": -0.09622269960615826, ""volatility"": 0.024303179473143182, ""volume_state"": 17.372110980500352}",assumed_next_daily_close,,2,0000002488,,-0.0672069742773801,0.01253504135747289,-0.09622269960615826,,,,,,,ad868825a086ca6d3226ae37,False,,,,,,,,,,,,,,,,,,,,,,,,,,,,,,,,,,,,,,,,,,,,,,,,bounded_preclose_bid_ask,,,,False,not_requested_for_horizon_or_variant,,,no_standard_contract_within_rules,event,covered_call,,no_standard_contract_within_rules,,,True,,H25,2,AMD,,primary,0.024303179473143182,17.372110980500352,2025
,,,5c2cf638830b18a0eff20dc5,time_value,,,1,1,2025-03-14,2025-03-14,,,801,,,2025-03-17,802,False,,,2025-03-14,,,,,,,"{""market_momentum"": -0.0672069742773801, ""market_volatility"": 0.01253504135747289, ""momentum"": -0.09622269960615826, ""volatility"": 0.024303179473143182, ""volume_state"": 17.372110980500352}",assumed_next_daily_close,,3,0000002488,,-0.0672069742773801,0.01253504135747289,-0.09622269960615826,,,,,,,ad868825a086ca6d3226ae37,False,,,,,,,,,,,,,,,,,,,,,,,,,,,,,,,,,,,,,,,,,,,,,,,,bounded_preclose_bid_ask,,,,False,not_requested_for_horizon_or_variant,,,no_standard_contract_within_rules,event,covered_call,,no_standard_contract_within_rules,,,False,,H25,2,AMD,,primary,0.024303179473143182,17.372110980500352,2025
,,,5c2cf638830b18a0eff20dc5,time_value,,,1,1,2025-03-14,2025-03-14,,,801,,,2025-03-17,802,False,,,2025-03-14,,,,,,,"{""market_momentum"": -0.0672069742773801, ""market_volatility"": 0.01253504135747289, ""momentum"": -0.09622269960615826, ""volatility"": 0.024303179473143182, ""volume_state"": 17.372110980500352}",assumed_next_daily_close,,3,0000002488,,-0.0672069742773801,0.01253504135747289,-0.09622269960615826,,,,,,,ad868825a086ca6d3226ae37,False,,,,,,,,,,,,,,,,,,,,,,,,,,,,,,,,,,,,,,,,,,,,,,,,bounded_preclose_bid_ask,,,,False,not_requested_for_horizon_or_variant,,,no_standard_contract_within_rules,event,covered_call,,no_standard_contract_within_rules,,,True,,H25,2,AMD,,primary,0.024303179473143182,17.372110980500352,2025
,,,5c2cf638830b18a0eff20dc5,time_value,,,1,1,2025-03-14,2025-03-14,,,801,,,2025-03-17,802,False,,,2025-03-14,,,,,,,"{""market_momentum"": -0.0672069742773801, ""market_volatility"": 0.01253504135747289, ""momentum"": -0.09622269960615826, ""volatility"": 0.024303179473143182, ""volume_state"": 17.372110980500352}",assumed_next_daily_close,,5,0000002488,,-0.0672069742773801,0.01253504135747289,-0.09622269960615826,,,,,,,ad868825a086ca6d3226ae37,False,,,,,,,,,,,,,,,,,,,,,,,,,,,,,,,,,,,,,,,,,,,,,,,,bounded_preclose_bid_ask,,,,False,not_requested_for_horizon_or_variant,,,no_standard_contract_within_rules,event,covered_call,,no_standard_contract_within_rules,,,False,,H25,2,AMD,,primary,0.024303179473143182,17.372110980500352,2025
,,,5c2cf638830b18a0eff20dc5,time_value,,,1,1,2025-03-14,2025-03-14,,,801,,,2025-03-17,802,False,,,2025-03-14,,,,,,,"{""market_momentum"": -0.0672069742773801, ""market_volatility"": 0.01253504135747289, ""momentum"": -0.09622269960615826, ""volatility"": 0.024303179473143182, ""volume_state"": 17.372110980500352}",assumed_next_daily_close,,5,0000002488,,-0.0672069742773801,0.01253504135747289,-0.09622269960615826,,,,,,,ad868825a086ca6d3226ae37,False,,,,,,,,,,,,,,,,,,,,,,,,,,,,,,,,,,,,,,,,,,,,,,,,bounded_preclose_bid_ask,,,,False,not_requested_for_horizon_or_variant,,,no_standard_contract_within_rules,event,covered_call,,no_standard_contract_within_rules,,,True,,H25,2,AMD,,primary,0.024303179473143182,17.372110980500352,2025
,,,5c2cf638830b18a0eff20dc5,time_value,,,1,1,2025-03-14,2025-03-14,,,801,,,2025-03-17,802,False,,,2025-03-14,,,,,,,"{""market_momentum"": -0.0672069742773801, ""market_volatility"": 0.01253504135747289, ""momentum"": -0.09622269960615826, ""volatility"": 0.024303179473143182, ""volume_state"": 17.372110980500352}",assumed_next_daily_close,,10,0000002488,,-0.0672069742773801,0.01253504135747289,-0.09622269960615826,,,,,,,ad868825a086ca6d3226ae37,False,,,,,,,,,,,,,,,,,,,,,,,,,,,,,,,,,,,,,,,,,,,,,,,,bounded_preclose_bid_ask,,,,False,not_sampled_or_missing_quotes,,,no_standard_contract_within_rules,event,covered_call,,no_standard_contract_within_rules,,,False,,H25,2,AMD,,primary,0.024303179473143182,17.372110980500352,2025
,,,5c2cf638830b18a0eff20dc5,time_value,,,1,1,2025-03-14,2025-03-14,,,801,,,2025-03-17,802,False,,,2025-03-14,,,,,,,"{""market_momentum"": -0.0672069742773801, ""market_volatility"": 0.01253504135747289, ""momentum"": -0.09622269960615826, ""volatility"": 0.024303179473143182, ""volume_state"": 17.372110980500352}",assumed_next_daily_close,,10,0000002488,,-0.0672069742773801,0.01253504135747289,-0.09622269960615826,,,,,,,ad868825a086ca6d3226ae37,False,,,,,,,,,,,,,,,,,,,,,,,,,,,,,,,,,,,,,,,,,,,,,,,,bounded_preclose_bid_ask,,,,False,not_sampled_or_missing_quotes,,,no_standard_contract_within_rules,event,covered_call,,no_standard_contract_within_rules,,,True,,H25,2,AMD,,primary,0.024303179473143182,17.372110980500352,2025
,,,5c2cf638830b18a0eff20dc5,time_value,,,1,1,2025-03-14,2025-03-14,,,801,,,2025-03-17,802,False,,,2025-03-14,,,,,,,"{""market_momentum"": -0.0672069742773801, ""market_volatility"": 0.01253504135747289, ""momentum"": -0.09622269960615826, ""volatility"": 0.024303179473143182, ""volume_state"": 17.372110980500352}",assumed_next_daily_close,,21,0000002488,,-0.0672069742773801,0.01253504135747289,-0.09622269960615826,,,,,,,ad868825a086ca6d3226ae37,False,,,,,,,,,,,,,,,,,,,,,,,,,,,,,,,,,,,,,,,,,,,,,,,,bounded_preclose_bid_ask,,,,False,not_requested_for_horizon_or_variant,,,no_standard_contract_within_rules,event,covered_call,,no_standard_contract_within_rules,,,False,,H25,2,AMD,,primary,0.024303179473143182,17.372110980500352,2025
,,,5c2cf638830b18a0eff20dc5,time_value,,,1,1,2025-03-14,2025-03-14,,,801,,,2025-03-17,802,False,,,2025-03-14,,,,,,,"{""market_momentum"": -0.0672069742773801, ""market_volatility"": 0.01253504135747289, ""momentum"": -0.09622269960615826, ""volatility"": 0.024303179473143182, ""volume_state"": 17.372110980500352}",assumed_next_daily_close,,21,0000002488,,-0.0672069742773801,0.01253504135747289,-0.09622269960615826,,,,,,,ad868825a086ca6d3226ae37,False,,,,,,,,,,,,,,,,,,,,,,,,,,,,,,,,,,,,,,,,,,,,,,,,bounded_preclose_bid_ask,,,,False,not_requested_for_horizon_or_variant,,,no_standard_contract_within_rules,event,covered_call,,no_standard_contract_within_rules,,,True,,H25,2,AMD,,primary,0.024303179473143182,17.372110980500352,2025
,,,5c2cf638830b18a0eff20dc5,time_value,,,1,1,2025-03-14,2025-03-14,,,801,,,2025-03-17,802,False,,,2025-03-14,,,,,,,"{""market_momentum"": -0.0672069742773801, ""market_volatility"": 0.01253504135747289, ""momentum"": -0.09622269960615826, ""volatility"": 0.024303179473143182, ""volume_state"": 17.372110980500352}",assumed_next_daily_close,,42,0000002488,,-0.0672069742773801,0.01253504135747289,-0.09622269960615826,,,,,,,ad868825a086ca6d3226ae37,False,,,,,,,,,,,,,,,,,,,,,,,,,,,,,,,,,,,,,,,,,,,,,,,,bounded_preclose_bid_ask,,,,False,not_requested_for_horizon_or_variant,,,no_standard_contract_within_rules,event,covered_call,,no_standard_contract_within_rules,,,False,,H25,2,AMD,,primary,0.024303179473143182,17.372110980500352,2025
,,,5c2cf638830b18a0eff20dc5,time_value,,,1,1,2025-03-14,2025-03-14,,,801,,,2025-03-17,802,False,,,2025-03-14,,,,,,,"{""market_momentum"": -0.0672069742773801, ""market_volatility"": 0.01253504135747289, ""momentum"": -0.09622269960615826, ""volatility"": 0.024303179473143182, ""volume_state"": 17.372110980500352}",assumed_next_daily_close,,42,0000002488,,-0.0672069742773801,0.01253504135747289,-0.09622269960615826,,,,,,,ad868825a086ca6d3226ae37,False,,,,,,,,,,,,,,,,,,,,,,,,,,,,,,,,,,,,,,,,,,,,,,,,bounded_preclose_bid_ask,,,,False,not_requested_for_horizon_or_variant,,,no_standard_contract_within_rules,event,covered_call,,no_standard_contract_within_rules,,,True,,H25,2,AMD,,primary,0.024303179473143182,17.372110980500352,2025
,,,5c2cf638830b18a0eff20dc5,time_value,,,1,1,2025-03-14,2025-03-14,,,801,,,2025-03-17,802,False,,,2025-03-14,,,,,,,"{""market_momentum"": -0.0672069742773801, ""market_volatility"": 0.01253504135747289, ""momentum"": -0.09622269960615826, ""volatility"": 0.024303179473143182, ""volume_state"": 17.372110980500352}",assumed_next_daily_close,,63,0000002488,,-0.0672069742773801,0.01253504135747289,-0.09622269960615826,,,,,,,ad868825a086ca6d3226ae37,False,,,,,,,,,,,,,,,,,,,,,,,,,,,,,,,,,,,,,,,,,,,,,,,,bounded_preclose_bid_ask,,,,False,not_requested_for_horizon_or_variant,,,no_standard_contract_within_rules,event,covered_call,,no_standard_contract_within_rules,,,False,,H25,2,AMD,,primary,0.024303179473143182,17.372110980500352,2025
,,,5c2cf638830b18a0eff20dc5,time_value,,,1,1,2025-03-14,2025-03-14,,,801,,,2025-03-17,802,False,,,2025-03-14,,,,,,,"{""market_momentum"": -0.0672069742773801, ""market_volatility"": 0.01253504135747289, ""momentum"": -0.09622269960615826, ""volatility"": 0.024303179473143182, ""volume_state"": 17.372110980500352}",assumed_next_daily_close,,63,0000002488,,-0.0672069742773801,0.01253504135747289,-0.09622269960615826,,,,,,,ad868825a086ca6d3226ae37,False,,,,,,,,,,,,,,,,,,,,,,,,,,,,,,,,,,,,,,,,,,,,,,,,bounded_preclose_bid_ask,,,,False,not_requested_for_horizon_or_variant,,,no_standard_contract_within_rules,event,covered_call,,no_standard_contract_within_rules,,,True,,H25,2,AMD,,primary,0.024303179473143182,17.372110980500352,2025
,,,5c2cf638830b18a0eff20dc5,time_value,,,1,1,2025-03-14,2025-03-14,,,801,,,2025-03-17,802,False,,,2025-03-14,,,,,,,"{""market_momentum"": -0.0672069742773801, ""market_volatility"": 0.01253504135747289, ""momentum"": -0.09622269960615826, ""volatility"": 0.024303179473143182, ""volume_state"": 17.372110980500352}",assumed_next_daily_close,,expiry,0000002488,,-0.0672069742773801,0.01253504135747289,-0.09622269960615826,,,,,,,ad868825a086ca6d3226ae37,False,,,,,,,,,,,,,,,,,,,,,,,,,,,,,,,,,,,,,,,,,,,,,,,,bounded_preclose_bid_ask,,,,False,not_requested_for_horizon_or_variant,,,no_standard_contract_within_rules,event,covered_call,,no_standard_contract_within_rules,,,False,,H25,2,AMD,,primary,0.024303179473143182,17.372110980500352,2025
,,,5c2cf638830b18a0eff20dc5,time_value,,,1,1,2025-03-14,2025-03-14,,,801,,,2025-03-17,802,False,,,2025-03-14,,,,,,,"{""market_momentum"": -0.0672069742773801, ""market_volatility"": 0.01253504135747289, ""momentum"": -0.09622269960615826, ""volatility"": 0.024303179473143182, ""volume_state"": 17.372110980500352}",assumed_next_daily_close,,expiry,0000002488,,-0.0672069742773801,0.01253504135747289,-0.09622269960615826,,,,,,,ad868825a086ca6d3226ae37,False,,,,,,,,,,,,,,,,,,,,,,,,,,,,,,,,,,,,,,,,,,,,,,,,bounded_preclose_bid_ask,,,,False,not_requested_for_horizon_or_variant,,,no_standard_contract_within_rules,event,covered_call,,no_standard_contract_within_rules,,,True,,H25,2,AMD,,primary,0.024303179473143182,17.372110980500352,2025
,,,5ca42db7ebbb7cadc10315cc,time_value,,,1,1,2023-03-03,2023-03-03,,,292,,,2023-03-06,293,False,,,2023-03-03,,,,,,,"{""market_momentum"": -0.016090555014605656, ""market_volatility"": 0.009715604783027819, ""momentum"": -0.013868515802106796, ""volatility"": 0.009441539788472427, ""volume_state"": 15.11137031290224}",assumed_next_daily_close,,1,0000021665,,-0.016090555014605656,0.009715604783027819,-0.013868515802106796,,,,,,,da7791283ef7b623c90df7d6,False,,,,,,,,,,,,,,,,,,,,,,,,,,,,,,,,,,,,,,,,,,,,,,,,bounded_preclose_bid_ask,,,,False,not_requested_for_horizon_or_variant,,,missing_decision_or_entry_bar,event,protective_put,,missing_decision_or_entry_bar,,,False,,H25,2,CL,,primary,0.009441539788472427,15.11137031290224,2023
,,,5ca42db7ebbb7cadc10315cc,time_value,,,1,1,2023-03-03,2023-03-03,,,292,,,2023-03-06,293,False,,,2023-03-03,,,,,,,"{""market_momentum"": -0.016090555014605656, ""market_volatility"": 0.009715604783027819, ""momentum"": -0.013868515802106796, ""volatility"": 0.009441539788472427, ""volume_state"": 15.11137031290224}",assumed_next_daily_close,,1,0000021665,,-0.016090555014605656,0.009715604783027819,-0.013868515802106796,,,,,,,da7791283ef7b623c90df7d6,False,,,,,,,,,,,,,,,,,,,,,,,,,,,,,,,,,,,,,,,,,,,,,,,,bounded_preclose_bid_ask,,,,False,not_requested_for_horizon_or_variant,,,missing_decision_or_entry_bar,event,protective_put,,missing_decision_or_entry_bar,,,True,,H25,2,CL,,primary,0.009441539788472427,15.11137031290224,2023
,,,5ca42db7ebbb7cadc10315cc,time_value,,,1,1,2023-03-03,2023-03-03,,,292,,,2023-03-06,293,False,,,2023-03-03,,,,,,,"{""market_momentum"": -0.016090555014605656, ""market_volatility"": 0.009715604783027819, ""momentum"": -0.013868515802106796, ""volatility"": 0.009441539788472427, ""volume_state"": 15.11137031290224}",assumed_next_daily_close,,2,0000021665,,-0.016090555014605656,0.009715604783027819,-0.013868515802106796,,,,,,,da7791283ef7b623c90df7d6,False,,,,,,,,,,,,,,,,,,,,,,,,,,,,,,,,,,,,,,,,,,,,,,,,bounded_preclose_bid_ask,,,,False,not_requested_for_horizon_or_variant,,,missing_decision_or_entry_bar,event,protective_put,,missing_decision_or_entry_bar,,,False,,H25,2,CL,,primary,0.009441539788472427,15.11137031290224,2023
,,,5ca42db7ebbb7cadc10315cc,time_value,,,1,1,2023-03-03,2023-03-03,,,292,,,2023-03-06,293,False,,,2023-03-03,,,,,,,"{""market_momentum"": -0.016090555014605656, ""market_volatility"": 0.009715604783027819, ""momentum"": -0.013868515802106796, ""volatility"": 0.009441539788472427, ""volume_state"": 15.11137031290224}",assumed_next_daily_close,,2,0000021665,,-0.016090555014605656,0.009715604783027819,-0.013868515802106796,,,,,,,da7791283ef7b623c90df7d6,False,,,,,,,,,,,,,,,,,,,,,,,,,,,,,,,,,,,,,,,,,,,,,,,,bounded_preclose_bid_ask,,,,False,not_requested_for_horizon_or_variant,,,missing_decision_or_entry_bar,event,protective_put,,missing_decision_or_entry_bar,,,True,,H25,2,CL,,primary,0.009441539788472427,15.11137031290224,2023
,,,5ca42db7ebbb7cadc10315cc,time_value,,,1,1,2023-03-03,2023-03-03,,,292,,,2023-03-06,293,False,,,2023-03-03,,,,,,,"{""market_momentum"": -0.016090555014605656, ""market_volatility"": 0.009715604783027819, ""momentum"": -0.013868515802106796, ""volatility"": 0.009441539788472427, ""volume_state"": 15.11137031290224}",assumed_next_daily_close,,3,0000021665,,-0.016090555014605656,0.009715604783027819,-0.013868515802106796,,,,,,,da7791283ef7b623c90df7d6,False,,,,,,,,,,,,,,,,,,,,,,,,,,,,,,,,,,,,,,,,,,,,,,,,bounded_preclose_bid_ask,,,,False,not_requested_for_horizon_or_variant,,,missing_decision_or_entry_bar,event,protective_put,,missing_decision_or_entry_bar,,,False,,H25,2,CL,,primary,0.009441539788472427,15.11137031290224,2023
,,,5ca42db7ebbb7cadc10315cc,time_value,,,1,1,2023-03-03,2023-03-03,,,292,,,2023-03-06,293,False,,,2023-03-03,,,,,,,"{""market_momentum"": -0.016090555014605656, ""market_volatility"": 0.009715604783027819, ""momentum"": -0.013868515802106796, ""volatility"": 0.009441539788472427, ""volume_state"": 15.11137031290224}",assumed_next_daily_close,,3,0000021665,,-0.016090555014605656,0.009715604783027819,-0.013868515802106796,,,,,,,da7791283ef7b623c90df7d6,False,,,,,,,,,,,,,,,,,,,,,,,,,,,,,,,,,,,,,,,,,,,,,,,,bounded_preclose_bid_ask,,,,False,not_requested_for_horizon_or_variant,,,missing_decision_or_entry_bar,event,protective_put,,missing_decision_or_entry_bar,,,True,,H25,2,CL,,primary,0.009441539788472427,15.11137031290224,2023
,,,5ca42db7ebbb7cadc10315cc,time_value,,,1,1,2023-03-03,2023-03-03,,,292,,,2023-03-06,293,False,,,2023-03-03,,,,,,,"{""market_momentum"": -0.016090555014605656, ""market_volatility"": 0.009715604783027819, ""momentum"": -0.013868515802106796, ""volatility"": 0.009441539788472427, ""volume_state"": 15.11137031290224}",assumed_next_daily_close,,5,0000021665,,-0.016090555014605656,0.009715604783027819,-0.013868515802106796,,,,,,,da7791283ef7b623c90df7d6,False,,,,,,,,,,,,,,,,,,,,,,,,,,,,,,,,,,,,,,,,,,,,,,,,bounded_preclose_bid_ask,,,,False,not_requested_for_horizon_or_variant,,,missing_decision_or_entry_bar,event,protective_put,,missing_decision_or_entry_bar,,,False,,H25,2,CL,,primary,0.009441539788472427,15.11137031290224,2023
,,,5ca42db7ebbb7cadc10315cc,time_value,,,1,1,2023-03-03,2023-03-03,,,292,,,2023-03-06,293,False,,,2023-03-03,,,,,,,"{""market_momentum"": -0.016090555014605656, ""market_volatility"": 0.009715604783027819, ""momentum"": -0.013868515802106796, ""volatility"": 0.009441539788472427, ""volume_state"": 15.11137031290224}",assumed_next_daily_close,,5,0000021665,,-0.016090555014605656,0.009715604783027819,-0.013868515802106796,,,,,,,da7791283ef7b623c90df7d6,False,,,,,,,,,,,,,,,,,,,,,,,,,,,,,,,,,,,,,,,,,,,,,,,,bounded_preclose_bid_ask,,,,False,not_requested_for_horizon_or_variant,,,missing_decision_or_entry_bar,event,protective_put,,missing_decision_or_entry_bar,,,True,,H25,2,CL,,primary,0.009441539788472427,15.11137031290224,2023
,,,5ca42db7ebbb7cadc10315cc,time_value,,,1,1,2023-03-03,2023-03-03,,,292,,,2023-03-06,293,False,,,2023-03-03,,,,,,,"{""market_momentum"": -0.016090555014605656, ""market_volatility"": 0.009715604783027819, ""momentum"": -0.013868515802106796, ""volatility"": 0.009441539788472427, ""volume_state"": 15.11137031290224}",assumed_next_daily_close,,10,0000021665,,-0.016090555014605656,0.009715604783027819,-0.013868515802106796,,,,,,,da7791283ef7b623c90df7d6,False,,,,,,,,,,,,,,,,,,,,,,,,,,,,,,,,,,,,,,,,,,,,,,,,bounded_preclose_bid_ask,,,,False,bar_outcome_not_completed,,,missing_decision_or_entry_bar,event,protective_put,,missing_decision_or_entry_bar,,,False,,H25,2,CL,,primary,0.009441539788472427,15.11137031290224,2023
,,,5ca42db7ebbb7cadc10315cc,time_value,,,1,1,2023-03-03,2023-03-03,,,292,,,2023-03-06,293,False,,,2023-03-03,,,,,,,"{""market_momentum"": -0.016090555014605656, ""market_volatility"": 0.009715604783027819, ""momentum"": -0.013868515802106796, ""volatility"": 0.009441539788472427, ""volume_state"": 15.11137031290224}",assumed_next_daily_close,,10,0000021665,,-0.016090555014605656,0.009715604783027819,-0.013868515802106796,,,,,,,da7791283ef7b623c90df7d6,False,,,,,,,,,,,,,,,,,,,,,,,,,,,,,,,,,,,,,,,,,,,,,,,,bounded_preclose_bid_ask,,,,False,bar_outcome_not_completed,,,missing_decision_or_entry_bar,event,protective_put,,missing_decision_or_entry_bar,,,True,,H25,2,CL,,primary,0.009441539788472427,15.11137031290224,2023
,,,5ca42db7ebbb7cadc10315cc,time_value,,,1,1,2023-03-03,2023-03-03,,,292,,,2023-03-06,293,False,,,2023-03-03,,,,,,,"{""market_momentum"": -0.016090555014605656, ""market_volatility"": 0.009715604783027819, ""momentum"": -0.013868515802106796, ""volatility"": 0.009441539788472427, ""volume_state"": 15.11137031290224}",assumed_next_daily_close,,21,0000021665,,-0.016090555014605656,0.009715604783027819,-0.013868515802106796,,,,,,,da7791283ef7b623c90df7d6,False,,,,,,,,,,,,,,,,,,,,,,,,,,,,,,,,,,,,,,,,,,,,,,,,bounded_preclose_bid_ask,,,,False,not_requested_for_horizon_or_variant,,,missing_decision_or_entry_bar,event,protective_put,,missing_decision_or_entry_bar,,,False,,H25,2,CL,,primary,0.009441539788472427,15.11137031290224,2023
,,,5ca42db7ebbb7cadc10315cc,time_value,,,1,1,2023-03-03,2023-03-03,,,292,,,2023-03-06,293,False,,,2023-03-03,,,,,,,"{""market_momentum"": -0.016090555014605656, ""market_volatility"": 0.009715604783027819, ""momentum"": -0.013868515802106796, ""volatility"": 0.009441539788472427, ""volume_state"": 15.11137031290224}",assumed_next_daily_close,,21,0000021665,,-0.016090555014605656,0.009715604783027819,-0.013868515802106796,,,,,,,da7791283ef7b623c90df7d6,False,,,,,,,,,,,,,,,,,,,,,,,,,,,,,,,,,,,,,,,,,,,,,,,,bounded_preclose_bid_ask,,,,False,not_requested_for_horizon_or_variant,,,missing_decision_or_entry_bar,event,protective_put,,missing_decision_or_entry_bar,,,True,,H25,2,CL,,primary,0.009441539788472427,15.11137031290224,2023
,,,5ca42db7ebbb7cadc10315cc,time_value,,,1,1,2023-03-03,2023-03-03,,,292,,,2023-03-06,293,False,,,2023-03-03,,,,,,,"{""market_momentum"": -0.016090555014605656, ""market_volatility"": 0.009715604783027819, ""momentum"": -0.013868515802106796, ""volatility"": 0.009441539788472427, ""volume_state"": 15.11137031290224}",assumed_next_daily_close,,42,0000021665,,-0.016090555014605656,0.009715604783027819,-0.013868515802106796,,,,,,,da7791283ef7b623c90df7d6,False,,,,,,,,,,,,,,,,,,,,,,,,,,,,,,,,,,,,,,,,,,,,,,,,bounded_preclose_bid_ask,,,,False,not_requested_for_horizon_or_variant,,,missing_decision_or_entry_bar,event,protective_put,,missing_decision_or_entry_bar,,,False,,H25,2,CL,,primary,0.009441539788472427,15.11137031290224,2023
,,,5ca42db7ebbb7cadc10315cc,time_value,,,1,1,2023-03-03,2023-03-03,,,292,,,2023-03-06,293,False,,,2023-03-03,,,,,,,"{""market_momentum"": -0.016090555014605656, ""market_volatility"": 0.009715604783027819, ""momentum"": -0.013868515802106796, ""volatility"": 0.009441539788472427, ""volume_state"": 15.11137031290224}",assumed_next_daily_close,,42,0000021665,,-0.016090555014605656,0.009715604783027819,-0.013868515802106796,,,,,,,da7791283ef7b623c90df7d6,False,,,,,,,,,,,,,,,,,,,,,,,,,,,,,,,,,,,,,,,,,,,,,,,,bounded_preclose_bid_ask,,,,False,not_requested_for_horizon_or_variant,,,missing_decision_or_entry_bar,event,protective_put,,missing_decision_or_entry_bar,,,True,,H25,2,CL,,primary,0.009441539788472427,15.11137031290224,2023
,,,5ca42db7ebbb7cadc10315cc,time_value,,,1,1,2023-03-03,2023-03-03,,,292,,,2023-03-06,293,False,,,2023-03-03,,,,,,,"{""market_momentum"": -0.016090555014605656, ""market_volatility"": 0.009715604783027819, ""momentum"": -0.013868515802106796, ""volatility"": 0.009441539788472427, ""volume_state"": 15.11137031290224}",assumed_next_daily_close,,63,0000021665,,-0.016090555014605656,0.009715604783027819,-0.013868515802106796,,,,,,,da7791283ef7b623c90df7d6,False,,,,,,,,,,,,,,,,,,,,,,,,,,,,,,,,,,,,,,,,,,,,,,,,bounded_preclose_bid_ask,,,,False,not_requested_for_horizon_or_variant,,,missing_decision_or_entry_bar,event,protective_put,,missing_decision_or_entry_bar,,,False,,H25,2,CL,,primary,0.009441539788472427,15.11137031290224,2023
,,,5ca42db7ebbb7cadc10315cc,time_value,,,1,1,2023-03-03,2023-03-03,,,292,,,2023-03-06,293,False,,,2023-03-03,,,,,,,"{""market_momentum"": -0.016090555014605656, ""market_volatility"": 0.009715604783027819, ""momentum"": -0.013868515802106796, ""volatility"": 0.009441539788472427, ""volume_state"": 15.11137031290224}",assumed_next_daily_close,,63,0000021665,,-0.016090555014605656,0.009715604783027819,-0.013868515802106796,,,,,,,da7791283ef7b623c90df7d6,False,,,,,,,,,,,,,,,,,,,,,,,,,,,,,,,,,,,,,,,,,,,,,,,,bounded_preclose_bid_ask,,,,False,not_requested_for_horizon_or_variant,,,missing_decision_or_entry_bar,event,protective_put,,missing_decision_or_entry_bar,,,True,,H25,2,CL,,primary,0.009441539788472427,15.11137031290224,2023
,,,5ca42db7ebbb7cadc10315cc,time_value,,,1,1,2023-03-03,2023-03-03,,,292,,,2023-03-06,293,False,,,2023-03-03,,,,,,,"{""market_momentum"": -0.016090555014605656, ""market_volatility"": 0.009715604783027819, ""momentum"": -0.013868515802106796, ""volatility"": 0.009441539788472427, ""volume_state"": 15.11137031290224}",assumed_next_daily_close,,expiry,0000021665,,-0.016090555014605656,0.009715604783027819,-0.013868515802106796,,,,,,,da7791283ef7b623c90df7d6,False,,,,,,,,,,,,,,,,,,,,,,,,,,,,,,,,,,,,,,,,,,,,,,,,bounded_preclose_bid_ask,,,,False,not_requested_for_horizon_or_variant,,,missing_decision_or_entry_bar,event,protective_put,,missing_decision_or_entry_bar,,,False,,H25,2,CL,,primary,0.009441539788472427,15.11137031290224,2023
,,,5ca42db7ebbb7cadc10315cc,time_value,,,1,1,2023-03-03,2023-03-03,,,292,,,2023-03-06,293,False,,,2023-03-03,,,,,,,"{""market_momentum"": -0.016090555014605656, ""market_volatility"": 0.009715604783027819, ""momentum"": -0.013868515802106796, ""volatility"": 0.009441539788472427, ""volume_state"": 15.11137031290224}",assumed_next_daily_close,,expiry,0000021665,,-0.016090555014605656,0.009715604783027819,-0.013868515802106796,,,,,,,da7791283ef7b623c90df7d6,False,,,,,,,,,,,,,,,,,,,,,,,,,,,,,,,,,,,,,,,,,,,,,,,,bounded_preclose_bid_ask,,,,False,not_requested_for_horizon_or_variant,,,missing_decision_or_entry_bar,event,protective_put,,missing_decision_or_entry_bar,,,True,,H25,2,CL,,primary,0.009441539788472427,15.11137031290224,2023
0.05962136196665724,2022-08-09,150,62df93012f69735a11819250,time_value,10.371200000000002,O:INTC221216C00037500,1,1,2022-08-05,2022-08-05,133,0.05481774512574173,148,0.0,0.020518371961560207,2022-08-08,149,True,2022-08-09,150,2023-02-14,341,41601566.0,2022-08-09,scheduled_exit,150,2022-12-16,"{""market_momentum"": 0.06293220905421748, ""market_volatility"": 0.01219475356589377, ""momentum"": -0.07210277923439956, ""volatility"": 0.026081773059680027, ""volume_state"": 17.59528953984785}",assumed_next_daily_close,3538.0000000000005,1,0000050863,0,0.06293220905421748,0.01219475356589377,-0.07210277923439956,-72.59400000000002,-0.020518371961560207,12.222800000000001,1.89,1.53,35.999999999999986,c7975fbe6a0c406d963e7f52,True,0.00035198873636043646,2841,1.4480358604111502e-06,69059063.2,,,,,,,,,,,,,,,,,,,,,,,,,,,,,,,,,,,,,,,,,,,,bounded_preclose_bid_ask,,,,False,not_requested_for_horizon_or_variant,,,,ordinary,covered_call,100,completed,35.38,34.52,False,-86.0,H25,2,INTC,22.594,primary,0.026081773059680027,17.59528953984785,2022
0.05962136196665724,2022-08-09,150,62df93012f69735a11819250,time_value,2.0712,O:INTC221216C00037500,1,1,2022-08-05,2022-08-05,133,0.05481774512574173,148,0.0,0.025492933860938382,2022-08-08,149,True,2022-08-09,150,2023-02-14,341,41601566.0,2022-08-09,scheduled_exit,150,2022-12-16,"{""market_momentum"": 0.06293220905421748, ""market_volatility"": 0.01219475356589377, ""momentum"": -0.07210277923439956, ""volatility"": 0.026081773059680027, ""volume_state"": 17.59528953984785}",assumed_next_daily_close,3538.0000000000005,1,0000050863,0,0.06293220905421748,0.01219475356589377,-0.07210277923439956,-90.194,-0.025492933860938382,2.1228000000000002,1.89,0.0,-0.0,c7975fbe6a0c406d963e7f52,True,0.00035198873636043646,2841,1.4480358604111502e-06,69059063.2,,,,,,,,,,,,,,,,,,,,,,,,,,,,,,,,,,,,,,,,,,,,bounded_preclose_bid_ask,,,,False,not_requested_for_horizon_or_variant,,,,ordinary,covered_call,100,completed,35.38,34.52,True,-86.0,H25,2,INTC,4.194000000000001,primary,0.026081773059680027,17.59528953984785,2022
0.05962136196665724,2022-08-10,151,62df93012f69735a11819250,time_value,11.4722,O:INTC221216C00037500,1,1,2022-08-05,2022-08-05,133,0.05481774512574173,148,0.0,0.020518371961560204,2022-08-08,149,True,2022-08-10,151,2023-02-14,341,41601566.0,2022-08-10,scheduled_exit,151,2022-12-16,"{""market_momentum"": 0.06293220905421748, ""market_volatility"": 0.01219475356589377, ""momentum"": -0.07210277923439956, ""volatility"": 0.026081773059680027, ""volume_state"": 17.59528953984785}",assumed_next_daily_close,3538.0000000000005,2,0000050863,0,0.06293220905421748,0.01219475356589377,-0.07210277923439956,-9.69500000000092,-0.002740248728095229,12.222800000000001,1.89,1.74,14.999999999999991,c7975fbe6a0c406d963e7f52,True,0.00035198873636043646,2841,1.4480358604111502e-06,69059063.2,,,,,,,,,,,,,,,,,,,,,,,,,,,,,,,,,,,,,,,,,,,,bounded_preclose_bid_ask,,,,False,not_requested_for_horizon_or_variant,,,,ordinary,covered_call,100,completed,35.38,35.37,False,-1.0000000000009095,H25,2,INTC,23.695,primary,0.026081773059680027,17.59528953984785,2022
0.05962136196665724,2022-08-10,151,62df93012f69735a11819250,time_value,2.1221999999999994,O:INTC221216C00037500,1,1,2022-08-05,2022-08-05,133,0.05481774512574173,148,0.0,0.02549293386093841,2022-08-08,149,True,2022-08-10,151,2023-02-14,341,41601566.0,2022-08-10,scheduled_exit,151,2022-12-16,"{""market_momentum"": 0.06293220905421748, ""market_volatility"": 0.01219475356589377, ""momentum"": -0.07210277923439956, ""volatility"": 0.026081773059680027, ""volume_state"": 17.59528953984785}",assumed_next_daily_close,3538.0000000000005,2,0000050863,0,0.06293220905421748,0.01219475356589377,-0.07210277923439956,-5.245000000000909,-0.0014824759751274471,2.1228000000000002,1.89,0.0,-0.0,c7975fbe6a0c406d963e7f52,True,0.00035198873636043646,2841,1.4480358604111502e-06,69059063.2,,,,,,,,,,,,,,,,,,,,,,,,,,,,,,,,,,,,,,,,,,,,bounded_preclose_bid_ask,,,,False,not_requested_for_horizon_or_variant,,,,ordinary,covered_call,100,completed,35.38,35.37,True,-1.0000000000009095,H25,2,INTC,4.244999999999999,primary,0.026081773059680027,17.59528953984785,2022
0.05962136196665724,2022-08-11,152,62df93012f69735a11819250,time_value,12.285400000000001,O:INTC221216C00037500,1,1,2022-08-05,2022-08-05,133,0.05481774512574173,148,0.0,0.020518371961560204,2022-08-08,149,True,2022-08-11,152,2023-02-14,341,41601566.0,2022-08-11,scheduled_exit,152,2022-12-16,"{""market_momentum"": 0.06293220905421748, ""market_volatility"": 0.01219475356589377, ""momentum"": -0.07210277923439956, ""volatility"": 0.026081773059680027, ""volume_state"": 17.59528953984785}",assumed_next_daily_close,3538.0000000000005,3,0000050863,0,0.06293220905421748,0.01219475356589377,-0.07210277923439956,-4.508200000000002,-0.0012742227247032225,12.222800000000001,1.89,1.9,-1.0000000000000009,c7975fbe6a0c406d963e7f52,True,0.00035198873636043646,2841,1.4480358604111502e-06,69059063.2,,,,,,,,,,,,,,,,,,,,,,,,,,,,,,,,,,,,,,,,,,,,bounded_preclose_bid_ask,,,,False,not_requested_for_horizon_or_variant,,,,ordinary,covered_call,100,completed,35.38,35.59,False,21.0,H25,2,INTC,24.508200000000002,primary,0.026081773059680027,17.59528953984785,2022
0.05962136196665724,2022-08-11,152,62df93012f69735a11819250,time_value,2.1354,O:INTC221216C00037500,1,1,2022-08-05,2022-08-05,133,0.05481774512574173,148,0.0,0.02549293386093841,2022-08-08,149,True,2022-08-11,152,2023-02-14,341,41601566.0,2022-08-11,scheduled_exit,152,2022-12-16,"{""market_momentum"": 0.06293220905421748, ""market_volatility"": 0.01219475356589377, ""momentum"": -0.07210277923439956, ""volatility"": 0.026081773059680027, ""volume_state"": 17.59528953984785}",assumed_next_daily_close,3538.0000000000005,3,0000050863,0,0.06293220905421748,0.01219475356589377,-0.07210277923439956,16.741799999999998,0.004731995477670999,2.1228000000000002,1.89,0.0,-0.0,c7975fbe6a0c406d963e7f52,True,0.00035198873636043646,2841,1.4480358604111502e-06,69059063.2,,,,,,,,,,,,,,,,,,,,,,,,,,,,,,,,,,,,,,,,,,,,bounded_preclose_bid_ask,,,,False,not_requested_for_horizon_or_variant,,,,ordinary,covered_call,100,completed,35.38,35.59,True,21.0,H25,2,INTC,4.2582,primary,0.026081773059680027,17.59528953984785,2022
0.05962136196665724,2022-08-15,154,62df93012f69735a11819250,time_value,13.630400000000002,O:INTC221216C00037500,1,1,2022-08-05,2022-08-05,133,0.05481774512574173,148,0.0,0.020518371961560204,2022-08-08,149,True,2022-08-15,154,2023-02-14,341,41601566.0,2022-08-15,scheduled_exit,154,2022-12-16,"{""market_momentum"": 0.06293220905421748, ""market_volatility"": 0.01219475356589377, ""momentum"": -0.07210277923439956, ""volatility"": 0.026081773059680027, ""volume_state"": 17.59528953984785}",assumed_next_daily_close,3538.0000000000005,5,0000050863,0,0.06293220905421748,0.01219475356589377,-0.07210277923439956,43.14679999999997,0.012195251554550583,12.222800000000001,1.89,2.16,-27.000000000000025,c7975fbe6a0c406d963e7f52,True,0.00035198873636043646,2841,1.4480358604111502e-06,69059063.2,,,,,,,,,,,,,,,,,,,,,,,,,,,,,,,,,,,,,,,,,,,,bounded_preclose_bid_ask,,,,False,not_requested_for_horizon_or_variant,,,,ordinary,covered_call,100,completed,35.38,36.34,False,96.0,H25,2,INTC,25.8532,primary,0.026081773059680027,17.59528953984785,2022
0.05962136196665724,2022-08-15,154,62df93012f69735a11819250,time_value,2.1804,O:INTC221216C00037500,1,1,2022-08-05,2022-08-05,133,0.05481774512574173,148,0.0,0.02549293386093841,2022-08-08,149,True,2022-08-15,154,2023-02-14,341,41601566.0,2022-08-15,scheduled_exit,154,2022-12-16,"{""market_momentum"": 0.06293220905421748, ""market_volatility"": 0.01219475356589377, ""momentum"": -0.07210277923439956, ""volatility"": 0.026081773059680027, ""volume_state"": 17.59528953984785}",assumed_next_daily_close,3538.0000000000005,5,0000050863,0,0.06293220905421748,0.01219475356589377,-0.07210277923439956,91.6968,0.025917693612210285,2.1228000000000002,1.89,0.0,-0.0,c7975fbe6a0c406d963e7f52,True,0.00035198873636043646,2841,1.4480358604111502e-06,69059063.2,,,,,,,,,,,,,,,,,,,,,,,,,,,,,,,,,,,,,,,,,,,,bounded_preclose_bid_ask,,,,False,not_requested_for_horizon_or_variant,,,,ordinary,covered_call,100,completed,35.38,36.34,True,96.0,H25,2,INTC,4.3032,primary,0.026081773059680027,17.59528953984785,2022
0.05962136196665724,2022-08-22,159,62df93012f69735a11819250,time_value,8.830400000000001,O:INTC221216C00037500,1,1,2022-08-05,2022-08-05,133,0.05481774512574173,148,0.0,0.030823403052572074,2022-08-08,149,True,2022-08-22,159,2023-02-14,341,41601566.0,2022-08-22,scheduled_exit,159,2022-12-16,"{""market_momentum"": 0.06293220905421748, ""market_volatility"": 0.01219475356589377, ""momentum"": -0.07210277923439956, ""volatility"": 0.026081773059680027, ""volume_state"": 17.59528953984785}",assumed_next_daily_close,3538.0000000000005,10,0000050863,0,0.06293220905421748,0.01219475356589377,-0.07210277923439956,-109.05320000000002,-0.030823403052572074,12.222800000000001,1.89,1.23,65.99999999999999,c7975fbe6a0c406d963e7f52,True,0.00035198873636043646,2841,1.4480358604111502e-06,69059063.2,,,,,,,,,,,,,,,,,,,,,,,,,,,,,,,,,,,,,,,,,,,,bounded_preclose_bid_ask,,,,False,decision_asynchronous_quotes,,,,ordinary,covered_call,100,completed,35.38,33.84,False,-154.0,H25,2,INTC,21.053200000000004,primary,0.026081773059680027,17.59528953984785,2022
0.05962136196665724,2022-08-22,159,62df93012f69735a11819250,time_value,2.0304,O:INTC221216C00037500,1,1,2022-08-05,2022-08-05,133,0.05481774512574173,148,0.0,0.04470130016958734,2022-08-08,149,True,2022-08-22,159,2023-02-14,341,41601566.0,2022-08-22,scheduled_exit,159,2022-12-16,"{""market_momentum"": 0.06293220905421748, ""market_volatility"": 0.01219475356589377, ""momentum"": -0.07210277923439956, ""volatility"": 0.026081773059680027, ""volume_state"": 17.59528953984785}",assumed_next_daily_close,3538.0000000000005,10,0000050863,0,0.06293220905421748,0.01219475356589377,-0.07210277923439956,-158.15320000000003,-0.04470130016958734,2.1228000000000002,1.89,0.0,-0.0,c7975fbe6a0c406d963e7f52,True,0.00035198873636043646,2841,1.4480358604111502e-06,69059063.2,,,,,,,,,,,,,,,,,,,,,,,,,,,,,,,,,,,,,,,,,,,,bounded_preclose_bid_ask,,,,False,decision_asynchronous_quotes,,,,ordinary,covered_call,100,completed,35.38,33.84,True,-154.0,H25,2,INTC,4.1532,primary,0.026081773059680027,17.59528953984785,2022
0.05962136196665724,2022-09-07,170,62df93012f69735a11819250,time_value,4.539,O:INTC221216C00037500,1,1,2022-08-05,2022-08-05,133,0.05481774512574173,148,0.0,0.10567959299039018,2022-08-08,149,True,2022-09-07,170,2023-02-14,341,41601566.0,2022-09-07,scheduled_exit,170,2022-12-16,"{""market_momentum"": 0.06293220905421748, ""market_volatility"": 0.01219475356589377, ""momentum"": -0.07210277923439956, ""volatility"": 0.026081773059680027, ""volume_state"": 17.59528953984785}",assumed_next_daily_close,3538.0000000000005,21,0000050863,0,0.06293220905421748,0.01219475356589377,-0.07210277923439956,-341.76180000000045,-0.09659745618993794,12.222800000000001,1.89,0.41,148.0,c7975fbe6a0c406d963e7f52,True,0.00035198873636043646,2841,1.4480358604111502e-06,69059063.2,,,,,,,,,,,,,,,,,,,,,,,,,,,,,,,,,,,,,,,,,,,,bounded_preclose_bid_ask,,,,False,not_requested_for_horizon_or_variant,,,,ordinary,covered_call,100,completed,35.38,30.65,False,-473.00000000000045,H25,2,INTC,16.7618,primary,0.026081773059680027,17.59528953984785,2022
0.05962136196665724,2022-09-07,170,62df93012f69735a11819250,time_value,1.8389999999999997,O:INTC221216C00037500,1,1,2022-08-05,2022-08-05,133,0.05481774512574173,148,0.0,0.14300293951384976,2022-08-08,149,True,2022-09-07,170,2023-02-14,341,41601566.0,2022-09-07,scheduled_exit,170,2022-12-16,"{""market_momentum"": 0.06293220905421748, ""market_volatility"": 0.01219475356589377, ""momentum"": -0.07210277923439956, ""volatility"": 0.026081773059680027, ""volume_state"": 17.59528953984785}",assumed_next_daily_close,3538.0000000000005,21,0000050863,0,0.06293220905421748,0.01219475356589377,-0.07210277923439956,-476.96180000000044,-0.13481113623516122,2.1228000000000002,1.89,0.0,-0.0,c7975fbe6a0c406d963e7f52,True,0.00035198873636043646,2841,1.4480358604111502e-06,69059063.2,,,,,,,,,,,,,,,,,,,,,,,,,,,,,,,,,,,,,,,,,,,,bounded_preclose_bid_ask,,,,False,not_requested_for_horizon_or_variant,,,,ordinary,covered_call,100,completed,35.38,30.65,True,-473.00000000000045,H25,2,INTC,3.9618,primary,0.026081773059680027,17.59528953984785,2022
0.05962136196665724,2022-10-06,191,62df93012f69735a11819250,time_value,2.7807999999999997,O:INTC221216C00037500,1,1,2022-08-05,2022-08-05,133,0.05481774512574173,148,0.0,0.2246520633126061,2022-08-08,149,True,2022-10-06,191,2023-02-14,341,41601566.0,2022-10-06,scheduled_exit,191,2022-12-16,"{""market_momentum"": 0.06293220905421748, ""market_volatility"": 0.01219475356589377, ""momentum"": -0.07210277923439956, ""volatility"": 0.026081773059680027, ""volume_state"": 17.59528953984785}",assumed_next_daily_close,3538.0000000000005,42,0000050863,0,0.06293220905421748,0.01219475356589377,-0.07210277923439956,-656.0036000000005,-0.18541650650084804,12.222800000000001,1.89,0.1,178.99999999999997,c7975fbe6a0c406d963e7f52,True,0.00035198873636043646,2841,1.4480358604111502e-06,69059063.2,,,,,,,,,,,,,,,,,,,,,,,,,,,,,,,,,,,,,,,,,,,,bounded_preclose_bid_ask,,,,False,not_requested_for_horizon_or_variant,,,,ordinary,covered_call,100,completed,35.38,27.18,False,-820.0000000000005,H25,2,INTC,15.0036,primary,0.026081773059680027,17.59528953984785,2022
0.05962136196665724,2022-10-06,191,62df93012f69735a11819250,time_value,1.6307999999999998,O:INTC221216C00037500,1,1,2022-08-05,2022-08-05,133,0.05481774512574173,148,0.0,0.2726594120972302,2022-08-08,149,True,2022-10-06,191,2023-02-14,341,41601566.0,2022-10-06,scheduled_exit,191,2022-12-16,"{""market_momentum"": 0.06293220905421748, ""market_volatility"": 0.01219475356589377, ""momentum"": -0.07210277923439956, ""volatility"": 0.026081773059680027, ""volume_state"": 17.59528953984785}",assumed_next_daily_close,3538.0000000000005,42,0000050863,0,0.06293220905421748,0.01219475356589377,-0.07210277923439956,-823.7536000000005,-0.23283029960429633,2.1228000000000002,1.89,0.0,-0.0,c7975fbe6a0c406d963e7f52,True,0.00035198873636043646,2841,1.4480358604111502e-06,69059063.2,,,,,,,,,,,,,,,,,,,,,,,,,,,,,,,,,,,,,,,,,,,,bounded_preclose_bid_ask,,,,False,not_requested_for_horizon_or_variant,,,,ordinary,covered_call,100,completed,35.38,27.18,True,-820.0000000000005,H25,2,INTC,3.7536,primary,0.026081773059680027,17.59528953984785,2022
0.05962136196665724,2022-11-04,212,62df93012f69735a11819250,time_value,2.492,O:INTC221216C00037500,1,1,2022-08-05,2022-08-05,133,0.05481774512574173,148,36.5,0.24497603165630308,2022-08-08,149,True,2022-11-04,212,2023-02-14,341,41601566.0,2022-11-04,scheduled_exit,212,2022-12-16,"{""market_momentum"": 0.06293220905421748, ""market_volatility"": 0.01219475356589377, ""momentum"": -0.07210277923439956, ""volatility"": 0.026081773059680027, ""volume_state"": 17.59528953984785}",assumed_next_daily_close,3538.0000000000005,63,0000050863,0,0.06293220905421748,0.01219475356589377,-0.07210277923439956,-510.2148000000005,-0.14420994912379886,12.222800000000001,1.89,0.03,186.0,c7975fbe6a0c406d963e7f52,True,0.00035198873636043646,2841,1.4480358604111502e-06,69059063.2,,,,,,,,,,,,,,,,,,,,,,,,,,,,,,,,,,,,,,,,,,,,bounded_preclose_bid_ask,,,,False,not_requested_for_horizon_or_variant,,,,ordinary,covered_call,100,completed,35.38,28.2,False,-718.0000000000005,H25,2,INTC,14.7148,primary,0.026081773059680027,17.59528953984785,2022
0.05962136196665724,2022-11-04,212,62df93012f69735a11819250,time_value,1.692,O:INTC221216C00037500,1,1,2022-08-05,2022-08-05,133,0.05481774512574173,148,36.5,0.2932801582815151,2022-08-08,149,True,2022-11-04,212,2023-02-14,341,41601566.0,2022-11-04,scheduled_exit,212,2022-12-16,"{""market_momentum"": 0.06293220905421748, ""market_volatility"": 0.01219475356589377, ""momentum"": -0.07210277923439956, ""volatility"": 0.026081773059680027, ""volume_state"": 17.59528953984785}",assumed_next_daily_close,3538.0000000000005,63,0000050863,0,0.06293220905421748,0.01219475356589377,-0.07210277923439956,-685.3148000000004,-0.19370118711136244,2.1228000000000002,1.89,0.0,-0.0,c7975fbe6a0c406d963e7f52,True,0.00035198873636043646,2841,1.4480358604111502e-06,69059063.2,,,,,,,,,,,,,,,,,,,,,,,,,,,,,,,,,,,,,,,,,,,,bounded_preclose_bid_ask,,,,False,not_requested_for_horizon_or_variant,,,,ordinary,covered_call,100,completed,35.38,28.2,True,-718.0000000000005,H25,2,INTC,3.8148,primary,0.026081773059680027,17.59528953984785,2022
0.05962136196665724,2022-12-16,241,62df93012f69735a11819250,time_value,2.2652,O:INTC221216C00037500,1,1,2022-08-05,2022-08-05,133,0.05481774512574173,148,36.5,,2022-08-08,149,True,2022-12-16,241,2023-02-14,341,41601566.0,2022-12-16,expiry_worthless,241,2022-12-16,"{""market_momentum"": 0.06293220905421748, ""market_volatility"": 0.01219475356589377, ""momentum"": -0.07210277923439956, ""volatility"": 0.026081773059680027, ""volume_state"": 17.59528953984785}",assumed_next_daily_close,3538.0000000000005,expiry,0000050863,1,0.06293220905421748,0.01219475356589377,-0.07210277923439956,-634.9880000000005,-0.17947654041831557,12.222800000000001,1.89,0.0,189.0,c7975fbe6a0c406d963e7f52,False,0.00035198873636043646,2841,1.4480358604111502e-06,69059063.2,,,,,,,,,,,,,,,,,,,,,,,,,,,,,,,,,,,,,,,,,,,,bounded_preclose_bid_ask,,,,False,not_requested_for_horizon_or_variant,,,,ordinary,covered_call,100,completed,35.38,26.92,False,-846.0000000000005,H25,2,INTC,14.488000000000001,primary,0.026081773059680027,17.59528953984785,2022
0.05962136196665724,2022-12-16,241,62df93012f69735a11819250,time_value,1.6152,O:INTC221216C00037500,1,1,2022-08-05,2022-08-05,133,0.05481774512574173,148,36.5,0.2932801582815151,2022-08-08,149,True,2022-12-16,241,2023-02-14,341,41601566.0,2022-12-16,scheduled_exit,241,2022-12-16,"{""market_momentum"": 0.06293220905421748, ""market_volatility"": 0.01219475356589377, ""momentum"": -0.07210277923439956, ""volatility"": 0.026081773059680027, ""volume_state"": 17.59528953984785}",assumed_next_daily_close,3538.0000000000005,expiry,0000050863,0,0.06293220905421748,0.01219475356589377,-0.07210277923439956,-813.2380000000004,-0.22985811192764283,2.1228000000000002,1.89,0.0,-0.0,c7975fbe6a0c406d963e7f52,True,0.00035198873636043646,2841,1.4480358604111502e-06,69059063.2,,,,,,,,,,,,,,,,,,,,,,,,,,,,,,,,,,,,,,,,,,,,bounded_preclose_bid_ask,,,,False,not_requested_for_horizon_or_variant,,,,ordinary,covered_call,100,completed,35.38,26.92,True,-846.0000000000005,H25,2,INTC,3.7380000000000004,primary,0.026081773059680027,17.59528953984785,2022
,,,69c765f0a0e462b850829f1e,time_value,,,1,1,2022-08-09,2022-08-09,,,150,,,2022-08-10,151,False,,,2023-01-26,,,,,,,"{""market_momentum"": 0.07058272388933706, ""market_volatility"": 0.011969991081459876, ""momentum"": 0.1279458979438488, ""volatility"": 0.017528456712257317, ""volume_state"": 15.034182343856525}",assumed_next_daily_close,,1,0000027419,,0.07058272388933706,0.011969991081459876,0.1279458979438488,,,,,,,c86657859a5b413a7d502ff8,False,,,,,,,,,,,,,,,,,,,,,,,,,,,,,,,,,,,,,,,,,,,,,,,,bounded_preclose_bid_ask,,,,False,not_requested_for_horizon_or_variant,,,thin_prior_option_volume,ordinary,covered_call,,thin_prior_option_volume,,,False,,H25,2,TGT,,primary,0.017528456712257317,15.034182343856525,2022
,,,69c765f0a0e462b850829f1e,time_value,,,1,1,2022-08-09,2022-08-09,,,150,,,2022-08-10,151,False,,,2023-01-26,,,,,,,"{""market_momentum"": 0.07058272388933706, ""market_volatility"": 0.011969991081459876, ""momentum"": 0.1279458979438488, ""volatility"": 0.017528456712257317, ""volume_state"": 15.034182343856525}",assumed_next_daily_close,,1,0000027419,,0.07058272388933706,0.011969991081459876,0.1279458979438488,,,,,,,c86657859a5b413a7d502ff8,False,,,,,,,,,,,,,,,,,,,,,,,,,,,,,,,,,,,,,,,,,,,,,,,,bounded_preclose_bid_ask,,,,False,not_requested_for_horizon_or_variant,,,thin_prior_option_volume,ordinary,covered_call,,thin_prior_option_volume,,,True,,H25,2,TGT,,primary,0.017528456712257317,15.034182343856525,2022
,,,69c765f0a0e462b850829f1e,time_value,,,1,1,2022-08-09,2022-08-09,,,150,,,2022-08-10,151,False,,,2023-01-26,,,,,,,"{""market_momentum"": 0.07058272388933706, ""market_volatility"": 0.011969991081459876, ""momentum"": 0.1279458979438488, ""volatility"": 0.017528456712257317, ""volume_state"": 15.034182343856525}",assumed_next_daily_close,,2,0000027419,,0.07058272388933706,0.011969991081459876,0.1279458979438488,,,,,,,c86657859a5b413a7d502ff8,False,,,,,,,,,,,,,,,,,,,,,,,,,,,,,,,,,,,,,,,,,,,,,,,,bounded_preclose_bid_ask,,,,False,not_requested_for_horizon_or_variant,,,thin_prior_option_volume,ordinary,covered_call,,thin_prior_option_volume,,,False,,H25,2,TGT,,primary,0.017528456712257317,15.034182343856525,2022
,,,69c765f0a0e462b850829f1e,time_value,,,1,1,2022-08-09,2022-08-09,,,150,,,2022-08-10,151,False,,,2023-01-26,,,,,,,"{""market_momentum"": 0.07058272388933706, ""market_volatility"": 0.011969991081459876, ""momentum"": 0.1279458979438488, ""volatility"": 0.017528456712257317, ""volume_state"": 15.034182343856525}",assumed_next_daily_close,,2,0000027419,,0.07058272388933706,0.011969991081459876,0.1279458979438488,,,,,,,c86657859a5b413a7d502ff8,False,,,,,,,,,,,,,,,,,,,,,,,,,,,,,,,,,,,,,,,,,,,,,,,,bounded_preclose_bid_ask,,,,False,not_requested_for_horizon_or_variant,,,thin_prior_option_volume,ordinary,covered_call,,thin_prior_option_volume,,,True,,H25,2,TGT,,primary,0.017528456712257317,15.034182343856525,2022
,,,69c765f0a0e462b850829f1e,time_value,,,1,1,2022-08-09,2022-08-09,,,150,,,2022-08-10,151,False,,,2023-01-26,,,,,,,"{""market_momentum"": 0.07058272388933706, ""market_volatility"": 0.011969991081459876, ""momentum"": 0.1279458979438488, ""volatility"": 0.017528456712257317, ""volume_state"": 15.034182343856525}",assumed_next_daily_close,,3,0000027419,,0.07058272388933706,0.011969991081459876,0.1279458979438488,,,,,,,c86657859a5b413a7d502ff8,False,,,,,,,,,,,,,,,,,,,,,,,,,,,,,,,,,,,,,,,,,,,,,,,,bounded_preclose_bid_ask,,,,False,not_requested_for_horizon_or_variant,,,thin_prior_option_volume,ordinary,covered_call,,thin_prior_option_volume,,,False,,H25,2,TGT,,primary,0.017528456712257317,15.034182343856525,2022
,,,69c765f0a0e462b850829f1e,time_value,,,1,1,2022-08-09,2022-08-09,,,150,,,2022-08-10,151,False,,,2023-01-26,,,,,,,"{""market_momentum"": 0.07058272388933706, ""market_volatility"": 0.011969991081459876, ""momentum"": 0.1279458979438488, ""volatility"": 0.017528456712257317, ""volume_state"": 15.034182343856525}",assumed_next_daily_close,,3,0000027419,,0.07058272388933706,0.011969991081459876,0.1279458979438488,,,,,,,c86657859a5b413a7d502ff8,False,,,,,,,,,,,,,,,,,,,,,,,,,,,,,,,,,,,,,,,,,,,,,,,,bounded_preclose_bid_ask,,,,False,not_requested_for_horizon_or_variant,,,thin_prior_option_volume,ordinary,covered_call,,thin_prior_option_volume,,,True,,H25,2,TGT,,primary,0.017528456712257317,15.034182343856525,2022
,,,69c765f0a0e462b850829f1e,time_value,,,1,1,2022-08-09,2022-08-09,,,150,,,2022-08-10,151,False,,,2023-01-26,,,,,,,"{""market_momentum"": 0.07058272388933706, ""market_volatility"": 0.011969991081459876, ""momentum"": 0.1279458979438488, ""volatility"": 0.017528456712257317, ""volume_state"": 15.034182343856525}",assumed_next_daily_close,,5,0000027419,,0.07058272388933706,0.011969991081459876,0.1279458979438488,,,,,,,c86657859a5b413a7d502ff8,False,,,,,,,,,,,,,,,,,,,,,,,,,,,,,,,,,,,,,,,,,,,,,,,,bounded_preclose_bid_ask,,,,False,not_requested_for_horizon_or_variant,,,thin_prior_option_volume,ordinary,covered_call,,thin_prior_option_volume,,,False,,H25,2,TGT,,primary,0.017528456712257317,15.034182343856525,2022
,,,69c765f0a0e462b850829f1e,time_value,,,1,1,2022-08-09,2022-08-09,,,150,,,2022-08-10,151,False,,,2023-01-26,,,,,,,"{""market_momentum"": 0.07058272388933706, ""market_volatility"": 0.011969991081459876, ""momentum"": 0.1279458979438488, ""volatility"": 0.017528456712257317, ""volume_state"": 15.034182343856525}",assumed_next_daily_close,,5,0000027419,,0.07058272388933706,0.011969991081459876,0.1279458979438488,,,,,,,c86657859a5b413a7d502ff8,False,,,,,,,,,,,,,,,,,,,,,,,,,,,,,,,,,,,,,,,,,,,,,,,,bounded_preclose_bid_ask,,,,False,not_requested_for_horizon_or_variant,,,thin_prior_option_volume,ordinary,covered_call,,thin_prior_option_volume,,,True,,H25,2,TGT,,primary,0.017528456712257317,15.034182343856525,2022
,,,69c765f0a0e462b850829f1e,time_value,,,1,1,2022-08-09,2022-08-09,,,150,,,2022-08-10,151,False,,,2023-01-26,,,,,,,"{""market_momentum"": 0.07058272388933706, ""market_volatility"": 0.011969991081459876, ""momentum"": 0.1279458979438488, ""volatility"": 0.017528456712257317, ""volume_state"": 15.034182343856525}",assumed_next_daily_close,,10,0000027419,,0.07058272388933706,0.011969991081459876,0.1279458979438488,,,,,,,c86657859a5b413a7d502ff8,False,,,,,,,,,,,,,,,,,,,,,,,,,,,,,,,,,,,,,,,,,,,,,,,,bounded_preclose_bid_ask,,,,False,bar_outcome_not_completed,,,thin_prior_option_volume,ordinary,covered_call,,thin_prior_option_volume,,,False,,H25,2,TGT,,primary,0.017528456712257317,15.034182343856525,2022
,,,69c765f0a0e462b850829f1e,time_value,,,1,1,2022-08-09,2022-08-09,,,150,,,2022-08-10,151,False,,,2023-01-26,,,,,,,"{""market_momentum"": 0.07058272388933706, ""market_volatility"": 0.011969991081459876, ""momentum"": 0.1279458979438488, ""volatility"": 0.017528456712257317, ""volume_state"": 15.034182343856525}",assumed_next_daily_close,,10,0000027419,,0.07058272388933706,0.011969991081459876,0.1279458979438488,,,,,,,c86657859a5b413a7d502ff8,False,,,,,,,,,,,,,,,,,,,,,,,,,,,,,,,,,,,,,,,,,,,,,,,,bounded_preclose_bid_ask,,,,False,bar_outcome_not_completed,,,thin_prior_option_volume,ordinary,covered_call,,thin_prior_option_volume,,,True,,H25,2,TGT,,primary,0.017528456712257317,15.034182343856525,2022
,,,69c765f0a0e462b850829f1e,time_value,,,1,1,2022-08-09,2022-08-09,,,150,,,2022-08-10,151,False,,,2023-01-26,,,,,,,"{""market_momentum"": 0.07058272388933706, ""market_volatility"": 0.011969991081459876, ""momentum"": 0.1279458979438488, ""volatility"": 0.017528456712257317, ""volume_state"": 15.034182343856525}",assumed_next_daily_close,,21,0000027419,,0.07058272388933706,0.011969991081459876,0.1279458979438488,,,,,,,c86657859a5b413a7d502ff8,False,,,,,,,,,,,,,,,,,,,,,,,,,,,,,,,,,,,,,,,,,,,,,,,,bounded_preclose_bid_ask,,,,False,not_requested_for_horizon_or_variant,,,thin_prior_option_volume,ordinary,covered_call,,thin_prior_option_volume,,,False,,H25,2,TGT,,primary,0.017528456712257317,15.034182343856525,2022
,,,69c765f0a0e462b850829f1e,time_value,,,1,1,2022-08-09,2022-08-09,,,150,,,2022-08-10,151,False,,,2023-01-26,,,,,,,"{""market_momentum"": 0.07058272388933706, ""market_volatility"": 0.011969991081459876, ""momentum"": 0.1279458979438488, ""volatility"": 0.017528456712257317, ""volume_state"": 15.034182343856525}",assumed_next_daily_close,,21,0000027419,,0.07058272388933706,0.011969991081459876,0.1279458979438488,,,,,,,c86657859a5b413a7d502ff8,False,,,,,,,,,,,,,,,,,,,,,,,,,,,,,,,,,,,,,,,,,,,,,,,,bounded_preclose_bid_ask,,,,False,not_requested_for_horizon_or_variant,,,thin_prior_option_volume,ordinary,covered_call,,thin_prior_option_volume,,,True,,H25,2,TGT,,primary,0.017528456712257317,15.034182343856525,2022
,,,69c765f0a0e462b850829f1e,time_value,,,1,1,2022-08-09,2022-08-09,,,150,,,2022-08-10,151,False,,,2023-01-26,,,,,,,"{""market_momentum"": 0.07058272388933706, ""market_volatility"": 0.011969991081459876, ""momentum"": 0.1279458979438488, ""volatility"": 0.017528456712257317, ""volume_state"": 15.034182343856525}",assumed_next_daily_close,,42,0000027419,,0.07058272388933706,0.011969991081459876,0.1279458979438488,,,,,,,c86657859a5b413a7d502ff8,False,,,,,,,,,,,,,,,,,,,,,,,,,,,,,,,,,,,,,,,,,,,,,,,,bounded_preclose_bid_ask,,,,False,not_requested_for_horizon_or_variant,,,thin_prior_option_volume,ordinary,covered_call,,thin_prior_option_volume,,,False,,H25,2,TGT,,primary,0.017528456712257317,15.034182343856525,2022
,,,69c765f0a0e462b850829f1e,time_value,,,1,1,2022-08-09,2022-08-09,,,150,,,2022-08-10,151,False,,,2023-01-26,,,,,,,"{""market_momentum"": 0.07058272388933706, ""market_volatility"": 0.011969991081459876, ""momentum"": 0.1279458979438488, ""volatility"": 0.017528456712257317, ""volume_state"": 15.034182343856525}",assumed_next_daily_close,,42,0000027419,,0.07058272388933706,0.011969991081459876,0.1279458979438488,,,,,,,c86657859a5b413a7d502ff8,False,,,,,,,,,,,,,,,,,,,,,,,,,,,,,,,,,,,,,,,,,,,,,,,,bounded_preclose_bid_ask,,,,False,not_requested_for_horizon_or_variant,,,thin_prior_option_volume,ordinary,covered_call,,thin_prior_option_volume,,,True,,H25,2,TGT,,primary,0.017528456712257317,15.034182343856525,2022
,,,69c765f0a0e462b850829f1e,time_value,,,1,1,2022-08-09,2022-08-09,,,150,,,2022-08-10,151,False,,,2023-01-26,,,,,,,"{""market_momentum"": 0.07058272388933706, ""market_volatility"": 0.011969991081459876, ""momentum"": 0.1279458979438488, ""volatility"": 0.017528456712257317, ""volume_state"": 15.034182343856525}",assumed_next_daily_close,,63,0000027419,,0.07058272388933706,0.011969991081459876,0.1279458979438488,,,,,,,c86657859a5b413a7d502ff8,False,,,,,,,,,,,,,,,,,,,,,,,,,,,,,,,,,,,,,,,,,,,,,,,,bounded_preclose_bid_ask,,,,False,not_requested_for_horizon_or_variant,,,thin_prior_option_volume,ordinary,covered_call,,thin_prior_option_volume,,,False,,H25,2,TGT,,primary,0.017528456712257317,15.034182343856525,2022
,,,69c765f0a0e462b850829f1e,time_value,,,1,1,2022-08-09,2022-08-09,,,150,,,2022-08-10,151,False,,,2023-01-26,,,,,,,"{""market_momentum"": 0.07058272388933706, ""market_volatility"": 0.011969991081459876, ""momentum"": 0.1279458979438488, ""volatility"": 0.017528456712257317, ""volume_state"": 15.034182343856525}",assumed_next_daily_close,,63,0000027419,,0.07058272388933706,0.011969991081459876,0.1279458979438488,,,,,,,c86657859a5b413a7d502ff8,False,,,,,,,,,,,,,,,,,,,,,,,,,,,,,,,,,,,,,,,,,,,,,,,,bounded_preclose_bid_ask,,,,False,not_requested_for_horizon_or_variant,,,thin_prior_option_volume,ordinary,covered_call,,thin_prior_option_volume,,,True,,H25,2,TGT,,primary,0.017528456712257317,15.034182343856525,2022
,,,69c765f0a0e462b850829f1e,time_value,,,1,1,2022-08-09,2022-08-09,,,150,,,2022-08-10,151,False,,,2023-01-26,,,,,,,"{""market_momentum"": 0.07058272388933706, ""market_volatility"": 0.011969991081459876, ""momentum"": 0.1279458979438488, ""volatility"": 0.017528456712257317, ""volume_state"": 15.034182343856525}",assumed_next_daily_close,,expiry,0000027419,,0.07058272388933706,0.011969991081459876,0.1279458979438488,,,,,,,c86657859a5b413a7d502ff8,False,,,,,,,,,,,,,,,,,,,,,,,,,,,,,,,,,,,,,,,,,,,,,,,,bounded_preclose_bid_ask,,,,False,not_requested_for_horizon_or_variant,,,thin_prior_option_volume,ordinary,covered_call,,thin_prior_option_volume,,,False,,H25,2,TGT,,primary,0.017528456712257317,15.034182343856525,2022
,,,69c765f0a0e462b850829f1e,time_value,,,1,1,2022-08-09,2022-08-09,,,150,,,2022-08-10,151,False,,,2023-01-26,,,,,,,"{""market_momentum"": 0.07058272388933706, ""market_volatility"": 0.011969991081459876, ""momentum"": 0.1279458979438488, ""volatility"": 0.017528456712257317, ""volume_state"": 15.034182343856525}",assumed_next_daily_close,,expiry,0000027419,,0.07058272388933706,0.011969991081459876,0.1279458979438488,,,,,,,c86657859a5b413a7d502ff8,False,,,,,,,,,,,,,,,,,,,,,,,,,,,,,,,,,,,,,,,,,,,,,,,,bounded_preclose_bid_ask,,,,False,not_requested_for_horizon_or_variant,,,thin_prior_option_volume,ordinary,covered_call,,thin_prior_option_volume,,,True,,H25,2,TGT,,primary,0.017528456712257317,15.034182343856525,2022
,,,701ad021fa8790ff61ce844c,time_value,,,1,1,2022-03-11,2022-03-11,,,47,,,2022-03-14,48,False,,,2022-09-15,,,,,,,"{""market_momentum"": -0.08189447917122006, ""market_volatility"": 0.015614521407956999, ""momentum"": -0.0446362629246676, ""volatility"": 0.032045135140125455, ""volume_state"": 15.384630684061268}",assumed_next_daily_close,,1,0000027419,,-0.08189447917122006,0.015614521407956999,-0.0446362629246676,,,,,,,e7dca130c5906d0fa5ea6d1b,False,,,,,,,,,,,,,,,,,,,,,,,,,,,,,,,,,,,,,,,,,,,,,,,,bounded_preclose_bid_ask,,,,False,not_requested_for_horizon_or_variant,,,incomplete_prior_liquidity,ordinary,protective_put,,incomplete_prior_liquidity,,,False,,H25,2,TGT,,primary,0.032045135140125455,15.384630684061268,2022
,,,701ad021fa8790ff61ce844c,time_value,,,1,1,2022-03-11,2022-03-11,,,47,,,2022-03-14,48,False,,,2022-09-15,,,,,,,"{""market_momentum"": -0.08189447917122006, ""market_volatility"": 0.015614521407956999, ""momentum"": -0.0446362629246676, ""volatility"": 0.032045135140125455, ""volume_state"": 15.384630684061268}",assumed_next_daily_close,,1,0000027419,,-0.08189447917122006,0.015614521407956999,-0.0446362629246676,,,,,,,e7dca130c5906d0fa5ea6d1b,False,,,,,,,,,,,,,,,,,,,,,,,,,,,,,,,,,,,,,,,,,,,,,,,,bounded_preclose_bid_ask,,,,False,not_requested_for_horizon_or_variant,,,incomplete_prior_liquidity,ordinary,protective_put,,incomplete_prior_liquidity,,,True,,H25,2,TGT,,primary,0.032045135140125455,15.384630684061268,2022
,,,701ad021fa8790ff61ce844c,time_value,,,1,1,2022-03-11,2022-03-11,,,47,,,2022-03-14,48,False,,,2022-09-15,,,,,,,"{""market_momentum"": -0.08189447917122006, ""market_volatility"": 0.015614521407956999, ""momentum"": -0.0446362629246676, ""volatility"": 0.032045135140125455, ""volume_state"": 15.384630684061268}",assumed_next_daily_close,,2,0000027419,,-0.08189447917122006,0.015614521407956999,-0.0446362629246676,,,,,,,e7dca130c5906d0fa5ea6d1b,False,,,,,,,,,,,,,,,,,,,,,,,,,,,,,,,,,,,,,,,,,,,,,,,,bounded_preclose_bid_ask,,,,False,not_requested_for_horizon_or_variant,,,incomplete_prior_liquidity,ordinary,protective_put,,incomplete_prior_liquidity,,,False,,H25,2,TGT,,primary,0.032045135140125455,15.384630684061268,2022
,,,701ad021fa8790ff61ce844c,time_value,,,1,1,2022-03-11,2022-03-11,,,47,,,2022-03-14,48,False,,,2022-09-15,,,,,,,"{""market_momentum"": -0.08189447917122006, ""market_volatility"": 0.015614521407956999, ""momentum"": -0.0446362629246676, ""volatility"": 0.032045135140125455, ""volume_state"": 15.384630684061268}",assumed_next_daily_close,,2,0000027419,,-0.08189447917122006,0.015614521407956999,-0.0446362629246676,,,,,,,e7dca130c5906d0fa5ea6d1b,False,,,,,,,,,,,,,,,,,,,,,,,,,,,,,,,,,,,,,,,,,,,,,,,,bounded_preclose_bid_ask,,,,False,not_requested_for_horizon_or_variant,,,incomplete_prior_liquidity,ordinary,protective_put,,incomplete_prior_liquidity,,,True,,H25,2,TGT,,primary,0.032045135140125455,15.384630684061268,2022
,,,701ad021fa8790ff61ce844c,time_value,,,1,1,2022-03-11,2022-03-11,,,47,,,2022-03-14,48,False,,,2022-09-15,,,,,,,"{""market_momentum"": -0.08189447917122006, ""market_volatility"": 0.015614521407956999, ""momentum"": -0.0446362629246676, ""volatility"": 0.032045135140125455, ""volume_state"": 15.384630684061268}",assumed_next_daily_close,,3,0000027419,,-0.08189447917122006,0.015614521407956999,-0.0446362629246676,,,,,,,e7dca130c5906d0fa5ea6d1b,False,,,,,,,,,,,,,,,,,,,,,,,,,,,,,,,,,,,,,,,,,,,,,,,,bounded_preclose_bid_ask,,,,False,not_requested_for_horizon_or_variant,,,incomplete_prior_liquidity,ordinary,protective_put,,incomplete_prior_liquidity,,,False,,H25,2,TGT,,primary,0.032045135140125455,15.384630684061268,2022
,,,701ad021fa8790ff61ce844c,time_value,,,1,1,2022-03-11,2022-03-11,,,47,,,2022-03-14,48,False,,,2022-09-15,,,,,,,"{""market_momentum"": -0.08189447917122006, ""market_volatility"": 0.015614521407956999, ""momentum"": -0.0446362629246676, ""volatility"": 0.032045135140125455, ""volume_state"": 15.384630684061268}",assumed_next_daily_close,,3,0000027419,,-0.08189447917122006,0.015614521407956999,-0.0446362629246676,,,,,,,e7dca130c5906d0fa5ea6d1b,False,,,,,,,,,,,,,,,,,,,,,,,,,,,,,,,,,,,,,,,,,,,,,,,,bounded_preclose_bid_ask,,,,False,not_requested_for_horizon_or_variant,,,incomplete_prior_liquidity,ordinary,protective_put,,incomplete_prior_liquidity,,,True,,H25,2,TGT,,primary,0.032045135140125455,15.384630684061268,2022
,,,701ad021fa8790ff61ce844c,time_value,,,1,1,2022-03-11,2022-03-11,,,47,,,2022-03-14,48,False,,,2022-09-15,,,,,,,"{""market_momentum"": -0.08189447917122006, ""market_volatility"": 0.015614521407956999, ""momentum"": -0.0446362629246676, ""volatility"": 0.032045135140125455, ""volume_state"": 15.384630684061268}",assumed_next_daily_close,,5,0000027419,,-0.08189447917122006,0.015614521407956999,-0.0446362629246676,,,,,,,e7dca130c5906d0fa5ea6d1b,False,,,,,,,,,,,,,,,,,,,,,,,,,,,,,,,,,,,,,,,,,,,,,,,,bounded_preclose_bid_ask,,,,False,not_requested_for_horizon_or_variant,,,incomplete_prior_liquidity,ordinary,protective_put,,incomplete_prior_liquidity,,,False,,H25,2,TGT,,primary,0.032045135140125455,15.384630684061268,2022
,,,701ad021fa8790ff61ce844c,time_value,,,1,1,2022-03-11,2022-03-11,,,47,,,2022-03-14,48,False,,,2022-09-15,,,,,,,"{""market_momentum"": -0.08189447917122006, ""market_volatility"": 0.015614521407956999, ""momentum"": -0.0446362629246676, ""volatility"": 0.032045135140125455, ""volume_state"": 15.384630684061268}",assumed_next_daily_close,,5,0000027419,,-0.08189447917122006,0.015614521407956999,-0.0446362629246676,,,,,,,e7dca130c5906d0fa5ea6d1b,False,,,,,,,,,,,,,,,,,,,,,,,,,,,,,,,,,,,,,,,,,,,,,,,,bounded_preclose_bid_ask,,,,False,not_requested_for_horizon_or_variant,,,incomplete_prior_liquidity,ordinary,protective_put,,incomplete_prior_liquidity,,,True,,H25,2,TGT,,primary,0.032045135140125455,15.384630684061268,2022
,,,701ad021fa8790ff61ce844c,time_value,,,1,1,2022-03-11,2022-03-11,,,47,,,2022-03-14,48,False,,,2022-09-15,,,,,,,"{""market_momentum"": -0.08189447917122006, ""market_volatility"": 0.015614521407956999, ""momentum"": -0.0446362629246676, ""volatility"": 0.032045135140125455, ""volume_state"": 15.384630684061268}",assumed_next_daily_close,,10,0000027419,,-0.08189447917122006,0.015614521407956999,-0.0446362629246676,,,,,,,e7dca130c5906d0fa5ea6d1b,False,,,,,,,,,,,,,,,,,,,,,,,,,,,,,,,,,,,,,,,,,,,,,,,,bounded_preclose_bid_ask,,,,False,bar_outcome_not_completed,,,incomplete_prior_liquidity,ordinary,protective_put,,incomplete_prior_liquidity,,,False,,H25,2,TGT,,primary,0.032045135140125455,15.384630684061268,2022
,,,701ad021fa8790ff61ce844c,time_value,,,1,1,2022-03-11,2022-03-11,,,47,,,2022-03-14,48,False,,,2022-09-15,,,,,,,"{""market_momentum"": -0.08189447917122006, ""market_volatility"": 0.015614521407956999, ""momentum"": -0.0446362629246676, ""volatility"": 0.032045135140125455, ""volume_state"": 15.384630684061268}",assumed_next_daily_close,,10,0000027419,,-0.08189447917122006,0.015614521407956999,-0.0446362629246676,,,,,,,e7dca130c5906d0fa5ea6d1b,False,,,,,,,,,,,,,,,,,,,,,,,,,,,,,,,,,,,,,,,,,,,,,,,,bounded_preclose_bid_ask,,,,False,bar_outcome_not_completed,,,incomplete_prior_liquidity,ordinary,protective_put,,incomplete_prior_liquidity,,,True,,H25,2,TGT,,primary,0.032045135140125455,15.384630684061268,2022
,,,701ad021fa8790ff61ce844c,time_value,,,1,1,2022-03-11,2022-03-11,,,47,,,2022-03-14,48,False,,,2022-09-15,,,,,,,"{""market_momentum"": -0.08189447917122006, ""market_volatility"": 0.015614521407956999, ""momentum"": -0.0446362629246676, ""volatility"": 0.032045135140125455, ""volume_state"": 15.384630684061268}",assumed_next_daily_close,,21,0000027419,,-0.08189447917122006,0.015614521407956999,-0.0446362629246676,,,,,,,e7dca130c5906d0fa5ea6d1b,False,,,,,,,,,,,,,,,,,,,,,,,,,,,,,,,,,,,,,,,,,,,,,,,,bounded_preclose_bid_ask,,,,False,not_requested_for_horizon_or_variant,,,incomplete_prior_liquidity,ordinary,protective_put,,incomplete_prior_liquidity,,,False,,H25,2,TGT,,primary,0.032045135140125455,15.384630684061268,2022
,,,701ad021fa8790ff61ce844c,time_value,,,1,1,2022-03-11,2022-03-11,,,47,,,2022-03-14,48,False,,,2022-09-15,,,,,,,"{""market_momentum"": -0.08189447917122006, ""market_volatility"": 0.015614521407956999, ""momentum"": -0.0446362629246676, ""volatility"": 0.032045135140125455, ""volume_state"": 15.384630684061268}",assumed_next_daily_close,,21,0000027419,,-0.08189447917122006,0.015614521407956999,-0.0446362629246676,,,,,,,e7dca130c5906d0fa5ea6d1b,False,,,,,,,,,,,,,,,,,,,,,,,,,,,,,,,,,,,,,,,,,,,,,,,,bounded_preclose_bid_ask,,,,False,not_requested_for_horizon_or_variant,,,incomplete_prior_liquidity,ordinary,protective_put,,incomplete_prior_liquidity,,,True,,H25,2,TGT,,primary,0.032045135140125455,15.384630684061268,2022
,,,701ad021fa8790ff61ce844c,time_value,,,1,1,2022-03-11,2022-03-11,,,47,,,2022-03-14,48,False,,,2022-09-15,,,,,,,"{""market_momentum"": -0.08189447917122006, ""market_volatility"": 0.015614521407956999, ""momentum"": -0.0446362629246676, ""volatility"": 0.032045135140125455, ""volume_state"": 15.384630684061268}",assumed_next_daily_close,,42,0000027419,,-0.08189447917122006,0.015614521407956999,-0.0446362629246676,,,,,,,e7dca130c5906d0fa5ea6d1b,False,,,,,,,,,,,,,,,,,,,,,,,,,,,,,,,,,,,,,,,,,,,,,,,,bounded_preclose_bid_ask,,,,False,not_requested_for_horizon_or_variant,,,incomplete_prior_liquidity,ordinary,protective_put,,incomplete_prior_liquidity,,,False,,H25,2,TGT,,primary,0.032045135140125455,15.384630684061268,2022
,,,701ad021fa8790ff61ce844c,time_value,,,1,1,2022-03-11,2022-03-11,,,47,,,2022-03-14,48,False,,,2022-09-15,,,,,,,"{""market_momentum"": -0.08189447917122006, ""market_volatility"": 0.015614521407956999, ""momentum"": -0.0446362629246676, ""volatility"": 0.032045135140125455, ""volume_state"": 15.384630684061268}",assumed_next_daily_close,,42,0000027419,,-0.08189447917122006,0.015614521407956999,-0.0446362629246676,,,,,,,e7dca130c5906d0fa5ea6d1b,False,,,,,,,,,,,,,,,,,,,,,,,,,,,,,,,,,,,,,,,,,,,,,,,,bounded_preclose_bid_ask,,,,False,not_requested_for_horizon_or_variant,,,incomplete_prior_liquidity,ordinary,protective_put,,incomplete_prior_liquidity,,,True,,H25,2,TGT,,primary,0.032045135140125455,15.384630684061268,2022
,,,701ad021fa8790ff61ce844c,time_value,,,1,1,2022-03-11,2022-03-11,,,47,,,2022-03-14,48,False,,,2022-09-15,,,,,,,"{""market_momentum"": -0.08189447917122006, ""market_volatility"": 0.015614521407956999, ""momentum"": -0.0446362629246676, ""volatility"": 0.032045135140125455, ""volume_state"": 15.384630684061268}",assumed_next_daily_close,,63,0000027419,,-0.08189447917122006,0.015614521407956999,-0.0446362629246676,,,,,,,e7dca130c5906d0fa5ea6d1b,False,,,,,,,,,,,,,,,,,,,,,,,,,,,,,,,,,,,,,,,,,,,,,,,,bounded_preclose_bid_ask,,,,False,not_requested_for_horizon_or_variant,,,incomplete_prior_liquidity,ordinary,protective_put,,incomplete_prior_liquidity,,,False,,H25,2,TGT,,primary,0.032045135140125455,15.384630684061268,2022
,,,701ad021fa8790ff61ce844c,time_value,,,1,1,2022-03-11,2022-03-11,,,47,,,2022-03-14,48,False,,,2022-09-15,,,,,,,"{""market_momentum"": -0.08189447917122006, ""market_volatility"": 0.015614521407956999, ""momentum"": -0.0446362629246676, ""volatility"": 0.032045135140125455, ""volume_state"": 15.384630684061268}",assumed_next_daily_close,,63,0000027419,,-0.08189447917122006,0.015614521407956999,-0.0446362629246676,,,,,,,e7dca130c5906d0fa5ea6d1b,False,,,,,,,,,,,,,,,,,,,,,,,,,,,,,,,,,,,,,,,,,,,,,,,,bounded_preclose_bid_ask,,,,False,not_requested_for_horizon_or_variant,,,incomplete_prior_liquidity,ordinary,protective_put,,incomplete_prior_liquidity,,,True,,H25,2,TGT,,primary,0.032045135140125455,15.384630684061268,2022
,,,701ad021fa8790ff61ce844c,time_value,,,1,1,2022-03-11,2022-03-11,,,47,,,2022-03-14,48,False,,,2022-09-15,,,,,,,"{""market_momentum"": -0.08189447917122006, ""market_volatility"": 0.015614521407956999, ""momentum"": -0.0446362629246676, ""volatility"": 0.032045135140125455, ""volume_state"": 15.384630684061268}",assumed_next_daily_close,,expiry,0000027419,,-0.08189447917122006,0.015614521407956999,-0.0446362629246676,,,,,,,e7dca130c5906d0fa5ea6d1b,False,,,,,,,,,,,,,,,,,,,,,,,,,,,,,,,,,,,,,,,,,,,,,,,,bounded_preclose_bid_ask,,,,False,not_requested_for_horizon_or_variant,,,incomplete_prior_liquidity,ordinary,protective_put,,incomplete_prior_liquidity,,,False,,H25,2,TGT,,primary,0.032045135140125455,15.384630684061268,2022
,,,701ad021fa8790ff61ce844c,time_value,,,1,1,2022-03-11,2022-03-11,,,47,,,2022-03-14,48,False,,,2022-09-15,,,,,,,"{""market_momentum"": -0.08189447917122006, ""market_volatility"": 0.015614521407956999, ""momentum"": -0.0446362629246676, ""volatility"": 0.032045135140125455, ""volume_state"": 15.384630684061268}",assumed_next_daily_close,,expiry,0000027419,,-0.08189447917122006,0.015614521407956999,-0.0446362629246676,,,,,,,e7dca130c5906d0fa5ea6d1b,False,,,,,,,,,,,,,,,,,,,,,,,,,,,,,,,,,,,,,,,,,,,,,,,,bounded_preclose_bid_ask,,,,False,not_requested_for_horizon_or_variant,,,incomplete_prior_liquidity,ordinary,protective_put,,incomplete_prior_liquidity,,,True,,H25,2,TGT,,primary,0.032045135140125455,15.384630684061268,2022
,,,760ab46e1f8f19d6531075b3,time_value,,,1,1,2025-05-06,2025-05-06,,,837,,,2025-05-07,838,False,,,2025-05-06,,,,,,,"{""market_momentum"": 0.10592146928435708, ""market_volatility"": 0.028035931372663383, ""momentum"": -0.007200523674449011, ""volatility"": 0.015619362359120936, ""volume_state"": 15.635325534849922}",assumed_next_daily_close,,1,0000021665,,0.10592146928435708,0.028035931372663383,-0.007200523674449011,,,,,,,4f515f26c7e59adec650bfcf,False,,,,,,,,,,,,,,,,,,,,,,,,,,,,,,,,,,,,,,,,,,,,,,,,bounded_preclose_bid_ask,,,,False,not_requested_for_horizon_or_variant,,,incomplete_prior_liquidity,event,covered_call,,incomplete_prior_liquidity,,,False,,H25,2,CL,,primary,0.015619362359120936,15.635325534849922,2025
,,,760ab46e1f8f19d6531075b3,time_value,,,1,1,2025-05-06,2025-05-06,,,837,,,2025-05-07,838,False,,,2025-05-06,,,,,,,"{""market_momentum"": 0.10592146928435708, ""market_volatility"": 0.028035931372663383, ""momentum"": -0.007200523674449011, ""volatility"": 0.015619362359120936, ""volume_state"": 15.635325534849922}",assumed_next_daily_close,,1,0000021665,,0.10592146928435708,0.028035931372663383,-0.007200523674449011,,,,,,,4f515f26c7e59adec650bfcf,False,,,,,,,,,,,,,,,,,,,,,,,,,,,,,,,,,,,,,,,,,,,,,,,,bounded_preclose_bid_ask,,,,False,not_requested_for_horizon_or_variant,,,incomplete_prior_liquidity,event,covered_call,,incomplete_prior_liquidity,,,True,,H25,2,CL,,primary,0.015619362359120936,15.635325534849922,2025
,,,760ab46e1f8f19d6531075b3,time_value,,,1,1,2025-05-06,2025-05-06,,,837,,,2025-05-07,838,False,,,2025-05-06,,,,,,,"{""market_momentum"": 0.10592146928435708, ""market_volatility"": 0.028035931372663383, ""momentum"": -0.007200523674449011, ""volatility"": 0.015619362359120936, ""volume_state"": 15.635325534849922}",assumed_next_daily_close,,2,0000021665,,0.10592146928435708,0.028035931372663383,-0.007200523674449011,,,,,,,4f515f26c7e59adec650bfcf,False,,,,,,,,,,,,,,,,,,,,,,,,,,,,,,,,,,,,,,,,,,,,,,,,bounded_preclose_bid_ask,,,,False,not_requested_for_horizon_or_variant,,,incomplete_prior_liquidity,event,covered_call,,incomplete_prior_liquidity,,,False,,H25,2,CL,,primary,0.015619362359120936,15.635325534849922,2025
,,,760ab46e1f8f19d6531075b3,time_value,,,1,1,2025-05-06,2025-05-06,,,837,,,2025-05-07,838,False,,,2025-05-06,,,,,,,"{""market_momentum"": 0.10592146928435708, ""market_volatility"": 0.028035931372663383, ""momentum"": -0.007200523674449011, ""volatility"": 0.015619362359120936, ""volume_state"": 15.635325534849922}",assumed_next_daily_close,,2,0000021665,,0.10592146928435708,0.028035931372663383,-0.007200523674449011,,,,,,,4f515f26c7e59adec650bfcf,False,,,,,,,,,,,,,,,,,,,,,,,,,,,,,,,,,,,,,,,,,,,,,,,,bounded_preclose_bid_ask,,,,False,not_requested_for_horizon_or_variant,,,incomplete_prior_liquidity,event,covered_call,,incomplete_prior_liquidity,,,True,,H25,2,CL,,primary,0.015619362359120936,15.635325534849922,2025
,,,760ab46e1f8f19d6531075b3,time_value,,,1,1,2025-05-06,2025-05-06,,,837,,,2025-05-07,838,False,,,2025-05-06,,,,,,,"{""market_momentum"": 0.10592146928435708, ""market_volatility"": 0.028035931372663383, ""momentum"": -0.007200523674449011, ""volatility"": 0.015619362359120936, ""volume_state"": 15.635325534849922}",assumed_next_daily_close,,3,0000021665,,0.10592146928435708,0.028035931372663383,-0.007200523674449011,,,,,,,4f515f26c7e59adec650bfcf,False,,,,,,,,,,,,,,,,,,,,,,,,,,,,,,,,,,,,,,,,,,,,,,,,bounded_preclose_bid_ask,,,,False,not_requested_for_horizon_or_variant,,,incomplete_prior_liquidity,event,covered_call,,incomplete_prior_liquidity,,,False,,H25,2,CL,,primary,0.015619362359120936,15.635325534849922,2025
,,,760ab46e1f8f19d6531075b3,time_value,,,1,1,2025-05-06,2025-05-06,,,837,,,2025-05-07,838,False,,,2025-05-06,,,,,,,"{""market_momentum"": 0.10592146928435708, ""market_volatility"": 0.028035931372663383, ""momentum"": -0.007200523674449011, ""volatility"": 0.015619362359120936, ""volume_state"": 15.635325534849922}",assumed_next_daily_close,,3,0000021665,,0.10592146928435708,0.028035931372663383,-0.007200523674449011,,,,,,,4f515f26c7e59adec650bfcf,False,,,,,,,,,,,,,,,,,,,,,,,,,,,,,,,,,,,,,,,,,,,,,,,,bounded_preclose_bid_ask,,,,False,not_requested_for_horizon_or_variant,,,incomplete_prior_liquidity,event,covered_call,,incomplete_prior_liquidity,,,True,,H25,2,CL,,primary,0.015619362359120936,15.635325534849922,2025
,,,760ab46e1f8f19d6531075b3,time_value,,,1,1,2025-05-06,2025-05-06,,,837,,,2025-05-07,838,False,,,2025-05-06,,,,,,,"{""market_momentum"": 0.10592146928435708, ""market_volatility"": 0.028035931372663383, ""momentum"": -0.007200523674449011, ""volatility"": 0.015619362359120936, ""volume_state"": 15.635325534849922}",assumed_next_daily_close,,5,0000021665,,0.10592146928435708,0.028035931372663383,-0.007200523674449011,,,,,,,4f515f26c7e59adec650bfcf,False,,,,,,,,,,,,,,,,,,,,,,,,,,,,,,,,,,,,,,,,,,,,,,,,bounded_preclose_bid_ask,,,,False,not_requested_for_horizon_or_variant,,,incomplete_prior_liquidity,event,covered_call,,incomplete_prior_liquidity,,,False,,H25,2,CL,,primary,0.015619362359120936,15.635325534849922,2025
,,,760ab46e1f8f19d6531075b3,time_value,,,1,1,2025-05-06,2025-05-06,,,837,,,2025-05-07,838,False,,,2025-05-06,,,,,,,"{""market_momentum"": 0.10592146928435708, ""market_volatility"": 0.028035931372663383, ""momentum"": -0.007200523674449011, ""volatility"": 0.015619362359120936, ""volume_state"": 15.635325534849922}",assumed_next_daily_close,,5,0000021665,,0.10592146928435708,0.028035931372663383,-0.007200523674449011,,,,,,,4f515f26c7e59adec650bfcf,False,,,,,,,,,,,,,,,,,,,,,,,,,,,,,,,,,,,,,,,,,,,,,,,,bounded_preclose_bid_ask,,,,False,not_requested_for_horizon_or_variant,,,incomplete_prior_liquidity,event,covered_call,,incomplete_prior_liquidity,,,True,,H25,2,CL,,primary,0.015619362359120936,15.635325534849922,2025
,,,760ab46e1f8f19d6531075b3,time_value,,,1,1,2025-05-06,2025-05-06,,,837,,,2025-05-07,838,False,,,2025-05-06,,,,,,,"{""market_momentum"": 0.10592146928435708, ""market_volatility"": 0.028035931372663383, ""momentum"": -0.007200523674449011, ""volatility"": 0.015619362359120936, ""volume_state"": 15.635325534849922}",assumed_next_daily_close,,10,0000021665,,0.10592146928435708,0.028035931372663383,-0.007200523674449011,,,,,,,4f515f26c7e59adec650bfcf,False,,,,,,,,,,,,,,,,,,,,,,,,,,,,,,,,,,,,,,,,,,,,,,,,bounded_preclose_bid_ask,,,,False,bar_outcome_not_completed,,,incomplete_prior_liquidity,event,covered_call,,incomplete_prior_liquidity,,,False,,H25,2,CL,,primary,0.015619362359120936,15.635325534849922,2025
,,,760ab46e1f8f19d6531075b3,time_value,,,1,1,2025-05-06,2025-05-06,,,837,,,2025-05-07,838,False,,,2025-05-06,,,,,,,"{""market_momentum"": 0.10592146928435708, ""market_volatility"": 0.028035931372663383, ""momentum"": -0.007200523674449011, ""volatility"": 0.015619362359120936, ""volume_state"": 15.635325534849922}",assumed_next_daily_close,,10,0000021665,,0.10592146928435708,0.028035931372663383,-0.007200523674449011,,,,,,,4f515f26c7e59adec650bfcf,False,,,,,,,,,,,,,,,,,,,,,,,,,,,,,,,,,,,,,,,,,,,,,,,,bounded_preclose_bid_ask,,,,False,bar_outcome_not_completed,,,incomplete_prior_liquidity,event,covered_call,,incomplete_prior_liquidity,,,True,,H25,2,CL,,primary,0.015619362359120936,15.635325534849922,2025
,,,760ab46e1f8f19d6531075b3,time_value,,,1,1,2025-05-06,2025-05-06,,,837,,,2025-05-07,838,False,,,2025-05-06,,,,,,,"{""market_momentum"": 0.10592146928435708, ""market_volatility"": 0.028035931372663383, ""momentum"": -0.007200523674449011, ""volatility"": 0.015619362359120936, ""volume_state"": 15.635325534849922}",assumed_next_daily_close,,21,0000021665,,0.10592146928435708,0.028035931372663383,-0.007200523674449011,,,,,,,4f515f26c7e59adec650bfcf,False,,,,,,,,,,,,,,,,,,,,,,,,,,,,,,,,,,,,,,,,,,,,,,,,bounded_preclose_bid_ask,,,,False,not_requested_for_horizon_or_variant,,,incomplete_prior_liquidity,event,covered_call,,incomplete_prior_liquidity,,,False,,H25,2,CL,,primary,0.015619362359120936,15.635325534849922,2025
,,,760ab46e1f8f19d6531075b3,time_value,,,1,1,2025-05-06,2025-05-06,,,837,,,2025-05-07,838,False,,,2025-05-06,,,,,,,"{""market_momentum"": 0.10592146928435708, ""market_volatility"": 0.028035931372663383, ""momentum"": -0.007200523674449011, ""volatility"": 0.015619362359120936, ""volume_state"": 15.635325534849922}",assumed_next_daily_close,,21,0000021665,,0.10592146928435708,0.028035931372663383,-0.007200523674449011,,,,,,,4f515f26c7e59adec650bfcf,False,,,,,,,,,,,,,,,,,,,,,,,,,,,,,,,,,,,,,,,,,,,,,,,,bounded_preclose_bid_ask,,,,False,not_requested_for_horizon_or_variant,,,incomplete_prior_liquidity,event,covered_call,,incomplete_prior_liquidity,,,True,,H25,2,CL,,primary,0.015619362359120936,15.635325534849922,2025
,,,760ab46e1f8f19d6531075b3,time_value,,,1,1,2025-05-06,2025-05-06,,,837,,,2025-05-07,838,False,,,2025-05-06,,,,,,,"{""market_momentum"": 0.10592146928435708, ""market_volatility"": 0.028035931372663383, ""momentum"": -0.007200523674449011, ""volatility"": 0.015619362359120936, ""volume_state"": 15.635325534849922}",assumed_next_daily_close,,42,0000021665,,0.10592146928435708,0.028035931372663383,-0.007200523674449011,,,,,,,4f515f26c7e59adec650bfcf,False,,,,,,,,,,,,,,,,,,,,,,,,,,,,,,,,,,,,,,,,,,,,,,,,bounded_preclose_bid_ask,,,,False,not_requested_for_horizon_or_variant,,,incomplete_prior_liquidity,event,covered_call,,incomplete_prior_liquidity,,,False,,H25,2,CL,,primary,0.015619362359120936,15.635325534849922,2025
,,,760ab46e1f8f19d6531075b3,time_value,,,1,1,2025-05-06,2025-05-06,,,837,,,2025-05-07,838,False,,,2025-05-06,,,,,,,"{""market_momentum"": 0.10592146928435708, ""market_volatility"": 0.028035931372663383, ""momentum"": -0.007200523674449011, ""volatility"": 0.015619362359120936, ""volume_state"": 15.635325534849922}",assumed_next_daily_close,,42,0000021665,,0.10592146928435708,0.028035931372663383,-0.007200523674449011,,,,,,,4f515f26c7e59adec650bfcf,False,,,,,,,,,,,,,,,,,,,,,,,,,,,,,,,,,,,,,,,,,,,,,,,,bounded_preclose_bid_ask,,,,False,not_requested_for_horizon_or_variant,,,incomplete_prior_liquidity,event,covered_call,,incomplete_prior_liquidity,,,True,,H25,2,CL,,primary,0.015619362359120936,15.635325534849922,2025
,,,760ab46e1f8f19d6531075b3,time_value,,,1,1,2025-05-06,2025-05-06,,,837,,,2025-05-07,838,False,,,2025-05-06,,,,,,,"{""market_momentum"": 0.10592146928435708, ""market_volatility"": 0.028035931372663383, ""momentum"": -0.007200523674449011, ""volatility"": 0.015619362359120936, ""volume_state"": 15.635325534849922}",assumed_next_daily_close,,63,0000021665,,0.10592146928435708,0.028035931372663383,-0.007200523674449011,,,,,,,4f515f26c7e59adec650bfcf,False,,,,,,,,,,,,,,,,,,,,,,,,,,,,,,,,,,,,,,,,,,,,,,,,bounded_preclose_bid_ask,,,,False,not_requested_for_horizon_or_variant,,,incomplete_prior_liquidity,event,covered_call,,incomplete_prior_liquidity,,,False,,H25,2,CL,,primary,0.015619362359120936,15.635325534849922,2025
,,,760ab46e1f8f19d6531075b3,time_value,,,1,1,2025-05-06,2025-05-06,,,837,,,2025-05-07,838,False,,,2025-05-06,,,,,,,"{""market_momentum"": 0.10592146928435708, ""market_volatility"": 0.028035931372663383, ""momentum"": -0.007200523674449011, ""volatility"": 0.015619362359120936, ""volume_state"": 15.635325534849922}",assumed_next_daily_close,,63,0000021665,,0.10592146928435708,0.028035931372663383,-0.007200523674449011,,,,,,,4f515f26c7e59adec650bfcf,False,,,,,,,,,,,,,,,,,,,,,,,,,,,,,,,,,,,,,,,,,,,,,,,,bounded_preclose_bid_ask,,,,False,not_requested_for_horizon_or_variant,,,incomplete_prior_liquidity,event,covered_call,,incomplete_prior_liquidity,,,True,,H25,2,CL,,primary,0.015619362359120936,15.635325534849922,2025
,,,760ab46e1f8f19d6531075b3,time_value,,,1,1,2025-05-06,2025-05-06,,,837,,,2025-05-07,838,False,,,2025-05-06,,,,,,,"{""market_momentum"": 0.10592146928435708, ""market_volatility"": 0.028035931372663383, ""momentum"": -0.007200523674449011, ""volatility"": 0.015619362359120936, ""volume_state"": 15.635325534849922}",assumed_next_daily_close,,expiry,0000021665,,0.10592146928435708,0.028035931372663383,-0.007200523674449011,,,,,,,4f515f26c7e59adec650bfcf,False,,,,,,,,,,,,,,,,,,,,,,,,,,,,,,,,,,,,,,,,,,,,,,,,bounded_preclose_bid_ask,,,,False,not_requested_for_horizon_or_variant,,,incomplete_prior_liquidity,event,covered_call,,incomplete_prior_liquidity,,,False,,H25,2,CL,,primary,0.015619362359120936,15.635325534849922,2025
,,,760ab46e1f8f19d6531075b3,time_value,,,1,1,2025-05-06,2025-05-06,,,837,,,2025-05-07,838,False,,,2025-05-06,,,,,,,"{""market_momentum"": 0.10592146928435708, ""market_volatility"": 0.028035931372663383, ""momentum"": -0.007200523674449011, ""volatility"": 0.015619362359120936, ""volume_state"": 15.635325534849922}",assumed_next_daily_close,,expiry,0000021665,,0.10592146928435708,0.028035931372663383,-0.007200523674449011,,,,,,,4f515f26c7e59adec650bfcf,False,,,,,,,,,,,,,,,,,,,,,,,,,,,,,,,,,,,,,,,,,,,,,,,,bounded_preclose_bid_ask,,,,False,not_requested_for_horizon_or_variant,,,incomplete_prior_liquidity,event,covered_call,,incomplete_prior_liquidity,,,True,,H25,2,CL,,primary,0.015619362359120936,15.635325534849922,2025
,,,7ac3562deefa4421852698b6,time_value,,,1,1,2022-08-05,2022-08-05,,,148,,,2022-08-08,149,False,,,2023-02-14,,,,,,,"{""market_momentum"": 0.06293220905421748, ""market_volatility"": 0.01219475356589377, ""momentum"": -0.07210277923439956, ""volatility"": 0.026081773059680027, ""volume_state"": 17.59528953984785}",assumed_next_daily_close,,1,0000050863,,0.06293220905421748,0.01219475356589377,-0.07210277923439956,,,,,,,c7975fbe6a0c406d963e7f52,False,,,,,,,,,,,,,,,,,,,,,,,,,,,,,,,,,,,,,,,,,,,,,,,,bounded_preclose_bid_ask,,,,False,not_requested_for_horizon_or_variant,,,no_standard_contract_within_rules,ordinary,protective_put,,no_standard_contract_within_rules,,,False,,H25,2,INTC,,primary,0.026081773059680027,17.59528953984785,2022
,,,7ac3562deefa4421852698b6,time_value,,,1,1,2022-08-05,2022-08-05,,,148,,,2022-08-08,149,False,,,2023-02-14,,,,,,,"{""market_momentum"": 0.06293220905421748, ""market_volatility"": 0.01219475356589377, ""momentum"": -0.07210277923439956, ""volatility"": 0.026081773059680027, ""volume_state"": 17.59528953984785}",assumed_next_daily_close,,1,0000050863,,0.06293220905421748,0.01219475356589377,-0.07210277923439956,,,,,,,c7975fbe6a0c406d963e7f52,False,,,,,,,,,,,,,,,,,,,,,,,,,,,,,,,,,,,,,,,,,,,,,,,,bounded_preclose_bid_ask,,,,False,not_requested_for_horizon_or_variant,,,no_standard_contract_within_rules,ordinary,protective_put,,no_standard_contract_within_rules,,,True,,H25,2,INTC,,primary,0.026081773059680027,17.59528953984785,2022
,,,7ac3562deefa4421852698b6,time_value,,,1,1,2022-08-05,2022-08-05,,,148,,,2022-08-08,149,False,,,2023-02-14,,,,,,,"{""market_momentum"": 0.06293220905421748, ""market_volatility"": 0.01219475356589377, ""momentum"": -0.07210277923439956, ""volatility"": 0.026081773059680027, ""volume_state"": 17.59528953984785}",assumed_next_daily_close,,2,0000050863,,0.06293220905421748,0.01219475356589377,-0.07210277923439956,,,,,,,c7975fbe6a0c406d963e7f52,False,,,,,,,,,,,,,,,,,,,,,,,,,,,,,,,,,,,,,,,,,,,,,,,,bounded_preclose_bid_ask,,,,False,not_requested_for_horizon_or_variant,,,no_standard_contract_within_rules,ordinary,protective_put,,no_standard_contract_within_rules,,,False,,H25,2,INTC,,primary,0.026081773059680027,17.59528953984785,2022
,,,7ac3562deefa4421852698b6,time_value,,,1,1,2022-08-05,2022-08-05,,,148,,,2022-08-08,149,False,,,2023-02-14,,,,,,,"{""market_momentum"": 0.06293220905421748, ""market_volatility"": 0.01219475356589377, ""momentum"": -0.07210277923439956, ""volatility"": 0.026081773059680027, ""volume_state"": 17.59528953984785}",assumed_next_daily_close,,2,0000050863,,0.06293220905421748,0.01219475356589377,-0.07210277923439956,,,,,,,c7975fbe6a0c406d963e7f52,False,,,,,,,,,,,,,,,,,,,,,,,,,,,,,,,,,,,,,,,,,,,,,,,,bounded_preclose_bid_ask,,,,False,not_requested_for_horizon_or_variant,,,no_standard_contract_within_rules,ordinary,protective_put,,no_standard_contract_within_rules,,,True,,H25,2,INTC,,primary,0.026081773059680027,17.59528953984785,2022
,,,7ac3562deefa4421852698b6,time_value,,,1,1,2022-08-05,2022-08-05,,,148,,,2022-08-08,149,False,,,2023-02-14,,,,,,,"{""market_momentum"": 0.06293220905421748, ""market_volatility"": 0.01219475356589377, ""momentum"": -0.07210277923439956, ""volatility"": 0.026081773059680027, ""volume_state"": 17.59528953984785}",assumed_next_daily_close,,3,0000050863,,0.06293220905421748,0.01219475356589377,-0.07210277923439956,,,,,,,c7975fbe6a0c406d963e7f52,False,,,,,,,,,,,,,,,,,,,,,,,,,,,,,,,,,,,,,,,,,,,,,,,,bounded_preclose_bid_ask,,,,False,not_requested_for_horizon_or_variant,,,no_standard_contract_within_rules,ordinary,protective_put,,no_standard_contract_within_rules,,,False,,H25,2,INTC,,primary,0.026081773059680027,17.59528953984785,2022
,,,7ac3562deefa4421852698b6,time_value,,,1,1,2022-08-05,2022-08-05,,,148,,,2022-08-08,149,False,,,2023-02-14,,,,,,,"{""market_momentum"": 0.06293220905421748, ""market_volatility"": 0.01219475356589377, ""momentum"": -0.07210277923439956, ""volatility"": 0.026081773059680027, ""volume_state"": 17.59528953984785}",assumed_next_daily_close,,3,0000050863,,0.06293220905421748,0.01219475356589377,-0.07210277923439956,,,,,,,c7975fbe6a0c406d963e7f52,False,,,,,,,,,,,,,,,,,,,,,,,,,,,,,,,,,,,,,,,,,,,,,,,,bounded_preclose_bid_ask,,,,False,not_requested_for_horizon_or_variant,,,no_standard_contract_within_rules,ordinary,protective_put,,no_standard_contract_within_rules,,,True,,H25,2,INTC,,primary,0.026081773059680027,17.59528953984785,2022
,,,7ac3562deefa4421852698b6,time_value,,,1,1,2022-08-05,2022-08-05,,,148,,,2022-08-08,149,False,,,2023-02-14,,,,,,,"{""market_momentum"": 0.06293220905421748, ""market_volatility"": 0.01219475356589377, ""momentum"": -0.07210277923439956, ""volatility"": 0.026081773059680027, ""volume_state"": 17.59528953984785}",assumed_next_daily_close,,5,0000050863,,0.06293220905421748,0.01219475356589377,-0.07210277923439956,,,,,,,c7975fbe6a0c406d963e7f52,False,,,,,,,,,,,,,,,,,,,,,,,,,,,,,,,,,,,,,,,,,,,,,,,,bounded_preclose_bid_ask,,,,False,not_requested_for_horizon_or_variant,,,no_standard_contract_within_rules,ordinary,protective_put,,no_standard_contract_within_rules,,,False,,H25,2,INTC,,primary,0.026081773059680027,17.59528953984785,2022
,,,7ac3562deefa4421852698b6,time_value,,,1,1,2022-08-05,2022-08-05,,,148,,,2022-08-08,149,False,,,2023-02-14,,,,,,,"{""market_momentum"": 0.06293220905421748, ""market_volatility"": 0.01219475356589377, ""momentum"": -0.07210277923439956, ""volatility"": 0.026081773059680027, ""volume_state"": 17.59528953984785}",assumed_next_daily_close,,5,0000050863,,0.06293220905421748,0.01219475356589377,-0.07210277923439956,,,,,,,c7975fbe6a0c406d963e7f52,False,,,,,,,,,,,,,,,,,,,,,,,,,,,,,,,,,,,,,,,,,,,,,,,,bounded_preclose_bid_ask,,,,False,not_requested_for_horizon_or_variant,,,no_standard_contract_within_rules,ordinary,protective_put,,no_standard_contract_within_rules,,,True,,H25,2,INTC,,primary,0.026081773059680027,17.59528953984785,2022
,,,7ac3562deefa4421852698b6,time_value,,,1,1,2022-08-05,2022-08-05,,,148,,,2022-08-08,149,False,,,2023-02-14,,,,,,,"{""market_momentum"": 0.06293220905421748, ""market_volatility"": 0.01219475356589377, ""momentum"": -0.07210277923439956, ""volatility"": 0.026081773059680027, ""volume_state"": 17.59528953984785}",assumed_next_daily_close,,10,0000050863,,0.06293220905421748,0.01219475356589377,-0.07210277923439956,,,,,,,c7975fbe6a0c406d963e7f52,False,,,,,,,,,,,,,,,,,,,,,,,,,,,,,,,,,,,,,,,,,,,,,,,,bounded_preclose_bid_ask,,,,False,not_sampled_or_missing_quotes,,,no_standard_contract_within_rules,ordinary,protective_put,,no_standard_contract_within_rules,,,False,,H25,2,INTC,,primary,0.026081773059680027,17.59528953984785,2022
,,,7ac3562deefa4421852698b6,time_value,,,1,1,2022-08-05,2022-08-05,,,148,,,2022-08-08,149,False,,,2023-02-14,,,,,,,"{""market_momentum"": 0.06293220905421748, ""market_volatility"": 0.01219475356589377, ""momentum"": -0.07210277923439956, ""volatility"": 0.026081773059680027, ""volume_state"": 17.59528953984785}",assumed_next_daily_close,,10,0000050863,,0.06293220905421748,0.01219475356589377,-0.07210277923439956,,,,,,,c7975fbe6a0c406d963e7f52,False,,,,,,,,,,,,,,,,,,,,,,,,,,,,,,,,,,,,,,,,,,,,,,,,bounded_preclose_bid_ask,,,,False,not_sampled_or_missing_quotes,,,no_standard_contract_within_rules,ordinary,protective_put,,no_standard_contract_within_rules,,,True,,H25,2,INTC,,primary,0.026081773059680027,17.59528953984785,2022
,,,7ac3562deefa4421852698b6,time_value,,,1,1,2022-08-05,2022-08-05,,,148,,,2022-08-08,149,False,,,2023-02-14,,,,,,,"{""market_momentum"": 0.06293220905421748, ""market_volatility"": 0.01219475356589377, ""momentum"": -0.07210277923439956, ""volatility"": 0.026081773059680027, ""volume_state"": 17.59528953984785}",assumed_next_daily_close,,21,0000050863,,0.06293220905421748,0.01219475356589377,-0.07210277923439956,,,,,,,c7975fbe6a0c406d963e7f52,False,,,,,,,,,,,,,,,,,,,,,,,,,,,,,,,,,,,,,,,,,,,,,,,,bounded_preclose_bid_ask,,,,False,not_requested_for_horizon_or_variant,,,no_standard_contract_within_rules,ordinary,protective_put,,no_standard_contract_within_rules,,,False,,H25,2,INTC,,primary,0.026081773059680027,17.59528953984785,2022
,,,7ac3562deefa4421852698b6,time_value,,,1,1,2022-08-05,2022-08-05,,,148,,,2022-08-08,149,False,,,2023-02-14,,,,,,,"{""market_momentum"": 0.06293220905421748, ""market_volatility"": 0.01219475356589377, ""momentum"": -0.07210277923439956, ""volatility"": 0.026081773059680027, ""volume_state"": 17.59528953984785}",assumed_next_daily_close,,21,0000050863,,0.06293220905421748,0.01219475356589377,-0.07210277923439956,,,,,,,c7975fbe6a0c406d963e7f52,False,,,,,,,,,,,,,,,,,,,,,,,,,,,,,,,,,,,,,,,,,,,,,,,,bounded_preclose_bid_ask,,,,False,not_requested_for_horizon_or_variant,,,no_standard_contract_within_rules,ordinary,protective_put,,no_standard_contract_within_rules,,,True,,H25,2,INTC,,primary,0.026081773059680027,17.59528953984785,2022
,,,7ac3562deefa4421852698b6,time_value,,,1,1,2022-08-05,2022-08-05,,,148,,,2022-08-08,149,False,,,2023-02-14,,,,,,,"{""market_momentum"": 0.06293220905421748, ""market_volatility"": 0.01219475356589377, ""momentum"": -0.07210277923439956, ""volatility"": 0.026081773059680027, ""volume_state"": 17.59528953984785}",assumed_next_daily_close,,42,0000050863,,0.06293220905421748,0.01219475356589377,-0.07210277923439956,,,,,,,c7975fbe6a0c406d963e7f52,False,,,,,,,,,,,,,,,,,,,,,,,,,,,,,,,,,,,,,,,,,,,,,,,,bounded_preclose_bid_ask,,,,False,not_requested_for_horizon_or_variant,,,no_standard_contract_within_rules,ordinary,protective_put,,no_standard_contract_within_rules,,,False,,H25,2,INTC,,primary,0.026081773059680027,17.59528953984785,2022
,,,7ac3562deefa4421852698b6,time_value,,,1,1,2022-08-05,2022-08-05,,,148,,,2022-08-08,149,False,,,2023-02-14,,,,,,,"{""market_momentum"": 0.06293220905421748, ""market_volatility"": 0.01219475356589377, ""momentum"": -0.07210277923439956, ""volatility"": 0.026081773059680027, ""volume_state"": 17.59528953984785}",assumed_next_daily_close,,42,0000050863,,0.06293220905421748,0.01219475356589377,-0.07210277923439956,,,,,,,c7975fbe6a0c406d963e7f52,False,,,,,,,,,,,,,,,,,,,,,,,,,,,,,,,,,,,,,,,,,,,,,,,,bounded_preclose_bid_ask,,,,False,not_requested_for_horizon_or_variant,,,no_standard_contract_within_rules,ordinary,protective_put,,no_standard_contract_within_rules,,,True,,H25,2,INTC,,primary,0.026081773059680027,17.59528953984785,2022
,,,7ac3562deefa4421852698b6,time_value,,,1,1,2022-08-05,2022-08-05,,,148,,,2022-08-08,149,False,,,2023-02-14,,,,,,,"{""market_momentum"": 0.06293220905421748, ""market_volatility"": 0.01219475356589377, ""momentum"": -0.07210277923439956, ""volatility"": 0.026081773059680027, ""volume_state"": 17.59528953984785}",assumed_next_daily_close,,63,0000050863,,0.06293220905421748,0.01219475356589377,-0.07210277923439956,,,,,,,c7975fbe6a0c406d963e7f52,False,,,,,,,,,,,,,,,,,,,,,,,,,,,,,,,,,,,,,,,,,,,,,,,,bounded_preclose_bid_ask,,,,False,not_requested_for_horizon_or_variant,,,no_standard_contract_within_rules,ordinary,protective_put,,no_standard_contract_within_rules,,,False,,H25,2,INTC,,primary,0.026081773059680027,17.59528953984785,2022
,,,7ac3562deefa4421852698b6,time_value,,,1,1,2022-08-05,2022-08-05,,,148,,,2022-08-08,149,False,,,2023-02-14,,,,,,,"{""market_momentum"": 0.06293220905421748, ""market_volatility"": 0.01219475356589377, ""momentum"": -0.07210277923439956, ""volatility"": 0.026081773059680027, ""volume_state"": 17.59528953984785}",assumed_next_daily_close,,63,0000050863,,0.06293220905421748,0.01219475356589377,-0.07210277923439956,,,,,,,c7975fbe6a0c406d963e7f52,False,,,,,,,,,,,,,,,,,,,,,,,,,,,,,,,,,,,,,,,,,,,,,,,,bounded_preclose_bid_ask,,,,False,not_requested_for_horizon_or_variant,,,no_standard_contract_within_rules,ordinary,protective_put,,no_standard_contract_within_rules,,,True,,H25,2,INTC,,primary,0.026081773059680027,17.59528953984785,2022
,,,7ac3562deefa4421852698b6,time_value,,,1,1,2022-08-05,2022-08-05,,,148,,,2022-08-08,149,False,,,2023-02-14,,,,,,,"{""market_momentum"": 0.06293220905421748, ""market_volatility"": 0.01219475356589377, ""momentum"": -0.07210277923439956, ""volatility"": 0.026081773059680027, ""volume_state"": 17.59528953984785}",assumed_next_daily_close,,expiry,0000050863,,0.06293220905421748,0.01219475356589377,-0.07210277923439956,,,,,,,c7975fbe6a0c406d963e7f52,False,,,,,,,,,,,,,,,,,,,,,,,,,,,,,,,,,,,,,,,,,,,,,,,,bounded_preclose_bid_ask,,,,False,not_requested_for_horizon_or_variant,,,no_standard_contract_within_rules,ordinary,protective_put,,no_standard_contract_within_rules,,,False,,H25,2,INTC,,primary,0.026081773059680027,17.59528953984785,2022
,,,7ac3562deefa4421852698b6,time_value,,,1,1,2022-08-05,2022-08-05,,,148,,,2022-08-08,149,False,,,2023-02-14,,,,,,,"{""market_momentum"": 0.06293220905421748, ""market_volatility"": 0.01219475356589377, ""momentum"": -0.07210277923439956, ""volatility"": 0.026081773059680027, ""volume_state"": 17.59528953984785}",assumed_next_daily_close,,expiry,0000050863,,0.06293220905421748,0.01219475356589377,-0.07210277923439956,,,,,,,c7975fbe6a0c406d963e7f52,False,,,,,,,,,,,,,,,,,,,,,,,,,,,,,,,,,,,,,,,,,,,,,,,,bounded_preclose_bid_ask,,,,False,not_requested_for_horizon_or_variant,,,no_standard_contract_within_rules,ordinary,protective_put,,no_standard_contract_within_rules,,,True,,H25,2,INTC,,primary,0.026081773059680027,17.59528953984785,2022
,,,7c9658d41a9e18ef14c25407,time_value,,,1,1,2022-08-09,2022-08-09,,,150,,,2022-08-10,151,False,,,2023-01-26,,,,,,,"{""market_momentum"": 0.07058272388933706, ""market_volatility"": 0.011969991081459876, ""momentum"": 0.1279458979438488, ""volatility"": 0.017528456712257317, ""volume_state"": 15.034182343856525}",assumed_next_daily_close,,1,0000027419,,0.07058272388933706,0.011969991081459876,0.1279458979438488,,,,,,,c86657859a5b413a7d502ff8,False,,,,,,,,,,,,,,,,,,,,,,,,,,,,,,,,,,,,,,,,,,,,,,,,bounded_preclose_bid_ask,,,,False,not_requested_for_horizon_or_variant,,,no_standard_contract_within_rules,ordinary,protective_put,,no_standard_contract_within_rules,,,False,,H25,2,TGT,,primary,0.017528456712257317,15.034182343856525,2022
,,,7c9658d41a9e18ef14c25407,time_value,,,1,1,2022-08-09,2022-08-09,,,150,,,2022-08-10,151,False,,,2023-01-26,,,,,,,"{""market_momentum"": 0.07058272388933706, ""market_volatility"": 0.011969991081459876, ""momentum"": 0.1279458979438488, ""volatility"": 0.017528456712257317, ""volume_state"": 15.034182343856525}",assumed_next_daily_close,,1,0000027419,,0.07058272388933706,0.011969991081459876,0.1279458979438488,,,,,,,c86657859a5b413a7d502ff8,False,,,,,,,,,,,,,,,,,,,,,,,,,,,,,,,,,,,,,,,,,,,,,,,,bounded_preclose_bid_ask,,,,False,not_requested_for_horizon_or_variant,,,no_standard_contract_within_rules,ordinary,protective_put,,no_standard_contract_within_rules,,,True,,H25,2,TGT,,primary,0.017528456712257317,15.034182343856525,2022
,,,7c9658d41a9e18ef14c25407,time_value,,,1,1,2022-08-09,2022-08-09,,,150,,,2022-08-10,151,False,,,2023-01-26,,,,,,,"{""market_momentum"": 0.07058272388933706, ""market_volatility"": 0.011969991081459876, ""momentum"": 0.1279458979438488, ""volatility"": 0.017528456712257317, ""volume_state"": 15.034182343856525}",assumed_next_daily_close,,2,0000027419,,0.07058272388933706,0.011969991081459876,0.1279458979438488,,,,,,,c86657859a5b413a7d502ff8,False,,,,,,,,,,,,,,,,,,,,,,,,,,,,,,,,,,,,,,,,,,,,,,,,bounded_preclose_bid_ask,,,,False,not_requested_for_horizon_or_variant,,,no_standard_contract_within_rules,ordinary,protective_put,,no_standard_contract_within_rules,,,False,,H25,2,TGT,,primary,0.017528456712257317,15.034182343856525,2022
,,,7c9658d41a9e18ef14c25407,time_value,,,1,1,2022-08-09,2022-08-09,,,150,,,2022-08-10,151,False,,,2023-01-26,,,,,,,"{""market_momentum"": 0.07058272388933706, ""market_volatility"": 0.011969991081459876, ""momentum"": 0.1279458979438488, ""volatility"": 0.017528456712257317, ""volume_state"": 15.034182343856525}",assumed_next_daily_close,,2,0000027419,,0.07058272388933706,0.011969991081459876,0.1279458979438488,,,,,,,c86657859a5b413a7d502ff8,False,,,,,,,,,,,,,,,,,,,,,,,,,,,,,,,,,,,,,,,,,,,,,,,,bounded_preclose_bid_ask,,,,False,not_requested_for_horizon_or_variant,,,no_standard_contract_within_rules,ordinary,protective_put,,no_standard_contract_within_rules,,,True,,H25,2,TGT,,primary,0.017528456712257317,15.034182343856525,2022
,,,7c9658d41a9e18ef14c25407,time_value,,,1,1,2022-08-09,2022-08-09,,,150,,,2022-08-10,151,False,,,2023-01-26,,,,,,,"{""market_momentum"": 0.07058272388933706, ""market_volatility"": 0.011969991081459876, ""momentum"": 0.1279458979438488, ""volatility"": 0.017528456712257317, ""volume_state"": 15.034182343856525}",assumed_next_daily_close,,3,0000027419,,0.07058272388933706,0.011969991081459876,0.1279458979438488,,,,,,,c86657859a5b413a7d502ff8,False,,,,,,,,,,,,,,,,,,,,,,,,,,,,,,,,,,,,,,,,,,,,,,,,bounded_preclose_bid_ask,,,,False,not_requested_for_horizon_or_variant,,,no_standard_contract_within_rules,ordinary,protective_put,,no_standard_contract_within_rules,,,False,,H25,2,TGT,,primary,0.017528456712257317,15.034182343856525,2022
,,,7c9658d41a9e18ef14c25407,time_value,,,1,1,2022-08-09,2022-08-09,,,150,,,2022-08-10,151,False,,,2023-01-26,,,,,,,"{""market_momentum"": 0.07058272388933706, ""market_volatility"": 0.011969991081459876, ""momentum"": 0.1279458979438488, ""volatility"": 0.017528456712257317, ""volume_state"": 15.034182343856525}",assumed_next_daily_close,,3,0000027419,,0.07058272388933706,0.011969991081459876,0.1279458979438488,,,,,,,c86657859a5b413a7d502ff8,False,,,,,,,,,,,,,,,,,,,,,,,,,,,,,,,,,,,,,,,,,,,,,,,,bounded_preclose_bid_ask,,,,False,not_requested_for_horizon_or_variant,,,no_standard_contract_within_rules,ordinary,protective_put,,no_standard_contract_within_rules,,,True,,H25,2,TGT,,primary,0.017528456712257317,15.034182343856525,2022
,,,7c9658d41a9e18ef14c25407,time_value,,,1,1,2022-08-09,2022-08-09,,,150,,,2022-08-10,151,False,,,2023-01-26,,,,,,,"{""market_momentum"": 0.07058272388933706, ""market_volatility"": 0.011969991081459876, ""momentum"": 0.1279458979438488, ""volatility"": 0.017528456712257317, ""volume_state"": 15.034182343856525}",assumed_next_daily_close,,5,0000027419,,0.07058272388933706,0.011969991081459876,0.1279458979438488,,,,,,,c86657859a5b413a7d502ff8,False,,,,,,,,,,,,,,,,,,,,,,,,,,,,,,,,,,,,,,,,,,,,,,,,bounded_preclose_bid_ask,,,,False,not_requested_for_horizon_or_variant,,,no_standard_contract_within_rules,ordinary,protective_put,,no_standard_contract_within_rules,,,False,,H25,2,TGT,,primary,0.017528456712257317,15.034182343856525,2022
,,,7c9658d41a9e18ef14c25407,time_value,,,1,1,2022-08-09,2022-08-09,,,150,,,2022-08-10,151,False,,,2023-01-26,,,,,,,"{""market_momentum"": 0.07058272388933706, ""market_volatility"": 0.011969991081459876, ""momentum"": 0.1279458979438488, ""volatility"": 0.017528456712257317, ""volume_state"": 15.034182343856525}",assumed_next_daily_close,,5,0000027419,,0.07058272388933706,0.011969991081459876,0.1279458979438488,,,,,,,c86657859a5b413a7d502ff8,False,,,,,,,,,,,,,,,,,,,,,,,,,,,,,,,,,,,,,,,,,,,,,,,,bounded_preclose_bid_ask,,,,False,not_requested_for_horizon_or_variant,,,no_standard_contract_within_rules,ordinary,protective_put,,no_standard_contract_within_rules,,,True,,H25,2,TGT,,primary,0.017528456712257317,15.034182343856525,2022
,,,7c9658d41a9e18ef14c25407,time_value,,,1,1,2022-08-09,2022-08-09,,,150,,,2022-08-10,151,False,,,2023-01-26,,,,,,,"{""market_momentum"": 0.07058272388933706, ""market_volatility"": 0.011969991081459876, ""momentum"": 0.1279458979438488, ""volatility"": 0.017528456712257317, ""volume_state"": 15.034182343856525}",assumed_next_daily_close,,10,0000027419,,0.07058272388933706,0.011969991081459876,0.1279458979438488,,,,,,,c86657859a5b413a7d502ff8,False,,,,,,,,,,,,,,,,,,,,,,,,,,,,,,,,,,,,,,,,,,,,,,,,bounded_preclose_bid_ask,,,,False,not_sampled_or_missing_quotes,,,no_standard_contract_within_rules,ordinary,protective_put,,no_standard_contract_within_rules,,,False,,H25,2,TGT,,primary,0.017528456712257317,15.034182343856525,2022
,,,7c9658d41a9e18ef14c25407,time_value,,,1,1,2022-08-09,2022-08-09,,,150,,,2022-08-10,151,False,,,2023-01-26,,,,,,,"{""market_momentum"": 0.07058272388933706, ""market_volatility"": 0.011969991081459876, ""momentum"": 0.1279458979438488, ""volatility"": 0.017528456712257317, ""volume_state"": 15.034182343856525}",assumed_next_daily_close,,10,0000027419,,0.07058272388933706,0.011969991081459876,0.1279458979438488,,,,,,,c86657859a5b413a7d502ff8,False,,,,,,,,,,,,,,,,,,,,,,,,,,,,,,,,,,,,,,,,,,,,,,,,bounded_preclose_bid_ask,,,,False,not_sampled_or_missing_quotes,,,no_standard_contract_within_rules,ordinary,protective_put,,no_standard_contract_within_rules,,,True,,H25,2,TGT,,primary,0.017528456712257317,15.034182343856525,2022
,,,7c9658d41a9e18ef14c25407,time_value,,,1,1,2022-08-09,2022-08-09,,,150,,,2022-08-10,151,False,,,2023-01-26,,,,,,,"{""market_momentum"": 0.07058272388933706, ""market_volatility"": 0.011969991081459876, ""momentum"": 0.1279458979438488, ""volatility"": 0.017528456712257317, ""volume_state"": 15.034182343856525}",assumed_next_daily_close,,21,0000027419,,0.07058272388933706,0.011969991081459876,0.1279458979438488,,,,,,,c86657859a5b413a7d502ff8,False,,,,,,,,,,,,,,,,,,,,,,,,,,,,,,,,,,,,,,,,,,,,,,,,bounded_preclose_bid_ask,,,,False,not_requested_for_horizon_or_variant,,,no_standard_contract_within_rules,ordinary,protective_put,,no_standard_contract_within_rules,,,False,,H25,2,TGT,,primary,0.017528456712257317,15.034182343856525,2022
,,,7c9658d41a9e18ef14c25407,time_value,,,1,1,2022-08-09,2022-08-09,,,150,,,2022-08-10,151,False,,,2023-01-26,,,,,,,"{""market_momentum"": 0.07058272388933706, ""market_volatility"": 0.011969991081459876, ""momentum"": 0.1279458979438488, ""volatility"": 0.017528456712257317, ""volume_state"": 15.034182343856525}",assumed_next_daily_close,,21,0000027419,,0.07058272388933706,0.011969991081459876,0.1279458979438488,,,,,,,c86657859a5b413a7d502ff8,False,,,,,,,,,,,,,,,,,,,,,,,,,,,,,,,,,,,,,,,,,,,,,,,,bounded_preclose_bid_ask,,,,False,not_requested_for_horizon_or_variant,,,no_standard_contract_within_rules,ordinary,protective_put,,no_standard_contract_within_rules,,,True,,H25,2,TGT,,primary,0.017528456712257317,15.034182343856525,2022
,,,7c9658d41a9e18ef14c25407,time_value,,,1,1,2022-08-09,2022-08-09,,,150,,,2022-08-10,151,False,,,2023-01-26,,,,,,,"{""market_momentum"": 0.07058272388933706, ""market_volatility"": 0.011969991081459876, ""momentum"": 0.1279458979438488, ""volatility"": 0.017528456712257317, ""volume_state"": 15.034182343856525}",assumed_next_daily_close,,42,0000027419,,0.07058272388933706,0.011969991081459876,0.1279458979438488,,,,,,,c86657859a5b413a7d502ff8,False,,,,,,,,,,,,,,,,,,,,,,,,,,,,,,,,,,,,,,,,,,,,,,,,bounded_preclose_bid_ask,,,,False,not_requested_for_horizon_or_variant,,,no_standard_contract_within_rules,ordinary,protective_put,,no_standard_contract_within_rules,,,False,,H25,2,TGT,,primary,0.017528456712257317,15.034182343856525,2022
,,,7c9658d41a9e18ef14c25407,time_value,,,1,1,2022-08-09,2022-08-09,,,150,,,2022-08-10,151,False,,,2023-01-26,,,,,,,"{""market_momentum"": 0.07058272388933706, ""market_volatility"": 0.011969991081459876, ""momentum"": 0.1279458979438488, ""volatility"": 0.017528456712257317, ""volume_state"": 15.034182343856525}",assumed_next_daily_close,,42,0000027419,,0.07058272388933706,0.011969991081459876,0.1279458979438488,,,,,,,c86657859a5b413a7d502ff8,False,,,,,,,,,,,,,,,,,,,,,,,,,,,,,,,,,,,,,,,,,,,,,,,,bounded_preclose_bid_ask,,,,False,not_requested_for_horizon_or_variant,,,no_standard_contract_within_rules,ordinary,protective_put,,no_standard_contract_within_rules,,,True,,H25,2,TGT,,primary,0.017528456712257317,15.034182343856525,2022
,,,7c9658d41a9e18ef14c25407,time_value,,,1,1,2022-08-09,2022-08-09,,,150,,,2022-08-10,151,False,,,2023-01-26,,,,,,,"{""market_momentum"": 0.07058272388933706, ""market_volatility"": 0.011969991081459876, ""momentum"": 0.1279458979438488, ""volatility"": 0.017528456712257317, ""volume_state"": 15.034182343856525}",assumed_next_daily_close,,63,0000027419,,0.07058272388933706,0.011969991081459876,0.1279458979438488,,,,,,,c86657859a5b413a7d502ff8,False,,,,,,,,,,,,,,,,,,,,,,,,,,,,,,,,,,,,,,,,,,,,,,,,bounded_preclose_bid_ask,,,,False,not_requested_for_horizon_or_variant,,,no_standard_contract_within_rules,ordinary,protective_put,,no_standard_contract_within_rules,,,False,,H25,2,TGT,,primary,0.017528456712257317,15.034182343856525,2022
,,,7c9658d41a9e18ef14c25407,time_value,,,1,1,2022-08-09,2022-08-09,,,150,,,2022-08-10,151,False,,,2023-01-26,,,,,,,"{""market_momentum"": 0.07058272388933706, ""market_volatility"": 0.011969991081459876, ""momentum"": 0.1279458979438488, ""volatility"": 0.017528456712257317, ""volume_state"": 15.034182343856525}",assumed_next_daily_close,,63,0000027419,,0.07058272388933706,0.011969991081459876,0.1279458979438488,,,,,,,c86657859a5b413a7d502ff8,False,,,,,,,,,,,,,,,,,,,,,,,,,,,,,,,,,,,,,,,,,,,,,,,,bounded_preclose_bid_ask,,,,False,not_requested_for_horizon_or_variant,,,no_standard_contract_within_rules,ordinary,protective_put,,no_standard_contract_within_rules,,,True,,H25,2,TGT,,primary,0.017528456712257317,15.034182343856525,2022
,,,7c9658d41a9e18ef14c25407,time_value,,,1,1,2022-08-09,2022-08-09,,,150,,,2022-08-10,151,False,,,2023-01-26,,,,,,,"{""market_momentum"": 0.07058272388933706, ""market_volatility"": 0.011969991081459876, ""momentum"": 0.1279458979438488, ""volatility"": 0.017528456712257317, ""volume_state"": 15.034182343856525}",assumed_next_daily_close,,expiry,0000027419,,0.07058272388933706,0.011969991081459876,0.1279458979438488,,,,,,,c86657859a5b413a7d502ff8,False,,,,,,,,,,,,,,,,,,,,,,,,,,,,,,,,,,,,,,,,,,,,,,,,bounded_preclose_bid_ask,,,,False,not_requested_for_horizon_or_variant,,,no_standard_contract_within_rules,ordinary,protective_put,,no_standard_contract_within_rules,,,False,,H25,2,TGT,,primary,0.017528456712257317,15.034182343856525,2022
,,,7c9658d41a9e18ef14c25407,time_value,,,1,1,2022-08-09,2022-08-09,,,150,,,2022-08-10,151,False,,,2023-01-26,,,,,,,"{""market_momentum"": 0.07058272388933706, ""market_volatility"": 0.011969991081459876, ""momentum"": 0.1279458979438488, ""volatility"": 0.017528456712257317, ""volume_state"": 15.034182343856525}",assumed_next_daily_close,,expiry,0000027419,,0.07058272388933706,0.011969991081459876,0.1279458979438488,,,,,,,c86657859a5b413a7d502ff8,False,,,,,,,,,,,,,,,,,,,,,,,,,,,,,,,,,,,,,,,,,,,,,,,,bounded_preclose_bid_ask,,,,False,not_requested_for_horizon_or_variant,,,no_standard_contract_within_rules,ordinary,protective_put,,no_standard_contract_within_rules,,,True,,H25,2,TGT,,primary,0.017528456712257317,15.034182343856525,2022
,,,7cb593d7a77967dcd532f7e8,time_value,,,1,1,2023-11-15,2023-11-15,,,470,,,2023-11-16,471,False,,,2023-11-15,,,,,,,"{""market_momentum"": 0.031328838126691405, ""market_volatility"": 0.01042476077228603, ""momentum"": -0.10109813491371789, ""volatility"": 0.020802367622041167, ""volume_state"": 16.495977454751287}",assumed_next_daily_close,,1,0000014272,,0.031328838126691405,0.01042476077228603,-0.10109813491371789,,,,,,,b85d9858604b909390a9b494,False,,,,,,,,,,,,,,,,,,,,,,,,,,,,,,,,,,,,,,,,,,,,,,,,bounded_preclose_bid_ask,,,,False,not_requested_for_horizon_or_variant,,,no_standard_contract_within_rules,event,covered_call,,no_standard_contract_within_rules,,,False,,H25,2,BMY,,primary,0.020802367622041167,16.495977454751287,2023
,,,7cb593d7a77967dcd532f7e8,time_value,,,1,1,2023-11-15,2023-11-15,,,470,,,2023-11-16,471,False,,,2023-11-15,,,,,,,"{""market_momentum"": 0.031328838126691405, ""market_volatility"": 0.01042476077228603, ""momentum"": -0.10109813491371789, ""volatility"": 0.020802367622041167, ""volume_state"": 16.495977454751287}",assumed_next_daily_close,,1,0000014272,,0.031328838126691405,0.01042476077228603,-0.10109813491371789,,,,,,,b85d9858604b909390a9b494,False,,,,,,,,,,,,,,,,,,,,,,,,,,,,,,,,,,,,,,,,,,,,,,,,bounded_preclose_bid_ask,,,,False,not_requested_for_horizon_or_variant,,,no_standard_contract_within_rules,event,covered_call,,no_standard_contract_within_rules,,,True,,H25,2,BMY,,primary,0.020802367622041167,16.495977454751287,2023
,,,7cb593d7a77967dcd532f7e8,time_value,,,1,1,2023-11-15,2023-11-15,,,470,,,2023-11-16,471,False,,,2023-11-15,,,,,,,"{""market_momentum"": 0.031328838126691405, ""market_volatility"": 0.01042476077228603, ""momentum"": -0.10109813491371789, ""volatility"": 0.020802367622041167, ""volume_state"": 16.495977454751287}",assumed_next_daily_close,,2,0000014272,,0.031328838126691405,0.01042476077228603,-0.10109813491371789,,,,,,,b85d9858604b909390a9b494,False,,,,,,,,,,,,,,,,,,,,,,,,,,,,,,,,,,,,,,,,,,,,,,,,bounded_preclose_bid_ask,,,,False,not_requested_for_horizon_or_variant,,,no_standard_contract_within_rules,event,covered_call,,no_standard_contract_within_rules,,,False,,H25,2,BMY,,primary,0.020802367622041167,16.495977454751287,2023
,,,7cb593d7a77967dcd532f7e8,time_value,,,1,1,2023-11-15,2023-11-15,,,470,,,2023-11-16,471,False,,,2023-11-15,,,,,,,"{""market_momentum"": 0.031328838126691405, ""market_volatility"": 0.01042476077228603, ""momentum"": -0.10109813491371789, ""volatility"": 0.020802367622041167, ""volume_state"": 16.495977454751287}",assumed_next_daily_close,,2,0000014272,,0.031328838126691405,0.01042476077228603,-0.10109813491371789,,,,,,,b85d9858604b909390a9b494,False,,,,,,,,,,,,,,,,,,,,,,,,,,,,,,,,,,,,,,,,,,,,,,,,bounded_preclose_bid_ask,,,,False,not_requested_for_horizon_or_variant,,,no_standard_contract_within_rules,event,covered_call,,no_standard_contract_within_rules,,,True,,H25,2,BMY,,primary,0.020802367622041167,16.495977454751287,2023
,,,7cb593d7a77967dcd532f7e8,time_value,,,1,1,2023-11-15,2023-11-15,,,470,,,2023-11-16,471,False,,,2023-11-15,,,,,,,"{""market_momentum"": 0.031328838126691405, ""market_volatility"": 0.01042476077228603, ""momentum"": -0.10109813491371789, ""volatility"": 0.020802367622041167, ""volume_state"": 16.495977454751287}",assumed_next_daily_close,,3,0000014272,,0.031328838126691405,0.01042476077228603,-0.10109813491371789,,,,,,,b85d9858604b909390a9b494,False,,,,,,,,,,,,,,,,,,,,,,,,,,,,,,,,,,,,,,,,,,,,,,,,bounded_preclose_bid_ask,,,,False,not_requested_for_horizon_or_variant,,,no_standard_contract_within_rules,event,covered_call,,no_standard_contract_within_rules,,,False,,H25,2,BMY,,primary,0.020802367622041167,16.495977454751287,2023
,,,7cb593d7a77967dcd532f7e8,time_value,,,1,1,2023-11-15,2023-11-15,,,470,,,2023-11-16,471,False,,,2023-11-15,,,,,,,"{""market_momentum"": 0.031328838126691405, ""market_volatility"": 0.01042476077228603, ""momentum"": -0.10109813491371789, ""volatility"": 0.020802367622041167, ""volume_state"": 16.495977454751287}",assumed_next_daily_close,,3,0000014272,,0.031328838126691405,0.01042476077228603,-0.10109813491371789,,,,,,,b85d9858604b909390a9b494,False,,,,,,,,,,,,,,,,,,,,,,,,,,,,,,,,,,,,,,,,,,,,,,,,bounded_preclose_bid_ask,,,,False,not_requested_for_horizon_or_variant,,,no_standard_contract_within_rules,event,covered_call,,no_standard_contract_within_rules,,,True,,H25,2,BMY,,primary,0.020802367622041167,16.495977454751287,2023
,,,7cb593d7a77967dcd532f7e8,time_value,,,1,1,2023-11-15,2023-11-15,,,470,,,2023-11-16,471,False,,,2023-11-15,,,,,,,"{""market_momentum"": 0.031328838126691405, ""market_volatility"": 0.01042476077228603, ""momentum"": -0.10109813491371789, ""volatility"": 0.020802367622041167, ""volume_state"": 16.495977454751287}",assumed_next_daily_close,,5,0000014272,,0.031328838126691405,0.01042476077228603,-0.10109813491371789,,,,,,,b85d9858604b909390a9b494,False,,,,,,,,,,,,,,,,,,,,,,,,,,,,,,,,,,,,,,,,,,,,,,,,bounded_preclose_bid_ask,,,,False,not_requested_for_horizon_or_variant,,,no_standard_contract_within_rules,event,covered_call,,no_standard_contract_within_rules,,,False,,H25,2,BMY,,primary,0.020802367622041167,16.495977454751287,2023
,,,7cb593d7a77967dcd532f7e8,time_value,,,1,1,2023-11-15,2023-11-15,,,470,,,2023-11-16,471,False,,,2023-11-15,,,,,,,"{""market_momentum"": 0.031328838126691405, ""market_volatility"": 0.01042476077228603, ""momentum"": -0.10109813491371789, ""volatility"": 0.020802367622041167, ""volume_state"": 16.495977454751287}",assumed_next_daily_close,,5,0000014272,,0.031328838126691405,0.01042476077228603,-0.10109813491371789,,,,,,,b85d9858604b909390a9b494,False,,,,,,,,,,,,,,,,,,,,,,,,,,,,,,,,,,,,,,,,,,,,,,,,bounded_preclose_bid_ask,,,,False,not_requested_for_horizon_or_variant,,,no_standard_contract_within_rules,event,covered_call,,no_standard_contract_within_rules,,,True,,H25,2,BMY,,primary,0.020802367622041167,16.495977454751287,2023
,,,7cb593d7a77967dcd532f7e8,time_value,,,1,1,2023-11-15,2023-11-15,,,470,,,2023-11-16,471,False,,,2023-11-15,,,,,,,"{""market_momentum"": 0.031328838126691405, ""market_volatility"": 0.01042476077228603, ""momentum"": -0.10109813491371789, ""volatility"": 0.020802367622041167, ""volume_state"": 16.495977454751287}",assumed_next_daily_close,,10,0000014272,,0.031328838126691405,0.01042476077228603,-0.10109813491371789,,,,,,,b85d9858604b909390a9b494,False,,,,,,,,,,,,,,,,,,,,,,,,,,,,,,,,,,,,,,,,,,,,,,,,bounded_preclose_bid_ask,,,,False,not_sampled_or_missing_quotes,,,no_standard_contract_within_rules,event,covered_call,,no_standard_contract_within_rules,,,False,,H25,2,BMY,,primary,0.020802367622041167,16.495977454751287,2023
,,,7cb593d7a77967dcd532f7e8,time_value,,,1,1,2023-11-15,2023-11-15,,,470,,,2023-11-16,471,False,,,2023-11-15,,,,,,,"{""market_momentum"": 0.031328838126691405, ""market_volatility"": 0.01042476077228603, ""momentum"": -0.10109813491371789, ""volatility"": 0.020802367622041167, ""volume_state"": 16.495977454751287}",assumed_next_daily_close,,10,0000014272,,0.031328838126691405,0.01042476077228603,-0.10109813491371789,,,,,,,b85d9858604b909390a9b494,False,,,,,,,,,,,,,,,,,,,,,,,,,,,,,,,,,,,,,,,,,,,,,,,,bounded_preclose_bid_ask,,,,False,not_sampled_or_missing_quotes,,,no_standard_contract_within_rules,event,covered_call,,no_standard_contract_within_rules,,,True,,H25,2,BMY,,primary,0.020802367622041167,16.495977454751287,2023
,,,7cb593d7a77967dcd532f7e8,time_value,,,1,1,2023-11-15,2023-11-15,,,470,,,2023-11-16,471,False,,,2023-11-15,,,,,,,"{""market_momentum"": 0.031328838126691405, ""market_volatility"": 0.01042476077228603, ""momentum"": -0.10109813491371789, ""volatility"": 0.020802367622041167, ""volume_state"": 16.495977454751287}",assumed_next_daily_close,,21,0000014272,,0.031328838126691405,0.01042476077228603,-0.10109813491371789,,,,,,,b85d9858604b909390a9b494,False,,,,,,,,,,,,,,,,,,,,,,,,,,,,,,,,,,,,,,,,,,,,,,,,bounded_preclose_bid_ask,,,,False,not_requested_for_horizon_or_variant,,,no_standard_contract_within_rules,event,covered_call,,no_standard_contract_within_rules,,,False,,H25,2,BMY,,primary,0.020802367622041167,16.495977454751287,2023
,,,7cb593d7a77967dcd532f7e8,time_value,,,1,1,2023-11-15,2023-11-15,,,470,,,2023-11-16,471,False,,,2023-11-15,,,,,,,"{""market_momentum"": 0.031328838126691405, ""market_volatility"": 0.01042476077228603, ""momentum"": -0.10109813491371789, ""volatility"": 0.020802367622041167, ""volume_state"": 16.495977454751287}",assumed_next_daily_close,,21,0000014272,,0.031328838126691405,0.01042476077228603,-0.10109813491371789,,,,,,,b85d9858604b909390a9b494,False,,,,,,,,,,,,,,,,,,,,,,,,,,,,,,,,,,,,,,,,,,,,,,,,bounded_preclose_bid_ask,,,,False,not_requested_for_horizon_or_variant,,,no_standard_contract_within_rules,event,covered_call,,no_standard_contract_within_rules,,,True,,H25,2,BMY,,primary,0.020802367622041167,16.495977454751287,2023
,,,7cb593d7a77967dcd532f7e8,time_value,,,1,1,2023-11-15,2023-11-15,,,470,,,2023-11-16,471,False,,,2023-11-15,,,,,,,"{""market_momentum"": 0.031328838126691405, ""market_volatility"": 0.01042476077228603, ""momentum"": -0.10109813491371789, ""volatility"": 0.020802367622041167, ""volume_state"": 16.495977454751287}",assumed_next_daily_close,,42,0000014272,,0.031328838126691405,0.01042476077228603,-0.10109813491371789,,,,,,,b85d9858604b909390a9b494,False,,,,,,,,,,,,,,,,,,,,,,,,,,,,,,,,,,,,,,,,,,,,,,,,bounded_preclose_bid_ask,,,,False,not_requested_for_horizon_or_variant,,,no_standard_contract_within_rules,event,covered_call,,no_standard_contract_within_rules,,,False,,H25,2,BMY,,primary,0.020802367622041167,16.495977454751287,2023
,,,7cb593d7a77967dcd532f7e8,time_value,,,1,1,2023-11-15,2023-11-15,,,470,,,2023-11-16,471,False,,,2023-11-15,,,,,,,"{""market_momentum"": 0.031328838126691405, ""market_volatility"": 0.01042476077228603, ""momentum"": -0.10109813491371789, ""volatility"": 0.020802367622041167, ""volume_state"": 16.495977454751287}",assumed_next_daily_close,,42,0000014272,,0.031328838126691405,0.01042476077228603,-0.10109813491371789,,,,,,,b85d9858604b909390a9b494,False,,,,,,,,,,,,,,,,,,,,,,,,,,,,,,,,,,,,,,,,,,,,,,,,bounded_preclose_bid_ask,,,,False,not_requested_for_horizon_or_variant,,,no_standard_contract_within_rules,event,covered_call,,no_standard_contract_within_rules,,,True,,H25,2,BMY,,primary,0.020802367622041167,16.495977454751287,2023
,,,7cb593d7a77967dcd532f7e8,time_value,,,1,1,2023-11-15,2023-11-15,,,470,,,2023-11-16,471,False,,,2023-11-15,,,,,,,"{""market_momentum"": 0.031328838126691405, ""market_volatility"": 0.01042476077228603, ""momentum"": -0.10109813491371789, ""volatility"": 0.020802367622041167, ""volume_state"": 16.495977454751287}",assumed_next_daily_close,,63,0000014272,,0.031328838126691405,0.01042476077228603,-0.10109813491371789,,,,,,,b85d9858604b909390a9b494,False,,,,,,,,,,,,,,,,,,,,,,,,,,,,,,,,,,,,,,,,,,,,,,,,bounded_preclose_bid_ask,,,,False,not_requested_for_horizon_or_variant,,,no_standard_contract_within_rules,event,covered_call,,no_standard_contract_within_rules,,,False,,H25,2,BMY,,primary,0.020802367622041167,16.495977454751287,2023
,,,7cb593d7a77967dcd532f7e8,time_value,,,1,1,2023-11-15,2023-11-15,,,470,,,2023-11-16,471,False,,,2023-11-15,,,,,,,"{""market_momentum"": 0.031328838126691405, ""market_volatility"": 0.01042476077228603, ""momentum"": -0.10109813491371789, ""volatility"": 0.020802367622041167, ""volume_state"": 16.495977454751287}",assumed_next_daily_close,,63,0000014272,,0.031328838126691405,0.01042476077228603,-0.10109813491371789,,,,,,,b85d9858604b909390a9b494,False,,,,,,,,,,,,,,,,,,,,,,,,,,,,,,,,,,,,,,,,,,,,,,,,bounded_preclose_bid_ask,,,,False,not_requested_for_horizon_or_variant,,,no_standard_contract_within_rules,event,covered_call,,no_standard_contract_within_rules,,,True,,H25,2,BMY,,primary,0.020802367622041167,16.495977454751287,2023
,,,7cb593d7a77967dcd532f7e8,time_value,,,1,1,2023-11-15,2023-11-15,,,470,,,2023-11-16,471,False,,,2023-11-15,,,,,,,"{""market_momentum"": 0.031328838126691405, ""market_volatility"": 0.01042476077228603, ""momentum"": -0.10109813491371789, ""volatility"": 0.020802367622041167, ""volume_state"": 16.495977454751287}",assumed_next_daily_close,,expiry,0000014272,,0.031328838126691405,0.01042476077228603,-0.10109813491371789,,,,,,,b85d9858604b909390a9b494,False,,,,,,,,,,,,,,,,,,,,,,,,,,,,,,,,,,,,,,,,,,,,,,,,bounded_preclose_bid_ask,,,,False,not_requested_for_horizon_or_variant,,,no_standard_contract_within_rules,event,covered_call,,no_standard_contract_within_rules,,,False,,H25,2,BMY,,primary,0.020802367622041167,16.495977454751287,2023
,,,7cb593d7a77967dcd532f7e8,time_value,,,1,1,2023-11-15,2023-11-15,,,470,,,2023-11-16,471,False,,,2023-11-15,,,,,,,"{""market_momentum"": 0.031328838126691405, ""market_volatility"": 0.01042476077228603, ""momentum"": -0.10109813491371789, ""volatility"": 0.020802367622041167, ""volume_state"": 16.495977454751287}",assumed_next_daily_close,,expiry,0000014272,,0.031328838126691405,0.01042476077228603,-0.10109813491371789,,,,,,,b85d9858604b909390a9b494,False,,,,,,,,,,,,,,,,,,,,,,,,,,,,,,,,,,,,,,,,,,,,,,,,bounded_preclose_bid_ask,,,,False,not_requested_for_horizon_or_variant,,,no_standard_contract_within_rules,event,covered_call,,no_standard_contract_within_rules,,,True,,H25,2,BMY,,primary,0.020802367622041167,16.495977454751287,2023
,,,8065cbc5d13d4077504a8c72,time_value,,,1,1,2024-10-10,2024-10-10,,,696,,,2024-10-11,697,False,,,2024-10-10,,,,,,,"{""market_momentum"": 0.039158039031780945, ""market_volatility"": 0.006418619158109336, ""momentum"": 0.12231133795114846, ""volatility"": 0.014730542445152057, ""volume_state"": 16.563596118937483}",assumed_next_daily_close,,1,0000034088,,0.039158039031780945,0.006418619158109336,0.12231133795114846,,,,,,,dfa781e7b9a340a38c6f1268,False,,,,,,,,,,,,,,,,,,,,,,,,,,,,,,,,,,,,,,,,,,,,,,,,bounded_preclose_bid_ask,,,,False,not_requested_for_horizon_or_variant,,,no_standard_contract_within_rules,event,protective_put,,no_standard_contract_within_rules,,,False,,H25,2,XOM,,primary,0.014730542445152057,16.563596118937483,2024
,,,8065cbc5d13d4077504a8c72,time_value,,,1,1,2024-10-10,2024-10-10,,,696,,,2024-10-11,697,False,,,2024-10-10,,,,,,,"{""market_momentum"": 0.039158039031780945, ""market_volatility"": 0.006418619158109336, ""momentum"": 0.12231133795114846, ""volatility"": 0.014730542445152057, ""volume_state"": 16.563596118937483}",assumed_next_daily_close,,1,0000034088,,0.039158039031780945,0.006418619158109336,0.12231133795114846,,,,,,,dfa781e7b9a340a38c6f1268,False,,,,,,,,,,,,,,,,,,,,,,,,,,,,,,,,,,,,,,,,,,,,,,,,bounded_preclose_bid_ask,,,,False,not_requested_for_horizon_or_variant,,,no_standard_contract_within_rules,event,protective_put,,no_standard_contract_within_rules,,,True,,H25,2,XOM,,primary,0.014730542445152057,16.563596118937483,2024
,,,8065cbc5d13d4077504a8c72,time_value,,,1,1,2024-10-10,2024-10-10,,,696,,,2024-10-11,697,False,,,2024-10-10,,,,,,,"{""market_momentum"": 0.039158039031780945, ""market_volatility"": 0.006418619158109336, ""momentum"": 0.12231133795114846, ""volatility"": 0.014730542445152057, ""volume_state"": 16.563596118937483}",assumed_next_daily_close,,2,0000034088,,0.039158039031780945,0.006418619158109336,0.12231133795114846,,,,,,,dfa781e7b9a340a38c6f1268,False,,,,,,,,,,,,,,,,,,,,,,,,,,,,,,,,,,,,,,,,,,,,,,,,bounded_preclose_bid_ask,,,,False,not_requested_for_horizon_or_variant,,,no_standard_contract_within_rules,event,protective_put,,no_standard_contract_within_rules,,,False,,H25,2,XOM,,primary,0.014730542445152057,16.563596118937483,2024
,,,8065cbc5d13d4077504a8c72,time_value,,,1,1,2024-10-10,2024-10-10,,,696,,,2024-10-11,697,False,,,2024-10-10,,,,,,,"{""market_momentum"": 0.039158039031780945, ""market_volatility"": 0.006418619158109336, ""momentum"": 0.12231133795114846, ""volatility"": 0.014730542445152057, ""volume_state"": 16.563596118937483}",assumed_next_daily_close,,2,0000034088,,0.039158039031780945,0.006418619158109336,0.12231133795114846,,,,,,,dfa781e7b9a340a38c6f1268,False,,,,,,,,,,,,,,,,,,,,,,,,,,,,,,,,,,,,,,,,,,,,,,,,bounded_preclose_bid_ask,,,,False,not_requested_for_horizon_or_variant,,,no_standard_contract_within_rules,event,protective_put,,no_standard_contract_within_rules,,,True,,H25,2,XOM,,primary,0.014730542445152057,16.563596118937483,2024
,,,8065cbc5d13d4077504a8c72,time_value,,,1,1,2024-10-10,2024-10-10,,,696,,,2024-10-11,697,False,,,2024-10-10,,,,,,,"{""market_momentum"": 0.039158039031780945, ""market_volatility"": 0.006418619158109336, ""momentum"": 0.12231133795114846, ""volatility"": 0.014730542445152057, ""volume_state"": 16.563596118937483}",assumed_next_daily_close,,3,0000034088,,0.039158039031780945,0.006418619158109336,0.12231133795114846,,,,,,,dfa781e7b9a340a38c6f1268,False,,,,,,,,,,,,,,,,,,,,,,,,,,,,,,,,,,,,,,,,,,,,,,,,bounded_preclose_bid_ask,,,,False,not_requested_for_horizon_or_variant,,,no_standard_contract_within_rules,event,protective_put,,no_standard_contract_within_rules,,,False,,H25,2,XOM,,primary,0.014730542445152057,16.563596118937483,2024
,,,8065cbc5d13d4077504a8c72,time_value,,,1,1,2024-10-10,2024-10-10,,,696,,,2024-10-11,697,False,,,2024-10-10,,,,,,,"{""market_momentum"": 0.039158039031780945, ""market_volatility"": 0.006418619158109336, ""momentum"": 0.12231133795114846, ""volatility"": 0.014730542445152057, ""volume_state"": 16.563596118937483}",assumed_next_daily_close,,3,0000034088,,0.039158039031780945,0.006418619158109336,0.12231133795114846,,,,,,,dfa781e7b9a340a38c6f1268,False,,,,,,,,,,,,,,,,,,,,,,,,,,,,,,,,,,,,,,,,,,,,,,,,bounded_preclose_bid_ask,,,,False,not_requested_for_horizon_or_variant,,,no_standard_contract_within_rules,event,protective_put,,no_standard_contract_within_rules,,,True,,H25,2,XOM,,primary,0.014730542445152057,16.563596118937483,2024
,,,8065cbc5d13d4077504a8c72,time_value,,,1,1,2024-10-10,2024-10-10,,,696,,,2024-10-11,697,False,,,2024-10-10,,,,,,,"{""market_momentum"": 0.039158039031780945, ""market_volatility"": 0.006418619158109336, ""momentum"": 0.12231133795114846, ""volatility"": 0.014730542445152057, ""volume_state"": 16.563596118937483}",assumed_next_daily_close,,5,0000034088,,0.039158039031780945,0.006418619158109336,0.12231133795114846,,,,,,,dfa781e7b9a340a38c6f1268,False,,,,,,,,,,,,,,,,,,,,,,,,,,,,,,,,,,,,,,,,,,,,,,,,bounded_preclose_bid_ask,,,,False,not_requested_for_horizon_or_variant,,,no_standard_contract_within_rules,event,protective_put,,no_standard_contract_within_rules,,,False,,H25,2,XOM,,primary,0.014730542445152057,16.563596118937483,2024
,,,8065cbc5d13d4077504a8c72,time_value,,,1,1,2024-10-10,2024-10-10,,,696,,,2024-10-11,697,False,,,2024-10-10,,,,,,,"{""market_momentum"": 0.039158039031780945, ""market_volatility"": 0.006418619158109336, ""momentum"": 0.12231133795114846, ""volatility"": 0.014730542445152057, ""volume_state"": 16.563596118937483}",assumed_next_daily_close,,5,0000034088,,0.039158039031780945,0.006418619158109336,0.12231133795114846,,,,,,,dfa781e7b9a340a38c6f1268,False,,,,,,,,,,,,,,,,,,,,,,,,,,,,,,,,,,,,,,,,,,,,,,,,bounded_preclose_bid_ask,,,,False,not_requested_for_horizon_or_variant,,,no_standard_contract_within_rules,event,protective_put,,no_standard_contract_within_rules,,,True,,H25,2,XOM,,primary,0.014730542445152057,16.563596118937483,2024
,,,8065cbc5d13d4077504a8c72,time_value,,,1,1,2024-10-10,2024-10-10,,,696,,,2024-10-11,697,False,,,2024-10-10,,,,,,,"{""market_momentum"": 0.039158039031780945, ""market_volatility"": 0.006418619158109336, ""momentum"": 0.12231133795114846, ""volatility"": 0.014730542445152057, ""volume_state"": 16.563596118937483}",assumed_next_daily_close,,10,0000034088,,0.039158039031780945,0.006418619158109336,0.12231133795114846,,,,,,,dfa781e7b9a340a38c6f1268,False,,,,,,,,,,,,,,,,,,,,,,,,,,,,,,,,,,,,,,,,,,,,,,,,bounded_preclose_bid_ask,,,,False,not_sampled_or_missing_quotes,,,no_standard_contract_within_rules,event,protective_put,,no_standard_contract_within_rules,,,False,,H25,2,XOM,,primary,0.014730542445152057,16.563596118937483,2024
,,,8065cbc5d13d4077504a8c72,time_value,,,1,1,2024-10-10,2024-10-10,,,696,,,2024-10-11,697,False,,,2024-10-10,,,,,,,"{""market_momentum"": 0.039158039031780945, ""market_volatility"": 0.006418619158109336, ""momentum"": 0.12231133795114846, ""volatility"": 0.014730542445152057, ""volume_state"": 16.563596118937483}",assumed_next_daily_close,,10,0000034088,,0.039158039031780945,0.006418619158109336,0.12231133795114846,,,,,,,dfa781e7b9a340a38c6f1268,False,,,,,,,,,,,,,,,,,,,,,,,,,,,,,,,,,,,,,,,,,,,,,,,,bounded_preclose_bid_ask,,,,False,not_sampled_or_missing_quotes,,,no_standard_contract_within_rules,event,protective_put,,no_standard_contract_within_rules,,,True,,H25,2,XOM,,primary,0.014730542445152057,16.563596118937483,2024
,,,8065cbc5d13d4077504a8c72,time_value,,,1,1,2024-10-10,2024-10-10,,,696,,,2024-10-11,697,False,,,2024-10-10,,,,,,,"{""market_momentum"": 0.039158039031780945, ""market_volatility"": 0.006418619158109336, ""momentum"": 0.12231133795114846, ""volatility"": 0.014730542445152057, ""volume_state"": 16.563596118937483}",assumed_next_daily_close,,21,0000034088,,0.039158039031780945,0.006418619158109336,0.12231133795114846,,,,,,,dfa781e7b9a340a38c6f1268,False,,,,,,,,,,,,,,,,,,,,,,,,,,,,,,,,,,,,,,,,,,,,,,,,bounded_preclose_bid_ask,,,,False,not_requested_for_horizon_or_variant,,,no_standard_contract_within_rules,event,protective_put,,no_standard_contract_within_rules,,,False,,H25,2,XOM,,primary,0.014730542445152057,16.563596118937483,2024
,,,8065cbc5d13d4077504a8c72,time_value,,,1,1,2024-10-10,2024-10-10,,,696,,,2024-10-11,697,False,,,2024-10-10,,,,,,,"{""market_momentum"": 0.039158039031780945, ""market_volatility"": 0.006418619158109336, ""momentum"": 0.12231133795114846, ""volatility"": 0.014730542445152057, ""volume_state"": 16.563596118937483}",assumed_next_daily_close,,21,0000034088,,0.039158039031780945,0.006418619158109336,0.12231133795114846,,,,,,,dfa781e7b9a340a38c6f1268,False,,,,,,,,,,,,,,,,,,,,,,,,,,,,,,,,,,,,,,,,,,,,,,,,bounded_preclose_bid_ask,,,,False,not_requested_for_horizon_or_variant,,,no_standard_contract_within_rules,event,protective_put,,no_standard_contract_within_rules,,,True,,H25,2,XOM,,primary,0.014730542445152057,16.563596118937483,2024
,,,8065cbc5d13d4077504a8c72,time_value,,,1,1,2024-10-10,2024-10-10,,,696,,,2024-10-11,697,False,,,2024-10-10,,,,,,,"{""market_momentum"": 0.039158039031780945, ""market_volatility"": 0.006418619158109336, ""momentum"": 0.12231133795114846, ""volatility"": 0.014730542445152057, ""volume_state"": 16.563596118937483}",assumed_next_daily_close,,42,0000034088,,0.039158039031780945,0.006418619158109336,0.12231133795114846,,,,,,,dfa781e7b9a340a38c6f1268,False,,,,,,,,,,,,,,,,,,,,,,,,,,,,,,,,,,,,,,,,,,,,,,,,bounded_preclose_bid_ask,,,,False,not_requested_for_horizon_or_variant,,,no_standard_contract_within_rules,event,protective_put,,no_standard_contract_within_rules,,,False,,H25,2,XOM,,primary,0.014730542445152057,16.563596118937483,2024
,,,8065cbc5d13d4077504a8c72,time_value,,,1,1,2024-10-10,2024-10-10,,,696,,,2024-10-11,697,False,,,2024-10-10,,,,,,,"{""market_momentum"": 0.039158039031780945, ""market_volatility"": 0.006418619158109336, ""momentum"": 0.12231133795114846, ""volatility"": 0.014730542445152057, ""volume_state"": 16.563596118937483}",assumed_next_daily_close,,42,0000034088,,0.039158039031780945,0.006418619158109336,0.12231133795114846,,,,,,,dfa781e7b9a340a38c6f1268,False,,,,,,,,,,,,,,,,,,,,,,,,,,,,,,,,,,,,,,,,,,,,,,,,bounded_preclose_bid_ask,,,,False,not_requested_for_horizon_or_variant,,,no_standard_contract_within_rules,event,protective_put,,no_standard_contract_within_rules,,,True,,H25,2,XOM,,primary,0.014730542445152057,16.563596118937483,2024
,,,8065cbc5d13d4077504a8c72,time_value,,,1,1,2024-10-10,2024-10-10,,,696,,,2024-10-11,697,False,,,2024-10-10,,,,,,,"{""market_momentum"": 0.039158039031780945, ""market_volatility"": 0.006418619158109336, ""momentum"": 0.12231133795114846, ""volatility"": 0.014730542445152057, ""volume_state"": 16.563596118937483}",assumed_next_daily_close,,63,0000034088,,0.039158039031780945,0.006418619158109336,0.12231133795114846,,,,,,,dfa781e7b9a340a38c6f1268,False,,,,,,,,,,,,,,,,,,,,,,,,,,,,,,,,,,,,,,,,,,,,,,,,bounded_preclose_bid_ask,,,,False,not_requested_for_horizon_or_variant,,,no_standard_contract_within_rules,event,protective_put,,no_standard_contract_within_rules,,,False,,H25,2,XOM,,primary,0.014730542445152057,16.563596118937483,2024
,,,8065cbc5d13d4077504a8c72,time_value,,,1,1,2024-10-10,2024-10-10,,,696,,,2024-10-11,697,False,,,2024-10-10,,,,,,,"{""market_momentum"": 0.039158039031780945, ""market_volatility"": 0.006418619158109336, ""momentum"": 0.12231133795114846, ""volatility"": 0.014730542445152057, ""volume_state"": 16.563596118937483}",assumed_next_daily_close,,63,0000034088,,0.039158039031780945,0.006418619158109336,0.12231133795114846,,,,,,,dfa781e7b9a340a38c6f1268,False,,,,,,,,,,,,,,,,,,,,,,,,,,,,,,,,,,,,,,,,,,,,,,,,bounded_preclose_bid_ask,,,,False,not_requested_for_horizon_or_variant,,,no_standard_contract_within_rules,event,protective_put,,no_standard_contract_within_rules,,,True,,H25,2,XOM,,primary,0.014730542445152057,16.563596118937483,2024
,,,8065cbc5d13d4077504a8c72,time_value,,,1,1,2024-10-10,2024-10-10,,,696,,,2024-10-11,697,False,,,2024-10-10,,,,,,,"{""market_momentum"": 0.039158039031780945, ""market_volatility"": 0.006418619158109336, ""momentum"": 0.12231133795114846, ""volatility"": 0.014730542445152057, ""volume_state"": 16.563596118937483}",assumed_next_daily_close,,expiry,0000034088,,0.039158039031780945,0.006418619158109336,0.12231133795114846,,,,,,,dfa781e7b9a340a38c6f1268,False,,,,,,,,,,,,,,,,,,,,,,,,,,,,,,,,,,,,,,,,,,,,,,,,bounded_preclose_bid_ask,,,,False,not_requested_for_horizon_or_variant,,,no_standard_contract_within_rules,event,protective_put,,no_standard_contract_within_rules,,,False,,H25,2,XOM,,primary,0.014730542445152057,16.563596118937483,2024
,,,8065cbc5d13d4077504a8c72,time_value,,,1,1,2024-10-10,2024-10-10,,,696,,,2024-10-11,697,False,,,2024-10-10,,,,,,,"{""market_momentum"": 0.039158039031780945, ""market_volatility"": 0.006418619158109336, ""momentum"": 0.12231133795114846, ""volatility"": 0.014730542445152057, ""volume_state"": 16.563596118937483}",assumed_next_daily_close,,expiry,0000034088,,0.039158039031780945,0.006418619158109336,0.12231133795114846,,,,,,,dfa781e7b9a340a38c6f1268,False,,,,,,,,,,,,,,,,,,,,,,,,,,,,,,,,,,,,,,,,,,,,,,,,bounded_preclose_bid_ask,,,,False,not_requested_for_horizon_or_variant,,,no_standard_contract_within_rules,event,protective_put,,no_standard_contract_within_rules,,,True,,H25,2,XOM,,primary,0.014730542445152057,16.563596118937483,2024
0.050540461583406304,2024-08-15,657,8111cb189e2b184927f28061,time_value,9.969000000000001,O:KO241220P00065000,1,1,2024-08-13,2024-08-13,129,0.018989190768331873,655,0.0,0.0032638961796440766,2024-08-14,656,True,2024-08-15,657,2024-08-13,39,14328033.0,2024-08-15,scheduled_exit,657,2024-12-20,"{""market_momentum"": -0.03470874218652609, ""market_volatility"": 0.013362514442200286, ""momentum"": 0.0796404352625768, ""volatility"": 0.010748339054640028, ""volume_state"": 16.4517078696517}",assumed_next_daily_close,6858.0,1,0000021344,0,-0.03470874218652609,0.013362514442200286,0.0796404352625768,-22.383799999999077,-0.0032638961796440766,10.4148,1.13,1.04,-8.999999999999986,2500e73444a9467d6247df7d,True,0.0003769317753486619,2653,7.731796833553944e-06,12933604.2,,,,,,,,,,,,,,,,,,,,,,,,,,,,,,,,,,,,,,,,,,,,bounded_preclose_bid_ask,,,,False,not_requested_for_horizon_or_variant,,,,event,protective_put,100,completed,68.58,68.65,False,7.0000000000009095,H25,2,KO,20.3838,primary,0.010748339054640028,16.4517078696517,2024
0.050540461583406304,2024-08-15,657,8111cb189e2b184927f28061,time_value,4.119,O:KO241220P00065000,1,1,2024-08-13,2024-08-13,129,0.018989190768331873,655,0.0,0.0012000000000000417,2024-08-14,656,True,2024-08-15,657,2024-08-13,39,14328033.0,2024-08-15,scheduled_exit,657,2024-12-20,"{""market_momentum"": -0.03470874218652609, ""market_volatility"": 0.013362514442200286, ""momentum"": 0.0796404352625768, ""volatility"": 0.010748339054640028, ""volume_state"": 16.4517078696517}",assumed_next_daily_close,6858.0,1,0000021344,0,-0.03470874218652609,0.013362514442200286,0.0796404352625768,-1.23379999999909,-0.0001799066783317425,4.1148,1.13,0.0,-0.0,2500e73444a9467d6247df7d,True,0.0003769317753486619,2653,7.731796833553944e-06,12933604.2,,,,,,,,,,,,,,,,,,,,,,,,,,,,,,,,,,,,,,,,,,,,bounded_preclose_bid_ask,,,,False,not_requested_for_horizon_or_variant,,,,event,protective_put,100,completed,68.58,68.65,True,7.0000000000009095,H25,2,KO,8.233799999999999,primary,0.010748339054640028,16.4517078696517,2024
0.050540461583406304,2024-08-16,658,8111cb189e2b184927f28061,time_value,9.6508,O:KO241220P00065000,1,1,2024-08-13,2024-08-13,129,0.018989190768331873,655,0.0,0.0032638961796440146,2024-08-14,656,True,2024-08-16,658,2024-08-13,39,14328033.0,2024-08-16,scheduled_exit,658,2024-12-20,"{""market_momentum"": -0.03470874218652609, ""market_volatility"": 0.013362514442200286, ""momentum"": 0.0796404352625768, ""volatility"": 0.010748339054640028, ""volume_state"": 16.4517078696517}",assumed_next_daily_close,6858.0,2,0000021344,0,-0.03470874218652609,0.013362514442200286,0.0796404352625768,23.934400000000917,0.0034899970836980046,10.4148,1.13,0.97,-15.999999999999993,2500e73444a9467d6247df7d,True,0.0003769317753486619,2653,7.731796833553944e-06,12933604.2,,,,,,,,,,,,,,,,,,,,,,,,,,,,,,,,,,,,,,,,,,,,bounded_preclose_bid_ask,,,,False,not_requested_for_horizon_or_variant,,,,event,protective_put,100,completed,68.58,69.18,False,60.00000000000091,H25,2,KO,20.0656,primary,0.010748339054640028,16.4517078696517,2024
0.050540461583406304,2024-08-16,658,8111cb189e2b184927f28061,time_value,4.1508,O:KO241220P00065000,1,1,2024-08-13,2024-08-13,129,0.018989190768331873,655,0.0,0.0012000000000000417,2024-08-14,656,True,2024-08-16,658,2024-08-13,39,14328033.0,2024-08-16,scheduled_exit,658,2024-12-20,"{""market_momentum"": -0.03470874218652609, ""market_volatility"": 0.013362514442200286, ""momentum"": 0.0796404352625768, ""volatility"": 0.010748339054640028, ""volume_state"": 16.4517078696517}",assumed_next_daily_close,6858.0,2,0000021344,0,-0.03470874218652609,0.013362514442200286,0.0796404352625768,51.7344000000009,0.007543657042869773,4.1148,1.13,0.0,-0.0,2500e73444a9467d6247df7d,True,0.0003769317753486619,2653,7.731796833553944e-06,12933604.2,,,,,,,,,,,,,,,,,,,,,,,,,,,,,,,,,,,,,,,,,,,,bounded_preclose_bid_ask,,,,False,not_requested_for_horizon_or_variant,,,,event,protective_put,100,completed,68.58,69.18,True,60.00000000000091,H25,2,KO,8.2656,primary,0.010748339054640028,16.4517078696517,2024
0.050540461583406304,2024-08-19,659,8111cb189e2b184927f28061,time_value,9.1888,O:KO241220P00065000,1,1,2024-08-13,2024-08-13,129,0.018989190768331873,655,0.0,0.0032638961796440146,2024-08-14,656,True,2024-08-19,659,2024-08-13,39,14328033.0,2024-08-19,scheduled_exit,659,2024-12-20,"{""market_momentum"": -0.03470874218652609, ""market_volatility"": 0.013362514442200286, ""momentum"": 0.0796404352625768, ""volatility"": 0.010748339054640028, ""volume_state"": 16.4517078696517}",assumed_next_daily_close,6858.0,3,0000021344,0,-0.03470874218652609,0.013362514442200286,0.0796404352625768,-4.6035999999999895,-0.000671274424030328,10.4148,1.13,0.88,-24.99999999999999,2500e73444a9467d6247df7d,True,0.0003769317753486619,2653,7.731796833553944e-06,12933604.2,,,,,,,,,,,,,,,,,,,,,,,,,,,,,,,,,,,,,,,,,,,,bounded_preclose_bid_ask,,,,False,not_requested_for_horizon_or_variant,,,,event,protective_put,100,completed,68.58,68.98,False,40.0,H25,2,KO,19.6036,primary,0.010748339054640028,16.4517078696517,2024
0.050540461583406304,2024-08-19,659,8111cb189e2b184927f28061,time_value,4.1388,O:KO241220P00065000,1,1,2024-08-13,2024-08-13,129,0.018989190768331873,655,0.0,0.0012000000000000417,2024-08-14,656,True,2024-08-19,659,2024-08-13,39,14328033.0,2024-08-19,scheduled_exit,659,2024-12-20,"{""market_momentum"": -0.03470874218652609, ""market_volatility"": 0.013362514442200286, ""momentum"": 0.0796404352625768, ""volatility"": 0.010748339054640028, ""volume_state"": 16.4517078696517}",assumed_next_daily_close,6858.0,3,0000021344,0,-0.03470874218652609,0.013362514442200286,0.0796404352625768,31.746399999999998,0.0046291046952464275,4.1148,1.13,0.0,-0.0,2500e73444a9467d6247df7d,True,0.0003769317753486619,2653,7.731796833553944e-06,12933604.2,,,,,,,,,,,,,,,,,,,,,,,,,,,,,,,,,,,,,,,,,,,,bounded_preclose_bid_ask,,,,False,not_requested_for_horizon_or_variant,,,,event,protective_put,100,completed,68.58,68.98,True,40.0,H25,2,KO,8.253599999999999,primary,0.010748339054640028,16.4517078696517,2024
0.050540461583406304,2024-08-21,661,8111cb189e2b184927f28061,time_value,8.8242,O:KO241220P00065000,1,1,2024-08-13,2024-08-13,129,0.018989190768331873,655,0.0,0.0032638961796440146,2024-08-14,656,True,2024-08-21,661,2024-08-13,39,14328033.0,2024-08-21,scheduled_exit,661,2024-12-20,"{""market_momentum"": -0.03470874218652609, ""market_volatility"": 0.013362514442200286, ""momentum"": 0.0796404352625768, ""volatility"": 0.010748339054640028, ""volume_state"": 16.4517078696517}",assumed_next_daily_close,6858.0,5,0000021344,0,-0.03470874218652609,0.013362514442200286,0.0796404352625768,46.76099999999911,0.006818460192475811,10.4148,1.13,0.8,-32.999999999999986,2500e73444a9467d6247df7d,True,0.0003769317753486619,2653,7.731796833553944e-06,12933604.2,,,,,,,,,,,,,,,,,,,,,,,,,,,,,,,,,,,,,,,,,,,,bounded_preclose_bid_ask,,,,False,not_requested_for_horizon_or_variant,,,,event,protective_put,100,completed,68.58,69.57,False,98.99999999999909,H25,2,KO,19.238999999999997,primary,0.010748339054640028,16.4517078696517,2024
0.050540461583406304,2024-08-21,661,8111cb189e2b184927f28061,time_value,4.174199999999999,O:KO241220P00065000,1,1,2024-08-13,2024-08-13,129,0.018989190768331873,655,0.0,0.0012000000000000417,2024-08-14,656,True,2024-08-21,661,2024-08-13,39,14328033.0,2024-08-21,scheduled_exit,661,2024-12-20,"{""market_momentum"": -0.03470874218652609, ""market_volatility"": 0.013362514442200286, ""momentum"": 0.0796404352625768, ""volatility"": 0.010748339054640028, ""volume_state"": 16.4517078696517}",assumed_next_daily_close,6858.0,5,0000021344,0,-0.03470874218652609,0.013362514442200286,0.0796404352625768,90.71099999999909,0.013227034120734775,4.1148,1.13,0.0,-0.0,2500e73444a9467d6247df7d,True,0.0003769317753486619,2653,7.731796833553944e-06,12933604.2,,,,,,,,,,,,,,,,,,,,,,,,,,,,,,,,,,,,,,,,,,,,bounded_preclose_bid_ask,,,,False,not_requested_for_horizon_or_variant,,,,event,protective_put,100,completed,68.58,69.57,True,98.99999999999909,H25,2,KO,8.288999999999998,primary,0.010748339054640028,16.4517078696517,2024
0.050540461583406304,2024-08-28,666,8111cb189e2b184927f28061,time_value,7.805,O:KO241220P00065000,1,1,2024-08-13,2024-08-13,129,0.018989190768331873,655,0.0,0.0032638961796440146,2024-08-14,656,True,2024-08-28,666,2024-08-13,39,14328033.0,2024-08-28,scheduled_exit,666,2024-12-20,"{""market_momentum"": -0.03470874218652609, ""market_volatility"": 0.013362514442200286, ""momentum"": 0.0796404352625768, ""volatility"": 0.010748339054640028, ""volume_state"": 16.4517078696517}",assumed_next_daily_close,6858.0,10,0000021344,0,-0.03470874218652609,0.013362514442200286,0.0796404352625768,242.78019999999998,0.03540102070574511,10.4148,1.13,0.57,-55.99999999999999,2500e73444a9467d6247df7d,True,0.0003769317753486619,2653,7.731796833553944e-06,12933604.2,,2.704068864,1.26,10,1.22,48,0.03225806451612906,0.002130688,68.47,67200,68.46,21800,0.00014606003067268116,,,,,,,,,,,,,,,,,,,,,,,,,,,,,,,bounded_preclose_bid_ask,,,,False,entry_asynchronous_quotes,,,,event,protective_put,100,completed,68.58,71.75,False,317.0,H25,2,KO,18.2198,primary,0.010748339054640028,16.4517078696517,2024
0.050540461583406304,2024-08-28,666,8111cb189e2b184927f28061,time_value,4.305,O:KO241220P00065000,1,1,2024-08-13,2024-08-13,129,0.018989190768331873,655,0.0,0.0012000000000000417,2024-08-14,656,True,2024-08-28,666,2024-08-13,39,14328033.0,2024-08-28,scheduled_exit,666,2024-12-20,"{""market_momentum"": -0.03470874218652609, ""market_volatility"": 0.013362514442200286, ""momentum"": 0.0796404352625768, ""volatility"": 0.010748339054640028, ""volume_state"": 16.4517078696517}",assumed_next_daily_close,6858.0,10,0000021344,0,-0.03470874218652609,0.013362514442200286,0.0796404352625768,308.5802,0.044995654709827936,4.1148,1.13,0.0,-0.0,2500e73444a9467d6247df7d,True,0.0003769317753486619,2653,7.731796833553944e-06,12933604.2,,2.704068864,1.26,10,1.22,48,0.03225806451612906,0.002130688,68.47,67200,68.46,21800,0.00014606003067268116,,,,,,,,,,,,,,,,,,,,,,,,,,,,,,,bounded_preclose_bid_ask,,,,False,entry_asynchronous_quotes,,,,event,protective_put,100,completed,68.58,71.75,True,317.0,H25,2,KO,8.419799999999999,primary,0.010748339054640028,16.4517078696517,2024
0.050540461583406304,2024-09-13,677,8111cb189e2b184927f28061,time_value,7.534599999999999,O:KO241220P00065000,1,1,2024-08-13,2024-08-13,129,0.018989190768331873,655,48.5,0.0032638961796440146,2024-08-14,656,True,2024-09-13,677,2024-08-13,39,14328033.0,2024-09-13,scheduled_exit,677,2024-12-20,"{""market_momentum"": -0.03470874218652609, ""market_volatility"": 0.013362514442200286, ""momentum"": 0.0796404352625768, ""volatility"": 0.010748339054640028, ""volume_state"": 16.4517078696517}",assumed_next_daily_close,6858.0,21,0000021344,0,-0.03470874218652609,0.013362514442200286,0.0796404352625768,252.55059999999997,0.03682569262175561,10.4148,1.13,0.52,-60.999999999999986,2500e73444a9467d6247df7d,True,0.0003769317753486619,2653,7.731796833553944e-06,12933604.2,,,,,,,,,,,,,,,,,,,,,,,,,,,,,,,,,,,,,,,,,,,,bounded_preclose_bid_ask,,,,False,not_requested_for_horizon_or_variant,,,,event,protective_put,100,completed,68.58,71.41,False,283.0,H25,2,KO,17.949399999999997,primary,0.010748339054640028,16.4517078696517,2024
0.050540461583406304,2024-09-13,677,8111cb189e2b184927f28061,time_value,4.284599999999999,O:KO241220P00065000,1,1,2024-08-13,2024-08-13,129,0.018989190768331873,655,48.5,0.0012000000000000417,2024-08-14,656,True,2024-09-13,677,2024-08-13,39,14328033.0,2024-09-13,scheduled_exit,677,2024-12-20,"{""market_momentum"": -0.03470874218652609, ""market_volatility"": 0.013362514442200286, ""momentum"": 0.0796404352625768, ""volatility"": 0.010748339054640028, ""volume_state"": 16.4517078696517}",assumed_next_daily_close,6858.0,21,0000021344,0,-0.03470874218652609,0.013362514442200286,0.0796404352625768,323.1006,0.047112948381452316,4.1148,1.13,0.0,-0.0,2500e73444a9467d6247df7d,True,0.0003769317753486619,2653,7.731796833553944e-06,12933604.2,,,,,,,,,,,,,,,,,,,,,,,,,,,,,,,,,,,,,,,,,,,,bounded_preclose_bid_ask,,,,False,not_requested_for_horizon_or_variant,,,,event,protective_put,100,completed,68.58,71.41,True,283.0,H25,2,KO,8.3994,primary,0.010748339054640028,16.4517078696517,2024
0.050540461583406304,2024-10-14,698,8111cb189e2b184927f28061,time_value,7.2204,O:KO241220P00065000,1,1,2024-08-13,2024-08-13,129,0.018989190768331873,655,48.5,0.0032638961796440146,2024-08-14,656,True,2024-10-14,698,2024-08-13,39,14328033.0,2024-10-14,scheduled_exit,698,2024-12-20,"{""market_momentum"": -0.03470874218652609, ""market_volatility"": 0.013362514442200286, ""momentum"": 0.0796404352625768, ""volatility"": 0.010748339054640028, ""volume_state"": 16.4517078696517}",assumed_next_daily_close,6858.0,42,0000021344,0,-0.03470874218652609,0.013362514442200286,0.0796404352625768,140.86479999999997,0.020540215806357533,10.4148,1.13,0.47,-65.99999999999999,2500e73444a9467d6247df7d,True,0.0003769317753486619,2653,7.731796833553944e-06,12933604.2,,,,,,,,,,,,,,,,,,,,,,,,,,,,,,,,,,,,,,,,,,,,bounded_preclose_bid_ask,,,,False,not_requested_for_horizon_or_variant,,,,event,protective_put,100,completed,68.58,70.34,False,176.0,H25,2,KO,17.635199999999998,primary,0.010748339054640028,16.4517078696517,2024
0.050540461583406304,2024-10-14,698,8111cb189e2b184927f28061,time_value,4.2204,O:KO241220P00065000,1,1,2024-08-13,2024-08-13,129,0.018989190768331873,655,48.5,0.0012000000000000417,2024-08-14,656,True,2024-10-14,698,2024-08-13,39,14328033.0,2024-10-14,scheduled_exit,698,2024-12-20,"{""market_momentum"": -0.03470874218652609, ""market_volatility"": 0.013362514442200286, ""momentum"": 0.0796404352625768, ""volatility"": 0.010748339054640028, ""volume_state"": 16.4517078696517}",assumed_next_daily_close,6858.0,42,0000021344,0,-0.03470874218652609,0.013362514442200286,0.0796404352625768,216.16479999999999,0.03152009332166812,4.1148,1.13,0.0,-0.0,2500e73444a9467d6247df7d,True,0.0003769317753486619,2653,7.731796833553944e-06,12933604.2,,,,,,,,,,,,,,,,,,,,,,,,,,,,,,,,,,,,,,,,,,,,bounded_preclose_bid_ask,,,,False,not_requested_for_horizon_or_variant,,,,event,protective_put,100,completed,68.58,70.34,True,176.0,H25,2,KO,8.3352,primary,0.010748339054640028,16.4517078696517,2024
0.050540461583406304,2024-11-12,719,8111cb189e2b184927f28061,time_value,16.792,O:KO241220P00065000,1,1,2024-08-13,2024-08-13,129,0.018989190768331873,655,48.5,0.055804432779235934,2024-08-14,656,True,2024-11-12,719,2024-08-13,39,14328033.0,2024-11-12,scheduled_exit,719,2024-12-20,"{""market_momentum"": -0.03470874218652609, ""market_volatility"": 0.013362514442200286, ""momentum"": 0.0796404352625768, ""volatility"": 0.010748339054640028, ""volume_state"": 16.4517078696517}",assumed_next_daily_close,6858.0,63,0000021344,0,-0.03470874218652609,0.013362514442200286,0.0796404352625768,-382.70680000000004,-0.055804432779235934,10.4148,1.13,2.47,134.00000000000003,2500e73444a9467d6247df7d,True,0.0003769317753486619,2653,7.731796833553944e-06,12933604.2,,,,,,,,,,,,,,,,,,,,,,,,,,,,,,,,,,,,,,,,,,,,bounded_preclose_bid_ask,,,,False,not_requested_for_horizon_or_variant,,,,event,protective_put,100,completed,68.58,63.2,False,-538.0,H25,2,KO,27.2068,primary,0.010748339054640028,16.4517078696517,2024
0.050540461583406304,2024-11-12,719,8111cb189e2b184927f28061,time_value,3.792,O:KO241220P00065000,1,1,2024-08-13,2024-08-13,129,0.018989190768331873,655,48.5,0.0725294254884806,2024-08-14,656,True,2024-11-12,719,2024-08-13,39,14328033.0,2024-11-12,scheduled_exit,719,2024-12-20,"{""market_momentum"": -0.03470874218652609, ""market_volatility"": 0.013362514442200286, ""momentum"": 0.0796404352625768, ""volatility"": 0.010748339054640028, ""volume_state"": 16.4517078696517}",assumed_next_daily_close,6858.0,63,0000021344,0,-0.03470874218652609,0.013362514442200286,0.0796404352625768,-497.4068,-0.0725294254884806,4.1148,1.13,0.0,-0.0,2500e73444a9467d6247df7d,True,0.0003769317753486619,2653,7.731796833553944e-06,12933604.2,,,,,,,,,,,,,,,,,,,,,,,,,,,,,,,,,,,,,,,,,,,,bounded_preclose_bid_ask,,,,False,not_requested_for_horizon_or_variant,,,,event,protective_put,100,completed,68.58,63.2,True,-538.0,H25,2,KO,7.9068,primary,0.010748339054640028,16.4517078696517,2024
0.050540461583406304,2024-12-20,746,8111cb189e2b184927f28061,time_value,4.55,O:KO241220P00065000,1,1,2024-08-13,2024-08-13,129,0.018989190768331873,655,97.0,0.0624324584426946,2024-08-14,656,True,2024-12-20,746,2024-08-13,39,14328033.0,2024-12-20,modelled_physical_expiry,746,2024-12-20,"{""market_momentum"": -0.03470874218652609, ""market_volatility"": 0.013362514442200286, ""momentum"": 0.0796404352625768, ""volatility"": 0.010748339054640028, ""volume_state"": 16.4517078696517}",assumed_next_daily_close,6858.0,expiry,0000021344,0,-0.03470874218652609,0.013362514442200286,0.0796404352625768,-388.9648,-0.056716943715368916,10.4148,1.13,0.0,-112.99999999999999,2500e73444a9467d6247df7d,True,0.0003769317753486619,2653,7.731796833553944e-06,12933604.2,,,,,,,,,,,,,,,,,,,,,,,,,,,,,,,,,,,,,,,,,,,,bounded_preclose_bid_ask,,,,False,not_requested_for_horizon_or_variant,,,,event,protective_put,100,completed,68.58,65.0,False,-358.0,H25,2,KO,14.9648,primary,0.010748339054640028,16.4517078696517,2024
0.050540461583406304,2024-12-20,746,8111cb189e2b184927f28061,time_value,3.7529999999999997,O:KO241220P00065000,1,1,2024-08-13,2024-08-13,129,0.018989190768331873,655,97.0,0.0938056576261301,2024-08-14,656,True,2024-12-20,746,2024-08-13,39,14328033.0,2024-12-20,scheduled_exit,746,2024-12-20,"{""market_momentum"": -0.03470874218652609, ""market_volatility"": 0.013362514442200286, ""momentum"": 0.0796404352625768, ""volatility"": 0.010748339054640028, ""volume_state"": 16.4517078696517}",assumed_next_daily_close,6858.0,expiry,0000021344,0,-0.03470874218652609,0.013362514442200286,0.0796404352625768,-513.8678,-0.0749296879556722,4.1148,1.13,0.0,-0.0,2500e73444a9467d6247df7d,True,0.0003769317753486619,2653,7.731796833553944e-06,12933604.2,,,,,,,,,,,,,,,,,,,,,,,,,,,,,,,,,,,,,,,,,,,,bounded_preclose_bid_ask,,,,False,not_requested_for_horizon_or_variant,,,,event,protective_put,100,completed,68.58,62.55,True,-603.0,H25,2,KO,7.867799999999999,primary,0.010748339054640028,16.4517078696517,2024
0.04984050500020176,2024-02-15,532,841de7807497893238ad6885,time_value,276.3668,O:LLY240621C00780000,1,1,2024-02-13,2024-02-13,129,0.04845417715385547,530,0.0,0.007430317835496684,2024-02-14,531,True,2024-02-15,532,2024-02-13,67,3394326.0,2024-02-15,scheduled_exit,532,2024-06-21,"{""market_momentum"": 0.036502475455231886, ""market_volatility"": 0.007717209157749397, ""momentum"": 0.15561811733963804, ""volatility"": 0.01704629080072937, ""volume_state"": 15.05483388988355}",assumed_next_daily_close,75731.0,1,0000059478,0,0.036502475455231886,0.007717209157749397,0.15561811733963804,-562.7053999999994,-0.007430317835496684,273.3386,45.45,46.05,-59.99999999999943,9afe3a06aed4a8a54dba801f,True,0.0033112582781456954,302,2.0491004633384985e-05,4880190.2,,,,,,,,,,,,,,,,,,,,,,,,,,,,,,,,,,,,,,,,,,,,bounded_preclose_bid_ask,,,,False,not_requested_for_horizon_or_variant,,,,event,covered_call,100,completed,757.31,757.78,False,47.0,H25,2,LLY,549.7054,primary,0.01704629080072937,15.05483388988355,2024
0.04984050500020176,2024-02-15,532,841de7807497893238ad6885,time_value,45.4668,O:LLY240621C00780000,1,1,2024-02-13,2024-02-13,129,0.04845417715385547,530,0.0,0.0011999999999999212,2024-02-14,531,True,2024-02-15,532,2024-02-13,67,3394326.0,2024-02-15,scheduled_exit,532,2024-06-21,"{""market_momentum"": 0.036502475455231886, ""market_volatility"": 0.007717209157749397, ""momentum"": 0.15561811733963804, ""volatility"": 0.01704629080072937, ""volume_state"": 15.05483388988355}",assumed_next_daily_close,75731.0,1,0000059478,0,0.036502475455231886,0.007717209157749397,0.15561811733963804,-43.90539999999999,-0.0005797546579340032,45.438599999999994,45.45,0.0,-0.0,9afe3a06aed4a8a54dba801f,True,0.0033112582781456954,302,2.0491004633384985e-05,4880190.2,,,,,,,,,,,,,,,,,,,,,,,,,,,,,,,,,,,,,,,,,,,,bounded_preclose_bid_ask,,,,False,not_requested_for_horizon_or_variant,,,,event,covered_call,100,completed,757.31,757.78,True,47.0,H25,2,LLY,90.90539999999999,primary,0.01704629080072937,15.05483388988355,2024
0.04984050500020176,2024-02-16,533,841de7807497893238ad6885,time_value,360.32359999999994,O:LLY240621C00780000,1,1,2024-02-13,2024-02-13,129,0.04845417715385547,530,0.0,0.007430317835496729,2024-02-14,531,True,2024-02-16,533,2024-02-13,67,3394326.0,2024-02-16,scheduled_exit,533,2024-06-21,"{""market_momentum"": 0.036502475455231886, ""market_volatility"": 0.007717209157749397, ""momentum"": 0.15561811733963804, ""volatility"": 0.01704629080072937, ""volume_state"": 15.05483388988355}",assumed_next_daily_close,75731.0,2,0000059478,0,0.036502475455231886,0.007717209157749397,0.15561811733963804,131.33780000000053,0.001734267340983224,273.3386,45.45,62.55,-1709.9999999999995,9afe3a06aed4a8a54dba801f,True,0.0033112582781456954,302,2.0491004633384985e-05,4880190.2,,,,,,,,,,,,,,,,,,,,,,,,,,,,,,,,,,,,,,,,,,,,bounded_preclose_bid_ask,,,,False,not_requested_for_horizon_or_variant,,,,event,covered_call,100,completed,757.31,782.06,False,2475.0,H25,2,LLY,633.6622,primary,0.01704629080072937,15.05483388988355,2024
0.04984050500020176,2024-02-16,533,841de7807497893238ad6885,time_value,46.92359999999999,O:LLY240621C00780000,1,1,2024-02-13,2024-02-13,129,0.04845417715385547,530,0.0,0.0011999999999999212,2024-02-14,531,True,2024-02-16,533,2024-02-13,67,3394326.0,2024-02-16,scheduled_exit,533,2024-06-21,"{""market_momentum"": 0.036502475455231886, ""market_volatility"": 0.007717209157749397, ""momentum"": 0.15561811733963804, ""volatility"": 0.01704629080072937, ""volume_state"": 15.05483388988355}",assumed_next_daily_close,75731.0,2,0000059478,0,0.036502475455231886,0.007717209157749397,0.15561811733963804,2382.6378,0.03146185577900727,45.438599999999994,45.45,0.0,-0.0,9afe3a06aed4a8a54dba801f,True,0.0033112582781456954,302,2.0491004633384985e-05,4880190.2,,,,,,,,,,,,,,,,,,,,,,,,,,,,,,,,,,,,,,,,,,,,bounded_preclose_bid_ask,,,,False,not_requested_for_horizon_or_variant,,,,event,covered_call,100,completed,757.31,782.06,True,2475.0,H25,2,LLY,92.36219999999999,primary,0.01704629080072937,15.05483388988355,2024
0.04984050500020176,2024-02-20,534,841de7807497893238ad6885,time_value,279.2396,O:LLY240621C00780000,1,1,2024-02-13,2024-02-13,129,0.04845417715385547,530,0.0,0.011059912057149643,2024-02-14,531,True,2024-02-20,534,2024-02-13,67,3394326.0,2024-02-20,scheduled_exit,534,2024-06-21,"{""market_momentum"": 0.036502475455231886, ""market_volatility"": 0.007717209157749397, ""momentum"": 0.15561811733963804, ""volatility"": 0.01704629080072937, ""volume_state"": 15.05483388988355}",assumed_next_daily_close,75731.0,3,0000059478,0,0.036502475455231886,0.007717209157749397,0.15561811733963804,-837.5781999999996,-0.011059912057149643,273.3386,45.45,46.65,-119.99999999999957,9afe3a06aed4a8a54dba801f,True,0.0033112582781456954,302,2.0491004633384985e-05,4880190.2,,,,,,,,,,,,,,,,,,,,,,,,,,,,,,,,,,,,,,,,,,,,bounded_preclose_bid_ask,,,,False,not_requested_for_horizon_or_variant,,,,event,covered_call,100,completed,757.31,755.66,False,-165.0,H25,2,LLY,552.5781999999999,primary,0.01704629080072937,15.05483388988355,2024
0.04984050500020176,2024-02-20,534,841de7807497893238ad6885,time_value,45.3396,O:LLY240621C00780000,1,1,2024-02-13,2024-02-13,129,0.04845417715385547,530,0.0,0.0033774570519338183,2024-02-14,531,True,2024-02-20,534,2024-02-13,67,3394326.0,2024-02-20,scheduled_exit,534,2024-06-21,"{""market_momentum"": 0.036502475455231886, ""market_volatility"": 0.007717209157749397, ""momentum"": 0.15561811733963804, ""volatility"": 0.01704629080072937, ""volume_state"": 15.05483388988355}",assumed_next_daily_close,75731.0,3,0000059478,0,0.036502475455231886,0.007717209157749397,0.15561811733963804,-255.7782,-0.0033774570519338183,45.438599999999994,45.45,0.0,-0.0,9afe3a06aed4a8a54dba801f,True,0.0033112582781456954,302,2.0491004633384985e-05,4880190.2,,,,,,,,,,,,,,,,,,,,,,,,,,,,,,,,,,,,,,,,,,,,bounded_preclose_bid_ask,,,,False,not_requested_for_horizon_or_variant,,,,event,covered_call,100,completed,757.31,755.66,True,-165.0,H25,2,LLY,90.7782,primary,0.01704629080072937,15.05483388988355,2024
0.04984050500020176,2024-02-22,536,841de7807497893238ad6885,time_value,316.3284,O:LLY240621C00780000,1,1,2024-02-13,2024-02-13,129,0.04845417715385547,530,0.0,0.011794947907726068,2024-02-14,531,True,2024-02-22,536,2024-02-13,67,3394326.0,2024-02-22,scheduled_exit,536,2024-06-21,"{""market_momentum"": 0.036502475455231886, ""market_volatility"": 0.007717209157749397, ""momentum"": 0.15561811733963804, ""volatility"": 0.01704629080072937, ""volume_state"": 15.05483388988355}",assumed_next_daily_close,75731.0,5,0000059478,0,0.036502475455231886,0.007717209157749397,0.15561811733963804,-201.66699999999952,-0.002662938558846437,273.3386,45.45,53.9,-844.9999999999995,9afe3a06aed4a8a54dba801f,True,0.0033112582781456954,302,2.0491004633384985e-05,4880190.2,,,,,,,,,,,,,,,,,,,,,,,,,,,,,,,,,,,,,,,,,,,,bounded_preclose_bid_ask,,,,False,not_requested_for_horizon_or_variant,,,,event,covered_call,100,completed,757.31,769.64,False,1233.0,H25,2,LLY,589.6669999999999,primary,0.01704629080072937,15.05483388988355,2024
0.04984050500020176,2024-02-22,536,841de7807497893238ad6885,time_value,46.178399999999996,O:LLY240621C00780000,1,1,2024-02-13,2024-02-13,129,0.04845417715385547,530,0.0,0.016244248722451757,2024-02-14,531,True,2024-02-22,536,2024-02-13,67,3394326.0,2024-02-22,scheduled_exit,536,2024-06-21,"{""market_momentum"": 0.036502475455231886, ""market_volatility"": 0.007717209157749397, ""momentum"": 0.15561811733963804, ""volatility"": 0.01704629080072937, ""volume_state"": 15.05483388988355}",assumed_next_daily_close,75731.0,5,0000059478,0,0.036502475455231886,0.007717209157749397,0.15561811733963804,1141.383,0.015071542697178171,45.438599999999994,45.45,0.0,-0.0,9afe3a06aed4a8a54dba801f,True,0.0033112582781456954,302,2.0491004633384985e-05,4880190.2,,,,,,,,,,,,,,,,,,,,,,,,,,,,,,,,,,,,,,,,,,,,bounded_preclose_bid_ask,,,,False,not_requested_for_horizon_or_variant,,,,event,covered_call,100,completed,757.31,769.64,True,1233.0,H25,2,LLY,91.61699999999999,primary,0.01704629080072937,15.05483388988355,2024
0.04984050500020176,2024-02-29,541,841de7807497893238ad6885,time_value,249.72080000000003,O:LLY240621C00780000,1,1,2024-02-13,2024-02-13,129,0.04845417715385547,530,0.0,0.011794947907726068,2024-02-14,531,True,2024-02-29,541,2024-02-13,67,3394326.0,2024-02-29,scheduled_exit,541,2024-06-21,"{""market_momentum"": 0.036502475455231886, ""market_volatility"": 0.007717209157749397, ""momentum"": 0.15561811733963804, ""volatility"": 0.01704629080072937, ""volume_state"": 15.05483388988355}",assumed_next_daily_close,75731.0,10,0000059478,0,0.036502475455231886,0.007717209157749397,0.15561811733963804,-418.0594,-0.005520320608469451,273.3386,45.45,40.77,468.0,9afe3a06aed4a8a54dba801f,True,0.0033112582781456954,302,2.0491004633384985e-05,4880190.2,,,,,,,,,,,,,,,,,,,,,,,,,,,,,,,,,,,,,,,,,,,,bounded_preclose_bid_ask,,,,False,decision_asynchronous_quotes,,,,event,covered_call,100,completed,757.31,753.68,False,-363.0,H25,2,LLY,523.0594,primary,0.01704629080072937,15.05483388988355,2024
0.04984050500020176,2024-02-29,541,841de7807497893238ad6885,time_value,45.2208,O:LLY240621C00780000,1,1,2024-02-13,2024-02-13,129,0.04845417715385547,530,0.0,0.016244248722451757,2024-02-14,531,True,2024-02-29,541,2024-02-13,67,3394326.0,2024-02-29,scheduled_exit,541,2024-06-21,"{""market_momentum"": 0.036502475455231886, ""market_volatility"": 0.007717209157749397, ""momentum"": 0.15561811733963804, ""volatility"": 0.01704629080072937, ""volume_state"": 15.05483388988355}",assumed_next_daily_close,75731.0,10,0000059478,0,0.036502475455231886,0.007717209157749397,0.15561811733963804,-453.6594,-0.0059904055142544,45.438599999999994,45.45,0.0,-0.0,9afe3a06aed4a8a54dba801f,True,0.0033112582781456954,302,2.0491004633384985e-05,4880190.2,,,,,,,,,,,,,,,,,,,,,,,,,,,,,,,,,,,,,,,,,,,,bounded_preclose_bid_ask,,,,False,decision_asynchronous_quotes,,,,event,covered_call,100,completed,757.31,753.68,True,-363.0,H25,2,LLY,90.65939999999999,primary,0.01704629080072937,15.05483388988355,2024
0.04984050500020176,2024-03-18,553,841de7807497893238ad6885,time_value,276.4096,O:LLY240621C00780000,1,1,2024-02-13,2024-02-13,129,0.04845417715385547,530,0.0,0.023017004925327843,2024-02-14,531,False,2024-03-15,552,2024-02-13,67,3394326.0,2024-03-18,scheduled_exit,553,2024-06-21,"{""market_momentum"": 0.036502475455231886, ""market_volatility"": 0.007717209157749397, ""momentum"": 0.15561811733963804, ""volatility"": 0.01704629080072937, ""volume_state"": 15.05483388988355}",assumed_next_daily_close,75731.0,21,0000059478,0,0.036502475455231886,0.007717209157749397,0.15561811733963804,-69.74819999999971,-0.0009209993265637548,273.3386,45.45,46,-54.999999999999716,9afe3a06aed4a8a54dba801f,True,0.0033112582781456954,302,2.0491004633384985e-05,4880190.2,,,,,,,,,,,,,,,,,,,,,,,,,,,,,,,,,,,,,,,,,,,,bounded_preclose_bid_ask,,,,False,not_requested_for_horizon_or_variant,,,,event,covered_call,100,completed,757.31,762.66,False,535.0,H25,2,LLY,549.7482,primary,0.01704629080072937,15.05483388988355,2024
0.04984050500020176,2024-03-15,552,841de7807497893238ad6885,time_value,45.2502,O:LLY240621C00780000,1,1,2024-02-13,2024-02-13,129,0.04845417715385547,530,0.0,0.03147325137658282,2024-02-14,531,True,2024-03-15,552,2024-02-13,67,3394326.0,2024-03-15,scheduled_exit,552,2024-06-21,"{""market_momentum"": 0.036502475455231886, ""market_volatility"": 0.007717209157749397, ""momentum"": 0.15561811733963804, ""volatility"": 0.01704629080072937, ""volume_state"": 15.05483388988355}",assumed_next_daily_close,75731.0,21,0000059478,0,0.036502475455231886,0.007717209157749397,0.15561811733963804,-404.6888,-0.0053437667533770845,45.438599999999994,45.45,0.0,-0.0,9afe3a06aed4a8a54dba801f,True,0.0033112582781456954,302,2.0491004633384985e-05,4880190.2,,,,,,,,,,,,,,,,,,,,,,,,,,,,,,,,,,,,,,,,,,,,bounded_preclose_bid_ask,,,,False,not_requested_for_horizon_or_variant,,,,event,covered_call,100,completed,757.31,754.17,True,-314.0,H25,2,LLY,90.68879999999999,primary,0.01704629080072937,15.05483388988355,2024
0.04984050500020176,2024-04-16,573,841de7807497893238ad6885,time_value,191.4544,O:LLY240621C00780000,1,1,2024-02-13,2024-02-13,129,0.04845417715385547,530,0.0,0.023017004925327843,2024-02-14,531,True,2024-04-16,573,2024-02-13,67,3394326.0,2024-04-16,scheduled_exit,573,2024-06-21,"{""market_momentum"": 0.036502475455231886, ""market_volatility"": 0.007717209157749397, ""momentum"": 0.15561811733963804, ""volatility"": 0.01704629080072937, ""volume_state"": 15.05483388988355}",assumed_next_daily_close,75731.0,42,0000059478,0,0.036502475455231886,0.007717209157749397,0.15561811733963804,103.20700000000048,0.0013628104739142554,273.3386,45.45,29.2,1625.0000000000005,9afe3a06aed4a8a54dba801f,True,0.0033112582781456954,302,2.0491004633384985e-05,4880190.2,,,,,,,,,,,,,,,,,,,,,,,,,,,,,,,,,,,,,,,,,,,,bounded_preclose_bid_ask,,,,False,not_requested_for_horizon_or_variant,,,,event,covered_call,100,completed,757.31,746.74,False,-1057.0,H25,2,LLY,464.793,primary,0.01704629080072937,15.05483388988355,2024
0.04984050500020176,2024-04-16,573,841de7807497893238ad6885,time_value,44.804399999999994,O:LLY240621C00780000,1,1,2024-02-13,2024-02-13,129,0.04845417715385547,530,0.0,0.03147325137658282,2024-02-14,531,True,2024-04-16,573,2024-02-13,67,3394326.0,2024-04-16,scheduled_exit,573,2024-06-21,"{""market_momentum"": 0.036502475455231886, ""market_volatility"": 0.007717209157749397, ""momentum"": 0.15561811733963804, ""volatility"": 0.01704629080072937, ""volume_state"": 15.05483388988355}",assumed_next_daily_close,75731.0,42,0000059478,0,0.036502475455231886,0.007717209157749397,0.15561811733963804,-1147.243,-0.015148921841782096,45.438599999999994,45.45,0.0,-0.0,9afe3a06aed4a8a54dba801f,True,0.0033112582781456954,302,2.0491004633384985e-05,4880190.2,,,,,,,,,,,,,,,,,,,,,,,,,,,,,,,,,,,,,,,,,,,,bounded_preclose_bid_ask,,,,False,not_requested_for_horizon_or_variant,,,,event,covered_call,100,completed,757.31,746.74,True,-1057.0,H25,2,LLY,90.243,primary,0.01704629080072937,15.05483388988355,2024
0.04984050500020176,2024-05-15,594,841de7807497893238ad6885,time_value,202.8712,O:LLY240621C00780000,1,1,2024-02-13,2024-02-13,129,0.04845417715385547,530,130.0,0.023017004925327843,2024-02-14,531,True,2024-05-15,594,2024-02-13,67,3394326.0,2024-05-15,scheduled_exit,594,2024-06-21,"{""market_momentum"": 0.036502475455231886, ""market_volatility"": 0.007717209157749397, ""momentum"": 0.15561811733963804, ""volatility"": 0.01704629080072937, ""volume_state"": 15.05483388988355}",assumed_next_daily_close,75731.0,63,0000059478,0,0.036502475455231886,0.007717209157749397,0.15561811733963804,4069.7902,0.053740082660997474,273.3386,45.45,31,1445.0000000000002,9afe3a06aed4a8a54dba801f,True,0.0033112582781456954,302,2.0491004633384985e-05,4880190.2,,,,,,,,,,,,,,,,,,,,,,,,,,,,,,,,,,,,,,,,,,,,bounded_preclose_bid_ask,,,,False,not_requested_for_horizon_or_variant,,,,event,covered_call,100,completed,757.31,787.02,False,2971.0,H25,2,LLY,476.2098,primary,0.01704629080072937,15.05483388988355,2024
0.04984050500020176,2024-05-15,594,841de7807497893238ad6885,time_value,47.221199999999996,O:LLY240621C00780000,1,1,2024-02-13,2024-02-13,129,0.04845417715385547,530,130.0,0.04401012531195936,2024-02-14,531,True,2024-05-15,594,2024-02-13,67,3394326.0,2024-05-15,scheduled_exit,594,2024-06-21,"{""market_momentum"": 0.036502475455231886, ""market_volatility"": 0.007717209157749397, ""momentum"": 0.15561811733963804, ""volatility"": 0.01704629080072937, ""volume_state"": 15.05483388988355}",assumed_next_daily_close,75731.0,63,0000059478,0,0.036502475455231886,0.007717209157749397,0.15561811733963804,3008.3402,0.039724025828260554,45.438599999999994,45.45,0.0,-0.0,9afe3a06aed4a8a54dba801f,True,0.0033112582781456954,302,2.0491004633384985e-05,4880190.2,,,,,,,,,,,,,,,,,,,,,,,,,,,,,,,,,,,,,,,,,,,,bounded_preclose_bid_ask,,,,False,not_requested_for_horizon_or_variant,,,,event,covered_call,100,completed,757.31,787.02,True,2971.0,H25,2,LLY,92.65979999999999,primary,0.01704629080072937,15.05483388988355,2024
0.04984050500020176,2024-06-21,619,841de7807497893238ad6885,time_value,47.449999999999996,O:LLY240621C00780000,1,1,2024-02-13,2024-02-13,129,0.04845417715385547,530,130.0,0.023017004925327843,2024-02-14,531,True,2024-06-21,619,2024-02-13,67,3394326.0,2024-06-21,modelled_physical_expiry,619,2024-06-21,"{""market_momentum"": 0.036502475455231886, ""market_volatility"": 0.007717209157749397, ""momentum"": 0.15561811733963804, ""volatility"": 0.01704629080072937, ""volume_state"": 15.05483388988355}",assumed_next_daily_close,75731.0,expiry,0000059478,0,0.036502475455231886,0.007717209157749397,0.15561811733963804,6623.2114,0.08745707042030344,273.3386,45.45,0.0,4545.0,9afe3a06aed4a8a54dba801f,True,0.0033112582781456954,302,2.0491004633384985e-05,4880190.2,,,,,,,,,,,,,,,,,,,,,,,,,,,,,,,,,,,,,,,,,,,,bounded_preclose_bid_ask,,,,False,not_requested_for_horizon_or_variant,,,,event,covered_call,100,completed,757.31,780.0,False,2269.0,H25,2,LLY,320.7886,primary,0.01704629080072937,15.05483388988355,2024
0.04984050500020176,2024-06-21,619,841de7807497893238ad6885,time_value,53.032799999999995,O:LLY240621C00780000,1,1,2024-02-13,2024-02-13,129,0.04845417715385547,530,130.0,0.04401012531195936,2024-02-14,531,True,2024-06-21,619,2024-02-13,67,3394326.0,2024-06-21,scheduled_exit,619,2024-06-21,"{""market_momentum"": 0.036502475455231886, ""market_volatility"": 0.007717209157749397, ""momentum"": 0.15561811733963804, ""volatility"": 0.01704629080072937, ""volume_state"": 15.05483388988355}",assumed_next_daily_close,75731.0,expiry,0000059478,0,0.036502475455231886,0.007717209157749397,0.15561811733963804,12688.5286,0.1675473531314785,45.438599999999994,45.45,0.0,-0.0,9afe3a06aed4a8a54dba801f,True,0.0033112582781456954,302,2.0491004633384985e-05,4880190.2,,,,,,,,,,,,,,,,,,,,,,,,,,,,,,,,,,,,,,,,,,,,bounded_preclose_bid_ask,,,,False,not_requested_for_horizon_or_variant,,,,event,covered_call,100,completed,757.31,883.88,True,12657.0,H25,2,LLY,98.47139999999999,primary,0.01704629080072937,15.05483388988355,2024
,,,84d57babe059d6cdfc0358fd,time_value,,,1,1,2024-10-09,2024-10-09,,,695,,,2024-10-10,696,False,,,2025-05-19,,,,,,,"{""market_momentum"": 0.05165910457552081, ""market_volatility"": 0.006787086098060769, ""momentum"": 0.18562963849652858, ""volatility"": 0.01974394352778154, ""volume_state"": 14.745583928547749}",assumed_next_daily_close,,1,0000018230,,0.05165910457552081,0.006787086098060769,0.18562963849652858,,,,,,,7e06841522c9c157c9e4a51d,False,,,,,,,,,,,,,,,,,,,,,,,,,,,,,,,,,,,,,,,,,,,,,,,,bounded_preclose_bid_ask,,,,False,not_requested_for_horizon_or_variant,,,no_standard_contract_within_rules,ordinary,covered_call,,no_standard_contract_within_rules,,,False,,H25,2,CAT,,primary,0.01974394352778154,14.745583928547749,2024
,,,84d57babe059d6cdfc0358fd,time_value,,,1,1,2024-10-09,2024-10-09,,,695,,,2024-10-10,696,False,,,2025-05-19,,,,,,,"{""market_momentum"": 0.05165910457552081, ""market_volatility"": 0.006787086098060769, ""momentum"": 0.18562963849652858, ""volatility"": 0.01974394352778154, ""volume_state"": 14.745583928547749}",assumed_next_daily_close,,1,0000018230,,0.05165910457552081,0.006787086098060769,0.18562963849652858,,,,,,,7e06841522c9c157c9e4a51d,False,,,,,,,,,,,,,,,,,,,,,,,,,,,,,,,,,,,,,,,,,,,,,,,,bounded_preclose_bid_ask,,,,False,not_requested_for_horizon_or_variant,,,no_standard_contract_within_rules,ordinary,covered_call,,no_standard_contract_within_rules,,,True,,H25,2,CAT,,primary,0.01974394352778154,14.745583928547749,2024
,,,84d57babe059d6cdfc0358fd,time_value,,,1,1,2024-10-09,2024-10-09,,,695,,,2024-10-10,696,False,,,2025-05-19,,,,,,,"{""market_momentum"": 0.05165910457552081, ""market_volatility"": 0.006787086098060769, ""momentum"": 0.18562963849652858, ""volatility"": 0.01974394352778154, ""volume_state"": 14.745583928547749}",assumed_next_daily_close,,2,0000018230,,0.05165910457552081,0.006787086098060769,0.18562963849652858,,,,,,,7e06841522c9c157c9e4a51d,False,,,,,,,,,,,,,,,,,,,,,,,,,,,,,,,,,,,,,,,,,,,,,,,,bounded_preclose_bid_ask,,,,False,not_requested_for_horizon_or_variant,,,no_standard_contract_within_rules,ordinary,covered_call,,no_standard_contract_within_rules,,,False,,H25,2,CAT,,primary,0.01974394352778154,14.745583928547749,2024
,,,84d57babe059d6cdfc0358fd,time_value,,,1,1,2024-10-09,2024-10-09,,,695,,,2024-10-10,696,False,,,2025-05-19,,,,,,,"{""market_momentum"": 0.05165910457552081, ""market_volatility"": 0.006787086098060769, ""momentum"": 0.18562963849652858, ""volatility"": 0.01974394352778154, ""volume_state"": 14.745583928547749}",assumed_next_daily_close,,2,0000018230,,0.05165910457552081,0.006787086098060769,0.18562963849652858,,,,,,,7e06841522c9c157c9e4a51d,False,,,,,,,,,,,,,,,,,,,,,,,,,,,,,,,,,,,,,,,,,,,,,,,,bounded_preclose_bid_ask,,,,False,not_requested_for_horizon_or_variant,,,no_standard_contract_within_rules,ordinary,covered_call,,no_standard_contract_within_rules,,,True,,H25,2,CAT,,primary,0.01974394352778154,14.745583928547749,2024
,,,84d57babe059d6cdfc0358fd,time_value,,,1,1,2024-10-09,2024-10-09,,,695,,,2024-10-10,696,False,,,2025-05-19,,,,,,,"{""market_momentum"": 0.05165910457552081, ""market_volatility"": 0.006787086098060769, ""momentum"": 0.18562963849652858, ""volatility"": 0.01974394352778154, ""volume_state"": 14.745583928547749}",assumed_next_daily_close,,3,0000018230,,0.05165910457552081,0.006787086098060769,0.18562963849652858,,,,,,,7e06841522c9c157c9e4a51d,False,,,,,,,,,,,,,,,,,,,,,,,,,,,,,,,,,,,,,,,,,,,,,,,,bounded_preclose_bid_ask,,,,False,not_requested_for_horizon_or_variant,,,no_standard_contract_within_rules,ordinary,covered_call,,no_standard_contract_within_rules,,,False,,H25,2,CAT,,primary,0.01974394352778154,14.745583928547749,2024
,,,84d57babe059d6cdfc0358fd,time_value,,,1,1,2024-10-09,2024-10-09,,,695,,,2024-10-10,696,False,,,2025-05-19,,,,,,,"{""market_momentum"": 0.05165910457552081, ""market_volatility"": 0.006787086098060769, ""momentum"": 0.18562963849652858, ""volatility"": 0.01974394352778154, ""volume_state"": 14.745583928547749}",assumed_next_daily_close,,3,0000018230,,0.05165910457552081,0.006787086098060769,0.18562963849652858,,,,,,,7e06841522c9c157c9e4a51d,False,,,,,,,,,,,,,,,,,,,,,,,,,,,,,,,,,,,,,,,,,,,,,,,,bounded_preclose_bid_ask,,,,False,not_requested_for_horizon_or_variant,,,no_standard_contract_within_rules,ordinary,covered_call,,no_standard_contract_within_rules,,,True,,H25,2,CAT,,primary,0.01974394352778154,14.745583928547749,2024
,,,84d57babe059d6cdfc0358fd,time_value,,,1,1,2024-10-09,2024-10-09,,,695,,,2024-10-10,696,False,,,2025-05-19,,,,,,,"{""market_momentum"": 0.05165910457552081, ""market_volatility"": 0.006787086098060769, ""momentum"": 0.18562963849652858, ""volatility"": 0.01974394352778154, ""volume_state"": 14.745583928547749}",assumed_next_daily_close,,5,0000018230,,0.05165910457552081,0.006787086098060769,0.18562963849652858,,,,,,,7e06841522c9c157c9e4a51d,False,,,,,,,,,,,,,,,,,,,,,,,,,,,,,,,,,,,,,,,,,,,,,,,,bounded_preclose_bid_ask,,,,False,not_requested_for_horizon_or_variant,,,no_standard_contract_within_rules,ordinary,covered_call,,no_standard_contract_within_rules,,,False,,H25,2,CAT,,primary,0.01974394352778154,14.745583928547749,2024
,,,84d57babe059d6cdfc0358fd,time_value,,,1,1,2024-10-09,2024-10-09,,,695,,,2024-10-10,696,False,,,2025-05-19,,,,,,,"{""market_momentum"": 0.05165910457552081, ""market_volatility"": 0.006787086098060769, ""momentum"": 0.18562963849652858, ""volatility"": 0.01974394352778154, ""volume_state"": 14.745583928547749}",assumed_next_daily_close,,5,0000018230,,0.05165910457552081,0.006787086098060769,0.18562963849652858,,,,,,,7e06841522c9c157c9e4a51d,False,,,,,,,,,,,,,,,,,,,,,,,,,,,,,,,,,,,,,,,,,,,,,,,,bounded_preclose_bid_ask,,,,False,not_requested_for_horizon_or_variant,,,no_standard_contract_within_rules,ordinary,covered_call,,no_standard_contract_within_rules,,,True,,H25,2,CAT,,primary,0.01974394352778154,14.745583928547749,2024
,,,84d57babe059d6cdfc0358fd,time_value,,,1,1,2024-10-09,2024-10-09,,,695,,,2024-10-10,696,False,,,2025-05-19,,,,,,,"{""market_momentum"": 0.05165910457552081, ""market_volatility"": 0.006787086098060769, ""momentum"": 0.18562963849652858, ""volatility"": 0.01974394352778154, ""volume_state"": 14.745583928547749}",assumed_next_daily_close,,10,0000018230,,0.05165910457552081,0.006787086098060769,0.18562963849652858,,,,,,,7e06841522c9c157c9e4a51d,False,,,,,,,,,,,,,,,,,,,,,,,,,,,,,,,,,,,,,,,,,,,,,,,,bounded_preclose_bid_ask,,,,False,not_sampled_or_missing_quotes,,,no_standard_contract_within_rules,ordinary,covered_call,,no_standard_contract_within_rules,,,False,,H25,2,CAT,,primary,0.01974394352778154,14.745583928547749,2024
,,,84d57babe059d6cdfc0358fd,time_value,,,1,1,2024-10-09,2024-10-09,,,695,,,2024-10-10,696,False,,,2025-05-19,,,,,,,"{""market_momentum"": 0.05165910457552081, ""market_volatility"": 0.006787086098060769, ""momentum"": 0.18562963849652858, ""volatility"": 0.01974394352778154, ""volume_state"": 14.745583928547749}",assumed_next_daily_close,,10,0000018230,,0.05165910457552081,0.006787086098060769,0.18562963849652858,,,,,,,7e06841522c9c157c9e4a51d,False,,,,,,,,,,,,,,,,,,,,,,,,,,,,,,,,,,,,,,,,,,,,,,,,bounded_preclose_bid_ask,,,,False,not_sampled_or_missing_quotes,,,no_standard_contract_within_rules,ordinary,covered_call,,no_standard_contract_within_rules,,,True,,H25,2,CAT,,primary,0.01974394352778154,14.745583928547749,2024
,,,84d57babe059d6cdfc0358fd,time_value,,,1,1,2024-10-09,2024-10-09,,,695,,,2024-10-10,696,False,,,2025-05-19,,,,,,,"{""market_momentum"": 0.05165910457552081, ""market_volatility"": 0.006787086098060769, ""momentum"": 0.18562963849652858, ""volatility"": 0.01974394352778154, ""volume_state"": 14.745583928547749}",assumed_next_daily_close,,21,0000018230,,0.05165910457552081,0.006787086098060769,0.18562963849652858,,,,,,,7e06841522c9c157c9e4a51d,False,,,,,,,,,,,,,,,,,,,,,,,,,,,,,,,,,,,,,,,,,,,,,,,,bounded_preclose_bid_ask,,,,False,not_requested_for_horizon_or_variant,,,no_standard_contract_within_rules,ordinary,covered_call,,no_standard_contract_within_rules,,,False,,H25,2,CAT,,primary,0.01974394352778154,14.745583928547749,2024
,,,84d57babe059d6cdfc0358fd,time_value,,,1,1,2024-10-09,2024-10-09,,,695,,,2024-10-10,696,False,,,2025-05-19,,,,,,,"{""market_momentum"": 0.05165910457552081, ""market_volatility"": 0.006787086098060769, ""momentum"": 0.18562963849652858, ""volatility"": 0.01974394352778154, ""volume_state"": 14.745583928547749}",assumed_next_daily_close,,21,0000018230,,0.05165910457552081,0.006787086098060769,0.18562963849652858,,,,,,,7e06841522c9c157c9e4a51d,False,,,,,,,,,,,,,,,,,,,,,,,,,,,,,,,,,,,,,,,,,,,,,,,,bounded_preclose_bid_ask,,,,False,not_requested_for_horizon_or_variant,,,no_standard_contract_within_rules,ordinary,covered_call,,no_standard_contract_within_rules,,,True,,H25,2,CAT,,primary,0.01974394352778154,14.745583928547749,2024
,,,84d57babe059d6cdfc0358fd,time_value,,,1,1,2024-10-09,2024-10-09,,,695,,,2024-10-10,696,False,,,2025-05-19,,,,,,,"{""market_momentum"": 0.05165910457552081, ""market_volatility"": 0.006787086098060769, ""momentum"": 0.18562963849652858, ""volatility"": 0.01974394352778154, ""volume_state"": 14.745583928547749}",assumed_next_daily_close,,42,0000018230,,0.05165910457552081,0.006787086098060769,0.18562963849652858,,,,,,,7e06841522c9c157c9e4a51d,False,,,,,,,,,,,,,,,,,,,,,,,,,,,,,,,,,,,,,,,,,,,,,,,,bounded_preclose_bid_ask,,,,False,not_requested_for_horizon_or_variant,,,no_standard_contract_within_rules,ordinary,covered_call,,no_standard_contract_within_rules,,,False,,H25,2,CAT,,primary,0.01974394352778154,14.745583928547749,2024
,,,84d57babe059d6cdfc0358fd,time_value,,,1,1,2024-10-09,2024-10-09,,,695,,,2024-10-10,696,False,,,2025-05-19,,,,,,,"{""market_momentum"": 0.05165910457552081, ""market_volatility"": 0.006787086098060769, ""momentum"": 0.18562963849652858, ""volatility"": 0.01974394352778154, ""volume_state"": 14.745583928547749}",assumed_next_daily_close,,42,0000018230,,0.05165910457552081,0.006787086098060769,0.18562963849652858,,,,,,,7e06841522c9c157c9e4a51d,False,,,,,,,,,,,,,,,,,,,,,,,,,,,,,,,,,,,,,,,,,,,,,,,,bounded_preclose_bid_ask,,,,False,not_requested_for_horizon_or_variant,,,no_standard_contract_within_rules,ordinary,covered_call,,no_standard_contract_within_rules,,,True,,H25,2,CAT,,primary,0.01974394352778154,14.745583928547749,2024
,,,84d57babe059d6cdfc0358fd,time_value,,,1,1,2024-10-09,2024-10-09,,,695,,,2024-10-10,696,False,,,2025-05-19,,,,,,,"{""market_momentum"": 0.05165910457552081, ""market_volatility"": 0.006787086098060769, ""momentum"": 0.18562963849652858, ""volatility"": 0.01974394352778154, ""volume_state"": 14.745583928547749}",assumed_next_daily_close,,63,0000018230,,0.05165910457552081,0.006787086098060769,0.18562963849652858,,,,,,,7e06841522c9c157c9e4a51d,False,,,,,,,,,,,,,,,,,,,,,,,,,,,,,,,,,,,,,,,,,,,,,,,,bounded_preclose_bid_ask,,,,False,not_requested_for_horizon_or_variant,,,no_standard_contract_within_rules,ordinary,covered_call,,no_standard_contract_within_rules,,,False,,H25,2,CAT,,primary,0.01974394352778154,14.745583928547749,2024
,,,84d57babe059d6cdfc0358fd,time_value,,,1,1,2024-10-09,2024-10-09,,,695,,,2024-10-10,696,False,,,2025-05-19,,,,,,,"{""market_momentum"": 0.05165910457552081, ""market_volatility"": 0.006787086098060769, ""momentum"": 0.18562963849652858, ""volatility"": 0.01974394352778154, ""volume_state"": 14.745583928547749}",assumed_next_daily_close,,63,0000018230,,0.05165910457552081,0.006787086098060769,0.18562963849652858,,,,,,,7e06841522c9c157c9e4a51d,False,,,,,,,,,,,,,,,,,,,,,,,,,,,,,,,,,,,,,,,,,,,,,,,,bounded_preclose_bid_ask,,,,False,not_requested_for_horizon_or_variant,,,no_standard_contract_within_rules,ordinary,covered_call,,no_standard_contract_within_rules,,,True,,H25,2,CAT,,primary,0.01974394352778154,14.745583928547749,2024
,,,84d57babe059d6cdfc0358fd,time_value,,,1,1,2024-10-09,2024-10-09,,,695,,,2024-10-10,696,False,,,2025-05-19,,,,,,,"{""market_momentum"": 0.05165910457552081, ""market_volatility"": 0.006787086098060769, ""momentum"": 0.18562963849652858, ""volatility"": 0.01974394352778154, ""volume_state"": 14.745583928547749}",assumed_next_daily_close,,expiry,0000018230,,0.05165910457552081,0.006787086098060769,0.18562963849652858,,,,,,,7e06841522c9c157c9e4a51d,False,,,,,,,,,,,,,,,,,,,,,,,,,,,,,,,,,,,,,,,,,,,,,,,,bounded_preclose_bid_ask,,,,False,not_requested_for_horizon_or_variant,,,no_standard_contract_within_rules,ordinary,covered_call,,no_standard_contract_within_rules,,,False,,H25,2,CAT,,primary,0.01974394352778154,14.745583928547749,2024
,,,84d57babe059d6cdfc0358fd,time_value,,,1,1,2024-10-09,2024-10-09,,,695,,,2024-10-10,696,False,,,2025-05-19,,,,,,,"{""market_momentum"": 0.05165910457552081, ""market_volatility"": 0.006787086098060769, ""momentum"": 0.18562963849652858, ""volatility"": 0.01974394352778154, ""volume_state"": 14.745583928547749}",assumed_next_daily_close,,expiry,0000018230,,0.05165910457552081,0.006787086098060769,0.18562963849652858,,,,,,,7e06841522c9c157c9e4a51d,False,,,,,,,,,,,,,,,,,,,,,,,,,,,,,,,,,,,,,,,,,,,,,,,,bounded_preclose_bid_ask,,,,False,not_requested_for_horizon_or_variant,,,no_standard_contract_within_rules,ordinary,covered_call,,no_standard_contract_within_rules,,,True,,H25,2,CAT,,primary,0.01974394352778154,14.745583928547749,2024
0.04321907600596142,2022-02-28,38,8644318554762018fa248b12,time_value,16.5702,O:BMY220617C00070000,1,1,2022-02-24,2022-02-24,113,0.027868852459016397,36,0.0,0.0051244186046511195,2022-02-25,37,True,2022-02-28,38,2022-02-24,154,15719840.0,2022-02-28,scheduled_exit,38,2022-06-17,"{""market_momentum"": -0.014201210670472086, ""market_volatility"": 0.014001446066554827, ""momentum"": 0.07428754402817783, ""volatility"": 0.011174429711711677, ""volume_state"": 16.53750154273288}",assumed_next_daily_close,6880.0,1,0000014272,0,-0.014201210670472086,0.014001446066554827,0.07428754402817783,-26.198200000000003,-0.003807877906976745,17.628,2.57,2.36,20.999999999999996,0fc5c17318e721a388d18e53,True,0.001141552511415525,876,6.9717844909865284e-06,14343530.0,,,,,,,,,,,,,,,,,,,,,,,,,,,,,,,,,,,,,,,,,,,,bounded_preclose_bid_ask,,,,False,not_requested_for_horizon_or_variant,,,,event,covered_call,100,completed,68.8,68.67,False,-13.0,H25,2,BMY,34.1982,primary,0.011174429711711677,16.53750154273288,2022
0.04321907600596142,2022-02-28,38,8644318554762018fa248b12,time_value,4.1202,O:BMY220617C00070000,1,1,2022-02-24,2022-02-24,113,0.027868852459016397,36,0.0,0.0030884011627906978,2022-02-25,37,True,2022-02-28,38,2022-02-24,154,15719840.0,2022-02-28,scheduled_exit,38,2022-06-17,"{""market_momentum"": -0.014201210670472086, ""market_volatility"": 0.014001446066554827, ""momentum"": 0.07428754402817783, ""volatility"": 0.011174429711711677, ""volume_state"": 16.53750154273288}",assumed_next_daily_close,6880.0,1,0000014272,0,-0.014201210670472086,0.014001446066554827,0.07428754402817783,-21.2482,-0.0030884011627906978,4.127999999999999,2.57,0.0,-0.0,0fc5c17318e721a388d18e53,True,0.001141552511415525,876,6.9717844909865284e-06,14343530.0,,,,,,,,,,,,,,,,,,,,,,,,,,,,,,,,,,,,,,,,,,,,bounded_preclose_bid_ask,,,,False,not_requested_for_horizon_or_variant,,,,event,covered_call,100,completed,68.8,68.67,True,-13.0,H25,2,BMY,8.248199999999999,primary,0.011174429711711677,16.53750154273288,2022
0.04321907600596142,2022-03-01,39,8644318554762018fa248b12,time_value,17.9678,O:BMY220617C00070000,1,1,2022-02-24,2022-02-24,113,0.027868852459016397,36,0.0,0.008662180232558143,2022-02-25,37,True,2022-03-01,39,2022-02-24,154,15719840.0,2022-03-01,scheduled_exit,39,2022-06-17,"{""market_momentum"": -0.014201210670472086, ""market_volatility"": 0.014001446066554827, ""momentum"": 0.07428754402817783, ""volatility"": 0.011174429711711677, ""volume_state"": 16.53750154273288}",assumed_next_daily_close,6880.0,2,0000014272,0,-0.014201210670472086,0.014001446066554827,0.07428754402817783,-59.595800000000025,-0.008662180232558143,17.628,2.57,2.64,-7.000000000000028,0fc5c17318e721a388d18e53,True,0.001141552511415525,876,6.9717844909865284e-06,14343530.0,,,,,,,,,,,,,,,,,,,,,,,,,,,,,,,,,,,,,,,,,,,,bounded_preclose_bid_ask,,,,False,not_requested_for_horizon_or_variant,,,,event,covered_call,100,completed,68.8,68.63,False,-17.0,H25,2,BMY,35.5958,primary,0.011174429711711677,16.53750154273288,2022
0.04321907600596142,2022-03-01,39,8644318554762018fa248b12,time_value,4.1178,O:BMY220617C00070000,1,1,2022-02-24,2022-02-24,113,0.027868852459016397,36,0.0,0.0036694476744186045,2022-02-25,37,True,2022-03-01,39,2022-02-24,154,15719840.0,2022-03-01,scheduled_exit,39,2022-06-17,"{""market_momentum"": -0.014201210670472086, ""market_volatility"": 0.014001446066554827, ""momentum"": 0.07428754402817783, ""volatility"": 0.011174429711711677, ""volume_state"": 16.53750154273288}",assumed_next_daily_close,6880.0,2,0000014272,0,-0.014201210670472086,0.014001446066554827,0.07428754402817783,-25.2458,-0.0036694476744186045,4.127999999999999,2.57,0.0,-0.0,0fc5c17318e721a388d18e53,True,0.001141552511415525,876,6.9717844909865284e-06,14343530.0,,,,,,,,,,,,,,,,,,,,,,,,,,,,,,,,,,,,,,,,,,,,bounded_preclose_bid_ask,,,,False,not_requested_for_horizon_or_variant,,,,event,covered_call,100,completed,68.8,68.63,True,-17.0,H25,2,BMY,8.2458,primary,0.011174429711711677,16.53750154273288,2022
0.04321907600596142,2022-03-02,40,8644318554762018fa248b12,time_value,17.081,O:BMY220617C00070000,1,1,2022-02-24,2022-02-24,113,0.027868852459016397,36,0.0,0.008662180232558096,2022-02-25,37,True,2022-03-02,40,2022-02-24,154,15719840.0,2022-03-02,scheduled_exit,40,2022-06-17,"{""market_momentum"": -0.014201210670472086, ""market_volatility"": 0.014001446066554827, ""momentum"": 0.07428754402817783, ""volatility"": 0.011174429711711677, ""volume_state"": 16.53750154273288}",assumed_next_daily_close,6880.0,3,0000014272,0,-0.014201210670472086,0.014001446066554827,0.07428754402817783,-18.70900000000092,-0.0027193313953489708,17.628,2.57,2.46,10.999999999999988,0fc5c17318e721a388d18e53,True,0.001141552511415525,876,6.9717844909865284e-06,14343530.0,,,,,,,,,,,,,,,,,,,,,,,,,,,,,,,,,,,,,,,,,,,,bounded_preclose_bid_ask,,,,False,not_requested_for_horizon_or_variant,,,,event,covered_call,100,completed,68.8,68.85,False,4.9999999999990905,H25,2,BMY,34.709,primary,0.011174429711711677,16.53750154273288,2022
0.04321907600596142,2022-03-02,40,8644318554762018fa248b12,time_value,4.130999999999999,O:BMY220617C00070000,1,1,2022-02-24,2022-02-24,113,0.027868852459016397,36,0.0,0.003669447674418561,2022-02-25,37,True,2022-03-02,40,2022-02-24,154,15719840.0,2022-03-02,scheduled_exit,40,2022-06-17,"{""market_momentum"": -0.014201210670472086, ""market_volatility"": 0.014001446066554827, ""momentum"": 0.07428754402817783, ""volatility"": 0.011174429711711677, ""volume_state"": 16.53750154273288}",assumed_next_daily_close,6880.0,3,0000014272,0,-0.014201210670472086,0.014001446066554827,0.07428754402817783,-3.259000000000908,-0.00047369186046524825,4.127999999999999,2.57,0.0,-0.0,0fc5c17318e721a388d18e53,True,0.001141552511415525,876,6.9717844909865284e-06,14343530.0,,,,,,,,,,,,,,,,,,,,,,,,,,,,,,,,,,,,,,,,,,,,bounded_preclose_bid_ask,,,,False,not_requested_for_horizon_or_variant,,,,event,covered_call,100,completed,68.8,68.85,True,4.9999999999990905,H25,2,BMY,8.258999999999999,primary,0.011174429711711677,16.53750154273288,2022
0.04321907600596142,2022-03-04,42,8644318554762018fa248b12,time_value,19.0616,O:BMY220617C00070000,1,1,2022-02-24,2022-02-24,113,0.027868852459016397,36,0.0,0.008662180232558096,2022-02-25,37,True,2022-03-04,42,2022-02-24,154,15719840.0,2022-03-04,scheduled_exit,42,2022-06-17,"{""market_momentum"": -0.014201210670472086, ""market_volatility"": 0.014001446066554827, ""momentum"": 0.07428754402817783, ""volatility"": 0.011174429711711677, ""volume_state"": 16.53750154273288}",assumed_next_daily_close,6880.0,5,0000014272,0,-0.014201210670472086,0.014001446066554827,0.07428754402817783,-8.689600000000024,-0.0012630232558139569,17.628,2.57,2.85,-28.000000000000025,0fc5c17318e721a388d18e53,True,0.001141552511415525,876,6.9717844909865284e-06,14343530.0,,,,,,,,,,,,,,,,,,,,,,,,,,,,,,,,,,,,,,,,,,,,bounded_preclose_bid_ask,,,,False,not_requested_for_horizon_or_variant,,,,event,covered_call,100,completed,68.8,69.36,False,56.0,H25,2,BMY,36.6896,primary,0.011174429711711677,16.53750154273288,2022
0.04321907600596142,2022-03-04,42,8644318554762018fa248b12,time_value,4.1616,O:BMY220617C00070000,1,1,2022-02-24,2022-02-24,113,0.027868852459016397,36,0.0,0.003669447674418561,2022-02-25,37,True,2022-03-04,42,2022-02-24,154,15719840.0,2022-03-04,scheduled_exit,42,2022-06-17,"{""market_momentum"": -0.014201210670472086, ""market_volatility"": 0.014001446066554827, ""momentum"": 0.07428754402817783, ""volatility"": 0.011174429711711677, ""volume_state"": 16.53750154273288}",assumed_next_daily_close,6880.0,5,0000014272,0,-0.014201210670472086,0.014001446066554827,0.07428754402817783,47.7104,0.006934651162790698,4.127999999999999,2.57,0.0,-0.0,0fc5c17318e721a388d18e53,True,0.001141552511415525,876,6.9717844909865284e-06,14343530.0,,,,,,,,,,,,,,,,,,,,,,,,,,,,,,,,,,,,,,,,,,,,bounded_preclose_bid_ask,,,,False,not_requested_for_horizon_or_variant,,,,event,covered_call,100,completed,68.8,69.36,True,56.0,H25,2,BMY,8.2896,primary,0.011174429711711677,16.53750154273288,2022
0.04321907600596142,2022-03-11,47,8644318554762018fa248b12,time_value,17.7322,O:BMY220617C00070000,1,1,2022-02-24,2022-02-24,113,0.027868852459016397,36,0.0,0.01853813953488381,2022-02-25,37,True,2022-03-11,47,2022-02-24,154,15719840.0,2022-03-11,scheduled_exit,47,2022-06-17,"{""market_momentum"": -0.014201210670472086, ""market_volatility"": 0.014001446066554827, ""momentum"": 0.07428754402817783, ""volatility"": 0.011174429711711677, ""volume_state"": 16.53750154273288}",assumed_next_daily_close,6880.0,10,0000014272,0,-0.014201210670472086,0.014001446066554827,0.07428754402817783,-30.3602,-0.00441281976744186,17.628,2.57,2.59,-2.0000000000000018,0fc5c17318e721a388d18e53,True,0.001141552511415525,876,6.9717844909865284e-06,14343530.0,,,,,,,,,,,,,,,,,,,,,,,,,,,,,,,,,,,,,,,,,,,,bounded_preclose_bid_ask,,,,False,decision_missing_or_stale_quote,,,,event,covered_call,100,completed,68.8,68.87,False,7.0,H25,2,BMY,35.3602,primary,0.011174429711711677,16.53750154273288,2022
0.04321907600596142,2022-03-11,47,8644318554762018fa248b12,time_value,4.132199999999999,O:BMY220617C00070000,1,1,2022-02-24,2022-02-24,113,0.027868852459016397,36,0.0,0.016597732558139625,2022-02-25,37,True,2022-03-11,47,2022-02-24,154,15719840.0,2022-03-11,scheduled_exit,47,2022-06-17,"{""market_momentum"": -0.014201210670472086, ""market_volatility"": 0.014001446066554827, ""momentum"": 0.07428754402817783, ""volatility"": 0.011174429711711677, ""volume_state"": 16.53750154273288}",assumed_next_daily_close,6880.0,10,0000014272,0,-0.014201210670472086,0.014001446066554827,0.07428754402817783,-1.2601999999999984,-0.00018316860465116257,4.127999999999999,2.57,0.0,-0.0,0fc5c17318e721a388d18e53,True,0.001141552511415525,876,6.9717844909865284e-06,14343530.0,,,,,,,,,,,,,,,,,,,,,,,,,,,,,,,,,,,,,,,,,,,,bounded_preclose_bid_ask,,,,False,decision_missing_or_stale_quote,,,,event,covered_call,100,completed,68.8,68.87,True,7.0,H25,2,BMY,8.260199999999998,primary,0.011174429711711677,16.53750154273288,2022
0.04321907600596142,2022-03-28,58,8644318554762018fa248b12,time_value,25.7866,O:BMY220617C00070000,1,1,2022-02-24,2022-02-24,113,0.027868852459016397,36,0.0,0.01853813953488381,2022-02-25,37,True,2022-03-28,58,2022-02-24,154,15719840.0,2022-03-28,scheduled_exit,58,2022-06-17,"{""market_momentum"": -0.014201210670472086, ""market_volatility"": 0.014001446066554827, ""momentum"": 0.07428754402817783, ""volatility"": 0.011174429711711677, ""volume_state"": 16.53750154273288}",assumed_next_daily_close,6880.0,21,0000014272,0,-0.014201210670472086,0.014001446066554827,0.07428754402817783,229.58539999999996,0.03336997093023255,17.628,2.57,4.15,-158.00000000000006,0fc5c17318e721a388d18e53,True,0.001141552511415525,876,6.9717844909865284e-06,14343530.0,,,,,,,,,,,,,,,,,,,,,,,,,,,,,,,,,,,,,,,,,,,,bounded_preclose_bid_ask,,,,False,not_requested_for_horizon_or_variant,,,,event,covered_call,100,completed,68.8,73.11,False,431.0,H25,2,BMY,43.4146,primary,0.011174429711711677,16.53750154273288,2022
0.04321907600596142,2022-03-28,58,8644318554762018fa248b12,time_value,4.3866,O:BMY220617C00070000,1,1,2022-02-24,2022-02-24,113,0.027868852459016397,36,0.0,0.016597732558139625,2022-02-25,37,True,2022-03-28,58,2022-02-24,154,15719840.0,2022-03-28,scheduled_exit,58,2022-06-17,"{""market_momentum"": -0.014201210670472086, ""market_volatility"": 0.014001446066554827, ""momentum"": 0.07428754402817783, ""volatility"": 0.011174429711711677, ""volume_state"": 16.53750154273288}",assumed_next_daily_close,6880.0,21,0000014272,0,-0.014201210670472086,0.014001446066554827,0.07428754402817783,422.4854,0.06140776162790698,4.127999999999999,2.57,0.0,-0.0,0fc5c17318e721a388d18e53,True,0.001141552511415525,876,6.9717844909865284e-06,14343530.0,,,,,,,,,,,,,,,,,,,,,,,,,,,,,,,,,,,,,,,,,,,,bounded_preclose_bid_ask,,,,False,not_requested_for_horizon_or_variant,,,,event,covered_call,100,completed,68.8,73.11,True,431.0,H25,2,BMY,8.514599999999998,primary,0.011174429711711677,16.53750154273288,2022
0.04321907600596142,2022-04-27,79,8644318554762018fa248b12,time_value,39.9486,O:BMY220617C00070000,1,1,2022-02-24,2022-02-24,113,0.027868852459016397,36,54.0,0.01853813953488381,2022-02-25,37,True,2022-04-27,79,2022-02-24,154,15719840.0,2022-04-27,scheduled_exit,79,2022-06-17,"{""market_momentum"": -0.014201210670472086, ""market_volatility"": 0.014001446066554827, ""momentum"": 0.07428754402817783, ""volatility"": 0.011174429711711677, ""volume_state"": 16.53750154273288}",assumed_next_daily_close,6880.0,42,0000014272,0,-0.014201210670472086,0.014001446066554827,0.07428754402817783,259.42339999999996,0.037706889534883714,17.628,2.57,6.95,-438.00000000000006,0fc5c17318e721a388d18e53,True,0.001141552511415525,876,6.9717844909865284e-06,14343530.0,,,,,,,,,,,,,,,,,,,,,,,,,,,,,,,,,,,,,,,,,,,,bounded_preclose_bid_ask,,,,False,not_requested_for_horizon_or_variant,,,,event,covered_call,100,completed,68.8,75.81,False,701.0,H25,2,BMY,57.5766,primary,0.011174429711711677,16.53750154273288,2022
0.04321907600596142,2022-04-27,79,8644318554762018fa248b12,time_value,4.5485999999999995,O:BMY220617C00070000,1,1,2022-02-24,2022-02-24,113,0.027868852459016397,36,54.0,0.016597732558139625,2022-02-25,37,True,2022-04-27,79,2022-02-24,154,15719840.0,2022-04-27,scheduled_exit,79,2022-06-17,"{""market_momentum"": -0.014201210670472086, ""market_volatility"": 0.014001446066554827, ""momentum"": 0.07428754402817783, ""volatility"": 0.011174429711711677, ""volume_state"": 16.53750154273288}",assumed_next_daily_close,6880.0,42,0000014272,0,-0.014201210670472086,0.014001446066554827,0.07428754402817783,746.3234,0.10847723837209303,4.127999999999999,2.57,0.0,-0.0,0fc5c17318e721a388d18e53,True,0.001141552511415525,876,6.9717844909865284e-06,14343530.0,,,,,,,,,,,,,,,,,,,,,,,,,,,,,,,,,,,,,,,,,,,,bounded_preclose_bid_ask,,,,False,not_requested_for_horizon_or_variant,,,,event,covered_call,100,completed,68.8,75.81,True,701.0,H25,2,BMY,8.676599999999999,primary,0.011174429711711677,16.53750154273288,2022
0.04321907600596142,2022-05-26,100,8644318554762018fa248b12,time_value,44.7554,O:BMY220617C00070000,1,1,2022-02-24,2022-02-24,113,0.027868852459016397,36,54.0,0.01853813953488381,2022-02-25,37,True,2022-05-26,100,2022-02-24,154,15719840.0,2022-05-26,scheduled_exit,100,2022-06-17,"{""market_momentum"": -0.014201210670472086, ""market_volatility"": 0.014001446066554827, ""momentum"": 0.07428754402817783, ""volatility"": 0.011174429711711677, ""volume_state"": 16.53750154273288}",assumed_next_daily_close,6880.0,63,0000014272,0,-0.014201210670472086,0.014001446066554827,0.07428754402817783,338.6166,0.049217529069767445,17.628,2.57,7.89,-532.0,0fc5c17318e721a388d18e53,True,0.001141552511415525,876,6.9717844909865284e-06,14343530.0,,,,,,,,,,,,,,,,,,,,,,,,,,,,,,,,,,,,,,,,,,,,bounded_preclose_bid_ask,,,,False,not_requested_for_horizon_or_variant,,,,event,covered_call,100,completed,68.8,77.59,False,879.0,H25,2,BMY,62.3834,primary,0.011174429711711677,16.53750154273288,2022
0.04321907600596142,2022-05-26,100,8644318554762018fa248b12,time_value,4.655399999999999,O:BMY220617C00070000,1,1,2022-02-24,2022-02-24,113,0.027868852459016397,36,54.0,0.016597732558139625,2022-02-25,37,True,2022-05-26,100,2022-02-24,154,15719840.0,2022-05-26,scheduled_exit,100,2022-06-17,"{""market_momentum"": -0.014201210670472086, ""market_volatility"": 0.014001446066554827, ""momentum"": 0.07428754402817783, ""volatility"": 0.011174429711711677, ""volume_state"": 16.53750154273288}",assumed_next_daily_close,6880.0,63,0000014272,0,-0.014201210670472086,0.014001446066554827,0.07428754402817783,924.2166,0.13433380813953488,4.127999999999999,2.57,0.0,-0.0,0fc5c17318e721a388d18e53,True,0.001141552511415525,876,6.9717844909865284e-06,14343530.0,,,,,,,,,,,,,,,,,,,,,,,,,,,,,,,,,,,,,,,,,,,,bounded_preclose_bid_ask,,,,False,not_requested_for_horizon_or_variant,,,,event,covered_call,100,completed,68.8,77.59,True,879.0,H25,2,BMY,8.783399999999999,primary,0.011174429711711677,16.53750154273288,2022
0.04321907600596142,2022-06-17,115,8644318554762018fa248b12,time_value,4.85,O:BMY220617C00070000,1,1,2022-02-24,2022-02-24,113,0.027868852459016397,36,54.0,0.01853813953488381,2022-02-25,37,True,2022-06-17,115,2022-02-24,154,15719840.0,2022-06-17,modelled_physical_expiry,115,2022-06-17,"{""market_momentum"": -0.014201210670472086, ""market_volatility"": 0.014001446066554827, ""momentum"": 0.07428754402817783, ""volatility"": 0.011174429711711677, ""volume_state"": 16.53750154273288}",assumed_next_daily_close,6880.0,expiry,0000014272,0,-0.014201210670472086,0.014001446066554827,0.07428754402817783,408.522,0.059378197674418605,17.628,2.57,0.0,257.0,0fc5c17318e721a388d18e53,True,0.001141552511415525,876,6.9717844909865284e-06,14343530.0,,,,,,,,,,,,,,,,,,,,,,,,,,,,,,,,,,,,,,,,,,,,bounded_preclose_bid_ask,,,,False,not_requested_for_horizon_or_variant,,,,event,covered_call,100,completed,68.8,70.0,False,120.0,H25,2,BMY,22.478,primary,0.011174429711711677,16.53750154273288,2022
0.04321907600596142,2022-06-17,115,8644318554762018fa248b12,time_value,4.4262,O:BMY220617C00070000,1,1,2022-02-24,2022-02-24,113,0.027868852459016397,36,54.0,0.016597732558139625,2022-02-25,37,True,2022-06-17,115,2022-02-24,154,15719840.0,2022-06-17,scheduled_exit,115,2022-06-17,"{""market_momentum"": -0.014201210670472086, ""market_volatility"": 0.014001446066554827, ""momentum"": 0.07428754402817783, ""volatility"": 0.011174429711711677, ""volume_state"": 16.53750154273288}",assumed_next_daily_close,6880.0,expiry,0000014272,0,-0.014201210670472086,0.014001446066554827,0.07428754402817783,542.4458,0.07884386627906977,4.127999999999999,2.57,0.0,-0.0,0fc5c17318e721a388d18e53,True,0.001141552511415525,876,6.9717844909865284e-06,14343530.0,,,,,,,,,,,,,,,,,,,,,,,,,,,,,,,,,,,,,,,,,,,,bounded_preclose_bid_ask,,,,False,not_requested_for_horizon_or_variant,,,,event,covered_call,100,completed,68.8,73.77,True,497.0,H25,2,BMY,8.554199999999998,primary,0.011174429711711677,16.53750154273288,2022
,,,8c367273842fb4cb3f356f22,time_value,,,1,1,2025-05-19,2025-05-19,,,846,,,2025-05-20,847,False,,,2025-05-19,,,,,,,"{""market_momentum"": 0.130012727721738, ""market_volatility"": 0.013206383471941054, ""momentum"": 0.198198810535259, ""volatility"": 0.020014239491052493, ""volume_state"": 14.794608831552306}",assumed_next_daily_close,,1,0000018230,,0.130012727721738,0.013206383471941054,0.198198810535259,,,,,,,7e06841522c9c157c9e4a51d,False,,,,,,,,,,,,,,,,,,,,,,,,,,,,,,,,,,,,,,,,,,,,,,,,bounded_preclose_bid_ask,,,,False,not_requested_for_horizon_or_variant,,,missing_decision_or_entry_bar,event,covered_call,,missing_decision_or_entry_bar,,,False,,H25,2,CAT,,primary,0.020014239491052493,14.794608831552306,2025
,,,8c367273842fb4cb3f356f22,time_value,,,1,1,2025-05-19,2025-05-19,,,846,,,2025-05-20,847,False,,,2025-05-19,,,,,,,"{""market_momentum"": 0.130012727721738, ""market_volatility"": 0.013206383471941054, ""momentum"": 0.198198810535259, ""volatility"": 0.020014239491052493, ""volume_state"": 14.794608831552306}",assumed_next_daily_close,,1,0000018230,,0.130012727721738,0.013206383471941054,0.198198810535259,,,,,,,7e06841522c9c157c9e4a51d,False,,,,,,,,,,,,,,,,,,,,,,,,,,,,,,,,,,,,,,,,,,,,,,,,bounded_preclose_bid_ask,,,,False,not_requested_for_horizon_or_variant,,,missing_decision_or_entry_bar,event,covered_call,,missing_decision_or_entry_bar,,,True,,H25,2,CAT,,primary,0.020014239491052493,14.794608831552306,2025
,,,8c367273842fb4cb3f356f22,time_value,,,1,1,2025-05-19,2025-05-19,,,846,,,2025-05-20,847,False,,,2025-05-19,,,,,,,"{""market_momentum"": 0.130012727721738, ""market_volatility"": 0.013206383471941054, ""momentum"": 0.198198810535259, ""volatility"": 0.020014239491052493, ""volume_state"": 14.794608831552306}",assumed_next_daily_close,,2,0000018230,,0.130012727721738,0.013206383471941054,0.198198810535259,,,,,,,7e06841522c9c157c9e4a51d,False,,,,,,,,,,,,,,,,,,,,,,,,,,,,,,,,,,,,,,,,,,,,,,,,bounded_preclose_bid_ask,,,,False,not_requested_for_horizon_or_variant,,,missing_decision_or_entry_bar,event,covered_call,,missing_decision_or_entry_bar,,,False,,H25,2,CAT,,primary,0.020014239491052493,14.794608831552306,2025
,,,8c367273842fb4cb3f356f22,time_value,,,1,1,2025-05-19,2025-05-19,,,846,,,2025-05-20,847,False,,,2025-05-19,,,,,,,"{""market_momentum"": 0.130012727721738, ""market_volatility"": 0.013206383471941054, ""momentum"": 0.198198810535259, ""volatility"": 0.020014239491052493, ""volume_state"": 14.794608831552306}",assumed_next_daily_close,,2,0000018230,,0.130012727721738,0.013206383471941054,0.198198810535259,,,,,,,7e06841522c9c157c9e4a51d,False,,,,,,,,,,,,,,,,,,,,,,,,,,,,,,,,,,,,,,,,,,,,,,,,bounded_preclose_bid_ask,,,,False,not_requested_for_horizon_or_variant,,,missing_decision_or_entry_bar,event,covered_call,,missing_decision_or_entry_bar,,,True,,H25,2,CAT,,primary,0.020014239491052493,14.794608831552306,2025
,,,8c367273842fb4cb3f356f22,time_value,,,1,1,2025-05-19,2025-05-19,,,846,,,2025-05-20,847,False,,,2025-05-19,,,,,,,"{""market_momentum"": 0.130012727721738, ""market_volatility"": 0.013206383471941054, ""momentum"": 0.198198810535259, ""volatility"": 0.020014239491052493, ""volume_state"": 14.794608831552306}",assumed_next_daily_close,,3,0000018230,,0.130012727721738,0.013206383471941054,0.198198810535259,,,,,,,7e06841522c9c157c9e4a51d,False,,,,,,,,,,,,,,,,,,,,,,,,,,,,,,,,,,,,,,,,,,,,,,,,bounded_preclose_bid_ask,,,,False,not_requested_for_horizon_or_variant,,,missing_decision_or_entry_bar,event,covered_call,,missing_decision_or_entry_bar,,,False,,H25,2,CAT,,primary,0.020014239491052493,14.794608831552306,2025
,,,8c367273842fb4cb3f356f22,time_value,,,1,1,2025-05-19,2025-05-19,,,846,,,2025-05-20,847,False,,,2025-05-19,,,,,,,"{""market_momentum"": 0.130012727721738, ""market_volatility"": 0.013206383471941054, ""momentum"": 0.198198810535259, ""volatility"": 0.020014239491052493, ""volume_state"": 14.794608831552306}",assumed_next_daily_close,,3,0000018230,,0.130012727721738,0.013206383471941054,0.198198810535259,,,,,,,7e06841522c9c157c9e4a51d,False,,,,,,,,,,,,,,,,,,,,,,,,,,,,,,,,,,,,,,,,,,,,,,,,bounded_preclose_bid_ask,,,,False,not_requested_for_horizon_or_variant,,,missing_decision_or_entry_bar,event,covered_call,,missing_decision_or_entry_bar,,,True,,H25,2,CAT,,primary,0.020014239491052493,14.794608831552306,2025
,,,8c367273842fb4cb3f356f22,time_value,,,1,1,2025-05-19,2025-05-19,,,846,,,2025-05-20,847,False,,,2025-05-19,,,,,,,"{""market_momentum"": 0.130012727721738, ""market_volatility"": 0.013206383471941054, ""momentum"": 0.198198810535259, ""volatility"": 0.020014239491052493, ""volume_state"": 14.794608831552306}",assumed_next_daily_close,,5,0000018230,,0.130012727721738,0.013206383471941054,0.198198810535259,,,,,,,7e06841522c9c157c9e4a51d,False,,,,,,,,,,,,,,,,,,,,,,,,,,,,,,,,,,,,,,,,,,,,,,,,bounded_preclose_bid_ask,,,,False,not_requested_for_horizon_or_variant,,,missing_decision_or_entry_bar,event,covered_call,,missing_decision_or_entry_bar,,,False,,H25,2,CAT,,primary,0.020014239491052493,14.794608831552306,2025
,,,8c367273842fb4cb3f356f22,time_value,,,1,1,2025-05-19,2025-05-19,,,846,,,2025-05-20,847,False,,,2025-05-19,,,,,,,"{""market_momentum"": 0.130012727721738, ""market_volatility"": 0.013206383471941054, ""momentum"": 0.198198810535259, ""volatility"": 0.020014239491052493, ""volume_state"": 14.794608831552306}",assumed_next_daily_close,,5,0000018230,,0.130012727721738,0.013206383471941054,0.198198810535259,,,,,,,7e06841522c9c157c9e4a51d,False,,,,,,,,,,,,,,,,,,,,,,,,,,,,,,,,,,,,,,,,,,,,,,,,bounded_preclose_bid_ask,,,,False,not_requested_for_horizon_or_variant,,,missing_decision_or_entry_bar,event,covered_call,,missing_decision_or_entry_bar,,,True,,H25,2,CAT,,primary,0.020014239491052493,14.794608831552306,2025
,,,8c367273842fb4cb3f356f22,time_value,,,1,1,2025-05-19,2025-05-19,,,846,,,2025-05-20,847,False,,,2025-05-19,,,,,,,"{""market_momentum"": 0.130012727721738, ""market_volatility"": 0.013206383471941054, ""momentum"": 0.198198810535259, ""volatility"": 0.020014239491052493, ""volume_state"": 14.794608831552306}",assumed_next_daily_close,,10,0000018230,,0.130012727721738,0.013206383471941054,0.198198810535259,,,,,,,7e06841522c9c157c9e4a51d,False,,,,,,,,,,,,,,,,,,,,,,,,,,,,,,,,,,,,,,,,,,,,,,,,bounded_preclose_bid_ask,,,,False,bar_outcome_not_completed,,,missing_decision_or_entry_bar,event,covered_call,,missing_decision_or_entry_bar,,,False,,H25,2,CAT,,primary,0.020014239491052493,14.794608831552306,2025
,,,8c367273842fb4cb3f356f22,time_value,,,1,1,2025-05-19,2025-05-19,,,846,,,2025-05-20,847,False,,,2025-05-19,,,,,,,"{""market_momentum"": 0.130012727721738, ""market_volatility"": 0.013206383471941054, ""momentum"": 0.198198810535259, ""volatility"": 0.020014239491052493, ""volume_state"": 14.794608831552306}",assumed_next_daily_close,,10,0000018230,,0.130012727721738,0.013206383471941054,0.198198810535259,,,,,,,7e06841522c9c157c9e4a51d,False,,,,,,,,,,,,,,,,,,,,,,,,,,,,,,,,,,,,,,,,,,,,,,,,bounded_preclose_bid_ask,,,,False,bar_outcome_not_completed,,,missing_decision_or_entry_bar,event,covered_call,,missing_decision_or_entry_bar,,,True,,H25,2,CAT,,primary,0.020014239491052493,14.794608831552306,2025
,,,8c367273842fb4cb3f356f22,time_value,,,1,1,2025-05-19,2025-05-19,,,846,,,2025-05-20,847,False,,,2025-05-19,,,,,,,"{""market_momentum"": 0.130012727721738, ""market_volatility"": 0.013206383471941054, ""momentum"": 0.198198810535259, ""volatility"": 0.020014239491052493, ""volume_state"": 14.794608831552306}",assumed_next_daily_close,,21,0000018230,,0.130012727721738,0.013206383471941054,0.198198810535259,,,,,,,7e06841522c9c157c9e4a51d,False,,,,,,,,,,,,,,,,,,,,,,,,,,,,,,,,,,,,,,,,,,,,,,,,bounded_preclose_bid_ask,,,,False,not_requested_for_horizon_or_variant,,,missing_decision_or_entry_bar,event,covered_call,,missing_decision_or_entry_bar,,,False,,H25,2,CAT,,primary,0.020014239491052493,14.794608831552306,2025
,,,8c367273842fb4cb3f356f22,time_value,,,1,1,2025-05-19,2025-05-19,,,846,,,2025-05-20,847,False,,,2025-05-19,,,,,,,"{""market_momentum"": 0.130012727721738, ""market_volatility"": 0.013206383471941054, ""momentum"": 0.198198810535259, ""volatility"": 0.020014239491052493, ""volume_state"": 14.794608831552306}",assumed_next_daily_close,,21,0000018230,,0.130012727721738,0.013206383471941054,0.198198810535259,,,,,,,7e06841522c9c157c9e4a51d,False,,,,,,,,,,,,,,,,,,,,,,,,,,,,,,,,,,,,,,,,,,,,,,,,bounded_preclose_bid_ask,,,,False,not_requested_for_horizon_or_variant,,,missing_decision_or_entry_bar,event,covered_call,,missing_decision_or_entry_bar,,,True,,H25,2,CAT,,primary,0.020014239491052493,14.794608831552306,2025
,,,8c367273842fb4cb3f356f22,time_value,,,1,1,2025-05-19,2025-05-19,,,846,,,2025-05-20,847,False,,,2025-05-19,,,,,,,"{""market_momentum"": 0.130012727721738, ""market_volatility"": 0.013206383471941054, ""momentum"": 0.198198810535259, ""volatility"": 0.020014239491052493, ""volume_state"": 14.794608831552306}",assumed_next_daily_close,,42,0000018230,,0.130012727721738,0.013206383471941054,0.198198810535259,,,,,,,7e06841522c9c157c9e4a51d,False,,,,,,,,,,,,,,,,,,,,,,,,,,,,,,,,,,,,,,,,,,,,,,,,bounded_preclose_bid_ask,,,,False,not_requested_for_horizon_or_variant,,,missing_decision_or_entry_bar,event,covered_call,,missing_decision_or_entry_bar,,,False,,H25,2,CAT,,primary,0.020014239491052493,14.794608831552306,2025
,,,8c367273842fb4cb3f356f22,time_value,,,1,1,2025-05-19,2025-05-19,,,846,,,2025-05-20,847,False,,,2025-05-19,,,,,,,"{""market_momentum"": 0.130012727721738, ""market_volatility"": 0.013206383471941054, ""momentum"": 0.198198810535259, ""volatility"": 0.020014239491052493, ""volume_state"": 14.794608831552306}",assumed_next_daily_close,,42,0000018230,,0.130012727721738,0.013206383471941054,0.198198810535259,,,,,,,7e06841522c9c157c9e4a51d,False,,,,,,,,,,,,,,,,,,,,,,,,,,,,,,,,,,,,,,,,,,,,,,,,bounded_preclose_bid_ask,,,,False,not_requested_for_horizon_or_variant,,,missing_decision_or_entry_bar,event,covered_call,,missing_decision_or_entry_bar,,,True,,H25,2,CAT,,primary,0.020014239491052493,14.794608831552306,2025
,,,8c367273842fb4cb3f356f22,time_value,,,1,1,2025-05-19,2025-05-19,,,846,,,2025-05-20,847,False,,,2025-05-19,,,,,,,"{""market_momentum"": 0.130012727721738, ""market_volatility"": 0.013206383471941054, ""momentum"": 0.198198810535259, ""volatility"": 0.020014239491052493, ""volume_state"": 14.794608831552306}",assumed_next_daily_close,,63,0000018230,,0.130012727721738,0.013206383471941054,0.198198810535259,,,,,,,7e06841522c9c157c9e4a51d,False,,,,,,,,,,,,,,,,,,,,,,,,,,,,,,,,,,,,,,,,,,,,,,,,bounded_preclose_bid_ask,,,,False,not_requested_for_horizon_or_variant,,,missing_decision_or_entry_bar,event,covered_call,,missing_decision_or_entry_bar,,,False,,H25,2,CAT,,primary,0.020014239491052493,14.794608831552306,2025
,,,8c367273842fb4cb3f356f22,time_value,,,1,1,2025-05-19,2025-05-19,,,846,,,2025-05-20,847,False,,,2025-05-19,,,,,,,"{""market_momentum"": 0.130012727721738, ""market_volatility"": 0.013206383471941054, ""momentum"": 0.198198810535259, ""volatility"": 0.020014239491052493, ""volume_state"": 14.794608831552306}",assumed_next_daily_close,,63,0000018230,,0.130012727721738,0.013206383471941054,0.198198810535259,,,,,,,7e06841522c9c157c9e4a51d,False,,,,,,,,,,,,,,,,,,,,,,,,,,,,,,,,,,,,,,,,,,,,,,,,bounded_preclose_bid_ask,,,,False,not_requested_for_horizon_or_variant,,,missing_decision_or_entry_bar,event,covered_call,,missing_decision_or_entry_bar,,,True,,H25,2,CAT,,primary,0.020014239491052493,14.794608831552306,2025
,,,8c367273842fb4cb3f356f22,time_value,,,1,1,2025-05-19,2025-05-19,,,846,,,2025-05-20,847,False,,,2025-05-19,,,,,,,"{""market_momentum"": 0.130012727721738, ""market_volatility"": 0.013206383471941054, ""momentum"": 0.198198810535259, ""volatility"": 0.020014239491052493, ""volume_state"": 14.794608831552306}",assumed_next_daily_close,,expiry,0000018230,,0.130012727721738,0.013206383471941054,0.198198810535259,,,,,,,7e06841522c9c157c9e4a51d,False,,,,,,,,,,,,,,,,,,,,,,,,,,,,,,,,,,,,,,,,,,,,,,,,bounded_preclose_bid_ask,,,,False,not_requested_for_horizon_or_variant,,,missing_decision_or_entry_bar,event,covered_call,,missing_decision_or_entry_bar,,,False,,H25,2,CAT,,primary,0.020014239491052493,14.794608831552306,2025
,,,8c367273842fb4cb3f356f22,time_value,,,1,1,2025-05-19,2025-05-19,,,846,,,2025-05-20,847,False,,,2025-05-19,,,,,,,"{""market_momentum"": 0.130012727721738, ""market_volatility"": 0.013206383471941054, ""momentum"": 0.198198810535259, ""volatility"": 0.020014239491052493, ""volume_state"": 14.794608831552306}",assumed_next_daily_close,,expiry,0000018230,,0.130012727721738,0.013206383471941054,0.198198810535259,,,,,,,7e06841522c9c157c9e4a51d,False,,,,,,,,,,,,,,,,,,,,,,,,,,,,,,,,,,,,,,,,,,,,,,,,bounded_preclose_bid_ask,,,,False,not_requested_for_horizon_or_variant,,,missing_decision_or_entry_bar,event,covered_call,,missing_decision_or_entry_bar,,,True,,H25,2,CAT,,primary,0.020014239491052493,14.794608831552306,2025
,,,8ead72236037d464b1eff7af,time_value,,,1,1,2022-09-01,2022-09-01,,,167,,,2022-09-02,168,False,,,2023-03-03,,,,,,,"{""market_momentum"": -0.04350343829171188, ""market_volatility"": 0.012022060664735889, ""momentum"": -0.020017192680830243, ""volatility"": 0.010255219900610435, ""volume_state"": 15.051637434679616}",assumed_next_daily_close,,1,0000021665,,-0.04350343829171188,0.012022060664735889,-0.020017192680830243,,,,,,,da7791283ef7b623c90df7d6,False,,,,,,,,,,,,,,,,,,,,,,,,,,,,,,,,,,,,,,,,,,,,,,,,bounded_preclose_bid_ask,,,,False,not_requested_for_horizon_or_variant,,,no_standard_contract_within_rules,ordinary,covered_call,,no_standard_contract_within_rules,,,False,,H25,2,CL,,primary,0.010255219900610435,15.051637434679616,2022
,,,8ead72236037d464b1eff7af,time_value,,,1,1,2022-09-01,2022-09-01,,,167,,,2022-09-02,168,False,,,2023-03-03,,,,,,,"{""market_momentum"": -0.04350343829171188, ""market_volatility"": 0.012022060664735889, ""momentum"": -0.020017192680830243, ""volatility"": 0.010255219900610435, ""volume_state"": 15.051637434679616}",assumed_next_daily_close,,1,0000021665,,-0.04350343829171188,0.012022060664735889,-0.020017192680830243,,,,,,,da7791283ef7b623c90df7d6,False,,,,,,,,,,,,,,,,,,,,,,,,,,,,,,,,,,,,,,,,,,,,,,,,bounded_preclose_bid_ask,,,,False,not_requested_for_horizon_or_variant,,,no_standard_contract_within_rules,ordinary,covered_call,,no_standard_contract_within_rules,,,True,,H25,2,CL,,primary,0.010255219900610435,15.051637434679616,2022
,,,8ead72236037d464b1eff7af,time_value,,,1,1,2022-09-01,2022-09-01,,,167,,,2022-09-02,168,False,,,2023-03-03,,,,,,,"{""market_momentum"": -0.04350343829171188, ""market_volatility"": 0.012022060664735889, ""momentum"": -0.020017192680830243, ""volatility"": 0.010255219900610435, ""volume_state"": 15.051637434679616}",assumed_next_daily_close,,2,0000021665,,-0.04350343829171188,0.012022060664735889,-0.020017192680830243,,,,,,,da7791283ef7b623c90df7d6,False,,,,,,,,,,,,,,,,,,,,,,,,,,,,,,,,,,,,,,,,,,,,,,,,bounded_preclose_bid_ask,,,,False,not_requested_for_horizon_or_variant,,,no_standard_contract_within_rules,ordinary,covered_call,,no_standard_contract_within_rules,,,False,,H25,2,CL,,primary,0.010255219900610435,15.051637434679616,2022
,,,8ead72236037d464b1eff7af,time_value,,,1,1,2022-09-01,2022-09-01,,,167,,,2022-09-02,168,False,,,2023-03-03,,,,,,,"{""market_momentum"": -0.04350343829171188, ""market_volatility"": 0.012022060664735889, ""momentum"": -0.020017192680830243, ""volatility"": 0.010255219900610435, ""volume_state"": 15.051637434679616}",assumed_next_daily_close,,2,0000021665,,-0.04350343829171188,0.012022060664735889,-0.020017192680830243,,,,,,,da7791283ef7b623c90df7d6,False,,,,,,,,,,,,,,,,,,,,,,,,,,,,,,,,,,,,,,,,,,,,,,,,bounded_preclose_bid_ask,,,,False,not_requested_for_horizon_or_variant,,,no_standard_contract_within_rules,ordinary,covered_call,,no_standard_contract_within_rules,,,True,,H25,2,CL,,primary,0.010255219900610435,15.051637434679616,2022
,,,8ead72236037d464b1eff7af,time_value,,,1,1,2022-09-01,2022-09-01,,,167,,,2022-09-02,168,False,,,2023-03-03,,,,,,,"{""market_momentum"": -0.04350343829171188, ""market_volatility"": 0.012022060664735889, ""momentum"": -0.020017192680830243, ""volatility"": 0.010255219900610435, ""volume_state"": 15.051637434679616}",assumed_next_daily_close,,3,0000021665,,-0.04350343829171188,0.012022060664735889,-0.020017192680830243,,,,,,,da7791283ef7b623c90df7d6,False,,,,,,,,,,,,,,,,,,,,,,,,,,,,,,,,,,,,,,,,,,,,,,,,bounded_preclose_bid_ask,,,,False,not_requested_for_horizon_or_variant,,,no_standard_contract_within_rules,ordinary,covered_call,,no_standard_contract_within_rules,,,False,,H25,2,CL,,primary,0.010255219900610435,15.051637434679616,2022
,,,8ead72236037d464b1eff7af,time_value,,,1,1,2022-09-01,2022-09-01,,,167,,,2022-09-02,168,False,,,2023-03-03,,,,,,,"{""market_momentum"": -0.04350343829171188, ""market_volatility"": 0.012022060664735889, ""momentum"": -0.020017192680830243, ""volatility"": 0.010255219900610435, ""volume_state"": 15.051637434679616}",assumed_next_daily_close,,3,0000021665,,-0.04350343829171188,0.012022060664735889,-0.020017192680830243,,,,,,,da7791283ef7b623c90df7d6,False,,,,,,,,,,,,,,,,,,,,,,,,,,,,,,,,,,,,,,,,,,,,,,,,bounded_preclose_bid_ask,,,,False,not_requested_for_horizon_or_variant,,,no_standard_contract_within_rules,ordinary,covered_call,,no_standard_contract_within_rules,,,True,,H25,2,CL,,primary,0.010255219900610435,15.051637434679616,2022
,,,8ead72236037d464b1eff7af,time_value,,,1,1,2022-09-01,2022-09-01,,,167,,,2022-09-02,168,False,,,2023-03-03,,,,,,,"{""market_momentum"": -0.04350343829171188, ""market_volatility"": 0.012022060664735889, ""momentum"": -0.020017192680830243, ""volatility"": 0.010255219900610435, ""volume_state"": 15.051637434679616}",assumed_next_daily_close,,5,0000021665,,-0.04350343829171188,0.012022060664735889,-0.020017192680830243,,,,,,,da7791283ef7b623c90df7d6,False,,,,,,,,,,,,,,,,,,,,,,,,,,,,,,,,,,,,,,,,,,,,,,,,bounded_preclose_bid_ask,,,,False,not_requested_for_horizon_or_variant,,,no_standard_contract_within_rules,ordinary,covered_call,,no_standard_contract_within_rules,,,False,,H25,2,CL,,primary,0.010255219900610435,15.051637434679616,2022
,,,8ead72236037d464b1eff7af,time_value,,,1,1,2022-09-01,2022-09-01,,,167,,,2022-09-02,168,False,,,2023-03-03,,,,,,,"{""market_momentum"": -0.04350343829171188, ""market_volatility"": 0.012022060664735889, ""momentum"": -0.020017192680830243, ""volatility"": 0.010255219900610435, ""volume_state"": 15.051637434679616}",assumed_next_daily_close,,5,0000021665,,-0.04350343829171188,0.012022060664735889,-0.020017192680830243,,,,,,,da7791283ef7b623c90df7d6,False,,,,,,,,,,,,,,,,,,,,,,,,,,,,,,,,,,,,,,,,,,,,,,,,bounded_preclose_bid_ask,,,,False,not_requested_for_horizon_or_variant,,,no_standard_contract_within_rules,ordinary,covered_call,,no_standard_contract_within_rules,,,True,,H25,2,CL,,primary,0.010255219900610435,15.051637434679616,2022
,,,8ead72236037d464b1eff7af,time_value,,,1,1,2022-09-01,2022-09-01,,,167,,,2022-09-02,168,False,,,2023-03-03,,,,,,,"{""market_momentum"": -0.04350343829171188, ""market_volatility"": 0.012022060664735889, ""momentum"": -0.020017192680830243, ""volatility"": 0.010255219900610435, ""volume_state"": 15.051637434679616}",assumed_next_daily_close,,10,0000021665,,-0.04350343829171188,0.012022060664735889,-0.020017192680830243,,,,,,,da7791283ef7b623c90df7d6,False,,,,,,,,,,,,,,,,,,,,,,,,,,,,,,,,,,,,,,,,,,,,,,,,bounded_preclose_bid_ask,,,,False,not_sampled_or_missing_quotes,,,no_standard_contract_within_rules,ordinary,covered_call,,no_standard_contract_within_rules,,,False,,H25,2,CL,,primary,0.010255219900610435,15.051637434679616,2022
,,,8ead72236037d464b1eff7af,time_value,,,1,1,2022-09-01,2022-09-01,,,167,,,2022-09-02,168,False,,,2023-03-03,,,,,,,"{""market_momentum"": -0.04350343829171188, ""market_volatility"": 0.012022060664735889, ""momentum"": -0.020017192680830243, ""volatility"": 0.010255219900610435, ""volume_state"": 15.051637434679616}",assumed_next_daily_close,,10,0000021665,,-0.04350343829171188,0.012022060664735889,-0.020017192680830243,,,,,,,da7791283ef7b623c90df7d6,False,,,,,,,,,,,,,,,,,,,,,,,,,,,,,,,,,,,,,,,,,,,,,,,,bounded_preclose_bid_ask,,,,False,not_sampled_or_missing_quotes,,,no_standard_contract_within_rules,ordinary,covered_call,,no_standard_contract_within_rules,,,True,,H25,2,CL,,primary,0.010255219900610435,15.051637434679616,2022
,,,8ead72236037d464b1eff7af,time_value,,,1,1,2022-09-01,2022-09-01,,,167,,,2022-09-02,168,False,,,2023-03-03,,,,,,,"{""market_momentum"": -0.04350343829171188, ""market_volatility"": 0.012022060664735889, ""momentum"": -0.020017192680830243, ""volatility"": 0.010255219900610435, ""volume_state"": 15.051637434679616}",assumed_next_daily_close,,21,0000021665,,-0.04350343829171188,0.012022060664735889,-0.020017192680830243,,,,,,,da7791283ef7b623c90df7d6,False,,,,,,,,,,,,,,,,,,,,,,,,,,,,,,,,,,,,,,,,,,,,,,,,bounded_preclose_bid_ask,,,,False,not_requested_for_horizon_or_variant,,,no_standard_contract_within_rules,ordinary,covered_call,,no_standard_contract_within_rules,,,False,,H25,2,CL,,primary,0.010255219900610435,15.051637434679616,2022
,,,8ead72236037d464b1eff7af,time_value,,,1,1,2022-09-01,2022-09-01,,,167,,,2022-09-02,168,False,,,2023-03-03,,,,,,,"{""market_momentum"": -0.04350343829171188, ""market_volatility"": 0.012022060664735889, ""momentum"": -0.020017192680830243, ""volatility"": 0.010255219900610435, ""volume_state"": 15.051637434679616}",assumed_next_daily_close,,21,0000021665,,-0.04350343829171188,0.012022060664735889,-0.020017192680830243,,,,,,,da7791283ef7b623c90df7d6,False,,,,,,,,,,,,,,,,,,,,,,,,,,,,,,,,,,,,,,,,,,,,,,,,bounded_preclose_bid_ask,,,,False,not_requested_for_horizon_or_variant,,,no_standard_contract_within_rules,ordinary,covered_call,,no_standard_contract_within_rules,,,True,,H25,2,CL,,primary,0.010255219900610435,15.051637434679616,2022
,,,8ead72236037d464b1eff7af,time_value,,,1,1,2022-09-01,2022-09-01,,,167,,,2022-09-02,168,False,,,2023-03-03,,,,,,,"{""market_momentum"": -0.04350343829171188, ""market_volatility"": 0.012022060664735889, ""momentum"": -0.020017192680830243, ""volatility"": 0.010255219900610435, ""volume_state"": 15.051637434679616}",assumed_next_daily_close,,42,0000021665,,-0.04350343829171188,0.012022060664735889,-0.020017192680830243,,,,,,,da7791283ef7b623c90df7d6,False,,,,,,,,,,,,,,,,,,,,,,,,,,,,,,,,,,,,,,,,,,,,,,,,bounded_preclose_bid_ask,,,,False,not_requested_for_horizon_or_variant,,,no_standard_contract_within_rules,ordinary,covered_call,,no_standard_contract_within_rules,,,False,,H25,2,CL,,primary,0.010255219900610435,15.051637434679616,2022
,,,8ead72236037d464b1eff7af,time_value,,,1,1,2022-09-01,2022-09-01,,,167,,,2022-09-02,168,False,,,2023-03-03,,,,,,,"{""market_momentum"": -0.04350343829171188, ""market_volatility"": 0.012022060664735889, ""momentum"": -0.020017192680830243, ""volatility"": 0.010255219900610435, ""volume_state"": 15.051637434679616}",assumed_next_daily_close,,42,0000021665,,-0.04350343829171188,0.012022060664735889,-0.020017192680830243,,,,,,,da7791283ef7b623c90df7d6,False,,,,,,,,,,,,,,,,,,,,,,,,,,,,,,,,,,,,,,,,,,,,,,,,bounded_preclose_bid_ask,,,,False,not_requested_for_horizon_or_variant,,,no_standard_contract_within_rules,ordinary,covered_call,,no_standard_contract_within_rules,,,True,,H25,2,CL,,primary,0.010255219900610435,15.051637434679616,2022
,,,8ead72236037d464b1eff7af,time_value,,,1,1,2022-09-01,2022-09-01,,,167,,,2022-09-02,168,False,,,2023-03-03,,,,,,,"{""market_momentum"": -0.04350343829171188, ""market_volatility"": 0.012022060664735889, ""momentum"": -0.020017192680830243, ""volatility"": 0.010255219900610435, ""volume_state"": 15.051637434679616}",assumed_next_daily_close,,63,0000021665,,-0.04350343829171188,0.012022060664735889,-0.020017192680830243,,,,,,,da7791283ef7b623c90df7d6,False,,,,,,,,,,,,,,,,,,,,,,,,,,,,,,,,,,,,,,,,,,,,,,,,bounded_preclose_bid_ask,,,,False,not_requested_for_horizon_or_variant,,,no_standard_contract_within_rules,ordinary,covered_call,,no_standard_contract_within_rules,,,False,,H25,2,CL,,primary,0.010255219900610435,15.051637434679616,2022
,,,8ead72236037d464b1eff7af,time_value,,,1,1,2022-09-01,2022-09-01,,,167,,,2022-09-02,168,False,,,2023-03-03,,,,,,,"{""market_momentum"": -0.04350343829171188, ""market_volatility"": 0.012022060664735889, ""momentum"": -0.020017192680830243, ""volatility"": 0.010255219900610435, ""volume_state"": 15.051637434679616}",assumed_next_daily_close,,63,0000021665,,-0.04350343829171188,0.012022060664735889,-0.020017192680830243,,,,,,,da7791283ef7b623c90df7d6,False,,,,,,,,,,,,,,,,,,,,,,,,,,,,,,,,,,,,,,,,,,,,,,,,bounded_preclose_bid_ask,,,,False,not_requested_for_horizon_or_variant,,,no_standard_contract_within_rules,ordinary,covered_call,,no_standard_contract_within_rules,,,True,,H25,2,CL,,primary,0.010255219900610435,15.051637434679616,2022
,,,8ead72236037d464b1eff7af,time_value,,,1,1,2022-09-01,2022-09-01,,,167,,,2022-09-02,168,False,,,2023-03-03,,,,,,,"{""market_momentum"": -0.04350343829171188, ""market_volatility"": 0.012022060664735889, ""momentum"": -0.020017192680830243, ""volatility"": 0.010255219900610435, ""volume_state"": 15.051637434679616}",assumed_next_daily_close,,expiry,0000021665,,-0.04350343829171188,0.012022060664735889,-0.020017192680830243,,,,,,,da7791283ef7b623c90df7d6,False,,,,,,,,,,,,,,,,,,,,,,,,,,,,,,,,,,,,,,,,,,,,,,,,bounded_preclose_bid_ask,,,,False,not_requested_for_horizon_or_variant,,,no_standard_contract_within_rules,ordinary,covered_call,,no_standard_contract_within_rules,,,False,,H25,2,CL,,primary,0.010255219900610435,15.051637434679616,2022
,,,8ead72236037d464b1eff7af,time_value,,,1,1,2022-09-01,2022-09-01,,,167,,,2022-09-02,168,False,,,2023-03-03,,,,,,,"{""market_momentum"": -0.04350343829171188, ""market_volatility"": 0.012022060664735889, ""momentum"": -0.020017192680830243, ""volatility"": 0.010255219900610435, ""volume_state"": 15.051637434679616}",assumed_next_daily_close,,expiry,0000021665,,-0.04350343829171188,0.012022060664735889,-0.020017192680830243,,,,,,,da7791283ef7b623c90df7d6,False,,,,,,,,,,,,,,,,,,,,,,,,,,,,,,,,,,,,,,,,,,,,,,,,bounded_preclose_bid_ask,,,,False,not_requested_for_horizon_or_variant,,,no_standard_contract_within_rules,ordinary,covered_call,,no_standard_contract_within_rules,,,True,,H25,2,CL,,primary,0.010255219900610435,15.051637434679616,2022
,,,914b401307f7d9618ca3dc23,time_value,,,1,1,2025-06-12,2025-06-12,,,863,,,2025-06-13,864,False,,,2025-11-12,,,,,,,"{""market_momentum"": 0.028815350010224172, ""market_volatility"": 0.007372316594017969, ""momentum"": 0.08800171710667515, ""volatility"": 0.018139569977681007, ""volume_state"": 16.383278558364555}",assumed_next_daily_close,,1,0000014272,,0.028815350010224172,0.007372316594017969,0.08800171710667515,,,,,,,e2067d880a3b447a5e772f16,False,,,,,,,,,,,,,,,,,,,,,,,,,,,,,,,,,,,,,,,,,,,,,,,,bounded_preclose_bid_ask,,,,False,not_requested_for_horizon_or_variant,,,thin_prior_option_volume,ordinary,protective_put,,thin_prior_option_volume,,,False,,H25,2,BMY,,primary,0.018139569977681007,16.383278558364555,2025
,,,914b401307f7d9618ca3dc23,time_value,,,1,1,2025-06-12,2025-06-12,,,863,,,2025-06-13,864,False,,,2025-11-12,,,,,,,"{""market_momentum"": 0.028815350010224172, ""market_volatility"": 0.007372316594017969, ""momentum"": 0.08800171710667515, ""volatility"": 0.018139569977681007, ""volume_state"": 16.383278558364555}",assumed_next_daily_close,,1,0000014272,,0.028815350010224172,0.007372316594017969,0.08800171710667515,,,,,,,e2067d880a3b447a5e772f16,False,,,,,,,,,,,,,,,,,,,,,,,,,,,,,,,,,,,,,,,,,,,,,,,,bounded_preclose_bid_ask,,,,False,not_requested_for_horizon_or_variant,,,thin_prior_option_volume,ordinary,protective_put,,thin_prior_option_volume,,,True,,H25,2,BMY,,primary,0.018139569977681007,16.383278558364555,2025
,,,914b401307f7d9618ca3dc23,time_value,,,1,1,2025-06-12,2025-06-12,,,863,,,2025-06-13,864,False,,,2025-11-12,,,,,,,"{""market_momentum"": 0.028815350010224172, ""market_volatility"": 0.007372316594017969, ""momentum"": 0.08800171710667515, ""volatility"": 0.018139569977681007, ""volume_state"": 16.383278558364555}",assumed_next_daily_close,,2,0000014272,,0.028815350010224172,0.007372316594017969,0.08800171710667515,,,,,,,e2067d880a3b447a5e772f16,False,,,,,,,,,,,,,,,,,,,,,,,,,,,,,,,,,,,,,,,,,,,,,,,,bounded_preclose_bid_ask,,,,False,not_requested_for_horizon_or_variant,,,thin_prior_option_volume,ordinary,protective_put,,thin_prior_option_volume,,,False,,H25,2,BMY,,primary,0.018139569977681007,16.383278558364555,2025
,,,914b401307f7d9618ca3dc23,time_value,,,1,1,2025-06-12,2025-06-12,,,863,,,2025-06-13,864,False,,,2025-11-12,,,,,,,"{""market_momentum"": 0.028815350010224172, ""market_volatility"": 0.007372316594017969, ""momentum"": 0.08800171710667515, ""volatility"": 0.018139569977681007, ""volume_state"": 16.383278558364555}",assumed_next_daily_close,,2,0000014272,,0.028815350010224172,0.007372316594017969,0.08800171710667515,,,,,,,e2067d880a3b447a5e772f16,False,,,,,,,,,,,,,,,,,,,,,,,,,,,,,,,,,,,,,,,,,,,,,,,,bounded_preclose_bid_ask,,,,False,not_requested_for_horizon_or_variant,,,thin_prior_option_volume,ordinary,protective_put,,thin_prior_option_volume,,,True,,H25,2,BMY,,primary,0.018139569977681007,16.383278558364555,2025
,,,914b401307f7d9618ca3dc23,time_value,,,1,1,2025-06-12,2025-06-12,,,863,,,2025-06-13,864,False,,,2025-11-12,,,,,,,"{""market_momentum"": 0.028815350010224172, ""market_volatility"": 0.007372316594017969, ""momentum"": 0.08800171710667515, ""volatility"": 0.018139569977681007, ""volume_state"": 16.383278558364555}",assumed_next_daily_close,,3,0000014272,,0.028815350010224172,0.007372316594017969,0.08800171710667515,,,,,,,e2067d880a3b447a5e772f16,False,,,,,,,,,,,,,,,,,,,,,,,,,,,,,,,,,,,,,,,,,,,,,,,,bounded_preclose_bid_ask,,,,False,not_requested_for_horizon_or_variant,,,thin_prior_option_volume,ordinary,protective_put,,thin_prior_option_volume,,,False,,H25,2,BMY,,primary,0.018139569977681007,16.383278558364555,2025
,,,914b401307f7d9618ca3dc23,time_value,,,1,1,2025-06-12,2025-06-12,,,863,,,2025-06-13,864,False,,,2025-11-12,,,,,,,"{""market_momentum"": 0.028815350010224172, ""market_volatility"": 0.007372316594017969, ""momentum"": 0.08800171710667515, ""volatility"": 0.018139569977681007, ""volume_state"": 16.383278558364555}",assumed_next_daily_close,,3,0000014272,,0.028815350010224172,0.007372316594017969,0.08800171710667515,,,,,,,e2067d880a3b447a5e772f16,False,,,,,,,,,,,,,,,,,,,,,,,,,,,,,,,,,,,,,,,,,,,,,,,,bounded_preclose_bid_ask,,,,False,not_requested_for_horizon_or_variant,,,thin_prior_option_volume,ordinary,protective_put,,thin_prior_option_volume,,,True,,H25,2,BMY,,primary,0.018139569977681007,16.383278558364555,2025
,,,914b401307f7d9618ca3dc23,time_value,,,1,1,2025-06-12,2025-06-12,,,863,,,2025-06-13,864,False,,,2025-11-12,,,,,,,"{""market_momentum"": 0.028815350010224172, ""market_volatility"": 0.007372316594017969, ""momentum"": 0.08800171710667515, ""volatility"": 0.018139569977681007, ""volume_state"": 16.383278558364555}",assumed_next_daily_close,,5,0000014272,,0.028815350010224172,0.007372316594017969,0.08800171710667515,,,,,,,e2067d880a3b447a5e772f16,False,,,,,,,,,,,,,,,,,,,,,,,,,,,,,,,,,,,,,,,,,,,,,,,,bounded_preclose_bid_ask,,,,False,not_requested_for_horizon_or_variant,,,thin_prior_option_volume,ordinary,protective_put,,thin_prior_option_volume,,,False,,H25,2,BMY,,primary,0.018139569977681007,16.383278558364555,2025
,,,914b401307f7d9618ca3dc23,time_value,,,1,1,2025-06-12,2025-06-12,,,863,,,2025-06-13,864,False,,,2025-11-12,,,,,,,"{""market_momentum"": 0.028815350010224172, ""market_volatility"": 0.007372316594017969, ""momentum"": 0.08800171710667515, ""volatility"": 0.018139569977681007, ""volume_state"": 16.383278558364555}",assumed_next_daily_close,,5,0000014272,,0.028815350010224172,0.007372316594017969,0.08800171710667515,,,,,,,e2067d880a3b447a5e772f16,False,,,,,,,,,,,,,,,,,,,,,,,,,,,,,,,,,,,,,,,,,,,,,,,,bounded_preclose_bid_ask,,,,False,not_requested_for_horizon_or_variant,,,thin_prior_option_volume,ordinary,protective_put,,thin_prior_option_volume,,,True,,H25,2,BMY,,primary,0.018139569977681007,16.383278558364555,2025
,,,914b401307f7d9618ca3dc23,time_value,,,1,1,2025-06-12,2025-06-12,,,863,,,2025-06-13,864,False,,,2025-11-12,,,,,,,"{""market_momentum"": 0.028815350010224172, ""market_volatility"": 0.007372316594017969, ""momentum"": 0.08800171710667515, ""volatility"": 0.018139569977681007, ""volume_state"": 16.383278558364555}",assumed_next_daily_close,,10,0000014272,,0.028815350010224172,0.007372316594017969,0.08800171710667515,,,,,,,e2067d880a3b447a5e772f16,False,,,,,,,,,,,,,,,,,,,,,,,,,,,,,,,,,,,,,,,,,,,,,,,,bounded_preclose_bid_ask,,,,False,bar_outcome_not_completed,,,thin_prior_option_volume,ordinary,protective_put,,thin_prior_option_volume,,,False,,H25,2,BMY,,primary,0.018139569977681007,16.383278558364555,2025
,,,914b401307f7d9618ca3dc23,time_value,,,1,1,2025-06-12,2025-06-12,,,863,,,2025-06-13,864,False,,,2025-11-12,,,,,,,"{""market_momentum"": 0.028815350010224172, ""market_volatility"": 0.007372316594017969, ""momentum"": 0.08800171710667515, ""volatility"": 0.018139569977681007, ""volume_state"": 16.383278558364555}",assumed_next_daily_close,,10,0000014272,,0.028815350010224172,0.007372316594017969,0.08800171710667515,,,,,,,e2067d880a3b447a5e772f16,False,,,,,,,,,,,,,,,,,,,,,,,,,,,,,,,,,,,,,,,,,,,,,,,,bounded_preclose_bid_ask,,,,False,bar_outcome_not_completed,,,thin_prior_option_volume,ordinary,protective_put,,thin_prior_option_volume,,,True,,H25,2,BMY,,primary,0.018139569977681007,16.383278558364555,2025
,,,914b401307f7d9618ca3dc23,time_value,,,1,1,2025-06-12,2025-06-12,,,863,,,2025-06-13,864,False,,,2025-11-12,,,,,,,"{""market_momentum"": 0.028815350010224172, ""market_volatility"": 0.007372316594017969, ""momentum"": 0.08800171710667515, ""volatility"": 0.018139569977681007, ""volume_state"": 16.383278558364555}",assumed_next_daily_close,,21,0000014272,,0.028815350010224172,0.007372316594017969,0.08800171710667515,,,,,,,e2067d880a3b447a5e772f16,False,,,,,,,,,,,,,,,,,,,,,,,,,,,,,,,,,,,,,,,,,,,,,,,,bounded_preclose_bid_ask,,,,False,not_requested_for_horizon_or_variant,,,thin_prior_option_volume,ordinary,protective_put,,thin_prior_option_volume,,,False,,H25,2,BMY,,primary,0.018139569977681007,16.383278558364555,2025
,,,914b401307f7d9618ca3dc23,time_value,,,1,1,2025-06-12,2025-06-12,,,863,,,2025-06-13,864,False,,,2025-11-12,,,,,,,"{""market_momentum"": 0.028815350010224172, ""market_volatility"": 0.007372316594017969, ""momentum"": 0.08800171710667515, ""volatility"": 0.018139569977681007, ""volume_state"": 16.383278558364555}",assumed_next_daily_close,,21,0000014272,,0.028815350010224172,0.007372316594017969,0.08800171710667515,,,,,,,e2067d880a3b447a5e772f16,False,,,,,,,,,,,,,,,,,,,,,,,,,,,,,,,,,,,,,,,,,,,,,,,,bounded_preclose_bid_ask,,,,False,not_requested_for_horizon_or_variant,,,thin_prior_option_volume,ordinary,protective_put,,thin_prior_option_volume,,,True,,H25,2,BMY,,primary,0.018139569977681007,16.383278558364555,2025
,,,914b401307f7d9618ca3dc23,time_value,,,1,1,2025-06-12,2025-06-12,,,863,,,2025-06-13,864,False,,,2025-11-12,,,,,,,"{""market_momentum"": 0.028815350010224172, ""market_volatility"": 0.007372316594017969, ""momentum"": 0.08800171710667515, ""volatility"": 0.018139569977681007, ""volume_state"": 16.383278558364555}",assumed_next_daily_close,,42,0000014272,,0.028815350010224172,0.007372316594017969,0.08800171710667515,,,,,,,e2067d880a3b447a5e772f16,False,,,,,,,,,,,,,,,,,,,,,,,,,,,,,,,,,,,,,,,,,,,,,,,,bounded_preclose_bid_ask,,,,False,not_requested_for_horizon_or_variant,,,thin_prior_option_volume,ordinary,protective_put,,thin_prior_option_volume,,,False,,H25,2,BMY,,primary,0.018139569977681007,16.383278558364555,2025
,,,914b401307f7d9618ca3dc23,time_value,,,1,1,2025-06-12,2025-06-12,,,863,,,2025-06-13,864,False,,,2025-11-12,,,,,,,"{""market_momentum"": 0.028815350010224172, ""market_volatility"": 0.007372316594017969, ""momentum"": 0.08800171710667515, ""volatility"": 0.018139569977681007, ""volume_state"": 16.383278558364555}",assumed_next_daily_close,,42,0000014272,,0.028815350010224172,0.007372316594017969,0.08800171710667515,,,,,,,e2067d880a3b447a5e772f16,False,,,,,,,,,,,,,,,,,,,,,,,,,,,,,,,,,,,,,,,,,,,,,,,,bounded_preclose_bid_ask,,,,False,not_requested_for_horizon_or_variant,,,thin_prior_option_volume,ordinary,protective_put,,thin_prior_option_volume,,,True,,H25,2,BMY,,primary,0.018139569977681007,16.383278558364555,2025
,,,914b401307f7d9618ca3dc23,time_value,,,1,1,2025-06-12,2025-06-12,,,863,,,2025-06-13,864,False,,,2025-11-12,,,,,,,"{""market_momentum"": 0.028815350010224172, ""market_volatility"": 0.007372316594017969, ""momentum"": 0.08800171710667515, ""volatility"": 0.018139569977681007, ""volume_state"": 16.383278558364555}",assumed_next_daily_close,,63,0000014272,,0.028815350010224172,0.007372316594017969,0.08800171710667515,,,,,,,e2067d880a3b447a5e772f16,False,,,,,,,,,,,,,,,,,,,,,,,,,,,,,,,,,,,,,,,,,,,,,,,,bounded_preclose_bid_ask,,,,False,not_requested_for_horizon_or_variant,,,thin_prior_option_volume,ordinary,protective_put,,thin_prior_option_volume,,,False,,H25,2,BMY,,primary,0.018139569977681007,16.383278558364555,2025
,,,914b401307f7d9618ca3dc23,time_value,,,1,1,2025-06-12,2025-06-12,,,863,,,2025-06-13,864,False,,,2025-11-12,,,,,,,"{""market_momentum"": 0.028815350010224172, ""market_volatility"": 0.007372316594017969, ""momentum"": 0.08800171710667515, ""volatility"": 0.018139569977681007, ""volume_state"": 16.383278558364555}",assumed_next_daily_close,,63,0000014272,,0.028815350010224172,0.007372316594017969,0.08800171710667515,,,,,,,e2067d880a3b447a5e772f16,False,,,,,,,,,,,,,,,,,,,,,,,,,,,,,,,,,,,,,,,,,,,,,,,,bounded_preclose_bid_ask,,,,False,not_requested_for_horizon_or_variant,,,thin_prior_option_volume,ordinary,protective_put,,thin_prior_option_volume,,,True,,H25,2,BMY,,primary,0.018139569977681007,16.383278558364555,2025
,,,914b401307f7d9618ca3dc23,time_value,,,1,1,2025-06-12,2025-06-12,,,863,,,2025-06-13,864,False,,,2025-11-12,,,,,,,"{""market_momentum"": 0.028815350010224172, ""market_volatility"": 0.007372316594017969, ""momentum"": 0.08800171710667515, ""volatility"": 0.018139569977681007, ""volume_state"": 16.383278558364555}",assumed_next_daily_close,,expiry,0000014272,,0.028815350010224172,0.007372316594017969,0.08800171710667515,,,,,,,e2067d880a3b447a5e772f16,False,,,,,,,,,,,,,,,,,,,,,,,,,,,,,,,,,,,,,,,,,,,,,,,,bounded_preclose_bid_ask,,,,False,not_requested_for_horizon_or_variant,,,thin_prior_option_volume,ordinary,protective_put,,thin_prior_option_volume,,,False,,H25,2,BMY,,primary,0.018139569977681007,16.383278558364555,2025
,,,914b401307f7d9618ca3dc23,time_value,,,1,1,2025-06-12,2025-06-12,,,863,,,2025-06-13,864,False,,,2025-11-12,,,,,,,"{""market_momentum"": 0.028815350010224172, ""market_volatility"": 0.007372316594017969, ""momentum"": 0.08800171710667515, ""volatility"": 0.018139569977681007, ""volume_state"": 16.383278558364555}",assumed_next_daily_close,,expiry,0000014272,,0.028815350010224172,0.007372316594017969,0.08800171710667515,,,,,,,e2067d880a3b447a5e772f16,False,,,,,,,,,,,,,,,,,,,,,,,,,,,,,,,,,,,,,,,,,,,,,,,,bounded_preclose_bid_ask,,,,False,not_requested_for_horizon_or_variant,,,thin_prior_option_volume,ordinary,protective_put,,thin_prior_option_volume,,,True,,H25,2,BMY,,primary,0.018139569977681007,16.383278558364555,2025
0.05901256208004679,2024-08-15,657,9b11439c96f58dc16b49c4da,time_value,9.669,O:KO241220C00072500,1,1,2024-08-13,2024-08-13,129,0.01460706982179375,655,0.0,0.0029060367454067865,2024-08-14,656,True,2024-08-15,657,2024-08-13,83,14328033.0,2024-08-15,scheduled_exit,657,2024-12-20,"{""market_momentum"": -0.03470874218652609, ""market_volatility"": 0.013362514442200286, ""momentum"": 0.0796404352625768, ""volatility"": 0.010748339054640028, ""volume_state"": 16.4517078696517}",assumed_next_daily_close,6858.0,1,0000021344,0,-0.03470874218652609,0.013362514442200286,0.0796404352625768,-6.633799999999086,-0.0009673082531348915,9.9648,1.04,0.98,6.000000000000005,2500e73444a9467d6247df7d,True,0.0010787486515641855,927,7.731796833553944e-06,12933604.2,,,,,,,,,,,,,,,,,,,,,,,,,,,,,,,,,,,,,,,,,,,,bounded_preclose_bid_ask,,,,False,not_requested_for_horizon_or_variant,,,,event,covered_call,100,completed,68.58,68.65,False,7.0000000000009095,H25,2,KO,19.6338,primary,0.010748339054640028,16.4517078696517,2024
0.05901256208004679,2024-08-15,657,9b11439c96f58dc16b49c4da,time_value,4.119,O:KO241220C00072500,1,1,2024-08-13,2024-08-13,129,0.01460706982179375,655,0.0,0.0012000000000000417,2024-08-14,656,True,2024-08-15,657,2024-08-13,83,14328033.0,2024-08-15,scheduled_exit,657,2024-12-20,"{""market_momentum"": -0.03470874218652609, ""market_volatility"": 0.013362514442200286, ""momentum"": 0.0796404352625768, ""volatility"": 0.010748339054640028, ""volume_state"": 16.4517078696517}",assumed_next_daily_close,6858.0,1,0000021344,0,-0.03470874218652609,0.013362514442200286,0.0796404352625768,-1.23379999999909,-0.0001799066783317425,4.1148,1.04,0.0,-0.0,2500e73444a9467d6247df7d,True,0.0010787486515641855,927,7.731796833553944e-06,12933604.2,,,,,,,,,,,,,,,,,,,,,,,,,,,,,,,,,,,,,,,,,,,,bounded_preclose_bid_ask,,,,False,not_requested_for_horizon_or_variant,,,,event,covered_call,100,completed,68.58,68.65,True,7.0000000000009095,H25,2,KO,8.233799999999999,primary,0.010748339054640028,16.4517078696517,2024
0.05901256208004679,2024-08-16,658,9b11439c96f58dc16b49c4da,time_value,10.000800000000002,O:KO241220C00072500,1,1,2024-08-13,2024-08-13,129,0.01460706982179375,655,0.0,0.0029060367454067865,2024-08-14,656,True,2024-08-16,658,2024-08-13,83,14328033.0,2024-08-16,scheduled_exit,658,2024-12-20,"{""market_momentum"": -0.03470874218652609, ""market_volatility"": 0.013362514442200286, ""momentum"": 0.0796404352625768, ""volatility"": 0.010748339054640028, ""volume_state"": 16.4517078696517}",assumed_next_daily_close,6858.0,2,0000021344,0,-0.03470874218652609,0.013362514442200286,0.0796404352625768,40.034400000000915,0.005837620297462951,9.9648,1.04,1.04,-0.0,2500e73444a9467d6247df7d,True,0.0010787486515641855,927,7.731796833553944e-06,12933604.2,,,,,,,,,,,,,,,,,,,,,,,,,,,,,,,,,,,,,,,,,,,,bounded_preclose_bid_ask,,,,False,not_requested_for_horizon_or_variant,,,,event,covered_call,100,completed,68.58,69.18,False,60.00000000000091,H25,2,KO,19.965600000000002,primary,0.010748339054640028,16.4517078696517,2024
0.05901256208004679,2024-08-16,658,9b11439c96f58dc16b49c4da,time_value,4.1508,O:KO241220C00072500,1,1,2024-08-13,2024-08-13,129,0.01460706982179375,655,0.0,0.0012000000000000417,2024-08-14,656,True,2024-08-16,658,2024-08-13,83,14328033.0,2024-08-16,scheduled_exit,658,2024-12-20,"{""market_momentum"": -0.03470874218652609, ""market_volatility"": 0.013362514442200286, ""momentum"": 0.0796404352625768, ""volatility"": 0.010748339054640028, ""volume_state"": 16.4517078696517}",assumed_next_daily_close,6858.0,2,0000021344,0,-0.03470874218652609,0.013362514442200286,0.0796404352625768,51.7344000000009,0.007543657042869773,4.1148,1.04,0.0,-0.0,2500e73444a9467d6247df7d,True,0.0010787486515641855,927,7.731796833553944e-06,12933604.2,,,,,,,,,,,,,,,,,,,,,,,,,,,,,,,,,,,,,,,,,,,,bounded_preclose_bid_ask,,,,False,not_requested_for_horizon_or_variant,,,,event,covered_call,100,completed,68.58,69.18,True,60.00000000000091,H25,2,KO,8.2656,primary,0.010748339054640028,16.4517078696517,2024
0.05901256208004679,2024-08-19,659,9b11439c96f58dc16b49c4da,time_value,9.3888,O:KO241220C00072500,1,1,2024-08-13,2024-08-13,129,0.01460706982179375,655,0.0,0.0029060367454067865,2024-08-14,656,True,2024-08-19,659,2024-08-13,83,14328033.0,2024-08-19,scheduled_exit,659,2024-12-20,"{""market_momentum"": -0.03470874218652609, ""market_volatility"": 0.013362514442200286, ""momentum"": 0.0796404352625768, ""volatility"": 0.010748339054640028, ""volume_state"": 16.4517078696517}",assumed_next_daily_close,6858.0,3,0000021344,0,-0.03470874218652609,0.013362514442200286,0.0796404352625768,32.6464,0.004760338291046952,9.9648,1.04,0.92,12.0,2500e73444a9467d6247df7d,True,0.0010787486515641855,927,7.731796833553944e-06,12933604.2,,,,,,,,,,,,,,,,,,,,,,,,,,,,,,,,,,,,,,,,,,,,bounded_preclose_bid_ask,,,,False,not_requested_for_horizon_or_variant,,,,event,covered_call,100,completed,68.58,68.98,False,40.0,H25,2,KO,19.3536,primary,0.010748339054640028,16.4517078696517,2024
0.05901256208004679,2024-08-19,659,9b11439c96f58dc16b49c4da,time_value,4.1388,O:KO241220C00072500,1,1,2024-08-13,2024-08-13,129,0.01460706982179375,655,0.0,0.0012000000000000417,2024-08-14,656,True,2024-08-19,659,2024-08-13,83,14328033.0,2024-08-19,scheduled_exit,659,2024-12-20,"{""market_momentum"": -0.03470874218652609, ""market_volatility"": 0.013362514442200286, ""momentum"": 0.0796404352625768, ""volatility"": 0.010748339054640028, ""volume_state"": 16.4517078696517}",assumed_next_daily_close,6858.0,3,0000021344,0,-0.03470874218652609,0.013362514442200286,0.0796404352625768,31.746399999999998,0.0046291046952464275,4.1148,1.04,0.0,-0.0,2500e73444a9467d6247df7d,True,0.0010787486515641855,927,7.731796833553944e-06,12933604.2,,,,,,,,,,,,,,,,,,,,,,,,,,,,,,,,,,,,,,,,,,,,bounded_preclose_bid_ask,,,,False,not_requested_for_horizon_or_variant,,,,event,covered_call,100,completed,68.58,68.98,True,40.0,H25,2,KO,8.253599999999999,primary,0.010748339054640028,16.4517078696517,2024
0.05901256208004679,2024-08-21,661,9b11439c96f58dc16b49c4da,time_value,10.1242,O:KO241220C00072500,1,1,2024-08-13,2024-08-13,129,0.01460706982179375,655,0.0,0.0029060367454067865,2024-08-14,656,True,2024-08-21,661,2024-08-13,83,14328033.0,2024-08-21,scheduled_exit,661,2024-12-20,"{""market_momentum"": -0.03470874218652609, ""market_volatility"": 0.013362514442200286, ""momentum"": 0.0796404352625768, ""volatility"": 0.010748339054640028, ""volume_state"": 16.4517078696517}",assumed_next_daily_close,6858.0,5,0000021344,0,-0.03470874218652609,0.013362514442200286,0.0796404352625768,76.91099999999909,0.011214785651793393,9.9648,1.04,1.06,-2.0000000000000018,2500e73444a9467d6247df7d,True,0.0010787486515641855,927,7.731796833553944e-06,12933604.2,,,,,,,,,,,,,,,,,,,,,,,,,,,,,,,,,,,,,,,,,,,,bounded_preclose_bid_ask,,,,False,not_requested_for_horizon_or_variant,,,,event,covered_call,100,completed,68.58,69.57,False,98.99999999999909,H25,2,KO,20.089,primary,0.010748339054640028,16.4517078696517,2024
0.05901256208004679,2024-08-21,661,9b11439c96f58dc16b49c4da,time_value,4.174199999999999,O:KO241220C00072500,1,1,2024-08-13,2024-08-13,129,0.01460706982179375,655,0.0,0.0012000000000000417,2024-08-14,656,True,2024-08-21,661,2024-08-13,83,14328033.0,2024-08-21,scheduled_exit,661,2024-12-20,"{""market_momentum"": -0.03470874218652609, ""market_volatility"": 0.013362514442200286, ""momentum"": 0.0796404352625768, ""volatility"": 0.010748339054640028, ""volume_state"": 16.4517078696517}",assumed_next_daily_close,6858.0,5,0000021344,0,-0.03470874218652609,0.013362514442200286,0.0796404352625768,90.71099999999909,0.013227034120734775,4.1148,1.04,0.0,-0.0,2500e73444a9467d6247df7d,True,0.0010787486515641855,927,7.731796833553944e-06,12933604.2,,,,,,,,,,,,,,,,,,,,,,,,,,,,,,,,,,,,,,,,,,,,bounded_preclose_bid_ask,,,,False,not_requested_for_horizon_or_variant,,,,event,covered_call,100,completed,68.58,69.57,True,98.99999999999909,H25,2,KO,8.288999999999998,primary,0.010748339054640028,16.4517078696517,2024
0.05901256208004679,2024-08-28,666,9b11439c96f58dc16b49c4da,time_value,15.055000000000001,O:KO241220C00072500,1,1,2024-08-13,2024-08-13,129,0.01460706982179375,655,0.0,0.0029060367454067865,2024-08-14,656,True,2024-08-28,666,2024-08-13,83,14328033.0,2024-08-28,scheduled_exit,666,2024-12-20,"{""market_momentum"": -0.03470874218652609, ""market_volatility"": 0.013362514442200286, ""momentum"": 0.0796404352625768, ""volatility"": 0.010748339054640028, ""volume_state"": 16.4517078696517}",assumed_next_daily_close,6858.0,10,0000021344,0,-0.03470874218652609,0.013362514442200286,0.0796404352625768,193.9802,0.028285243511227763,9.9648,1.04,2.02,-98.0,2500e73444a9467d6247df7d,True,0.0010787486515641855,927,7.731796833553944e-06,12933604.2,,,,,,,,,,,,,,,,,,,,,,,,,,,,,,,,,,,,,,,,,,,,bounded_preclose_bid_ask,,,,False,decision_asynchronous_quotes,,,,event,covered_call,100,completed,68.58,71.75,False,317.0,H25,2,KO,25.019800000000004,primary,0.010748339054640028,16.4517078696517,2024
0.05901256208004679,2024-08-28,666,9b11439c96f58dc16b49c4da,time_value,4.305,O:KO241220C00072500,1,1,2024-08-13,2024-08-13,129,0.01460706982179375,655,0.0,0.0012000000000000417,2024-08-14,656,True,2024-08-28,666,2024-08-13,83,14328033.0,2024-08-28,scheduled_exit,666,2024-12-20,"{""market_momentum"": -0.03470874218652609, ""market_volatility"": 0.013362514442200286, ""momentum"": 0.0796404352625768, ""volatility"": 0.010748339054640028, ""volume_state"": 16.4517078696517}",assumed_next_daily_close,6858.0,10,0000021344,0,-0.03470874218652609,0.013362514442200286,0.0796404352625768,308.5802,0.044995654709827936,4.1148,1.04,0.0,-0.0,2500e73444a9467d6247df7d,True,0.0010787486515641855,927,7.731796833553944e-06,12933604.2,,,,,,,,,,,,,,,,,,,,,,,,,,,,,,,,,,,,,,,,,,,,bounded_preclose_bid_ask,,,,False,decision_asynchronous_quotes,,,,event,covered_call,100,completed,68.58,71.75,True,317.0,H25,2,KO,8.419799999999999,primary,0.010748339054640028,16.4517078696517,2024
0.05901256208004679,2024-09-13,677,9b11439c96f58dc16b49c4da,time_value,15.084599999999998,O:KO241220C00072500,1,1,2024-08-13,2024-08-13,129,0.01460706982179375,655,48.5,0.0029060367454067865,2024-08-14,656,True,2024-09-13,677,2024-08-13,83,14328033.0,2024-09-13,scheduled_exit,677,2024-12-20,"{""market_momentum"": -0.03470874218652609, ""market_volatility"": 0.013362514442200286, ""momentum"": 0.0796404352625768, ""volatility"": 0.010748339054640028, ""volume_state"": 16.4517078696517}",assumed_next_daily_close,6858.0,21,0000021344,0,-0.03470874218652609,0.013362514442200286,0.0796404352625768,207.45060000000004,0.03024943132108487,9.9648,1.04,2.03,-98.99999999999997,2500e73444a9467d6247df7d,True,0.0010787486515641855,927,7.731796833553944e-06,12933604.2,,,,,,,,,,,,,,,,,,,,,,,,,,,,,,,,,,,,,,,,,,,,bounded_preclose_bid_ask,,,,False,not_requested_for_horizon_or_variant,,,,event,covered_call,100,completed,68.58,71.41,False,283.0,H25,2,KO,25.0494,primary,0.010748339054640028,16.4517078696517,2024
0.05901256208004679,2024-09-13,677,9b11439c96f58dc16b49c4da,time_value,4.284599999999999,O:KO241220C00072500,1,1,2024-08-13,2024-08-13,129,0.01460706982179375,655,48.5,0.0012000000000000417,2024-08-14,656,True,2024-09-13,677,2024-08-13,83,14328033.0,2024-09-13,scheduled_exit,677,2024-12-20,"{""market_momentum"": -0.03470874218652609, ""market_volatility"": 0.013362514442200286, ""momentum"": 0.0796404352625768, ""volatility"": 0.010748339054640028, ""volume_state"": 16.4517078696517}",assumed_next_daily_close,6858.0,21,0000021344,0,-0.03470874218652609,0.013362514442200286,0.0796404352625768,323.1006,0.047112948381452316,4.1148,1.04,0.0,-0.0,2500e73444a9467d6247df7d,True,0.0010787486515641855,927,7.731796833553944e-06,12933604.2,,,,,,,,,,,,,,,,,,,,,,,,,,,,,,,,,,,,,,,,,,,,bounded_preclose_bid_ask,,,,False,not_requested_for_horizon_or_variant,,,,event,covered_call,100,completed,68.58,71.41,True,283.0,H25,2,KO,8.3994,primary,0.010748339054640028,16.4517078696517,2024
0.05901256208004679,2024-10-14,698,9b11439c96f58dc16b49c4da,time_value,10.6204,O:KO241220C00072500,1,1,2024-08-13,2024-08-13,129,0.01460706982179375,655,48.5,0.0029060367454067865,2024-08-14,656,True,2024-10-14,698,2024-08-13,83,14328033.0,2024-10-14,scheduled_exit,698,2024-12-20,"{""market_momentum"": -0.03470874218652609, ""market_volatility"": 0.013362514442200286, ""momentum"": 0.0796404352625768, ""volatility"": 0.010748339054640028, ""volume_state"": 16.4517078696517}",assumed_next_daily_close,6858.0,42,0000021344,0,-0.03470874218652609,0.013362514442200286,0.0796404352625768,192.9148,0.02812989209682123,9.9648,1.04,1.15,-10.999999999999988,2500e73444a9467d6247df7d,True,0.0010787486515641855,927,7.731796833553944e-06,12933604.2,,,,,,,,,,,,,,,,,,,,,,,,,,,,,,,,,,,,,,,,,,,,bounded_preclose_bid_ask,,,,False,not_requested_for_horizon_or_variant,,,,event,covered_call,100,completed,68.58,70.34,False,176.0,H25,2,KO,20.5852,primary,0.010748339054640028,16.4517078696517,2024
0.05901256208004679,2024-10-14,698,9b11439c96f58dc16b49c4da,time_value,4.2204,O:KO241220C00072500,1,1,2024-08-13,2024-08-13,129,0.01460706982179375,655,48.5,0.0012000000000000417,2024-08-14,656,True,2024-10-14,698,2024-08-13,83,14328033.0,2024-10-14,scheduled_exit,698,2024-12-20,"{""market_momentum"": -0.03470874218652609, ""market_volatility"": 0.013362514442200286, ""momentum"": 0.0796404352625768, ""volatility"": 0.010748339054640028, ""volume_state"": 16.4517078696517}",assumed_next_daily_close,6858.0,42,0000021344,0,-0.03470874218652609,0.013362514442200286,0.0796404352625768,216.16479999999999,0.03152009332166812,4.1148,1.04,0.0,-0.0,2500e73444a9467d6247df7d,True,0.0010787486515641855,927,7.731796833553944e-06,12933604.2,,,,,,,,,,,,,,,,,,,,,,,,,,,,,,,,,,,,,,,,,,,,bounded_preclose_bid_ask,,,,False,not_requested_for_horizon_or_variant,,,,event,covered_call,100,completed,68.58,70.34,True,176.0,H25,2,KO,8.3352,primary,0.010748339054640028,16.4517078696517,2024
0.05901256208004679,2024-11-12,719,9b11439c96f58dc16b49c4da,time_value,4.592,O:KO241220C00072500,1,1,2024-08-13,2024-08-13,129,0.01460706982179375,655,48.5,0.058771770195392245,2024-08-14,656,True,2024-11-12,719,2024-08-13,83,14328033.0,2024-11-12,scheduled_exit,719,2024-12-20,"{""market_momentum"": -0.03470874218652609, ""market_volatility"": 0.013362514442200286, ""momentum"": 0.0796404352625768, ""volatility"": 0.010748339054640028, ""volume_state"": 16.4517078696517}",assumed_next_daily_close,6858.0,63,0000021344,0,-0.03470874218652609,0.013362514442200286,0.0796404352625768,-403.0568,-0.058771770195392245,9.9648,1.04,0.03,101.0,2500e73444a9467d6247df7d,True,0.0010787486515641855,927,7.731796833553944e-06,12933604.2,,,,,,,,,,,,,,,,,,,,,,,,,,,,,,,,,,,,,,,,,,,,bounded_preclose_bid_ask,,,,False,not_requested_for_horizon_or_variant,,,,event,covered_call,100,completed,68.58,63.2,False,-538.0,H25,2,KO,14.556799999999999,primary,0.010748339054640028,16.4517078696517,2024
0.05901256208004679,2024-11-12,719,9b11439c96f58dc16b49c4da,time_value,3.792,O:KO241220C00072500,1,1,2024-08-13,2024-08-13,129,0.01460706982179375,655,48.5,0.0725294254884806,2024-08-14,656,True,2024-11-12,719,2024-08-13,83,14328033.0,2024-11-12,scheduled_exit,719,2024-12-20,"{""market_momentum"": -0.03470874218652609, ""market_volatility"": 0.013362514442200286, ""momentum"": 0.0796404352625768, ""volatility"": 0.010748339054640028, ""volume_state"": 16.4517078696517}",assumed_next_daily_close,6858.0,63,0000021344,0,-0.03470874218652609,0.013362514442200286,0.0796404352625768,-497.4068,-0.0725294254884806,4.1148,1.04,0.0,-0.0,2500e73444a9467d6247df7d,True,0.0010787486515641855,927,7.731796833553944e-06,12933604.2,,,,,,,,,,,,,,,,,,,,,,,,,,,,,,,,,,,,,,,,,,,,bounded_preclose_bid_ask,,,,False,not_requested_for_horizon_or_variant,,,,event,covered_call,100,completed,68.58,63.2,True,-538.0,H25,2,KO,7.9068,primary,0.010748339054640028,16.4517078696517,2024
0.05901256208004679,2024-12-20,746,9b11439c96f58dc16b49c4da,time_value,4.403,O:KO241220C00072500,1,1,2024-08-13,2024-08-13,129,0.01460706982179375,655,97.0,0.08020110819480894,2024-08-14,656,True,2024-12-20,746,2024-08-13,83,14328033.0,2024-12-20,expiry_worthless,746,2024-12-20,"{""market_momentum"": -0.03470874218652609, ""market_volatility"": 0.013362514442200286, ""momentum"": 0.0796404352625768, ""volatility"": 0.010748339054640028, ""volume_state"": 16.4517078696517}",assumed_next_daily_close,6858.0,expiry,0000021344,0,-0.03470874218652609,0.013362514442200286,0.0796404352625768,-416.36780000000005,-0.060712715077282015,9.9648,1.04,0.0,104.0,2500e73444a9467d6247df7d,True,0.0010787486515641855,927,7.731796833553944e-06,12933604.2,,,,,,,,,,,,,,,,,,,,,,,,,,,,,,,,,,,,,,,,,,,,bounded_preclose_bid_ask,,,,False,not_requested_for_horizon_or_variant,,,,event,covered_call,100,completed,68.58,62.55,False,-603.0,H25,2,KO,14.367799999999999,primary,0.010748339054640028,16.4517078696517,2024
0.05901256208004679,2024-12-20,746,9b11439c96f58dc16b49c4da,time_value,3.7529999999999997,O:KO241220C00072500,1,1,2024-08-13,2024-08-13,129,0.01460706982179375,655,97.0,0.0938056576261301,2024-08-14,656,True,2024-12-20,746,2024-08-13,83,14328033.0,2024-12-20,scheduled_exit,746,2024-12-20,"{""market_momentum"": -0.03470874218652609, ""market_volatility"": 0.013362514442200286, ""momentum"": 0.0796404352625768, ""volatility"": 0.010748339054640028, ""volume_state"": 16.4517078696517}",assumed_next_daily_close,6858.0,expiry,0000021344,0,-0.03470874218652609,0.013362514442200286,0.0796404352625768,-513.8678,-0.0749296879556722,4.1148,1.04,0.0,-0.0,2500e73444a9467d6247df7d,True,0.0010787486515641855,927,7.731796833553944e-06,12933604.2,,,,,,,,,,,,,,,,,,,,,,,,,,,,,,,,,,,,,,,,,,,,bounded_preclose_bid_ask,,,,False,not_requested_for_horizon_or_variant,,,,event,covered_call,100,completed,68.58,62.55,True,-603.0,H25,2,KO,7.867799999999999,primary,0.010748339054640028,16.4517078696517,2024
,,,9fc063ce8fd9892e3822861a,time_value,,,1,1,2023-11-10,2023-11-10,,,467,,,2023-11-13,468,False,,,2024-05-10,,,,,,,"{""market_momentum"": 0.01602638011345281, ""market_volatility"": 0.009846250731933936, ""momentum"": 0.074039007763681, ""volatility"": 0.009720657700712605, ""volume_state"": 16.523360383437073}",assumed_next_daily_close,,1,0000021344,,0.01602638011345281,0.009846250731933936,0.074039007763681,,,,,,,5dfdcdd547be4111a7c60f62,False,,,,,,,,,,,,,,,,,,,,,,,,,,,,,,,,,,,,,,,,,,,,,,,,bounded_preclose_bid_ask,,,,False,not_requested_for_horizon_or_variant,,,no_standard_contract_within_rules,ordinary,protective_put,,no_standard_contract_within_rules,,,False,,H25,2,KO,,primary,0.009720657700712605,16.523360383437073,2023
,,,9fc063ce8fd9892e3822861a,time_value,,,1,1,2023-11-10,2023-11-10,,,467,,,2023-11-13,468,False,,,2024-05-10,,,,,,,"{""market_momentum"": 0.01602638011345281, ""market_volatility"": 0.009846250731933936, ""momentum"": 0.074039007763681, ""volatility"": 0.009720657700712605, ""volume_state"": 16.523360383437073}",assumed_next_daily_close,,1,0000021344,,0.01602638011345281,0.009846250731933936,0.074039007763681,,,,,,,5dfdcdd547be4111a7c60f62,False,,,,,,,,,,,,,,,,,,,,,,,,,,,,,,,,,,,,,,,,,,,,,,,,bounded_preclose_bid_ask,,,,False,not_requested_for_horizon_or_variant,,,no_standard_contract_within_rules,ordinary,protective_put,,no_standard_contract_within_rules,,,True,,H25,2,KO,,primary,0.009720657700712605,16.523360383437073,2023
,,,9fc063ce8fd9892e3822861a,time_value,,,1,1,2023-11-10,2023-11-10,,,467,,,2023-11-13,468,False,,,2024-05-10,,,,,,,"{""market_momentum"": 0.01602638011345281, ""market_volatility"": 0.009846250731933936, ""momentum"": 0.074039007763681, ""volatility"": 0.009720657700712605, ""volume_state"": 16.523360383437073}",assumed_next_daily_close,,2,0000021344,,0.01602638011345281,0.009846250731933936,0.074039007763681,,,,,,,5dfdcdd547be4111a7c60f62,False,,,,,,,,,,,,,,,,,,,,,,,,,,,,,,,,,,,,,,,,,,,,,,,,bounded_preclose_bid_ask,,,,False,not_requested_for_horizon_or_variant,,,no_standard_contract_within_rules,ordinary,protective_put,,no_standard_contract_within_rules,,,False,,H25,2,KO,,primary,0.009720657700712605,16.523360383437073,2023
,,,9fc063ce8fd9892e3822861a,time_value,,,1,1,2023-11-10,2023-11-10,,,467,,,2023-11-13,468,False,,,2024-05-10,,,,,,,"{""market_momentum"": 0.01602638011345281, ""market_volatility"": 0.009846250731933936, ""momentum"": 0.074039007763681, ""volatility"": 0.009720657700712605, ""volume_state"": 16.523360383437073}",assumed_next_daily_close,,2,0000021344,,0.01602638011345281,0.009846250731933936,0.074039007763681,,,,,,,5dfdcdd547be4111a7c60f62,False,,,,,,,,,,,,,,,,,,,,,,,,,,,,,,,,,,,,,,,,,,,,,,,,bounded_preclose_bid_ask,,,,False,not_requested_for_horizon_or_variant,,,no_standard_contract_within_rules,ordinary,protective_put,,no_standard_contract_within_rules,,,True,,H25,2,KO,,primary,0.009720657700712605,16.523360383437073,2023
,,,9fc063ce8fd9892e3822861a,time_value,,,1,1,2023-11-10,2023-11-10,,,467,,,2023-11-13,468,False,,,2024-05-10,,,,,,,"{""market_momentum"": 0.01602638011345281, ""market_volatility"": 0.009846250731933936, ""momentum"": 0.074039007763681, ""volatility"": 0.009720657700712605, ""volume_state"": 16.523360383437073}",assumed_next_daily_close,,3,0000021344,,0.01602638011345281,0.009846250731933936,0.074039007763681,,,,,,,5dfdcdd547be4111a7c60f62,False,,,,,,,,,,,,,,,,,,,,,,,,,,,,,,,,,,,,,,,,,,,,,,,,bounded_preclose_bid_ask,,,,False,not_requested_for_horizon_or_variant,,,no_standard_contract_within_rules,ordinary,protective_put,,no_standard_contract_within_rules,,,False,,H25,2,KO,,primary,0.009720657700712605,16.523360383437073,2023
,,,9fc063ce8fd9892e3822861a,time_value,,,1,1,2023-11-10,2023-11-10,,,467,,,2023-11-13,468,False,,,2024-05-10,,,,,,,"{""market_momentum"": 0.01602638011345281, ""market_volatility"": 0.009846250731933936, ""momentum"": 0.074039007763681, ""volatility"": 0.009720657700712605, ""volume_state"": 16.523360383437073}",assumed_next_daily_close,,3,0000021344,,0.01602638011345281,0.009846250731933936,0.074039007763681,,,,,,,5dfdcdd547be4111a7c60f62,False,,,,,,,,,,,,,,,,,,,,,,,,,,,,,,,,,,,,,,,,,,,,,,,,bounded_preclose_bid_ask,,,,False,not_requested_for_horizon_or_variant,,,no_standard_contract_within_rules,ordinary,protective_put,,no_standard_contract_within_rules,,,True,,H25,2,KO,,primary,0.009720657700712605,16.523360383437073,2023
,,,9fc063ce8fd9892e3822861a,time_value,,,1,1,2023-11-10,2023-11-10,,,467,,,2023-11-13,468,False,,,2024-05-10,,,,,,,"{""market_momentum"": 0.01602638011345281, ""market_volatility"": 0.009846250731933936, ""momentum"": 0.074039007763681, ""volatility"": 0.009720657700712605, ""volume_state"": 16.523360383437073}",assumed_next_daily_close,,5,0000021344,,0.01602638011345281,0.009846250731933936,0.074039007763681,,,,,,,5dfdcdd547be4111a7c60f62,False,,,,,,,,,,,,,,,,,,,,,,,,,,,,,,,,,,,,,,,,,,,,,,,,bounded_preclose_bid_ask,,,,False,not_requested_for_horizon_or_variant,,,no_standard_contract_within_rules,ordinary,protective_put,,no_standard_contract_within_rules,,,False,,H25,2,KO,,primary,0.009720657700712605,16.523360383437073,2023
,,,9fc063ce8fd9892e3822861a,time_value,,,1,1,2023-11-10,2023-11-10,,,467,,,2023-11-13,468,False,,,2024-05-10,,,,,,,"{""market_momentum"": 0.01602638011345281, ""market_volatility"": 0.009846250731933936, ""momentum"": 0.074039007763681, ""volatility"": 0.009720657700712605, ""volume_state"": 16.523360383437073}",assumed_next_daily_close,,5,0000021344,,0.01602638011345281,0.009846250731933936,0.074039007763681,,,,,,,5dfdcdd547be4111a7c60f62,False,,,,,,,,,,,,,,,,,,,,,,,,,,,,,,,,,,,,,,,,,,,,,,,,bounded_preclose_bid_ask,,,,False,not_requested_for_horizon_or_variant,,,no_standard_contract_within_rules,ordinary,protective_put,,no_standard_contract_within_rules,,,True,,H25,2,KO,,primary,0.009720657700712605,16.523360383437073,2023
,,,9fc063ce8fd9892e3822861a,time_value,,,1,1,2023-11-10,2023-11-10,,,467,,,2023-11-13,468,False,,,2024-05-10,,,,,,,"{""market_momentum"": 0.01602638011345281, ""market_volatility"": 0.009846250731933936, ""momentum"": 0.074039007763681, ""volatility"": 0.009720657700712605, ""volume_state"": 16.523360383437073}",assumed_next_daily_close,,10,0000021344,,0.01602638011345281,0.009846250731933936,0.074039007763681,,,,,,,5dfdcdd547be4111a7c60f62,False,,,,,,,,,,,,,,,,,,,,,,,,,,,,,,,,,,,,,,,,,,,,,,,,bounded_preclose_bid_ask,,,,False,not_sampled_or_missing_quotes,,,no_standard_contract_within_rules,ordinary,protective_put,,no_standard_contract_within_rules,,,False,,H25,2,KO,,primary,0.009720657700712605,16.523360383437073,2023
,,,9fc063ce8fd9892e3822861a,time_value,,,1,1,2023-11-10,2023-11-10,,,467,,,2023-11-13,468,False,,,2024-05-10,,,,,,,"{""market_momentum"": 0.01602638011345281, ""market_volatility"": 0.009846250731933936, ""momentum"": 0.074039007763681, ""volatility"": 0.009720657700712605, ""volume_state"": 16.523360383437073}",assumed_next_daily_close,,10,0000021344,,0.01602638011345281,0.009846250731933936,0.074039007763681,,,,,,,5dfdcdd547be4111a7c60f62,False,,,,,,,,,,,,,,,,,,,,,,,,,,,,,,,,,,,,,,,,,,,,,,,,bounded_preclose_bid_ask,,,,False,not_sampled_or_missing_quotes,,,no_standard_contract_within_rules,ordinary,protective_put,,no_standard_contract_within_rules,,,True,,H25,2,KO,,primary,0.009720657700712605,16.523360383437073,2023
,,,9fc063ce8fd9892e3822861a,time_value,,,1,1,2023-11-10,2023-11-10,,,467,,,2023-11-13,468,False,,,2024-05-10,,,,,,,"{""market_momentum"": 0.01602638011345281, ""market_volatility"": 0.009846250731933936, ""momentum"": 0.074039007763681, ""volatility"": 0.009720657700712605, ""volume_state"": 16.523360383437073}",assumed_next_daily_close,,21,0000021344,,0.01602638011345281,0.009846250731933936,0.074039007763681,,,,,,,5dfdcdd547be4111a7c60f62,False,,,,,,,,,,,,,,,,,,,,,,,,,,,,,,,,,,,,,,,,,,,,,,,,bounded_preclose_bid_ask,,,,False,not_requested_for_horizon_or_variant,,,no_standard_contract_within_rules,ordinary,protective_put,,no_standard_contract_within_rules,,,False,,H25,2,KO,,primary,0.009720657700712605,16.523360383437073,2023
,,,9fc063ce8fd9892e3822861a,time_value,,,1,1,2023-11-10,2023-11-10,,,467,,,2023-11-13,468,False,,,2024-05-10,,,,,,,"{""market_momentum"": 0.01602638011345281, ""market_volatility"": 0.009846250731933936, ""momentum"": 0.074039007763681, ""volatility"": 0.009720657700712605, ""volume_state"": 16.523360383437073}",assumed_next_daily_close,,21,0000021344,,0.01602638011345281,0.009846250731933936,0.074039007763681,,,,,,,5dfdcdd547be4111a7c60f62,False,,,,,,,,,,,,,,,,,,,,,,,,,,,,,,,,,,,,,,,,,,,,,,,,bounded_preclose_bid_ask,,,,False,not_requested_for_horizon_or_variant,,,no_standard_contract_within_rules,ordinary,protective_put,,no_standard_contract_within_rules,,,True,,H25,2,KO,,primary,0.009720657700712605,16.523360383437073,2023
,,,9fc063ce8fd9892e3822861a,time_value,,,1,1,2023-11-10,2023-11-10,,,467,,,2023-11-13,468,False,,,2024-05-10,,,,,,,"{""market_momentum"": 0.01602638011345281, ""market_volatility"": 0.009846250731933936, ""momentum"": 0.074039007763681, ""volatility"": 0.009720657700712605, ""volume_state"": 16.523360383437073}",assumed_next_daily_close,,42,0000021344,,0.01602638011345281,0.009846250731933936,0.074039007763681,,,,,,,5dfdcdd547be4111a7c60f62,False,,,,,,,,,,,,,,,,,,,,,,,,,,,,,,,,,,,,,,,,,,,,,,,,bounded_preclose_bid_ask,,,,False,not_requested_for_horizon_or_variant,,,no_standard_contract_within_rules,ordinary,protective_put,,no_standard_contract_within_rules,,,False,,H25,2,KO,,primary,0.009720657700712605,16.523360383437073,2023
,,,9fc063ce8fd9892e3822861a,time_value,,,1,1,2023-11-10,2023-11-10,,,467,,,2023-11-13,468,False,,,2024-05-10,,,,,,,"{""market_momentum"": 0.01602638011345281, ""market_volatility"": 0.009846250731933936, ""momentum"": 0.074039007763681, ""volatility"": 0.009720657700712605, ""volume_state"": 16.523360383437073}",assumed_next_daily_close,,42,0000021344,,0.01602638011345281,0.009846250731933936,0.074039007763681,,,,,,,5dfdcdd547be4111a7c60f62,False,,,,,,,,,,,,,,,,,,,,,,,,,,,,,,,,,,,,,,,,,,,,,,,,bounded_preclose_bid_ask,,,,False,not_requested_for_horizon_or_variant,,,no_standard_contract_within_rules,ordinary,protective_put,,no_standard_contract_within_rules,,,True,,H25,2,KO,,primary,0.009720657700712605,16.523360383437073,2023
,,,9fc063ce8fd9892e3822861a,time_value,,,1,1,2023-11-10,2023-11-10,,,467,,,2023-11-13,468,False,,,2024-05-10,,,,,,,"{""market_momentum"": 0.01602638011345281, ""market_volatility"": 0.009846250731933936, ""momentum"": 0.074039007763681, ""volatility"": 0.009720657700712605, ""volume_state"": 16.523360383437073}",assumed_next_daily_close,,63,0000021344,,0.01602638011345281,0.009846250731933936,0.074039007763681,,,,,,,5dfdcdd547be4111a7c60f62,False,,,,,,,,,,,,,,,,,,,,,,,,,,,,,,,,,,,,,,,,,,,,,,,,bounded_preclose_bid_ask,,,,False,not_requested_for_horizon_or_variant,,,no_standard_contract_within_rules,ordinary,protective_put,,no_standard_contract_within_rules,,,False,,H25,2,KO,,primary,0.009720657700712605,16.523360383437073,2023
,,,9fc063ce8fd9892e3822861a,time_value,,,1,1,2023-11-10,2023-11-10,,,467,,,2023-11-13,468,False,,,2024-05-10,,,,,,,"{""market_momentum"": 0.01602638011345281, ""market_volatility"": 0.009846250731933936, ""momentum"": 0.074039007763681, ""volatility"": 0.009720657700712605, ""volume_state"": 16.523360383437073}",assumed_next_daily_close,,63,0000021344,,0.01602638011345281,0.009846250731933936,0.074039007763681,,,,,,,5dfdcdd547be4111a7c60f62,False,,,,,,,,,,,,,,,,,,,,,,,,,,,,,,,,,,,,,,,,,,,,,,,,bounded_preclose_bid_ask,,,,False,not_requested_for_horizon_or_variant,,,no_standard_contract_within_rules,ordinary,protective_put,,no_standard_contract_within_rules,,,True,,H25,2,KO,,primary,0.009720657700712605,16.523360383437073,2023
,,,9fc063ce8fd9892e3822861a,time_value,,,1,1,2023-11-10,2023-11-10,,,467,,,2023-11-13,468,False,,,2024-05-10,,,,,,,"{""market_momentum"": 0.01602638011345281, ""market_volatility"": 0.009846250731933936, ""momentum"": 0.074039007763681, ""volatility"": 0.009720657700712605, ""volume_state"": 16.523360383437073}",assumed_next_daily_close,,expiry,0000021344,,0.01602638011345281,0.009846250731933936,0.074039007763681,,,,,,,5dfdcdd547be4111a7c60f62,False,,,,,,,,,,,,,,,,,,,,,,,,,,,,,,,,,,,,,,,,,,,,,,,,bounded_preclose_bid_ask,,,,False,not_requested_for_horizon_or_variant,,,no_standard_contract_within_rules,ordinary,protective_put,,no_standard_contract_within_rules,,,False,,H25,2,KO,,primary,0.009720657700712605,16.523360383437073,2023
,,,9fc063ce8fd9892e3822861a,time_value,,,1,1,2023-11-10,2023-11-10,,,467,,,2023-11-13,468,False,,,2024-05-10,,,,,,,"{""market_momentum"": 0.01602638011345281, ""market_volatility"": 0.009846250731933936, ""momentum"": 0.074039007763681, ""volatility"": 0.009720657700712605, ""volume_state"": 16.523360383437073}",assumed_next_daily_close,,expiry,0000021344,,0.01602638011345281,0.009846250731933936,0.074039007763681,,,,,,,5dfdcdd547be4111a7c60f62,False,,,,,,,,,,,,,,,,,,,,,,,,,,,,,,,,,,,,,,,,,,,,,,,,bounded_preclose_bid_ask,,,,False,not_requested_for_horizon_or_variant,,,no_standard_contract_within_rules,ordinary,protective_put,,no_standard_contract_within_rules,,,True,,H25,2,KO,,primary,0.009720657700712605,16.523360383437073,2023
0.059126473209864305,2025-03-18,803,a07cd948ecbbad77dab227d8,time_value,37.1106,O:AMD250718P00095000,1,1,2025-03-14,2025-03-14,126,0.07279389917797366,801,0.0,0.010903145616215705,2025-03-17,802,True,2025-03-18,803,2025-03-14,569,43689523.0,2025-03-18,scheduled_exit,803,2025-07-18,"{""market_momentum"": -0.0672069742773801, ""market_volatility"": 0.01253504135747289, ""momentum"": -0.09622269960615826, ""volatility"": 0.024303179473143182, ""volume_state"": 17.372110980500352}",assumed_next_daily_close,10459.0,1,0000002488,0,-0.0672069742773801,0.01253504135747289,-0.09622269960615826,-114.03600000000006,-0.010903145616215705,33.925399999999996,5.4,6.05,64.99999999999994,ad868825a086ca6d3226ae37,True,0.0019569471624266144,511,2.9606419950842684e-06,33776458.0,,,,,,,,,,,,,,,,,,,,,,,,,,,,,,,,,,,,,,,,,,,,bounded_preclose_bid_ask,,,,False,not_requested_for_horizon_or_variant,,,,event,protective_put,100,completed,104.59,103.51,False,-108.0,H25,2,AMD,71.036,primary,0.024303179473143182,17.372110980500352,2025
0.059126473209864305,2025-03-18,803,a07cd948ecbbad77dab227d8,time_value,6.2105999999999995,O:AMD250718P00095000,1,1,2025-03-14,2025-03-14,126,0.07279389917797366,801,0.0,0.011519839372788986,2025-03-17,802,True,2025-03-18,803,2025-03-14,569,43689523.0,2025-03-18,scheduled_exit,803,2025-07-18,"{""market_momentum"": -0.0672069742773801, ""market_volatility"": 0.01253504135747289, ""momentum"": -0.09622269960615826, ""volatility"": 0.024303179473143182, ""volume_state"": 17.372110980500352}",assumed_next_daily_close,10459.0,1,0000002488,0,-0.0672069742773801,0.01253504135747289,-0.09622269960615826,-120.486,-0.011519839372788986,6.275399999999999,5.4,0.0,-0.0,ad868825a086ca6d3226ae37,True,0.0019569471624266144,511,2.9606419950842684e-06,33776458.0,,,,,,,,,,,,,,,,,,,,,,,,,,,,,,,,,,,,,,,,,,,,bounded_preclose_bid_ask,,,,False,not_requested_for_horizon_or_variant,,,,event,protective_put,100,completed,104.59,103.51,True,-108.0,H25,2,AMD,12.485999999999999,primary,0.024303179473143182,17.372110980500352,2025
0.059126473209864305,2025-03-19,804,a07cd948ecbbad77dab227d8,time_value,30.8238,O:AMD250718P00095000,1,1,2025-03-14,2025-03-14,126,0.07279389917797366,801,0.0,0.010903145616215708,2025-03-17,802,True,2025-03-19,804,2025-03-14,569,43689523.0,2025-03-19,scheduled_exit,804,2025-07-18,"{""market_momentum"": -0.0672069742773801, ""market_volatility"": 0.01253504135747289, ""momentum"": -0.09622269960615826, ""volatility"": 0.024303179473143182, ""volume_state"": 17.372110980500352}",assumed_next_daily_close,10459.0,2,0000002488,0,-0.0672069742773801,0.01253504135747289,-0.09622269960615826,35.25079999999995,0.0033703795773974516,33.925399999999996,5.4,4.76,-64.00000000000006,ad868825a086ca6d3226ae37,True,0.0019569471624266144,511,2.9606419950842684e-06,33776458.0,,,,,,,,,,,,,,,,,,,,,,,,,,,,,,,,,,,,,,,,,,,,bounded_preclose_bid_ask,,,,False,not_requested_for_horizon_or_variant,,,,event,protective_put,100,completed,104.59,106.23,False,164.0,H25,2,AMD,64.7492,primary,0.024303179473143182,17.372110980500352,2025
0.059126473209864305,2025-03-19,804,a07cd948ecbbad77dab227d8,time_value,6.373799999999999,O:AMD250718P00095000,1,1,2025-03-14,2025-03-14,126,0.07279389917797366,801,0.0,0.011519839372789028,2025-03-17,802,True,2025-03-19,804,2025-03-14,569,43689523.0,2025-03-19,scheduled_exit,804,2025-07-18,"{""market_momentum"": -0.0672069742773801, ""market_volatility"": 0.01253504135747289, ""momentum"": -0.09622269960615826, ""volatility"": 0.024303179473143182, ""volume_state"": 17.372110980500352}",assumed_next_daily_close,10459.0,2,0000002488,0,-0.0672069742773801,0.01253504135747289,-0.09622269960615826,151.35080000000002,0.01447086719571661,6.275399999999999,5.4,0.0,-0.0,ad868825a086ca6d3226ae37,True,0.0019569471624266144,511,2.9606419950842684e-06,33776458.0,,,,,,,,,,,,,,,,,,,,,,,,,,,,,,,,,,,,,,,,,,,,bounded_preclose_bid_ask,,,,False,not_requested_for_horizon_or_variant,,,,event,protective_put,100,completed,104.59,106.23,True,164.0,H25,2,AMD,12.649199999999999,primary,0.024303179473143182,17.372110980500352,2025
0.059126473209864305,2025-03-20,805,a07cd948ecbbad77dab227d8,time_value,31.578400000000002,O:AMD250718P00095000,1,1,2025-03-14,2025-03-14,126,0.07279389917797366,801,0.0,0.010903145616215708,2025-03-17,802,True,2025-03-20,805,2025-03-14,569,43689523.0,2025-03-20,scheduled_exit,805,2025-07-18,"{""market_momentum"": -0.0672069742773801, ""market_volatility"": 0.01253504135747289, ""momentum"": -0.09622269960615826, ""volatility"": 0.024303179473143182, ""volume_state"": 17.372110980500352}",assumed_next_daily_close,10459.0,3,0000002488,0,-0.0672069742773801,0.01253504135747289,-0.09622269960615826,139.4962,0.013337431876852471,33.925399999999996,5.4,4.9,-50.0,ad868825a086ca6d3226ae37,True,0.0019569471624266144,511,2.9606419950842684e-06,33776458.0,,,,,,,,,,,,,,,,,,,,,,,,,,,,,,,,,,,,,,,,,,,,bounded_preclose_bid_ask,,,,False,not_requested_for_horizon_or_variant,,,,event,protective_put,100,completed,104.59,107.14,False,255.0,H25,2,AMD,65.5038,primary,0.024303179473143182,17.372110980500352,2025
0.059126473209864305,2025-03-20,805,a07cd948ecbbad77dab227d8,time_value,6.428399999999999,O:AMD250718P00095000,1,1,2025-03-14,2025-03-14,126,0.07279389917797366,801,0.0,0.011519839372789028,2025-03-17,802,True,2025-03-20,805,2025-03-14,569,43689523.0,2025-03-20,scheduled_exit,805,2025-07-18,"{""market_momentum"": -0.0672069742773801, ""market_volatility"": 0.01253504135747289, ""momentum"": -0.09622269960615826, ""volatility"": 0.024303179473143182, ""volume_state"": 17.372110980500352}",assumed_next_daily_close,10459.0,3,0000002488,0,-0.0672069742773801,0.01253504135747289,-0.09622269960615826,242.2962,0.023166287407973992,6.275399999999999,5.4,0.0,-0.0,ad868825a086ca6d3226ae37,True,0.0019569471624266144,511,2.9606419950842684e-06,33776458.0,,,,,,,,,,,,,,,,,,,,,,,,,,,,,,,,,,,,,,,,,,,,bounded_preclose_bid_ask,,,,False,not_requested_for_horizon_or_variant,,,,event,protective_put,100,completed,104.59,107.14,True,255.0,H25,2,AMD,12.703799999999998,primary,0.024303179473143182,17.372110980500352,2025
0.059126473209864305,2025-03-24,807,a07cd948ecbbad77dab227d8,time_value,22.731,O:AMD250718P00095000,1,1,2025-03-14,2025-03-14,126,0.07279389917797366,801,0.0,0.010903145616215708,2025-03-17,802,True,2025-03-24,807,2025-03-14,569,43689523.0,2025-03-24,scheduled_exit,807,2025-07-18,"{""market_momentum"": -0.0672069742773801, ""market_volatility"": 0.01253504135747289, ""momentum"": -0.09622269960615826, ""volatility"": 0.024303179473143182, ""volume_state"": 17.372110980500352}",assumed_next_daily_close,10459.0,5,0000002488,0,-0.0672069742773801,0.01253504135747289,-0.09622269960615826,634.3436,0.06065050196003442,33.925399999999996,5.4,3.05,-235.00000000000006,ad868825a086ca6d3226ae37,True,0.0019569471624266144,511,2.9606419950842684e-06,33776458.0,,,,,,,,,,,,,,,,,,,,,,,,,,,,,,,,,,,,,,,,,,,,bounded_preclose_bid_ask,,,,False,not_requested_for_horizon_or_variant,,,,event,protective_put,100,completed,104.59,113.85,False,926.0,H25,2,AMD,56.6564,primary,0.024303179473143182,17.372110980500352,2025
0.059126473209864305,2025-03-24,807,a07cd948ecbbad77dab227d8,time_value,6.8309999999999995,O:AMD250718P00095000,1,1,2025-03-14,2025-03-14,126,0.07279389917797366,801,0.0,0.011519839372789028,2025-03-17,802,True,2025-03-24,807,2025-03-14,569,43689523.0,2025-03-24,scheduled_exit,807,2025-07-18,"{""market_momentum"": -0.0672069742773801, ""market_volatility"": 0.01253504135747289, ""momentum"": -0.09622269960615826, ""volatility"": 0.024303179473143182, ""volume_state"": 17.372110980500352}",assumed_next_daily_close,10459.0,5,0000002488,0,-0.0672069742773801,0.01253504135747289,-0.09622269960615826,912.8936,0.08728306721483889,6.275399999999999,5.4,0.0,-0.0,ad868825a086ca6d3226ae37,True,0.0019569471624266144,511,2.9606419950842684e-06,33776458.0,,,,,,,,,,,,,,,,,,,,,,,,,,,,,,,,,,,,,,,,,,,,bounded_preclose_bid_ask,,,,False,not_requested_for_horizon_or_variant,,,,event,protective_put,100,completed,104.59,113.85,True,926.0,H25,2,AMD,13.106399999999999,primary,0.024303179473143182,17.372110980500352,2025
0.059126473209864305,2025-03-31,812,a07cd948ecbbad77dab227d8,time_value,36.8144,O:AMD250718P00095000,1,1,2025-03-14,2025-03-14,126,0.07279389917797366,801,0.0,0.018714963189597478,2025-03-17,802,True,2025-03-31,812,2025-03-14,569,43689523.0,2025-03-31,scheduled_exit,812,2025-07-18,"{""market_momentum"": -0.0672069742773801, ""market_volatility"": 0.01253504135747289, ""momentum"": -0.09622269960615826, ""volatility"": 0.024303179473143182, ""volume_state"": 17.372110980500352}",assumed_next_daily_close,10459.0,10,0000002488,0,-0.0672069742773801,0.01253504135747289,-0.09622269960615826,-195.73980000000003,-0.018714963189597478,33.925399999999996,5.4,6,59.999999999999964,ad868825a086ca6d3226ae37,True,0.0019569471624266144,511,2.9606419950842684e-06,33776458.0,True,0.1093312,7.35,30,6.95,18,0.05594405594405587,0.001320213,100.97,1900,100.96,100,9.904422324572987e-05,137,,5.75,2.306929664,5.75,142,5.6,554,0.026431718061674072,104.6,0.005229664,104.6,800,104.58,11400,0.00019122287025524447,5.95,0.73316736,6.1,115,5.95,137,0.024896265560165887,102.73,0.044297436,102.74,21600,102.73,200,9.733781087254495e-05,bounded_preclose_bid_ask,-184.146599999999,-0.017604837476099332,20.000000000000018,False,completed_bounded_proxy,-186.99999999999903,17.146600000000003,,event,protective_put,100,completed,104.59,102.74,False,-185.0,H25,2,AMD,70.7398,primary,0.024303179473143182,17.372110980500352,2025
0.059126473209864305,2025-03-31,812,a07cd948ecbbad77dab227d8,time_value,6.1644,O:AMD250718P00095000,1,1,2025-03-14,2025-03-14,126,0.07279389917797366,801,0.0,0.018877502629314466,2025-03-17,802,True,2025-03-31,812,2025-03-14,569,43689523.0,2025-03-31,scheduled_exit,812,2025-07-18,"{""market_momentum"": -0.0672069742773801, ""market_volatility"": 0.01253504135747289, ""momentum"": -0.09622269960615826, ""volatility"": 0.024303179473143182, ""volume_state"": 17.372110980500352}",assumed_next_daily_close,10459.0,10,0000002488,0,-0.0672069742773801,0.01253504135747289,-0.09622269960615826,-197.4398,-0.018877502629314466,6.275399999999999,5.4,0.0,-0.0,ad868825a086ca6d3226ae37,True,0.0019569471624266144,511,2.9606419950842684e-06,33776458.0,True,0.1093312,7.35,30,6.95,18,0.05594405594405587,0.001320213,100.97,1900,100.96,100,9.904422324572987e-05,137,,0.0,2.306929664,5.75,142,5.6,554,0.026431718061674072,104.6,0.005229664,104.6,800,104.58,11400,0.00019122287025524447,0.0,0.73316736,6.1,115,5.95,137,0.024896265560165887,102.73,0.044297436,102.74,21600,102.73,200,9.733781087254495e-05,bounded_preclose_bid_ask,-191.14659999999904,-0.018274053537284802,0.0,False,completed_bounded_proxy,-186.99999999999903,4.1466,,event,protective_put,100,completed,104.59,102.74,True,-185.0,H25,2,AMD,12.439799999999998,primary,0.024303179473143182,17.372110980500352,2025
0.059126473209864305,2025-04-15,823,a07cd948ecbbad77dab227d8,time_value,52.9174,O:AMD250718P00095000,1,1,2025-03-14,2025-03-14,126,0.07279389917797366,801,0.0,0.11595448895687925,2025-03-17,802,True,2025-04-15,823,2025-03-14,569,43689523.0,2025-04-15,scheduled_exit,823,2025-07-18,"{""market_momentum"": -0.0672069742773801, ""market_volatility"": 0.01253504135747289, ""momentum"": -0.09622269960615826, ""volatility"": 0.024303179473143182, ""volume_state"": 17.372110980500352}",assumed_next_daily_close,10459.0,21,0000002488,0,-0.0672069742773801,0.01253504135747289,-0.09622269960615826,-625.8428,-0.05983772827230137,33.925399999999996,5.4,9.31,391.0,ad868825a086ca6d3226ae37,True,0.0019569471624266144,511,2.9606419950842684e-06,33776458.0,,,,,,,,,,,,,,,,,,,,,,,,,,,,,,,,,,,,,,,,,,,,bounded_preclose_bid_ask,,,,False,not_requested_for_horizon_or_variant,,,,event,protective_put,100,completed,104.59,95.29,False,-930.0,H25,2,AMD,86.8428,primary,0.024303179473143182,17.372110980500352,2025
0.059126473209864305,2025-04-15,823,a07cd948ecbbad77dab227d8,time_value,5.7174,O:AMD250718P00095000,1,1,2025-03-14,2025-03-14,126,0.07279389917797366,801,0.0,0.2532716320871977,2025-03-17,802,True,2025-04-15,823,2025-03-14,569,43689523.0,2025-04-15,scheduled_exit,823,2025-07-18,"{""market_momentum"": -0.0672069742773801, ""market_volatility"": 0.01253504135747289, ""momentum"": -0.09622269960615826, ""volatility"": 0.024303179473143182, ""volume_state"": 17.372110980500352}",assumed_next_daily_close,10459.0,21,0000002488,0,-0.0672069742773801,0.01253504135747289,-0.09622269960615826,-941.9928,-0.09006528348790516,6.275399999999999,5.4,0.0,-0.0,ad868825a086ca6d3226ae37,True,0.0019569471624266144,511,2.9606419950842684e-06,33776458.0,,,,,,,,,,,,,,,,,,,,,,,,,,,,,,,,,,,,,,,,,,,,bounded_preclose_bid_ask,,,,False,not_requested_for_horizon_or_variant,,,,event,protective_put,100,completed,104.59,95.29,True,-930.0,H25,2,AMD,11.992799999999999,primary,0.024303179473143182,17.372110980500352,2025
0.059126473209864305,2025-05-15,844,a07cd948ecbbad77dab227d8,time_value,15.6494,O:AMD250718P00095000,1,1,2025-03-14,2025-03-14,126,0.07279389917797366,801,0.0,0.11595448895687925,2025-03-17,802,True,2025-05-15,844,2025-03-14,569,43689523.0,2025-05-15,scheduled_exit,844,2025-07-18,"{""market_momentum"": -0.0672069742773801, ""market_volatility"": 0.01253504135747289, ""momentum"": -0.09622269960615826, ""volatility"": 0.024303179473143182, ""volume_state"": 17.372110980500352}",assumed_next_daily_close,10459.0,42,0000002488,0,-0.0672069742773801,0.01253504135747289,-0.09622269960615826,612.4252,0.05855485228033273,33.925399999999996,5.4,1.62,-378.0,ad868825a086ca6d3226ae37,True,0.0019569471624266144,511,2.9606419950842684e-06,33776458.0,,,,,,,,,,,,,,,,,,,,,,,,,,,,,,,,,,,,,,,,,,,,bounded_preclose_bid_ask,,,,False,not_requested_for_horizon_or_variant,,,,event,protective_put,100,completed,104.59,114.99,False,1040.0,H25,2,AMD,49.574799999999996,primary,0.024303179473143182,17.372110980500352,2025
0.059126473209864305,2025-05-15,844,a07cd948ecbbad77dab227d8,time_value,6.899399999999999,O:AMD250718P00095000,1,1,2025-03-14,2025-03-14,126,0.07279389917797366,801,0.0,0.2532716320871977,2025-03-17,802,True,2025-05-15,844,2025-03-14,569,43689523.0,2025-05-15,scheduled_exit,844,2025-07-18,"{""market_momentum"": -0.0672069742773801, ""market_volatility"": 0.01253504135747289, ""momentum"": -0.09622269960615826, ""volatility"": 0.024303179473143182, ""volume_state"": 17.372110980500352}",assumed_next_daily_close,10459.0,42,0000002488,0,-0.0672069742773801,0.01253504135747289,-0.09622269960615826,1026.8252,0.09817623099722726,6.275399999999999,5.4,0.0,-0.0,ad868825a086ca6d3226ae37,True,0.0019569471624266144,511,2.9606419950842684e-06,33776458.0,,,,,,,,,,,,,,,,,,,,,,,,,,,,,,,,,,,,,,,,,,,,bounded_preclose_bid_ask,,,,False,not_requested_for_horizon_or_variant,,,,event,protective_put,100,completed,104.59,114.99,True,1040.0,H25,2,AMD,13.174799999999998,primary,0.024303179473143182,17.372110980500352,2025
0.059126473209864305,2025-06-16,865,a07cd948ecbbad77dab227d8,time_value,9.4834,O:AMD250718P00095000,1,1,2025-03-14,2025-03-14,126,0.07279389917797366,801,0.0,0.11595448895687925,2025-03-17,802,True,2025-06-16,865,2025-03-14,569,43689523.0,2025-06-16,scheduled_exit,865,2025-07-18,"{""market_momentum"": -0.0672069742773801, ""market_volatility"": 0.01253504135747289, ""momentum"": -0.09622269960615826, ""volatility"": 0.024303179473143182, ""volume_state"": 17.372110980500352}",assumed_next_daily_close,10459.0,63,0000002488,0,-0.0672069742773801,0.01253504135747289,-0.09622269960615826,1621.5911999999998,0.15504266182235393,33.925399999999996,5.4,0.25,-515.0,ad868825a086ca6d3226ae37,True,0.0019569471624266144,511,2.9606419950842684e-06,33776458.0,,,,,,,,,,,,,,,,,,,,,,,,,,,,,,,,,,,,,,,,,,,,bounded_preclose_bid_ask,,,,False,not_requested_for_horizon_or_variant,,,,event,protective_put,100,completed,104.59,126.39,False,2180.0,H25,2,AMD,43.4088,primary,0.024303179473143182,17.372110980500352,2025
0.059126473209864305,2025-06-16,865,a07cd948ecbbad77dab227d8,time_value,7.583399999999999,O:AMD250718P00095000,1,1,2025-03-14,2025-03-14,126,0.07279389917797366,801,0.0,0.2532716320871977,2025-03-17,802,True,2025-06-16,865,2025-03-14,569,43689523.0,2025-06-16,scheduled_exit,865,2025-07-18,"{""market_momentum"": -0.0672069742773801, ""market_volatility"": 0.01253504135747289, ""momentum"": -0.09622269960615826, ""volatility"": 0.024303179473143182, ""volume_state"": 17.372110980500352}",assumed_next_daily_close,10459.0,63,0000002488,0,-0.0672069742773801,0.01253504135747289,-0.09622269960615826,2166.1412,0.207107868821111,6.275399999999999,5.4,0.0,-0.0,ad868825a086ca6d3226ae37,True,0.0019569471624266144,511,2.9606419950842684e-06,33776458.0,,,,,,,,,,,,,,,,,,,,,,,,,,,,,,,,,,,,,,,,,,,,bounded_preclose_bid_ask,,,,False,not_requested_for_horizon_or_variant,,,,event,protective_put,100,completed,104.59,126.39,True,2180.0,H25,2,AMD,13.858799999999999,primary,0.024303179473143182,17.372110980500352,2025
0.059126473209864305,2025-07-18,887,a07cd948ecbbad77dab227d8,time_value,10.0694,O:AMD250718P00095000,1,1,2025-03-14,2025-03-14,126,0.07279389917797366,801,0.0,0.11595448895687925,2025-03-17,802,True,2025-07-18,887,2025-03-14,569,43689523.0,2025-07-18,expiry_worthless,887,2025-07-18,"{""market_momentum"": -0.0672069742773801, ""market_volatility"": 0.01253504135747289, ""momentum"": -0.09622269960615826, ""volatility"": 0.024303179473143182, ""volume_state"": 17.372110980500352}",assumed_next_daily_close,10459.0,expiry,0000002488,0,-0.0672069742773801,0.01253504135747289,-0.09622269960615826,4656.0052,0.4451673391337604,33.925399999999996,5.4,0.0,-540.0,ad868825a086ca6d3226ae37,True,0.0019569471624266144,511,2.9606419950842684e-06,33776458.0,,,,,,,,,,,,,,,,,,,,,,,,,,,,,,,,,,,,,,,,,,,,bounded_preclose_bid_ask,,,,False,not_requested_for_horizon_or_variant,,,,event,protective_put,100,completed,104.59,156.99,False,5240.0,H25,2,AMD,43.9948,primary,0.024303179473143182,17.372110980500352,2025
0.059126473209864305,2025-07-18,887,a07cd948ecbbad77dab227d8,time_value,9.4194,O:AMD250718P00095000,1,1,2025-03-14,2025-03-14,126,0.07279389917797366,801,0.0,0.2532716320871977,2025-03-17,802,True,2025-07-18,887,2025-03-14,569,43689523.0,2025-07-18,scheduled_exit,887,2025-07-18,"{""market_momentum"": -0.0672069742773801, ""market_volatility"": 0.01253504135747289, ""momentum"": -0.09622269960615826, ""volatility"": 0.024303179473143182, ""volume_state"": 17.372110980500352}",assumed_next_daily_close,10459.0,expiry,0000002488,0,-0.0672069742773801,0.01253504135747289,-0.09622269960615826,5224.3052,0.4995033177167989,6.275399999999999,5.4,0.0,-0.0,ad868825a086ca6d3226ae37,True,0.0019569471624266144,511,2.9606419950842684e-06,33776458.0,,,,,,,,,,,,,,,,,,,,,,,,,,,,,,,,,,,,,,,,,,,,bounded_preclose_bid_ask,,,,False,not_requested_for_horizon_or_variant,,,,event,protective_put,100,completed,104.59,156.99,True,5240.0,H25,2,AMD,15.694799999999999,primary,0.024303179473143182,17.372110980500352,2025
,,,a0fe1c0edccfc9cc44601082,time_value,,,1,1,2022-08-05,2022-08-05,,,148,,,2022-08-08,149,False,,,2022-08-05,,,,,,,"{""market_momentum"": 0.06293220905421748, ""market_volatility"": 0.01219475356589377, ""momentum"": 0.012207399949660358, ""volatility"": 0.011708140196472384, ""volume_state"": 15.373435633116054}",assumed_next_daily_close,,1,0000021665,,0.06293220905421748,0.01219475356589377,0.012207399949660358,,,,,,,4c124bd81b02f5f0f52ec19c,False,,,,,,,,,,,,,,,,,,,,,,,,,,,,,,,,,,,,,,,,,,,,,,,,bounded_preclose_bid_ask,,,,False,not_requested_for_horizon_or_variant,,,no_standard_contract_within_rules,event,protective_put,,no_standard_contract_within_rules,,,False,,H25,2,CL,,primary,0.011708140196472384,15.373435633116054,2022
,,,a0fe1c0edccfc9cc44601082,time_value,,,1,1,2022-08-05,2022-08-05,,,148,,,2022-08-08,149,False,,,2022-08-05,,,,,,,"{""market_momentum"": 0.06293220905421748, ""market_volatility"": 0.01219475356589377, ""momentum"": 0.012207399949660358, ""volatility"": 0.011708140196472384, ""volume_state"": 15.373435633116054}",assumed_next_daily_close,,1,0000021665,,0.06293220905421748,0.01219475356589377,0.012207399949660358,,,,,,,4c124bd81b02f5f0f52ec19c,False,,,,,,,,,,,,,,,,,,,,,,,,,,,,,,,,,,,,,,,,,,,,,,,,bounded_preclose_bid_ask,,,,False,not_requested_for_horizon_or_variant,,,no_standard_contract_within_rules,event,protective_put,,no_standard_contract_within_rules,,,True,,H25,2,CL,,primary,0.011708140196472384,15.373435633116054,2022
,,,a0fe1c0edccfc9cc44601082,time_value,,,1,1,2022-08-05,2022-08-05,,,148,,,2022-08-08,149,False,,,2022-08-05,,,,,,,"{""market_momentum"": 0.06293220905421748, ""market_volatility"": 0.01219475356589377, ""momentum"": 0.012207399949660358, ""volatility"": 0.011708140196472384, ""volume_state"": 15.373435633116054}",assumed_next_daily_close,,2,0000021665,,0.06293220905421748,0.01219475356589377,0.012207399949660358,,,,,,,4c124bd81b02f5f0f52ec19c,False,,,,,,,,,,,,,,,,,,,,,,,,,,,,,,,,,,,,,,,,,,,,,,,,bounded_preclose_bid_ask,,,,False,not_requested_for_horizon_or_variant,,,no_standard_contract_within_rules,event,protective_put,,no_standard_contract_within_rules,,,False,,H25,2,CL,,primary,0.011708140196472384,15.373435633116054,2022
,,,a0fe1c0edccfc9cc44601082,time_value,,,1,1,2022-08-05,2022-08-05,,,148,,,2022-08-08,149,False,,,2022-08-05,,,,,,,"{""market_momentum"": 0.06293220905421748, ""market_volatility"": 0.01219475356589377, ""momentum"": 0.012207399949660358, ""volatility"": 0.011708140196472384, ""volume_state"": 15.373435633116054}",assumed_next_daily_close,,2,0000021665,,0.06293220905421748,0.01219475356589377,0.012207399949660358,,,,,,,4c124bd81b02f5f0f52ec19c,False,,,,,,,,,,,,,,,,,,,,,,,,,,,,,,,,,,,,,,,,,,,,,,,,bounded_preclose_bid_ask,,,,False,not_requested_for_horizon_or_variant,,,no_standard_contract_within_rules,event,protective_put,,no_standard_contract_within_rules,,,True,,H25,2,CL,,primary,0.011708140196472384,15.373435633116054,2022
,,,a0fe1c0edccfc9cc44601082,time_value,,,1,1,2022-08-05,2022-08-05,,,148,,,2022-08-08,149,False,,,2022-08-05,,,,,,,"{""market_momentum"": 0.06293220905421748, ""market_volatility"": 0.01219475356589377, ""momentum"": 0.012207399949660358, ""volatility"": 0.011708140196472384, ""volume_state"": 15.373435633116054}",assumed_next_daily_close,,3,0000021665,,0.06293220905421748,0.01219475356589377,0.012207399949660358,,,,,,,4c124bd81b02f5f0f52ec19c,False,,,,,,,,,,,,,,,,,,,,,,,,,,,,,,,,,,,,,,,,,,,,,,,,bounded_preclose_bid_ask,,,,False,not_requested_for_horizon_or_variant,,,no_standard_contract_within_rules,event,protective_put,,no_standard_contract_within_rules,,,False,,H25,2,CL,,primary,0.011708140196472384,15.373435633116054,2022
,,,a0fe1c0edccfc9cc44601082,time_value,,,1,1,2022-08-05,2022-08-05,,,148,,,2022-08-08,149,False,,,2022-08-05,,,,,,,"{""market_momentum"": 0.06293220905421748, ""market_volatility"": 0.01219475356589377, ""momentum"": 0.012207399949660358, ""volatility"": 0.011708140196472384, ""volume_state"": 15.373435633116054}",assumed_next_daily_close,,3,0000021665,,0.06293220905421748,0.01219475356589377,0.012207399949660358,,,,,,,4c124bd81b02f5f0f52ec19c,False,,,,,,,,,,,,,,,,,,,,,,,,,,,,,,,,,,,,,,,,,,,,,,,,bounded_preclose_bid_ask,,,,False,not_requested_for_horizon_or_variant,,,no_standard_contract_within_rules,event,protective_put,,no_standard_contract_within_rules,,,True,,H25,2,CL,,primary,0.011708140196472384,15.373435633116054,2022
,,,a0fe1c0edccfc9cc44601082,time_value,,,1,1,2022-08-05,2022-08-05,,,148,,,2022-08-08,149,False,,,2022-08-05,,,,,,,"{""market_momentum"": 0.06293220905421748, ""market_volatility"": 0.01219475356589377, ""momentum"": 0.012207399949660358, ""volatility"": 0.011708140196472384, ""volume_state"": 15.373435633116054}",assumed_next_daily_close,,5,0000021665,,0.06293220905421748,0.01219475356589377,0.012207399949660358,,,,,,,4c124bd81b02f5f0f52ec19c,False,,,,,,,,,,,,,,,,,,,,,,,,,,,,,,,,,,,,,,,,,,,,,,,,bounded_preclose_bid_ask,,,,False,not_requested_for_horizon_or_variant,,,no_standard_contract_within_rules,event,protective_put,,no_standard_contract_within_rules,,,False,,H25,2,CL,,primary,0.011708140196472384,15.373435633116054,2022
,,,a0fe1c0edccfc9cc44601082,time_value,,,1,1,2022-08-05,2022-08-05,,,148,,,2022-08-08,149,False,,,2022-08-05,,,,,,,"{""market_momentum"": 0.06293220905421748, ""market_volatility"": 0.01219475356589377, ""momentum"": 0.012207399949660358, ""volatility"": 0.011708140196472384, ""volume_state"": 15.373435633116054}",assumed_next_daily_close,,5,0000021665,,0.06293220905421748,0.01219475356589377,0.012207399949660358,,,,,,,4c124bd81b02f5f0f52ec19c,False,,,,,,,,,,,,,,,,,,,,,,,,,,,,,,,,,,,,,,,,,,,,,,,,bounded_preclose_bid_ask,,,,False,not_requested_for_horizon_or_variant,,,no_standard_contract_within_rules,event,protective_put,,no_standard_contract_within_rules,,,True,,H25,2,CL,,primary,0.011708140196472384,15.373435633116054,2022
,,,a0fe1c0edccfc9cc44601082,time_value,,,1,1,2022-08-05,2022-08-05,,,148,,,2022-08-08,149,False,,,2022-08-05,,,,,,,"{""market_momentum"": 0.06293220905421748, ""market_volatility"": 0.01219475356589377, ""momentum"": 0.012207399949660358, ""volatility"": 0.011708140196472384, ""volume_state"": 15.373435633116054}",assumed_next_daily_close,,10,0000021665,,0.06293220905421748,0.01219475356589377,0.012207399949660358,,,,,,,4c124bd81b02f5f0f52ec19c,False,,,,,,,,,,,,,,,,,,,,,,,,,,,,,,,,,,,,,,,,,,,,,,,,bounded_preclose_bid_ask,,,,False,not_sampled_or_missing_quotes,,,no_standard_contract_within_rules,event,protective_put,,no_standard_contract_within_rules,,,False,,H25,2,CL,,primary,0.011708140196472384,15.373435633116054,2022
,,,a0fe1c0edccfc9cc44601082,time_value,,,1,1,2022-08-05,2022-08-05,,,148,,,2022-08-08,149,False,,,2022-08-05,,,,,,,"{""market_momentum"": 0.06293220905421748, ""market_volatility"": 0.01219475356589377, ""momentum"": 0.012207399949660358, ""volatility"": 0.011708140196472384, ""volume_state"": 15.373435633116054}",assumed_next_daily_close,,10,0000021665,,0.06293220905421748,0.01219475356589377,0.012207399949660358,,,,,,,4c124bd81b02f5f0f52ec19c,False,,,,,,,,,,,,,,,,,,,,,,,,,,,,,,,,,,,,,,,,,,,,,,,,bounded_preclose_bid_ask,,,,False,not_sampled_or_missing_quotes,,,no_standard_contract_within_rules,event,protective_put,,no_standard_contract_within_rules,,,True,,H25,2,CL,,primary,0.011708140196472384,15.373435633116054,2022
,,,a0fe1c0edccfc9cc44601082,time_value,,,1,1,2022-08-05,2022-08-05,,,148,,,2022-08-08,149,False,,,2022-08-05,,,,,,,"{""market_momentum"": 0.06293220905421748, ""market_volatility"": 0.01219475356589377, ""momentum"": 0.012207399949660358, ""volatility"": 0.011708140196472384, ""volume_state"": 15.373435633116054}",assumed_next_daily_close,,21,0000021665,,0.06293220905421748,0.01219475356589377,0.012207399949660358,,,,,,,4c124bd81b02f5f0f52ec19c,False,,,,,,,,,,,,,,,,,,,,,,,,,,,,,,,,,,,,,,,,,,,,,,,,bounded_preclose_bid_ask,,,,False,not_requested_for_horizon_or_variant,,,no_standard_contract_within_rules,event,protective_put,,no_standard_contract_within_rules,,,False,,H25,2,CL,,primary,0.011708140196472384,15.373435633116054,2022
,,,a0fe1c0edccfc9cc44601082,time_value,,,1,1,2022-08-05,2022-08-05,,,148,,,2022-08-08,149,False,,,2022-08-05,,,,,,,"{""market_momentum"": 0.06293220905421748, ""market_volatility"": 0.01219475356589377, ""momentum"": 0.012207399949660358, ""volatility"": 0.011708140196472384, ""volume_state"": 15.373435633116054}",assumed_next_daily_close,,21,0000021665,,0.06293220905421748,0.01219475356589377,0.012207399949660358,,,,,,,4c124bd81b02f5f0f52ec19c,False,,,,,,,,,,,,,,,,,,,,,,,,,,,,,,,,,,,,,,,,,,,,,,,,bounded_preclose_bid_ask,,,,False,not_requested_for_horizon_or_variant,,,no_standard_contract_within_rules,event,protective_put,,no_standard_contract_within_rules,,,True,,H25,2,CL,,primary,0.011708140196472384,15.373435633116054,2022
,,,a0fe1c0edccfc9cc44601082,time_value,,,1,1,2022-08-05,2022-08-05,,,148,,,2022-08-08,149,False,,,2022-08-05,,,,,,,"{""market_momentum"": 0.06293220905421748, ""market_volatility"": 0.01219475356589377, ""momentum"": 0.012207399949660358, ""volatility"": 0.011708140196472384, ""volume_state"": 15.373435633116054}",assumed_next_daily_close,,42,0000021665,,0.06293220905421748,0.01219475356589377,0.012207399949660358,,,,,,,4c124bd81b02f5f0f52ec19c,False,,,,,,,,,,,,,,,,,,,,,,,,,,,,,,,,,,,,,,,,,,,,,,,,bounded_preclose_bid_ask,,,,False,not_requested_for_horizon_or_variant,,,no_standard_contract_within_rules,event,protective_put,,no_standard_contract_within_rules,,,False,,H25,2,CL,,primary,0.011708140196472384,15.373435633116054,2022
,,,a0fe1c0edccfc9cc44601082,time_value,,,1,1,2022-08-05,2022-08-05,,,148,,,2022-08-08,149,False,,,2022-08-05,,,,,,,"{""market_momentum"": 0.06293220905421748, ""market_volatility"": 0.01219475356589377, ""momentum"": 0.012207399949660358, ""volatility"": 0.011708140196472384, ""volume_state"": 15.373435633116054}",assumed_next_daily_close,,42,0000021665,,0.06293220905421748,0.01219475356589377,0.012207399949660358,,,,,,,4c124bd81b02f5f0f52ec19c,False,,,,,,,,,,,,,,,,,,,,,,,,,,,,,,,,,,,,,,,,,,,,,,,,bounded_preclose_bid_ask,,,,False,not_requested_for_horizon_or_variant,,,no_standard_contract_within_rules,event,protective_put,,no_standard_contract_within_rules,,,True,,H25,2,CL,,primary,0.011708140196472384,15.373435633116054,2022
,,,a0fe1c0edccfc9cc44601082,time_value,,,1,1,2022-08-05,2022-08-05,,,148,,,2022-08-08,149,False,,,2022-08-05,,,,,,,"{""market_momentum"": 0.06293220905421748, ""market_volatility"": 0.01219475356589377, ""momentum"": 0.012207399949660358, ""volatility"": 0.011708140196472384, ""volume_state"": 15.373435633116054}",assumed_next_daily_close,,63,0000021665,,0.06293220905421748,0.01219475356589377,0.012207399949660358,,,,,,,4c124bd81b02f5f0f52ec19c,False,,,,,,,,,,,,,,,,,,,,,,,,,,,,,,,,,,,,,,,,,,,,,,,,bounded_preclose_bid_ask,,,,False,not_requested_for_horizon_or_variant,,,no_standard_contract_within_rules,event,protective_put,,no_standard_contract_within_rules,,,False,,H25,2,CL,,primary,0.011708140196472384,15.373435633116054,2022
,,,a0fe1c0edccfc9cc44601082,time_value,,,1,1,2022-08-05,2022-08-05,,,148,,,2022-08-08,149,False,,,2022-08-05,,,,,,,"{""market_momentum"": 0.06293220905421748, ""market_volatility"": 0.01219475356589377, ""momentum"": 0.012207399949660358, ""volatility"": 0.011708140196472384, ""volume_state"": 15.373435633116054}",assumed_next_daily_close,,63,0000021665,,0.06293220905421748,0.01219475356589377,0.012207399949660358,,,,,,,4c124bd81b02f5f0f52ec19c,False,,,,,,,,,,,,,,,,,,,,,,,,,,,,,,,,,,,,,,,,,,,,,,,,bounded_preclose_bid_ask,,,,False,not_requested_for_horizon_or_variant,,,no_standard_contract_within_rules,event,protective_put,,no_standard_contract_within_rules,,,True,,H25,2,CL,,primary,0.011708140196472384,15.373435633116054,2022
,,,a0fe1c0edccfc9cc44601082,time_value,,,1,1,2022-08-05,2022-08-05,,,148,,,2022-08-08,149,False,,,2022-08-05,,,,,,,"{""market_momentum"": 0.06293220905421748, ""market_volatility"": 0.01219475356589377, ""momentum"": 0.012207399949660358, ""volatility"": 0.011708140196472384, ""volume_state"": 15.373435633116054}",assumed_next_daily_close,,expiry,0000021665,,0.06293220905421748,0.01219475356589377,0.012207399949660358,,,,,,,4c124bd81b02f5f0f52ec19c,False,,,,,,,,,,,,,,,,,,,,,,,,,,,,,,,,,,,,,,,,,,,,,,,,bounded_preclose_bid_ask,,,,False,not_requested_for_horizon_or_variant,,,no_standard_contract_within_rules,event,protective_put,,no_standard_contract_within_rules,,,False,,H25,2,CL,,primary,0.011708140196472384,15.373435633116054,2022
,,,a0fe1c0edccfc9cc44601082,time_value,,,1,1,2022-08-05,2022-08-05,,,148,,,2022-08-08,149,False,,,2022-08-05,,,,,,,"{""market_momentum"": 0.06293220905421748, ""market_volatility"": 0.01219475356589377, ""momentum"": 0.012207399949660358, ""volatility"": 0.011708140196472384, ""volume_state"": 15.373435633116054}",assumed_next_daily_close,,expiry,0000021665,,0.06293220905421748,0.01219475356589377,0.012207399949660358,,,,,,,4c124bd81b02f5f0f52ec19c,False,,,,,,,,,,,,,,,,,,,,,,,,,,,,,,,,,,,,,,,,,,,,,,,,bounded_preclose_bid_ask,,,,False,not_requested_for_horizon_or_variant,,,no_standard_contract_within_rules,event,protective_put,,no_standard_contract_within_rules,,,True,,H25,2,CL,,primary,0.011708140196472384,15.373435633116054,2022
,,,ae5e841baa8189fd27b4a8e3,time_value,,,1,1,2025-06-12,2025-06-12,,,863,,,2025-06-13,864,False,,,2025-11-12,,,,,,,"{""market_momentum"": 0.028815350010224172, ""market_volatility"": 0.007372316594017969, ""momentum"": 0.08800171710667515, ""volatility"": 0.018139569977681007, ""volume_state"": 16.383278558364555}",assumed_next_daily_close,,1,0000014272,,0.028815350010224172,0.007372316594017969,0.08800171710667515,,,,,,,e2067d880a3b447a5e772f16,False,,,,,,,,,,,,,,,,,,,,,,,,,,,,,,,,,,,,,,,,,,,,,,,,bounded_preclose_bid_ask,,,,False,not_requested_for_horizon_or_variant,,,no_standard_contract_within_rules,ordinary,covered_call,,no_standard_contract_within_rules,,,False,,H25,2,BMY,,primary,0.018139569977681007,16.383278558364555,2025
,,,ae5e841baa8189fd27b4a8e3,time_value,,,1,1,2025-06-12,2025-06-12,,,863,,,2025-06-13,864,False,,,2025-11-12,,,,,,,"{""market_momentum"": 0.028815350010224172, ""market_volatility"": 0.007372316594017969, ""momentum"": 0.08800171710667515, ""volatility"": 0.018139569977681007, ""volume_state"": 16.383278558364555}",assumed_next_daily_close,,1,0000014272,,0.028815350010224172,0.007372316594017969,0.08800171710667515,,,,,,,e2067d880a3b447a5e772f16,False,,,,,,,,,,,,,,,,,,,,,,,,,,,,,,,,,,,,,,,,,,,,,,,,bounded_preclose_bid_ask,,,,False,not_requested_for_horizon_or_variant,,,no_standard_contract_within_rules,ordinary,covered_call,,no_standard_contract_within_rules,,,True,,H25,2,BMY,,primary,0.018139569977681007,16.383278558364555,2025
,,,ae5e841baa8189fd27b4a8e3,time_value,,,1,1,2025-06-12,2025-06-12,,,863,,,2025-06-13,864,False,,,2025-11-12,,,,,,,"{""market_momentum"": 0.028815350010224172, ""market_volatility"": 0.007372316594017969, ""momentum"": 0.08800171710667515, ""volatility"": 0.018139569977681007, ""volume_state"": 16.383278558364555}",assumed_next_daily_close,,2,0000014272,,0.028815350010224172,0.007372316594017969,0.08800171710667515,,,,,,,e2067d880a3b447a5e772f16,False,,,,,,,,,,,,,,,,,,,,,,,,,,,,,,,,,,,,,,,,,,,,,,,,bounded_preclose_bid_ask,,,,False,not_requested_for_horizon_or_variant,,,no_standard_contract_within_rules,ordinary,covered_call,,no_standard_contract_within_rules,,,False,,H25,2,BMY,,primary,0.018139569977681007,16.383278558364555,2025
,,,ae5e841baa8189fd27b4a8e3,time_value,,,1,1,2025-06-12,2025-06-12,,,863,,,2025-06-13,864,False,,,2025-11-12,,,,,,,"{""market_momentum"": 0.028815350010224172, ""market_volatility"": 0.007372316594017969, ""momentum"": 0.08800171710667515, ""volatility"": 0.018139569977681007, ""volume_state"": 16.383278558364555}",assumed_next_daily_close,,2,0000014272,,0.028815350010224172,0.007372316594017969,0.08800171710667515,,,,,,,e2067d880a3b447a5e772f16,False,,,,,,,,,,,,,,,,,,,,,,,,,,,,,,,,,,,,,,,,,,,,,,,,bounded_preclose_bid_ask,,,,False,not_requested_for_horizon_or_variant,,,no_standard_contract_within_rules,ordinary,covered_call,,no_standard_contract_within_rules,,,True,,H25,2,BMY,,primary,0.018139569977681007,16.383278558364555,2025
,,,ae5e841baa8189fd27b4a8e3,time_value,,,1,1,2025-06-12,2025-06-12,,,863,,,2025-06-13,864,False,,,2025-11-12,,,,,,,"{""market_momentum"": 0.028815350010224172, ""market_volatility"": 0.007372316594017969, ""momentum"": 0.08800171710667515, ""volatility"": 0.018139569977681007, ""volume_state"": 16.383278558364555}",assumed_next_daily_close,,3,0000014272,,0.028815350010224172,0.007372316594017969,0.08800171710667515,,,,,,,e2067d880a3b447a5e772f16,False,,,,,,,,,,,,,,,,,,,,,,,,,,,,,,,,,,,,,,,,,,,,,,,,bounded_preclose_bid_ask,,,,False,not_requested_for_horizon_or_variant,,,no_standard_contract_within_rules,ordinary,covered_call,,no_standard_contract_within_rules,,,False,,H25,2,BMY,,primary,0.018139569977681007,16.383278558364555,2025
,,,ae5e841baa8189fd27b4a8e3,time_value,,,1,1,2025-06-12,2025-06-12,,,863,,,2025-06-13,864,False,,,2025-11-12,,,,,,,"{""market_momentum"": 0.028815350010224172, ""market_volatility"": 0.007372316594017969, ""momentum"": 0.08800171710667515, ""volatility"": 0.018139569977681007, ""volume_state"": 16.383278558364555}",assumed_next_daily_close,,3,0000014272,,0.028815350010224172,0.007372316594017969,0.08800171710667515,,,,,,,e2067d880a3b447a5e772f16,False,,,,,,,,,,,,,,,,,,,,,,,,,,,,,,,,,,,,,,,,,,,,,,,,bounded_preclose_bid_ask,,,,False,not_requested_for_horizon_or_variant,,,no_standard_contract_within_rules,ordinary,covered_call,,no_standard_contract_within_rules,,,True,,H25,2,BMY,,primary,0.018139569977681007,16.383278558364555,2025
,,,ae5e841baa8189fd27b4a8e3,time_value,,,1,1,2025-06-12,2025-06-12,,,863,,,2025-06-13,864,False,,,2025-11-12,,,,,,,"{""market_momentum"": 0.028815350010224172, ""market_volatility"": 0.007372316594017969, ""momentum"": 0.08800171710667515, ""volatility"": 0.018139569977681007, ""volume_state"": 16.383278558364555}",assumed_next_daily_close,,5,0000014272,,0.028815350010224172,0.007372316594017969,0.08800171710667515,,,,,,,e2067d880a3b447a5e772f16,False,,,,,,,,,,,,,,,,,,,,,,,,,,,,,,,,,,,,,,,,,,,,,,,,bounded_preclose_bid_ask,,,,False,not_requested_for_horizon_or_variant,,,no_standard_contract_within_rules,ordinary,covered_call,,no_standard_contract_within_rules,,,False,,H25,2,BMY,,primary,0.018139569977681007,16.383278558364555,2025
,,,ae5e841baa8189fd27b4a8e3,time_value,,,1,1,2025-06-12,2025-06-12,,,863,,,2025-06-13,864,False,,,2025-11-12,,,,,,,"{""market_momentum"": 0.028815350010224172, ""market_volatility"": 0.007372316594017969, ""momentum"": 0.08800171710667515, ""volatility"": 0.018139569977681007, ""volume_state"": 16.383278558364555}",assumed_next_daily_close,,5,0000014272,,0.028815350010224172,0.007372316594017969,0.08800171710667515,,,,,,,e2067d880a3b447a5e772f16,False,,,,,,,,,,,,,,,,,,,,,,,,,,,,,,,,,,,,,,,,,,,,,,,,bounded_preclose_bid_ask,,,,False,not_requested_for_horizon_or_variant,,,no_standard_contract_within_rules,ordinary,covered_call,,no_standard_contract_within_rules,,,True,,H25,2,BMY,,primary,0.018139569977681007,16.383278558364555,2025
,,,ae5e841baa8189fd27b4a8e3,time_value,,,1,1,2025-06-12,2025-06-12,,,863,,,2025-06-13,864,False,,,2025-11-12,,,,,,,"{""market_momentum"": 0.028815350010224172, ""market_volatility"": 0.007372316594017969, ""momentum"": 0.08800171710667515, ""volatility"": 0.018139569977681007, ""volume_state"": 16.383278558364555}",assumed_next_daily_close,,10,0000014272,,0.028815350010224172,0.007372316594017969,0.08800171710667515,,,,,,,e2067d880a3b447a5e772f16,False,,,,,,,,,,,,,,,,,,,,,,,,,,,,,,,,,,,,,,,,,,,,,,,,bounded_preclose_bid_ask,,,,False,not_sampled_or_missing_quotes,,,no_standard_contract_within_rules,ordinary,covered_call,,no_standard_contract_within_rules,,,False,,H25,2,BMY,,primary,0.018139569977681007,16.383278558364555,2025
,,,ae5e841baa8189fd27b4a8e3,time_value,,,1,1,2025-06-12,2025-06-12,,,863,,,2025-06-13,864,False,,,2025-11-12,,,,,,,"{""market_momentum"": 0.028815350010224172, ""market_volatility"": 0.007372316594017969, ""momentum"": 0.08800171710667515, ""volatility"": 0.018139569977681007, ""volume_state"": 16.383278558364555}",assumed_next_daily_close,,10,0000014272,,0.028815350010224172,0.007372316594017969,0.08800171710667515,,,,,,,e2067d880a3b447a5e772f16,False,,,,,,,,,,,,,,,,,,,,,,,,,,,,,,,,,,,,,,,,,,,,,,,,bounded_preclose_bid_ask,,,,False,not_sampled_or_missing_quotes,,,no_standard_contract_within_rules,ordinary,covered_call,,no_standard_contract_within_rules,,,True,,H25,2,BMY,,primary,0.018139569977681007,16.383278558364555,2025
,,,ae5e841baa8189fd27b4a8e3,time_value,,,1,1,2025-06-12,2025-06-12,,,863,,,2025-06-13,864,False,,,2025-11-12,,,,,,,"{""market_momentum"": 0.028815350010224172, ""market_volatility"": 0.007372316594017969, ""momentum"": 0.08800171710667515, ""volatility"": 0.018139569977681007, ""volume_state"": 16.383278558364555}",assumed_next_daily_close,,21,0000014272,,0.028815350010224172,0.007372316594017969,0.08800171710667515,,,,,,,e2067d880a3b447a5e772f16,False,,,,,,,,,,,,,,,,,,,,,,,,,,,,,,,,,,,,,,,,,,,,,,,,bounded_preclose_bid_ask,,,,False,not_requested_for_horizon_or_variant,,,no_standard_contract_within_rules,ordinary,covered_call,,no_standard_contract_within_rules,,,False,,H25,2,BMY,,primary,0.018139569977681007,16.383278558364555,2025
,,,ae5e841baa8189fd27b4a8e3,time_value,,,1,1,2025-06-12,2025-06-12,,,863,,,2025-06-13,864,False,,,2025-11-12,,,,,,,"{""market_momentum"": 0.028815350010224172, ""market_volatility"": 0.007372316594017969, ""momentum"": 0.08800171710667515, ""volatility"": 0.018139569977681007, ""volume_state"": 16.383278558364555}",assumed_next_daily_close,,21,0000014272,,0.028815350010224172,0.007372316594017969,0.08800171710667515,,,,,,,e2067d880a3b447a5e772f16,False,,,,,,,,,,,,,,,,,,,,,,,,,,,,,,,,,,,,,,,,,,,,,,,,bounded_preclose_bid_ask,,,,False,not_requested_for_horizon_or_variant,,,no_standard_contract_within_rules,ordinary,covered_call,,no_standard_contract_within_rules,,,True,,H25,2,BMY,,primary,0.018139569977681007,16.383278558364555,2025
,,,ae5e841baa8189fd27b4a8e3,time_value,,,1,1,2025-06-12,2025-06-12,,,863,,,2025-06-13,864,False,,,2025-11-12,,,,,,,"{""market_momentum"": 0.028815350010224172, ""market_volatility"": 0.007372316594017969, ""momentum"": 0.08800171710667515, ""volatility"": 0.018139569977681007, ""volume_state"": 16.383278558364555}",assumed_next_daily_close,,42,0000014272,,0.028815350010224172,0.007372316594017969,0.08800171710667515,,,,,,,e2067d880a3b447a5e772f16,False,,,,,,,,,,,,,,,,,,,,,,,,,,,,,,,,,,,,,,,,,,,,,,,,bounded_preclose_bid_ask,,,,False,not_requested_for_horizon_or_variant,,,no_standard_contract_within_rules,ordinary,covered_call,,no_standard_contract_within_rules,,,False,,H25,2,BMY,,primary,0.018139569977681007,16.383278558364555,2025
,,,ae5e841baa8189fd27b4a8e3,time_value,,,1,1,2025-06-12,2025-06-12,,,863,,,2025-06-13,864,False,,,2025-11-12,,,,,,,"{""market_momentum"": 0.028815350010224172, ""market_volatility"": 0.007372316594017969, ""momentum"": 0.08800171710667515, ""volatility"": 0.018139569977681007, ""volume_state"": 16.383278558364555}",assumed_next_daily_close,,42,0000014272,,0.028815350010224172,0.007372316594017969,0.08800171710667515,,,,,,,e2067d880a3b447a5e772f16,False,,,,,,,,,,,,,,,,,,,,,,,,,,,,,,,,,,,,,,,,,,,,,,,,bounded_preclose_bid_ask,,,,False,not_requested_for_horizon_or_variant,,,no_standard_contract_within_rules,ordinary,covered_call,,no_standard_contract_within_rules,,,True,,H25,2,BMY,,primary,0.018139569977681007,16.383278558364555,2025
,,,ae5e841baa8189fd27b4a8e3,time_value,,,1,1,2025-06-12,2025-06-12,,,863,,,2025-06-13,864,False,,,2025-11-12,,,,,,,"{""market_momentum"": 0.028815350010224172, ""market_volatility"": 0.007372316594017969, ""momentum"": 0.08800171710667515, ""volatility"": 0.018139569977681007, ""volume_state"": 16.383278558364555}",assumed_next_daily_close,,63,0000014272,,0.028815350010224172,0.007372316594017969,0.08800171710667515,,,,,,,e2067d880a3b447a5e772f16,False,,,,,,,,,,,,,,,,,,,,,,,,,,,,,,,,,,,,,,,,,,,,,,,,bounded_preclose_bid_ask,,,,False,not_requested_for_horizon_or_variant,,,no_standard_contract_within_rules,ordinary,covered_call,,no_standard_contract_within_rules,,,False,,H25,2,BMY,,primary,0.018139569977681007,16.383278558364555,2025
,,,ae5e841baa8189fd27b4a8e3,time_value,,,1,1,2025-06-12,2025-06-12,,,863,,,2025-06-13,864,False,,,2025-11-12,,,,,,,"{""market_momentum"": 0.028815350010224172, ""market_volatility"": 0.007372316594017969, ""momentum"": 0.08800171710667515, ""volatility"": 0.018139569977681007, ""volume_state"": 16.383278558364555}",assumed_next_daily_close,,63,0000014272,,0.028815350010224172,0.007372316594017969,0.08800171710667515,,,,,,,e2067d880a3b447a5e772f16,False,,,,,,,,,,,,,,,,,,,,,,,,,,,,,,,,,,,,,,,,,,,,,,,,bounded_preclose_bid_ask,,,,False,not_requested_for_horizon_or_variant,,,no_standard_contract_within_rules,ordinary,covered_call,,no_standard_contract_within_rules,,,True,,H25,2,BMY,,primary,0.018139569977681007,16.383278558364555,2025
,,,ae5e841baa8189fd27b4a8e3,time_value,,,1,1,2025-06-12,2025-06-12,,,863,,,2025-06-13,864,False,,,2025-11-12,,,,,,,"{""market_momentum"": 0.028815350010224172, ""market_volatility"": 0.007372316594017969, ""momentum"": 0.08800171710667515, ""volatility"": 0.018139569977681007, ""volume_state"": 16.383278558364555}",assumed_next_daily_close,,expiry,0000014272,,0.028815350010224172,0.007372316594017969,0.08800171710667515,,,,,,,e2067d880a3b447a5e772f16,False,,,,,,,,,,,,,,,,,,,,,,,,,,,,,,,,,,,,,,,,,,,,,,,,bounded_preclose_bid_ask,,,,False,not_requested_for_horizon_or_variant,,,no_standard_contract_within_rules,ordinary,covered_call,,no_standard_contract_within_rules,,,False,,H25,2,BMY,,primary,0.018139569977681007,16.383278558364555,2025
,,,ae5e841baa8189fd27b4a8e3,time_value,,,1,1,2025-06-12,2025-06-12,,,863,,,2025-06-13,864,False,,,2025-11-12,,,,,,,"{""market_momentum"": 0.028815350010224172, ""market_volatility"": 0.007372316594017969, ""momentum"": 0.08800171710667515, ""volatility"": 0.018139569977681007, ""volume_state"": 16.383278558364555}",assumed_next_daily_close,,expiry,0000014272,,0.028815350010224172,0.007372316594017969,0.08800171710667515,,,,,,,e2067d880a3b447a5e772f16,False,,,,,,,,,,,,,,,,,,,,,,,,,,,,,,,,,,,,,,,,,,,,,,,,bounded_preclose_bid_ask,,,,False,not_requested_for_horizon_or_variant,,,no_standard_contract_within_rules,ordinary,covered_call,,no_standard_contract_within_rules,,,True,,H25,2,BMY,,primary,0.018139569977681007,16.383278558364555,2025
0.04748603351955305,2023-02-16,282,b07ca6d980b6e8e043b3b922,time_value,9.992,O:INTC230616C00030000,1,1,2023-02-14,2023-02-14,122,0.05970670391061452,280,0.0,0.0222263431542461,2023-02-15,281,True,2023-02-16,282,2023-02-14,45,23387676.0,2023-02-16,scheduled_exit,282,2023-06-16,"{""market_momentum"": 0.035483061480552136, ""market_volatility"": 0.010424355707147738, ""momentum"": -0.04882098970441706, ""volatility"": 0.026849462020412714, ""volume_state"": 17.688587076864152}",assumed_next_daily_close,2885.0,1,0000050863,0,0.035483061480552136,0.010424355707147738,-0.04882098970441706,-64.123,-0.0222263431542461,11.131,1.75,1.53,21.999999999999996,c7975fbe6a0c406d963e7f52,True,0.00023540489642184556,4248,2.5674429917640893e-06,38949258.2,,,,,,,,,,,,,,,,,,,,,,,,,,,,,,,,,,,,,,,,,,,,bounded_preclose_bid_ask,,,,False,not_requested_for_horizon_or_variant,,,,event,covered_call,100,completed,28.85,28.2,False,-65.0,H25,2,INTC,21.123,primary,0.026849462020412714,17.688587076864152,2023
0.04748603351955305,2023-02-16,282,b07ca6d980b6e8e043b3b922,time_value,1.692,O:INTC230616C00030000,1,1,2023-02-14,2023-02-14,122,0.05970670391061452,280,0.0,0.023716811091854414,2023-02-15,281,True,2023-02-16,282,2023-02-14,45,23387676.0,2023-02-16,scheduled_exit,282,2023-06-16,"{""market_momentum"": 0.035483061480552136, ""market_volatility"": 0.010424355707147738, ""momentum"": -0.04882098970441706, ""volatility"": 0.026849462020412714, ""volume_state"": 17.688587076864152}",assumed_next_daily_close,2885.0,1,0000050863,0,0.035483061480552136,0.010424355707147738,-0.04882098970441706,-68.42299999999999,-0.023716811091854414,1.7309999999999999,1.75,0.0,-0.0,c7975fbe6a0c406d963e7f52,True,0.00023540489642184556,4248,2.5674429917640893e-06,38949258.2,,,,,,,,,,,,,,,,,,,,,,,,,,,,,,,,,,,,,,,,,,,,bounded_preclose_bid_ask,,,,False,not_requested_for_horizon_or_variant,,,,event,covered_call,100,completed,28.85,28.2,True,-65.0,H25,2,INTC,3.423,primary,0.026849462020412714,17.688587076864152,2023
0.04748603351955305,2023-02-17,283,b07ca6d980b6e8e043b3b922,time_value,8.5566,O:INTC230616C00030000,1,1,2023-02-14,2023-02-14,122,0.05970670391061452,280,0.0,0.03247403812824957,2023-02-15,281,True,2023-02-17,283,2023-02-14,45,23387676.0,2023-02-17,scheduled_exit,283,2023-06-16,"{""market_momentum"": 0.035483061480552136, ""market_volatility"": 0.010424355707147738, ""momentum"": -0.04882098970441706, ""volatility"": 0.026849462020412714, ""volume_state"": 17.688587076864152}",assumed_next_daily_close,2885.0,2,0000050863,0,0.035483061480552136,0.010424355707147738,-0.04882098970441706,-93.6876,-0.03247403812824957,11.131,1.75,1.25,50.0,c7975fbe6a0c406d963e7f52,True,0.00023540489642184556,4248,2.5674429917640893e-06,38949258.2,,,,,,,,,,,,,,,,,,,,,,,,,,,,,,,,,,,,,,,,,,,,bounded_preclose_bid_ask,,,,False,not_requested_for_horizon_or_variant,,,,event,covered_call,100,completed,28.85,27.61,False,-124.0,H25,2,INTC,19.6876,primary,0.026849462020412714,17.688587076864152,2023
0.04748603351955305,2023-02-17,283,b07ca6d980b6e8e043b3b922,time_value,1.6565999999999999,O:INTC230616C00030000,1,1,2023-02-14,2023-02-14,122,0.05970670391061452,280,0.0,0.0441551473136915,2023-02-15,281,True,2023-02-17,283,2023-02-14,45,23387676.0,2023-02-17,scheduled_exit,283,2023-06-16,"{""market_momentum"": 0.035483061480552136, ""market_volatility"": 0.010424355707147738, ""momentum"": -0.04882098970441706, ""volatility"": 0.026849462020412714, ""volume_state"": 17.688587076864152}",assumed_next_daily_close,2885.0,2,0000050863,0,0.035483061480552136,0.010424355707147738,-0.04882098970441706,-127.38759999999999,-0.0441551473136915,1.7309999999999999,1.75,0.0,-0.0,c7975fbe6a0c406d963e7f52,True,0.00023540489642184556,4248,2.5674429917640893e-06,38949258.2,,,,,,,,,,,,,,,,,,,,,,,,,,,,,,,,,,,,,,,,,,,,bounded_preclose_bid_ask,,,,False,not_requested_for_horizon_or_variant,,,,event,covered_call,100,completed,28.85,27.61,True,-124.0,H25,2,INTC,3.3876,primary,0.026849462020412714,17.688587076864152,2023
0.04748603351955305,2023-02-21,284,b07ca6d980b6e8e043b3b922,time_value,6.0136,O:INTC230616C00030000,1,1,2023-02-14,2023-02-14,122,0.05970670391061452,280,0.0,0.06833435008665512,2023-02-15,281,True,2023-02-21,284,2023-02-14,45,23387676.0,2023-02-21,scheduled_exit,284,2023-06-16,"{""market_momentum"": 0.035483061480552136, ""market_volatility"": 0.010424355707147738, ""momentum"": -0.04882098970441706, ""volatility"": 0.026849462020412714, ""volume_state"": 17.688587076864152}",assumed_next_daily_close,2885.0,3,0000050863,0,0.035483061480552136,0.010424355707147738,-0.04882098970441706,-197.1446,-0.06833435008665512,11.131,1.75,0.76,99.0,c7975fbe6a0c406d963e7f52,True,0.00023540489642184556,4248,2.5674429917640893e-06,38949258.2,,,,,,,,,,,,,,,,,,,,,,,,,,,,,,,,,,,,,,,,,,,,bounded_preclose_bid_ask,,,,False,not_requested_for_horizon_or_variant,,,,event,covered_call,100,completed,28.85,26.06,False,-279.0,H25,2,INTC,17.1446,primary,0.026849462020412714,17.688587076864152,2023
0.04748603351955305,2023-02-21,284,b07ca6d980b6e8e043b3b922,time_value,1.5635999999999999,O:INTC230616C00030000,1,1,2023-02-14,2023-02-14,122,0.05970670391061452,280,0.0,0.0978490814558059,2023-02-15,281,True,2023-02-21,284,2023-02-14,45,23387676.0,2023-02-21,scheduled_exit,284,2023-06-16,"{""market_momentum"": 0.035483061480552136, ""market_volatility"": 0.010424355707147738, ""momentum"": -0.04882098970441706, ""volatility"": 0.026849462020412714, ""volume_state"": 17.688587076864152}",assumed_next_daily_close,2885.0,3,0000050863,0,0.035483061480552136,0.010424355707147738,-0.04882098970441706,-282.2946,-0.0978490814558059,1.7309999999999999,1.75,0.0,-0.0,c7975fbe6a0c406d963e7f52,True,0.00023540489642184556,4248,2.5674429917640893e-06,38949258.2,,,,,,,,,,,,,,,,,,,,,,,,,,,,,,,,,,,,,,,,,,,,bounded_preclose_bid_ask,,,,False,not_requested_for_horizon_or_variant,,,,event,covered_call,100,completed,28.85,26.06,True,-279.0,H25,2,INTC,3.2946,primary,0.026849462020412714,17.688587076864152,2023
0.04748603351955305,2023-02-23,286,b07ca6d980b6e8e043b3b922,time_value,5.4366,O:INTC230616C00030000,1,1,2023-02-14,2023-02-14,122,0.05970670391061452,280,0.0,0.08331341421143842,2023-02-15,281,True,2023-02-23,286,2023-02-14,45,23387676.0,2023-02-23,scheduled_exit,286,2023-06-16,"{""market_momentum"": 0.035483061480552136, ""market_volatility"": 0.010424355707147738, ""momentum"": -0.04882098970441706, ""volatility"": 0.026849462020412714, ""volume_state"": 17.688587076864152}",assumed_next_daily_close,2885.0,5,0000050863,0,0.035483061480552136,0.010424355707147738,-0.04882098970441706,-230.5676,-0.07991944540727904,11.131,1.75,0.65,110.00000000000001,c7975fbe6a0c406d963e7f52,True,0.00023540489642184556,4248,2.5674429917640893e-06,38949258.2,,,,,,,,,,,,,,,,,,,,,,,,,,,,,,,,,,,,,,,,,,,,bounded_preclose_bid_ask,,,,False,not_requested_for_horizon_or_variant,,,,event,covered_call,100,completed,28.85,25.61,False,-324.0,H25,2,INTC,16.5676,primary,0.026849462020412714,17.688587076864152,2023
0.04748603351955305,2023-02-23,286,b07ca6d980b6e8e043b3b922,time_value,1.5366,O:INTC230616C00030000,1,1,2023-02-14,2023-02-14,122,0.05970670391061452,280,0.0,0.11828741767764307,2023-02-15,281,True,2023-02-23,286,2023-02-14,45,23387676.0,2023-02-23,scheduled_exit,286,2023-06-16,"{""market_momentum"": 0.035483061480552136, ""market_volatility"": 0.010424355707147738, ""momentum"": -0.04882098970441706, ""volatility"": 0.026849462020412714, ""volume_state"": 17.688587076864152}",assumed_next_daily_close,2885.0,5,0000050863,0,0.035483061480552136,0.010424355707147738,-0.04882098970441706,-327.2676,-0.11343764298093588,1.7309999999999999,1.75,0.0,-0.0,c7975fbe6a0c406d963e7f52,True,0.00023540489642184556,4248,2.5674429917640893e-06,38949258.2,,,,,,,,,,,,,,,,,,,,,,,,,,,,,,,,,,,,,,,,,,,,bounded_preclose_bid_ask,,,,False,not_requested_for_horizon_or_variant,,,,event,covered_call,100,completed,28.85,25.61,True,-324.0,H25,2,INTC,3.2676,primary,0.026849462020412714,17.688587076864152,2023
0.04748603351955305,2023-03-02,291,b07ca6d980b6e8e043b3b922,time_value,6.022,O:INTC230616C00030000,1,1,2023-02-14,2023-02-14,122,0.05970670391061452,280,0.0,0.09796360485268626,2023-02-15,281,True,2023-03-02,291,2023-02-14,45,23387676.0,2023-03-02,scheduled_exit,291,2023-06-16,"{""market_momentum"": 0.035483061480552136, ""market_volatility"": 0.010424355707147738, ""momentum"": -0.04882098970441706, ""volatility"": 0.026849462020412714, ""volume_state"": 17.688587076864152}",assumed_next_daily_close,2885.0,10,0000050863,0,0.035483061480552136,0.010424355707147738,-0.04882098970441706,-183.153,-0.063484575389948,11.131,1.75,0.76,99.0,c7975fbe6a0c406d963e7f52,True,0.00023540489642184556,4248,2.5674429917640893e-06,38949258.2,,,,,,,,,,,,,,,,,,,,,,,,,,,,,,,,,,,,,,,,,,,,bounded_preclose_bid_ask,,,,False,decision_asynchronous_quotes,,,,event,covered_call,100,completed,28.85,26.2,False,-265.0,H25,2,INTC,17.153,primary,0.026849462020412714,17.688587076864152,2023
0.04748603351955305,2023-03-02,291,b07ca6d980b6e8e043b3b922,time_value,1.5719999999999998,O:INTC230616C00030000,1,1,2023-02-14,2023-02-14,122,0.05970670391061452,280,0.0,0.13803292894280772,2023-02-15,281,True,2023-03-02,291,2023-02-14,45,23387676.0,2023-03-02,scheduled_exit,291,2023-06-16,"{""market_momentum"": 0.035483061480552136, ""market_volatility"": 0.010424355707147738, ""momentum"": -0.04882098970441706, ""volatility"": 0.026849462020412714, ""volume_state"": 17.688587076864152}",assumed_next_daily_close,2885.0,10,0000050863,0,0.035483061480552136,0.010424355707147738,-0.04882098970441706,-268.303,-0.09299930675909879,1.7309999999999999,1.75,0.0,-0.0,c7975fbe6a0c406d963e7f52,True,0.00023540489642184556,4248,2.5674429917640893e-06,38949258.2,,,,,,,,,,,,,,,,,,,,,,,,,,,,,,,,,,,,,,,,,,,,bounded_preclose_bid_ask,,,,False,decision_asynchronous_quotes,,,,event,covered_call,100,completed,28.85,26.2,True,-265.0,H25,2,INTC,3.303,primary,0.026849462020412714,17.688587076864152,2023
0.04748603351955305,2023-03-17,302,b07ca6d980b6e8e043b3b922,time_value,14.188600000000001,O:INTC230616C00030000,1,1,2023-02-14,2023-02-14,122,0.05970670391061452,280,0.0,0.09796360485268626,2023-02-15,281,True,2023-03-17,302,2023-02-14,45,23387676.0,2023-03-17,scheduled_exit,302,2023-06-16,"{""market_momentum"": 0.035483061480552136, ""market_volatility"": 0.010424355707147738, ""momentum"": -0.04882098970441706, ""volatility"": 0.026849462020412714, ""volume_state"": 17.688587076864152}",assumed_next_daily_close,2885.0,21,0000050863,0,0.035483061480552136,0.010424355707147738,-0.04882098970441706,10.680399999999992,0.003702045060658576,11.131,1.75,2.35,-60.00000000000001,c7975fbe6a0c406d963e7f52,True,0.00023540489642184556,4248,2.5674429917640893e-06,38949258.2,,,,,,,,,,,,,,,,,,,,,,,,,,,,,,,,,,,,,,,,,,,,bounded_preclose_bid_ask,,,,False,not_requested_for_horizon_or_variant,,,,event,covered_call,100,completed,28.85,29.81,False,96.0,H25,2,INTC,25.3196,primary,0.026849462020412714,17.688587076864152,2023
0.04748603351955305,2023-03-17,302,b07ca6d980b6e8e043b3b922,time_value,1.7885999999999997,O:INTC230616C00030000,1,1,2023-02-14,2023-02-14,122,0.05970670391061452,280,0.0,0.13803292894280772,2023-02-15,281,True,2023-03-17,302,2023-02-14,45,23387676.0,2023-03-17,scheduled_exit,302,2023-06-16,"{""market_momentum"": 0.035483061480552136, ""market_volatility"": 0.010424355707147738, ""momentum"": -0.04882098970441706, ""volatility"": 0.026849462020412714, ""volume_state"": 17.688587076864152}",assumed_next_daily_close,2885.0,21,0000050863,0,0.035483061480552136,0.010424355707147738,-0.04882098970441706,92.4804,0.0320555979202773,1.7309999999999999,1.75,0.0,-0.0,c7975fbe6a0c406d963e7f52,True,0.00023540489642184556,4248,2.5674429917640893e-06,38949258.2,,,,,,,,,,,,,,,,,,,,,,,,,,,,,,,,,,,,,,,,,,,,bounded_preclose_bid_ask,,,,False,not_requested_for_horizon_or_variant,,,,event,covered_call,100,completed,28.85,29.81,True,96.0,H25,2,INTC,3.5195999999999996,primary,0.026849462020412714,17.688587076864152,2023
0.04748603351955305,2023-04-18,323,b07ca6d980b6e8e043b3b922,time_value,17.6098,O:INTC230616C00030000,1,1,2023-02-14,2023-02-14,122,0.05970670391061452,280,0.0,0.09796360485268626,2023-02-15,281,True,2023-04-18,323,2023-02-14,45,23387676.0,2023-04-18,scheduled_exit,323,2023-06-16,"{""market_momentum"": 0.035483061480552136, ""market_volatility"": 0.010424355707147738, ""momentum"": -0.04882098970441706, ""volatility"": 0.026849462020412714, ""volume_state"": 17.688587076864152}",assumed_next_daily_close,2885.0,42,0000050863,0,0.035483061480552136,0.010424355707147738,-0.04882098970441706,143.25920000000002,0.049656568457539005,11.131,1.75,3.01,-125.99999999999997,c7975fbe6a0c406d963e7f52,True,0.00023540489642184556,4248,2.5674429917640893e-06,38949258.2,,,,,,,,,,,,,,,,,,,,,,,,,,,,,,,,,,,,,,,,,,,,bounded_preclose_bid_ask,,,,False,not_requested_for_horizon_or_variant,,,,event,covered_call,100,completed,28.85,31.83,False,298.0,H25,2,INTC,28.7408,primary,0.026849462020412714,17.688587076864152,2023
0.04748603351955305,2023-04-18,323,b07ca6d980b6e8e043b3b922,time_value,1.9098,O:INTC230616C00030000,1,1,2023-02-14,2023-02-14,122,0.05970670391061452,280,0.0,0.13803292894280772,2023-02-15,281,True,2023-04-18,323,2023-02-14,45,23387676.0,2023-04-18,scheduled_exit,323,2023-06-16,"{""market_momentum"": 0.035483061480552136, ""market_volatility"": 0.010424355707147738, ""momentum"": -0.04882098970441706, ""volatility"": 0.026849462020412714, ""volume_state"": 17.688587076864152}",assumed_next_daily_close,2885.0,42,0000050863,0,0.035483061480552136,0.010424355707147738,-0.04882098970441706,294.3592,0.1020309185441941,1.7309999999999999,1.75,0.0,-0.0,c7975fbe6a0c406d963e7f52,True,0.00023540489642184556,4248,2.5674429917640893e-06,38949258.2,,,,,,,,,,,,,,,,,,,,,,,,,,,,,,,,,,,,,,,,,,,,bounded_preclose_bid_ask,,,,False,not_requested_for_horizon_or_variant,,,,event,covered_call,100,completed,28.85,31.83,True,298.0,H25,2,INTC,3.6407999999999996,primary,0.026849462020412714,17.688587076864152,2023
0.04748603351955305,2023-05-17,344,b07ca6d980b6e8e043b3b922,time_value,5.5822,O:INTC230616C00030000,1,1,2023-02-14,2023-02-14,122,0.05970670391061452,280,12.5,0.09796360485268626,2023-02-15,281,True,2023-05-17,344,2023-02-14,45,23387676.0,2023-05-17,scheduled_exit,344,2023-06-16,"{""market_momentum"": 0.035483061480552136, ""market_volatility"": 0.010424355707147738, ""momentum"": -0.04882098970441706, ""volatility"": 0.026849462020412714, ""volume_state"": 17.688587076864152}",assumed_next_daily_close,2885.0,63,0000050863,0,0.035483061480552136,0.010424355707147738,-0.04882098970441706,108.78679999999999,0.03770772963604852,11.131,1.75,0.64,110.99999999999999,c7975fbe6a0c406d963e7f52,True,0.00023540489642184556,4248,2.5674429917640893e-06,38949258.2,,,,,,,,,,,,,,,,,,,,,,,,,,,,,,,,,,,,,,,,,,,,bounded_preclose_bid_ask,,,,False,not_requested_for_horizon_or_variant,,,,event,covered_call,100,completed,28.85,28.87,False,2.0,H25,2,INTC,16.7132,primary,0.026849462020412714,17.688587076864152,2023
0.04748603351955305,2023-05-17,344,b07ca6d980b6e8e043b3b922,time_value,1.7321999999999997,O:INTC230616C00030000,1,1,2023-02-14,2023-02-14,122,0.05970670391061452,280,12.5,0.13803292894280772,2023-02-15,281,True,2023-05-17,344,2023-02-14,45,23387676.0,2023-05-17,scheduled_exit,344,2023-06-16,"{""market_momentum"": 0.035483061480552136, ""market_volatility"": 0.010424355707147738, ""momentum"": -0.04882098970441706, ""volatility"": 0.026849462020412714, ""volume_state"": 17.688587076864152}",assumed_next_daily_close,2885.0,63,0000050863,0,0.035483061480552136,0.010424355707147738,-0.04882098970441706,11.0368,0.003825580589254766,1.7309999999999999,1.75,0.0,-0.0,c7975fbe6a0c406d963e7f52,True,0.00023540489642184556,4248,2.5674429917640893e-06,38949258.2,,,,,,,,,,,,,,,,,,,,,,,,,,,,,,,,,,,,,,,,,,,,bounded_preclose_bid_ask,,,,False,not_requested_for_horizon_or_variant,,,,event,covered_call,100,completed,28.85,28.87,True,2.0,H25,2,INTC,3.4631999999999996,primary,0.026849462020412714,17.688587076864152,2023
0.04748603351955305,2023-06-16,365,b07ca6d980b6e8e043b3b922,time_value,2.4499999999999997,O:INTC230616C00030000,1,1,2023-02-14,2023-02-14,122,0.05970670391061452,280,12.5,0.09796360485268626,2023-02-15,281,True,2023-06-16,365,2023-02-14,45,23387676.0,2023-06-16,modelled_physical_expiry,365,2023-06-16,"{""market_momentum"": 0.035483061480552136, ""market_volatility"": 0.010424355707147738, ""momentum"": -0.04882098970441706, ""volatility"": 0.026849462020412714, ""volume_state"": 17.688587076864152}",assumed_next_daily_close,2885.0,expiry,0000050863,0,0.035483061480552136,0.010424355707147738,-0.04882098970441706,288.91900000000004,0.10014523396880418,11.131,1.75,0.0,175.0,c7975fbe6a0c406d963e7f52,True,0.00023540489642184556,4248,2.5674429917640893e-06,38949258.2,,,,,,,,,,,,,,,,,,,,,,,,,,,,,,,,,,,,,,,,,,,,bounded_preclose_bid_ask,,,,False,not_requested_for_horizon_or_variant,,,,event,covered_call,100,completed,28.85,30.0,False,115.0,H25,2,INTC,13.581,primary,0.026849462020412714,17.688587076864152,2023
0.04748603351955305,2023-06-16,365,b07ca6d980b6e8e043b3b922,time_value,2.1821999999999995,O:INTC230616C00030000,1,1,2023-02-14,2023-02-14,122,0.05970670391061452,280,12.5,0.13803292894280772,2023-02-15,281,True,2023-06-16,365,2023-02-14,45,23387676.0,2023-06-16,scheduled_exit,365,2023-06-16,"{""market_momentum"": 0.035483061480552136, ""market_volatility"": 0.010424355707147738, ""momentum"": -0.04882098970441706, ""volatility"": 0.026849462020412714, ""volume_state"": 17.688587076864152}",assumed_next_daily_close,2885.0,expiry,0000050863,0,0.035483061480552136,0.010424355707147738,-0.04882098970441706,760.5867999999996,0.263634939341421,1.7309999999999999,1.75,0.0,-0.0,c7975fbe6a0c406d963e7f52,True,0.00023540489642184556,4248,2.5674429917640893e-06,38949258.2,,,,,,,,,,,,,,,,,,,,,,,,,,,,,,,,,,,,,,,,,,,,bounded_preclose_bid_ask,,,,False,not_requested_for_horizon_or_variant,,,,event,covered_call,100,completed,28.85,36.37,True,751.9999999999995,H25,2,INTC,3.9131999999999993,primary,0.026849462020412714,17.688587076864152,2023
0.058042522651834516,2024-03-18,553,b33eeb5bc5cd7e1c7f3a3a1c,time_value,18.637999999999998,O:XOM240719P00105000,1,1,2024-03-14,2024-03-14,127,0.02431147393917646,551,0.0,0.003707414397411756,2024-03-15,552,True,2024-03-18,553,2024-10-10,2161,38264401.0,2024-03-18,scheduled_exit,553,2024-07-19,"{""market_momentum"": 0.04224012305699487, ""market_volatility"": 0.007298629155728418, ""momentum"": 0.09996052891257157, ""volatility"": 0.011373658233645176, ""volume_state"": 16.70712583866167}",assumed_next_daily_close,11127.0,1,0000034088,0,0.04224012305699487,0.007298629155728418,0.09996052891257157,22.73579999999999,0.0020433000808843345,20.6262,2.66,2.25,-41.000000000000014,dfa781e7b9a340a38c6f1268,True,0.0012919896640826874,774,6.162671478644895e-06,16226729.0,,,,,,,,,,,,,,,,,,,,,,,,,,,,,,,,,,,,,,,,,,,,bounded_preclose_bid_ask,,,,False,not_requested_for_horizon_or_variant,,,,ordinary,protective_put,100,completed,111.27,112.3,False,103.0,H25,2,XOM,39.2642,primary,0.011373658233645176,16.70712583866167,2024
0.058042522651834516,2024-03-18,553,b33eeb5bc5cd7e1c7f3a3a1c,time_value,6.7379999999999995,O:XOM240719P00105000,1,1,2024-03-14,2024-03-14,127,0.02431147393917646,551,0.0,0.0011999999999999893,2024-03-15,552,True,2024-03-18,553,2024-10-10,2161,38264401.0,2024-03-18,scheduled_exit,553,2024-07-19,"{""market_momentum"": 0.04224012305699487, ""market_volatility"": 0.007298629155728418, ""momentum"": 0.09996052891257157, ""volatility"": 0.011373658233645176, ""volume_state"": 16.70712583866167}",assumed_next_daily_close,11127.0,1,0000034088,0,0.04224012305699487,0.007298629155728418,0.09996052891257157,89.5858,0.008051208771456818,6.6762,2.66,0.0,-0.0,dfa781e7b9a340a38c6f1268,True,0.0012919896640826874,774,6.162671478644895e-06,16226729.0,,,,,,,,,,,,,,,,,,,,,,,,,,,,,,,,,,,,,,,,,,,,bounded_preclose_bid_ask,,,,False,not_requested_for_horizon_or_variant,,,,ordinary,protective_put,100,completed,111.27,112.3,True,103.0,H25,2,XOM,13.4142,primary,0.011373658233645176,16.70712583866167,2024
0.058042522651834516,2024-03-19,554,b33eeb5bc5cd7e1c7f3a3a1c,time_value,17.8354,O:XOM240719P00105000,1,1,2024-03-14,2024-03-14,127,0.02431147393917646,551,0.0,0.003707414397411756,2024-03-15,552,True,2024-03-19,554,2024-10-10,2161,38264401.0,2024-03-19,scheduled_exit,554,2024-07-19,"{""market_momentum"": 0.04224012305699487, ""market_volatility"": 0.007298629155728418, ""momentum"": 0.09996052891257157, ""volatility"": 0.011373658233645176, ""volume_state"": 16.70712583866167}",assumed_next_daily_close,11127.0,2,0000034088,0,0.04224012305699487,0.007298629155728418,0.09996052891257157,85.5384,0.007687462928012941,20.6262,2.66,2.08,-58.00000000000001,dfa781e7b9a340a38c6f1268,True,0.0012919896640826874,774,6.162671478644895e-06,16226729.0,,,,,,,,,,,,,,,,,,,,,,,,,,,,,,,,,,,,,,,,,,,,bounded_preclose_bid_ask,,,,False,not_requested_for_horizon_or_variant,,,,ordinary,protective_put,100,completed,111.27,113.09,False,182.0,H25,2,XOM,38.461600000000004,primary,0.011373658233645176,16.70712583866167,2024
0.058042522651834516,2024-03-19,554,b33eeb5bc5cd7e1c7f3a3a1c,time_value,6.785399999999999,O:XOM240719P00105000,1,1,2024-03-14,2024-03-14,127,0.02431147393917646,551,0.0,0.0011999999999999893,2024-03-15,552,True,2024-03-19,554,2024-10-10,2161,38264401.0,2024-03-19,scheduled_exit,554,2024-07-19,"{""market_momentum"": 0.04224012305699487, ""market_volatility"": 0.007298629155728418, ""momentum"": 0.09996052891257157, ""volatility"": 0.011373658233645176, ""volume_state"": 16.70712583866167}",assumed_next_daily_close,11127.0,2,0000034088,0,0.04224012305699487,0.007298629155728418,0.09996052891257157,168.5384,0.015146796081603306,6.6762,2.66,0.0,-0.0,dfa781e7b9a340a38c6f1268,True,0.0012919896640826874,774,6.162671478644895e-06,16226729.0,,,,,,,,,,,,,,,,,,,,,,,,,,,,,,,,,,,,,,,,,,,,bounded_preclose_bid_ask,,,,False,not_requested_for_horizon_or_variant,,,,ordinary,protective_put,100,completed,111.27,113.09,True,182.0,H25,2,XOM,13.461599999999999,primary,0.011373658233645176,16.70712583866167,2024
0.058042522651834516,2024-03-20,555,b33eeb5bc5cd7e1c7f3a3a1c,time_value,17.7294,O:XOM240719P00105000,1,1,2024-03-14,2024-03-14,127,0.02431147393917646,551,0.0,0.003707414397411756,2024-03-15,552,True,2024-03-20,555,2024-10-10,2161,38264401.0,2024-03-20,scheduled_exit,555,2024-07-19,"{""market_momentum"": 0.04224012305699487, ""market_volatility"": 0.007298629155728418, ""momentum"": 0.09996052891257157, ""volatility"": 0.011373658233645176, ""volume_state"": 16.70712583866167}",assumed_next_daily_close,11127.0,3,0000034088,0,0.04224012305699487,0.007298629155728418,0.09996052891257157,73.6444,0.006618531499955065,20.6262,2.66,2.06,-60.00000000000001,dfa781e7b9a340a38c6f1268,True,0.0012919896640826874,774,6.162671478644895e-06,16226729.0,,,,,,,,,,,,,,,,,,,,,,,,,,,,,,,,,,,,,,,,,,,,bounded_preclose_bid_ask,,,,False,not_requested_for_horizon_or_variant,,,,ordinary,protective_put,100,completed,111.27,112.99,False,172.0,H25,2,XOM,38.355599999999995,primary,0.011373658233645176,16.70712583866167,2024
0.058042522651834516,2024-03-20,555,b33eeb5bc5cd7e1c7f3a3a1c,time_value,6.779399999999999,O:XOM240719P00105000,1,1,2024-03-14,2024-03-14,127,0.02431147393917646,551,0.0,0.0011999999999999893,2024-03-15,552,True,2024-03-20,555,2024-10-10,2161,38264401.0,2024-03-20,scheduled_exit,555,2024-07-19,"{""market_momentum"": 0.04224012305699487, ""market_volatility"": 0.007298629155728418, ""momentum"": 0.09996052891257157, ""volatility"": 0.011373658233645176, ""volume_state"": 16.70712583866167}",assumed_next_daily_close,11127.0,3,0000034088,0,0.04224012305699487,0.007298629155728418,0.09996052891257157,158.5444,0.014248620472724004,6.6762,2.66,0.0,-0.0,dfa781e7b9a340a38c6f1268,True,0.0012919896640826874,774,6.162671478644895e-06,16226729.0,,,,,,,,,,,,,,,,,,,,,,,,,,,,,,,,,,,,,,,,,,,,bounded_preclose_bid_ask,,,,False,not_requested_for_horizon_or_variant,,,,ordinary,protective_put,100,completed,111.27,112.99,True,172.0,H25,2,XOM,13.455599999999999,primary,0.011373658233645176,16.70712583866167,2024
0.058042522651834516,2024-03-22,557,b33eeb5bc5cd7e1c7f3a3a1c,time_value,16.6094,O:XOM240719P00105000,1,1,2024-03-14,2024-03-14,127,0.02431147393917646,551,0.0,0.003707414397411756,2024-03-15,552,True,2024-03-22,557,2024-10-10,2161,38264401.0,2024-03-22,scheduled_exit,557,2024-07-19,"{""market_momentum"": 0.04224012305699487, ""market_volatility"": 0.007298629155728418, ""momentum"": 0.09996052891257157, ""volatility"": 0.011373658233645176, ""volume_state"": 16.70712583866167}",assumed_next_daily_close,11127.0,5,0000034088,0,0.04224012305699487,0.007298629155728418,0.09996052891257157,101.7644,0.00914571762379797,20.6262,2.66,1.83,-83.0,dfa781e7b9a340a38c6f1268,True,0.0012919896640826874,774,6.162671478644895e-06,16226729.0,,,,,,,,,,,,,,,,,,,,,,,,,,,,,,,,,,,,,,,,,,,,bounded_preclose_bid_ask,,,,False,not_requested_for_horizon_or_variant,,,,ordinary,protective_put,100,completed,111.27,113.49,False,222.0,H25,2,XOM,37.235600000000005,primary,0.011373658233645176,16.70712583866167,2024
0.058042522651834516,2024-03-22,557,b33eeb5bc5cd7e1c7f3a3a1c,time_value,6.809399999999999,O:XOM240719P00105000,1,1,2024-03-14,2024-03-14,127,0.02431147393917646,551,0.0,0.0011999999999999893,2024-03-15,552,True,2024-03-22,557,2024-10-10,2161,38264401.0,2024-03-22,scheduled_exit,557,2024-07-19,"{""market_momentum"": 0.04224012305699487, ""market_volatility"": 0.007298629155728418, ""momentum"": 0.09996052891257157, ""volatility"": 0.011373658233645176, ""volume_state"": 16.70712583866167}",assumed_next_daily_close,11127.0,5,0000034088,0,0.04224012305699487,0.007298629155728418,0.09996052891257157,208.5144,0.018739498517120517,6.6762,2.66,0.0,-0.0,dfa781e7b9a340a38c6f1268,True,0.0012919896640826874,774,6.162671478644895e-06,16226729.0,,,,,,,,,,,,,,,,,,,,,,,,,,,,,,,,,,,,,,,,,,,,bounded_preclose_bid_ask,,,,False,not_requested_for_horizon_or_variant,,,,ordinary,protective_put,100,completed,111.27,113.49,True,222.0,H25,2,XOM,13.485599999999998,primary,0.011373658233645176,16.70712583866167,2024
0.058042522651834516,2024-04-01,562,b33eeb5bc5cd7e1c7f3a3a1c,time_value,13.269400000000001,O:XOM240719P00105000,1,1,2024-03-14,2024-03-14,127,0.02431147393917646,551,0.0,0.003707414397411756,2024-03-15,552,True,2024-04-01,562,2024-10-10,2161,38264401.0,2024-04-01,scheduled_exit,562,2024-07-19,"{""market_momentum"": 0.04224012305699487, ""market_volatility"": 0.007298629155728418, ""momentum"": 0.09996052891257157, ""volatility"": 0.011373658233645176, ""volume_state"": 16.70712583866167}",assumed_next_daily_close,11127.0,10,0000034088,0,0.04224012305699487,0.007298629155728418,0.09996052891257157,384.1044,0.03452003235373416,20.6262,2.66,1.12,-154.0,dfa781e7b9a340a38c6f1268,True,0.0012919896640826874,774,6.162671478644895e-06,16226729.0,,,,,,,,,,,,,,,,,,,,,,,,,,,,,,,,,,,,,,,,,,,,bounded_preclose_bid_ask,,,,False,decision_asynchronous_quotes,,,,ordinary,protective_put,100,completed,111.27,116.99,False,572.0,H25,2,XOM,33.8956,primary,0.011373658233645176,16.70712583866167,2024
0.058042522651834516,2024-04-01,562,b33eeb5bc5cd7e1c7f3a3a1c,time_value,7.019399999999999,O:XOM240719P00105000,1,1,2024-03-14,2024-03-14,127,0.02431147393917646,551,0.0,0.0011999999999999893,2024-03-15,552,True,2024-04-01,562,2024-10-10,2161,38264401.0,2024-04-01,scheduled_exit,562,2024-07-19,"{""market_momentum"": 0.04224012305699487, ""market_volatility"": 0.007298629155728418, ""momentum"": 0.09996052891257157, ""volatility"": 0.011373658233645176, ""volume_state"": 16.70712583866167}",assumed_next_daily_close,11127.0,10,0000034088,0,0.04224012305699487,0.007298629155728418,0.09996052891257157,558.3044,0.050175644827896104,6.6762,2.66,0.0,-0.0,dfa781e7b9a340a38c6f1268,True,0.0012919896640826874,774,6.162671478644895e-06,16226729.0,,,,,,,,,,,,,,,,,,,,,,,,,,,,,,,,,,,,,,,,,,,,bounded_preclose_bid_ask,,,,False,decision_asynchronous_quotes,,,,ordinary,protective_put,100,completed,111.27,116.99,True,572.0,H25,2,XOM,13.695599999999999,primary,0.011373658233645176,16.70712583866167,2024
0.058042522651834516,2024-04-16,573,b33eeb5bc5cd7e1c7f3a3a1c,time_value,13.1714,O:XOM240719P00105000,1,1,2024-03-14,2024-03-14,127,0.02431147393917646,551,0.0,0.003707414397411756,2024-03-15,552,True,2024-04-16,573,2024-10-10,2161,38264401.0,2024-04-16,scheduled_exit,573,2024-07-19,"{""market_momentum"": 0.04224012305699487, ""market_volatility"": 0.007298629155728418, ""momentum"": 0.09996052891257157, ""volatility"": 0.011373658233645176, ""volume_state"": 16.70712583866167}",assumed_next_daily_close,11127.0,21,0000034088,0,0.04224012305699487,0.007298629155728418,0.09996052891257157,550.2024,0.049447506066325156,20.6262,2.66,1.08,-158.0,dfa781e7b9a340a38c6f1268,True,0.0012919896640826874,774,6.162671478644895e-06,16226729.0,,,,,,,,,,,,,,,,,,,,,,,,,,,,,,,,,,,,,,,,,,,,bounded_preclose_bid_ask,,,,False,not_requested_for_horizon_or_variant,,,,ordinary,protective_put,100,completed,111.27,118.69,False,742.0,H25,2,XOM,33.7976,primary,0.011373658233645176,16.70712583866167,2024
0.058042522651834516,2024-04-16,573,b33eeb5bc5cd7e1c7f3a3a1c,time_value,7.1213999999999995,O:XOM240719P00105000,1,1,2024-03-14,2024-03-14,127,0.02431147393917646,551,0.0,0.0011999999999999893,2024-03-15,552,True,2024-04-16,573,2024-10-10,2161,38264401.0,2024-04-16,scheduled_exit,573,2024-07-19,"{""market_momentum"": 0.04224012305699487, ""market_volatility"": 0.007298629155728418, ""momentum"": 0.09996052891257157, ""volatility"": 0.011373658233645176, ""volume_state"": 16.70712583866167}",assumed_next_daily_close,11127.0,21,0000034088,0,0.04224012305699487,0.007298629155728418,0.09996052891257157,728.2024,0.06544463017884425,6.6762,2.66,0.0,-0.0,dfa781e7b9a340a38c6f1268,True,0.0012919896640826874,774,6.162671478644895e-06,16226729.0,,,,,,,,,,,,,,,,,,,,,,,,,,,,,,,,,,,,,,,,,,,,bounded_preclose_bid_ask,,,,False,not_requested_for_horizon_or_variant,,,,ordinary,protective_put,100,completed,111.27,118.69,True,742.0,H25,2,XOM,13.7976,primary,0.011373658233645176,16.70712583866167,2024
0.058042522651834516,2024-05-15,594,b33eeb5bc5cd7e1c7f3a3a1c,time_value,9.2648,O:XOM240719P00105000,1,1,2024-03-14,2024-03-14,127,0.02431147393917646,551,95.0,0.003707414397411756,2024-03-15,552,True,2024-05-15,594,2024-10-10,2161,38264401.0,2024-05-15,scheduled_exit,594,2024-07-19,"{""market_momentum"": 0.04224012305699487, ""market_volatility"": 0.007298629155728418, ""momentum"": 0.09996052891257157, ""volatility"": 0.011373658233645176, ""volume_state"": 16.70712583866167}",assumed_next_daily_close,11127.0,42,0000034088,0,0.04224012305699487,0.007298629155728418,0.09996052891257157,560.1089999999999,0.05033782690752223,20.6262,2.66,0.3,-236.00000000000003,dfa781e7b9a340a38c6f1268,True,0.0012919896640826874,774,6.162671478644895e-06,16226729.0,,,,,,,,,,,,,,,,,,,,,,,,,,,,,,,,,,,,,,,,,,,,bounded_preclose_bid_ask,,,,False,not_requested_for_horizon_or_variant,,,,ordinary,protective_put,100,completed,111.27,118.58,False,731.0,H25,2,XOM,29.891,primary,0.011373658233645176,16.70712583866167,2024
0.058042522651834516,2024-05-15,594,b33eeb5bc5cd7e1c7f3a3a1c,time_value,7.1148,O:XOM240719P00105000,1,1,2024-03-14,2024-03-14,127,0.02431147393917646,551,95.0,0.0011999999999999893,2024-03-15,552,True,2024-05-15,594,2024-10-10,2161,38264401.0,2024-05-15,scheduled_exit,594,2024-07-19,"{""market_momentum"": 0.04224012305699487, ""market_volatility"": 0.007298629155728418, ""momentum"": 0.09996052891257157, ""volatility"": 0.011373658233645176, ""volume_state"": 16.70712583866167}",assumed_next_daily_close,11127.0,42,0000034088,0,0.04224012305699487,0.007298629155728418,0.09996052891257157,812.2090000000001,0.07299442796800576,6.6762,2.66,0.0,-0.0,dfa781e7b9a340a38c6f1268,True,0.0012919896640826874,774,6.162671478644895e-06,16226729.0,,,,,,,,,,,,,,,,,,,,,,,,,,,,,,,,,,,,,,,,,,,,bounded_preclose_bid_ask,,,,False,not_requested_for_horizon_or_variant,,,,ordinary,protective_put,100,completed,111.27,118.58,True,731.0,H25,2,XOM,13.791,primary,0.011373658233645176,16.70712583866167,2024
0.058042522651834516,2024-06-14,615,b33eeb5bc5cd7e1c7f3a3a1c,time_value,12.7466,O:XOM240719P00105000,1,1,2024-03-14,2024-03-14,127,0.02431147393917646,551,95.0,0.027803792576615437,2024-03-15,552,True,2024-06-14,615,2024-10-10,2161,38264401.0,2024-06-14,scheduled_exit,615,2024-07-19,"{""market_momentum"": 0.04224012305699487, ""market_volatility"": 0.007298629155728418, ""momentum"": 0.09996052891257157, ""volatility"": 0.011373658233645176, ""volume_state"": 16.70712583866167}",assumed_next_daily_close,11127.0,63,0000034088,0,0.04224012305699487,0.007298629155728418,0.09996052891257157,-309.3728,-0.027803792576615437,20.6262,2.66,1.11,-155.0,dfa781e7b9a340a38c6f1268,True,0.0012919896640826874,774,6.162671478644895e-06,16226729.0,,,,,,,,,,,,,,,,,,,,,,,,,,,,,,,,,,,,,,,,,,,,bounded_preclose_bid_ask,,,,False,not_requested_for_horizon_or_variant,,,,ordinary,protective_put,100,completed,111.27,109.11,False,-216.0,H25,2,XOM,33.3728,primary,0.011373658233645176,16.70712583866167,2024
0.058042522651834516,2024-06-14,615,b33eeb5bc5cd7e1c7f3a3a1c,time_value,6.5466,O:XOM240719P00105000,1,1,2024-03-14,2024-03-14,127,0.02431147393917646,551,95.0,0.012062802192864205,2024-03-15,552,True,2024-06-14,615,2024-10-10,2161,38264401.0,2024-06-14,scheduled_exit,615,2024-07-19,"{""market_momentum"": 0.04224012305699487, ""market_volatility"": 0.007298629155728418, ""momentum"": 0.09996052891257157, ""volatility"": 0.011373658233645176, ""volume_state"": 16.70712583866167}",assumed_next_daily_close,11127.0,63,0000034088,0,0.04224012305699487,0.007298629155728418,0.09996052891257157,-134.2228,-0.012062802192864205,6.6762,2.66,0.0,-0.0,dfa781e7b9a340a38c6f1268,True,0.0012919896640826874,774,6.162671478644895e-06,16226729.0,,,,,,,,,,,,,,,,,,,,,,,,,,,,,,,,,,,,,,,,,,,,bounded_preclose_bid_ask,,,,False,not_requested_for_horizon_or_variant,,,,ordinary,protective_put,100,completed,111.27,109.11,True,-216.0,H25,2,XOM,13.2228,primary,0.011373658233645176,16.70712583866167,2024
0.058042522651834516,2024-07-19,638,b33eeb5bc5cd7e1c7f3a3a1c,time_value,7.614199999999999,O:XOM240719P00105000,1,1,2024-03-14,2024-03-14,127,0.02431147393917646,551,95.0,0.034198598004853115,2024-03-15,552,True,2024-07-19,638,2024-10-10,2161,38264401.0,2024-07-19,expiry_worthless,638,2024-07-19,"{""market_momentum"": 0.04224012305699487, ""market_volatility"": 0.007298629155728418, ""momentum"": 0.09996052891257157, ""volatility"": 0.011373658233645176, ""volume_state"": 16.70712583866167}",assumed_next_daily_close,11127.0,expiry,0000034088,0,0.04224012305699487,0.007298629155728418,0.09996052891257157,280.75960000000003,0.025232281836973132,20.6262,2.66,0.0,-266.0,dfa781e7b9a340a38c6f1268,True,0.0012919896640826874,774,6.162671478644895e-06,16226729.0,,,,,,,,,,,,,,,,,,,,,,,,,,,,,,,,,,,,,,,,,,,,bounded_preclose_bid_ask,,,,False,not_requested_for_horizon_or_variant,,,,ordinary,protective_put,100,completed,111.27,116.07,False,480.0,H25,2,XOM,28.2404,primary,0.011373658233645176,16.70712583866167,2024
0.058042522651834516,2024-07-19,638,b33eeb5bc5cd7e1c7f3a3a1c,time_value,6.964199999999999,O:XOM240719P00105000,1,1,2024-03-14,2024-03-14,127,0.02431147393917646,551,95.0,0.018799119259458964,2024-03-15,552,True,2024-07-19,638,2024-10-10,2161,38264401.0,2024-07-19,scheduled_exit,638,2024-07-19,"{""market_momentum"": 0.04224012305699487, ""market_volatility"": 0.007298629155728418, ""momentum"": 0.09996052891257157, ""volatility"": 0.011373658233645176, ""volume_state"": 16.70712583866167}",assumed_next_daily_close,11127.0,expiry,0000034088,0,0.04224012305699487,0.007298629155728418,0.09996052891257157,561.3596,0.05045022018513526,6.6762,2.66,0.0,-0.0,dfa781e7b9a340a38c6f1268,True,0.0012919896640826874,774,6.162671478644895e-06,16226729.0,,,,,,,,,,,,,,,,,,,,,,,,,,,,,,,,,,,,,,,,,,,,bounded_preclose_bid_ask,,,,False,not_requested_for_horizon_or_variant,,,,ordinary,protective_put,100,completed,111.27,116.07,True,480.0,H25,2,XOM,13.6404,primary,0.011373658233645176,16.70712583866167,2024
0.052910721050637655,2024-05-02,585,bc8ba39df9c175f2ea2ac69b,time_value,86.1196,O:AMD240816P00150000,1,1,2024-04-30,2024-04-30,108,0.06755903523172117,583,0.0,0.01161796631316288,2024-05-01,584,True,2024-05-02,585,2025-03-14,156,89413168.0,2024-05-02,scheduled_exit,585,2024-08-16,"{""market_momentum"": -0.038647157959246115, ""market_volatility"": 0.008503234770382983, ""momentum"": -0.13614050398167343, ""volatility"": 0.03093264576009373, ""volume_state"": 17.834771180478228}",assumed_next_daily_close,14427.000000000002,1,0000002488,0,-0.038647157959246115,0.008503234770382983,-0.13614050398167343,63.07419999999813,0.0043719553614748816,83.8062,14.9,15.34,43.99999999999995,ad868825a086ca6d3226ae37,True,0.0004079967360261118,2451,2.3049460920821445e-06,43384962.6,,,,,,,,,,,,,,,,,,,,,,,,,,,,,,,,,,,,,,,,,,,,bounded_preclose_bid_ask,,,,False,not_requested_for_horizon_or_variant,,,,ordinary,protective_put,100,completed,144.27,146.16,False,188.99999999999818,H25,2,AMD,169.9258,primary,0.03093264576009373,17.834771180478228,2024
0.052910721050637655,2024-05-02,585,bc8ba39df9c175f2ea2ac69b,time_value,8.769599999999999,O:AMD240816P00150000,1,1,2024-04-30,2024-04-30,108,0.06755903523172117,583,0.0,0.0011999999999999613,2024-05-01,584,True,2024-05-02,585,2025-03-14,156,89413168.0,2024-05-02,scheduled_exit,585,2024-08-16,"{""market_momentum"": -0.038647157959246115, ""market_volatility"": 0.008503234770382983, ""momentum"": -0.13614050398167343, ""volatility"": 0.03093264576009373, ""volume_state"": 17.834771180478228}",assumed_next_daily_close,14427.000000000002,1,0000002488,0,-0.038647157959246115,0.008503234770382983,-0.13614050398167343,171.57419999999817,0.011892576419213846,8.6562,14.9,0.0,-0.0,ad868825a086ca6d3226ae37,True,0.0004079967360261118,2451,2.3049460920821445e-06,43384962.6,,,,,,,,,,,,,,,,,,,,,,,,,,,,,,,,,,,,,,,,,,,,bounded_preclose_bid_ask,,,,False,not_requested_for_horizon_or_variant,,,,ordinary,protective_put,100,completed,144.27,146.16,True,188.99999999999818,H25,2,AMD,17.4258,primary,0.03093264576009373,17.834771180478228,2024
0.052910721050637655,2024-05-03,586,bc8ba39df9c175f2ea2ac69b,time_value,72.93599999999999,O:AMD240816P00150000,1,1,2024-04-30,2024-04-30,108,0.06755903523172117,583,0.0,0.01161796631316288,2024-05-01,584,True,2024-05-03,586,2025-03-14,156,89413168.0,2024-05-03,scheduled_exit,586,2024-08-16,"{""market_momentum"": -0.038647157959246115, ""market_volatility"": 0.008503234770382983, ""momentum"": -0.13614050398167343, ""volatility"": 0.03093264576009373, ""volume_state"": 17.834771180478228}",assumed_next_daily_close,14427.000000000002,2,0000002488,0,-0.038647157959246115,0.008503234770382983,-0.13614050398167343,251.2577999999982,0.017415803701393093,83.8062,14.9,12.65,-225.0,ad868825a086ca6d3226ae37,True,0.0004079967360261118,2451,2.3049460920821445e-06,43384962.6,,,,,,,,,,,,,,,,,,,,,,,,,,,,,,,,,,,,,,,,,,,,bounded_preclose_bid_ask,,,,False,not_requested_for_horizon_or_variant,,,,ordinary,protective_put,100,completed,144.27,150.6,False,632.9999999999982,H25,2,AMD,156.7422,primary,0.03093264576009373,17.834771180478228,2024
0.052910721050637655,2024-05-03,586,bc8ba39df9c175f2ea2ac69b,time_value,9.036,O:AMD240816P00150000,1,1,2024-04-30,2024-04-30,108,0.06755903523172117,583,0.0,0.0011999999999999613,2024-05-01,584,True,2024-05-03,586,2025-03-14,156,89413168.0,2024-05-03,scheduled_exit,586,2024-08-16,"{""market_momentum"": -0.038647157959246115, ""market_volatility"": 0.008503234770382983, ""momentum"": -0.13614050398167343, ""volatility"": 0.03093264576009373, ""volume_state"": 17.834771180478228}",assumed_next_daily_close,14427.000000000002,2,0000002488,0,-0.038647157959246115,0.008503234770382983,-0.13614050398167343,615.3077999999982,0.04264974007070064,8.6562,14.9,0.0,-0.0,ad868825a086ca6d3226ae37,True,0.0004079967360261118,2451,2.3049460920821445e-06,43384962.6,,,,,,,,,,,,,,,,,,,,,,,,,,,,,,,,,,,,,,,,,,,,bounded_preclose_bid_ask,,,,False,not_requested_for_horizon_or_variant,,,,ordinary,protective_put,100,completed,144.27,150.6,True,632.9999999999982,H25,2,AMD,17.6922,primary,0.03093264576009373,17.834771180478228,2024
0.052910721050637655,2024-05-06,587,bc8ba39df9c175f2ea2ac69b,time_value,62.646800000000006,O:AMD240816P00150000,1,1,2024-04-30,2024-04-30,108,0.06755903523172117,583,0.0,0.01161796631316288,2024-05-01,584,True,2024-05-06,587,2025-03-14,156,89413168.0,2024-05-06,scheduled_exit,587,2024-08-16,"{""market_momentum"": -0.038647157959246115, ""market_volatility"": 0.008503234770382983, ""momentum"": -0.13614050398167343, ""volatility"": 0.03093264576009373, ""volume_state"": 17.834771180478228}",assumed_next_daily_close,14427.000000000002,3,0000002488,0,-0.038647157959246115,0.008503234770382983,-0.13614050398167343,567.5469999999981,0.03933922506411576,83.8062,14.9,10.53,-437.0000000000001,ad868825a086ca6d3226ae37,True,0.0004079967360261118,2451,2.3049460920821445e-06,43384962.6,,,,,,,,,,,,,,,,,,,,,,,,,,,,,,,,,,,,,,,,,,,,bounded_preclose_bid_ask,,,,False,not_requested_for_horizon_or_variant,,,,ordinary,protective_put,100,completed,144.27,155.78,False,1150.9999999999982,H25,2,AMD,146.453,primary,0.03093264576009373,17.834771180478228,2024
0.052910721050637655,2024-05-06,587,bc8ba39df9c175f2ea2ac69b,time_value,9.3468,O:AMD240816P00150000,1,1,2024-04-30,2024-04-30,108,0.06755903523172117,583,0.0,0.0011999999999999613,2024-05-01,584,True,2024-05-06,587,2025-03-14,156,89413168.0,2024-05-06,scheduled_exit,587,2024-08-16,"{""market_momentum"": -0.038647157959246115, ""market_volatility"": 0.008503234770382983, ""momentum"": -0.13614050398167343, ""volatility"": 0.03093264576009373, ""volume_state"": 17.834771180478228}",assumed_next_daily_close,14427.000000000002,3,0000002488,0,-0.038647157959246115,0.008503234770382983,-0.13614050398167343,1132.9969999999983,0.0785330976641019,8.6562,14.9,0.0,-0.0,ad868825a086ca6d3226ae37,True,0.0004079967360261118,2451,2.3049460920821445e-06,43384962.6,,,,,,,,,,,,,,,,,,,,,,,,,,,,,,,,,,,,,,,,,,,,bounded_preclose_bid_ask,,,,False,not_requested_for_horizon_or_variant,,,,ordinary,protective_put,100,completed,144.27,155.78,True,1150.9999999999982,H25,2,AMD,18.003,primary,0.03093264576009373,17.834771180478228,2024
0.052910721050637655,2024-05-08,589,bc8ba39df9c175f2ea2ac69b,time_value,64.1172,O:AMD240816P00150000,1,1,2024-04-30,2024-04-30,108,0.06755903523172117,583,0.0,0.01161796631316288,2024-05-01,584,True,2024-05-08,589,2025-03-14,156,89413168.0,2024-05-08,scheduled_exit,589,2024-08-16,"{""market_momentum"": -0.038647157959246115, ""market_volatility"": 0.008503234770382983, ""momentum"": -0.13614050398167343, ""volatility"": 0.03093264576009373, ""volume_state"": 17.834771180478228}",assumed_next_daily_close,14427.000000000002,5,0000002488,0,-0.038647157959246115,0.008503234770382983,-0.13614050398167343,382.07659999999817,0.026483440770776884,83.8062,14.9,10.85,-405.00000000000006,ad868825a086ca6d3226ae37,True,0.0004079967360261118,2451,2.3049460920821445e-06,43384962.6,,,,,,,,,,,,,,,,,,,,,,,,,,,,,,,,,,,,,,,,,,,,bounded_preclose_bid_ask,,,,False,not_requested_for_horizon_or_variant,,,,ordinary,protective_put,100,completed,144.27,153.62,False,934.9999999999982,H25,2,AMD,147.92340000000002,primary,0.03093264576009373,17.834771180478228,2024
0.052910721050637655,2024-05-08,589,bc8ba39df9c175f2ea2ac69b,time_value,9.2172,O:AMD240816P00150000,1,1,2024-04-30,2024-04-30,108,0.06755903523172117,583,0.0,0.0011999999999999613,2024-05-01,584,True,2024-05-08,589,2025-03-14,156,89413168.0,2024-05-08,scheduled_exit,589,2024-08-16,"{""market_momentum"": -0.038647157959246115, ""market_volatility"": 0.008503234770382983, ""momentum"": -0.13614050398167343, ""volatility"": 0.03093264576009373, ""volume_state"": 17.834771180478228}",assumed_next_daily_close,14427.000000000002,5,0000002488,0,-0.038647157959246115,0.008503234770382983,-0.13614050398167343,917.1265999999981,0.06357015318500021,8.6562,14.9,0.0,-0.0,ad868825a086ca6d3226ae37,True,0.0004079967360261118,2451,2.3049460920821445e-06,43384962.6,,,,,,,,,,,,,,,,,,,,,,,,,,,,,,,,,,,,,,,,,,,,bounded_preclose_bid_ask,,,,False,not_requested_for_horizon_or_variant,,,,ordinary,protective_put,100,completed,144.27,153.62,True,934.9999999999982,H25,2,AMD,17.8734,primary,0.03093264576009373,17.834771180478228,2024
0.052910721050637655,2024-05-15,594,bc8ba39df9c175f2ea2ac69b,time_value,50.230199999999996,O:AMD240816P00150000,1,1,2024-04-30,2024-04-30,108,0.06755903523172117,583,0.0,0.01161796631316288,2024-05-01,584,True,2024-05-15,594,2025-03-14,156,89413168.0,2024-05-15,scheduled_exit,594,2024-08-16,"{""market_momentum"": -0.038647157959246115, ""market_volatility"": 0.008503234770382983, ""momentum"": -0.13614050398167343, ""volatility"": 0.03093264576009373, ""volume_state"": 17.834771180478228}",assumed_next_daily_close,14427.000000000002,10,0000002488,0,-0.038647157959246115,0.008503234770382983,-0.13614050398167343,715.9635999999964,0.04962664448603288,83.8062,14.9,8,-690.0,ad868825a086ca6d3226ae37,True,0.0004079967360261118,2451,2.3049460920821445e-06,43384962.6,True,1.097161984,13.1,10,10.7,15,0.20168067226890762,0.061299008,158.58,600,158.36,800,0.0013882753833533087,40,,16.2,0.420755968,16.2,102,16,54,0.012422360248447159,144.24,0.00422466,144.24,16900,144.23,100,6.933129961534527e-05,7.9,0.791936512,8.05,96,7.9,40,0.018808777429467127,159.66,0.006824462,159.67,900,159.66,200,6.263113393662296e-05,bounded_preclose_bid_ask,680.5219999999988,0.047179839156960536,-829.9999999999999,False,completed_bounded_proxy,1541.9999999999986,31.478,,ordinary,protective_put,100,completed,144.27,159.67,False,1539.9999999999964,H25,2,AMD,134.03640000000001,primary,0.03093264576009373,17.834771180478228,2024
0.052910721050637655,2024-05-15,594,bc8ba39df9c175f2ea2ac69b,time_value,9.580199999999998,O:AMD240816P00150000,1,1,2024-04-30,2024-04-30,108,0.06755903523172117,583,0.0,0.0011999999999999613,2024-05-01,584,True,2024-05-15,594,2025-03-14,156,89413168.0,2024-05-15,scheduled_exit,594,2024-08-16,"{""market_momentum"": -0.038647157959246115, ""market_volatility"": 0.008503234770382983, ""momentum"": -0.13614050398167343, ""volatility"": 0.03093264576009373, ""volume_state"": 17.834771180478228}",assumed_next_daily_close,14427.000000000002,10,0000002488,0,-0.038647157959246115,0.008503234770382983,-0.13614050398167343,1521.7635999999964,0.10548025230470619,8.6562,14.9,0.0,-0.0,ad868825a086ca6d3226ae37,True,0.0004079967360261118,2451,2.3049460920821445e-06,43384962.6,True,1.097161984,13.1,10,10.7,15,0.20168067226890762,0.061299008,158.58,600,158.36,800,0.0013882753833533087,40,,0.0,0.420755968,16.2,102,16,54,0.012422360248447159,144.24,0.00422466,144.24,16900,144.23,100,6.933129961534527e-05,0.0,0.791936512,8.05,96,7.9,40,0.018808777429467127,159.66,0.006824462,159.67,900,159.66,200,6.263113393662296e-05,bounded_preclose_bid_ask,1535.9219999999987,0.10648377703826946,0.0,False,completed_bounded_proxy,1541.9999999999986,6.077999999999999,,ordinary,protective_put,100,completed,144.27,159.67,True,1539.9999999999964,H25,2,AMD,18.236399999999996,primary,0.03093264576009373,17.834771180478228,2024
0.052910721050637655,2024-05-31,605,bc8ba39df9c175f2ea2ac69b,time_value,43.664,O:AMD240816P00150000,1,1,2024-04-30,2024-04-30,108,0.06755903523172117,583,0.0,0.01161796631316288,2024-05-01,584,True,2024-05-31,605,2025-03-14,156,89413168.0,2024-05-31,scheduled_exit,605,2024-08-16,"{""market_momentum"": -0.038647157959246115, ""market_volatility"": 0.008503234770382983, ""momentum"": -0.13614050398167343, ""volatility"": 0.03093264576009373, ""volume_state"": 17.834771180478228}",assumed_next_daily_close,14427.000000000002,21,0000002488,0,-0.038647157959246115,0.008503234770382983,-0.13614050398167343,1305.5297999999982,0.0904921189436472,83.8062,14.9,6.6,-830.0000000000001,ad868825a086ca6d3226ae37,True,0.0004079967360261118,2451,2.3049460920821445e-06,43384962.6,,,,,,,,,,,,,,,,,,,,,,,,,,,,,,,,,,,,,,,,,,,,bounded_preclose_bid_ask,,,,False,not_requested_for_horizon_or_variant,,,,ordinary,protective_put,100,completed,144.27,166.9,False,2262.999999999998,H25,2,AMD,127.4702,primary,0.03093264576009373,17.834771180478228,2024
0.052910721050637655,2024-05-31,605,bc8ba39df9c175f2ea2ac69b,time_value,10.014,O:AMD240816P00150000,1,1,2024-04-30,2024-04-30,108,0.06755903523172117,583,0.0,0.0011999999999999613,2024-05-01,584,True,2024-05-31,605,2025-03-14,156,89413168.0,2024-05-31,scheduled_exit,605,2024-08-16,"{""market_momentum"": -0.038647157959246115, ""market_volatility"": 0.008503234770382983, ""momentum"": -0.13614050398167343, ""volatility"": 0.03093264576009373, ""volume_state"": 17.834771180478228}",assumed_next_daily_close,14427.000000000002,21,0000002488,0,-0.038647157959246115,0.008503234770382983,-0.13614050398167343,2244.329799999998,0.15556455257503277,8.6562,14.9,0.0,-0.0,ad868825a086ca6d3226ae37,True,0.0004079967360261118,2451,2.3049460920821445e-06,43384962.6,,,,,,,,,,,,,,,,,,,,,,,,,,,,,,,,,,,,,,,,,,,,bounded_preclose_bid_ask,,,,False,not_requested_for_horizon_or_variant,,,,ordinary,protective_put,100,completed,144.27,166.9,True,2262.999999999998,H25,2,AMD,18.6702,primary,0.03093264576009373,17.834771180478228,2024
0.052910721050637655,2024-07-02,626,bc8ba39df9c175f2ea2ac69b,time_value,31.8086,O:AMD240816P00150000,1,1,2024-04-30,2024-04-30,108,0.06755903523172117,583,0.0,0.01161796631316288,2024-05-01,584,True,2024-07-02,626,2025-03-14,156,89413168.0,2024-07-02,scheduled_exit,626,2024-08-16,"{""market_momentum"": -0.038647157959246115, ""market_volatility"": 0.008503234770382983, ""momentum"": -0.13614050398167343, ""volatility"": 0.03093264576009373, ""volume_state"": 17.834771180478228}",assumed_next_daily_close,14427.000000000002,42,0000002488,0,-0.038647157959246115,0.008503234770382983,-0.13614050398167343,824.3851999999982,0.05714183128855605,83.8062,14.9,4.26,-1064.0,ad868825a086ca6d3226ae37,True,0.0004079967360261118,2451,2.3049460920821445e-06,43384962.6,,,,,,,,,,,,,,,,,,,,,,,,,,,,,,,,,,,,,,,,,,,,bounded_preclose_bid_ask,,,,False,not_requested_for_horizon_or_variant,,,,ordinary,protective_put,100,completed,144.27,164.31,False,2003.9999999999982,H25,2,AMD,115.6148,primary,0.03093264576009373,17.834771180478228,2024
0.052910721050637655,2024-07-02,626,bc8ba39df9c175f2ea2ac69b,time_value,9.8586,O:AMD240816P00150000,1,1,2024-04-30,2024-04-30,108,0.06755903523172117,583,0.0,0.0011999999999999613,2024-05-01,584,True,2024-07-02,626,2025-03-14,156,89413168.0,2024-07-02,scheduled_exit,626,2024-08-16,"{""market_momentum"": -0.038647157959246115, ""market_volatility"": 0.008503234770382983, ""momentum"": -0.13614050398167343, ""volatility"": 0.03093264576009373, ""volume_state"": 17.834771180478228}",assumed_next_daily_close,14427.000000000002,42,0000002488,0,-0.038647157959246115,0.008503234770382983,-0.13614050398167343,1985.4851999999983,0.13762287377833216,8.6562,14.9,0.0,-0.0,ad868825a086ca6d3226ae37,True,0.0004079967360261118,2451,2.3049460920821445e-06,43384962.6,,,,,,,,,,,,,,,,,,,,,,,,,,,,,,,,,,,,,,,,,,,,bounded_preclose_bid_ask,,,,False,not_requested_for_horizon_or_variant,,,,ordinary,protective_put,100,completed,144.27,164.31,True,2003.9999999999982,H25,2,AMD,18.5148,primary,0.03093264576009373,17.834771180478228,2024
0.052910721050637655,2024-08-01,647,bc8ba39df9c175f2ea2ac69b,time_value,99.3524,O:AMD240816P00150000,1,1,2024-04-30,2024-04-30,108,0.06755903523172117,583,0.0,0.07147422194496443,2024-05-01,584,True,2024-08-01,647,2025-03-14,156,89413168.0,2024-08-01,scheduled_exit,647,2024-08-16,"{""market_momentum"": -0.038647157959246115, ""market_volatility"": 0.008503234770382983, ""momentum"": -0.13614050398167343, ""volatility"": 0.03093264576009373, ""volume_state"": 17.834771180478228}",assumed_next_daily_close,14427.000000000002,63,0000002488,0,-0.038647157959246115,0.008503234770382983,-0.13614050398167343,-1031.158600000002,-0.07147422194496443,83.8062,14.9,18.15,324.99999999999983,ad868825a086ca6d3226ae37,True,0.0004079967360261118,2451,2.3049460920821445e-06,43384962.6,,,,,,,,,,,,,,,,,,,,,,,,,,,,,,,,,,,,,,,,,,,,bounded_preclose_bid_ask,,,,False,not_requested_for_horizon_or_variant,,,,ordinary,protective_put,100,completed,144.27,132.54,False,-1173.0000000000018,H25,2,AMD,183.1586,primary,0.03093264576009373,17.834771180478228,2024
0.052910721050637655,2024-08-01,647,bc8ba39df9c175f2ea2ac69b,time_value,7.952399999999999,O:AMD240816P00150000,1,1,2024-04-30,2024-04-30,108,0.06755903523172117,583,0.0,0.08245710126845508,2024-05-01,584,True,2024-08-01,647,2025-03-14,156,89413168.0,2024-08-01,scheduled_exit,647,2024-08-16,"{""market_momentum"": -0.038647157959246115, ""market_volatility"": 0.008503234770382983, ""momentum"": -0.13614050398167343, ""volatility"": 0.03093264576009373, ""volume_state"": 17.834771180478228}",assumed_next_daily_close,14427.000000000002,63,0000002488,0,-0.038647157959246115,0.008503234770382983,-0.13614050398167343,-1189.6086000000016,-0.08245710126845508,8.6562,14.9,0.0,-0.0,ad868825a086ca6d3226ae37,True,0.0004079967360261118,2451,2.3049460920821445e-06,43384962.6,,,,,,,,,,,,,,,,,,,,,,,,,,,,,,,,,,,,,,,,,,,,bounded_preclose_bid_ask,,,,False,not_requested_for_horizon_or_variant,,,,ordinary,protective_put,100,completed,144.27,132.54,True,-1173.0000000000018,H25,2,AMD,16.6086,primary,0.03093264576009373,17.834771180478228,2024
0.052910721050637655,2024-08-16,658,bc8ba39df9c175f2ea2ac69b,time_value,9.65,O:AMD240816P00150000,1,1,2024-04-30,2024-04-30,108,0.06755903523172117,583,0.0,0.07873549594510311,2024-05-01,584,True,2024-08-16,658,2025-03-14,156,89413168.0,2024-08-16,modelled_physical_expiry,658,2024-08-16,"{""market_momentum"": -0.038647157959246115, ""market_volatility"": 0.008503234770382983, ""momentum"": -0.13614050398167343, ""volatility"": 0.03093264576009373, ""volume_state"": 17.834771180478228}",assumed_next_daily_close,14427.000000000002,expiry,0000002488,0,-0.038647157959246115,0.008503234770382983,-0.13614050398167343,-1010.4562000000018,-0.07003924585845994,83.8062,14.9,0.0,-1490.0,ad868825a086ca6d3226ae37,True,0.0004079967360261118,2451,2.3049460920821445e-06,43384962.6,,,,,,,,,,,,,,,,,,,,,,,,,,,,,,,,,,,,,,,,,,,,bounded_preclose_bid_ask,,,,False,not_requested_for_horizon_or_variant,,,,ordinary,protective_put,100,completed,144.27,150.0,False,572.9999999999982,H25,2,AMD,93.45620000000001,primary,0.03093264576009373,17.834771180478228,2024
0.052910721050637655,2024-08-16,658,bc8ba39df9c175f2ea2ac69b,time_value,8.913599999999999,O:AMD240816P00150000,1,1,2024-04-30,2024-04-30,108,0.06755903523172117,583,0.0,0.1092657101268457,2024-05-01,584,True,2024-08-16,658,2025-03-14,156,89413168.0,2024-08-16,scheduled_exit,658,2024-08-16,"{""market_momentum"": -0.038647157959246115, ""market_volatility"": 0.008503234770382983, ""momentum"": -0.13614050398167343, ""volatility"": 0.03093264576009373, ""volume_state"": 17.834771180478228}",assumed_next_daily_close,14427.000000000002,expiry,0000002488,0,-0.038647157959246115,0.008503234770382983,-0.13614050398167343,411.4301999999982,0.028518070284882385,8.6562,14.9,0.0,-0.0,ad868825a086ca6d3226ae37,True,0.0004079967360261118,2451,2.3049460920821445e-06,43384962.6,,,,,,,,,,,,,,,,,,,,,,,,,,,,,,,,,,,,,,,,,,,,bounded_preclose_bid_ask,,,,False,not_requested_for_horizon_or_variant,,,,ordinary,protective_put,100,completed,144.27,148.56,True,428.9999999999982,H25,2,AMD,17.5698,primary,0.03093264576009373,17.834771180478228,2024
0.05083315756169582,2022-06-14,112,c49ab037fb25ce1f1eddd70b,time_value,71.8694,O:AMD221021P00090000,1,1,2022-06-10,2022-06-10,133,0.10398650073824088,110,0.0,0.02074822393378551,2022-06-13,111,True,2022-06-14,112,2022-06-10,243,98148812.0,2022-06-14,scheduled_exit,112,2022-10-21,"{""market_momentum"": -0.0075111394016549315, ""market_volatility"": 0.017617720334410038, ""momentum"": 0.0784804367606915, ""volatility"": 0.04275520358408988, ""volume_state"": 18.608938226403495}",assumed_next_daily_close,8699.0,1,0000002488,0,-0.0075111394016549315,0.017617720334410038,0.0784804367606915,-180.48880000000014,-0.02074822393378551,73.6194,13.55,13.2,-35.00000000000014,16e3128fff38074a762f4b23,True,0.0010515247108307045,951,1.0426761531345018e-06,95907055.8,,,,,,,,,,,,,,,,,,,,,,,,,,,,,,,,,,,,,,,,,,,,bounded_preclose_bid_ask,,,,False,not_requested_for_horizon_or_variant,,,,event,protective_put,100,completed,86.99,86.99,False,0.0,H25,2,AMD,145.4888,primary,0.04275520358408988,18.608938226403495,2022
0.05083315756169582,2022-06-14,112,c49ab037fb25ce1f1eddd70b,time_value,5.219399999999999,O:AMD221021P00090000,1,1,2022-06-10,2022-06-10,133,0.10398650073824088,110,0.0,0.0012,2022-06-13,111,True,2022-06-14,112,2022-06-10,243,98148812.0,2022-06-14,scheduled_exit,112,2022-10-21,"{""market_momentum"": -0.0075111394016549315, ""market_volatility"": 0.017617720334410038, ""momentum"": 0.0784804367606915, ""volatility"": 0.04275520358408988, ""volume_state"": 18.608938226403495}",assumed_next_daily_close,8699.0,1,0000002488,0,-0.0075111394016549315,0.017617720334410038,0.0784804367606915,-10.438799999999999,-0.0012,5.219399999999999,13.55,0.0,-0.0,16e3128fff38074a762f4b23,True,0.0010515247108307045,951,1.0426761531345018e-06,95907055.8,,,,,,,,,,,,,,,,,,,,,,,,,,,,,,,,,,,,,,,,,,,,bounded_preclose_bid_ask,,,,False,not_requested_for_horizon_or_variant,,,,event,protective_put,100,completed,86.99,86.99,True,0.0,H25,2,AMD,10.438799999999999,primary,0.04275520358408988,18.608938226403495,2022
0.05083315756169582,2022-06-15,113,c49ab037fb25ce1f1eddd70b,time_value,65.558,O:AMD221021P00090000,1,1,2022-06-10,2022-06-10,133,0.10398650073824088,110,0.0,0.020748223933785444,2022-06-13,111,True,2022-06-15,113,2022-06-10,243,98148812.0,2022-06-15,scheduled_exit,113,2022-10-21,"{""market_momentum"": -0.0075111394016549315, ""market_volatility"": 0.017617720334410038, ""momentum"": 0.0784804367606915, ""volatility"": 0.04275520358408988, ""volume_state"": 18.608938226403495}",assumed_next_daily_close,8699.0,2,0000002488,0,-0.0075111394016549315,0.017617720334410038,0.0784804367606915,-72.17740000000006,-0.008297206575468452,73.6194,13.55,11.91,-164.00000000000006,16e3128fff38074a762f4b23,True,0.0010515247108307045,951,1.0426761531345018e-06,95907055.8,,,,,,,,,,,,,,,,,,,,,,,,,,,,,,,,,,,,,,,,,,,,bounded_preclose_bid_ask,,,,False,not_requested_for_horizon_or_variant,,,,event,protective_put,100,completed,86.99,89.3,False,231.0,H25,2,AMD,139.1774,primary,0.04275520358408988,18.608938226403495,2022
0.05083315756169582,2022-06-15,113,c49ab037fb25ce1f1eddd70b,time_value,5.358,O:AMD221021P00090000,1,1,2022-06-10,2022-06-10,133,0.10398650073824088,110,0.0,0.0011999999999999943,2022-06-13,111,True,2022-06-15,113,2022-06-10,243,98148812.0,2022-06-15,scheduled_exit,113,2022-10-21,"{""market_momentum"": -0.0075111394016549315, ""market_volatility"": 0.017617720334410038, ""momentum"": 0.0784804367606915, ""volatility"": 0.04275520358408988, ""volume_state"": 18.608938226403495}",assumed_next_daily_close,8699.0,2,0000002488,0,-0.0075111394016549315,0.017617720334410038,0.0784804367606915,220.4226,0.025338843545235083,5.219399999999999,13.55,0.0,-0.0,16e3128fff38074a762f4b23,True,0.0010515247108307045,951,1.0426761531345018e-06,95907055.8,,,,,,,,,,,,,,,,,,,,,,,,,,,,,,,,,,,,,,,,,,,,bounded_preclose_bid_ask,,,,False,not_requested_for_horizon_or_variant,,,,event,protective_put,100,completed,86.99,89.3,True,231.0,H25,2,AMD,10.577399999999999,primary,0.04275520358408988,18.608938226403495,2022
0.05083315756169582,2022-06-16,114,c49ab037fb25ce1f1eddd70b,time_value,83.32300000000001,O:AMD221021P00090000,1,1,2022-06-10,2022-06-10,133,0.10398650073824088,110,0.0,0.05183841820898954,2022-06-13,111,True,2022-06-16,114,2022-06-10,243,98148812.0,2022-06-16,scheduled_exit,114,2022-10-21,"{""market_momentum"": -0.0075111394016549315, ""market_volatility"": 0.017617720334410038, ""momentum"": 0.0784804367606915, ""volatility"": 0.04275520358408988, ""volume_state"": 18.608938226403495}",assumed_next_daily_close,8699.0,3,0000002488,0,-0.0075111394016549315,0.017617720334410038,0.0784804367606915,-450.9424,-0.05183841820898954,73.6194,13.55,15.55,200.0,16e3128fff38074a762f4b23,True,0.0010515247108307045,951,1.0426761531345018e-06,95907055.8,,,,,,,,,,,,,,,,,,,,,,,,,,,,,,,,,,,,,,,,,,,,bounded_preclose_bid_ask,,,,False,not_requested_for_horizon_or_variant,,,,event,protective_put,100,completed,86.99,82.05,False,-494.0,H25,2,AMD,156.94240000000002,primary,0.04275520358408988,18.608938226403495,2022
0.05083315756169582,2022-06-16,114,c49ab037fb25ce1f1eddd70b,time_value,4.922999999999999,O:AMD221021P00090000,1,1,2022-06-10,2022-06-10,133,0.10398650073824088,110,0.0,0.05795406368548109,2022-06-13,111,True,2022-06-16,114,2022-06-10,243,98148812.0,2022-06-16,scheduled_exit,114,2022-10-21,"{""market_momentum"": -0.0075111394016549315, ""market_volatility"": 0.017617720334410038, ""momentum"": 0.0784804367606915, ""volatility"": 0.04275520358408988, ""volume_state"": 18.608938226403495}",assumed_next_daily_close,8699.0,3,0000002488,0,-0.0075111394016549315,0.017617720334410038,0.0784804367606915,-504.1424,-0.05795406368548109,5.219399999999999,13.55,0.0,-0.0,16e3128fff38074a762f4b23,True,0.0010515247108307045,951,1.0426761531345018e-06,95907055.8,,,,,,,,,,,,,,,,,,,,,,,,,,,,,,,,,,,,,,,,,,,,bounded_preclose_bid_ask,,,,False,not_requested_for_horizon_or_variant,,,,event,protective_put,100,completed,86.99,82.05,True,-494.0,H25,2,AMD,10.142399999999999,primary,0.04275520358408988,18.608938226403495,2022
0.05083315756169582,2022-06-21,116,c49ab037fb25ce1f1eddd70b,time_value,73.4274,O:AMD221021P00090000,1,1,2022-06-10,2022-06-10,133,0.10398650073824088,110,0.0,0.05844506265087936,2022-06-13,111,True,2022-06-21,116,2022-06-10,243,98148812.0,2022-06-21,scheduled_exit,116,2022-10-21,"{""market_momentum"": -0.0075111394016549315, ""market_volatility"": 0.017617720334410038, ""momentum"": 0.0784804367606915, ""volatility"": 0.04275520358408988, ""volume_state"": 18.608938226403495}",assumed_next_daily_close,8699.0,5,0000002488,0,-0.0075111394016549315,0.017617720334410038,0.0784804367606915,-467.04679999999996,-0.053689711461087475,73.6194,13.55,13.55,0.0,16e3128fff38074a762f4b23,True,0.0010515247108307045,951,1.0426761531345018e-06,95907055.8,,,,,,,,,,,,,,,,,,,,,,,,,,,,,,,,,,,,,,,,,,,,bounded_preclose_bid_ask,,,,False,not_requested_for_horizon_or_variant,,,,event,protective_put,100,completed,86.99,83.79,False,-320.0,H25,2,AMD,147.04680000000002,primary,0.04275520358408988,18.608938226403495,2022
0.05083315756169582,2022-06-21,116,c49ab037fb25ce1f1eddd70b,time_value,5.027399999999999,O:AMD221021P00090000,1,1,2022-06-10,2022-06-10,133,0.10398650073824088,110,0.0,0.06346862857799757,2022-06-13,111,True,2022-06-21,116,2022-06-10,243,98148812.0,2022-06-21,scheduled_exit,116,2022-10-21,"{""market_momentum"": -0.0075111394016549315, ""market_volatility"": 0.017617720334410038, ""momentum"": 0.0784804367606915, ""volatility"": 0.04275520358408988, ""volume_state"": 18.608938226403495}",assumed_next_daily_close,8699.0,5,0000002488,0,-0.0075111394016549315,0.017617720334410038,0.0784804367606915,-330.2468,-0.03796376595010921,5.219399999999999,13.55,0.0,-0.0,16e3128fff38074a762f4b23,True,0.0010515247108307045,951,1.0426761531345018e-06,95907055.8,,,,,,,,,,,,,,,,,,,,,,,,,,,,,,,,,,,,,,,,,,,,bounded_preclose_bid_ask,,,,False,not_requested_for_horizon_or_variant,,,,event,protective_put,100,completed,86.99,83.79,True,-320.0,H25,2,AMD,10.246799999999999,primary,0.04275520358408988,18.608938226403495,2022
0.05083315756169582,2022-06-28,121,c49ab037fb25ce1f1eddd70b,time_value,79.99680000000001,O:AMD221021P00090000,1,1,2022-06-10,2022-06-10,133,0.10398650073824088,110,0.0,0.07352755489136682,2022-06-13,111,True,2022-06-28,121,2022-06-10,243,98148812.0,2022-06-28,scheduled_exit,121,2022-10-21,"{""market_momentum"": -0.0075111394016549315, ""market_volatility"": 0.017617720334410038, ""momentum"": 0.0784804367606915, ""volatility"": 0.04275520358408988, ""volume_state"": 18.608938226403495}",assumed_next_daily_close,8699.0,10,0000002488,0,-0.0075111394016549315,0.017617720334410038,0.0784804367606915,-639.6162,-0.07352755489136682,73.6194,13.55,14.9,134.99999999999997,16e3128fff38074a762f4b23,True,0.0010515247108307045,951,1.0426761531345018e-06,95907055.8,,,,,,,,,,,,,,,,,,,,,,,,,,,,,,,,,,,,,,,,,,,,bounded_preclose_bid_ask,,,,False,decision_asynchronous_quotes,,,,event,protective_put,100,completed,86.99,80.78,False,-621.0,H25,2,AMD,153.6162,primary,0.04275520358408988,18.608938226403495,2022
0.05083315756169582,2022-06-28,121,c49ab037fb25ce1f1eddd70b,time_value,4.8468,O:AMD221021P00090000,1,1,2022-06-10,2022-06-10,133,0.10398650073824088,110,0.0,0.07254468329693067,2022-06-13,111,True,2022-06-28,121,2022-06-10,243,98148812.0,2022-06-28,scheduled_exit,121,2022-10-21,"{""market_momentum"": -0.0075111394016549315, ""market_volatility"": 0.017617720334410038, ""momentum"": 0.0784804367606915, ""volatility"": 0.04275520358408988, ""volume_state"": 18.608938226403495}",assumed_next_daily_close,8699.0,10,0000002488,0,-0.0075111394016549315,0.017617720334410038,0.0784804367606915,-631.0662,-0.07254468329693067,5.219399999999999,13.55,0.0,-0.0,16e3128fff38074a762f4b23,True,0.0010515247108307045,951,1.0426761531345018e-06,95907055.8,,,,,,,,,,,,,,,,,,,,,,,,,,,,,,,,,,,,,,,,,,,,bounded_preclose_bid_ask,,,,False,decision_asynchronous_quotes,,,,event,protective_put,100,completed,86.99,80.78,True,-621.0,H25,2,AMD,10.066199999999998,primary,0.04275520358408988,18.608938226403495,2022
0.05083315756169582,2022-07-14,132,c49ab037fb25ce1f1eddd70b,time_value,82.116,O:AMD221021P00090000,1,1,2022-06-10,2022-06-10,133,0.10398650073824088,110,0.0,0.10806304172893431,2022-06-13,111,True,2022-07-14,132,2022-06-10,243,98148812.0,2022-07-14,scheduled_exit,132,2022-10-21,"{""market_momentum"": -0.0075111394016549315, ""market_volatility"": 0.017617720334410038, ""momentum"": 0.0784804367606915, ""volatility"": 0.04275520358408988, ""volume_state"": 18.608938226403495}",assumed_next_daily_close,8699.0,21,0000002488,0,-0.0075111394016549315,0.017617720334410038,0.0784804367606915,-814.735400000001,-0.09365851247269813,73.6194,13.55,15.35,179.9999999999999,16e3128fff38074a762f4b23,True,0.0010515247108307045,951,1.0426761531345018e-06,95907055.8,,,,,,,,,,,,,,,,,,,,,,,,,,,,,,,,,,,,,,,,,,,,bounded_preclose_bid_ask,,,,False,not_requested_for_horizon_or_variant,,,,event,protective_put,100,completed,86.99,78.6,False,-839.0000000000009,H25,2,AMD,155.7354,primary,0.04275520358408988,18.608938226403495,2022
0.05083315756169582,2022-07-14,132,c49ab037fb25ce1f1eddd70b,time_value,4.715999999999999,O:AMD221021P00090000,1,1,2022-06-10,2022-06-10,133,0.10398650073824088,110,0.0,0.15422917576732958,2022-06-13,111,True,2022-07-14,132,2022-06-10,243,98148812.0,2022-07-14,scheduled_exit,132,2022-10-21,"{""market_momentum"": -0.0075111394016549315, ""market_volatility"": 0.017617720334410038, ""momentum"": 0.0784804367606915, ""volatility"": 0.04275520358408988, ""volume_state"": 18.608938226403495}",assumed_next_daily_close,8699.0,21,0000002488,0,-0.0075111394016549315,0.017617720334410038,0.0784804367606915,-848.9354000000009,-0.09758999885044269,5.219399999999999,13.55,0.0,-0.0,16e3128fff38074a762f4b23,True,0.0010515247108307045,951,1.0426761531345018e-06,95907055.8,,,,,,,,,,,,,,,,,,,,,,,,,,,,,,,,,,,,,,,,,,,,bounded_preclose_bid_ask,,,,False,not_requested_for_horizon_or_variant,,,,event,protective_put,100,completed,86.99,78.6,True,-839.0000000000009,H25,2,AMD,9.935399999999998,primary,0.04275520358408988,18.608938226403495,2022
0.05083315756169582,2022-08-12,153,c49ab037fb25ce1f1eddd70b,time_value,24.699799999999996,O:AMD221021P00090000,1,1,2022-06-10,2022-06-10,133,0.10398650073824088,110,0.0,0.10806304172893431,2022-06-13,111,True,2022-08-12,153,2022-06-10,243,98148812.0,2022-08-12,scheduled_exit,153,2022-10-21,"{""market_momentum"": -0.0075111394016549315, ""market_volatility"": 0.017617720334410038, ""momentum"": 0.0784804367606915, ""volatility"": 0.04275520358408988, ""volume_state"": 18.608938226403495}",assumed_next_daily_close,8699.0,42,0000002488,0,-0.0075111394016549315,0.017617720334410038,0.0784804367606915,290.6807999999999,0.03341542706058167,73.6194,13.55,3.6,-995.0000000000001,16e3128fff38074a762f4b23,True,0.0010515247108307045,951,1.0426761531345018e-06,95907055.8,,,,,,,,,,,,,,,,,,,,,,,,,,,,,,,,,,,,,,,,,,,,bounded_preclose_bid_ask,,,,False,not_requested_for_horizon_or_variant,,,,event,protective_put,100,completed,86.99,100.83,False,1384.0,H25,2,AMD,98.3192,primary,0.04275520358408988,18.608938226403495,2022
0.05083315756169582,2022-08-12,153,c49ab037fb25ce1f1eddd70b,time_value,6.049799999999999,O:AMD221021P00090000,1,1,2022-06-10,2022-06-10,133,0.10398650073824088,110,0.0,0.15422917576732958,2022-06-13,111,True,2022-08-12,153,2022-06-10,243,98148812.0,2022-08-12,scheduled_exit,153,2022-10-21,"{""market_momentum"": -0.0075111394016549315, ""market_volatility"": 0.017617720334410038, ""momentum"": 0.0784804367606915, ""volatility"": 0.04275520358408988, ""volume_state"": 18.608938226403495}",assumed_next_daily_close,8699.0,42,0000002488,0,-0.0075111394016549315,0.017617720334410038,0.0784804367606915,1372.7308,0.15780328773422234,5.219399999999999,13.55,0.0,-0.0,16e3128fff38074a762f4b23,True,0.0010515247108307045,951,1.0426761531345018e-06,95907055.8,,,,,,,,,,,,,,,,,,,,,,,,,,,,,,,,,,,,,,,,,,,,bounded_preclose_bid_ask,,,,False,not_requested_for_horizon_or_variant,,,,event,protective_put,100,completed,86.99,100.83,True,1384.0,H25,2,AMD,11.269199999999998,primary,0.04275520358408988,18.608938226403495,2022
0.05083315756169582,2022-09-13,174,c49ab037fb25ce1f1eddd70b,time_value,74.37180000000001,O:AMD221021P00090000,1,1,2022-06-10,2022-06-10,133,0.10398650073824088,110,0.0,0.12840455224738476,2022-06-13,111,True,2022-09-13,174,2022-06-10,243,98148812.0,2022-09-13,scheduled_exit,174,2022-10-21,"{""market_momentum"": -0.0075111394016549315, ""market_volatility"": 0.017617720334410038, ""momentum"": 0.0784804367606915, ""volatility"": 0.04275520358408988, ""volume_state"": 18.608938226403495}",assumed_next_daily_close,8699.0,63,0000002488,0,-0.0075111394016549315,0.017617720334410038,0.0784804367606915,-1116.9912,-0.12840455224738476,73.6194,13.55,13.82,26.999999999999957,16e3128fff38074a762f4b23,True,0.0010515247108307045,951,1.0426761531345018e-06,95907055.8,,,,,,,,,,,,,,,,,,,,,,,,,,,,,,,,,,,,,,,,,,,,bounded_preclose_bid_ask,,,,False,not_requested_for_horizon_or_variant,,,,event,protective_put,100,completed,86.99,77.03,False,-996.0,H25,2,AMD,147.9912,primary,0.04275520358408988,18.608938226403495,2022
0.05083315756169582,2022-09-13,174,c49ab037fb25ce1f1eddd70b,time_value,4.6217999999999995,O:AMD221021P00090000,1,1,2022-06-10,2022-06-10,133,0.10398650073824088,110,0.0,0.15422917576732958,2022-06-13,111,True,2022-09-13,174,2022-06-10,243,98148812.0,2022-09-13,scheduled_exit,174,2022-10-21,"{""market_momentum"": -0.0075111394016549315, ""market_volatility"": 0.017617720334410038, ""momentum"": 0.0784804367606915, ""volatility"": 0.04275520358408988, ""volume_state"": 18.608938226403495}",assumed_next_daily_close,8699.0,63,0000002488,0,-0.0075111394016549315,0.017617720334410038,0.0784804367606915,-1005.8412,-0.1156272215197149,5.219399999999999,13.55,0.0,-0.0,16e3128fff38074a762f4b23,True,0.0010515247108307045,951,1.0426761531345018e-06,95907055.8,,,,,,,,,,,,,,,,,,,,,,,,,,,,,,,,,,,,,,,,,,,,bounded_preclose_bid_ask,,,,False,not_requested_for_horizon_or_variant,,,,event,protective_put,100,completed,86.99,77.03,True,-996.0,H25,2,AMD,9.841199999999999,primary,0.04275520358408988,18.608938226403495,2022
0.05083315756169582,2022-10-21,202,c49ab037fb25ce1f1eddd70b,time_value,6.05,O:AMD221021P00090000,1,1,2022-06-10,2022-06-10,133,0.10398650073824088,110,0.0,0.15577949189562013,2022-06-13,111,True,2022-10-21,202,2022-06-10,243,98148812.0,2022-10-21,modelled_physical_expiry,202,2022-10-21,"{""market_momentum"": -0.0075111394016549315, ""market_volatility"": 0.017617720334410038, ""momentum"": 0.0784804367606915, ""volatility"": 0.04275520358408988, ""volume_state"": 18.608938226403495}",assumed_next_daily_close,8699.0,expiry,0000002488,0,-0.0075111394016549315,0.017617720334410038,0.0784804367606915,-1133.6694,-0.13032180710426486,73.6194,13.55,0.0,-1355.0,16e3128fff38074a762f4b23,True,0.0010515247108307045,951,1.0426761531345018e-06,95907055.8,,,,,,,,,,,,,,,,,,,,,,,,,,,,,,,,,,,,,,,,,,,,bounded_preclose_bid_ask,,,,False,not_requested_for_horizon_or_variant,,,,event,protective_put,100,completed,86.99,90.0,False,301.0,H25,2,AMD,79.6694,primary,0.04275520358408988,18.608938226403495,2022
0.05083315756169582,2022-10-21,202,c49ab037fb25ce1f1eddd70b,time_value,3.5292,O:AMD221021P00090000,1,1,2022-06-10,2022-06-10,133,0.10398650073824088,110,0.0,0.3579234164846534,2022-06-13,111,True,2022-10-21,202,2022-06-10,243,98148812.0,2022-10-21,scheduled_exit,202,2022-10-21,"{""market_momentum"": -0.0075111394016549315, ""market_volatility"": 0.017617720334410038, ""momentum"": 0.0784804367606915, ""volatility"": 0.04275520358408988, ""volume_state"": 18.608938226403495}",assumed_next_daily_close,8699.0,expiry,0000002488,0,-0.0075111394016549315,0.017617720334410038,0.0784804367606915,-2825.7486,-0.3248360271295551,5.219399999999999,13.55,0.0,-0.0,16e3128fff38074a762f4b23,True,0.0010515247108307045,951,1.0426761531345018e-06,95907055.8,,,,,,,,,,,,,,,,,,,,,,,,,,,,,,,,,,,,,,,,,,,,bounded_preclose_bid_ask,,,,False,not_requested_for_horizon_or_variant,,,,event,protective_put,100,completed,86.99,58.82,True,-2817.0,H25,2,AMD,8.7486,primary,0.04275520358408988,18.608938226403495,2022
0.05894811154253454,2023-11-13,468,c6b0f174b08b60aeaed1bef1,time_value,7.415799999999999,O:KO240216C00060000,1,1,2023-11-09,2023-11-09,99,0.012530885986586658,466,0.0,0.002592806770098653,2023-11-10,467,True,2023-11-13,468,2024-08-13,106,11680428.0,2023-11-13,scheduled_exit,468,2024-02-16,"{""market_momentum"": -0.0056839017235057465, ""market_volatility"": 0.009333956393016686, ""momentum"": 0.05492459504747704, ""volatility"": 0.010383088498028771, ""volume_state"": 16.547360438848504}",assumed_next_daily_close,5672.0,1,0000021344,0,-0.0056839017235057465,0.009333956393016686,0.05492459504747704,5.231000000000002,0.0009222496473906914,7.353199999999999,0.66,0.67,-1.0000000000000009,2500e73444a9467d6247df7d,True,0.0006365372374283895,1571,7.823198223570732e-06,12782496.0,,,,,,,,,,,,,,,,,,,,,,,,,,,,,,,,,,,,,,,,,,,,bounded_preclose_bid_ask,,,,False,not_requested_for_horizon_or_variant,,,,ordinary,covered_call,100,completed,56.72,56.93,False,21.0,H25,2,KO,14.768999999999998,primary,0.010383088498028771,16.547360438848504,2023
0.05894811154253454,2023-11-13,468,c6b0f174b08b60aeaed1bef1,time_value,3.4157999999999995,O:KO240216C00060000,1,1,2023-11-09,2023-11-09,99,0.012530885986586658,466,0.0,0.0011999999999999546,2023-11-10,467,True,2023-11-13,468,2024-08-13,106,11680428.0,2023-11-13,scheduled_exit,468,2024-02-16,"{""market_momentum"": -0.0056839017235057465, ""market_volatility"": 0.009333956393016686, ""momentum"": 0.05492459504747704, ""volatility"": 0.010383088498028771, ""volume_state"": 16.547360438848504}",assumed_next_daily_close,5672.0,1,0000021344,0,-0.0056839017235057465,0.009333956393016686,0.05492459504747704,14.181000000000003,0.0025001763046544434,3.4031999999999996,0.66,0.0,-0.0,2500e73444a9467d6247df7d,True,0.0006365372374283895,1571,7.823198223570732e-06,12782496.0,,,,,,,,,,,,,,,,,,,,,,,,,,,,,,,,,,,,,,,,,,,,bounded_preclose_bid_ask,,,,False,not_requested_for_horizon_or_variant,,,,ordinary,covered_call,100,completed,56.72,56.93,True,21.0,H25,2,KO,6.818999999999999,primary,0.010383088498028771,16.547360438848504,2023
0.05894811154253454,2023-11-14,469,c6b0f174b08b60aeaed1bef1,time_value,7.326,O:KO240216C00060000,1,1,2023-11-09,2023-11-09,99,0.012530885986586658,466,0.0,0.002592806770098653,2023-11-10,467,True,2023-11-14,469,2024-08-13,106,11680428.0,2023-11-14,scheduled_exit,469,2024-02-16,"{""market_momentum"": -0.0056839017235057465, ""market_volatility"": 0.009333956393016686, ""momentum"": 0.05492459504747704, ""volatility"": 0.010383088498028771, ""volume_state"": 16.547360438848504}",assumed_next_daily_close,5672.0,2,0000021344,0,-0.0056839017235057465,0.009333956393016686,0.05492459504747704,24.3208,0.00428787023977433,7.353199999999999,0.66,0.65,1.0000000000000009,2500e73444a9467d6247df7d,True,0.0006365372374283895,1571,7.823198223570732e-06,12782496.0,,,,,,,,,,,,,,,,,,,,,,,,,,,,,,,,,,,,,,,,,,,,bounded_preclose_bid_ask,,,,False,not_requested_for_horizon_or_variant,,,,ordinary,covered_call,100,completed,56.72,57.1,False,38.0,H25,2,KO,14.679199999999998,primary,0.010383088498028771,16.547360438848504,2023
0.05894811154253454,2023-11-14,469,c6b0f174b08b60aeaed1bef1,time_value,3.4259999999999997,O:KO240216C00060000,1,1,2023-11-09,2023-11-09,99,0.012530885986586658,466,0.0,0.0011999999999999546,2023-11-10,467,True,2023-11-14,469,2024-08-13,106,11680428.0,2023-11-14,scheduled_exit,469,2024-02-16,"{""market_momentum"": -0.0056839017235057465, ""market_volatility"": 0.009333956393016686, ""momentum"": 0.05492459504747704, ""volatility"": 0.010383088498028771, ""volume_state"": 16.547360438848504}",assumed_next_daily_close,5672.0,2,0000021344,0,-0.0056839017235057465,0.009333956393016686,0.05492459504747704,31.170800000000003,0.00549555712270804,3.4031999999999996,0.66,0.0,-0.0,2500e73444a9467d6247df7d,True,0.0006365372374283895,1571,7.823198223570732e-06,12782496.0,,,,,,,,,,,,,,,,,,,,,,,,,,,,,,,,,,,,,,,,,,,,bounded_preclose_bid_ask,,,,False,not_requested_for_horizon_or_variant,,,,ordinary,covered_call,100,completed,56.72,57.1,True,38.0,H25,2,KO,6.829199999999999,primary,0.010383088498028771,16.547360438848504,2023
0.05894811154253454,2023-11-15,470,c6b0f174b08b60aeaed1bef1,time_value,7.3826,O:KO240216C00060000,1,1,2023-11-09,2023-11-09,99,0.012530885986586658,466,0.0,0.002592806770098653,2023-11-10,467,True,2023-11-15,470,2024-08-13,106,11680428.0,2023-11-15,scheduled_exit,470,2024-02-16,"{""market_momentum"": -0.0056839017235057465, ""market_volatility"": 0.009333956393016686, ""momentum"": 0.05492459504747704, ""volatility"": 0.010383088498028771, ""volume_state"": 16.547360438848504}",assumed_next_daily_close,5672.0,3,0000021344,0,-0.0056839017235057465,0.009333956393016686,0.05492459504747704,34.2642,0.006040937940761637,7.353199999999999,0.66,0.66,-0.0,2500e73444a9467d6247df7d,True,0.0006365372374283895,1571,7.823198223570732e-06,12782496.0,,,,,,,,,,,,,,,,,,,,,,,,,,,,,,,,,,,,,,,,,,,,bounded_preclose_bid_ask,,,,False,not_requested_for_horizon_or_variant,,,,ordinary,covered_call,100,completed,56.72,57.21,False,49.0,H25,2,KO,14.7358,primary,0.010383088498028771,16.547360438848504,2023
0.05894811154253454,2023-11-15,470,c6b0f174b08b60aeaed1bef1,time_value,3.4326,O:KO240216C00060000,1,1,2023-11-09,2023-11-09,99,0.012530885986586658,466,0.0,0.0011999999999999546,2023-11-10,467,True,2023-11-15,470,2024-08-13,106,11680428.0,2023-11-15,scheduled_exit,470,2024-02-16,"{""market_momentum"": -0.0056839017235057465, ""market_volatility"": 0.009333956393016686, ""momentum"": 0.05492459504747704, ""volatility"": 0.010383088498028771, ""volume_state"": 16.547360438848504}",assumed_next_daily_close,5672.0,3,0000021344,0,-0.0056839017235057465,0.009333956393016686,0.05492459504747704,42.1642,0.007433744710860367,3.4031999999999996,0.66,0.0,-0.0,2500e73444a9467d6247df7d,True,0.0006365372374283895,1571,7.823198223570732e-06,12782496.0,,,,,,,,,,,,,,,,,,,,,,,,,,,,,,,,,,,,,,,,,,,,bounded_preclose_bid_ask,,,,False,not_requested_for_horizon_or_variant,,,,ordinary,covered_call,100,completed,56.72,57.21,True,49.0,H25,2,KO,6.835799999999999,primary,0.010383088498028771,16.547360438848504,2023
0.05894811154253454,2023-11-17,472,c6b0f174b08b60aeaed1bef1,time_value,7.5855999999999995,O:KO240216C00060000,1,1,2023-11-09,2023-11-09,99,0.012530885986586658,466,0.0,0.002592806770098653,2023-11-10,467,True,2023-11-17,472,2024-08-13,106,11680428.0,2023-11-17,scheduled_exit,472,2024-02-16,"{""market_momentum"": -0.0056839017235057465, ""market_volatility"": 0.009333956393016686, ""momentum"": 0.05492459504747704, ""volatility"": 0.010383088498028771, ""volume_state"": 16.547360438848504}",assumed_next_daily_close,5672.0,5,0000021344,0,-0.0056839017235057465,0.009333956393016686,0.05492459504747704,35.06120000000001,0.00618145275035261,7.353199999999999,0.66,0.7,-3.9999999999999925,2500e73444a9467d6247df7d,True,0.0006365372374283895,1571,7.823198223570732e-06,12782496.0,,,,,,,,,,,,,,,,,,,,,,,,,,,,,,,,,,,,,,,,,,,,bounded_preclose_bid_ask,,,,False,not_requested_for_horizon_or_variant,,,,ordinary,covered_call,100,completed,56.72,57.26,False,54.0,H25,2,KO,14.938799999999999,primary,0.010383088498028771,16.547360438848504,2023
0.05894811154253454,2023-11-17,472,c6b0f174b08b60aeaed1bef1,time_value,3.4355999999999995,O:KO240216C00060000,1,1,2023-11-09,2023-11-09,99,0.012530885986586658,466,0.0,0.0011999999999999546,2023-11-10,467,True,2023-11-17,472,2024-08-13,106,11680428.0,2023-11-17,scheduled_exit,472,2024-02-16,"{""market_momentum"": -0.0056839017235057465, ""market_volatility"": 0.009333956393016686, ""momentum"": 0.05492459504747704, ""volatility"": 0.010383088498028771, ""volume_state"": 16.547360438848504}",assumed_next_daily_close,5672.0,5,0000021344,0,-0.0056839017235057465,0.009333956393016686,0.05492459504747704,47.1612,0.008314739069111425,3.4031999999999996,0.66,0.0,-0.0,2500e73444a9467d6247df7d,True,0.0006365372374283895,1571,7.823198223570732e-06,12782496.0,,,,,,,,,,,,,,,,,,,,,,,,,,,,,,,,,,,,,,,,,,,,bounded_preclose_bid_ask,,,,False,not_requested_for_horizon_or_variant,,,,ordinary,covered_call,100,completed,56.72,57.26,True,54.0,H25,2,KO,6.838799999999999,primary,0.010383088498028771,16.547360438848504,2023
0.05894811154253454,2023-11-27,477,c6b0f174b08b60aeaed1bef1,time_value,8.9076,O:KO240216C00060000,1,1,2023-11-09,2023-11-09,99,0.012530885986586658,466,0.0,0.002592806770098653,2023-11-10,467,True,2023-11-27,477,2024-08-13,106,11680428.0,2023-11-27,scheduled_exit,477,2024-02-16,"{""market_momentum"": -0.0056839017235057465, ""market_volatility"": 0.009333956393016686, ""momentum"": 0.05492459504747704, ""volatility"": 0.010383088498028771, ""volume_state"": 16.547360438848504}",assumed_next_daily_close,5672.0,10,0000021344,0,-0.0056839017235057465,0.009333956393016686,0.05492459504747704,128.7392,0.02269732016925247,7.353199999999999,0.66,0.95,-28.999999999999993,2500e73444a9467d6247df7d,True,0.0006365372374283895,1571,7.823198223570732e-06,12782496.0,,,,,,,,,,,,,,,,,,,,,,,,,,,,,,,,,,,,,,,,,,,,bounded_preclose_bid_ask,,,,False,decision_asynchronous_quotes,,,,ordinary,covered_call,100,completed,56.72,58.46,False,174.0,H25,2,KO,16.2608,primary,0.010383088498028771,16.547360438848504,2023
0.05894811154253454,2023-11-27,477,c6b0f174b08b60aeaed1bef1,time_value,3.5075999999999996,O:KO240216C00060000,1,1,2023-11-09,2023-11-09,99,0.012530885986586658,466,0.0,0.0011999999999999546,2023-11-10,467,True,2023-11-27,477,2024-08-13,106,11680428.0,2023-11-27,scheduled_exit,477,2024-02-16,"{""market_momentum"": -0.0056839017235057465, ""market_volatility"": 0.009333956393016686, ""momentum"": 0.05492459504747704, ""volatility"": 0.010383088498028771, ""volume_state"": 16.547360438848504}",assumed_next_daily_close,5672.0,10,0000021344,0,-0.0056839017235057465,0.009333956393016686,0.05492459504747704,167.0892,0.029458603667136814,3.4031999999999996,0.66,0.0,-0.0,2500e73444a9467d6247df7d,True,0.0006365372374283895,1571,7.823198223570732e-06,12782496.0,,,,,,,,,,,,,,,,,,,,,,,,,,,,,,,,,,,,,,,,,,,,bounded_preclose_bid_ask,,,,False,decision_asynchronous_quotes,,,,ordinary,covered_call,100,completed,56.72,58.46,True,174.0,H25,2,KO,6.910799999999999,primary,0.010383088498028771,16.547360438848504,2023
0.05894811154253454,2023-12-12,488,c6b0f174b08b60aeaed1bef1,time_value,11.3652,O:KO240216C00060000,1,1,2023-11-09,2023-11-09,99,0.012530885986586658,466,46.0,0.002592806770098653,2023-11-10,467,True,2023-12-12,488,2024-08-13,106,11680428.0,2023-12-12,scheduled_exit,488,2024-02-16,"{""market_momentum"": -0.0056839017235057465, ""market_volatility"": 0.009333956393016686, ""momentum"": 0.05492459504747704, ""volatility"": 0.010383088498028771, ""volume_state"": 16.547360438848504}",assumed_next_daily_close,5672.0,21,0000021344,0,-0.0056839017235057465,0.009333956393016686,0.05492459504747704,220.28160000000003,0.038836671368124125,7.353199999999999,0.66,1.43,-76.99999999999999,2500e73444a9467d6247df7d,True,0.0006365372374283895,1571,7.823198223570732e-06,12782496.0,,,,,,,,,,,,,,,,,,,,,,,,,,,,,,,,,,,,,,,,,,,,bounded_preclose_bid_ask,,,,False,not_requested_for_horizon_or_variant,,,,ordinary,covered_call,100,completed,56.72,59.42,False,270.0,H25,2,KO,18.7184,primary,0.010383088498028771,16.547360438848504,2023
0.05894811154253454,2023-12-12,488,c6b0f174b08b60aeaed1bef1,time_value,3.5651999999999995,O:KO240216C00060000,1,1,2023-11-09,2023-11-09,99,0.012530885986586658,466,46.0,0.0011999999999999546,2023-11-10,467,True,2023-12-12,488,2024-08-13,106,11680428.0,2023-12-12,scheduled_exit,488,2024-02-16,"{""market_momentum"": -0.0056839017235057465, ""market_volatility"": 0.009333956393016686, ""momentum"": 0.05492459504747704, ""volatility"": 0.010383088498028771, ""volume_state"": 16.547360438848504}",assumed_next_daily_close,5672.0,21,0000021344,0,-0.0056839017235057465,0.009333956393016686,0.05492459504747704,309.03159999999997,0.054483709449929474,3.4031999999999996,0.66,0.0,-0.0,2500e73444a9467d6247df7d,True,0.0006365372374283895,1571,7.823198223570732e-06,12782496.0,,,,,,,,,,,,,,,,,,,,,,,,,,,,,,,,,,,,,,,,,,,,bounded_preclose_bid_ask,,,,False,not_requested_for_horizon_or_variant,,,,ordinary,covered_call,100,completed,56.72,59.42,True,270.0,H25,2,KO,6.968399999999999,primary,0.010383088498028771,16.547360438848504,2023
0.05894811154253454,2024-01-12,509,c6b0f174b08b60aeaed1bef1,time_value,11.573400000000001,O:KO240216C00060000,1,1,2023-11-09,2023-11-09,99,0.012530885986586658,466,46.0,0.002592806770098653,2023-11-10,467,True,2024-01-12,509,2024-08-13,106,11680428.0,2024-01-12,scheduled_exit,509,2024-02-16,"{""market_momentum"": -0.0056839017235057465, ""market_volatility"": 0.009333956393016686, ""momentum"": 0.05492459504747704, ""volatility"": 0.010383088498028771, ""volume_state"": 16.547360438848504}",assumed_next_daily_close,5672.0,42,0000021344,0,-0.0056839017235057465,0.009333956393016686,0.05492459504747704,314.0734,0.05537260225669958,7.353199999999999,0.66,1.46,-80.0,2500e73444a9467d6247df7d,True,0.0006365372374283895,1571,7.823198223570732e-06,12782496.0,,,,,,,,,,,,,,,,,,,,,,,,,,,,,,,,,,,,,,,,,,,,bounded_preclose_bid_ask,,,,False,not_requested_for_horizon_or_variant,,,,ordinary,covered_call,100,completed,56.72,60.39,False,367.0,H25,2,KO,18.9266,primary,0.010383088498028771,16.547360438848504,2023
0.05894811154253454,2024-01-12,509,c6b0f174b08b60aeaed1bef1,time_value,3.6233999999999997,O:KO240216C00060000,1,1,2023-11-09,2023-11-09,99,0.012530885986586658,466,46.0,0.0011999999999999546,2023-11-10,467,True,2024-01-12,509,2024-08-13,106,11680428.0,2024-01-12,scheduled_exit,509,2024-02-16,"{""market_momentum"": -0.0056839017235057465, ""market_volatility"": 0.009333956393016686, ""momentum"": 0.05492459504747704, ""volatility"": 0.010383088498028771, ""volume_state"": 16.547360438848504}",assumed_next_daily_close,5672.0,42,0000021344,0,-0.0056839017235057465,0.009333956393016686,0.05492459504747704,405.97339999999997,0.071575,3.4031999999999996,0.66,0.0,-0.0,2500e73444a9467d6247df7d,True,0.0006365372374283895,1571,7.823198223570732e-06,12782496.0,,,,,,,,,,,,,,,,,,,,,,,,,,,,,,,,,,,,,,,,,,,,bounded_preclose_bid_ask,,,,False,not_requested_for_horizon_or_variant,,,,ordinary,covered_call,100,completed,56.72,60.39,True,367.0,H25,2,KO,7.026599999999999,primary,0.010383088498028771,16.547360438848504,2023
0.05894811154253454,2024-02-13,530,c6b0f174b08b60aeaed1bef1,time_value,4.960999999999999,O:KO240216C00060000,1,1,2023-11-09,2023-11-09,99,0.012530885986586658,466,46.0,0.002592806770098653,2023-11-10,467,True,2024-02-13,530,2024-08-13,106,11680428.0,2024-02-13,scheduled_exit,530,2024-02-16,"{""market_momentum"": -0.0056839017235057465, ""market_volatility"": 0.009333956393016686, ""momentum"": 0.05492459504747704, ""volatility"": 0.010383088498028771, ""volume_state"": 16.547360438848504}",assumed_next_daily_close,5672.0,63,0000021344,0,-0.0056839017235057465,0.009333956393016686,0.05492459504747704,347.6858,0.061298624823695344,7.353199999999999,0.66,0.15,51.0,2500e73444a9467d6247df7d,True,0.0006365372374283895,1571,7.823198223570732e-06,12782496.0,,,,,,,,,,,,,,,,,,,,,,,,,,,,,,,,,,,,,,,,,,,,bounded_preclose_bid_ask,,,,False,not_requested_for_horizon_or_variant,,,,ordinary,covered_call,100,completed,56.72,59.35,False,263.0,H25,2,KO,12.3142,primary,0.010383088498028771,16.547360438848504,2023
0.05894811154253454,2024-02-13,530,c6b0f174b08b60aeaed1bef1,time_value,3.5609999999999995,O:KO240216C00060000,1,1,2023-11-09,2023-11-09,99,0.012530885986586658,466,46.0,0.0011999999999999546,2023-11-10,467,True,2024-02-13,530,2024-08-13,106,11680428.0,2024-02-13,scheduled_exit,530,2024-02-16,"{""market_momentum"": -0.0056839017235057465, ""market_volatility"": 0.009333956393016686, ""momentum"": 0.05492459504747704, ""volatility"": 0.010383088498028771, ""volume_state"": 16.547360438848504}",assumed_next_daily_close,5672.0,63,0000021344,0,-0.0056839017235057465,0.009333956393016686,0.05492459504747704,302.0358,0.053250317348378,3.4031999999999996,0.66,0.0,-0.0,2500e73444a9467d6247df7d,True,0.0006365372374283895,1571,7.823198223570732e-06,12782496.0,,,,,,,,,,,,,,,,,,,,,,,,,,,,,,,,,,,,,,,,,,,,bounded_preclose_bid_ask,,,,False,not_requested_for_horizon_or_variant,,,,ordinary,covered_call,100,completed,56.72,59.35,True,263.0,H25,2,KO,6.964199999999999,primary,0.010383088498028771,16.547360438848504,2023
0.05894811154253454,2024-02-16,533,c6b0f174b08b60aeaed1bef1,time_value,4.2134,O:KO240216C00060000,1,1,2023-11-09,2023-11-09,99,0.012530885986586658,466,46.0,0.002592806770098653,2023-11-10,467,True,2024-02-16,533,2024-08-13,106,11680428.0,2024-02-16,expiry_worthless,533,2024-02-16,"{""market_momentum"": -0.0056839017235057465, ""market_volatility"": 0.009333956393016686, ""momentum"": 0.05492459504747704, ""volatility"": 0.010383088498028771, ""volume_state"": 16.547360438848504}",assumed_next_daily_close,5672.0,expiry,0000021344,0,-0.0056839017235057465,0.009333956393016686,0.05492459504747704,367.4334,0.06478021861777152,7.353199999999999,0.66,0.0,66.0,2500e73444a9467d6247df7d,True,0.0006365372374283895,1571,7.823198223570732e-06,12782496.0,,,,,,,,,,,,,,,,,,,,,,,,,,,,,,,,,,,,,,,,,,,,bounded_preclose_bid_ask,,,,False,not_requested_for_horizon_or_variant,,,,ordinary,covered_call,100,completed,56.72,59.39,False,267.0,H25,2,KO,11.5666,primary,0.010383088498028771,16.547360438848504,2023
0.05894811154253454,2024-02-16,533,c6b0f174b08b60aeaed1bef1,time_value,3.5633999999999997,O:KO240216C00060000,1,1,2023-11-09,2023-11-09,99,0.012530885986586658,466,46.0,0.0011999999999999546,2023-11-10,467,True,2024-02-16,533,2024-08-13,106,11680428.0,2024-02-16,scheduled_exit,533,2024-02-16,"{""market_momentum"": -0.0056839017235057465, ""market_volatility"": 0.009333956393016686, ""momentum"": 0.05492459504747704, ""volatility"": 0.010383088498028771, ""volume_state"": 16.547360438848504}",assumed_next_daily_close,5672.0,expiry,0000021344,0,-0.0056839017235057465,0.009333956393016686,0.05492459504747704,306.0334,0.053955112834978836,3.4031999999999996,0.66,0.0,-0.0,2500e73444a9467d6247df7d,True,0.0006365372374283895,1571,7.823198223570732e-06,12782496.0,,,,,,,,,,,,,,,,,,,,,,,,,,,,,,,,,,,,,,,,,,,,bounded_preclose_bid_ask,,,,False,not_requested_for_horizon_or_variant,,,,ordinary,covered_call,100,completed,56.72,59.39,True,267.0,H25,2,KO,6.9666,primary,0.010383088498028771,16.547360438848504,2023
,,,c6ee22a954c05bef75b2cceb,time_value,,,1,1,2025-05-06,2025-05-06,,,837,,,2025-05-07,838,False,,,2025-05-06,,,,,,,"{""market_momentum"": 0.10592146928435708, ""market_volatility"": 0.028035931372663383, ""momentum"": -0.007200523674449011, ""volatility"": 0.015619362359120936, ""volume_state"": 15.635325534849922}",assumed_next_daily_close,,1,0000021665,,0.10592146928435708,0.028035931372663383,-0.007200523674449011,,,,,,,4f515f26c7e59adec650bfcf,False,,,,,,,,,,,,,,,,,,,,,,,,,,,,,,,,,,,,,,,,,,,,,,,,bounded_preclose_bid_ask,,,,False,not_requested_for_horizon_or_variant,,,no_standard_contract_within_rules,event,protective_put,,no_standard_contract_within_rules,,,False,,H25,2,CL,,primary,0.015619362359120936,15.635325534849922,2025
,,,c6ee22a954c05bef75b2cceb,time_value,,,1,1,2025-05-06,2025-05-06,,,837,,,2025-05-07,838,False,,,2025-05-06,,,,,,,"{""market_momentum"": 0.10592146928435708, ""market_volatility"": 0.028035931372663383, ""momentum"": -0.007200523674449011, ""volatility"": 0.015619362359120936, ""volume_state"": 15.635325534849922}",assumed_next_daily_close,,1,0000021665,,0.10592146928435708,0.028035931372663383,-0.007200523674449011,,,,,,,4f515f26c7e59adec650bfcf,False,,,,,,,,,,,,,,,,,,,,,,,,,,,,,,,,,,,,,,,,,,,,,,,,bounded_preclose_bid_ask,,,,False,not_requested_for_horizon_or_variant,,,no_standard_contract_within_rules,event,protective_put,,no_standard_contract_within_rules,,,True,,H25,2,CL,,primary,0.015619362359120936,15.635325534849922,2025
,,,c6ee22a954c05bef75b2cceb,time_value,,,1,1,2025-05-06,2025-05-06,,,837,,,2025-05-07,838,False,,,2025-05-06,,,,,,,"{""market_momentum"": 0.10592146928435708, ""market_volatility"": 0.028035931372663383, ""momentum"": -0.007200523674449011, ""volatility"": 0.015619362359120936, ""volume_state"": 15.635325534849922}",assumed_next_daily_close,,2,0000021665,,0.10592146928435708,0.028035931372663383,-0.007200523674449011,,,,,,,4f515f26c7e59adec650bfcf,False,,,,,,,,,,,,,,,,,,,,,,,,,,,,,,,,,,,,,,,,,,,,,,,,bounded_preclose_bid_ask,,,,False,not_requested_for_horizon_or_variant,,,no_standard_contract_within_rules,event,protective_put,,no_standard_contract_within_rules,,,False,,H25,2,CL,,primary,0.015619362359120936,15.635325534849922,2025
,,,c6ee22a954c05bef75b2cceb,time_value,,,1,1,2025-05-06,2025-05-06,,,837,,,2025-05-07,838,False,,,2025-05-06,,,,,,,"{""market_momentum"": 0.10592146928435708, ""market_volatility"": 0.028035931372663383, ""momentum"": -0.007200523674449011, ""volatility"": 0.015619362359120936, ""volume_state"": 15.635325534849922}",assumed_next_daily_close,,2,0000021665,,0.10592146928435708,0.028035931372663383,-0.007200523674449011,,,,,,,4f515f26c7e59adec650bfcf,False,,,,,,,,,,,,,,,,,,,,,,,,,,,,,,,,,,,,,,,,,,,,,,,,bounded_preclose_bid_ask,,,,False,not_requested_for_horizon_or_variant,,,no_standard_contract_within_rules,event,protective_put,,no_standard_contract_within_rules,,,True,,H25,2,CL,,primary,0.015619362359120936,15.635325534849922,2025
,,,c6ee22a954c05bef75b2cceb,time_value,,,1,1,2025-05-06,2025-05-06,,,837,,,2025-05-07,838,False,,,2025-05-06,,,,,,,"{""market_momentum"": 0.10592146928435708, ""market_volatility"": 0.028035931372663383, ""momentum"": -0.007200523674449011, ""volatility"": 0.015619362359120936, ""volume_state"": 15.635325534849922}",assumed_next_daily_close,,3,0000021665,,0.10592146928435708,0.028035931372663383,-0.007200523674449011,,,,,,,4f515f26c7e59adec650bfcf,False,,,,,,,,,,,,,,,,,,,,,,,,,,,,,,,,,,,,,,,,,,,,,,,,bounded_preclose_bid_ask,,,,False,not_requested_for_horizon_or_variant,,,no_standard_contract_within_rules,event,protective_put,,no_standard_contract_within_rules,,,False,,H25,2,CL,,primary,0.015619362359120936,15.635325534849922,2025
,,,c6ee22a954c05bef75b2cceb,time_value,,,1,1,2025-05-06,2025-05-06,,,837,,,2025-05-07,838,False,,,2025-05-06,,,,,,,"{""market_momentum"": 0.10592146928435708, ""market_volatility"": 0.028035931372663383, ""momentum"": -0.007200523674449011, ""volatility"": 0.015619362359120936, ""volume_state"": 15.635325534849922}",assumed_next_daily_close,,3,0000021665,,0.10592146928435708,0.028035931372663383,-0.007200523674449011,,,,,,,4f515f26c7e59adec650bfcf,False,,,,,,,,,,,,,,,,,,,,,,,,,,,,,,,,,,,,,,,,,,,,,,,,bounded_preclose_bid_ask,,,,False,not_requested_for_horizon_or_variant,,,no_standard_contract_within_rules,event,protective_put,,no_standard_contract_within_rules,,,True,,H25,2,CL,,primary,0.015619362359120936,15.635325534849922,2025
,,,c6ee22a954c05bef75b2cceb,time_value,,,1,1,2025-05-06,2025-05-06,,,837,,,2025-05-07,838,False,,,2025-05-06,,,,,,,"{""market_momentum"": 0.10592146928435708, ""market_volatility"": 0.028035931372663383, ""momentum"": -0.007200523674449011, ""volatility"": 0.015619362359120936, ""volume_state"": 15.635325534849922}",assumed_next_daily_close,,5,0000021665,,0.10592146928435708,0.028035931372663383,-0.007200523674449011,,,,,,,4f515f26c7e59adec650bfcf,False,,,,,,,,,,,,,,,,,,,,,,,,,,,,,,,,,,,,,,,,,,,,,,,,bounded_preclose_bid_ask,,,,False,not_requested_for_horizon_or_variant,,,no_standard_contract_within_rules,event,protective_put,,no_standard_contract_within_rules,,,False,,H25,2,CL,,primary,0.015619362359120936,15.635325534849922,2025
,,,c6ee22a954c05bef75b2cceb,time_value,,,1,1,2025-05-06,2025-05-06,,,837,,,2025-05-07,838,False,,,2025-05-06,,,,,,,"{""market_momentum"": 0.10592146928435708, ""market_volatility"": 0.028035931372663383, ""momentum"": -0.007200523674449011, ""volatility"": 0.015619362359120936, ""volume_state"": 15.635325534849922}",assumed_next_daily_close,,5,0000021665,,0.10592146928435708,0.028035931372663383,-0.007200523674449011,,,,,,,4f515f26c7e59adec650bfcf,False,,,,,,,,,,,,,,,,,,,,,,,,,,,,,,,,,,,,,,,,,,,,,,,,bounded_preclose_bid_ask,,,,False,not_requested_for_horizon_or_variant,,,no_standard_contract_within_rules,event,protective_put,,no_standard_contract_within_rules,,,True,,H25,2,CL,,primary,0.015619362359120936,15.635325534849922,2025
,,,c6ee22a954c05bef75b2cceb,time_value,,,1,1,2025-05-06,2025-05-06,,,837,,,2025-05-07,838,False,,,2025-05-06,,,,,,,"{""market_momentum"": 0.10592146928435708, ""market_volatility"": 0.028035931372663383, ""momentum"": -0.007200523674449011, ""volatility"": 0.015619362359120936, ""volume_state"": 15.635325534849922}",assumed_next_daily_close,,10,0000021665,,0.10592146928435708,0.028035931372663383,-0.007200523674449011,,,,,,,4f515f26c7e59adec650bfcf,False,,,,,,,,,,,,,,,,,,,,,,,,,,,,,,,,,,,,,,,,,,,,,,,,bounded_preclose_bid_ask,,,,False,not_sampled_or_missing_quotes,,,no_standard_contract_within_rules,event,protective_put,,no_standard_contract_within_rules,,,False,,H25,2,CL,,primary,0.015619362359120936,15.635325534849922,2025
,,,c6ee22a954c05bef75b2cceb,time_value,,,1,1,2025-05-06,2025-05-06,,,837,,,2025-05-07,838,False,,,2025-05-06,,,,,,,"{""market_momentum"": 0.10592146928435708, ""market_volatility"": 0.028035931372663383, ""momentum"": -0.007200523674449011, ""volatility"": 0.015619362359120936, ""volume_state"": 15.635325534849922}",assumed_next_daily_close,,10,0000021665,,0.10592146928435708,0.028035931372663383,-0.007200523674449011,,,,,,,4f515f26c7e59adec650bfcf,False,,,,,,,,,,,,,,,,,,,,,,,,,,,,,,,,,,,,,,,,,,,,,,,,bounded_preclose_bid_ask,,,,False,not_sampled_or_missing_quotes,,,no_standard_contract_within_rules,event,protective_put,,no_standard_contract_within_rules,,,True,,H25,2,CL,,primary,0.015619362359120936,15.635325534849922,2025
,,,c6ee22a954c05bef75b2cceb,time_value,,,1,1,2025-05-06,2025-05-06,,,837,,,2025-05-07,838,False,,,2025-05-06,,,,,,,"{""market_momentum"": 0.10592146928435708, ""market_volatility"": 0.028035931372663383, ""momentum"": -0.007200523674449011, ""volatility"": 0.015619362359120936, ""volume_state"": 15.635325534849922}",assumed_next_daily_close,,21,0000021665,,0.10592146928435708,0.028035931372663383,-0.007200523674449011,,,,,,,4f515f26c7e59adec650bfcf,False,,,,,,,,,,,,,,,,,,,,,,,,,,,,,,,,,,,,,,,,,,,,,,,,bounded_preclose_bid_ask,,,,False,not_requested_for_horizon_or_variant,,,no_standard_contract_within_rules,event,protective_put,,no_standard_contract_within_rules,,,False,,H25,2,CL,,primary,0.015619362359120936,15.635325534849922,2025
,,,c6ee22a954c05bef75b2cceb,time_value,,,1,1,2025-05-06,2025-05-06,,,837,,,2025-05-07,838,False,,,2025-05-06,,,,,,,"{""market_momentum"": 0.10592146928435708, ""market_volatility"": 0.028035931372663383, ""momentum"": -0.007200523674449011, ""volatility"": 0.015619362359120936, ""volume_state"": 15.635325534849922}",assumed_next_daily_close,,21,0000021665,,0.10592146928435708,0.028035931372663383,-0.007200523674449011,,,,,,,4f515f26c7e59adec650bfcf,False,,,,,,,,,,,,,,,,,,,,,,,,,,,,,,,,,,,,,,,,,,,,,,,,bounded_preclose_bid_ask,,,,False,not_requested_for_horizon_or_variant,,,no_standard_contract_within_rules,event,protective_put,,no_standard_contract_within_rules,,,True,,H25,2,CL,,primary,0.015619362359120936,15.635325534849922,2025
,,,c6ee22a954c05bef75b2cceb,time_value,,,1,1,2025-05-06,2025-05-06,,,837,,,2025-05-07,838,False,,,2025-05-06,,,,,,,"{""market_momentum"": 0.10592146928435708, ""market_volatility"": 0.028035931372663383, ""momentum"": -0.007200523674449011, ""volatility"": 0.015619362359120936, ""volume_state"": 15.635325534849922}",assumed_next_daily_close,,42,0000021665,,0.10592146928435708,0.028035931372663383,-0.007200523674449011,,,,,,,4f515f26c7e59adec650bfcf,False,,,,,,,,,,,,,,,,,,,,,,,,,,,,,,,,,,,,,,,,,,,,,,,,bounded_preclose_bid_ask,,,,False,not_requested_for_horizon_or_variant,,,no_standard_contract_within_rules,event,protective_put,,no_standard_contract_within_rules,,,False,,H25,2,CL,,primary,0.015619362359120936,15.635325534849922,2025
,,,c6ee22a954c05bef75b2cceb,time_value,,,1,1,2025-05-06,2025-05-06,,,837,,,2025-05-07,838,False,,,2025-05-06,,,,,,,"{""market_momentum"": 0.10592146928435708, ""market_volatility"": 0.028035931372663383, ""momentum"": -0.007200523674449011, ""volatility"": 0.015619362359120936, ""volume_state"": 15.635325534849922}",assumed_next_daily_close,,42,0000021665,,0.10592146928435708,0.028035931372663383,-0.007200523674449011,,,,,,,4f515f26c7e59adec650bfcf,False,,,,,,,,,,,,,,,,,,,,,,,,,,,,,,,,,,,,,,,,,,,,,,,,bounded_preclose_bid_ask,,,,False,not_requested_for_horizon_or_variant,,,no_standard_contract_within_rules,event,protective_put,,no_standard_contract_within_rules,,,True,,H25,2,CL,,primary,0.015619362359120936,15.635325534849922,2025
,,,c6ee22a954c05bef75b2cceb,time_value,,,1,1,2025-05-06,2025-05-06,,,837,,,2025-05-07,838,False,,,2025-05-06,,,,,,,"{""market_momentum"": 0.10592146928435708, ""market_volatility"": 0.028035931372663383, ""momentum"": -0.007200523674449011, ""volatility"": 0.015619362359120936, ""volume_state"": 15.635325534849922}",assumed_next_daily_close,,63,0000021665,,0.10592146928435708,0.028035931372663383,-0.007200523674449011,,,,,,,4f515f26c7e59adec650bfcf,False,,,,,,,,,,,,,,,,,,,,,,,,,,,,,,,,,,,,,,,,,,,,,,,,bounded_preclose_bid_ask,,,,False,not_requested_for_horizon_or_variant,,,no_standard_contract_within_rules,event,protective_put,,no_standard_contract_within_rules,,,False,,H25,2,CL,,primary,0.015619362359120936,15.635325534849922,2025
,,,c6ee22a954c05bef75b2cceb,time_value,,,1,1,2025-05-06,2025-05-06,,,837,,,2025-05-07,838,False,,,2025-05-06,,,,,,,"{""market_momentum"": 0.10592146928435708, ""market_volatility"": 0.028035931372663383, ""momentum"": -0.007200523674449011, ""volatility"": 0.015619362359120936, ""volume_state"": 15.635325534849922}",assumed_next_daily_close,,63,0000021665,,0.10592146928435708,0.028035931372663383,-0.007200523674449011,,,,,,,4f515f26c7e59adec650bfcf,False,,,,,,,,,,,,,,,,,,,,,,,,,,,,,,,,,,,,,,,,,,,,,,,,bounded_preclose_bid_ask,,,,False,not_requested_for_horizon_or_variant,,,no_standard_contract_within_rules,event,protective_put,,no_standard_contract_within_rules,,,True,,H25,2,CL,,primary,0.015619362359120936,15.635325534849922,2025
,,,c6ee22a954c05bef75b2cceb,time_value,,,1,1,2025-05-06,2025-05-06,,,837,,,2025-05-07,838,False,,,2025-05-06,,,,,,,"{""market_momentum"": 0.10592146928435708, ""market_volatility"": 0.028035931372663383, ""momentum"": -0.007200523674449011, ""volatility"": 0.015619362359120936, ""volume_state"": 15.635325534849922}",assumed_next_daily_close,,expiry,0000021665,,0.10592146928435708,0.028035931372663383,-0.007200523674449011,,,,,,,4f515f26c7e59adec650bfcf,False,,,,,,,,,,,,,,,,,,,,,,,,,,,,,,,,,,,,,,,,,,,,,,,,bounded_preclose_bid_ask,,,,False,not_requested_for_horizon_or_variant,,,no_standard_contract_within_rules,event,protective_put,,no_standard_contract_within_rules,,,False,,H25,2,CL,,primary,0.015619362359120936,15.635325534849922,2025
,,,c6ee22a954c05bef75b2cceb,time_value,,,1,1,2025-05-06,2025-05-06,,,837,,,2025-05-07,838,False,,,2025-05-06,,,,,,,"{""market_momentum"": 0.10592146928435708, ""market_volatility"": 0.028035931372663383, ""momentum"": -0.007200523674449011, ""volatility"": 0.015619362359120936, ""volume_state"": 15.635325534849922}",assumed_next_daily_close,,expiry,0000021665,,0.10592146928435708,0.028035931372663383,-0.007200523674449011,,,,,,,4f515f26c7e59adec650bfcf,False,,,,,,,,,,,,,,,,,,,,,,,,,,,,,,,,,,,,,,,,,,,,,,,,bounded_preclose_bid_ask,,,,False,not_requested_for_horizon_or_variant,,,no_standard_contract_within_rules,event,protective_put,,no_standard_contract_within_rules,,,True,,H25,2,CL,,primary,0.015619362359120936,15.635325534849922,2025
,,,c794d43f1a4721e8ddde6873,time_value,,,1,1,2025-11-12,2025-11-12,,,969,,,2025-11-13,970,False,,,2025-11-12,,,,,,,"{""market_momentum"": 0.031937544357700354, ""market_volatility"": 0.007351140101515286, ""momentum"": 0.1205479452054794, ""volatility"": 0.019243413780225132, ""volume_state"": 16.5774402694871}",assumed_next_daily_close,,1,0000014272,,0.031937544357700354,0.007351140101515286,0.1205479452054794,,,,,,,e2067d880a3b447a5e772f16,False,,,,,,,,,,,,,,,,,,,,,,,,,,,,,,,,,,,,,,,,,,,,,,,,bounded_preclose_bid_ask,,,,False,not_requested_for_horizon_or_variant,,,no_standard_contract_within_rules,event,covered_call,,no_standard_contract_within_rules,,,False,,H25,2,BMY,,primary,0.019243413780225132,16.5774402694871,2025
,,,c794d43f1a4721e8ddde6873,time_value,,,1,1,2025-11-12,2025-11-12,,,969,,,2025-11-13,970,False,,,2025-11-12,,,,,,,"{""market_momentum"": 0.031937544357700354, ""market_volatility"": 0.007351140101515286, ""momentum"": 0.1205479452054794, ""volatility"": 0.019243413780225132, ""volume_state"": 16.5774402694871}",assumed_next_daily_close,,1,0000014272,,0.031937544357700354,0.007351140101515286,0.1205479452054794,,,,,,,e2067d880a3b447a5e772f16,False,,,,,,,,,,,,,,,,,,,,,,,,,,,,,,,,,,,,,,,,,,,,,,,,bounded_preclose_bid_ask,,,,False,not_requested_for_horizon_or_variant,,,no_standard_contract_within_rules,event,covered_call,,no_standard_contract_within_rules,,,True,,H25,2,BMY,,primary,0.019243413780225132,16.5774402694871,2025
,,,c794d43f1a4721e8ddde6873,time_value,,,1,1,2025-11-12,2025-11-12,,,969,,,2025-11-13,970,False,,,2025-11-12,,,,,,,"{""market_momentum"": 0.031937544357700354, ""market_volatility"": 0.007351140101515286, ""momentum"": 0.1205479452054794, ""volatility"": 0.019243413780225132, ""volume_state"": 16.5774402694871}",assumed_next_daily_close,,2,0000014272,,0.031937544357700354,0.007351140101515286,0.1205479452054794,,,,,,,e2067d880a3b447a5e772f16,False,,,,,,,,,,,,,,,,,,,,,,,,,,,,,,,,,,,,,,,,,,,,,,,,bounded_preclose_bid_ask,,,,False,not_requested_for_horizon_or_variant,,,no_standard_contract_within_rules,event,covered_call,,no_standard_contract_within_rules,,,False,,H25,2,BMY,,primary,0.019243413780225132,16.5774402694871,2025
,,,c794d43f1a4721e8ddde6873,time_value,,,1,1,2025-11-12,2025-11-12,,,969,,,2025-11-13,970,False,,,2025-11-12,,,,,,,"{""market_momentum"": 0.031937544357700354, ""market_volatility"": 0.007351140101515286, ""momentum"": 0.1205479452054794, ""volatility"": 0.019243413780225132, ""volume_state"": 16.5774402694871}",assumed_next_daily_close,,2,0000014272,,0.031937544357700354,0.007351140101515286,0.1205479452054794,,,,,,,e2067d880a3b447a5e772f16,False,,,,,,,,,,,,,,,,,,,,,,,,,,,,,,,,,,,,,,,,,,,,,,,,bounded_preclose_bid_ask,,,,False,not_requested_for_horizon_or_variant,,,no_standard_contract_within_rules,event,covered_call,,no_standard_contract_within_rules,,,True,,H25,2,BMY,,primary,0.019243413780225132,16.5774402694871,2025
,,,c794d43f1a4721e8ddde6873,time_value,,,1,1,2025-11-12,2025-11-12,,,969,,,2025-11-13,970,False,,,2025-11-12,,,,,,,"{""market_momentum"": 0.031937544357700354, ""market_volatility"": 0.007351140101515286, ""momentum"": 0.1205479452054794, ""volatility"": 0.019243413780225132, ""volume_state"": 16.5774402694871}",assumed_next_daily_close,,3,0000014272,,0.031937544357700354,0.007351140101515286,0.1205479452054794,,,,,,,e2067d880a3b447a5e772f16,False,,,,,,,,,,,,,,,,,,,,,,,,,,,,,,,,,,,,,,,,,,,,,,,,bounded_preclose_bid_ask,,,,False,not_requested_for_horizon_or_variant,,,no_standard_contract_within_rules,event,covered_call,,no_standard_contract_within_rules,,,False,,H25,2,BMY,,primary,0.019243413780225132,16.5774402694871,2025
,,,c794d43f1a4721e8ddde6873,time_value,,,1,1,2025-11-12,2025-11-12,,,969,,,2025-11-13,970,False,,,2025-11-12,,,,,,,"{""market_momentum"": 0.031937544357700354, ""market_volatility"": 0.007351140101515286, ""momentum"": 0.1205479452054794, ""volatility"": 0.019243413780225132, ""volume_state"": 16.5774402694871}",assumed_next_daily_close,,3,0000014272,,0.031937544357700354,0.007351140101515286,0.1205479452054794,,,,,,,e2067d880a3b447a5e772f16,False,,,,,,,,,,,,,,,,,,,,,,,,,,,,,,,,,,,,,,,,,,,,,,,,bounded_preclose_bid_ask,,,,False,not_requested_for_horizon_or_variant,,,no_standard_contract_within_rules,event,covered_call,,no_standard_contract_within_rules,,,True,,H25,2,BMY,,primary,0.019243413780225132,16.5774402694871,2025
,,,c794d43f1a4721e8ddde6873,time_value,,,1,1,2025-11-12,2025-11-12,,,969,,,2025-11-13,970,False,,,2025-11-12,,,,,,,"{""market_momentum"": 0.031937544357700354, ""market_volatility"": 0.007351140101515286, ""momentum"": 0.1205479452054794, ""volatility"": 0.019243413780225132, ""volume_state"": 16.5774402694871}",assumed_next_daily_close,,5,0000014272,,0.031937544357700354,0.007351140101515286,0.1205479452054794,,,,,,,e2067d880a3b447a5e772f16,False,,,,,,,,,,,,,,,,,,,,,,,,,,,,,,,,,,,,,,,,,,,,,,,,bounded_preclose_bid_ask,,,,False,not_requested_for_horizon_or_variant,,,no_standard_contract_within_rules,event,covered_call,,no_standard_contract_within_rules,,,False,,H25,2,BMY,,primary,0.019243413780225132,16.5774402694871,2025
,,,c794d43f1a4721e8ddde6873,time_value,,,1,1,2025-11-12,2025-11-12,,,969,,,2025-11-13,970,False,,,2025-11-12,,,,,,,"{""market_momentum"": 0.031937544357700354, ""market_volatility"": 0.007351140101515286, ""momentum"": 0.1205479452054794, ""volatility"": 0.019243413780225132, ""volume_state"": 16.5774402694871}",assumed_next_daily_close,,5,0000014272,,0.031937544357700354,0.007351140101515286,0.1205479452054794,,,,,,,e2067d880a3b447a5e772f16,False,,,,,,,,,,,,,,,,,,,,,,,,,,,,,,,,,,,,,,,,,,,,,,,,bounded_preclose_bid_ask,,,,False,not_requested_for_horizon_or_variant,,,no_standard_contract_within_rules,event,covered_call,,no_standard_contract_within_rules,,,True,,H25,2,BMY,,primary,0.019243413780225132,16.5774402694871,2025
,,,c794d43f1a4721e8ddde6873,time_value,,,1,1,2025-11-12,2025-11-12,,,969,,,2025-11-13,970,False,,,2025-11-12,,,,,,,"{""market_momentum"": 0.031937544357700354, ""market_volatility"": 0.007351140101515286, ""momentum"": 0.1205479452054794, ""volatility"": 0.019243413780225132, ""volume_state"": 16.5774402694871}",assumed_next_daily_close,,10,0000014272,,0.031937544357700354,0.007351140101515286,0.1205479452054794,,,,,,,e2067d880a3b447a5e772f16,False,,,,,,,,,,,,,,,,,,,,,,,,,,,,,,,,,,,,,,,,,,,,,,,,bounded_preclose_bid_ask,,,,False,not_sampled_or_missing_quotes,,,no_standard_contract_within_rules,event,covered_call,,no_standard_contract_within_rules,,,False,,H25,2,BMY,,primary,0.019243413780225132,16.5774402694871,2025
,,,c794d43f1a4721e8ddde6873,time_value,,,1,1,2025-11-12,2025-11-12,,,969,,,2025-11-13,970,False,,,2025-11-12,,,,,,,"{""market_momentum"": 0.031937544357700354, ""market_volatility"": 0.007351140101515286, ""momentum"": 0.1205479452054794, ""volatility"": 0.019243413780225132, ""volume_state"": 16.5774402694871}",assumed_next_daily_close,,10,0000014272,,0.031937544357700354,0.007351140101515286,0.1205479452054794,,,,,,,e2067d880a3b447a5e772f16,False,,,,,,,,,,,,,,,,,,,,,,,,,,,,,,,,,,,,,,,,,,,,,,,,bounded_preclose_bid_ask,,,,False,not_sampled_or_missing_quotes,,,no_standard_contract_within_rules,event,covered_call,,no_standard_contract_within_rules,,,True,,H25,2,BMY,,primary,0.019243413780225132,16.5774402694871,2025
,,,c794d43f1a4721e8ddde6873,time_value,,,1,1,2025-11-12,2025-11-12,,,969,,,2025-11-13,970,False,,,2025-11-12,,,,,,,"{""market_momentum"": 0.031937544357700354, ""market_volatility"": 0.007351140101515286, ""momentum"": 0.1205479452054794, ""volatility"": 0.019243413780225132, ""volume_state"": 16.5774402694871}",assumed_next_daily_close,,21,0000014272,,0.031937544357700354,0.007351140101515286,0.1205479452054794,,,,,,,e2067d880a3b447a5e772f16,False,,,,,,,,,,,,,,,,,,,,,,,,,,,,,,,,,,,,,,,,,,,,,,,,bounded_preclose_bid_ask,,,,False,not_requested_for_horizon_or_variant,,,no_standard_contract_within_rules,event,covered_call,,no_standard_contract_within_rules,,,False,,H25,2,BMY,,primary,0.019243413780225132,16.5774402694871,2025
,,,c794d43f1a4721e8ddde6873,time_value,,,1,1,2025-11-12,2025-11-12,,,969,,,2025-11-13,970,False,,,2025-11-12,,,,,,,"{""market_momentum"": 0.031937544357700354, ""market_volatility"": 0.007351140101515286, ""momentum"": 0.1205479452054794, ""volatility"": 0.019243413780225132, ""volume_state"": 16.5774402694871}",assumed_next_daily_close,,21,0000014272,,0.031937544357700354,0.007351140101515286,0.1205479452054794,,,,,,,e2067d880a3b447a5e772f16,False,,,,,,,,,,,,,,,,,,,,,,,,,,,,,,,,,,,,,,,,,,,,,,,,bounded_preclose_bid_ask,,,,False,not_requested_for_horizon_or_variant,,,no_standard_contract_within_rules,event,covered_call,,no_standard_contract_within_rules,,,True,,H25,2,BMY,,primary,0.019243413780225132,16.5774402694871,2025
,,,c794d43f1a4721e8ddde6873,time_value,,,1,1,2025-11-12,2025-11-12,,,969,,,2025-11-13,970,False,,,2025-11-12,,,,,,,"{""market_momentum"": 0.031937544357700354, ""market_volatility"": 0.007351140101515286, ""momentum"": 0.1205479452054794, ""volatility"": 0.019243413780225132, ""volume_state"": 16.5774402694871}",assumed_next_daily_close,,42,0000014272,,0.031937544357700354,0.007351140101515286,0.1205479452054794,,,,,,,e2067d880a3b447a5e772f16,False,,,,,,,,,,,,,,,,,,,,,,,,,,,,,,,,,,,,,,,,,,,,,,,,bounded_preclose_bid_ask,,,,False,not_requested_for_horizon_or_variant,,,no_standard_contract_within_rules,event,covered_call,,no_standard_contract_within_rules,,,False,,H25,2,BMY,,primary,0.019243413780225132,16.5774402694871,2025
,,,c794d43f1a4721e8ddde6873,time_value,,,1,1,2025-11-12,2025-11-12,,,969,,,2025-11-13,970,False,,,2025-11-12,,,,,,,"{""market_momentum"": 0.031937544357700354, ""market_volatility"": 0.007351140101515286, ""momentum"": 0.1205479452054794, ""volatility"": 0.019243413780225132, ""volume_state"": 16.5774402694871}",assumed_next_daily_close,,42,0000014272,,0.031937544357700354,0.007351140101515286,0.1205479452054794,,,,,,,e2067d880a3b447a5e772f16,False,,,,,,,,,,,,,,,,,,,,,,,,,,,,,,,,,,,,,,,,,,,,,,,,bounded_preclose_bid_ask,,,,False,not_requested_for_horizon_or_variant,,,no_standard_contract_within_rules,event,covered_call,,no_standard_contract_within_rules,,,True,,H25,2,BMY,,primary,0.019243413780225132,16.5774402694871,2025
,,,c794d43f1a4721e8ddde6873,time_value,,,1,1,2025-11-12,2025-11-12,,,969,,,2025-11-13,970,False,,,2025-11-12,,,,,,,"{""market_momentum"": 0.031937544357700354, ""market_volatility"": 0.007351140101515286, ""momentum"": 0.1205479452054794, ""volatility"": 0.019243413780225132, ""volume_state"": 16.5774402694871}",assumed_next_daily_close,,63,0000014272,,0.031937544357700354,0.007351140101515286,0.1205479452054794,,,,,,,e2067d880a3b447a5e772f16,False,,,,,,,,,,,,,,,,,,,,,,,,,,,,,,,,,,,,,,,,,,,,,,,,bounded_preclose_bid_ask,,,,False,not_requested_for_horizon_or_variant,,,no_standard_contract_within_rules,event,covered_call,,no_standard_contract_within_rules,,,False,,H25,2,BMY,,primary,0.019243413780225132,16.5774402694871,2025
,,,c794d43f1a4721e8ddde6873,time_value,,,1,1,2025-11-12,2025-11-12,,,969,,,2025-11-13,970,False,,,2025-11-12,,,,,,,"{""market_momentum"": 0.031937544357700354, ""market_volatility"": 0.007351140101515286, ""momentum"": 0.1205479452054794, ""volatility"": 0.019243413780225132, ""volume_state"": 16.5774402694871}",assumed_next_daily_close,,63,0000014272,,0.031937544357700354,0.007351140101515286,0.1205479452054794,,,,,,,e2067d880a3b447a5e772f16,False,,,,,,,,,,,,,,,,,,,,,,,,,,,,,,,,,,,,,,,,,,,,,,,,bounded_preclose_bid_ask,,,,False,not_requested_for_horizon_or_variant,,,no_standard_contract_within_rules,event,covered_call,,no_standard_contract_within_rules,,,True,,H25,2,BMY,,primary,0.019243413780225132,16.5774402694871,2025
,,,c794d43f1a4721e8ddde6873,time_value,,,1,1,2025-11-12,2025-11-12,,,969,,,2025-11-13,970,False,,,2025-11-12,,,,,,,"{""market_momentum"": 0.031937544357700354, ""market_volatility"": 0.007351140101515286, ""momentum"": 0.1205479452054794, ""volatility"": 0.019243413780225132, ""volume_state"": 16.5774402694871}",assumed_next_daily_close,,expiry,0000014272,,0.031937544357700354,0.007351140101515286,0.1205479452054794,,,,,,,e2067d880a3b447a5e772f16,False,,,,,,,,,,,,,,,,,,,,,,,,,,,,,,,,,,,,,,,,,,,,,,,,bounded_preclose_bid_ask,,,,False,not_requested_for_horizon_or_variant,,,no_standard_contract_within_rules,event,covered_call,,no_standard_contract_within_rules,,,False,,H25,2,BMY,,primary,0.019243413780225132,16.5774402694871,2025
,,,c794d43f1a4721e8ddde6873,time_value,,,1,1,2025-11-12,2025-11-12,,,969,,,2025-11-13,970,False,,,2025-11-12,,,,,,,"{""market_momentum"": 0.031937544357700354, ""market_volatility"": 0.007351140101515286, ""momentum"": 0.1205479452054794, ""volatility"": 0.019243413780225132, ""volume_state"": 16.5774402694871}",assumed_next_daily_close,,expiry,0000014272,,0.031937544357700354,0.007351140101515286,0.1205479452054794,,,,,,,e2067d880a3b447a5e772f16,False,,,,,,,,,,,,,,,,,,,,,,,,,,,,,,,,,,,,,,,,,,,,,,,,bounded_preclose_bid_ask,,,,False,not_requested_for_horizon_or_variant,,,no_standard_contract_within_rules,event,covered_call,,no_standard_contract_within_rules,,,True,,H25,2,BMY,,primary,0.019243413780225132,16.5774402694871,2025
0.05462982493144919,2022-06-14,112,d70a46332d92b518a3c40bee,time_value,42.1194,O:AMD221021C00100000,1,1,2022-06-10,2022-06-10,133,0.11126344653026789,110,0.0,0.009798689504540704,2022-06-13,111,True,2022-06-14,112,2022-06-10,176,98148812.0,2022-06-14,scheduled_exit,112,2022-10-21,"{""market_momentum"": -0.0075111394016549315, ""market_volatility"": 0.017617720334410038, ""momentum"": 0.0784804367606915, ""volatility"": 0.04275520358408988, ""volume_state"": 18.608938226403495}",assumed_next_daily_close,8699.0,1,0000002488,0,-0.0075111394016549315,0.017617720334410038,0.0784804367606915,-74.73880000000003,-0.008591654213127948,42.6194,7.35,7.25,9.999999999999964,16e3128fff38074a762f4b23,True,0.0011655011655011655,858,1.0426761531345018e-06,95907055.8,,,,,,,,,,,,,,,,,,,,,,,,,,,,,,,,,,,,,,,,,,,,bounded_preclose_bid_ask,,,,False,not_requested_for_horizon_or_variant,,,,event,covered_call,100,completed,86.99,86.99,False,0.0,H25,2,AMD,84.7388,primary,0.04275520358408988,18.608938226403495,2022
0.05462982493144919,2022-06-14,112,d70a46332d92b518a3c40bee,time_value,5.219399999999999,O:AMD221021C00100000,1,1,2022-06-10,2022-06-10,133,0.11126344653026789,110,0.0,0.0012,2022-06-13,111,True,2022-06-14,112,2022-06-10,176,98148812.0,2022-06-14,scheduled_exit,112,2022-10-21,"{""market_momentum"": -0.0075111394016549315, ""market_volatility"": 0.017617720334410038, ""momentum"": 0.0784804367606915, ""volatility"": 0.04275520358408988, ""volume_state"": 18.608938226403495}",assumed_next_daily_close,8699.0,1,0000002488,0,-0.0075111394016549315,0.017617720334410038,0.0784804367606915,-10.438799999999999,-0.0012,5.219399999999999,7.35,0.0,-0.0,16e3128fff38074a762f4b23,True,0.0011655011655011655,858,1.0426761531345018e-06,95907055.8,,,,,,,,,,,,,,,,,,,,,,,,,,,,,,,,,,,,,,,,,,,,bounded_preclose_bid_ask,,,,False,not_requested_for_horizon_or_variant,,,,event,covered_call,100,completed,86.99,86.99,True,0.0,H25,2,AMD,10.438799999999999,primary,0.04275520358408988,18.608938226403495,2022
0.05462982493144919,2022-06-15,113,d70a46332d92b518a3c40bee,time_value,43.507999999999996,O:AMD221021C00100000,1,1,2022-06-10,2022-06-10,133,0.11126344653026789,110,0.0,0.009798689504540704,2022-06-13,111,True,2022-06-15,113,2022-06-10,176,98148812.0,2022-06-15,scheduled_exit,113,2022-10-21,"{""market_momentum"": -0.0075111394016549315, ""market_volatility"": 0.017617720334410038, ""momentum"": 0.0784804367606915, ""volatility"": 0.04275520358408988, ""volume_state"": 18.608938226403495}",assumed_next_daily_close,8699.0,2,0000002488,0,-0.0075111394016549315,0.017617720334410038,0.0784804367606915,129.87259999999998,0.014929601103575121,42.6194,7.35,7.5,-15.000000000000036,16e3128fff38074a762f4b23,True,0.0011655011655011655,858,1.0426761531345018e-06,95907055.8,,,,,,,,,,,,,,,,,,,,,,,,,,,,,,,,,,,,,,,,,,,,bounded_preclose_bid_ask,,,,False,not_requested_for_horizon_or_variant,,,,event,covered_call,100,completed,86.99,89.3,False,231.0,H25,2,AMD,86.1274,primary,0.04275520358408988,18.608938226403495,2022
0.05462982493144919,2022-06-15,113,d70a46332d92b518a3c40bee,time_value,5.358,O:AMD221021C00100000,1,1,2022-06-10,2022-06-10,133,0.11126344653026789,110,0.0,0.0011999999999999943,2022-06-13,111,True,2022-06-15,113,2022-06-10,176,98148812.0,2022-06-15,scheduled_exit,113,2022-10-21,"{""market_momentum"": -0.0075111394016549315, ""market_volatility"": 0.017617720334410038, ""momentum"": 0.0784804367606915, ""volatility"": 0.04275520358408988, ""volume_state"": 18.608938226403495}",assumed_next_daily_close,8699.0,2,0000002488,0,-0.0075111394016549315,0.017617720334410038,0.0784804367606915,220.4226,0.025338843545235083,5.219399999999999,7.35,0.0,-0.0,16e3128fff38074a762f4b23,True,0.0011655011655011655,858,1.0426761531345018e-06,95907055.8,,,,,,,,,,,,,,,,,,,,,,,,,,,,,,,,,,,,,,,,,,,,bounded_preclose_bid_ask,,,,False,not_requested_for_horizon_or_variant,,,,event,covered_call,100,completed,86.99,89.3,True,231.0,H25,2,AMD,10.577399999999999,primary,0.04275520358408988,18.608938226403495,2022
0.05462982493144919,2022-06-16,114,d70a46332d92b518a3c40bee,time_value,31.322999999999997,O:AMD221021C00100000,1,1,2022-06-10,2022-06-10,133,0.11126344653026789,110,0.0,0.03999797677894011,2022-06-13,111,True,2022-06-16,114,2022-06-10,176,98148812.0,2022-06-16,scheduled_exit,114,2022-10-21,"{""market_momentum"": -0.0075111394016549315, ""market_volatility"": 0.017617720334410038, ""momentum"": 0.0784804367606915, ""volatility"": 0.04275520358408988, ""volume_state"": 18.608938226403495}",assumed_next_daily_close,8699.0,3,0000002488,0,-0.0075111394016549315,0.017617720334410038,0.0784804367606915,-347.9424,-0.03999797677894011,42.6194,7.35,5.15,219.99999999999994,16e3128fff38074a762f4b23,True,0.0011655011655011655,858,1.0426761531345018e-06,95907055.8,,,,,,,,,,,,,,,,,,,,,,,,,,,,,,,,,,,,,,,,,,,,bounded_preclose_bid_ask,,,,False,not_requested_for_horizon_or_variant,,,,event,covered_call,100,completed,86.99,82.05,False,-494.0,H25,2,AMD,73.94239999999999,primary,0.04275520358408988,18.608938226403495,2022
0.05462982493144919,2022-06-16,114,d70a46332d92b518a3c40bee,time_value,4.922999999999999,O:AMD221021C00100000,1,1,2022-06-10,2022-06-10,133,0.11126344653026789,110,0.0,0.05795406368548109,2022-06-13,111,True,2022-06-16,114,2022-06-10,176,98148812.0,2022-06-16,scheduled_exit,114,2022-10-21,"{""market_momentum"": -0.0075111394016549315, ""market_volatility"": 0.017617720334410038, ""momentum"": 0.0784804367606915, ""volatility"": 0.04275520358408988, ""volume_state"": 18.608938226403495}",assumed_next_daily_close,8699.0,3,0000002488,0,-0.0075111394016549315,0.017617720334410038,0.0784804367606915,-504.1424,-0.05795406368548109,5.219399999999999,7.35,0.0,-0.0,16e3128fff38074a762f4b23,True,0.0011655011655011655,858,1.0426761531345018e-06,95907055.8,,,,,,,,,,,,,,,,,,,,,,,,,,,,,,,,,,,,,,,,,,,,bounded_preclose_bid_ask,,,,False,not_requested_for_horizon_or_variant,,,,event,covered_call,100,completed,86.99,82.05,True,-494.0,H25,2,AMD,10.142399999999999,primary,0.04275520358408988,18.608938226403495,2022
0.05462982493144919,2022-06-21,116,d70a46332d92b518a3c40bee,time_value,29.977400000000003,O:AMD221021C00100000,1,1,2022-06-10,2022-06-10,133,0.11126344653026789,110,0.0,0.039997976778940056,2022-06-13,111,True,2022-06-21,116,2022-06-10,176,98148812.0,2022-06-21,scheduled_exit,116,2022-10-21,"{""market_momentum"": -0.0075111394016549315, ""market_volatility"": 0.017617720334410038, ""momentum"": 0.0784804367606915, ""volatility"": 0.04275520358408988, ""volume_state"": 18.608938226403495}",assumed_next_daily_close,8699.0,5,0000002488,0,-0.0075111394016549315,0.017617720334410038,0.0784804367606915,-143.59680000000006,-0.016507276698471095,42.6194,7.35,4.86,248.99999999999994,16e3128fff38074a762f4b23,True,0.0011655011655011655,858,1.0426761531345018e-06,95907055.8,,,,,,,,,,,,,,,,,,,,,,,,,,,,,,,,,,,,,,,,,,,,bounded_preclose_bid_ask,,,,False,not_requested_for_horizon_or_variant,,,,event,covered_call,100,completed,86.99,83.79,False,-320.0,H25,2,AMD,72.5968,primary,0.04275520358408988,18.608938226403495,2022
0.05462982493144919,2022-06-21,116,d70a46332d92b518a3c40bee,time_value,5.027399999999999,O:AMD221021C00100000,1,1,2022-06-10,2022-06-10,133,0.11126344653026789,110,0.0,0.06346862857799757,2022-06-13,111,True,2022-06-21,116,2022-06-10,176,98148812.0,2022-06-21,scheduled_exit,116,2022-10-21,"{""market_momentum"": -0.0075111394016549315, ""market_volatility"": 0.017617720334410038, ""momentum"": 0.0784804367606915, ""volatility"": 0.04275520358408988, ""volume_state"": 18.608938226403495}",assumed_next_daily_close,8699.0,5,0000002488,0,-0.0075111394016549315,0.017617720334410038,0.0784804367606915,-330.2468,-0.03796376595010921,5.219399999999999,7.35,0.0,-0.0,16e3128fff38074a762f4b23,True,0.0011655011655011655,858,1.0426761531345018e-06,95907055.8,,,,,,,,,,,,,,,,,,,,,,,,,,,,,,,,,,,,,,,,,,,,bounded_preclose_bid_ask,,,,False,not_requested_for_horizon_or_variant,,,,event,covered_call,100,completed,86.99,83.79,True,-320.0,H25,2,AMD,10.246799999999999,primary,0.04275520358408988,18.608938226403495,2022
0.05462982493144919,2022-06-28,121,d70a46332d92b518a3c40bee,time_value,24.046799999999998,O:AMD221021C00100000,1,1,2022-06-10,2022-06-10,133,0.11126344653026789,110,0.0,0.039997976778940056,2022-06-13,111,True,2022-06-28,121,2022-06-10,176,98148812.0,2022-06-28,scheduled_exit,121,2022-10-21,"{""market_momentum"": -0.0075111394016549315, ""market_volatility"": 0.017617720334410038, ""momentum"": 0.0784804367606915, ""volatility"": 0.04275520358408988, ""volume_state"": 18.608938226403495}",assumed_next_daily_close,8699.0,10,0000002488,0,-0.0075111394016549315,0.017617720334410038,0.0784804367606915,-323.66620000000006,-0.0372072881940453,42.6194,7.35,3.71,363.99999999999994,16e3128fff38074a762f4b23,True,0.0011655011655011655,858,1.0426761531345018e-06,95907055.8,,,,,,,,,,,,,,,,,,,,,,,,,,,,,,,,,,,,,,,,,,,,bounded_preclose_bid_ask,,,,False,decision_missing_quote,,,,event,covered_call,100,completed,86.99,80.78,False,-621.0,H25,2,AMD,66.6662,primary,0.04275520358408988,18.608938226403495,2022
0.05462982493144919,2022-06-28,121,d70a46332d92b518a3c40bee,time_value,4.8468,O:AMD221021C00100000,1,1,2022-06-10,2022-06-10,133,0.11126344653026789,110,0.0,0.07254468329693067,2022-06-13,111,True,2022-06-28,121,2022-06-10,176,98148812.0,2022-06-28,scheduled_exit,121,2022-10-21,"{""market_momentum"": -0.0075111394016549315, ""market_volatility"": 0.017617720334410038, ""momentum"": 0.0784804367606915, ""volatility"": 0.04275520358408988, ""volume_state"": 18.608938226403495}",assumed_next_daily_close,8699.0,10,0000002488,0,-0.0075111394016549315,0.017617720334410038,0.0784804367606915,-631.0662,-0.07254468329693067,5.219399999999999,7.35,0.0,-0.0,16e3128fff38074a762f4b23,True,0.0011655011655011655,858,1.0426761531345018e-06,95907055.8,,,,,,,,,,,,,,,,,,,,,,,,,,,,,,,,,,,,,,,,,,,,bounded_preclose_bid_ask,,,,False,decision_missing_quote,,,,event,covered_call,100,completed,86.99,80.78,True,-621.0,H25,2,AMD,10.066199999999998,primary,0.04275520358408988,18.608938226403495,2022
0.05462982493144919,2022-07-14,132,d70a46332d92b518a3c40bee,time_value,17.116,O:AMD221021C00100000,1,1,2022-06-10,2022-06-10,133,0.11126344653026789,110,0.0,0.09595811012760082,2022-06-13,111,True,2022-07-14,132,2022-06-10,176,98148812.0,2022-07-14,scheduled_exit,132,2022-10-21,"{""market_momentum"": -0.0075111394016549315, ""market_volatility"": 0.017617720334410038, ""momentum"": 0.0784804367606915, ""volatility"": 0.04275520358408988, ""volume_state"": 18.608938226403495}",assumed_next_daily_close,8699.0,21,0000002488,0,-0.0075111394016549315,0.017617720334410038,0.0784804367606915,-398.7354000000009,-0.04583692378434313,42.6194,7.35,2.35,500.0,16e3128fff38074a762f4b23,True,0.0011655011655011655,858,1.0426761531345018e-06,95907055.8,,,,,,,,,,,,,,,,,,,,,,,,,,,,,,,,,,,,,,,,,,,,bounded_preclose_bid_ask,,,,False,not_requested_for_horizon_or_variant,,,,event,covered_call,100,completed,86.99,78.6,False,-839.0000000000009,H25,2,AMD,59.7354,primary,0.04275520358408988,18.608938226403495,2022
0.05462982493144919,2022-07-14,132,d70a46332d92b518a3c40bee,time_value,4.715999999999999,O:AMD221021C00100000,1,1,2022-06-10,2022-06-10,133,0.11126344653026789,110,0.0,0.15422917576732958,2022-06-13,111,True,2022-07-14,132,2022-06-10,176,98148812.0,2022-07-14,scheduled_exit,132,2022-10-21,"{""market_momentum"": -0.0075111394016549315, ""market_volatility"": 0.017617720334410038, ""momentum"": 0.0784804367606915, ""volatility"": 0.04275520358408988, ""volume_state"": 18.608938226403495}",assumed_next_daily_close,8699.0,21,0000002488,0,-0.0075111394016549315,0.017617720334410038,0.0784804367606915,-848.9354000000009,-0.09758999885044269,5.219399999999999,7.35,0.0,-0.0,16e3128fff38074a762f4b23,True,0.0011655011655011655,858,1.0426761531345018e-06,95907055.8,,,,,,,,,,,,,,,,,,,,,,,,,,,,,,,,,,,,,,,,,,,,bounded_preclose_bid_ask,,,,False,not_requested_for_horizon_or_variant,,,,event,covered_call,100,completed,86.99,78.6,True,-839.0000000000009,H25,2,AMD,9.935399999999998,primary,0.04275520358408988,18.608938226403495,2022
0.05462982493144919,2022-08-12,153,d70a46332d92b518a3c40bee,time_value,50.949799999999996,O:AMD221021C00100000,1,1,2022-06-10,2022-06-10,133,0.11126344653026789,110,0.0,0.09595811012760082,2022-06-13,111,True,2022-08-12,153,2022-06-10,176,98148812.0,2022-08-12,scheduled_exit,153,2022-10-21,"{""market_momentum"": -0.0075111394016549315, ""market_volatility"": 0.017617720334410038, ""momentum"": 0.0784804367606915, ""volatility"": 0.04275520358408988, ""volume_state"": 18.608938226403495}",assumed_next_daily_close,8699.0,42,0000002488,0,-0.0075111394016549315,0.017617720334410038,0.0784804367606915,1140.4307999999999,0.13109906885848946,42.6194,7.35,8.85,-150.0,16e3128fff38074a762f4b23,True,0.0011655011655011655,858,1.0426761531345018e-06,95907055.8,,,,,,,,,,,,,,,,,,,,,,,,,,,,,,,,,,,,,,,,,,,,bounded_preclose_bid_ask,,,,False,not_requested_for_horizon_or_variant,,,,event,covered_call,100,completed,86.99,100.83,False,1384.0,H25,2,AMD,93.5692,primary,0.04275520358408988,18.608938226403495,2022
0.05462982493144919,2022-08-12,153,d70a46332d92b518a3c40bee,time_value,6.049799999999999,O:AMD221021C00100000,1,1,2022-06-10,2022-06-10,133,0.11126344653026789,110,0.0,0.15422917576732958,2022-06-13,111,True,2022-08-12,153,2022-06-10,176,98148812.0,2022-08-12,scheduled_exit,153,2022-10-21,"{""market_momentum"": -0.0075111394016549315, ""market_volatility"": 0.017617720334410038, ""momentum"": 0.0784804367606915, ""volatility"": 0.04275520358408988, ""volume_state"": 18.608938226403495}",assumed_next_daily_close,8699.0,42,0000002488,0,-0.0075111394016549315,0.017617720334410038,0.0784804367606915,1372.7308,0.15780328773422234,5.219399999999999,7.35,0.0,-0.0,16e3128fff38074a762f4b23,True,0.0011655011655011655,858,1.0426761531345018e-06,95907055.8,,,,,,,,,,,,,,,,,,,,,,,,,,,,,,,,,,,,,,,,,,,,bounded_preclose_bid_ask,,,,False,not_requested_for_horizon_or_variant,,,,event,covered_call,100,completed,86.99,100.83,True,1384.0,H25,2,AMD,11.269199999999998,primary,0.04275520358408988,18.608938226403495,2022
0.05462982493144919,2022-09-13,174,d70a46332d92b518a3c40bee,time_value,6.771799999999999,O:AMD221021C00100000,1,1,2022-06-10,2022-06-10,133,0.11126344653026789,110,0.0,0.09595811012760082,2022-06-13,111,True,2022-09-13,174,2022-06-10,176,98148812.0,2022-09-13,scheduled_exit,174,2022-10-21,"{""market_momentum"": -0.0075111394016549315, ""market_volatility"": 0.017617720334410038, ""momentum"": 0.0784804367606915, ""volatility"": 0.04275520358408988, ""volume_state"": 18.608938226403495}",assumed_next_daily_close,8699.0,63,0000002488,0,-0.0075111394016549315,0.017617720334410038,0.0784804367606915,-340.39119999999997,-0.03912992297965283,42.6194,7.35,0.3,705.0,16e3128fff38074a762f4b23,True,0.0011655011655011655,858,1.0426761531345018e-06,95907055.8,,,,,,,,,,,,,,,,,,,,,,,,,,,,,,,,,,,,,,,,,,,,bounded_preclose_bid_ask,,,,False,not_requested_for_horizon_or_variant,,,,event,covered_call,100,completed,86.99,77.03,False,-996.0,H25,2,AMD,49.3912,primary,0.04275520358408988,18.608938226403495,2022
0.05462982493144919,2022-09-13,174,d70a46332d92b518a3c40bee,time_value,4.6217999999999995,O:AMD221021C00100000,1,1,2022-06-10,2022-06-10,133,0.11126344653026789,110,0.0,0.15422917576732958,2022-06-13,111,True,2022-09-13,174,2022-06-10,176,98148812.0,2022-09-13,scheduled_exit,174,2022-10-21,"{""market_momentum"": -0.0075111394016549315, ""market_volatility"": 0.017617720334410038, ""momentum"": 0.0784804367606915, ""volatility"": 0.04275520358408988, ""volume_state"": 18.608938226403495}",assumed_next_daily_close,8699.0,63,0000002488,0,-0.0075111394016549315,0.017617720334410038,0.0784804367606915,-1005.8412,-0.1156272215197149,5.219399999999999,7.35,0.0,-0.0,16e3128fff38074a762f4b23,True,0.0011655011655011655,858,1.0426761531345018e-06,95907055.8,,,,,,,,,,,,,,,,,,,,,,,,,,,,,,,,,,,,,,,,,,,,bounded_preclose_bid_ask,,,,False,not_requested_for_horizon_or_variant,,,,event,covered_call,100,completed,86.99,77.03,True,-996.0,H25,2,AMD,9.841199999999999,primary,0.04275520358408988,18.608938226403495,2022
0.05462982493144919,2022-10-21,202,d70a46332d92b518a3c40bee,time_value,4.1792,O:AMD221021C00100000,1,1,2022-06-10,2022-06-10,133,0.11126344653026789,110,0.0,0.27792571559949414,2022-06-13,111,True,2022-10-21,202,2022-06-10,176,98148812.0,2022-10-21,expiry_worthless,202,2022-10-21,"{""market_momentum"": -0.0075111394016549315, ""market_volatility"": 0.017617720334410038, ""momentum"": 0.0784804367606915, ""volatility"": 0.04275520358408988, ""volume_state"": 18.608938226403495}",assumed_next_daily_close,8699.0,expiry,0000002488,0,-0.0075111394016549315,0.017617720334410038,0.0784804367606915,-2128.7986,-0.24471762271525463,42.6194,7.35,0.0,735.0,16e3128fff38074a762f4b23,True,0.0011655011655011655,858,1.0426761531345018e-06,95907055.8,,,,,,,,,,,,,,,,,,,,,,,,,,,,,,,,,,,,,,,,,,,,bounded_preclose_bid_ask,,,,False,not_requested_for_horizon_or_variant,,,,event,covered_call,100,completed,86.99,58.82,False,-2817.0,H25,2,AMD,46.7986,primary,0.04275520358408988,18.608938226403495,2022
0.05462982493144919,2022-10-21,202,d70a46332d92b518a3c40bee,time_value,3.5292,O:AMD221021C00100000,1,1,2022-06-10,2022-06-10,133,0.11126344653026789,110,0.0,0.3579234164846534,2022-06-13,111,True,2022-10-21,202,2022-06-10,176,98148812.0,2022-10-21,scheduled_exit,202,2022-10-21,"{""market_momentum"": -0.0075111394016549315, ""market_volatility"": 0.017617720334410038, ""momentum"": 0.0784804367606915, ""volatility"": 0.04275520358408988, ""volume_state"": 18.608938226403495}",assumed_next_daily_close,8699.0,expiry,0000002488,0,-0.0075111394016549315,0.017617720334410038,0.0784804367606915,-2825.7486,-0.3248360271295551,5.219399999999999,7.35,0.0,-0.0,16e3128fff38074a762f4b23,True,0.0011655011655011655,858,1.0426761531345018e-06,95907055.8,,,,,,,,,,,,,,,,,,,,,,,,,,,,,,,,,,,,,,,,,,,,bounded_preclose_bid_ask,,,,False,not_requested_for_horizon_or_variant,,,,event,covered_call,100,completed,86.99,58.82,True,-2817.0,H25,2,AMD,8.7486,primary,0.04275520358408988,18.608938226403495,2022
,,,dd60be3d2a7dff5bb7c5e830,time_value,,,1,1,2022-03-11,2022-03-11,,,47,,,2022-03-14,48,False,,,2022-09-15,,,,,,,"{""market_momentum"": -0.08189447917122006, ""market_volatility"": 0.015614521407956999, ""momentum"": -0.0446362629246676, ""volatility"": 0.032045135140125455, ""volume_state"": 15.384630684061268}",assumed_next_daily_close,,1,0000027419,,-0.08189447917122006,0.015614521407956999,-0.0446362629246676,,,,,,,e7dca130c5906d0fa5ea6d1b,False,,,,,,,,,,,,,,,,,,,,,,,,,,,,,,,,,,,,,,,,,,,,,,,,bounded_preclose_bid_ask,,,,False,not_requested_for_horizon_or_variant,,,no_standard_contract_within_rules,ordinary,covered_call,,no_standard_contract_within_rules,,,False,,H25,2,TGT,,primary,0.032045135140125455,15.384630684061268,2022
,,,dd60be3d2a7dff5bb7c5e830,time_value,,,1,1,2022-03-11,2022-03-11,,,47,,,2022-03-14,48,False,,,2022-09-15,,,,,,,"{""market_momentum"": -0.08189447917122006, ""market_volatility"": 0.015614521407956999, ""momentum"": -0.0446362629246676, ""volatility"": 0.032045135140125455, ""volume_state"": 15.384630684061268}",assumed_next_daily_close,,1,0000027419,,-0.08189447917122006,0.015614521407956999,-0.0446362629246676,,,,,,,e7dca130c5906d0fa5ea6d1b,False,,,,,,,,,,,,,,,,,,,,,,,,,,,,,,,,,,,,,,,,,,,,,,,,bounded_preclose_bid_ask,,,,False,not_requested_for_horizon_or_variant,,,no_standard_contract_within_rules,ordinary,covered_call,,no_standard_contract_within_rules,,,True,,H25,2,TGT,,primary,0.032045135140125455,15.384630684061268,2022
,,,dd60be3d2a7dff5bb7c5e830,time_value,,,1,1,2022-03-11,2022-03-11,,,47,,,2022-03-14,48,False,,,2022-09-15,,,,,,,"{""market_momentum"": -0.08189447917122006, ""market_volatility"": 0.015614521407956999, ""momentum"": -0.0446362629246676, ""volatility"": 0.032045135140125455, ""volume_state"": 15.384630684061268}",assumed_next_daily_close,,2,0000027419,,-0.08189447917122006,0.015614521407956999,-0.0446362629246676,,,,,,,e7dca130c5906d0fa5ea6d1b,False,,,,,,,,,,,,,,,,,,,,,,,,,,,,,,,,,,,,,,,,,,,,,,,,bounded_preclose_bid_ask,,,,False,not_requested_for_horizon_or_variant,,,no_standard_contract_within_rules,ordinary,covered_call,,no_standard_contract_within_rules,,,False,,H25,2,TGT,,primary,0.032045135140125455,15.384630684061268,2022
,,,dd60be3d2a7dff5bb7c5e830,time_value,,,1,1,2022-03-11,2022-03-11,,,47,,,2022-03-14,48,False,,,2022-09-15,,,,,,,"{""market_momentum"": -0.08189447917122006, ""market_volatility"": 0.015614521407956999, ""momentum"": -0.0446362629246676, ""volatility"": 0.032045135140125455, ""volume_state"": 15.384630684061268}",assumed_next_daily_close,,2,0000027419,,-0.08189447917122006,0.015614521407956999,-0.0446362629246676,,,,,,,e7dca130c5906d0fa5ea6d1b,False,,,,,,,,,,,,,,,,,,,,,,,,,,,,,,,,,,,,,,,,,,,,,,,,bounded_preclose_bid_ask,,,,False,not_requested_for_horizon_or_variant,,,no_standard_contract_within_rules,ordinary,covered_call,,no_standard_contract_within_rules,,,True,,H25,2,TGT,,primary,0.032045135140125455,15.384630684061268,2022
,,,dd60be3d2a7dff5bb7c5e830,time_value,,,1,1,2022-03-11,2022-03-11,,,47,,,2022-03-14,48,False,,,2022-09-15,,,,,,,"{""market_momentum"": -0.08189447917122006, ""market_volatility"": 0.015614521407956999, ""momentum"": -0.0446362629246676, ""volatility"": 0.032045135140125455, ""volume_state"": 15.384630684061268}",assumed_next_daily_close,,3,0000027419,,-0.08189447917122006,0.015614521407956999,-0.0446362629246676,,,,,,,e7dca130c5906d0fa5ea6d1b,False,,,,,,,,,,,,,,,,,,,,,,,,,,,,,,,,,,,,,,,,,,,,,,,,bounded_preclose_bid_ask,,,,False,not_requested_for_horizon_or_variant,,,no_standard_contract_within_rules,ordinary,covered_call,,no_standard_contract_within_rules,,,False,,H25,2,TGT,,primary,0.032045135140125455,15.384630684061268,2022
,,,dd60be3d2a7dff5bb7c5e830,time_value,,,1,1,2022-03-11,2022-03-11,,,47,,,2022-03-14,48,False,,,2022-09-15,,,,,,,"{""market_momentum"": -0.08189447917122006, ""market_volatility"": 0.015614521407956999, ""momentum"": -0.0446362629246676, ""volatility"": 0.032045135140125455, ""volume_state"": 15.384630684061268}",assumed_next_daily_close,,3,0000027419,,-0.08189447917122006,0.015614521407956999,-0.0446362629246676,,,,,,,e7dca130c5906d0fa5ea6d1b,False,,,,,,,,,,,,,,,,,,,,,,,,,,,,,,,,,,,,,,,,,,,,,,,,bounded_preclose_bid_ask,,,,False,not_requested_for_horizon_or_variant,,,no_standard_contract_within_rules,ordinary,covered_call,,no_standard_contract_within_rules,,,True,,H25,2,TGT,,primary,0.032045135140125455,15.384630684061268,2022
,,,dd60be3d2a7dff5bb7c5e830,time_value,,,1,1,2022-03-11,2022-03-11,,,47,,,2022-03-14,48,False,,,2022-09-15,,,,,,,"{""market_momentum"": -0.08189447917122006, ""market_volatility"": 0.015614521407956999, ""momentum"": -0.0446362629246676, ""volatility"": 0.032045135140125455, ""volume_state"": 15.384630684061268}",assumed_next_daily_close,,5,0000027419,,-0.08189447917122006,0.015614521407956999,-0.0446362629246676,,,,,,,e7dca130c5906d0fa5ea6d1b,False,,,,,,,,,,,,,,,,,,,,,,,,,,,,,,,,,,,,,,,,,,,,,,,,bounded_preclose_bid_ask,,,,False,not_requested_for_horizon_or_variant,,,no_standard_contract_within_rules,ordinary,covered_call,,no_standard_contract_within_rules,,,False,,H25,2,TGT,,primary,0.032045135140125455,15.384630684061268,2022
,,,dd60be3d2a7dff5bb7c5e830,time_value,,,1,1,2022-03-11,2022-03-11,,,47,,,2022-03-14,48,False,,,2022-09-15,,,,,,,"{""market_momentum"": -0.08189447917122006, ""market_volatility"": 0.015614521407956999, ""momentum"": -0.0446362629246676, ""volatility"": 0.032045135140125455, ""volume_state"": 15.384630684061268}",assumed_next_daily_close,,5,0000027419,,-0.08189447917122006,0.015614521407956999,-0.0446362629246676,,,,,,,e7dca130c5906d0fa5ea6d1b,False,,,,,,,,,,,,,,,,,,,,,,,,,,,,,,,,,,,,,,,,,,,,,,,,bounded_preclose_bid_ask,,,,False,not_requested_for_horizon_or_variant,,,no_standard_contract_within_rules,ordinary,covered_call,,no_standard_contract_within_rules,,,True,,H25,2,TGT,,primary,0.032045135140125455,15.384630684061268,2022
,,,dd60be3d2a7dff5bb7c5e830,time_value,,,1,1,2022-03-11,2022-03-11,,,47,,,2022-03-14,48,False,,,2022-09-15,,,,,,,"{""market_momentum"": -0.08189447917122006, ""market_volatility"": 0.015614521407956999, ""momentum"": -0.0446362629246676, ""volatility"": 0.032045135140125455, ""volume_state"": 15.384630684061268}",assumed_next_daily_close,,10,0000027419,,-0.08189447917122006,0.015614521407956999,-0.0446362629246676,,,,,,,e7dca130c5906d0fa5ea6d1b,False,,,,,,,,,,,,,,,,,,,,,,,,,,,,,,,,,,,,,,,,,,,,,,,,bounded_preclose_bid_ask,,,,False,not_sampled_or_missing_quotes,,,no_standard_contract_within_rules,ordinary,covered_call,,no_standard_contract_within_rules,,,False,,H25,2,TGT,,primary,0.032045135140125455,15.384630684061268,2022
,,,dd60be3d2a7dff5bb7c5e830,time_value,,,1,1,2022-03-11,2022-03-11,,,47,,,2022-03-14,48,False,,,2022-09-15,,,,,,,"{""market_momentum"": -0.08189447917122006, ""market_volatility"": 0.015614521407956999, ""momentum"": -0.0446362629246676, ""volatility"": 0.032045135140125455, ""volume_state"": 15.384630684061268}",assumed_next_daily_close,,10,0000027419,,-0.08189447917122006,0.015614521407956999,-0.0446362629246676,,,,,,,e7dca130c5906d0fa5ea6d1b,False,,,,,,,,,,,,,,,,,,,,,,,,,,,,,,,,,,,,,,,,,,,,,,,,bounded_preclose_bid_ask,,,,False,not_sampled_or_missing_quotes,,,no_standard_contract_within_rules,ordinary,covered_call,,no_standard_contract_within_rules,,,True,,H25,2,TGT,,primary,0.032045135140125455,15.384630684061268,2022
,,,dd60be3d2a7dff5bb7c5e830,time_value,,,1,1,2022-03-11,2022-03-11,,,47,,,2022-03-14,48,False,,,2022-09-15,,,,,,,"{""market_momentum"": -0.08189447917122006, ""market_volatility"": 0.015614521407956999, ""momentum"": -0.0446362629246676, ""volatility"": 0.032045135140125455, ""volume_state"": 15.384630684061268}",assumed_next_daily_close,,21,0000027419,,-0.08189447917122006,0.015614521407956999,-0.0446362629246676,,,,,,,e7dca130c5906d0fa5ea6d1b,False,,,,,,,,,,,,,,,,,,,,,,,,,,,,,,,,,,,,,,,,,,,,,,,,bounded_preclose_bid_ask,,,,False,not_requested_for_horizon_or_variant,,,no_standard_contract_within_rules,ordinary,covered_call,,no_standard_contract_within_rules,,,False,,H25,2,TGT,,primary,0.032045135140125455,15.384630684061268,2022
,,,dd60be3d2a7dff5bb7c5e830,time_value,,,1,1,2022-03-11,2022-03-11,,,47,,,2022-03-14,48,False,,,2022-09-15,,,,,,,"{""market_momentum"": -0.08189447917122006, ""market_volatility"": 0.015614521407956999, ""momentum"": -0.0446362629246676, ""volatility"": 0.032045135140125455, ""volume_state"": 15.384630684061268}",assumed_next_daily_close,,21,0000027419,,-0.08189447917122006,0.015614521407956999,-0.0446362629246676,,,,,,,e7dca130c5906d0fa5ea6d1b,False,,,,,,,,,,,,,,,,,,,,,,,,,,,,,,,,,,,,,,,,,,,,,,,,bounded_preclose_bid_ask,,,,False,not_requested_for_horizon_or_variant,,,no_standard_contract_within_rules,ordinary,covered_call,,no_standard_contract_within_rules,,,True,,H25,2,TGT,,primary,0.032045135140125455,15.384630684061268,2022
,,,dd60be3d2a7dff5bb7c5e830,time_value,,,1,1,2022-03-11,2022-03-11,,,47,,,2022-03-14,48,False,,,2022-09-15,,,,,,,"{""market_momentum"": -0.08189447917122006, ""market_volatility"": 0.015614521407956999, ""momentum"": -0.0446362629246676, ""volatility"": 0.032045135140125455, ""volume_state"": 15.384630684061268}",assumed_next_daily_close,,42,0000027419,,-0.08189447917122006,0.015614521407956999,-0.0446362629246676,,,,,,,e7dca130c5906d0fa5ea6d1b,False,,,,,,,,,,,,,,,,,,,,,,,,,,,,,,,,,,,,,,,,,,,,,,,,bounded_preclose_bid_ask,,,,False,not_requested_for_horizon_or_variant,,,no_standard_contract_within_rules,ordinary,covered_call,,no_standard_contract_within_rules,,,False,,H25,2,TGT,,primary,0.032045135140125455,15.384630684061268,2022
,,,dd60be3d2a7dff5bb7c5e830,time_value,,,1,1,2022-03-11,2022-03-11,,,47,,,2022-03-14,48,False,,,2022-09-15,,,,,,,"{""market_momentum"": -0.08189447917122006, ""market_volatility"": 0.015614521407956999, ""momentum"": -0.0446362629246676, ""volatility"": 0.032045135140125455, ""volume_state"": 15.384630684061268}",assumed_next_daily_close,,42,0000027419,,-0.08189447917122006,0.015614521407956999,-0.0446362629246676,,,,,,,e7dca130c5906d0fa5ea6d1b,False,,,,,,,,,,,,,,,,,,,,,,,,,,,,,,,,,,,,,,,,,,,,,,,,bounded_preclose_bid_ask,,,,False,not_requested_for_horizon_or_variant,,,no_standard_contract_within_rules,ordinary,covered_call,,no_standard_contract_within_rules,,,True,,H25,2,TGT,,primary,0.032045135140125455,15.384630684061268,2022
,,,dd60be3d2a7dff5bb7c5e830,time_value,,,1,1,2022-03-11,2022-03-11,,,47,,,2022-03-14,48,False,,,2022-09-15,,,,,,,"{""market_momentum"": -0.08189447917122006, ""market_volatility"": 0.015614521407956999, ""momentum"": -0.0446362629246676, ""volatility"": 0.032045135140125455, ""volume_state"": 15.384630684061268}",assumed_next_daily_close,,63,0000027419,,-0.08189447917122006,0.015614521407956999,-0.0446362629246676,,,,,,,e7dca130c5906d0fa5ea6d1b,False,,,,,,,,,,,,,,,,,,,,,,,,,,,,,,,,,,,,,,,,,,,,,,,,bounded_preclose_bid_ask,,,,False,not_requested_for_horizon_or_variant,,,no_standard_contract_within_rules,ordinary,covered_call,,no_standard_contract_within_rules,,,False,,H25,2,TGT,,primary,0.032045135140125455,15.384630684061268,2022
,,,dd60be3d2a7dff5bb7c5e830,time_value,,,1,1,2022-03-11,2022-03-11,,,47,,,2022-03-14,48,False,,,2022-09-15,,,,,,,"{""market_momentum"": -0.08189447917122006, ""market_volatility"": 0.015614521407956999, ""momentum"": -0.0446362629246676, ""volatility"": 0.032045135140125455, ""volume_state"": 15.384630684061268}",assumed_next_daily_close,,63,0000027419,,-0.08189447917122006,0.015614521407956999,-0.0446362629246676,,,,,,,e7dca130c5906d0fa5ea6d1b,False,,,,,,,,,,,,,,,,,,,,,,,,,,,,,,,,,,,,,,,,,,,,,,,,bounded_preclose_bid_ask,,,,False,not_requested_for_horizon_or_variant,,,no_standard_contract_within_rules,ordinary,covered_call,,no_standard_contract_within_rules,,,True,,H25,2,TGT,,primary,0.032045135140125455,15.384630684061268,2022
,,,dd60be3d2a7dff5bb7c5e830,time_value,,,1,1,2022-03-11,2022-03-11,,,47,,,2022-03-14,48,False,,,2022-09-15,,,,,,,"{""market_momentum"": -0.08189447917122006, ""market_volatility"": 0.015614521407956999, ""momentum"": -0.0446362629246676, ""volatility"": 0.032045135140125455, ""volume_state"": 15.384630684061268}",assumed_next_daily_close,,expiry,0000027419,,-0.08189447917122006,0.015614521407956999,-0.0446362629246676,,,,,,,e7dca130c5906d0fa5ea6d1b,False,,,,,,,,,,,,,,,,,,,,,,,,,,,,,,,,,,,,,,,,,,,,,,,,bounded_preclose_bid_ask,,,,False,not_requested_for_horizon_or_variant,,,no_standard_contract_within_rules,ordinary,covered_call,,no_standard_contract_within_rules,,,False,,H25,2,TGT,,primary,0.032045135140125455,15.384630684061268,2022
,,,dd60be3d2a7dff5bb7c5e830,time_value,,,1,1,2022-03-11,2022-03-11,,,47,,,2022-03-14,48,False,,,2022-09-15,,,,,,,"{""market_momentum"": -0.08189447917122006, ""market_volatility"": 0.015614521407956999, ""momentum"": -0.0446362629246676, ""volatility"": 0.032045135140125455, ""volume_state"": 15.384630684061268}",assumed_next_daily_close,,expiry,0000027419,,-0.08189447917122006,0.015614521407956999,-0.0446362629246676,,,,,,,e7dca130c5906d0fa5ea6d1b,False,,,,,,,,,,,,,,,,,,,,,,,,,,,,,,,,,,,,,,,,,,,,,,,,bounded_preclose_bid_ask,,,,False,not_requested_for_horizon_or_variant,,,no_standard_contract_within_rules,ordinary,covered_call,,no_standard_contract_within_rules,,,True,,H25,2,TGT,,primary,0.032045135140125455,15.384630684061268,2022
0.056819594678602314,2022-08-09,150,e7fb63e227a63dcc7cc5cf8d,time_value,14.2036,O:CL221118C00085000,1,1,2022-08-05,2022-08-05,105,0.01864975755315181,148,0.0,0.01162630862517015,2022-08-08,149,True,2022-08-09,150,2022-08-05,12,5039728.0,2022-08-09,scheduled_exit,150,2022-11-18,"{""market_momentum"": 0.06293220905421748, ""market_volatility"": 0.01219475356589377, ""momentum"": 0.012207399949660358, ""volatility"": 0.011708140196472384, ""volume_state"": 15.373435633116054}",assumed_next_daily_close,8081.0,1,0000021665,0,0.06293220905421748,0.01219475356589377,0.012207399949660358,-93.95219999999998,-0.01162630862517015,14.7486,1.85,1.75,10.000000000000009,4c124bd81b02f5f0f52ec19c,True,0.0007849293563579278,1274,1.2673289812411232e-05,7890611.0,,,,,,,,,,,,,,,,,,,,,,,,,,,,,,,,,,,,,,,,,,,,bounded_preclose_bid_ask,,,,False,not_requested_for_horizon_or_variant,,,,event,covered_call,100,completed,80.81,80.06,False,-75.0,H25,2,CL,28.952199999999998,primary,0.011708140196472384,15.373435633116054,2022
0.056819594678602314,2022-08-09,150,e7fb63e227a63dcc7cc5cf8d,time_value,4.803599999999999,O:CL221118C00085000,1,1,2022-08-05,2022-08-05,105,0.01864975755315181,148,0.0,0.010475460957802253,2022-08-08,149,True,2022-08-09,150,2022-08-05,12,5039728.0,2022-08-09,scheduled_exit,150,2022-11-18,"{""market_momentum"": 0.06293220905421748, ""market_volatility"": 0.01219475356589377, ""momentum"": 0.012207399949660358, ""volatility"": 0.011708140196472384, ""volume_state"": 15.373435633116054}",assumed_next_daily_close,8081.0,1,0000021665,0,0.06293220905421748,0.01219475356589377,0.012207399949660358,-84.65220000000001,-0.010475460957802253,4.848599999999999,1.85,0.0,-0.0,4c124bd81b02f5f0f52ec19c,True,0.0007849293563579278,1274,1.2673289812411232e-05,7890611.0,,,,,,,,,,,,,,,,,,,,,,,,,,,,,,,,,,,,,,,,,,,,bounded_preclose_bid_ask,,,,False,not_requested_for_horizon_or_variant,,,,event,covered_call,100,completed,80.81,80.06,True,-75.0,H25,2,CL,9.652199999999999,primary,0.011708140196472384,15.373435633116054,2022
0.056819594678602314,2022-08-10,151,e7fb63e227a63dcc7cc5cf8d,time_value,13.4704,O:CL221118C00085000,1,1,2022-08-05,2022-08-05,105,0.01864975755315181,148,0.0,0.011626308625170138,2022-08-08,149,True,2022-08-10,151,2022-08-05,12,5039728.0,2022-08-10,scheduled_exit,151,2022-11-18,"{""market_momentum"": 0.06293220905421748, ""market_volatility"": 0.01219475356589377, ""momentum"": 0.012207399949660358, ""volatility"": 0.011708140196472384, ""volume_state"": 15.373435633116054}",assumed_next_daily_close,8081.0,2,0000021665,0,0.06293220905421748,0.01219475356589377,0.012207399949660358,-50.218999999999994,-0.006214453656725652,14.7486,1.85,1.6,25.0,4c124bd81b02f5f0f52ec19c,True,0.0007849293563579278,1274,1.2673289812411232e-05,7890611.0,,,,,,,,,,,,,,,,,,,,,,,,,,,,,,,,,,,,,,,,,,,,bounded_preclose_bid_ask,,,,False,not_requested_for_horizon_or_variant,,,,event,covered_call,100,completed,80.81,80.34,False,-47.0,H25,2,CL,28.219,primary,0.011708140196472384,15.373435633116054,2022
0.056819594678602314,2022-08-10,151,e7fb63e227a63dcc7cc5cf8d,time_value,4.820399999999999,O:CL221118C00085000,1,1,2022-08-05,2022-08-05,105,0.01864975755315181,148,0.0,0.010475460957802284,2022-08-08,149,True,2022-08-10,151,2022-08-05,12,5039728.0,2022-08-10,scheduled_exit,151,2022-11-18,"{""market_momentum"": 0.06293220905421748, ""market_volatility"": 0.01219475356589377, ""momentum"": 0.012207399949660358, ""volatility"": 0.011708140196472384, ""volume_state"": 15.373435633116054}",assumed_next_daily_close,8081.0,2,0000021665,0,0.06293220905421748,0.01219475356589377,0.012207399949660358,-56.669,-0.007012622200222744,4.848599999999999,1.85,0.0,-0.0,4c124bd81b02f5f0f52ec19c,True,0.0007849293563579278,1274,1.2673289812411232e-05,7890611.0,,,,,,,,,,,,,,,,,,,,,,,,,,,,,,,,,,,,,,,,,,,,bounded_preclose_bid_ask,,,,False,not_requested_for_horizon_or_variant,,,,event,covered_call,100,completed,80.81,80.34,True,-47.0,H25,2,CL,9.668999999999999,primary,0.011708140196472384,15.373435633116054,2022
0.056819594678602314,2022-08-11,152,e7fb63e227a63dcc7cc5cf8d,time_value,12.92,O:CL221118C00085000,1,1,2022-08-05,2022-08-05,105,0.01864975755315181,148,0.0,0.015303625788887514,2022-08-08,149,True,2022-08-11,152,2022-08-05,12,5039728.0,2022-08-11,scheduled_exit,152,2022-11-18,"{""market_momentum"": 0.06293220905421748, ""market_volatility"": 0.01219475356589377, ""momentum"": 0.012207399949660358, ""volatility"": 0.011708140196472384, ""volume_state"": 15.373435633116054}",assumed_next_daily_close,8081.0,3,0000021665,0,0.06293220905421748,0.01219475356589377,0.012207399949660358,-123.6686,-0.015303625788887514,14.7486,1.85,1.5,35.00000000000001,4c124bd81b02f5f0f52ec19c,True,0.0007849293563579278,1274,1.2673289812411232e-05,7890611.0,,,,,,,,,,,,,,,,,,,,,,,,,,,,,,,,,,,,,,,,,,,,bounded_preclose_bid_ask,,,,False,not_requested_for_horizon_or_variant,,,,event,covered_call,100,completed,80.81,79.5,False,-131.0,H25,2,CL,27.668599999999998,primary,0.011708140196472384,15.373435633116054,2022
0.056819594678602314,2022-08-11,152,e7fb63e227a63dcc7cc5cf8d,time_value,4.77,O:CL221118C00085000,1,1,2022-08-05,2022-08-05,105,0.01864975755315181,148,0.0,0.017401138472961267,2022-08-08,149,True,2022-08-11,152,2022-08-05,12,5039728.0,2022-08-11,scheduled_exit,152,2022-11-18,"{""market_momentum"": 0.06293220905421748, ""market_volatility"": 0.01219475356589377, ""momentum"": 0.012207399949660358, ""volatility"": 0.011708140196472384, ""volume_state"": 15.373435633116054}",assumed_next_daily_close,8081.0,3,0000021665,0,0.06293220905421748,0.01219475356589377,0.012207399949660358,-140.61860000000001,-0.017401138472961267,4.848599999999999,1.85,0.0,-0.0,4c124bd81b02f5f0f52ec19c,True,0.0007849293563579278,1274,1.2673289812411232e-05,7890611.0,,,,,,,,,,,,,,,,,,,,,,,,,,,,,,,,,,,,,,,,,,,,bounded_preclose_bid_ask,,,,False,not_requested_for_horizon_or_variant,,,,event,covered_call,100,completed,80.81,79.5,True,-131.0,H25,2,CL,9.618599999999999,primary,0.011708140196472384,15.373435633116054,2022
0.056819594678602314,2022-08-15,154,e7fb63e227a63dcc7cc5cf8d,time_value,13.7744,O:CL221118C00085000,1,1,2022-08-05,2022-08-05,105,0.01864975755315181,148,0.0,0.015303625788887502,2022-08-08,149,True,2022-08-15,154,2022-08-05,12,5039728.0,2022-08-15,scheduled_exit,154,2022-11-18,"{""market_momentum"": 0.06293220905421748, ""market_volatility"": 0.01219475356589377, ""momentum"": 0.012207399949660358, ""volatility"": 0.011708140196472384, ""volume_state"": 15.373435633116054}",assumed_next_daily_close,8081.0,5,0000021665,0,0.06293220905421748,0.01219475356589377,0.012207399949660358,34.47699999999911,0.004266427422348609,14.7486,1.85,1.65,20.000000000000018,4c124bd81b02f5f0f52ec19c,True,0.0007849293563579278,1274,1.2673289812411232e-05,7890611.0,,,,,,,,,,,,,,,,,,,,,,,,,,,,,,,,,,,,,,,,,,,,bounded_preclose_bid_ask,,,,False,not_requested_for_horizon_or_variant,,,,event,covered_call,100,completed,80.81,81.24,False,42.99999999999909,H25,2,CL,28.523,primary,0.011708140196472384,15.373435633116054,2022
0.056819594678602314,2022-08-15,154,e7fb63e227a63dcc7cc5cf8d,time_value,4.874399999999999,O:CL221118C00085000,1,1,2022-08-05,2022-08-05,105,0.01864975755315181,148,0.0,0.017401138472961302,2022-08-08,149,True,2022-08-15,154,2022-08-05,12,5039728.0,2022-08-15,scheduled_exit,154,2022-11-18,"{""market_momentum"": 0.06293220905421748, ""market_volatility"": 0.01219475356589377, ""momentum"": 0.012207399949660358, ""volatility"": 0.011708140196472384, ""volume_state"": 15.373435633116054}",assumed_next_daily_close,8081.0,5,0000021665,0,0.06293220905421748,0.01219475356589377,0.012207399949660358,33.27699999999909,0.004117930949139845,4.848599999999999,1.85,0.0,-0.0,4c124bd81b02f5f0f52ec19c,True,0.0007849293563579278,1274,1.2673289812411232e-05,7890611.0,,,,,,,,,,,,,,,,,,,,,,,,,,,,,,,,,,,,,,,,,,,,bounded_preclose_bid_ask,,,,False,not_requested_for_horizon_or_variant,,,,event,covered_call,100,completed,80.81,81.24,True,42.99999999999909,H25,2,CL,9.722999999999999,primary,0.011708140196472384,15.373435633116054,2022
0.056819594678602314,2022-08-22,159,e7fb63e227a63dcc7cc5cf8d,time_value,15.817599999999999,O:CL221118C00085000,1,1,2022-08-05,2022-08-05,105,0.01864975755315181,148,0.0,0.015303625788887502,2022-08-08,149,True,2022-08-22,159,2022-08-05,12,5039728.0,2022-08-22,scheduled_exit,159,2022-11-18,"{""market_momentum"": 0.06293220905421748, ""market_volatility"": 0.01219475356589377, ""momentum"": 0.012207399949660358, ""volatility"": 0.011708140196472384, ""volume_state"": 15.373435633116054}",assumed_next_daily_close,8081.0,10,0000021665,0,0.06293220905421748,0.01219475356589377,0.012207399949660358,64.43380000000003,0.00797349337953224,14.7486,1.85,2.05,-19.99999999999997,4c124bd81b02f5f0f52ec19c,True,0.0007849293563579278,1274,1.2673289812411232e-05,7890611.0,,,,,,,,,,,,,,,,,,,,,,,,,,,,,,,,,,,,,,,,,,,,bounded_preclose_bid_ask,,,,False,decision_missing_or_stale_quote,,,,event,covered_call,100,completed,80.81,81.96,False,115.0,H25,2,CL,30.5662,primary,0.011708140196472384,15.373435633116054,2022
0.056819594678602314,2022-08-22,159,e7fb63e227a63dcc7cc5cf8d,time_value,4.917599999999999,O:CL221118C00085000,1,1,2022-08-05,2022-08-05,105,0.01864975755315181,148,0.0,0.017401138472961302,2022-08-08,149,True,2022-08-22,159,2022-08-05,12,5039728.0,2022-08-22,scheduled_exit,159,2022-11-18,"{""market_momentum"": 0.06293220905421748, ""market_volatility"": 0.01219475356589377, ""momentum"": 0.012207399949660358, ""volatility"": 0.011708140196472384, ""volume_state"": 15.373435633116054}",assumed_next_daily_close,8081.0,10,0000021665,0,0.06293220905421748,0.01219475356589377,0.012207399949660358,105.2338,0.013022373468630121,4.848599999999999,1.85,0.0,-0.0,4c124bd81b02f5f0f52ec19c,True,0.0007849293563579278,1274,1.2673289812411232e-05,7890611.0,,,,,,,,,,,,,,,,,,,,,,,,,,,,,,,,,,,,,,,,,,,,bounded_preclose_bid_ask,,,,False,decision_missing_or_stale_quote,,,,event,covered_call,100,completed,80.81,81.96,True,115.0,H25,2,CL,9.766199999999998,primary,0.011708140196472384,15.373435633116054,2022
0.056819594678602314,2022-09-07,170,e7fb63e227a63dcc7cc5cf8d,time_value,9.613,O:CL221118C00085000,1,1,2022-08-05,2022-08-05,105,0.01864975755315181,148,0.0,0.02825328548446973,2022-08-08,149,True,2022-09-07,170,2022-08-05,12,5039728.0,2022-09-07,scheduled_exit,170,2022-11-18,"{""market_momentum"": 0.06293220905421748, ""market_volatility"": 0.01219475356589377, ""momentum"": 0.012207399949660358, ""volatility"": 0.011708140196472384, ""volume_state"": 15.373435633116054}",assumed_next_daily_close,8081.0,21,0000021665,0,0.06293220905421748,0.01219475356589377,0.012207399949660358,-150.3616,-0.018606806088355403,14.7486,1.85,0.85,100.0,4c124bd81b02f5f0f52ec19c,True,0.0007849293563579278,1274,1.2673289812411232e-05,7890611.0,,,,,,,,,,,,,,,,,,,,,,,,,,,,,,,,,,,,,,,,,,,,bounded_preclose_bid_ask,,,,False,not_requested_for_horizon_or_variant,,,,event,covered_call,100,completed,80.81,78.55,False,-226.0,H25,2,CL,24.3616,primary,0.011708140196472384,15.373435633116054,2022
0.056819594678602314,2022-09-07,170,e7fb63e227a63dcc7cc5cf8d,time_value,4.712999999999999,O:CL221118C00085000,1,1,2022-08-05,2022-08-05,105,0.01864975755315181,148,0.0,0.038796535082291826,2022-08-08,149,True,2022-09-07,170,2022-08-05,12,5039728.0,2022-09-07,scheduled_exit,170,2022-11-18,"{""market_momentum"": 0.06293220905421748, ""market_volatility"": 0.01219475356589377, ""momentum"": 0.012207399949660358, ""volatility"": 0.011708140196472384, ""volume_state"": 15.373435633116054}",assumed_next_daily_close,8081.0,21,0000021665,0,0.06293220905421748,0.01219475356589377,0.012207399949660358,-235.5616,-0.029150055686177453,4.848599999999999,1.85,0.0,-0.0,4c124bd81b02f5f0f52ec19c,True,0.0007849293563579278,1274,1.2673289812411232e-05,7890611.0,,,,,,,,,,,,,,,,,,,,,,,,,,,,,,,,,,,,,,,,,,,,bounded_preclose_bid_ask,,,,False,not_requested_for_horizon_or_variant,,,,event,covered_call,100,completed,80.81,78.55,True,-226.0,H25,2,CL,9.561599999999999,primary,0.011708140196472384,15.373435633116054,2022
0.056819594678602314,2022-10-06,191,e7fb63e227a63dcc7cc5cf8d,time_value,5.573599999999999,O:CL221118C00085000,1,1,2022-08-05,2022-08-05,105,0.01864975755315181,148,0.0,0.1206932557851751,2022-08-08,149,True,2022-10-06,191,2022-08-05,12,5039728.0,2022-10-06,scheduled_exit,191,2022-11-18,"{""market_momentum"": 0.06293220905421748, ""market_volatility"": 0.01219475356589377, ""momentum"": 0.012207399949660358, ""volatility"": 0.011708140196472384, ""volume_state"": 15.373435633116054}",assumed_next_daily_close,8081.0,42,0000021665,0,0.06293220905421748,0.01219475356589377,0.012207399949660358,-975.3222000000001,-0.1206932557851751,14.7486,1.85,0.15,170.00000000000003,4c124bd81b02f5f0f52ec19c,True,0.0007849293563579278,1274,1.2673289812411232e-05,7890611.0,,,,,,,,,,,,,,,,,,,,,,,,,,,,,,,,,,,,,,,,,,,,bounded_preclose_bid_ask,,,,False,not_requested_for_horizon_or_variant,,,,event,covered_call,100,completed,80.81,69.56,False,-1125.0,H25,2,CL,20.3222,primary,0.011708140196472384,15.373435633116054,2022
0.056819594678602314,2022-10-06,191,e7fb63e227a63dcc7cc5cf8d,time_value,4.1735999999999995,O:CL221118C00085000,1,1,2022-08-05,2022-08-05,105,0.01864975755315181,148,0.0,0.1403319143670338,2022-08-08,149,True,2022-10-06,191,2022-08-05,12,5039728.0,2022-10-06,scheduled_exit,191,2022-11-18,"{""market_momentum"": 0.06293220905421748, ""market_volatility"": 0.01219475356589377, ""momentum"": 0.012207399949660358, ""volatility"": 0.011708140196472384, ""volume_state"": 15.373435633116054}",assumed_next_daily_close,8081.0,42,0000021665,0,0.06293220905421748,0.01219475356589377,0.012207399949660358,-1134.0222,-0.1403319143670338,4.848599999999999,1.85,0.0,-0.0,4c124bd81b02f5f0f52ec19c,True,0.0007849293563579278,1274,1.2673289812411232e-05,7890611.0,,,,,,,,,,,,,,,,,,,,,,,,,,,,,,,,,,,,,,,,,,,,bounded_preclose_bid_ask,,,,False,not_requested_for_horizon_or_variant,,,,event,covered_call,100,completed,80.81,69.56,True,-1125.0,H25,2,CL,9.022199999999998,primary,0.011708140196472384,15.373435633116054,2022
0.056819594678602314,2022-11-04,212,e7fb63e227a63dcc7cc5cf8d,time_value,5.0914,O:CL221118C00085000,1,1,2022-08-05,2022-08-05,105,0.01864975755315181,148,47.0,,2022-08-08,149,True,2022-11-04,212,2022-08-05,12,5039728.0,2022-11-04,scheduled_exit,212,2022-11-18,"{""market_momentum"": 0.06293220905421748, ""market_volatility"": 0.01219475356589377, ""momentum"": 0.012207399949660358, ""volatility"": 0.011708140196472384, ""volume_state"": 15.373435633116054}",assumed_next_daily_close,8081.0,63,0000021665,4,0.06293220905421748,0.01219475356589377,0.012207399949660358,-550.84,-0.06816483108526172,14.7486,1.85,0.01,184.0,4c124bd81b02f5f0f52ec19c,False,0.0007849293563579278,1274,1.2673289812411232e-05,7890611.0,,,,,,,,,,,,,,,,,,,,,,,,,,,,,,,,,,,,,,,,,,,,bounded_preclose_bid_ask,,,,False,not_requested_for_horizon_or_variant,,,,event,covered_call,100,completed,80.81,73.19,False,-762.0,H25,2,CL,19.84,primary,0.011708140196472384,15.373435633116054,2022
0.056819594678602314,2022-11-04,212,e7fb63e227a63dcc7cc5cf8d,time_value,4.3914,O:CL221118C00085000,1,1,2022-08-05,2022-08-05,105,0.01864975755315181,148,47.0,0.15368857814626904,2022-08-08,149,True,2022-11-04,212,2022-08-05,12,5039728.0,2022-11-04,scheduled_exit,212,2022-11-18,"{""market_momentum"": 0.06293220905421748, ""market_volatility"": 0.01219475356589377, ""momentum"": 0.012207399949660358, ""volatility"": 0.011708140196472384, ""volume_state"": 15.373435633116054}",assumed_next_daily_close,8081.0,63,0000021665,0,0.06293220905421748,0.01219475356589377,0.012207399949660358,-724.24,-0.08962257146392773,4.848599999999999,1.85,0.0,-0.0,4c124bd81b02f5f0f52ec19c,True,0.0007849293563579278,1274,1.2673289812411232e-05,7890611.0,,,,,,,,,,,,,,,,,,,,,,,,,,,,,,,,,,,,,,,,,,,,bounded_preclose_bid_ask,,,,False,not_requested_for_horizon_or_variant,,,,event,covered_call,100,completed,80.81,73.19,True,-762.0,H25,2,CL,9.239999999999998,primary,0.011708140196472384,15.373435633116054,2022
0.056819594678602314,2022-11-18,222,e7fb63e227a63dcc7cc5cf8d,time_value,5.2376,O:CL221118C00085000,1,1,2022-08-05,2022-08-05,105,0.01864975755315181,148,47.0,,2022-08-08,149,True,2022-11-18,222,2022-08-05,12,5039728.0,2022-11-18,expiry_worthless,222,2022-11-18,"{""market_momentum"": 0.06293220905421748, ""market_volatility"": 0.01219475356589377, ""momentum"": 0.012207399949660358, ""volatility"": 0.011708140196472384, ""volume_state"": 15.373435633116054}",assumed_next_daily_close,8081.0,expiry,0000021665,4,0.06293220905421748,0.01219475356589377,0.012207399949660358,-222.9862000000009,-0.02759388689518635,14.7486,1.85,0.0,185.0,4c124bd81b02f5f0f52ec19c,False,0.0007849293563579278,1274,1.2673289812411232e-05,7890611.0,,,,,,,,,,,,,,,,,,,,,,,,,,,,,,,,,,,,,,,,,,,,bounded_preclose_bid_ask,,,,False,not_requested_for_horizon_or_variant,,,,event,covered_call,100,completed,80.81,76.46,False,-435.0000000000009,H25,2,CL,19.9862,primary,0.011708140196472384,15.373435633116054,2022
0.056819594678602314,2022-11-18,222,e7fb63e227a63dcc7cc5cf8d,time_value,4.587599999999999,O:CL221118C00085000,1,1,2022-08-05,2022-08-05,105,0.01864975755315181,148,47.0,0.15368857814626904,2022-08-08,149,True,2022-11-18,222,2022-08-05,12,5039728.0,2022-11-18,scheduled_exit,222,2022-11-18,"{""market_momentum"": 0.06293220905421748, ""market_volatility"": 0.01219475356589377, ""momentum"": 0.012207399949660358, ""volatility"": 0.011708140196472384, ""volume_state"": 15.373435633116054}",assumed_next_daily_close,8081.0,expiry,0000021665,0,0.06293220905421748,0.01219475356589377,0.012207399949660358,-397.4362000000009,-0.049181561687910026,4.848599999999999,1.85,0.0,-0.0,4c124bd81b02f5f0f52ec19c,True,0.0007849293563579278,1274,1.2673289812411232e-05,7890611.0,,,,,,,,,,,,,,,,,,,,,,,,,,,,,,,,,,,,,,,,,,,,bounded_preclose_bid_ask,,,,False,not_requested_for_horizon_or_variant,,,,event,covered_call,100,completed,80.81,76.46,True,-435.0000000000009,H25,2,CL,9.4362,primary,0.011708140196472384,15.373435633116054,2022
0.057827926657263884,2023-11-14,469,e9c70002d03fa53e7dd66110,time_value,7.326,O:KO240216C00060000,1,1,2023-11-10,2023-11-10,98,0.011636107193229902,467,0.0,0.0026052344985068965,2023-11-13,468,True,2023-11-14,469,2024-05-10,183,12798181.0,2023-11-14,scheduled_exit,469,2024-02-16,"{""market_momentum"": 0.01602638011345281, ""market_volatility"": 0.009846250731933936, ""momentum"": 0.074039007763681, ""volatility"": 0.009720657700712605, ""volume_state"": 16.523360383437073}",assumed_next_daily_close,5693.0,1,0000021344,0,0.01602638011345281,0.009846250731933936,0.074039007763681,4.258200000000001,0.0007479711926927808,7.415799999999999,0.67,0.65,2.0000000000000018,5dfdcdd547be4111a7c60f62,True,0.0008888888888888889,1125,7.955913419613093e-06,12569267.0,,,,,,,,,,,,,,,,,,,,,,,,,,,,,,,,,,,,,,,,,,,,bounded_preclose_bid_ask,,,,False,not_requested_for_horizon_or_variant,,,,ordinary,covered_call,100,completed,56.93,57.1,False,17.0,H25,2,KO,14.741799999999998,primary,0.009720657700712605,16.523360383437073,2023
0.057827926657263884,2023-11-14,469,e9c70002d03fa53e7dd66110,time_value,3.4259999999999997,O:KO240216C00060000,1,1,2023-11-10,2023-11-10,98,0.011636107193229902,467,0.0,0.0011999999999999583,2023-11-13,468,True,2023-11-14,469,2024-05-10,183,12798181.0,2023-11-14,scheduled_exit,469,2024-02-16,"{""market_momentum"": 0.01602638011345281, ""market_volatility"": 0.009846250731933936, ""momentum"": 0.074039007763681, ""volatility"": 0.009720657700712605, ""volume_state"": 16.523360383437073}",assumed_next_daily_close,5693.0,1,0000021344,0,0.01602638011345281,0.009846250731933936,0.074039007763681,10.1582,0.0017843316353416477,3.4157999999999995,0.67,0.0,-0.0,5dfdcdd547be4111a7c60f62,True,0.0008888888888888889,1125,7.955913419613093e-06,12569267.0,,,,,,,,,,,,,,,,,,,,,,,,,,,,,,,,,,,,,,,,,,,,bounded_preclose_bid_ask,,,,False,not_requested_for_horizon_or_variant,,,,ordinary,covered_call,100,completed,56.93,57.1,True,17.0,H25,2,KO,6.841799999999999,primary,0.009720657700712605,16.523360383437073,2023
0.057827926657263884,2023-11-15,470,e9c70002d03fa53e7dd66110,time_value,7.3826,O:KO240216C00060000,1,1,2023-11-10,2023-11-10,98,0.011636107193229902,467,0.0,0.0026052344985068965,2023-11-13,468,True,2023-11-15,470,2024-05-10,183,12798181.0,2023-11-15,scheduled_exit,470,2024-02-16,"{""market_momentum"": 0.01602638011345281, ""market_volatility"": 0.009846250731933936, ""momentum"": 0.074039007763681, ""volatility"": 0.009720657700712605, ""volume_state"": 16.523360383437073}",assumed_next_daily_close,5693.0,2,0000021344,0,0.01602638011345281,0.009846250731933936,0.074039007763681,14.201600000000003,0.0024945722817495174,7.415799999999999,0.67,0.66,1.0000000000000009,5dfdcdd547be4111a7c60f62,True,0.0008888888888888889,1125,7.955913419613093e-06,12569267.0,,,,,,,,,,,,,,,,,,,,,,,,,,,,,,,,,,,,,,,,,,,,bounded_preclose_bid_ask,,,,False,not_requested_for_horizon_or_variant,,,,ordinary,covered_call,100,completed,56.93,57.21,False,28.0,H25,2,KO,14.798399999999999,primary,0.009720657700712605,16.523360383437073,2023
0.057827926657263884,2023-11-15,470,e9c70002d03fa53e7dd66110,time_value,3.4326,O:KO240216C00060000,1,1,2023-11-10,2023-11-10,98,0.011636107193229902,467,0.0,0.0011999999999999583,2023-11-13,468,True,2023-11-15,470,2024-05-10,183,12798181.0,2023-11-15,scheduled_exit,470,2024-02-16,"{""market_momentum"": 0.01602638011345281, ""market_volatility"": 0.009846250731933936, ""momentum"": 0.074039007763681, ""volatility"": 0.009720657700712605, ""volume_state"": 16.523360383437073}",assumed_next_daily_close,5693.0,2,0000021344,0,0.01602638011345281,0.009846250731933936,0.074039007763681,21.1516,0.003715369752327419,3.4157999999999995,0.67,0.0,-0.0,5dfdcdd547be4111a7c60f62,True,0.0008888888888888889,1125,7.955913419613093e-06,12569267.0,,,,,,,,,,,,,,,,,,,,,,,,,,,,,,,,,,,,,,,,,,,,bounded_preclose_bid_ask,,,,False,not_requested_for_horizon_or_variant,,,,ordinary,covered_call,100,completed,56.93,57.21,True,28.0,H25,2,KO,6.8484,primary,0.009720657700712605,16.523360383437073,2023
0.057827926657263884,2023-11-16,471,e9c70002d03fa53e7dd66110,time_value,7.379,O:KO240216C00060000,1,1,2023-11-10,2023-11-10,98,0.011636107193229902,467,0.0,0.0026052344985068965,2023-11-13,468,True,2023-11-16,471,2024-05-10,183,12798181.0,2023-11-16,scheduled_exit,471,2024-02-16,"{""market_momentum"": 0.01602638011345281, ""market_volatility"": 0.009846250731933936, ""momentum"": 0.074039007763681, ""volatility"": 0.009720657700712605, ""volume_state"": 16.523360383437073}",assumed_next_daily_close,5693.0,3,0000021344,0,0.01602638011345281,0.009846250731933936,0.074039007763681,8.205200000000001,0.0014412787633936415,7.415799999999999,0.67,0.66,1.0000000000000009,5dfdcdd547be4111a7c60f62,True,0.0008888888888888889,1125,7.955913419613093e-06,12569267.0,,,,,,,,,,,,,,,,,,,,,,,,,,,,,,,,,,,,,,,,,,,,bounded_preclose_bid_ask,,,,False,not_requested_for_horizon_or_variant,,,,ordinary,covered_call,100,completed,56.93,57.15,False,22.0,H25,2,KO,14.794799999999999,primary,0.009720657700712605,16.523360383437073,2023
0.057827926657263884,2023-11-16,471,e9c70002d03fa53e7dd66110,time_value,3.429,O:KO240216C00060000,1,1,2023-11-10,2023-11-10,98,0.011636107193229902,467,0.0,0.0011999999999999583,2023-11-13,468,True,2023-11-16,471,2024-05-10,183,12798181.0,2023-11-16,scheduled_exit,471,2024-02-16,"{""market_momentum"": 0.01602638011345281, ""market_volatility"": 0.009846250731933936, ""momentum"": 0.074039007763681, ""volatility"": 0.009720657700712605, ""volume_state"": 16.523360383437073}",assumed_next_daily_close,5693.0,3,0000021344,0,0.01602638011345281,0.009846250731933936,0.074039007763681,15.155199999999999,0.0026620762339715437,3.4157999999999995,0.67,0.0,-0.0,5dfdcdd547be4111a7c60f62,True,0.0008888888888888889,1125,7.955913419613093e-06,12569267.0,,,,,,,,,,,,,,,,,,,,,,,,,,,,,,,,,,,,,,,,,,,,bounded_preclose_bid_ask,,,,False,not_requested_for_horizon_or_variant,,,,ordinary,covered_call,100,completed,56.93,57.15,True,22.0,H25,2,KO,6.844799999999999,primary,0.009720657700712605,16.523360383437073,2023
0.057827926657263884,2023-11-20,473,e9c70002d03fa53e7dd66110,time_value,7.244,O:KO240216C00060000,1,1,2023-11-10,2023-11-10,98,0.011636107193229902,467,0.0,0.0026052344985068965,2023-11-13,468,True,2023-11-20,473,2024-05-10,183,12798181.0,2023-11-20,scheduled_exit,473,2024-02-16,"{""market_momentum"": 0.01602638011345281, ""market_volatility"": 0.009846250731933936, ""momentum"": 0.074039007763681, ""volatility"": 0.009720657700712605, ""volume_state"": 16.523360383437073}",assumed_next_daily_close,5693.0,5,0000021344,0,0.01602638011345281,0.009846250731933936,0.074039007763681,36.3402,0.00638331284033023,7.415799999999999,0.67,0.63,4.0000000000000036,5dfdcdd547be4111a7c60f62,True,0.0008888888888888889,1125,7.955913419613093e-06,12569267.0,,,,,,,,,,,,,,,,,,,,,,,,,,,,,,,,,,,,,,,,,,,,bounded_preclose_bid_ask,,,,False,not_requested_for_horizon_or_variant,,,,ordinary,covered_call,100,completed,56.93,57.4,False,47.0,H25,2,KO,14.659799999999999,primary,0.009720657700712605,16.523360383437073,2023
0.057827926657263884,2023-11-20,473,e9c70002d03fa53e7dd66110,time_value,3.4439999999999995,O:KO240216C00060000,1,1,2023-11-10,2023-11-10,98,0.011636107193229902,467,0.0,0.0011999999999999583,2023-11-13,468,True,2023-11-20,473,2024-05-10,183,12798181.0,2023-11-20,scheduled_exit,473,2024-02-16,"{""market_momentum"": 0.01602638011345281, ""market_volatility"": 0.009846250731933936, ""momentum"": 0.074039007763681, ""volatility"": 0.009720657700712605, ""volume_state"": 16.523360383437073}",assumed_next_daily_close,5693.0,5,0000021344,0,0.01602638011345281,0.009846250731933936,0.074039007763681,40.1402,0.007050799227121026,3.4157999999999995,0.67,0.0,-0.0,5dfdcdd547be4111a7c60f62,True,0.0008888888888888889,1125,7.955913419613093e-06,12569267.0,,,,,,,,,,,,,,,,,,,,,,,,,,,,,,,,,,,,,,,,,,,,bounded_preclose_bid_ask,,,,False,not_requested_for_horizon_or_variant,,,,ordinary,covered_call,100,completed,56.93,57.4,True,47.0,H25,2,KO,6.859799999999999,primary,0.009720657700712605,16.523360383437073,2023
0.057827926657263884,2023-11-28,478,e9c70002d03fa53e7dd66110,time_value,9.1648,O:KO240216C00060000,1,1,2023-11-10,2023-11-10,98,0.011636107193229902,467,0.0,0.0026052344985068965,2023-11-13,468,True,2023-11-28,478,2024-05-10,183,12798181.0,2023-11-28,scheduled_exit,478,2024-02-16,"{""market_momentum"": 0.01602638011345281, ""market_volatility"": 0.009846250731933936, ""momentum"": 0.074039007763681, ""volatility"": 0.009720657700712605, ""volume_state"": 16.523360383437073}",assumed_next_daily_close,5693.0,10,0000021344,0,0.01602638011345281,0.009846250731933936,0.074039007763681,115.4194,0.020273915334621466,7.415799999999999,0.67,1,-32.99999999999999,5dfdcdd547be4111a7c60f62,True,0.0008888888888888889,1125,7.955913419613093e-06,12569267.0,,,,,,,,,,,,,,,,,,,,,,,,,,,,,,,,,,,,,,,,,,,,bounded_preclose_bid_ask,,,,False,decision_missing_or_stale_quote,,,,ordinary,covered_call,100,completed,56.93,58.58,False,165.0,H25,2,KO,16.580599999999997,primary,0.009720657700712605,16.523360383437073,2023
0.057827926657263884,2023-11-28,478,e9c70002d03fa53e7dd66110,time_value,3.5147999999999997,O:KO240216C00060000,1,1,2023-11-10,2023-11-10,98,0.011636107193229902,467,0.0,0.0011999999999999583,2023-11-13,468,True,2023-11-28,478,2024-05-10,183,12798181.0,2023-11-28,scheduled_exit,478,2024-02-16,"{""market_momentum"": 0.01602638011345281, ""market_volatility"": 0.009846250731933936, ""momentum"": 0.074039007763681, ""volatility"": 0.009720657700712605, ""volume_state"": 16.523360383437073}",assumed_next_daily_close,5693.0,10,0000021344,0,0.01602638011345281,0.009846250731933936,0.074039007763681,158.0694,0.02776557175478658,3.4157999999999995,0.67,0.0,-0.0,5dfdcdd547be4111a7c60f62,True,0.0008888888888888889,1125,7.955913419613093e-06,12569267.0,,,,,,,,,,,,,,,,,,,,,,,,,,,,,,,,,,,,,,,,,,,,bounded_preclose_bid_ask,,,,False,decision_missing_or_stale_quote,,,,ordinary,covered_call,100,completed,56.93,58.58,True,165.0,H25,2,KO,6.930599999999999,primary,0.009720657700712605,16.523360383437073,2023
0.057827926657263884,2023-12-13,489,e9c70002d03fa53e7dd66110,time_value,12.695800000000002,O:KO240216C00060000,1,1,2023-11-10,2023-11-10,98,0.011636107193229902,467,46.0,0.0026052344985068965,2023-11-13,468,True,2023-12-13,489,2024-05-10,183,12798181.0,2023-12-13,scheduled_exit,489,2024-02-16,"{""market_momentum"": 0.01602638011345281, ""market_volatility"": 0.009846250731933936, ""momentum"": 0.074039007763681, ""volatility"": 0.009720657700712605, ""volume_state"": 16.523360383437073}",assumed_next_daily_close,5693.0,21,0000021344,0,0.01602638011345281,0.009846250731933936,0.074039007763681,223.88840000000002,0.0393269629369401,7.415799999999999,0.67,1.69,-102.0,5dfdcdd547be4111a7c60f62,True,0.0008888888888888889,1125,7.955913419613093e-06,12569267.0,,,,,,,,,,,,,,,,,,,,,,,,,,,,,,,,,,,,,,,,,,,,bounded_preclose_bid_ask,,,,False,not_requested_for_horizon_or_variant,,,,ordinary,covered_call,100,completed,56.93,59.93,False,300.0,H25,2,KO,20.111600000000003,primary,0.009720657700712605,16.523360383437073,2023
0.057827926657263884,2023-12-13,489,e9c70002d03fa53e7dd66110,time_value,3.5957999999999997,O:KO240216C00060000,1,1,2023-11-10,2023-11-10,98,0.011636107193229902,467,46.0,0.0011999999999999583,2023-11-13,468,True,2023-12-13,489,2024-05-10,183,12798181.0,2023-12-13,scheduled_exit,489,2024-02-16,"{""market_momentum"": 0.01602638011345281, ""market_volatility"": 0.009846250731933936, ""momentum"": 0.074039007763681, ""volatility"": 0.009720657700712605, ""volume_state"": 16.523360383437073}",assumed_next_daily_close,5693.0,21,0000021344,0,0.01602638011345281,0.009846250731933936,0.074039007763681,338.9884,0.05954477428420868,3.4157999999999995,0.67,0.0,-0.0,5dfdcdd547be4111a7c60f62,True,0.0008888888888888889,1125,7.955913419613093e-06,12569267.0,,,,,,,,,,,,,,,,,,,,,,,,,,,,,,,,,,,,,,,,,,,,bounded_preclose_bid_ask,,,,False,not_requested_for_horizon_or_variant,,,,ordinary,covered_call,100,completed,56.93,59.93,True,300.0,H25,2,KO,7.0116,primary,0.009720657700712605,16.523360383437073,2023
0.057827926657263884,2024-01-16,510,e9c70002d03fa53e7dd66110,time_value,10.1994,O:KO240216C00060000,1,1,2023-11-10,2023-11-10,98,0.011636107193229902,467,46.0,0.0026052344985068965,2023-11-13,468,True,2024-01-16,510,2024-05-10,183,12798181.0,2024-01-16,scheduled_exit,510,2024-02-16,"{""market_momentum"": 0.01602638011345281, ""market_volatility"": 0.009846250731933936, ""momentum"": 0.074039007763681, ""volatility"": 0.009720657700712605, ""volume_state"": 16.523360383437073}",assumed_next_daily_close,5693.0,42,0000021344,0,0.01602638011345281,0.009846250731933936,0.074039007763681,282.3848,0.049602107851747755,7.415799999999999,0.67,1.19,-51.99999999999999,5dfdcdd547be4111a7c60f62,True,0.0008888888888888889,1125,7.955913419613093e-06,12569267.0,,,,,,,,,,,,,,,,,,,,,,,,,,,,,,,,,,,,,,,,,,,,bounded_preclose_bid_ask,,,,False,not_requested_for_horizon_or_variant,,,,ordinary,covered_call,100,completed,56.93,59.99,False,306.0,H25,2,KO,17.6152,primary,0.009720657700712605,16.523360383437073,2023
0.057827926657263884,2024-01-16,510,e9c70002d03fa53e7dd66110,time_value,3.5993999999999997,O:KO240216C00060000,1,1,2023-11-10,2023-11-10,98,0.011636107193229902,467,46.0,0.0011999999999999583,2023-11-13,468,True,2024-01-16,510,2024-05-10,183,12798181.0,2024-01-16,scheduled_exit,510,2024-02-16,"{""market_momentum"": 0.01602638011345281, ""market_volatility"": 0.009846250731933936, ""momentum"": 0.074039007763681, ""volatility"": 0.009720657700712605, ""volume_state"": 16.523360383437073}",assumed_next_daily_close,5693.0,42,0000021344,0,0.01602638011345281,0.009846250731933936,0.074039007763681,344.9848,0.060598067802564555,3.4157999999999995,0.67,0.0,-0.0,5dfdcdd547be4111a7c60f62,True,0.0008888888888888889,1125,7.955913419613093e-06,12569267.0,,,,,,,,,,,,,,,,,,,,,,,,,,,,,,,,,,,,,,,,,,,,bounded_preclose_bid_ask,,,,False,not_requested_for_horizon_or_variant,,,,ordinary,covered_call,100,completed,56.93,59.99,True,306.0,H25,2,KO,7.015199999999999,primary,0.009720657700712605,16.523360383437073,2023
0.057827926657263884,2024-02-14,531,e9c70002d03fa53e7dd66110,time_value,4.4574,O:KO240216C00060000,1,1,2023-11-10,2023-11-10,98,0.011636107193229902,467,46.0,0.0026052344985068965,2023-11-13,468,True,2024-02-14,531,2024-05-10,183,12798181.0,2024-02-14,scheduled_exit,531,2024-02-16,"{""market_momentum"": 0.01602638011345281, ""market_volatility"": 0.009846250731933936, ""momentum"": 0.074039007763681, ""volatility"": 0.009720657700712605, ""volume_state"": 16.523360383437073}",assumed_next_daily_close,5693.0,63,0000021344,0,0.01602638011345281,0.009846250731933936,0.074039007763681,332.1268,0.05833950465483927,7.415799999999999,0.67,0.05,62.0,5dfdcdd547be4111a7c60f62,True,0.0008888888888888889,1125,7.955913419613093e-06,12569267.0,,,,,,,,,,,,,,,,,,,,,,,,,,,,,,,,,,,,,,,,,,,,bounded_preclose_bid_ask,,,,False,not_requested_for_horizon_or_variant,,,,ordinary,covered_call,100,completed,56.93,59.29,False,236.0,H25,2,KO,11.873199999999999,primary,0.009720657700712605,16.523360383437073,2023
0.057827926657263884,2024-02-14,531,e9c70002d03fa53e7dd66110,time_value,3.5574,O:KO240216C00060000,1,1,2023-11-10,2023-11-10,98,0.011636107193229902,467,46.0,0.0011999999999999583,2023-11-13,468,True,2024-02-14,531,2024-05-10,183,12798181.0,2024-02-14,scheduled_exit,531,2024-02-16,"{""market_momentum"": 0.01602638011345281, ""market_volatility"": 0.009846250731933936, ""momentum"": 0.074039007763681, ""volatility"": 0.009720657700712605, ""volume_state"": 16.523360383437073}",assumed_next_daily_close,5693.0,63,0000021344,0,0.01602638011345281,0.009846250731933936,0.074039007763681,275.02680000000004,0.04830964342174601,3.4157999999999995,0.67,0.0,-0.0,5dfdcdd547be4111a7c60f62,True,0.0008888888888888889,1125,7.955913419613093e-06,12569267.0,,,,,,,,,,,,,,,,,,,,,,,,,,,,,,,,,,,,,,,,,,,,bounded_preclose_bid_ask,,,,False,not_requested_for_horizon_or_variant,,,,ordinary,covered_call,100,completed,56.93,59.29,True,236.0,H25,2,KO,6.973199999999999,primary,0.009720657700712605,16.523360383437073,2023
0.057827926657263884,2024-02-16,533,e9c70002d03fa53e7dd66110,time_value,4.2134,O:KO240216C00060000,1,1,2023-11-10,2023-11-10,98,0.011636107193229902,467,46.0,0.0026052344985068965,2023-11-13,468,True,2024-02-16,533,2024-05-10,183,12798181.0,2024-02-16,expiry_worthless,533,2024-02-16,"{""market_momentum"": 0.01602638011345281, ""market_volatility"": 0.009846250731933936, ""momentum"": 0.074039007763681, ""volatility"": 0.009720657700712605, ""volume_state"": 16.523360383437073}",assumed_next_daily_close,5693.0,expiry,0000021344,0,0.01602638011345281,0.009846250731933936,0.074039007763681,347.37080000000003,0.061017178991744254,7.415799999999999,0.67,0.0,67.0,5dfdcdd547be4111a7c60f62,True,0.0008888888888888889,1125,7.955913419613093e-06,12569267.0,,,,,,,,,,,,,,,,,,,,,,,,,,,,,,,,,,,,,,,,,,,,bounded_preclose_bid_ask,,,,False,not_requested_for_horizon_or_variant,,,,ordinary,covered_call,100,completed,56.93,59.39,False,246.0,H25,2,KO,11.629199999999999,primary,0.009720657700712605,16.523360383437073,2023
0.057827926657263884,2024-02-16,533,e9c70002d03fa53e7dd66110,time_value,3.5633999999999997,O:KO240216C00060000,1,1,2023-11-10,2023-11-10,98,0.011636107193229902,467,46.0,0.0011999999999999583,2023-11-13,468,True,2024-02-16,533,2024-05-10,183,12798181.0,2024-02-16,scheduled_exit,533,2024-02-16,"{""market_momentum"": 0.01602638011345281, ""market_volatility"": 0.009846250731933936, ""momentum"": 0.074039007763681, ""volatility"": 0.009720657700712605, ""volume_state"": 16.523360383437073}",assumed_next_daily_close,5693.0,expiry,0000021344,0,0.01602638011345281,0.009846250731933936,0.074039007763681,285.0208,0.050065132619005796,3.4157999999999995,0.67,0.0,-0.0,5dfdcdd547be4111a7c60f62,True,0.0008888888888888889,1125,7.955913419613093e-06,12569267.0,,,,,,,,,,,,,,,,,,,,,,,,,,,,,,,,,,,,,,,,,,,,bounded_preclose_bid_ask,,,,False,not_requested_for_horizon_or_variant,,,,ordinary,covered_call,100,completed,56.93,59.39,True,246.0,H25,2,KO,6.979199999999999,primary,0.009720657700712605,16.523360383437073,2023
0.05908919834399695,2022-02-11,28,ef342a1f7a655b61eb19316d,time_value,120.69080000000001,O:AMD220617P00125000,1,1,2022-02-09,2022-02-09,128,0.08618742943168987,26,0.0,0.050897431819988875,2022-02-10,27,True,2022-02-11,28,2022-06-10,221,108939859.0,2022-02-11,scheduled_exit,28,2022-06-17,"{""market_momentum"": -0.01712100706751729, ""market_volatility"": 0.012640436624071728, ""momentum"": 0.006439393939393856, ""volatility"": 0.03901188867155281, ""volume_state"": 18.36068771284885}",assumed_next_daily_close,12577.0,1,0000002488,0,-0.01712100706751729,0.012640436624071728,0.006439393939393856,-640.1370000000001,-0.050897431819988875,80.4462,14.45,22.65,819.9999999999999,16e3128fff38074a762f4b23,True,0.0011210762331838565,892,9.320503163635088e-07,107290345.0,,,,,,,,,,,,,,,,,,,,,,,,,,,,,,,,,,,,,,,,,,,,bounded_preclose_bid_ask,,,,False,not_requested_for_horizon_or_variant,,,,ordinary,protective_put,100,completed,125.77,113.18,False,-1259.0,H25,2,AMD,201.137,primary,0.03901188867155281,18.36068771284885,2022
0.05908919834399695,2022-02-11,28,ef342a1f7a655b61eb19316d,time_value,6.790799999999999,O:AMD220617P00125000,1,1,2022-02-09,2022-02-09,128,0.08618742943168987,26,0.0,0.10124330126421245,2022-02-10,27,True,2022-02-11,28,2022-06-10,221,108939859.0,2022-02-11,scheduled_exit,28,2022-06-17,"{""market_momentum"": -0.01712100706751729, ""market_volatility"": 0.012640436624071728, ""momentum"": 0.006439393939393856, ""volatility"": 0.03901188867155281, ""volume_state"": 18.36068771284885}",assumed_next_daily_close,12577.0,1,0000002488,0,-0.01712100706751729,0.012640436624071728,0.006439393939393856,-1273.337,-0.10124330126421245,7.546199999999999,14.45,0.0,-0.0,16e3128fff38074a762f4b23,True,0.0011210762331838565,892,9.320503163635088e-07,107290345.0,,,,,,,,,,,,,,,,,,,,,,,,,,,,,,,,,,,,,,,,,,,,bounded_preclose_bid_ask,,,,False,not_requested_for_horizon_or_variant,,,,ordinary,protective_put,100,completed,125.77,113.18,True,-1259.0,H25,2,AMD,14.336999999999998,primary,0.03901188867155281,18.36068771284885,2022
0.05908919834399695,2022-02-14,29,ef342a1f7a655b61eb19316d,time_value,107.5062,O:AMD220617P00125000,1,1,2022-02-09,2022-02-09,128,0.08618742943168987,26,0.0,0.06225271527391269,2022-02-10,27,True,2022-02-14,29,2022-06-10,221,108939859.0,2022-02-14,scheduled_exit,29,2022-06-17,"{""market_momentum"": -0.01712100706751729, ""market_volatility"": 0.012640436624071728, ""momentum"": 0.006439393939393856, ""volatility"": 0.03901188867155281, ""volume_state"": 18.36068771284885}",assumed_next_daily_close,12577.0,2,0000002488,0,-0.01712100706751729,0.012640436624071728,0.006439393939393856,-782.9523999999999,-0.06225271527391269,80.4462,14.45,20,555.0000000000001,16e3128fff38074a762f4b23,True,0.0011210762331838565,892,9.320503163635088e-07,107290345.0,,,,,,,,,,,,,,,,,,,,,,,,,,,,,,,,,,,,,,,,,,,,bounded_preclose_bid_ask,,,,False,not_requested_for_horizon_or_variant,,,,ordinary,protective_put,100,completed,125.77,114.27,False,-1150.0,H25,2,AMD,187.9524,primary,0.03901188867155281,18.36068771284885,2022
0.05908919834399695,2022-02-14,29,ef342a1f7a655b61eb19316d,time_value,6.856199999999999,O:AMD220617P00125000,1,1,2022-02-09,2022-02-09,128,0.08618742943168987,26,0.0,0.1012433012642125,2022-02-10,27,True,2022-02-14,29,2022-06-10,221,108939859.0,2022-02-14,scheduled_exit,29,2022-06-17,"{""market_momentum"": -0.01712100706751729, ""market_volatility"": 0.012640436624071728, ""momentum"": 0.006439393939393856, ""volatility"": 0.03901188867155281, ""volume_state"": 18.36068771284885}",assumed_next_daily_close,12577.0,2,0000002488,0,-0.01712100706751729,0.012640436624071728,0.006439393939393856,-1164.4024,-0.09258188757255306,7.546199999999999,14.45,0.0,-0.0,16e3128fff38074a762f4b23,True,0.0011210762331838565,892,9.320503163635088e-07,107290345.0,,,,,,,,,,,,,,,,,,,,,,,,,,,,,,,,,,,,,,,,,,,,bounded_preclose_bid_ask,,,,False,not_requested_for_horizon_or_variant,,,,ordinary,protective_put,100,completed,125.77,114.27,True,-1150.0,H25,2,AMD,14.402399999999998,primary,0.03901188867155281,18.36068771284885,2022
0.05908919834399695,2022-02-15,30,ef342a1f7a655b61eb19316d,time_value,90.98820000000002,O:AMD220617P00125000,1,1,2022-02-09,2022-02-09,128,0.08618742943168987,26,0.0,0.062252715273912726,2022-02-10,27,True,2022-02-15,30,2022-06-10,221,108939859.0,2022-02-15,scheduled_exit,30,2022-06-17,"{""market_momentum"": -0.01712100706751729, ""market_volatility"": 0.012640436624071728, ""momentum"": 0.006439393939393856, ""volatility"": 0.03901188867155281, ""volume_state"": 18.36068771284885}",assumed_next_daily_close,12577.0,3,0000002488,0,-0.01712100706751729,0.012640436624071728,0.006439393939393856,-385.4344,-0.030645972807505764,80.4462,14.45,16.61,216.0,16e3128fff38074a762f4b23,True,0.0011210762331838565,892,9.320503163635088e-07,107290345.0,,,,,,,,,,,,,,,,,,,,,,,,,,,,,,,,,,,,,,,,,,,,bounded_preclose_bid_ask,,,,False,not_requested_for_horizon_or_variant,,,,ordinary,protective_put,100,completed,125.77,121.47,False,-430.0,H25,2,AMD,171.43440000000004,primary,0.03901188867155281,18.36068771284885,2022
0.05908919834399695,2022-02-15,30,ef342a1f7a655b61eb19316d,time_value,7.2882,O:AMD220617P00125000,1,1,2022-02-09,2022-02-09,128,0.08618742943168987,26,0.0,0.1012433012642125,2022-02-10,27,True,2022-02-15,30,2022-06-10,221,108939859.0,2022-02-15,scheduled_exit,30,2022-06-17,"{""market_momentum"": -0.01712100706751729, ""market_volatility"": 0.012640436624071728, ""momentum"": 0.006439393939393856, ""volatility"": 0.03901188867155281, ""volume_state"": 18.36068771284885}",assumed_next_daily_close,12577.0,3,0000002488,0,-0.01712100706751729,0.012640436624071728,0.006439393939393856,-444.8344,-0.035368879701041585,7.546199999999999,14.45,0.0,-0.0,16e3128fff38074a762f4b23,True,0.0011210762331838565,892,9.320503163635088e-07,107290345.0,,,,,,,,,,,,,,,,,,,,,,,,,,,,,,,,,,,,,,,,,,,,bounded_preclose_bid_ask,,,,False,not_requested_for_horizon_or_variant,,,,ordinary,protective_put,100,completed,125.77,121.47,True,-430.0,H25,2,AMD,14.834399999999999,primary,0.03901188867155281,18.36068771284885,2022
0.05908919834399695,2022-02-17,32,ef342a1f7a655b61eb19316d,time_value,110.3922,O:AMD220617P00125000,1,1,2022-02-09,2022-02-09,128,0.08618742943168987,26,0.0,0.07281850997853222,2022-02-10,27,True,2022-02-17,32,2022-06-10,221,108939859.0,2022-02-17,scheduled_exit,32,2022-06-17,"{""market_momentum"": -0.01712100706751729, ""market_volatility"": 0.012640436624071728, ""momentum"": 0.006439393939393856, ""volatility"": 0.03901188867155281, ""volume_state"": 18.36068771284885}",assumed_next_daily_close,12577.0,5,0000002488,0,-0.01712100706751729,0.012640436624071728,0.006439393939393856,-915.8383999999998,-0.07281850997853222,80.4462,14.45,20.6,615.0000000000002,16e3128fff38074a762f4b23,True,0.0011210762331838565,892,9.320503163635088e-07,107290345.0,,,,,,,,,,,,,,,,,,,,,,,,,,,,,,,,,,,,,,,,,,,,bounded_preclose_bid_ask,,,,False,not_requested_for_horizon_or_variant,,,,ordinary,protective_put,100,completed,125.77,112.37,False,-1340.0,H25,2,AMD,190.8384,primary,0.03901188867155281,18.36068771284885,2022
0.05908919834399695,2022-02-17,32,ef342a1f7a655b61eb19316d,time_value,6.7421999999999995,O:AMD220617P00125000,1,1,2022-02-09,2022-02-09,128,0.08618742943168987,26,0.0,0.10767976464975748,2022-02-10,27,True,2022-02-17,32,2022-06-10,221,108939859.0,2022-02-17,scheduled_exit,32,2022-06-17,"{""market_momentum"": -0.01712100706751729, ""market_volatility"": 0.012640436624071728, ""momentum"": 0.006439393939393856, ""volatility"": 0.03901188867155281, ""volume_state"": 18.36068771284885}",assumed_next_daily_close,12577.0,5,0000002488,0,-0.01712100706751729,0.012640436624071728,0.006439393939393856,-1354.2884,-0.10767976464975748,7.546199999999999,14.45,0.0,-0.0,16e3128fff38074a762f4b23,True,0.0011210762331838565,892,9.320503163635088e-07,107290345.0,,,,,,,,,,,,,,,,,,,,,,,,,,,,,,,,,,,,,,,,,,,,bounded_preclose_bid_ask,,,,False,not_requested_for_horizon_or_variant,,,,ordinary,protective_put,100,completed,125.77,112.37,True,-1340.0,H25,2,AMD,14.2884,primary,0.03901188867155281,18.36068771284885,2022
0.05908919834399695,2022-02-25,37,ef342a1f7a655b61eb19316d,time_value,87.4136,O:AMD220617P00125000,1,1,2022-02-09,2022-02-09,128,0.08618742943168987,26,0.0,0.07391920171742071,2022-02-10,27,True,2022-02-25,37,2022-06-10,221,108939859.0,2022-02-25,scheduled_exit,37,2022-06-17,"{""market_momentum"": -0.01712100706751729, ""market_volatility"": 0.012640436624071728, ""momentum"": 0.006439393939393856, ""volatility"": 0.03901188867155281, ""volume_state"": 18.36068771284885}",assumed_next_daily_close,12577.0,10,0000002488,0,-0.01712100706751729,0.012640436624071728,0.006439393939393856,-493.85979999999984,-0.0392668998966367,80.4462,14.45,15.9,145.0000000000001,16e3128fff38074a762f4b23,True,0.0011210762331838565,892,9.320503163635088e-07,107290345.0,,,,,,,,,,,,,,,,,,,,,,,,,,,,,,,,,,,,,,,,,,,,bounded_preclose_bid_ask,,,,False,decision_missing_or_stale_quote,,,,ordinary,protective_put,100,completed,125.77,121.06,False,-471.0,H25,2,AMD,167.8598,primary,0.03901188867155281,18.36068771284885,2022
0.05908919834399695,2022-02-25,37,ef342a1f7a655b61eb19316d,time_value,7.263599999999999,O:AMD220617P00125000,1,1,2022-02-09,2022-02-09,128,0.08618742943168987,26,0.0,0.12841948000318046,2022-02-10,27,True,2022-02-25,37,2022-06-10,221,108939859.0,2022-02-25,scheduled_exit,37,2022-06-17,"{""market_momentum"": -0.01712100706751729, ""market_volatility"": 0.012640436624071728, ""momentum"": 0.006439393939393856, ""volatility"": 0.03901188867155281, ""volume_state"": 18.36068771284885}",assumed_next_daily_close,12577.0,10,0000002488,0,-0.01712100706751729,0.012640436624071728,0.006439393939393856,-485.8098,-0.03862684264928043,7.546199999999999,14.45,0.0,-0.0,16e3128fff38074a762f4b23,True,0.0011210762331838565,892,9.320503163635088e-07,107290345.0,,,,,,,,,,,,,,,,,,,,,,,,,,,,,,,,,,,,,,,,,,,,bounded_preclose_bid_ask,,,,False,decision_missing_or_stale_quote,,,,ordinary,protective_put,100,completed,125.77,121.06,True,-471.0,H25,2,AMD,14.8098,primary,0.03901188867155281,18.36068771284885,2022
0.05908919834399695,2022-03-14,48,ef342a1f7a655b61eb19316d,time_value,145.285,O:AMD220617P00125000,1,1,2022-02-09,2022-02-09,128,0.08618742943168987,26,0.0,0.10484643396676475,2022-02-10,27,True,2022-03-14,48,2022-06-10,221,108939859.0,2022-03-14,scheduled_exit,48,2022-06-17,"{""market_momentum"": -0.01712100706751729, ""market_volatility"": 0.012640436624071728, ""momentum"": 0.006439393939393856, ""volatility"": 0.03901188867155281, ""volume_state"": 18.36068771284885}",assumed_next_daily_close,12577.0,21,0000002488,0,-0.01712100706751729,0.012640436624071728,0.006439393939393856,-1252.7312000000002,-0.09960492963345792,80.4462,14.45,27.7,1325.0,16e3128fff38074a762f4b23,True,0.0011210762331838565,892,9.320503163635088e-07,107290345.0,,,,,,,,,,,,,,,,,,,,,,,,,,,,,,,,,,,,,,,,,,,,bounded_preclose_bid_ask,,,,False,not_requested_for_horizon_or_variant,,,,ordinary,protective_put,100,completed,125.77,102.25,False,-2352.0,H25,2,AMD,225.7312,primary,0.03901188867155281,18.36068771284885,2022
0.05908919834399695,2022-03-14,48,ef342a1f7a655b61eb19316d,time_value,6.135,O:AMD220617P00125000,1,1,2022-02-09,2022-02-09,128,0.08618742943168987,26,0.0,0.1880958257136042,2022-02-10,27,True,2022-03-14,48,2022-06-10,221,108939859.0,2022-03-14,scheduled_exit,48,2022-06-17,"{""market_momentum"": -0.01712100706751729, ""market_volatility"": 0.012640436624071728, ""momentum"": 0.006439393939393856, ""volatility"": 0.03901188867155281, ""volume_state"": 18.36068771284885}",assumed_next_daily_close,12577.0,21,0000002488,0,-0.01712100706751729,0.012640436624071728,0.006439393939393856,-2365.6812,-0.1880958257136042,7.546199999999999,14.45,0.0,-0.0,16e3128fff38074a762f4b23,True,0.0011210762331838565,892,9.320503163635088e-07,107290345.0,,,,,,,,,,,,,,,,,,,,,,,,,,,,,,,,,,,,,,,,,,,,bounded_preclose_bid_ask,,,,False,not_requested_for_horizon_or_variant,,,,ordinary,protective_put,100,completed,125.77,102.25,True,-2352.0,H25,2,AMD,13.681199999999999,primary,0.03901188867155281,18.36068771284885,2022
0.05908919834399695,2022-04-12,69,ef342a1f7a655b61eb19316d,time_value,161.006,O:AMD220617P00125000,1,1,2022-02-09,2022-02-09,128,0.08618742943168987,26,0.0,0.13202291484455753,2022-02-10,27,True,2022-04-12,69,2022-06-10,221,108939859.0,2022-04-12,scheduled_exit,69,2022-06-17,"{""market_momentum"": -0.01712100706751729, ""market_volatility"": 0.012640436624071728, ""momentum"": 0.006439393939393856, ""volatility"": 0.03901188867155281, ""volume_state"": 18.36068771284885}",assumed_next_daily_close,12577.0,42,0000002488,0,-0.01712100706751729,0.012640436624071728,0.006439393939393856,-1660.4522000000002,-0.13202291484455753,80.4462,14.45,30.93,1648.0,16e3128fff38074a762f4b23,True,0.0011210762331838565,892,9.320503163635088e-07,107290345.0,,,,,,,,,,,,,,,,,,,,,,,,,,,,,,,,,,,,,,,,,,,,bounded_preclose_bid_ask,,,,False,not_requested_for_horizon_or_variant,,,,ordinary,protective_put,100,completed,125.77,95.1,False,-3067.0,H25,2,AMD,241.4522,primary,0.03901188867155281,18.36068771284885,2022
0.05908919834399695,2022-04-12,69,ef342a1f7a655b61eb19316d,time_value,5.7059999999999995,O:AMD220617P00125000,1,1,2022-02-09,2022-02-09,128,0.08618742943168987,26,0.0,0.2449115210304524,2022-02-10,27,True,2022-04-12,69,2022-06-10,221,108939859.0,2022-04-12,scheduled_exit,69,2022-06-17,"{""market_momentum"": -0.01712100706751729, ""market_volatility"": 0.012640436624071728, ""momentum"": 0.006439393939393856, ""volatility"": 0.03901188867155281, ""volume_state"": 18.36068771284885}",assumed_next_daily_close,12577.0,42,0000002488,0,-0.01712100706751729,0.012640436624071728,0.006439393939393856,-3080.2522,-0.2449115210304524,7.546199999999999,14.45,0.0,-0.0,16e3128fff38074a762f4b23,True,0.0011210762331838565,892,9.320503163635088e-07,107290345.0,,,,,,,,,,,,,,,,,,,,,,,,,,,,,,,,,,,,,,,,,,,,bounded_preclose_bid_ask,,,,False,not_requested_for_horizon_or_variant,,,,ordinary,protective_put,100,completed,125.77,95.1,True,-3067.0,H25,2,AMD,13.252199999999998,primary,0.03901188867155281,18.36068771284885,2022
0.05908919834399695,2022-05-12,90,ef342a1f7a655b61eb19316d,time_value,199.72360000000003,O:AMD220617P00125000,1,1,2022-02-09,2022-02-09,128,0.08618742943168987,26,0.0,0.15969127772918823,2022-02-10,27,True,2022-05-12,90,2022-06-10,221,108939859.0,2022-05-12,scheduled_exit,90,2022-06-17,"{""market_momentum"": -0.01712100706751729, ""market_volatility"": 0.012640436624071728, ""momentum"": 0.006439393939393856, ""volatility"": 0.03901188867155281, ""volume_state"": 18.36068771284885}",assumed_next_daily_close,12577.0,63,0000002488,0,-0.01712100706751729,0.012640436624071728,0.006439393939393856,-1719.1697999999997,-0.1366915639659696,80.4462,14.45,38.77,2432.0000000000005,16e3128fff38074a762f4b23,True,0.0011210762331838565,892,9.320503163635088e-07,107290345.0,,,,,,,,,,,,,,,,,,,,,,,,,,,,,,,,,,,,,,,,,,,,bounded_preclose_bid_ask,,,,False,not_requested_for_horizon_or_variant,,,,ordinary,protective_put,100,completed,125.77,87.06,False,-3871.0,H25,2,AMD,280.1698,primary,0.03901188867155281,18.36068771284885,2022
0.05908919834399695,2022-05-12,90,ef342a1f7a655b61eb19316d,time_value,5.223599999999999,O:AMD220617P00125000,1,1,2022-02-09,2022-02-09,128,0.08618742943168987,26,0.0,0.3258838196708278,2022-02-10,27,True,2022-05-12,90,2022-06-10,221,108939859.0,2022-05-12,scheduled_exit,90,2022-06-17,"{""market_momentum"": -0.01712100706751729, ""market_volatility"": 0.012640436624071728, ""momentum"": 0.006439393939393856, ""volatility"": 0.03901188867155281, ""volume_state"": 18.36068771284885}",assumed_next_daily_close,12577.0,63,0000002488,0,-0.01712100706751729,0.012640436624071728,0.006439393939393856,-3883.7697999999996,-0.30879937982030686,7.546199999999999,14.45,0.0,-0.0,16e3128fff38074a762f4b23,True,0.0011210762331838565,892,9.320503163635088e-07,107290345.0,,,,,,,,,,,,,,,,,,,,,,,,,,,,,,,,,,,,,,,,,,,,bounded_preclose_bid_ask,,,,False,not_requested_for_horizon_or_variant,,,,ordinary,protective_put,100,completed,125.77,87.06,True,-3871.0,H25,2,AMD,12.769799999999998,primary,0.03901188867155281,18.36068771284885,2022
0.05908919834399695,2022-06-17,115,ef342a1f7a655b61eb19316d,time_value,8.149999999999999,O:AMD220617P00125000,1,1,2022-02-09,2022-02-09,128,0.08618742943168987,26,0.0,0.15969127772918823,2022-02-10,27,True,2022-06-17,115,2022-06-10,221,108939859.0,2022-06-17,modelled_physical_expiry,115,2022-06-17,"{""market_momentum"": -0.01712100706751729, ""market_volatility"": 0.012640436624071728, ""momentum"": 0.006439393939393856, ""volatility"": 0.03901188867155281, ""volume_state"": 18.36068771284885}",assumed_next_daily_close,12577.0,expiry,0000002488,0,-0.01712100706751729,0.012640436624071728,0.006439393939393856,-1610.5962000000002,-0.12805885346266996,80.4462,14.45,0.0,-1445.0,16e3128fff38074a762f4b23,True,0.0011210762331838565,892,9.320503163635088e-07,107290345.0,,,,,,,,,,,,,,,,,,,,,,,,,,,,,,,,,,,,,,,,,,,,bounded_preclose_bid_ask,,,,False,not_requested_for_horizon_or_variant,,,,ordinary,protective_put,100,completed,125.77,125.0,False,-77.0,H25,2,AMD,88.59620000000001,primary,0.03901188867155281,18.36068771284885,2022
0.05908919834399695,2022-06-17,115,ef342a1f7a655b61eb19316d,time_value,4.894199999999999,O:AMD220617P00125000,1,1,2022-02-09,2022-02-09,128,0.08618742943168987,26,0.0,0.35242429832233446,2022-02-10,27,True,2022-06-17,115,2022-06-10,221,108939859.0,2022-06-17,scheduled_exit,115,2022-06-17,"{""market_momentum"": -0.01712100706751729, ""market_volatility"": 0.012640436624071728, ""momentum"": 0.006439393939393856, ""volatility"": 0.03901188867155281, ""volume_state"": 18.36068771284885}",assumed_next_daily_close,12577.0,expiry,0000002488,0,-0.01712100706751729,0.012640436624071728,0.006439393939393856,-4432.4404,-0.35242429832233446,7.546199999999999,14.45,0.0,-0.0,16e3128fff38074a762f4b23,True,0.0011210762331838565,892,9.320503163635088e-07,107290345.0,,,,,,,,,,,,,,,,,,,,,,,,,,,,,,,,,,,,,,,,,,,,bounded_preclose_bid_ask,,,,False,not_requested_for_horizon_or_variant,,,,ordinary,protective_put,100,completed,125.77,81.57,True,-4420.000000000001,H25,2,AMD,12.440399999999997,primary,0.03901188867155281,18.36068771284885,2022
,,,ef48fa2c083f56c3462cc940,time_value,,,1,1,2022-03-30,2022-03-30,,,60,,,2022-03-31,61,False,,,2022-08-05,,,,,,,"{""market_momentum"": 0.06679380436299365, ""market_volatility"": 0.014307342913762481, ""momentum"": 0.00420831141504463, ""volatility"": 0.014907018725630274, ""volume_state"": 15.471094597964015}",assumed_next_daily_close,,1,0000021665,,0.06679380436299365,0.014307342913762481,0.00420831141504463,,,,,,,4c124bd81b02f5f0f52ec19c,False,,,,,,,,,,,,,,,,,,,,,,,,,,,,,,,,,,,,,,,,,,,,,,,,bounded_preclose_bid_ask,,,,False,not_requested_for_horizon_or_variant,,,incomplete_prior_liquidity,ordinary,protective_put,,incomplete_prior_liquidity,,,False,,H25,2,CL,,primary,0.014907018725630274,15.471094597964015,2022
,,,ef48fa2c083f56c3462cc940,time_value,,,1,1,2022-03-30,2022-03-30,,,60,,,2022-03-31,61,False,,,2022-08-05,,,,,,,"{""market_momentum"": 0.06679380436299365, ""market_volatility"": 0.014307342913762481, ""momentum"": 0.00420831141504463, ""volatility"": 0.014907018725630274, ""volume_state"": 15.471094597964015}",assumed_next_daily_close,,1,0000021665,,0.06679380436299365,0.014307342913762481,0.00420831141504463,,,,,,,4c124bd81b02f5f0f52ec19c,False,,,,,,,,,,,,,,,,,,,,,,,,,,,,,,,,,,,,,,,,,,,,,,,,bounded_preclose_bid_ask,,,,False,not_requested_for_horizon_or_variant,,,incomplete_prior_liquidity,ordinary,protective_put,,incomplete_prior_liquidity,,,True,,H25,2,CL,,primary,0.014907018725630274,15.471094597964015,2022
,,,ef48fa2c083f56c3462cc940,time_value,,,1,1,2022-03-30,2022-03-30,,,60,,,2022-03-31,61,False,,,2022-08-05,,,,,,,"{""market_momentum"": 0.06679380436299365, ""market_volatility"": 0.014307342913762481, ""momentum"": 0.00420831141504463, ""volatility"": 0.014907018725630274, ""volume_state"": 15.471094597964015}",assumed_next_daily_close,,2,0000021665,,0.06679380436299365,0.014307342913762481,0.00420831141504463,,,,,,,4c124bd81b02f5f0f52ec19c,False,,,,,,,,,,,,,,,,,,,,,,,,,,,,,,,,,,,,,,,,,,,,,,,,bounded_preclose_bid_ask,,,,False,not_requested_for_horizon_or_variant,,,incomplete_prior_liquidity,ordinary,protective_put,,incomplete_prior_liquidity,,,False,,H25,2,CL,,primary,0.014907018725630274,15.471094597964015,2022
,,,ef48fa2c083f56c3462cc940,time_value,,,1,1,2022-03-30,2022-03-30,,,60,,,2022-03-31,61,False,,,2022-08-05,,,,,,,"{""market_momentum"": 0.06679380436299365, ""market_volatility"": 0.014307342913762481, ""momentum"": 0.00420831141504463, ""volatility"": 0.014907018725630274, ""volume_state"": 15.471094597964015}",assumed_next_daily_close,,2,0000021665,,0.06679380436299365,0.014307342913762481,0.00420831141504463,,,,,,,4c124bd81b02f5f0f52ec19c,False,,,,,,,,,,,,,,,,,,,,,,,,,,,,,,,,,,,,,,,,,,,,,,,,bounded_preclose_bid_ask,,,,False,not_requested_for_horizon_or_variant,,,incomplete_prior_liquidity,ordinary,protective_put,,incomplete_prior_liquidity,,,True,,H25,2,CL,,primary,0.014907018725630274,15.471094597964015,2022
,,,ef48fa2c083f56c3462cc940,time_value,,,1,1,2022-03-30,2022-03-30,,,60,,,2022-03-31,61,False,,,2022-08-05,,,,,,,"{""market_momentum"": 0.06679380436299365, ""market_volatility"": 0.014307342913762481, ""momentum"": 0.00420831141504463, ""volatility"": 0.014907018725630274, ""volume_state"": 15.471094597964015}",assumed_next_daily_close,,3,0000021665,,0.06679380436299365,0.014307342913762481,0.00420831141504463,,,,,,,4c124bd81b02f5f0f52ec19c,False,,,,,,,,,,,,,,,,,,,,,,,,,,,,,,,,,,,,,,,,,,,,,,,,bounded_preclose_bid_ask,,,,False,not_requested_for_horizon_or_variant,,,incomplete_prior_liquidity,ordinary,protective_put,,incomplete_prior_liquidity,,,False,,H25,2,CL,,primary,0.014907018725630274,15.471094597964015,2022
,,,ef48fa2c083f56c3462cc940,time_value,,,1,1,2022-03-30,2022-03-30,,,60,,,2022-03-31,61,False,,,2022-08-05,,,,,,,"{""market_momentum"": 0.06679380436299365, ""market_volatility"": 0.014307342913762481, ""momentum"": 0.00420831141504463, ""volatility"": 0.014907018725630274, ""volume_state"": 15.471094597964015}",assumed_next_daily_close,,3,0000021665,,0.06679380436299365,0.014307342913762481,0.00420831141504463,,,,,,,4c124bd81b02f5f0f52ec19c,False,,,,,,,,,,,,,,,,,,,,,,,,,,,,,,,,,,,,,,,,,,,,,,,,bounded_preclose_bid_ask,,,,False,not_requested_for_horizon_or_variant,,,incomplete_prior_liquidity,ordinary,protective_put,,incomplete_prior_liquidity,,,True,,H25,2,CL,,primary,0.014907018725630274,15.471094597964015,2022
,,,ef48fa2c083f56c3462cc940,time_value,,,1,1,2022-03-30,2022-03-30,,,60,,,2022-03-31,61,False,,,2022-08-05,,,,,,,"{""market_momentum"": 0.06679380436299365, ""market_volatility"": 0.014307342913762481, ""momentum"": 0.00420831141504463, ""volatility"": 0.014907018725630274, ""volume_state"": 15.471094597964015}",assumed_next_daily_close,,5,0000021665,,0.06679380436299365,0.014307342913762481,0.00420831141504463,,,,,,,4c124bd81b02f5f0f52ec19c,False,,,,,,,,,,,,,,,,,,,,,,,,,,,,,,,,,,,,,,,,,,,,,,,,bounded_preclose_bid_ask,,,,False,not_requested_for_horizon_or_variant,,,incomplete_prior_liquidity,ordinary,protective_put,,incomplete_prior_liquidity,,,False,,H25,2,CL,,primary,0.014907018725630274,15.471094597964015,2022
,,,ef48fa2c083f56c3462cc940,time_value,,,1,1,2022-03-30,2022-03-30,,,60,,,2022-03-31,61,False,,,2022-08-05,,,,,,,"{""market_momentum"": 0.06679380436299365, ""market_volatility"": 0.014307342913762481, ""momentum"": 0.00420831141504463, ""volatility"": 0.014907018725630274, ""volume_state"": 15.471094597964015}",assumed_next_daily_close,,5,0000021665,,0.06679380436299365,0.014307342913762481,0.00420831141504463,,,,,,,4c124bd81b02f5f0f52ec19c,False,,,,,,,,,,,,,,,,,,,,,,,,,,,,,,,,,,,,,,,,,,,,,,,,bounded_preclose_bid_ask,,,,False,not_requested_for_horizon_or_variant,,,incomplete_prior_liquidity,ordinary,protective_put,,incomplete_prior_liquidity,,,True,,H25,2,CL,,primary,0.014907018725630274,15.471094597964015,2022
,,,ef48fa2c083f56c3462cc940,time_value,,,1,1,2022-03-30,2022-03-30,,,60,,,2022-03-31,61,False,,,2022-08-05,,,,,,,"{""market_momentum"": 0.06679380436299365, ""market_volatility"": 0.014307342913762481, ""momentum"": 0.00420831141504463, ""volatility"": 0.014907018725630274, ""volume_state"": 15.471094597964015}",assumed_next_daily_close,,10,0000021665,,0.06679380436299365,0.014307342913762481,0.00420831141504463,,,,,,,4c124bd81b02f5f0f52ec19c,False,,,,,,,,,,,,,,,,,,,,,,,,,,,,,,,,,,,,,,,,,,,,,,,,bounded_preclose_bid_ask,,,,False,bar_outcome_not_completed,,,incomplete_prior_liquidity,ordinary,protective_put,,incomplete_prior_liquidity,,,False,,H25,2,CL,,primary,0.014907018725630274,15.471094597964015,2022
,,,ef48fa2c083f56c3462cc940,time_value,,,1,1,2022-03-30,2022-03-30,,,60,,,2022-03-31,61,False,,,2022-08-05,,,,,,,"{""market_momentum"": 0.06679380436299365, ""market_volatility"": 0.014307342913762481, ""momentum"": 0.00420831141504463, ""volatility"": 0.014907018725630274, ""volume_state"": 15.471094597964015}",assumed_next_daily_close,,10,0000021665,,0.06679380436299365,0.014307342913762481,0.00420831141504463,,,,,,,4c124bd81b02f5f0f52ec19c,False,,,,,,,,,,,,,,,,,,,,,,,,,,,,,,,,,,,,,,,,,,,,,,,,bounded_preclose_bid_ask,,,,False,bar_outcome_not_completed,,,incomplete_prior_liquidity,ordinary,protective_put,,incomplete_prior_liquidity,,,True,,H25,2,CL,,primary,0.014907018725630274,15.471094597964015,2022
,,,ef48fa2c083f56c3462cc940,time_value,,,1,1,2022-03-30,2022-03-30,,,60,,,2022-03-31,61,False,,,2022-08-05,,,,,,,"{""market_momentum"": 0.06679380436299365, ""market_volatility"": 0.014307342913762481, ""momentum"": 0.00420831141504463, ""volatility"": 0.014907018725630274, ""volume_state"": 15.471094597964015}",assumed_next_daily_close,,21,0000021665,,0.06679380436299365,0.014307342913762481,0.00420831141504463,,,,,,,4c124bd81b02f5f0f52ec19c,False,,,,,,,,,,,,,,,,,,,,,,,,,,,,,,,,,,,,,,,,,,,,,,,,bounded_preclose_bid_ask,,,,False,not_requested_for_horizon_or_variant,,,incomplete_prior_liquidity,ordinary,protective_put,,incomplete_prior_liquidity,,,False,,H25,2,CL,,primary,0.014907018725630274,15.471094597964015,2022
,,,ef48fa2c083f56c3462cc940,time_value,,,1,1,2022-03-30,2022-03-30,,,60,,,2022-03-31,61,False,,,2022-08-05,,,,,,,"{""market_momentum"": 0.06679380436299365, ""market_volatility"": 0.014307342913762481, ""momentum"": 0.00420831141504463, ""volatility"": 0.014907018725630274, ""volume_state"": 15.471094597964015}",assumed_next_daily_close,,21,0000021665,,0.06679380436299365,0.014307342913762481,0.00420831141504463,,,,,,,4c124bd81b02f5f0f52ec19c,False,,,,,,,,,,,,,,,,,,,,,,,,,,,,,,,,,,,,,,,,,,,,,,,,bounded_preclose_bid_ask,,,,False,not_requested_for_horizon_or_variant,,,incomplete_prior_liquidity,ordinary,protective_put,,incomplete_prior_liquidity,,,True,,H25,2,CL,,primary,0.014907018725630274,15.471094597964015,2022
,,,ef48fa2c083f56c3462cc940,time_value,,,1,1,2022-03-30,2022-03-30,,,60,,,2022-03-31,61,False,,,2022-08-05,,,,,,,"{""market_momentum"": 0.06679380436299365, ""market_volatility"": 0.014307342913762481, ""momentum"": 0.00420831141504463, ""volatility"": 0.014907018725630274, ""volume_state"": 15.471094597964015}",assumed_next_daily_close,,42,0000021665,,0.06679380436299365,0.014307342913762481,0.00420831141504463,,,,,,,4c124bd81b02f5f0f52ec19c,False,,,,,,,,,,,,,,,,,,,,,,,,,,,,,,,,,,,,,,,,,,,,,,,,bounded_preclose_bid_ask,,,,False,not_requested_for_horizon_or_variant,,,incomplete_prior_liquidity,ordinary,protective_put,,incomplete_prior_liquidity,,,False,,H25,2,CL,,primary,0.014907018725630274,15.471094597964015,2022
,,,ef48fa2c083f56c3462cc940,time_value,,,1,1,2022-03-30,2022-03-30,,,60,,,2022-03-31,61,False,,,2022-08-05,,,,,,,"{""market_momentum"": 0.06679380436299365, ""market_volatility"": 0.014307342913762481, ""momentum"": 0.00420831141504463, ""volatility"": 0.014907018725630274, ""volume_state"": 15.471094597964015}",assumed_next_daily_close,,42,0000021665,,0.06679380436299365,0.014307342913762481,0.00420831141504463,,,,,,,4c124bd81b02f5f0f52ec19c,False,,,,,,,,,,,,,,,,,,,,,,,,,,,,,,,,,,,,,,,,,,,,,,,,bounded_preclose_bid_ask,,,,False,not_requested_for_horizon_or_variant,,,incomplete_prior_liquidity,ordinary,protective_put,,incomplete_prior_liquidity,,,True,,H25,2,CL,,primary,0.014907018725630274,15.471094597964015,2022
,,,ef48fa2c083f56c3462cc940,time_value,,,1,1,2022-03-30,2022-03-30,,,60,,,2022-03-31,61,False,,,2022-08-05,,,,,,,"{""market_momentum"": 0.06679380436299365, ""market_volatility"": 0.014307342913762481, ""momentum"": 0.00420831141504463, ""volatility"": 0.014907018725630274, ""volume_state"": 15.471094597964015}",assumed_next_daily_close,,63,0000021665,,0.06679380436299365,0.014307342913762481,0.00420831141504463,,,,,,,4c124bd81b02f5f0f52ec19c,False,,,,,,,,,,,,,,,,,,,,,,,,,,,,,,,,,,,,,,,,,,,,,,,,bounded_preclose_bid_ask,,,,False,not_requested_for_horizon_or_variant,,,incomplete_prior_liquidity,ordinary,protective_put,,incomplete_prior_liquidity,,,False,,H25,2,CL,,primary,0.014907018725630274,15.471094597964015,2022
,,,ef48fa2c083f56c3462cc940,time_value,,,1,1,2022-03-30,2022-03-30,,,60,,,2022-03-31,61,False,,,2022-08-05,,,,,,,"{""market_momentum"": 0.06679380436299365, ""market_volatility"": 0.014307342913762481, ""momentum"": 0.00420831141504463, ""volatility"": 0.014907018725630274, ""volume_state"": 15.471094597964015}",assumed_next_daily_close,,63,0000021665,,0.06679380436299365,0.014307342913762481,0.00420831141504463,,,,,,,4c124bd81b02f5f0f52ec19c,False,,,,,,,,,,,,,,,,,,,,,,,,,,,,,,,,,,,,,,,,,,,,,,,,bounded_preclose_bid_ask,,,,False,not_requested_for_horizon_or_variant,,,incomplete_prior_liquidity,ordinary,protective_put,,incomplete_prior_liquidity,,,True,,H25,2,CL,,primary,0.014907018725630274,15.471094597964015,2022
,,,ef48fa2c083f56c3462cc940,time_value,,,1,1,2022-03-30,2022-03-30,,,60,,,2022-03-31,61,False,,,2022-08-05,,,,,,,"{""market_momentum"": 0.06679380436299365, ""market_volatility"": 0.014307342913762481, ""momentum"": 0.00420831141504463, ""volatility"": 0.014907018725630274, ""volume_state"": 15.471094597964015}",assumed_next_daily_close,,expiry,0000021665,,0.06679380436299365,0.014307342913762481,0.00420831141504463,,,,,,,4c124bd81b02f5f0f52ec19c,False,,,,,,,,,,,,,,,,,,,,,,,,,,,,,,,,,,,,,,,,,,,,,,,,bounded_preclose_bid_ask,,,,False,not_requested_for_horizon_or_variant,,,incomplete_prior_liquidity,ordinary,protective_put,,incomplete_prior_liquidity,,,False,,H25,2,CL,,primary,0.014907018725630274,15.471094597964015,2022
,,,ef48fa2c083f56c3462cc940,time_value,,,1,1,2022-03-30,2022-03-30,,,60,,,2022-03-31,61,False,,,2022-08-05,,,,,,,"{""market_momentum"": 0.06679380436299365, ""market_volatility"": 0.014307342913762481, ""momentum"": 0.00420831141504463, ""volatility"": 0.014907018725630274, ""volume_state"": 15.471094597964015}",assumed_next_daily_close,,expiry,0000021665,,0.06679380436299365,0.014307342913762481,0.00420831141504463,,,,,,,4c124bd81b02f5f0f52ec19c,False,,,,,,,,,,,,,,,,,,,,,,,,,,,,,,,,,,,,,,,,,,,,,,,,bounded_preclose_bid_ask,,,,False,not_requested_for_horizon_or_variant,,,incomplete_prior_liquidity,ordinary,protective_put,,incomplete_prior_liquidity,,,True,,H25,2,CL,,primary,0.014907018725630274,15.471094597964015,2022
,,,f62503e05c5c9635619d574d,time_value,,,1,1,2023-05-22,2023-05-22,,,347,,,2023-05-23,348,False,,,2024-02-13,,,,,,,"{""market_momentum"": 0.015987384764677426, ""market_volatility"": 0.008870518311473306, ""momentum"": 0.1265444917454055, ""volatility"": 0.019912558118617172, ""volume_state"": 15.078557458292785}",assumed_next_daily_close,,1,0000059478,,0.015987384764677426,0.008870518311473306,0.1265444917454055,,,,,,,9afe3a06aed4a8a54dba801f,False,,,,,,,,,,,,,,,,,,,,,,,,,,,,,,,,,,,,,,,,,,,,,,,,bounded_preclose_bid_ask,,,,False,not_requested_for_horizon_or_variant,,,incomplete_prior_liquidity,ordinary,protective_put,,incomplete_prior_liquidity,,,False,,H25,2,LLY,,primary,0.019912558118617172,15.078557458292785,2023
,,,f62503e05c5c9635619d574d,time_value,,,1,1,2023-05-22,2023-05-22,,,347,,,2023-05-23,348,False,,,2024-02-13,,,,,,,"{""market_momentum"": 0.015987384764677426, ""market_volatility"": 0.008870518311473306, ""momentum"": 0.1265444917454055, ""volatility"": 0.019912558118617172, ""volume_state"": 15.078557458292785}",assumed_next_daily_close,,1,0000059478,,0.015987384764677426,0.008870518311473306,0.1265444917454055,,,,,,,9afe3a06aed4a8a54dba801f,False,,,,,,,,,,,,,,,,,,,,,,,,,,,,,,,,,,,,,,,,,,,,,,,,bounded_preclose_bid_ask,,,,False,not_requested_for_horizon_or_variant,,,incomplete_prior_liquidity,ordinary,protective_put,,incomplete_prior_liquidity,,,True,,H25,2,LLY,,primary,0.019912558118617172,15.078557458292785,2023
,,,f62503e05c5c9635619d574d,time_value,,,1,1,2023-05-22,2023-05-22,,,347,,,2023-05-23,348,False,,,2024-02-13,,,,,,,"{""market_momentum"": 0.015987384764677426, ""market_volatility"": 0.008870518311473306, ""momentum"": 0.1265444917454055, ""volatility"": 0.019912558118617172, ""volume_state"": 15.078557458292785}",assumed_next_daily_close,,2,0000059478,,0.015987384764677426,0.008870518311473306,0.1265444917454055,,,,,,,9afe3a06aed4a8a54dba801f,False,,,,,,,,,,,,,,,,,,,,,,,,,,,,,,,,,,,,,,,,,,,,,,,,bounded_preclose_bid_ask,,,,False,not_requested_for_horizon_or_variant,,,incomplete_prior_liquidity,ordinary,protective_put,,incomplete_prior_liquidity,,,False,,H25,2,LLY,,primary,0.019912558118617172,15.078557458292785,2023
,,,f62503e05c5c9635619d574d,time_value,,,1,1,2023-05-22,2023-05-22,,,347,,,2023-05-23,348,False,,,2024-02-13,,,,,,,"{""market_momentum"": 0.015987384764677426, ""market_volatility"": 0.008870518311473306, ""momentum"": 0.1265444917454055, ""volatility"": 0.019912558118617172, ""volume_state"": 15.078557458292785}",assumed_next_daily_close,,2,0000059478,,0.015987384764677426,0.008870518311473306,0.1265444917454055,,,,,,,9afe3a06aed4a8a54dba801f,False,,,,,,,,,,,,,,,,,,,,,,,,,,,,,,,,,,,,,,,,,,,,,,,,bounded_preclose_bid_ask,,,,False,not_requested_for_horizon_or_variant,,,incomplete_prior_liquidity,ordinary,protective_put,,incomplete_prior_liquidity,,,True,,H25,2,LLY,,primary,0.019912558118617172,15.078557458292785,2023
,,,f62503e05c5c9635619d574d,time_value,,,1,1,2023-05-22,2023-05-22,,,347,,,2023-05-23,348,False,,,2024-02-13,,,,,,,"{""market_momentum"": 0.015987384764677426, ""market_volatility"": 0.008870518311473306, ""momentum"": 0.1265444917454055, ""volatility"": 0.019912558118617172, ""volume_state"": 15.078557458292785}",assumed_next_daily_close,,3,0000059478,,0.015987384764677426,0.008870518311473306,0.1265444917454055,,,,,,,9afe3a06aed4a8a54dba801f,False,,,,,,,,,,,,,,,,,,,,,,,,,,,,,,,,,,,,,,,,,,,,,,,,bounded_preclose_bid_ask,,,,False,not_requested_for_horizon_or_variant,,,incomplete_prior_liquidity,ordinary,protective_put,,incomplete_prior_liquidity,,,False,,H25,2,LLY,,primary,0.019912558118617172,15.078557458292785,2023
,,,f62503e05c5c9635619d574d,time_value,,,1,1,2023-05-22,2023-05-22,,,347,,,2023-05-23,348,False,,,2024-02-13,,,,,,,"{""market_momentum"": 0.015987384764677426, ""market_volatility"": 0.008870518311473306, ""momentum"": 0.1265444917454055, ""volatility"": 0.019912558118617172, ""volume_state"": 15.078557458292785}",assumed_next_daily_close,,3,0000059478,,0.015987384764677426,0.008870518311473306,0.1265444917454055,,,,,,,9afe3a06aed4a8a54dba801f,False,,,,,,,,,,,,,,,,,,,,,,,,,,,,,,,,,,,,,,,,,,,,,,,,bounded_preclose_bid_ask,,,,False,not_requested_for_horizon_or_variant,,,incomplete_prior_liquidity,ordinary,protective_put,,incomplete_prior_liquidity,,,True,,H25,2,LLY,,primary,0.019912558118617172,15.078557458292785,2023
,,,f62503e05c5c9635619d574d,time_value,,,1,1,2023-05-22,2023-05-22,,,347,,,2023-05-23,348,False,,,2024-02-13,,,,,,,"{""market_momentum"": 0.015987384764677426, ""market_volatility"": 0.008870518311473306, ""momentum"": 0.1265444917454055, ""volatility"": 0.019912558118617172, ""volume_state"": 15.078557458292785}",assumed_next_daily_close,,5,0000059478,,0.015987384764677426,0.008870518311473306,0.1265444917454055,,,,,,,9afe3a06aed4a8a54dba801f,False,,,,,,,,,,,,,,,,,,,,,,,,,,,,,,,,,,,,,,,,,,,,,,,,bounded_preclose_bid_ask,,,,False,not_requested_for_horizon_or_variant,,,incomplete_prior_liquidity,ordinary,protective_put,,incomplete_prior_liquidity,,,False,,H25,2,LLY,,primary,0.019912558118617172,15.078557458292785,2023
,,,f62503e05c5c9635619d574d,time_value,,,1,1,2023-05-22,2023-05-22,,,347,,,2023-05-23,348,False,,,2024-02-13,,,,,,,"{""market_momentum"": 0.015987384764677426, ""market_volatility"": 0.008870518311473306, ""momentum"": 0.1265444917454055, ""volatility"": 0.019912558118617172, ""volume_state"": 15.078557458292785}",assumed_next_daily_close,,5,0000059478,,0.015987384764677426,0.008870518311473306,0.1265444917454055,,,,,,,9afe3a06aed4a8a54dba801f,False,,,,,,,,,,,,,,,,,,,,,,,,,,,,,,,,,,,,,,,,,,,,,,,,bounded_preclose_bid_ask,,,,False,not_requested_for_horizon_or_variant,,,incomplete_prior_liquidity,ordinary,protective_put,,incomplete_prior_liquidity,,,True,,H25,2,LLY,,primary,0.019912558118617172,15.078557458292785,2023
,,,f62503e05c5c9635619d574d,time_value,,,1,1,2023-05-22,2023-05-22,,,347,,,2023-05-23,348,False,,,2024-02-13,,,,,,,"{""market_momentum"": 0.015987384764677426, ""market_volatility"": 0.008870518311473306, ""momentum"": 0.1265444917454055, ""volatility"": 0.019912558118617172, ""volume_state"": 15.078557458292785}",assumed_next_daily_close,,10,0000059478,,0.015987384764677426,0.008870518311473306,0.1265444917454055,,,,,,,9afe3a06aed4a8a54dba801f,False,,,,,,,,,,,,,,,,,,,,,,,,,,,,,,,,,,,,,,,,,,,,,,,,bounded_preclose_bid_ask,,,,False,bar_outcome_not_completed,,,incomplete_prior_liquidity,ordinary,protective_put,,incomplete_prior_liquidity,,,False,,H25,2,LLY,,primary,0.019912558118617172,15.078557458292785,2023
,,,f62503e05c5c9635619d574d,time_value,,,1,1,2023-05-22,2023-05-22,,,347,,,2023-05-23,348,False,,,2024-02-13,,,,,,,"{""market_momentum"": 0.015987384764677426, ""market_volatility"": 0.008870518311473306, ""momentum"": 0.1265444917454055, ""volatility"": 0.019912558118617172, ""volume_state"": 15.078557458292785}",assumed_next_daily_close,,10,0000059478,,0.015987384764677426,0.008870518311473306,0.1265444917454055,,,,,,,9afe3a06aed4a8a54dba801f,False,,,,,,,,,,,,,,,,,,,,,,,,,,,,,,,,,,,,,,,,,,,,,,,,bounded_preclose_bid_ask,,,,False,bar_outcome_not_completed,,,incomplete_prior_liquidity,ordinary,protective_put,,incomplete_prior_liquidity,,,True,,H25,2,LLY,,primary,0.019912558118617172,15.078557458292785,2023
,,,f62503e05c5c9635619d574d,time_value,,,1,1,2023-05-22,2023-05-22,,,347,,,2023-05-23,348,False,,,2024-02-13,,,,,,,"{""market_momentum"": 0.015987384764677426, ""market_volatility"": 0.008870518311473306, ""momentum"": 0.1265444917454055, ""volatility"": 0.019912558118617172, ""volume_state"": 15.078557458292785}",assumed_next_daily_close,,21,0000059478,,0.015987384764677426,0.008870518311473306,0.1265444917454055,,,,,,,9afe3a06aed4a8a54dba801f,False,,,,,,,,,,,,,,,,,,,,,,,,,,,,,,,,,,,,,,,,,,,,,,,,bounded_preclose_bid_ask,,,,False,not_requested_for_horizon_or_variant,,,incomplete_prior_liquidity,ordinary,protective_put,,incomplete_prior_liquidity,,,False,,H25,2,LLY,,primary,0.019912558118617172,15.078557458292785,2023
,,,f62503e05c5c9635619d574d,time_value,,,1,1,2023-05-22,2023-05-22,,,347,,,2023-05-23,348,False,,,2024-02-13,,,,,,,"{""market_momentum"": 0.015987384764677426, ""market_volatility"": 0.008870518311473306, ""momentum"": 0.1265444917454055, ""volatility"": 0.019912558118617172, ""volume_state"": 15.078557458292785}",assumed_next_daily_close,,21,0000059478,,0.015987384764677426,0.008870518311473306,0.1265444917454055,,,,,,,9afe3a06aed4a8a54dba801f,False,,,,,,,,,,,,,,,,,,,,,,,,,,,,,,,,,,,,,,,,,,,,,,,,bounded_preclose_bid_ask,,,,False,not_requested_for_horizon_or_variant,,,incomplete_prior_liquidity,ordinary,protective_put,,incomplete_prior_liquidity,,,True,,H25,2,LLY,,primary,0.019912558118617172,15.078557458292785,2023
,,,f62503e05c5c9635619d574d,time_value,,,1,1,2023-05-22,2023-05-22,,,347,,,2023-05-23,348,False,,,2024-02-13,,,,,,,"{""market_momentum"": 0.015987384764677426, ""market_volatility"": 0.008870518311473306, ""momentum"": 0.1265444917454055, ""volatility"": 0.019912558118617172, ""volume_state"": 15.078557458292785}",assumed_next_daily_close,,42,0000059478,,0.015987384764677426,0.008870518311473306,0.1265444917454055,,,,,,,9afe3a06aed4a8a54dba801f,False,,,,,,,,,,,,,,,,,,,,,,,,,,,,,,,,,,,,,,,,,,,,,,,,bounded_preclose_bid_ask,,,,False,not_requested_for_horizon_or_variant,,,incomplete_prior_liquidity,ordinary,protective_put,,incomplete_prior_liquidity,,,False,,H25,2,LLY,,primary,0.019912558118617172,15.078557458292785,2023
,,,f62503e05c5c9635619d574d,time_value,,,1,1,2023-05-22,2023-05-22,,,347,,,2023-05-23,348,False,,,2024-02-13,,,,,,,"{""market_momentum"": 0.015987384764677426, ""market_volatility"": 0.008870518311473306, ""momentum"": 0.1265444917454055, ""volatility"": 0.019912558118617172, ""volume_state"": 15.078557458292785}",assumed_next_daily_close,,42,0000059478,,0.015987384764677426,0.008870518311473306,0.1265444917454055,,,,,,,9afe3a06aed4a8a54dba801f,False,,,,,,,,,,,,,,,,,,,,,,,,,,,,,,,,,,,,,,,,,,,,,,,,bounded_preclose_bid_ask,,,,False,not_requested_for_horizon_or_variant,,,incomplete_prior_liquidity,ordinary,protective_put,,incomplete_prior_liquidity,,,True,,H25,2,LLY,,primary,0.019912558118617172,15.078557458292785,2023
,,,f62503e05c5c9635619d574d,time_value,,,1,1,2023-05-22,2023-05-22,,,347,,,2023-05-23,348,False,,,2024-02-13,,,,,,,"{""market_momentum"": 0.015987384764677426, ""market_volatility"": 0.008870518311473306, ""momentum"": 0.1265444917454055, ""volatility"": 0.019912558118617172, ""volume_state"": 15.078557458292785}",assumed_next_daily_close,,63,0000059478,,0.015987384764677426,0.008870518311473306,0.1265444917454055,,,,,,,9afe3a06aed4a8a54dba801f,False,,,,,,,,,,,,,,,,,,,,,,,,,,,,,,,,,,,,,,,,,,,,,,,,bounded_preclose_bid_ask,,,,False,not_requested_for_horizon_or_variant,,,incomplete_prior_liquidity,ordinary,protective_put,,incomplete_prior_liquidity,,,False,,H25,2,LLY,,primary,0.019912558118617172,15.078557458292785,2023
,,,f62503e05c5c9635619d574d,time_value,,,1,1,2023-05-22,2023-05-22,,,347,,,2023-05-23,348,False,,,2024-02-13,,,,,,,"{""market_momentum"": 0.015987384764677426, ""market_volatility"": 0.008870518311473306, ""momentum"": 0.1265444917454055, ""volatility"": 0.019912558118617172, ""volume_state"": 15.078557458292785}",assumed_next_daily_close,,63,0000059478,,0.015987384764677426,0.008870518311473306,0.1265444917454055,,,,,,,9afe3a06aed4a8a54dba801f,False,,,,,,,,,,,,,,,,,,,,,,,,,,,,,,,,,,,,,,,,,,,,,,,,bounded_preclose_bid_ask,,,,False,not_requested_for_horizon_or_variant,,,incomplete_prior_liquidity,ordinary,protective_put,,incomplete_prior_liquidity,,,True,,H25,2,LLY,,primary,0.019912558118617172,15.078557458292785,2023
,,,f62503e05c5c9635619d574d,time_value,,,1,1,2023-05-22,2023-05-22,,,347,,,2023-05-23,348,False,,,2024-02-13,,,,,,,"{""market_momentum"": 0.015987384764677426, ""market_volatility"": 0.008870518311473306, ""momentum"": 0.1265444917454055, ""volatility"": 0.019912558118617172, ""volume_state"": 15.078557458292785}",assumed_next_daily_close,,expiry,0000059478,,0.015987384764677426,0.008870518311473306,0.1265444917454055,,,,,,,9afe3a06aed4a8a54dba801f,False,,,,,,,,,,,,,,,,,,,,,,,,,,,,,,,,,,,,,,,,,,,,,,,,bounded_preclose_bid_ask,,,,False,not_requested_for_horizon_or_variant,,,incomplete_prior_liquidity,ordinary,protective_put,,incomplete_prior_liquidity,,,False,,H25,2,LLY,,primary,0.019912558118617172,15.078557458292785,2023
,,,f62503e05c5c9635619d574d,time_value,,,1,1,2023-05-22,2023-05-22,,,347,,,2023-05-23,348,False,,,2024-02-13,,,,,,,"{""market_momentum"": 0.015987384764677426, ""market_volatility"": 0.008870518311473306, ""momentum"": 0.1265444917454055, ""volatility"": 0.019912558118617172, ""volume_state"": 15.078557458292785}",assumed_next_daily_close,,expiry,0000059478,,0.015987384764677426,0.008870518311473306,0.1265444917454055,,,,,,,9afe3a06aed4a8a54dba801f,False,,,,,,,,,,,,,,,,,,,,,,,,,,,,,,,,,,,,,,,,,,,,,,,,bounded_preclose_bid_ask,,,,False,not_requested_for_horizon_or_variant,,,incomplete_prior_liquidity,ordinary,protective_put,,incomplete_prior_liquidity,,,True,,H25,2,LLY,,primary,0.019912558118617172,15.078557458292785,2023
,,,f8b5d9ea2f5c67f207c09d4c,time_value,,,1,1,2022-09-15,2022-09-15,,,176,,,2022-09-16,177,False,,,2022-09-15,,,,,,,"{""market_momentum"": -0.09211077495927389, ""market_volatility"": 0.015657111265164777, ""momentum"": -0.08424440867972705, ""volatility"": 0.022544608638524116, ""volume_state"": 15.25417333353725}",assumed_next_daily_close,,1,0000027419,,-0.09211077495927389,0.015657111265164777,-0.08424440867972705,,,,,,,e7dca130c5906d0fa5ea6d1b,False,,,,,,,,,,,,,,,,,,,,,,,,,,,,,,,,,,,,,,,,,,,,,,,,bounded_preclose_bid_ask,,,,False,not_requested_for_horizon_or_variant,,,no_standard_contract_within_rules,event,covered_call,,no_standard_contract_within_rules,,,False,,H25,2,TGT,,primary,0.022544608638524116,15.25417333353725,2022
,,,f8b5d9ea2f5c67f207c09d4c,time_value,,,1,1,2022-09-15,2022-09-15,,,176,,,2022-09-16,177,False,,,2022-09-15,,,,,,,"{""market_momentum"": -0.09211077495927389, ""market_volatility"": 0.015657111265164777, ""momentum"": -0.08424440867972705, ""volatility"": 0.022544608638524116, ""volume_state"": 15.25417333353725}",assumed_next_daily_close,,1,0000027419,,-0.09211077495927389,0.015657111265164777,-0.08424440867972705,,,,,,,e7dca130c5906d0fa5ea6d1b,False,,,,,,,,,,,,,,,,,,,,,,,,,,,,,,,,,,,,,,,,,,,,,,,,bounded_preclose_bid_ask,,,,False,not_requested_for_horizon_or_variant,,,no_standard_contract_within_rules,event,covered_call,,no_standard_contract_within_rules,,,True,,H25,2,TGT,,primary,0.022544608638524116,15.25417333353725,2022
,,,f8b5d9ea2f5c67f207c09d4c,time_value,,,1,1,2022-09-15,2022-09-15,,,176,,,2022-09-16,177,False,,,2022-09-15,,,,,,,"{""market_momentum"": -0.09211077495927389, ""market_volatility"": 0.015657111265164777, ""momentum"": -0.08424440867972705, ""volatility"": 0.022544608638524116, ""volume_state"": 15.25417333353725}",assumed_next_daily_close,,2,0000027419,,-0.09211077495927389,0.015657111265164777,-0.08424440867972705,,,,,,,e7dca130c5906d0fa5ea6d1b,False,,,,,,,,,,,,,,,,,,,,,,,,,,,,,,,,,,,,,,,,,,,,,,,,bounded_preclose_bid_ask,,,,False,not_requested_for_horizon_or_variant,,,no_standard_contract_within_rules,event,covered_call,,no_standard_contract_within_rules,,,False,,H25,2,TGT,,primary,0.022544608638524116,15.25417333353725,2022
,,,f8b5d9ea2f5c67f207c09d4c,time_value,,,1,1,2022-09-15,2022-09-15,,,176,,,2022-09-16,177,False,,,2022-09-15,,,,,,,"{""market_momentum"": -0.09211077495927389, ""market_volatility"": 0.015657111265164777, ""momentum"": -0.08424440867972705, ""volatility"": 0.022544608638524116, ""volume_state"": 15.25417333353725}",assumed_next_daily_close,,2,0000027419,,-0.09211077495927389,0.015657111265164777,-0.08424440867972705,,,,,,,e7dca130c5906d0fa5ea6d1b,False,,,,,,,,,,,,,,,,,,,,,,,,,,,,,,,,,,,,,,,,,,,,,,,,bounded_preclose_bid_ask,,,,False,not_requested_for_horizon_or_variant,,,no_standard_contract_within_rules,event,covered_call,,no_standard_contract_within_rules,,,True,,H25,2,TGT,,primary,0.022544608638524116,15.25417333353725,2022
,,,f8b5d9ea2f5c67f207c09d4c,time_value,,,1,1,2022-09-15,2022-09-15,,,176,,,2022-09-16,177,False,,,2022-09-15,,,,,,,"{""market_momentum"": -0.09211077495927389, ""market_volatility"": 0.015657111265164777, ""momentum"": -0.08424440867972705, ""volatility"": 0.022544608638524116, ""volume_state"": 15.25417333353725}",assumed_next_daily_close,,3,0000027419,,-0.09211077495927389,0.015657111265164777,-0.08424440867972705,,,,,,,e7dca130c5906d0fa5ea6d1b,False,,,,,,,,,,,,,,,,,,,,,,,,,,,,,,,,,,,,,,,,,,,,,,,,bounded_preclose_bid_ask,,,,False,not_requested_for_horizon_or_variant,,,no_standard_contract_within_rules,event,covered_call,,no_standard_contract_within_rules,,,False,,H25,2,TGT,,primary,0.022544608638524116,15.25417333353725,2022
,,,f8b5d9ea2f5c67f207c09d4c,time_value,,,1,1,2022-09-15,2022-09-15,,,176,,,2022-09-16,177,False,,,2022-09-15,,,,,,,"{""market_momentum"": -0.09211077495927389, ""market_volatility"": 0.015657111265164777, ""momentum"": -0.08424440867972705, ""volatility"": 0.022544608638524116, ""volume_state"": 15.25417333353725}",assumed_next_daily_close,,3,0000027419,,-0.09211077495927389,0.015657111265164777,-0.08424440867972705,,,,,,,e7dca130c5906d0fa5ea6d1b,False,,,,,,,,,,,,,,,,,,,,,,,,,,,,,,,,,,,,,,,,,,,,,,,,bounded_preclose_bid_ask,,,,False,not_requested_for_horizon_or_variant,,,no_standard_contract_within_rules,event,covered_call,,no_standard_contract_within_rules,,,True,,H25,2,TGT,,primary,0.022544608638524116,15.25417333353725,2022
,,,f8b5d9ea2f5c67f207c09d4c,time_value,,,1,1,2022-09-15,2022-09-15,,,176,,,2022-09-16,177,False,,,2022-09-15,,,,,,,"{""market_momentum"": -0.09211077495927389, ""market_volatility"": 0.015657111265164777, ""momentum"": -0.08424440867972705, ""volatility"": 0.022544608638524116, ""volume_state"": 15.25417333353725}",assumed_next_daily_close,,5,0000027419,,-0.09211077495927389,0.015657111265164777,-0.08424440867972705,,,,,,,e7dca130c5906d0fa5ea6d1b,False,,,,,,,,,,,,,,,,,,,,,,,,,,,,,,,,,,,,,,,,,,,,,,,,bounded_preclose_bid_ask,,,,False,not_requested_for_horizon_or_variant,,,no_standard_contract_within_rules,event,covered_call,,no_standard_contract_within_rules,,,False,,H25,2,TGT,,primary,0.022544608638524116,15.25417333353725,2022
,,,f8b5d9ea2f5c67f207c09d4c,time_value,,,1,1,2022-09-15,2022-09-15,,,176,,,2022-09-16,177,False,,,2022-09-15,,,,,,,"{""market_momentum"": -0.09211077495927389, ""market_volatility"": 0.015657111265164777, ""momentum"": -0.08424440867972705, ""volatility"": 0.022544608638524116, ""volume_state"": 15.25417333353725}",assumed_next_daily_close,,5,0000027419,,-0.09211077495927389,0.015657111265164777,-0.08424440867972705,,,,,,,e7dca130c5906d0fa5ea6d1b,False,,,,,,,,,,,,,,,,,,,,,,,,,,,,,,,,,,,,,,,,,,,,,,,,bounded_preclose_bid_ask,,,,False,not_requested_for_horizon_or_variant,,,no_standard_contract_within_rules,event,covered_call,,no_standard_contract_within_rules,,,True,,H25,2,TGT,,primary,0.022544608638524116,15.25417333353725,2022
,,,f8b5d9ea2f5c67f207c09d4c,time_value,,,1,1,2022-09-15,2022-09-15,,,176,,,2022-09-16,177,False,,,2022-09-15,,,,,,,"{""market_momentum"": -0.09211077495927389, ""market_volatility"": 0.015657111265164777, ""momentum"": -0.08424440867972705, ""volatility"": 0.022544608638524116, ""volume_state"": 15.25417333353725}",assumed_next_daily_close,,10,0000027419,,-0.09211077495927389,0.015657111265164777,-0.08424440867972705,,,,,,,e7dca130c5906d0fa5ea6d1b,False,,,,,,,,,,,,,,,,,,,,,,,,,,,,,,,,,,,,,,,,,,,,,,,,bounded_preclose_bid_ask,,,,False,not_sampled_or_missing_quotes,,,no_standard_contract_within_rules,event,covered_call,,no_standard_contract_within_rules,,,False,,H25,2,TGT,,primary,0.022544608638524116,15.25417333353725,2022
,,,f8b5d9ea2f5c67f207c09d4c,time_value,,,1,1,2022-09-15,2022-09-15,,,176,,,2022-09-16,177,False,,,2022-09-15,,,,,,,"{""market_momentum"": -0.09211077495927389, ""market_volatility"": 0.015657111265164777, ""momentum"": -0.08424440867972705, ""volatility"": 0.022544608638524116, ""volume_state"": 15.25417333353725}",assumed_next_daily_close,,10,0000027419,,-0.09211077495927389,0.015657111265164777,-0.08424440867972705,,,,,,,e7dca130c5906d0fa5ea6d1b,False,,,,,,,,,,,,,,,,,,,,,,,,,,,,,,,,,,,,,,,,,,,,,,,,bounded_preclose_bid_ask,,,,False,not_sampled_or_missing_quotes,,,no_standard_contract_within_rules,event,covered_call,,no_standard_contract_within_rules,,,True,,H25,2,TGT,,primary,0.022544608638524116,15.25417333353725,2022
,,,f8b5d9ea2f5c67f207c09d4c,time_value,,,1,1,2022-09-15,2022-09-15,,,176,,,2022-09-16,177,False,,,2022-09-15,,,,,,,"{""market_momentum"": -0.09211077495927389, ""market_volatility"": 0.015657111265164777, ""momentum"": -0.08424440867972705, ""volatility"": 0.022544608638524116, ""volume_state"": 15.25417333353725}",assumed_next_daily_close,,21,0000027419,,-0.09211077495927389,0.015657111265164777,-0.08424440867972705,,,,,,,e7dca130c5906d0fa5ea6d1b,False,,,,,,,,,,,,,,,,,,,,,,,,,,,,,,,,,,,,,,,,,,,,,,,,bounded_preclose_bid_ask,,,,False,not_requested_for_horizon_or_variant,,,no_standard_contract_within_rules,event,covered_call,,no_standard_contract_within_rules,,,False,,H25,2,TGT,,primary,0.022544608638524116,15.25417333353725,2022
,,,f8b5d9ea2f5c67f207c09d4c,time_value,,,1,1,2022-09-15,2022-09-15,,,176,,,2022-09-16,177,False,,,2022-09-15,,,,,,,"{""market_momentum"": -0.09211077495927389, ""market_volatility"": 0.015657111265164777, ""momentum"": -0.08424440867972705, ""volatility"": 0.022544608638524116, ""volume_state"": 15.25417333353725}",assumed_next_daily_close,,21,0000027419,,-0.09211077495927389,0.015657111265164777,-0.08424440867972705,,,,,,,e7dca130c5906d0fa5ea6d1b,False,,,,,,,,,,,,,,,,,,,,,,,,,,,,,,,,,,,,,,,,,,,,,,,,bounded_preclose_bid_ask,,,,False,not_requested_for_horizon_or_variant,,,no_standard_contract_within_rules,event,covered_call,,no_standard_contract_within_rules,,,True,,H25,2,TGT,,primary,0.022544608638524116,15.25417333353725,2022
,,,f8b5d9ea2f5c67f207c09d4c,time_value,,,1,1,2022-09-15,2022-09-15,,,176,,,2022-09-16,177,False,,,2022-09-15,,,,,,,"{""market_momentum"": -0.09211077495927389, ""market_volatility"": 0.015657111265164777, ""momentum"": -0.08424440867972705, ""volatility"": 0.022544608638524116, ""volume_state"": 15.25417333353725}",assumed_next_daily_close,,42,0000027419,,-0.09211077495927389,0.015657111265164777,-0.08424440867972705,,,,,,,e7dca130c5906d0fa5ea6d1b,False,,,,,,,,,,,,,,,,,,,,,,,,,,,,,,,,,,,,,,,,,,,,,,,,bounded_preclose_bid_ask,,,,False,not_requested_for_horizon_or_variant,,,no_standard_contract_within_rules,event,covered_call,,no_standard_contract_within_rules,,,False,,H25,2,TGT,,primary,0.022544608638524116,15.25417333353725,2022
,,,f8b5d9ea2f5c67f207c09d4c,time_value,,,1,1,2022-09-15,2022-09-15,,,176,,,2022-09-16,177,False,,,2022-09-15,,,,,,,"{""market_momentum"": -0.09211077495927389, ""market_volatility"": 0.015657111265164777, ""momentum"": -0.08424440867972705, ""volatility"": 0.022544608638524116, ""volume_state"": 15.25417333353725}",assumed_next_daily_close,,42,0000027419,,-0.09211077495927389,0.015657111265164777,-0.08424440867972705,,,,,,,e7dca130c5906d0fa5ea6d1b,False,,,,,,,,,,,,,,,,,,,,,,,,,,,,,,,,,,,,,,,,,,,,,,,,bounded_preclose_bid_ask,,,,False,not_requested_for_horizon_or_variant,,,no_standard_contract_within_rules,event,covered_call,,no_standard_contract_within_rules,,,True,,H25,2,TGT,,primary,0.022544608638524116,15.25417333353725,2022
,,,f8b5d9ea2f5c67f207c09d4c,time_value,,,1,1,2022-09-15,2022-09-15,,,176,,,2022-09-16,177,False,,,2022-09-15,,,,,,,"{""market_momentum"": -0.09211077495927389, ""market_volatility"": 0.015657111265164777, ""momentum"": -0.08424440867972705, ""volatility"": 0.022544608638524116, ""volume_state"": 15.25417333353725}",assumed_next_daily_close,,63,0000027419,,-0.09211077495927389,0.015657111265164777,-0.08424440867972705,,,,,,,e7dca130c5906d0fa5ea6d1b,False,,,,,,,,,,,,,,,,,,,,,,,,,,,,,,,,,,,,,,,,,,,,,,,,bounded_preclose_bid_ask,,,,False,not_requested_for_horizon_or_variant,,,no_standard_contract_within_rules,event,covered_call,,no_standard_contract_within_rules,,,False,,H25,2,TGT,,primary,0.022544608638524116,15.25417333353725,2022
,,,f8b5d9ea2f5c67f207c09d4c,time_value,,,1,1,2022-09-15,2022-09-15,,,176,,,2022-09-16,177,False,,,2022-09-15,,,,,,,"{""market_momentum"": -0.09211077495927389, ""market_volatility"": 0.015657111265164777, ""momentum"": -0.08424440867972705, ""volatility"": 0.022544608638524116, ""volume_state"": 15.25417333353725}",assumed_next_daily_close,,63,0000027419,,-0.09211077495927389,0.015657111265164777,-0.08424440867972705,,,,,,,e7dca130c5906d0fa5ea6d1b,False,,,,,,,,,,,,,,,,,,,,,,,,,,,,,,,,,,,,,,,,,,,,,,,,bounded_preclose_bid_ask,,,,False,not_requested_for_horizon_or_variant,,,no_standard_contract_within_rules,event,covered_call,,no_standard_contract_within_rules,,,True,,H25,2,TGT,,primary,0.022544608638524116,15.25417333353725,2022
,,,f8b5d9ea2f5c67f207c09d4c,time_value,,,1,1,2022-09-15,2022-09-15,,,176,,,2022-09-16,177,False,,,2022-09-15,,,,,,,"{""market_momentum"": -0.09211077495927389, ""market_volatility"": 0.015657111265164777, ""momentum"": -0.08424440867972705, ""volatility"": 0.022544608638524116, ""volume_state"": 15.25417333353725}",assumed_next_daily_close,,expiry,0000027419,,-0.09211077495927389,0.015657111265164777,-0.08424440867972705,,,,,,,e7dca130c5906d0fa5ea6d1b,False,,,,,,,,,,,,,,,,,,,,,,,,,,,,,,,,,,,,,,,,,,,,,,,,bounded_preclose_bid_ask,,,,False,not_requested_for_horizon_or_variant,,,no_standard_contract_within_rules,event,covered_call,,no_standard_contract_within_rules,,,False,,H25,2,TGT,,primary,0.022544608638524116,15.25417333353725,2022
,,,f8b5d9ea2f5c67f207c09d4c,time_value,,,1,1,2022-09-15,2022-09-15,,,176,,,2022-09-16,177,False,,,2022-09-15,,,,,,,"{""market_momentum"": -0.09211077495927389, ""market_volatility"": 0.015657111265164777, ""momentum"": -0.08424440867972705, ""volatility"": 0.022544608638524116, ""volume_state"": 15.25417333353725}",assumed_next_daily_close,,expiry,0000027419,,-0.09211077495927389,0.015657111265164777,-0.08424440867972705,,,,,,,e7dca130c5906d0fa5ea6d1b,False,,,,,,,,,,,,,,,,,,,,,,,,,,,,,,,,,,,,,,,,,,,,,,,,bounded_preclose_bid_ask,,,,False,not_requested_for_horizon_or_variant,,,no_standard_contract_within_rules,event,covered_call,,no_standard_contract_within_rules,,,True,,H25,2,TGT,,primary,0.022544608638524116,15.25417333353725,2022
,,,f92466f4e4a253ed1ddaa4fc,time_value,,,1,1,2025-11-12,2025-11-12,,,969,,,2025-11-13,970,False,,,2025-11-12,,,,,,,"{""market_momentum"": 0.031937544357700354, ""market_volatility"": 0.007351140101515286, ""momentum"": 0.1205479452054794, ""volatility"": 0.019243413780225132, ""volume_state"": 16.5774402694871}",assumed_next_daily_close,,1,0000014272,,0.031937544357700354,0.007351140101515286,0.1205479452054794,,,,,,,e2067d880a3b447a5e772f16,False,,,,,,,,,,,,,,,,,,,,,,,,,,,,,,,,,,,,,,,,,,,,,,,,bounded_preclose_bid_ask,,,,False,not_requested_for_horizon_or_variant,,,incomplete_prior_liquidity,event,protective_put,,incomplete_prior_liquidity,,,False,,H25,2,BMY,,primary,0.019243413780225132,16.5774402694871,2025
,,,f92466f4e4a253ed1ddaa4fc,time_value,,,1,1,2025-11-12,2025-11-12,,,969,,,2025-11-13,970,False,,,2025-11-12,,,,,,,"{""market_momentum"": 0.031937544357700354, ""market_volatility"": 0.007351140101515286, ""momentum"": 0.1205479452054794, ""volatility"": 0.019243413780225132, ""volume_state"": 16.5774402694871}",assumed_next_daily_close,,1,0000014272,,0.031937544357700354,0.007351140101515286,0.1205479452054794,,,,,,,e2067d880a3b447a5e772f16,False,,,,,,,,,,,,,,,,,,,,,,,,,,,,,,,,,,,,,,,,,,,,,,,,bounded_preclose_bid_ask,,,,False,not_requested_for_horizon_or_variant,,,incomplete_prior_liquidity,event,protective_put,,incomplete_prior_liquidity,,,True,,H25,2,BMY,,primary,0.019243413780225132,16.5774402694871,2025
,,,f92466f4e4a253ed1ddaa4fc,time_value,,,1,1,2025-11-12,2025-11-12,,,969,,,2025-11-13,970,False,,,2025-11-12,,,,,,,"{""market_momentum"": 0.031937544357700354, ""market_volatility"": 0.007351140101515286, ""momentum"": 0.1205479452054794, ""volatility"": 0.019243413780225132, ""volume_state"": 16.5774402694871}",assumed_next_daily_close,,2,0000014272,,0.031937544357700354,0.007351140101515286,0.1205479452054794,,,,,,,e2067d880a3b447a5e772f16,False,,,,,,,,,,,,,,,,,,,,,,,,,,,,,,,,,,,,,,,,,,,,,,,,bounded_preclose_bid_ask,,,,False,not_requested_for_horizon_or_variant,,,incomplete_prior_liquidity,event,protective_put,,incomplete_prior_liquidity,,,False,,H25,2,BMY,,primary,0.019243413780225132,16.5774402694871,2025
,,,f92466f4e4a253ed1ddaa4fc,time_value,,,1,1,2025-11-12,2025-11-12,,,969,,,2025-11-13,970,False,,,2025-11-12,,,,,,,"{""market_momentum"": 0.031937544357700354, ""market_volatility"": 0.007351140101515286, ""momentum"": 0.1205479452054794, ""volatility"": 0.019243413780225132, ""volume_state"": 16.5774402694871}",assumed_next_daily_close,,2,0000014272,,0.031937544357700354,0.007351140101515286,0.1205479452054794,,,,,,,e2067d880a3b447a5e772f16,False,,,,,,,,,,,,,,,,,,,,,,,,,,,,,,,,,,,,,,,,,,,,,,,,bounded_preclose_bid_ask,,,,False,not_requested_for_horizon_or_variant,,,incomplete_prior_liquidity,event,protective_put,,incomplete_prior_liquidity,,,True,,H25,2,BMY,,primary,0.019243413780225132,16.5774402694871,2025
,,,f92466f4e4a253ed1ddaa4fc,time_value,,,1,1,2025-11-12,2025-11-12,,,969,,,2025-11-13,970,False,,,2025-11-12,,,,,,,"{""market_momentum"": 0.031937544357700354, ""market_volatility"": 0.007351140101515286, ""momentum"": 0.1205479452054794, ""volatility"": 0.019243413780225132, ""volume_state"": 16.5774402694871}",assumed_next_daily_close,,3,0000014272,,0.031937544357700354,0.007351140101515286,0.1205479452054794,,,,,,,e2067d880a3b447a5e772f16,False,,,,,,,,,,,,,,,,,,,,,,,,,,,,,,,,,,,,,,,,,,,,,,,,bounded_preclose_bid_ask,,,,False,not_requested_for_horizon_or_variant,,,incomplete_prior_liquidity,event,protective_put,,incomplete_prior_liquidity,,,False,,H25,2,BMY,,primary,0.019243413780225132,16.5774402694871,2025
,,,f92466f4e4a253ed1ddaa4fc,time_value,,,1,1,2025-11-12,2025-11-12,,,969,,,2025-11-13,970,False,,,2025-11-12,,,,,,,"{""market_momentum"": 0.031937544357700354, ""market_volatility"": 0.007351140101515286, ""momentum"": 0.1205479452054794, ""volatility"": 0.019243413780225132, ""volume_state"": 16.5774402694871}",assumed_next_daily_close,,3,0000014272,,0.031937544357700354,0.007351140101515286,0.1205479452054794,,,,,,,e2067d880a3b447a5e772f16,False,,,,,,,,,,,,,,,,,,,,,,,,,,,,,,,,,,,,,,,,,,,,,,,,bounded_preclose_bid_ask,,,,False,not_requested_for_horizon_or_variant,,,incomplete_prior_liquidity,event,protective_put,,incomplete_prior_liquidity,,,True,,H25,2,BMY,,primary,0.019243413780225132,16.5774402694871,2025
,,,f92466f4e4a253ed1ddaa4fc,time_value,,,1,1,2025-11-12,2025-11-12,,,969,,,2025-11-13,970,False,,,2025-11-12,,,,,,,"{""market_momentum"": 0.031937544357700354, ""market_volatility"": 0.007351140101515286, ""momentum"": 0.1205479452054794, ""volatility"": 0.019243413780225132, ""volume_state"": 16.5774402694871}",assumed_next_daily_close,,5,0000014272,,0.031937544357700354,0.007351140101515286,0.1205479452054794,,,,,,,e2067d880a3b447a5e772f16,False,,,,,,,,,,,,,,,,,,,,,,,,,,,,,,,,,,,,,,,,,,,,,,,,bounded_preclose_bid_ask,,,,False,not_requested_for_horizon_or_variant,,,incomplete_prior_liquidity,event,protective_put,,incomplete_prior_liquidity,,,False,,H25,2,BMY,,primary,0.019243413780225132,16.5774402694871,2025
,,,f92466f4e4a253ed1ddaa4fc,time_value,,,1,1,2025-11-12,2025-11-12,,,969,,,2025-11-13,970,False,,,2025-11-12,,,,,,,"{""market_momentum"": 0.031937544357700354, ""market_volatility"": 0.007351140101515286, ""momentum"": 0.1205479452054794, ""volatility"": 0.019243413780225132, ""volume_state"": 16.5774402694871}",assumed_next_daily_close,,5,0000014272,,0.031937544357700354,0.007351140101515286,0.1205479452054794,,,,,,,e2067d880a3b447a5e772f16,False,,,,,,,,,,,,,,,,,,,,,,,,,,,,,,,,,,,,,,,,,,,,,,,,bounded_preclose_bid_ask,,,,False,not_requested_for_horizon_or_variant,,,incomplete_prior_liquidity,event,protective_put,,incomplete_prior_liquidity,,,True,,H25,2,BMY,,primary,0.019243413780225132,16.5774402694871,2025
,,,f92466f4e4a253ed1ddaa4fc,time_value,,,1,1,2025-11-12,2025-11-12,,,969,,,2025-11-13,970,False,,,2025-11-12,,,,,,,"{""market_momentum"": 0.031937544357700354, ""market_volatility"": 0.007351140101515286, ""momentum"": 0.1205479452054794, ""volatility"": 0.019243413780225132, ""volume_state"": 16.5774402694871}",assumed_next_daily_close,,10,0000014272,,0.031937544357700354,0.007351140101515286,0.1205479452054794,,,,,,,e2067d880a3b447a5e772f16,False,,,,,,,,,,,,,,,,,,,,,,,,,,,,,,,,,,,,,,,,,,,,,,,,bounded_preclose_bid_ask,,,,False,bar_outcome_not_completed,,,incomplete_prior_liquidity,event,protective_put,,incomplete_prior_liquidity,,,False,,H25,2,BMY,,primary,0.019243413780225132,16.5774402694871,2025
,,,f92466f4e4a253ed1ddaa4fc,time_value,,,1,1,2025-11-12,2025-11-12,,,969,,,2025-11-13,970,False,,,2025-11-12,,,,,,,"{""market_momentum"": 0.031937544357700354, ""market_volatility"": 0.007351140101515286, ""momentum"": 0.1205479452054794, ""volatility"": 0.019243413780225132, ""volume_state"": 16.5774402694871}",assumed_next_daily_close,,10,0000014272,,0.031937544357700354,0.007351140101515286,0.1205479452054794,,,,,,,e2067d880a3b447a5e772f16,False,,,,,,,,,,,,,,,,,,,,,,,,,,,,,,,,,,,,,,,,,,,,,,,,bounded_preclose_bid_ask,,,,False,bar_outcome_not_completed,,,incomplete_prior_liquidity,event,protective_put,,incomplete_prior_liquidity,,,True,,H25,2,BMY,,primary,0.019243413780225132,16.5774402694871,2025
,,,f92466f4e4a253ed1ddaa4fc,time_value,,,1,1,2025-11-12,2025-11-12,,,969,,,2025-11-13,970,False,,,2025-11-12,,,,,,,"{""market_momentum"": 0.031937544357700354, ""market_volatility"": 0.007351140101515286, ""momentum"": 0.1205479452054794, ""volatility"": 0.019243413780225132, ""volume_state"": 16.5774402694871}",assumed_next_daily_close,,21,0000014272,,0.031937544357700354,0.007351140101515286,0.1205479452054794,,,,,,,e2067d880a3b447a5e772f16,False,,,,,,,,,,,,,,,,,,,,,,,,,,,,,,,,,,,,,,,,,,,,,,,,bounded_preclose_bid_ask,,,,False,not_requested_for_horizon_or_variant,,,incomplete_prior_liquidity,event,protective_put,,incomplete_prior_liquidity,,,False,,H25,2,BMY,,primary,0.019243413780225132,16.5774402694871,2025
,,,f92466f4e4a253ed1ddaa4fc,time_value,,,1,1,2025-11-12,2025-11-12,,,969,,,2025-11-13,970,False,,,2025-11-12,,,,,,,"{""market_momentum"": 0.031937544357700354, ""market_volatility"": 0.007351140101515286, ""momentum"": 0.1205479452054794, ""volatility"": 0.019243413780225132, ""volume_state"": 16.5774402694871}",assumed_next_daily_close,,21,0000014272,,0.031937544357700354,0.007351140101515286,0.1205479452054794,,,,,,,e2067d880a3b447a5e772f16,False,,,,,,,,,,,,,,,,,,,,,,,,,,,,,,,,,,,,,,,,,,,,,,,,bounded_preclose_bid_ask,,,,False,not_requested_for_horizon_or_variant,,,incomplete_prior_liquidity,event,protective_put,,incomplete_prior_liquidity,,,True,,H25,2,BMY,,primary,0.019243413780225132,16.5774402694871,2025
,,,f92466f4e4a253ed1ddaa4fc,time_value,,,1,1,2025-11-12,2025-11-12,,,969,,,2025-11-13,970,False,,,2025-11-12,,,,,,,"{""market_momentum"": 0.031937544357700354, ""market_volatility"": 0.007351140101515286, ""momentum"": 0.1205479452054794, ""volatility"": 0.019243413780225132, ""volume_state"": 16.5774402694871}",assumed_next_daily_close,,42,0000014272,,0.031937544357700354,0.007351140101515286,0.1205479452054794,,,,,,,e2067d880a3b447a5e772f16,False,,,,,,,,,,,,,,,,,,,,,,,,,,,,,,,,,,,,,,,,,,,,,,,,bounded_preclose_bid_ask,,,,False,not_requested_for_horizon_or_variant,,,incomplete_prior_liquidity,event,protective_put,,incomplete_prior_liquidity,,,False,,H25,2,BMY,,primary,0.019243413780225132,16.5774402694871,2025
,,,f92466f4e4a253ed1ddaa4fc,time_value,,,1,1,2025-11-12,2025-11-12,,,969,,,2025-11-13,970,False,,,2025-11-12,,,,,,,"{""market_momentum"": 0.031937544357700354, ""market_volatility"": 0.007351140101515286, ""momentum"": 0.1205479452054794, ""volatility"": 0.019243413780225132, ""volume_state"": 16.5774402694871}",assumed_next_daily_close,,42,0000014272,,0.031937544357700354,0.007351140101515286,0.1205479452054794,,,,,,,e2067d880a3b447a5e772f16,False,,,,,,,,,,,,,,,,,,,,,,,,,,,,,,,,,,,,,,,,,,,,,,,,bounded_preclose_bid_ask,,,,False,not_requested_for_horizon_or_variant,,,incomplete_prior_liquidity,event,protective_put,,incomplete_prior_liquidity,,,True,,H25,2,BMY,,primary,0.019243413780225132,16.5774402694871,2025
,,,f92466f4e4a253ed1ddaa4fc,time_value,,,1,1,2025-11-12,2025-11-12,,,969,,,2025-11-13,970,False,,,2025-11-12,,,,,,,"{""market_momentum"": 0.031937544357700354, ""market_volatility"": 0.007351140101515286, ""momentum"": 0.1205479452054794, ""volatility"": 0.019243413780225132, ""volume_state"": 16.5774402694871}",assumed_next_daily_close,,63,0000014272,,0.031937544357700354,0.007351140101515286,0.1205479452054794,,,,,,,e2067d880a3b447a5e772f16,False,,,,,,,,,,,,,,,,,,,,,,,,,,,,,,,,,,,,,,,,,,,,,,,,bounded_preclose_bid_ask,,,,False,not_requested_for_horizon_or_variant,,,incomplete_prior_liquidity,event,protective_put,,incomplete_prior_liquidity,,,False,,H25,2,BMY,,primary,0.019243413780225132,16.5774402694871,2025
,,,f92466f4e4a253ed1ddaa4fc,time_value,,,1,1,2025-11-12,2025-11-12,,,969,,,2025-11-13,970,False,,,2025-11-12,,,,,,,"{""market_momentum"": 0.031937544357700354, ""market_volatility"": 0.007351140101515286, ""momentum"": 0.1205479452054794, ""volatility"": 0.019243413780225132, ""volume_state"": 16.5774402694871}",assumed_next_daily_close,,63,0000014272,,0.031937544357700354,0.007351140101515286,0.1205479452054794,,,,,,,e2067d880a3b447a5e772f16,False,,,,,,,,,,,,,,,,,,,,,,,,,,,,,,,,,,,,,,,,,,,,,,,,bounded_preclose_bid_ask,,,,False,not_requested_for_horizon_or_variant,,,incomplete_prior_liquidity,event,protective_put,,incomplete_prior_liquidity,,,True,,H25,2,BMY,,primary,0.019243413780225132,16.5774402694871,2025
,,,f92466f4e4a253ed1ddaa4fc,time_value,,,1,1,2025-11-12,2025-11-12,,,969,,,2025-11-13,970,False,,,2025-11-12,,,,,,,"{""market_momentum"": 0.031937544357700354, ""market_volatility"": 0.007351140101515286, ""momentum"": 0.1205479452054794, ""volatility"": 0.019243413780225132, ""volume_state"": 16.5774402694871}",assumed_next_daily_close,,expiry,0000014272,,0.031937544357700354,0.007351140101515286,0.1205479452054794,,,,,,,e2067d880a3b447a5e772f16,False,,,,,,,,,,,,,,,,,,,,,,,,,,,,,,,,,,,,,,,,,,,,,,,,bounded_preclose_bid_ask,,,,False,not_requested_for_horizon_or_variant,,,incomplete_prior_liquidity,event,protective_put,,incomplete_prior_liquidity,,,False,,H25,2,BMY,,primary,0.019243413780225132,16.5774402694871,2025
,,,f92466f4e4a253ed1ddaa4fc,time_value,,,1,1,2025-11-12,2025-11-12,,,969,,,2025-11-13,970,False,,,2025-11-12,,,,,,,"{""market_momentum"": 0.031937544357700354, ""market_volatility"": 0.007351140101515286, ""momentum"": 0.1205479452054794, ""volatility"": 0.019243413780225132, ""volume_state"": 16.5774402694871}",assumed_next_daily_close,,expiry,0000014272,,0.031937544357700354,0.007351140101515286,0.1205479452054794,,,,,,,e2067d880a3b447a5e772f16,False,,,,,,,,,,,,,,,,,,,,,,,,,,,,,,,,,,,,,,,,,,,,,,,,bounded_preclose_bid_ask,,,,False,not_requested_for_horizon_or_variant,,,incomplete_prior_liquidity,event,protective_put,,incomplete_prior_liquidity,,,True,,H25,2,BMY,,primary,0.019243413780225132,16.5774402694871,2025
,,,f966b2a80a2bf53c5e48a2e5,time_value,,,1,1,2022-09-15,2022-09-15,,,176,,,2022-09-16,177,False,,,2022-09-15,,,,,,,"{""market_momentum"": -0.09211077495927389, ""market_volatility"": 0.015657111265164777, ""momentum"": -0.08424440867972705, ""volatility"": 0.022544608638524116, ""volume_state"": 15.25417333353725}",assumed_next_daily_close,,1,0000027419,,-0.09211077495927389,0.015657111265164777,-0.08424440867972705,,,,,,,e7dca130c5906d0fa5ea6d1b,False,,,,,,,,,,,,,,,,,,,,,,,,,,,,,,,,,,,,,,,,,,,,,,,,bounded_preclose_bid_ask,,,,False,not_requested_for_horizon_or_variant,,,no_standard_contract_within_rules,event,protective_put,,no_standard_contract_within_rules,,,False,,H25,2,TGT,,primary,0.022544608638524116,15.25417333353725,2022
,,,f966b2a80a2bf53c5e48a2e5,time_value,,,1,1,2022-09-15,2022-09-15,,,176,,,2022-09-16,177,False,,,2022-09-15,,,,,,,"{""market_momentum"": -0.09211077495927389, ""market_volatility"": 0.015657111265164777, ""momentum"": -0.08424440867972705, ""volatility"": 0.022544608638524116, ""volume_state"": 15.25417333353725}",assumed_next_daily_close,,1,0000027419,,-0.09211077495927389,0.015657111265164777,-0.08424440867972705,,,,,,,e7dca130c5906d0fa5ea6d1b,False,,,,,,,,,,,,,,,,,,,,,,,,,,,,,,,,,,,,,,,,,,,,,,,,bounded_preclose_bid_ask,,,,False,not_requested_for_horizon_or_variant,,,no_standard_contract_within_rules,event,protective_put,,no_standard_contract_within_rules,,,True,,H25,2,TGT,,primary,0.022544608638524116,15.25417333353725,2022
,,,f966b2a80a2bf53c5e48a2e5,time_value,,,1,1,2022-09-15,2022-09-15,,,176,,,2022-09-16,177,False,,,2022-09-15,,,,,,,"{""market_momentum"": -0.09211077495927389, ""market_volatility"": 0.015657111265164777, ""momentum"": -0.08424440867972705, ""volatility"": 0.022544608638524116, ""volume_state"": 15.25417333353725}",assumed_next_daily_close,,2,0000027419,,-0.09211077495927389,0.015657111265164777,-0.08424440867972705,,,,,,,e7dca130c5906d0fa5ea6d1b,False,,,,,,,,,,,,,,,,,,,,,,,,,,,,,,,,,,,,,,,,,,,,,,,,bounded_preclose_bid_ask,,,,False,not_requested_for_horizon_or_variant,,,no_standard_contract_within_rules,event,protective_put,,no_standard_contract_within_rules,,,False,,H25,2,TGT,,primary,0.022544608638524116,15.25417333353725,2022
,,,f966b2a80a2bf53c5e48a2e5,time_value,,,1,1,2022-09-15,2022-09-15,,,176,,,2022-09-16,177,False,,,2022-09-15,,,,,,,"{""market_momentum"": -0.09211077495927389, ""market_volatility"": 0.015657111265164777, ""momentum"": -0.08424440867972705, ""volatility"": 0.022544608638524116, ""volume_state"": 15.25417333353725}",assumed_next_daily_close,,2,0000027419,,-0.09211077495927389,0.015657111265164777,-0.08424440867972705,,,,,,,e7dca130c5906d0fa5ea6d1b,False,,,,,,,,,,,,,,,,,,,,,,,,,,,,,,,,,,,,,,,,,,,,,,,,bounded_preclose_bid_ask,,,,False,not_requested_for_horizon_or_variant,,,no_standard_contract_within_rules,event,protective_put,,no_standard_contract_within_rules,,,True,,H25,2,TGT,,primary,0.022544608638524116,15.25417333353725,2022
,,,f966b2a80a2bf53c5e48a2e5,time_value,,,1,1,2022-09-15,2022-09-15,,,176,,,2022-09-16,177,False,,,2022-09-15,,,,,,,"{""market_momentum"": -0.09211077495927389, ""market_volatility"": 0.015657111265164777, ""momentum"": -0.08424440867972705, ""volatility"": 0.022544608638524116, ""volume_state"": 15.25417333353725}",assumed_next_daily_close,,3,0000027419,,-0.09211077495927389,0.015657111265164777,-0.08424440867972705,,,,,,,e7dca130c5906d0fa5ea6d1b,False,,,,,,,,,,,,,,,,,,,,,,,,,,,,,,,,,,,,,,,,,,,,,,,,bounded_preclose_bid_ask,,,,False,not_requested_for_horizon_or_variant,,,no_standard_contract_within_rules,event,protective_put,,no_standard_contract_within_rules,,,False,,H25,2,TGT,,primary,0.022544608638524116,15.25417333353725,2022
,,,f966b2a80a2bf53c5e48a2e5,time_value,,,1,1,2022-09-15,2022-09-15,,,176,,,2022-09-16,177,False,,,2022-09-15,,,,,,,"{""market_momentum"": -0.09211077495927389, ""market_volatility"": 0.015657111265164777, ""momentum"": -0.08424440867972705, ""volatility"": 0.022544608638524116, ""volume_state"": 15.25417333353725}",assumed_next_daily_close,,3,0000027419,,-0.09211077495927389,0.015657111265164777,-0.08424440867972705,,,,,,,e7dca130c5906d0fa5ea6d1b,False,,,,,,,,,,,,,,,,,,,,,,,,,,,,,,,,,,,,,,,,,,,,,,,,bounded_preclose_bid_ask,,,,False,not_requested_for_horizon_or_variant,,,no_standard_contract_within_rules,event,protective_put,,no_standard_contract_within_rules,,,True,,H25,2,TGT,,primary,0.022544608638524116,15.25417333353725,2022
,,,f966b2a80a2bf53c5e48a2e5,time_value,,,1,1,2022-09-15,2022-09-15,,,176,,,2022-09-16,177,False,,,2022-09-15,,,,,,,"{""market_momentum"": -0.09211077495927389, ""market_volatility"": 0.015657111265164777, ""momentum"": -0.08424440867972705, ""volatility"": 0.022544608638524116, ""volume_state"": 15.25417333353725}",assumed_next_daily_close,,5,0000027419,,-0.09211077495927389,0.015657111265164777,-0.08424440867972705,,,,,,,e7dca130c5906d0fa5ea6d1b,False,,,,,,,,,,,,,,,,,,,,,,,,,,,,,,,,,,,,,,,,,,,,,,,,bounded_preclose_bid_ask,,,,False,not_requested_for_horizon_or_variant,,,no_standard_contract_within_rules,event,protective_put,,no_standard_contract_within_rules,,,False,,H25,2,TGT,,primary,0.022544608638524116,15.25417333353725,2022
,,,f966b2a80a2bf53c5e48a2e5,time_value,,,1,1,2022-09-15,2022-09-15,,,176,,,2022-09-16,177,False,,,2022-09-15,,,,,,,"{""market_momentum"": -0.09211077495927389, ""market_volatility"": 0.015657111265164777, ""momentum"": -0.08424440867972705, ""volatility"": 0.022544608638524116, ""volume_state"": 15.25417333353725}",assumed_next_daily_close,,5,0000027419,,-0.09211077495927389,0.015657111265164777,-0.08424440867972705,,,,,,,e7dca130c5906d0fa5ea6d1b,False,,,,,,,,,,,,,,,,,,,,,,,,,,,,,,,,,,,,,,,,,,,,,,,,bounded_preclose_bid_ask,,,,False,not_requested_for_horizon_or_variant,,,no_standard_contract_within_rules,event,protective_put,,no_standard_contract_within_rules,,,True,,H25,2,TGT,,primary,0.022544608638524116,15.25417333353725,2022
,,,f966b2a80a2bf53c5e48a2e5,time_value,,,1,1,2022-09-15,2022-09-15,,,176,,,2022-09-16,177,False,,,2022-09-15,,,,,,,"{""market_momentum"": -0.09211077495927389, ""market_volatility"": 0.015657111265164777, ""momentum"": -0.08424440867972705, ""volatility"": 0.022544608638524116, ""volume_state"": 15.25417333353725}",assumed_next_daily_close,,10,0000027419,,-0.09211077495927389,0.015657111265164777,-0.08424440867972705,,,,,,,e7dca130c5906d0fa5ea6d1b,False,,,,,,,,,,,,,,,,,,,,,,,,,,,,,,,,,,,,,,,,,,,,,,,,bounded_preclose_bid_ask,,,,False,not_sampled_or_missing_quotes,,,no_standard_contract_within_rules,event,protective_put,,no_standard_contract_within_rules,,,False,,H25,2,TGT,,primary,0.022544608638524116,15.25417333353725,2022
,,,f966b2a80a2bf53c5e48a2e5,time_value,,,1,1,2022-09-15,2022-09-15,,,176,,,2022-09-16,177,False,,,2022-09-15,,,,,,,"{""market_momentum"": -0.09211077495927389, ""market_volatility"": 0.015657111265164777, ""momentum"": -0.08424440867972705, ""volatility"": 0.022544608638524116, ""volume_state"": 15.25417333353725}",assumed_next_daily_close,,10,0000027419,,-0.09211077495927389,0.015657111265164777,-0.08424440867972705,,,,,,,e7dca130c5906d0fa5ea6d1b,False,,,,,,,,,,,,,,,,,,,,,,,,,,,,,,,,,,,,,,,,,,,,,,,,bounded_preclose_bid_ask,,,,False,not_sampled_or_missing_quotes,,,no_standard_contract_within_rules,event,protective_put,,no_standard_contract_within_rules,,,True,,H25,2,TGT,,primary,0.022544608638524116,15.25417333353725,2022
,,,f966b2a80a2bf53c5e48a2e5,time_value,,,1,1,2022-09-15,2022-09-15,,,176,,,2022-09-16,177,False,,,2022-09-15,,,,,,,"{""market_momentum"": -0.09211077495927389, ""market_volatility"": 0.015657111265164777, ""momentum"": -0.08424440867972705, ""volatility"": 0.022544608638524116, ""volume_state"": 15.25417333353725}",assumed_next_daily_close,,21,0000027419,,-0.09211077495927389,0.015657111265164777,-0.08424440867972705,,,,,,,e7dca130c5906d0fa5ea6d1b,False,,,,,,,,,,,,,,,,,,,,,,,,,,,,,,,,,,,,,,,,,,,,,,,,bounded_preclose_bid_ask,,,,False,not_requested_for_horizon_or_variant,,,no_standard_contract_within_rules,event,protective_put,,no_standard_contract_within_rules,,,False,,H25,2,TGT,,primary,0.022544608638524116,15.25417333353725,2022
,,,f966b2a80a2bf53c5e48a2e5,time_value,,,1,1,2022-09-15,2022-09-15,,,176,,,2022-09-16,177,False,,,2022-09-15,,,,,,,"{""market_momentum"": -0.09211077495927389, ""market_volatility"": 0.015657111265164777, ""momentum"": -0.08424440867972705, ""volatility"": 0.022544608638524116, ""volume_state"": 15.25417333353725}",assumed_next_daily_close,,21,0000027419,,-0.09211077495927389,0.015657111265164777,-0.08424440867972705,,,,,,,e7dca130c5906d0fa5ea6d1b,False,,,,,,,,,,,,,,,,,,,,,,,,,,,,,,,,,,,,,,,,,,,,,,,,bounded_preclose_bid_ask,,,,False,not_requested_for_horizon_or_variant,,,no_standard_contract_within_rules,event,protective_put,,no_standard_contract_within_rules,,,True,,H25,2,TGT,,primary,0.022544608638524116,15.25417333353725,2022
,,,f966b2a80a2bf53c5e48a2e5,time_value,,,1,1,2022-09-15,2022-09-15,,,176,,,2022-09-16,177,False,,,2022-09-15,,,,,,,"{""market_momentum"": -0.09211077495927389, ""market_volatility"": 0.015657111265164777, ""momentum"": -0.08424440867972705, ""volatility"": 0.022544608638524116, ""volume_state"": 15.25417333353725}",assumed_next_daily_close,,42,0000027419,,-0.09211077495927389,0.015657111265164777,-0.08424440867972705,,,,,,,e7dca130c5906d0fa5ea6d1b,False,,,,,,,,,,,,,,,,,,,,,,,,,,,,,,,,,,,,,,,,,,,,,,,,bounded_preclose_bid_ask,,,,False,not_requested_for_horizon_or_variant,,,no_standard_contract_within_rules,event,protective_put,,no_standard_contract_within_rules,,,False,,H25,2,TGT,,primary,0.022544608638524116,15.25417333353725,2022
,,,f966b2a80a2bf53c5e48a2e5,time_value,,,1,1,2022-09-15,2022-09-15,,,176,,,2022-09-16,177,False,,,2022-09-15,,,,,,,"{""market_momentum"": -0.09211077495927389, ""market_volatility"": 0.015657111265164777, ""momentum"": -0.08424440867972705, ""volatility"": 0.022544608638524116, ""volume_state"": 15.25417333353725}",assumed_next_daily_close,,42,0000027419,,-0.09211077495927389,0.015657111265164777,-0.08424440867972705,,,,,,,e7dca130c5906d0fa5ea6d1b,False,,,,,,,,,,,,,,,,,,,,,,,,,,,,,,,,,,,,,,,,,,,,,,,,bounded_preclose_bid_ask,,,,False,not_requested_for_horizon_or_variant,,,no_standard_contract_within_rules,event,protective_put,,no_standard_contract_within_rules,,,True,,H25,2,TGT,,primary,0.022544608638524116,15.25417333353725,2022
,,,f966b2a80a2bf53c5e48a2e5,time_value,,,1,1,2022-09-15,2022-09-15,,,176,,,2022-09-16,177,False,,,2022-09-15,,,,,,,"{""market_momentum"": -0.09211077495927389, ""market_volatility"": 0.015657111265164777, ""momentum"": -0.08424440867972705, ""volatility"": 0.022544608638524116, ""volume_state"": 15.25417333353725}",assumed_next_daily_close,,63,0000027419,,-0.09211077495927389,0.015657111265164777,-0.08424440867972705,,,,,,,e7dca130c5906d0fa5ea6d1b,False,,,,,,,,,,,,,,,,,,,,,,,,,,,,,,,,,,,,,,,,,,,,,,,,bounded_preclose_bid_ask,,,,False,not_requested_for_horizon_or_variant,,,no_standard_contract_within_rules,event,protective_put,,no_standard_contract_within_rules,,,False,,H25,2,TGT,,primary,0.022544608638524116,15.25417333353725,2022
,,,f966b2a80a2bf53c5e48a2e5,time_value,,,1,1,2022-09-15,2022-09-15,,,176,,,2022-09-16,177,False,,,2022-09-15,,,,,,,"{""market_momentum"": -0.09211077495927389, ""market_volatility"": 0.015657111265164777, ""momentum"": -0.08424440867972705, ""volatility"": 0.022544608638524116, ""volume_state"": 15.25417333353725}",assumed_next_daily_close,,63,0000027419,,-0.09211077495927389,0.015657111265164777,-0.08424440867972705,,,,,,,e7dca130c5906d0fa5ea6d1b,False,,,,,,,,,,,,,,,,,,,,,,,,,,,,,,,,,,,,,,,,,,,,,,,,bounded_preclose_bid_ask,,,,False,not_requested_for_horizon_or_variant,,,no_standard_contract_within_rules,event,protective_put,,no_standard_contract_within_rules,,,True,,H25,2,TGT,,primary,0.022544608638524116,15.25417333353725,2022
,,,f966b2a80a2bf53c5e48a2e5,time_value,,,1,1,2022-09-15,2022-09-15,,,176,,,2022-09-16,177,False,,,2022-09-15,,,,,,,"{""market_momentum"": -0.09211077495927389, ""market_volatility"": 0.015657111265164777, ""momentum"": -0.08424440867972705, ""volatility"": 0.022544608638524116, ""volume_state"": 15.25417333353725}",assumed_next_daily_close,,expiry,0000027419,,-0.09211077495927389,0.015657111265164777,-0.08424440867972705,,,,,,,e7dca130c5906d0fa5ea6d1b,False,,,,,,,,,,,,,,,,,,,,,,,,,,,,,,,,,,,,,,,,,,,,,,,,bounded_preclose_bid_ask,,,,False,not_requested_for_horizon_or_variant,,,no_standard_contract_within_rules,event,protective_put,,no_standard_contract_within_rules,,,False,,H25,2,TGT,,primary,0.022544608638524116,15.25417333353725,2022
,,,f966b2a80a2bf53c5e48a2e5,time_value,,,1,1,2022-09-15,2022-09-15,,,176,,,2022-09-16,177,False,,,2022-09-15,,,,,,,"{""market_momentum"": -0.09211077495927389, ""market_volatility"": 0.015657111265164777, ""momentum"": -0.08424440867972705, ""volatility"": 0.022544608638524116, ""volume_state"": 15.25417333353725}",assumed_next_daily_close,,expiry,0000027419,,-0.09211077495927389,0.015657111265164777,-0.08424440867972705,,,,,,,e7dca130c5906d0fa5ea6d1b,False,,,,,,,,,,,,,,,,,,,,,,,,,,,,,,,,,,,,,,,,,,,,,,,,bounded_preclose_bid_ask,,,,False,not_requested_for_horizon_or_variant,,,no_standard_contract_within_rules,event,protective_put,,no_standard_contract_within_rules,,,True,,H25,2,TGT,,primary,0.022544608638524116,15.25417333353725,2022
