bin_training_scope,comparator,cutpoints,diagnostic,effect_id,estimate,excluded_pairs,horizon,issuers,metric,omitted_issuer,pairs,reason,reused_controls,shape,state,state_feature,status,study,support,threshold,training_observations,variant,year
,ordinary,,registered_setting_or_year,H25:overlay_increment:ordinary,0.006275671428682772,14,10,2,overlay_increment,,2,registered_pair_or_issuer_floor,0,covered_call,,,insufficient_support,H25,False,0.001,,primary,all
,ordinary,,registered_setting_or_year,H25:overlay_increment:ordinary,,6,10,0,overlay_increment,,0,registered_pair_or_issuer_floor,0,covered_call,,,insufficient_support,H25,False,0.001,,primary,2023
,ordinary,,registered_setting_or_year,H25:overlay_increment:ordinary,-0.009949127700715828,6,10,1,overlay_increment,,1,registered_pair_or_issuer_floor,0,covered_call,,,insufficient_support,H25,False,0.001,,primary,2024
,ordinary,,registered_setting_or_year,H25:overlay_increment:ordinary,,6,10,0,overlay_increment,,0,registered_pair_or_issuer_floor,0,covered_call,,,insufficient_support,H25,False,0.001,,primary,2025
,ordinary,,registered_setting_or_year,H25:overlay_increment:ordinary,,0,10,0,overlay_increment,,0,registered_pair_or_issuer_floor,0,covered_call,,,insufficient_support,H25,False,0.001,,double_cost,all
,ordinary,,registered_setting_or_year,H25:overlay_increment:ordinary,,0,10,0,overlay_increment,,0,registered_pair_or_issuer_floor,0,covered_call,,,insufficient_support,H25,False,0.001,,double_cost,2023
,ordinary,,registered_setting_or_year,H25:overlay_increment:ordinary,,0,10,0,overlay_increment,,0,registered_pair_or_issuer_floor,0,covered_call,,,insufficient_support,H25,False,0.001,,double_cost,2024
,ordinary,,registered_setting_or_year,H25:overlay_increment:ordinary,,0,10,0,overlay_increment,,0,registered_pair_or_issuer_floor,0,covered_call,,,insufficient_support,H25,False,0.001,,double_cost,2025
,ordinary,,registered_setting_or_year,H25:overlay_increment:ordinary,,0,10,0,overlay_increment,,0,registered_pair_or_issuer_floor,0,covered_call,,,insufficient_support,H25,False,0.001,,delay1,all
,ordinary,,registered_setting_or_year,H25:overlay_increment:ordinary,,0,10,0,overlay_increment,,0,registered_pair_or_issuer_floor,0,covered_call,,,insufficient_support,H25,False,0.001,,delay1,2023
,ordinary,,registered_setting_or_year,H25:overlay_increment:ordinary,,0,10,0,overlay_increment,,0,registered_pair_or_issuer_floor,0,covered_call,,,insufficient_support,H25,False,0.001,,delay1,2024
,ordinary,,registered_setting_or_year,H25:overlay_increment:ordinary,,0,10,0,overlay_increment,,0,registered_pair_or_issuer_floor,0,covered_call,,,insufficient_support,H25,False,0.001,,delay1,2025
,ordinary,,registered_setting_or_year,H25:overlay_increment:ordinary,,0,10,0,overlay_increment,,0,registered_pair_or_issuer_floor,0,covered_call,,,insufficient_support,H25,False,0.001,,delay3,all
,ordinary,,registered_setting_or_year,H25:overlay_increment:ordinary,,0,10,0,overlay_increment,,0,registered_pair_or_issuer_floor,0,covered_call,,,insufficient_support,H25,False,0.001,,delay3,2023
,ordinary,,registered_setting_or_year,H25:overlay_increment:ordinary,,0,10,0,overlay_increment,,0,registered_pair_or_issuer_floor,0,covered_call,,,insufficient_support,H25,False,0.001,,delay3,2024
,ordinary,,registered_setting_or_year,H25:overlay_increment:ordinary,,0,10,0,overlay_increment,,0,registered_pair_or_issuer_floor,0,covered_call,,,insufficient_support,H25,False,0.001,,delay3,2025
,ordinary,,registered_setting_or_year,H25:overlay_increment:ordinary,,0,10,0,overlay_increment,,0,registered_pair_or_issuer_floor,0,covered_call,,,insufficient_support,H25,False,0.001,,delay5,all
,ordinary,,registered_setting_or_year,H25:overlay_increment:ordinary,,0,10,0,overlay_increment,,0,registered_pair_or_issuer_floor,0,covered_call,,,insufficient_support,H25,False,0.001,,delay5,2023
,ordinary,,registered_setting_or_year,H25:overlay_increment:ordinary,,0,10,0,overlay_increment,,0,registered_pair_or_issuer_floor,0,covered_call,,,insufficient_support,H25,False,0.001,,delay5,2024
,ordinary,,registered_setting_or_year,H25:overlay_increment:ordinary,,0,10,0,overlay_increment,,0,registered_pair_or_issuer_floor,0,covered_call,,,insufficient_support,H25,False,0.001,,delay5,2025
,ordinary,,registered_setting_or_year,H25:overlay_increment:ordinary,,0,10,0,overlay_increment,,0,registered_pair_or_issuer_floor,0,covered_call,,,insufficient_support,H25,False,0.001,,dte30,all
,ordinary,,registered_setting_or_year,H25:overlay_increment:ordinary,,0,10,0,overlay_increment,,0,registered_pair_or_issuer_floor,0,covered_call,,,insufficient_support,H25,False,0.001,,dte30,2023
,ordinary,,registered_setting_or_year,H25:overlay_increment:ordinary,,0,10,0,overlay_increment,,0,registered_pair_or_issuer_floor,0,covered_call,,,insufficient_support,H25,False,0.001,,dte30,2024
,ordinary,,registered_setting_or_year,H25:overlay_increment:ordinary,,0,10,0,overlay_increment,,0,registered_pair_or_issuer_floor,0,covered_call,,,insufficient_support,H25,False,0.001,,dte30,2025
,ordinary,,registered_setting_or_year,H25:overlay_increment:ordinary,,0,10,0,overlay_increment,,0,registered_pair_or_issuer_floor,0,covered_call,,,insufficient_support,H25,False,0.001,,dte60,all
,ordinary,,registered_setting_or_year,H25:overlay_increment:ordinary,,0,10,0,overlay_increment,,0,registered_pair_or_issuer_floor,0,covered_call,,,insufficient_support,H25,False,0.001,,dte60,2023
,ordinary,,registered_setting_or_year,H25:overlay_increment:ordinary,,0,10,0,overlay_increment,,0,registered_pair_or_issuer_floor,0,covered_call,,,insufficient_support,H25,False,0.001,,dte60,2024
,ordinary,,registered_setting_or_year,H25:overlay_increment:ordinary,,0,10,0,overlay_increment,,0,registered_pair_or_issuer_floor,0,covered_call,,,insufficient_support,H25,False,0.001,,dte60,2025
,ordinary,,registered_setting_or_year,H25:overlay_increment:ordinary,,0,10,0,overlay_increment,,0,registered_pair_or_issuer_floor,0,covered_call,,,insufficient_support,H25,False,0.001,,otm3,all
,ordinary,,registered_setting_or_year,H25:overlay_increment:ordinary,,0,10,0,overlay_increment,,0,registered_pair_or_issuer_floor,0,covered_call,,,insufficient_support,H25,False,0.001,,otm3,2023
,ordinary,,registered_setting_or_year,H25:overlay_increment:ordinary,,0,10,0,overlay_increment,,0,registered_pair_or_issuer_floor,0,covered_call,,,insufficient_support,H25,False,0.001,,otm3,2024
,ordinary,,registered_setting_or_year,H25:overlay_increment:ordinary,,0,10,0,overlay_increment,,0,registered_pair_or_issuer_floor,0,covered_call,,,insufficient_support,H25,False,0.001,,otm3,2025
,ordinary,,registered_setting_or_year,H25:overlay_increment:ordinary,,0,10,0,overlay_increment,,0,registered_pair_or_issuer_floor,0,covered_call,,,insufficient_support,H25,False,0.001,,otm10,all
,ordinary,,registered_setting_or_year,H25:overlay_increment:ordinary,,0,10,0,overlay_increment,,0,registered_pair_or_issuer_floor,0,covered_call,,,insufficient_support,H25,False,0.001,,otm10,2023
,ordinary,,registered_setting_or_year,H25:overlay_increment:ordinary,,0,10,0,overlay_increment,,0,registered_pair_or_issuer_floor,0,covered_call,,,insufficient_support,H25,False,0.001,,otm10,2024
,ordinary,,registered_setting_or_year,H25:overlay_increment:ordinary,,0,10,0,overlay_increment,,0,registered_pair_or_issuer_floor,0,covered_call,,,insufficient_support,H25,False,0.001,,otm10,2025
,ordinary,,registered_setting_or_year,H25:overlay_increment:ordinary,,0,10,0,overlay_increment,,0,registered_pair_or_issuer_floor,0,covered_call,,,insufficient_support,H25,False,0.001,,assignment_stress,all
,ordinary,,registered_setting_or_year,H25:overlay_increment:ordinary,,0,10,0,overlay_increment,,0,registered_pair_or_issuer_floor,0,covered_call,,,insufficient_support,H25,False,0.001,,assignment_stress,2023
,ordinary,,registered_setting_or_year,H25:overlay_increment:ordinary,,0,10,0,overlay_increment,,0,registered_pair_or_issuer_floor,0,covered_call,,,insufficient_support,H25,False,0.001,,assignment_stress,2024
,ordinary,,registered_setting_or_year,H25:overlay_increment:ordinary,,0,10,0,overlay_increment,,0,registered_pair_or_issuer_floor,0,covered_call,,,insufficient_support,H25,False,0.001,,assignment_stress,2025
,ordinary,,registered_setting_or_year,H25:overlay_increment:ordinary,,0,10,0,overlay_increment,,0,registered_pair_or_issuer_floor,0,covered_call,,,insufficient_support,H25,False,0.001,,size10,all
,ordinary,,registered_setting_or_year,H25:overlay_increment:ordinary,,0,10,0,overlay_increment,,0,registered_pair_or_issuer_floor,0,covered_call,,,insufficient_support,H25,False,0.001,,size10,2023
,ordinary,,registered_setting_or_year,H25:overlay_increment:ordinary,,0,10,0,overlay_increment,,0,registered_pair_or_issuer_floor,0,covered_call,,,insufficient_support,H25,False,0.001,,size10,2024
,ordinary,,registered_setting_or_year,H25:overlay_increment:ordinary,,0,10,0,overlay_increment,,0,registered_pair_or_issuer_floor,0,covered_call,,,insufficient_support,H25,False,0.001,,size10,2025
,ordinary,,leave_one_issuer_out,H25:overlay_increment:ordinary,-0.009949127700715828,13,10,1,overlay_increment,0000002488,1,registered_pair_or_issuer_floor,0,covered_call,,,insufficient_support,H25,False,0.001,,primary,all
,ordinary,,leave_one_issuer_out,H25:overlay_increment:ordinary,0.006275671428682772,11,10,2,overlay_increment,0000014272,2,registered_pair_or_issuer_floor,0,covered_call,,,insufficient_support,H25,False,0.001,,primary,all
,ordinary,,leave_one_issuer_out,H25:overlay_increment:ordinary,0.006275671428682772,13,10,2,overlay_increment,0000018230,2,registered_pair_or_issuer_floor,0,covered_call,,,insufficient_support,H25,False,0.001,,primary,all
,ordinary,,leave_one_issuer_out,H25:overlay_increment:ordinary,0.02250047055808137,13,10,1,overlay_increment,0000021344,1,registered_pair_or_issuer_floor,0,covered_call,,,insufficient_support,H25,False,0.001,,primary,all
,ordinary,,leave_one_issuer_out,H25:overlay_increment:ordinary,0.006275671428682772,11,10,2,overlay_increment,0000021665,2,registered_pair_or_issuer_floor,0,covered_call,,,insufficient_support,H25,False,0.001,,primary,all
,ordinary,,leave_one_issuer_out,H25:overlay_increment:ordinary,0.006275671428682772,12,10,2,overlay_increment,0000027419,2,registered_pair_or_issuer_floor,0,covered_call,,,insufficient_support,H25,False,0.001,,primary,all
,ordinary,,leave_one_issuer_out,H25:overlay_increment:ordinary,0.006275671428682772,13,10,2,overlay_increment,0000034088,2,registered_pair_or_issuer_floor,0,covered_call,,,insufficient_support,H25,False,0.001,,primary,all
,ordinary,,leave_one_issuer_out,H25:overlay_increment:ordinary,0.006275671428682772,13,10,2,overlay_increment,0000050863,2,registered_pair_or_issuer_floor,0,covered_call,,,insufficient_support,H25,False,0.001,,primary,all
,ordinary,,leave_one_issuer_out,H25:overlay_increment:ordinary,0.006275671428682772,13,10,2,overlay_increment,0000059478,2,registered_pair_or_issuer_floor,0,covered_call,,,insufficient_support,H25,False,0.001,,primary,all
,ordinary,,registered_setting_or_year,H25:strategy_increment:ordinary,-0.0029147233737967897,14,10,2,strategy_increment,,2,registered_pair_or_issuer_floor,0,covered_call,,,insufficient_support,H25,False,0.0,,primary,all
,ordinary,,registered_setting_or_year,H25:strategy_increment:ordinary,,6,10,0,strategy_increment,,0,registered_pair_or_issuer_floor,0,covered_call,,,insufficient_support,H25,False,0.0,,primary,2023
,ordinary,,registered_setting_or_year,H25:strategy_increment:ordinary,0.005587923341975293,6,10,1,strategy_increment,,1,registered_pair_or_issuer_floor,0,covered_call,,,insufficient_support,H25,False,0.0,,primary,2024
,ordinary,,registered_setting_or_year,H25:strategy_increment:ordinary,,6,10,0,strategy_increment,,0,registered_pair_or_issuer_floor,0,covered_call,,,insufficient_support,H25,False,0.0,,primary,2025
,ordinary,,registered_setting_or_year,H25:strategy_increment:ordinary,,0,10,0,strategy_increment,,0,registered_pair_or_issuer_floor,0,covered_call,,,insufficient_support,H25,False,0.0,,double_cost,all
,ordinary,,registered_setting_or_year,H25:strategy_increment:ordinary,,0,10,0,strategy_increment,,0,registered_pair_or_issuer_floor,0,covered_call,,,insufficient_support,H25,False,0.0,,double_cost,2023
,ordinary,,registered_setting_or_year,H25:strategy_increment:ordinary,,0,10,0,strategy_increment,,0,registered_pair_or_issuer_floor,0,covered_call,,,insufficient_support,H25,False,0.0,,double_cost,2024
,ordinary,,registered_setting_or_year,H25:strategy_increment:ordinary,,0,10,0,strategy_increment,,0,registered_pair_or_issuer_floor,0,covered_call,,,insufficient_support,H25,False,0.0,,double_cost,2025
,ordinary,,registered_setting_or_year,H25:strategy_increment:ordinary,,0,10,0,strategy_increment,,0,registered_pair_or_issuer_floor,0,covered_call,,,insufficient_support,H25,False,0.0,,delay1,all
,ordinary,,registered_setting_or_year,H25:strategy_increment:ordinary,,0,10,0,strategy_increment,,0,registered_pair_or_issuer_floor,0,covered_call,,,insufficient_support,H25,False,0.0,,delay1,2023
,ordinary,,registered_setting_or_year,H25:strategy_increment:ordinary,,0,10,0,strategy_increment,,0,registered_pair_or_issuer_floor,0,covered_call,,,insufficient_support,H25,False,0.0,,delay1,2024
,ordinary,,registered_setting_or_year,H25:strategy_increment:ordinary,,0,10,0,strategy_increment,,0,registered_pair_or_issuer_floor,0,covered_call,,,insufficient_support,H25,False,0.0,,delay1,2025
,ordinary,,registered_setting_or_year,H25:strategy_increment:ordinary,,0,10,0,strategy_increment,,0,registered_pair_or_issuer_floor,0,covered_call,,,insufficient_support,H25,False,0.0,,delay3,all
,ordinary,,registered_setting_or_year,H25:strategy_increment:ordinary,,0,10,0,strategy_increment,,0,registered_pair_or_issuer_floor,0,covered_call,,,insufficient_support,H25,False,0.0,,delay3,2023
,ordinary,,registered_setting_or_year,H25:strategy_increment:ordinary,,0,10,0,strategy_increment,,0,registered_pair_or_issuer_floor,0,covered_call,,,insufficient_support,H25,False,0.0,,delay3,2024
,ordinary,,registered_setting_or_year,H25:strategy_increment:ordinary,,0,10,0,strategy_increment,,0,registered_pair_or_issuer_floor,0,covered_call,,,insufficient_support,H25,False,0.0,,delay3,2025
,ordinary,,registered_setting_or_year,H25:strategy_increment:ordinary,,0,10,0,strategy_increment,,0,registered_pair_or_issuer_floor,0,covered_call,,,insufficient_support,H25,False,0.0,,delay5,all
,ordinary,,registered_setting_or_year,H25:strategy_increment:ordinary,,0,10,0,strategy_increment,,0,registered_pair_or_issuer_floor,0,covered_call,,,insufficient_support,H25,False,0.0,,delay5,2023
,ordinary,,registered_setting_or_year,H25:strategy_increment:ordinary,,0,10,0,strategy_increment,,0,registered_pair_or_issuer_floor,0,covered_call,,,insufficient_support,H25,False,0.0,,delay5,2024
,ordinary,,registered_setting_or_year,H25:strategy_increment:ordinary,,0,10,0,strategy_increment,,0,registered_pair_or_issuer_floor,0,covered_call,,,insufficient_support,H25,False,0.0,,delay5,2025
,ordinary,,registered_setting_or_year,H25:strategy_increment:ordinary,,0,10,0,strategy_increment,,0,registered_pair_or_issuer_floor,0,covered_call,,,insufficient_support,H25,False,0.0,,dte30,all
,ordinary,,registered_setting_or_year,H25:strategy_increment:ordinary,,0,10,0,strategy_increment,,0,registered_pair_or_issuer_floor,0,covered_call,,,insufficient_support,H25,False,0.0,,dte30,2023
,ordinary,,registered_setting_or_year,H25:strategy_increment:ordinary,,0,10,0,strategy_increment,,0,registered_pair_or_issuer_floor,0,covered_call,,,insufficient_support,H25,False,0.0,,dte30,2024
,ordinary,,registered_setting_or_year,H25:strategy_increment:ordinary,,0,10,0,strategy_increment,,0,registered_pair_or_issuer_floor,0,covered_call,,,insufficient_support,H25,False,0.0,,dte30,2025
,ordinary,,registered_setting_or_year,H25:strategy_increment:ordinary,,0,10,0,strategy_increment,,0,registered_pair_or_issuer_floor,0,covered_call,,,insufficient_support,H25,False,0.0,,dte60,all
,ordinary,,registered_setting_or_year,H25:strategy_increment:ordinary,,0,10,0,strategy_increment,,0,registered_pair_or_issuer_floor,0,covered_call,,,insufficient_support,H25,False,0.0,,dte60,2023
,ordinary,,registered_setting_or_year,H25:strategy_increment:ordinary,,0,10,0,strategy_increment,,0,registered_pair_or_issuer_floor,0,covered_call,,,insufficient_support,H25,False,0.0,,dte60,2024
,ordinary,,registered_setting_or_year,H25:strategy_increment:ordinary,,0,10,0,strategy_increment,,0,registered_pair_or_issuer_floor,0,covered_call,,,insufficient_support,H25,False,0.0,,dte60,2025
,ordinary,,registered_setting_or_year,H25:strategy_increment:ordinary,,0,10,0,strategy_increment,,0,registered_pair_or_issuer_floor,0,covered_call,,,insufficient_support,H25,False,0.0,,otm3,all
,ordinary,,registered_setting_or_year,H25:strategy_increment:ordinary,,0,10,0,strategy_increment,,0,registered_pair_or_issuer_floor,0,covered_call,,,insufficient_support,H25,False,0.0,,otm3,2023
,ordinary,,registered_setting_or_year,H25:strategy_increment:ordinary,,0,10,0,strategy_increment,,0,registered_pair_or_issuer_floor,0,covered_call,,,insufficient_support,H25,False,0.0,,otm3,2024
,ordinary,,registered_setting_or_year,H25:strategy_increment:ordinary,,0,10,0,strategy_increment,,0,registered_pair_or_issuer_floor,0,covered_call,,,insufficient_support,H25,False,0.0,,otm3,2025
,ordinary,,registered_setting_or_year,H25:strategy_increment:ordinary,,0,10,0,strategy_increment,,0,registered_pair_or_issuer_floor,0,covered_call,,,insufficient_support,H25,False,0.0,,otm10,all
,ordinary,,registered_setting_or_year,H25:strategy_increment:ordinary,,0,10,0,strategy_increment,,0,registered_pair_or_issuer_floor,0,covered_call,,,insufficient_support,H25,False,0.0,,otm10,2023
,ordinary,,registered_setting_or_year,H25:strategy_increment:ordinary,,0,10,0,strategy_increment,,0,registered_pair_or_issuer_floor,0,covered_call,,,insufficient_support,H25,False,0.0,,otm10,2024
,ordinary,,registered_setting_or_year,H25:strategy_increment:ordinary,,0,10,0,strategy_increment,,0,registered_pair_or_issuer_floor,0,covered_call,,,insufficient_support,H25,False,0.0,,otm10,2025
,ordinary,,registered_setting_or_year,H25:strategy_increment:ordinary,,0,10,0,strategy_increment,,0,registered_pair_or_issuer_floor,0,covered_call,,,insufficient_support,H25,False,0.0,,assignment_stress,all
,ordinary,,registered_setting_or_year,H25:strategy_increment:ordinary,,0,10,0,strategy_increment,,0,registered_pair_or_issuer_floor,0,covered_call,,,insufficient_support,H25,False,0.0,,assignment_stress,2023
,ordinary,,registered_setting_or_year,H25:strategy_increment:ordinary,,0,10,0,strategy_increment,,0,registered_pair_or_issuer_floor,0,covered_call,,,insufficient_support,H25,False,0.0,,assignment_stress,2024
,ordinary,,registered_setting_or_year,H25:strategy_increment:ordinary,,0,10,0,strategy_increment,,0,registered_pair_or_issuer_floor,0,covered_call,,,insufficient_support,H25,False,0.0,,assignment_stress,2025
,ordinary,,registered_setting_or_year,H25:strategy_increment:ordinary,,0,10,0,strategy_increment,,0,registered_pair_or_issuer_floor,0,covered_call,,,insufficient_support,H25,False,0.0,,size10,all
,ordinary,,registered_setting_or_year,H25:strategy_increment:ordinary,,0,10,0,strategy_increment,,0,registered_pair_or_issuer_floor,0,covered_call,,,insufficient_support,H25,False,0.0,,size10,2023
,ordinary,,registered_setting_or_year,H25:strategy_increment:ordinary,,0,10,0,strategy_increment,,0,registered_pair_or_issuer_floor,0,covered_call,,,insufficient_support,H25,False,0.0,,size10,2024
,ordinary,,registered_setting_or_year,H25:strategy_increment:ordinary,,0,10,0,strategy_increment,,0,registered_pair_or_issuer_floor,0,covered_call,,,insufficient_support,H25,False,0.0,,size10,2025
,ordinary,,leave_one_issuer_out,H25:strategy_increment:ordinary,0.005587923341975293,13,10,1,strategy_increment,0000002488,1,registered_pair_or_issuer_floor,0,covered_call,,,insufficient_support,H25,False,0.0,,primary,all
,ordinary,,leave_one_issuer_out,H25:strategy_increment:ordinary,-0.0029147233737967897,11,10,2,strategy_increment,0000014272,2,registered_pair_or_issuer_floor,0,covered_call,,,insufficient_support,H25,False,0.0,,primary,all
,ordinary,,leave_one_issuer_out,H25:strategy_increment:ordinary,-0.0029147233737967897,13,10,2,strategy_increment,0000018230,2,registered_pair_or_issuer_floor,0,covered_call,,,insufficient_support,H25,False,0.0,,primary,all
,ordinary,,leave_one_issuer_out,H25:strategy_increment:ordinary,-0.011417370089568873,13,10,1,strategy_increment,0000021344,1,registered_pair_or_issuer_floor,0,covered_call,,,insufficient_support,H25,False,0.0,,primary,all
,ordinary,,leave_one_issuer_out,H25:strategy_increment:ordinary,-0.0029147233737967897,11,10,2,strategy_increment,0000021665,2,registered_pair_or_issuer_floor,0,covered_call,,,insufficient_support,H25,False,0.0,,primary,all
,ordinary,,leave_one_issuer_out,H25:strategy_increment:ordinary,-0.0029147233737967897,12,10,2,strategy_increment,0000027419,2,registered_pair_or_issuer_floor,0,covered_call,,,insufficient_support,H25,False,0.0,,primary,all
,ordinary,,leave_one_issuer_out,H25:strategy_increment:ordinary,-0.0029147233737967897,13,10,2,strategy_increment,0000034088,2,registered_pair_or_issuer_floor,0,covered_call,,,insufficient_support,H25,False,0.0,,primary,all
,ordinary,,leave_one_issuer_out,H25:strategy_increment:ordinary,-0.0029147233737967897,13,10,2,strategy_increment,0000050863,2,registered_pair_or_issuer_floor,0,covered_call,,,insufficient_support,H25,False,0.0,,primary,all
,ordinary,,leave_one_issuer_out,H25:strategy_increment:ordinary,-0.0029147233737967897,13,10,2,strategy_increment,0000059478,2,registered_pair_or_issuer_floor,0,covered_call,,,insufficient_support,H25,False,0.0,,primary,all
,ordinary,,registered_setting_or_year,H25:hedge_increment:ordinary,-0.022451322063657995,14,10,1,hedge_increment,,2,registered_pair_or_issuer_floor,0,protective_put,,,insufficient_support,H25,False,0.0,,primary,all
,ordinary,,registered_setting_or_year,H25:hedge_increment:ordinary,,6,10,0,hedge_increment,,0,registered_pair_or_issuer_floor,0,protective_put,,,insufficient_support,H25,False,0.0,,primary,2023
,ordinary,,registered_setting_or_year,H25:hedge_increment:ordinary,,7,10,0,hedge_increment,,0,registered_pair_or_issuer_floor,0,protective_put,,,insufficient_support,H25,False,0.0,,primary,2024
,ordinary,,registered_setting_or_year,H25:hedge_increment:ordinary,0.010580505752879906,5,10,1,hedge_increment,,1,registered_pair_or_issuer_floor,0,protective_put,,,insufficient_support,H25,False,0.0,,primary,2025
,ordinary,,registered_setting_or_year,H25:hedge_increment:ordinary,,0,10,0,hedge_increment,,0,registered_pair_or_issuer_floor,0,protective_put,,,insufficient_support,H25,False,0.0,,double_cost,all
,ordinary,,registered_setting_or_year,H25:hedge_increment:ordinary,,0,10,0,hedge_increment,,0,registered_pair_or_issuer_floor,0,protective_put,,,insufficient_support,H25,False,0.0,,double_cost,2023
,ordinary,,registered_setting_or_year,H25:hedge_increment:ordinary,,0,10,0,hedge_increment,,0,registered_pair_or_issuer_floor,0,protective_put,,,insufficient_support,H25,False,0.0,,double_cost,2024
,ordinary,,registered_setting_or_year,H25:hedge_increment:ordinary,,0,10,0,hedge_increment,,0,registered_pair_or_issuer_floor,0,protective_put,,,insufficient_support,H25,False,0.0,,double_cost,2025
,ordinary,,registered_setting_or_year,H25:hedge_increment:ordinary,,0,10,0,hedge_increment,,0,registered_pair_or_issuer_floor,0,protective_put,,,insufficient_support,H25,False,0.0,,delay1,all
,ordinary,,registered_setting_or_year,H25:hedge_increment:ordinary,,0,10,0,hedge_increment,,0,registered_pair_or_issuer_floor,0,protective_put,,,insufficient_support,H25,False,0.0,,delay1,2023
,ordinary,,registered_setting_or_year,H25:hedge_increment:ordinary,,0,10,0,hedge_increment,,0,registered_pair_or_issuer_floor,0,protective_put,,,insufficient_support,H25,False,0.0,,delay1,2024
,ordinary,,registered_setting_or_year,H25:hedge_increment:ordinary,,0,10,0,hedge_increment,,0,registered_pair_or_issuer_floor,0,protective_put,,,insufficient_support,H25,False,0.0,,delay1,2025
,ordinary,,registered_setting_or_year,H25:hedge_increment:ordinary,,0,10,0,hedge_increment,,0,registered_pair_or_issuer_floor,0,protective_put,,,insufficient_support,H25,False,0.0,,delay3,all
,ordinary,,registered_setting_or_year,H25:hedge_increment:ordinary,,0,10,0,hedge_increment,,0,registered_pair_or_issuer_floor,0,protective_put,,,insufficient_support,H25,False,0.0,,delay3,2023
,ordinary,,registered_setting_or_year,H25:hedge_increment:ordinary,,0,10,0,hedge_increment,,0,registered_pair_or_issuer_floor,0,protective_put,,,insufficient_support,H25,False,0.0,,delay3,2024
,ordinary,,registered_setting_or_year,H25:hedge_increment:ordinary,,0,10,0,hedge_increment,,0,registered_pair_or_issuer_floor,0,protective_put,,,insufficient_support,H25,False,0.0,,delay3,2025
,ordinary,,registered_setting_or_year,H25:hedge_increment:ordinary,,0,10,0,hedge_increment,,0,registered_pair_or_issuer_floor,0,protective_put,,,insufficient_support,H25,False,0.0,,delay5,all
,ordinary,,registered_setting_or_year,H25:hedge_increment:ordinary,,0,10,0,hedge_increment,,0,registered_pair_or_issuer_floor,0,protective_put,,,insufficient_support,H25,False,0.0,,delay5,2023
,ordinary,,registered_setting_or_year,H25:hedge_increment:ordinary,,0,10,0,hedge_increment,,0,registered_pair_or_issuer_floor,0,protective_put,,,insufficient_support,H25,False,0.0,,delay5,2024
,ordinary,,registered_setting_or_year,H25:hedge_increment:ordinary,,0,10,0,hedge_increment,,0,registered_pair_or_issuer_floor,0,protective_put,,,insufficient_support,H25,False,0.0,,delay5,2025
,ordinary,,registered_setting_or_year,H25:hedge_increment:ordinary,,0,10,0,hedge_increment,,0,registered_pair_or_issuer_floor,0,protective_put,,,insufficient_support,H25,False,0.0,,dte30,all
,ordinary,,registered_setting_or_year,H25:hedge_increment:ordinary,,0,10,0,hedge_increment,,0,registered_pair_or_issuer_floor,0,protective_put,,,insufficient_support,H25,False,0.0,,dte30,2023
,ordinary,,registered_setting_or_year,H25:hedge_increment:ordinary,,0,10,0,hedge_increment,,0,registered_pair_or_issuer_floor,0,protective_put,,,insufficient_support,H25,False,0.0,,dte30,2024
,ordinary,,registered_setting_or_year,H25:hedge_increment:ordinary,,0,10,0,hedge_increment,,0,registered_pair_or_issuer_floor,0,protective_put,,,insufficient_support,H25,False,0.0,,dte30,2025
,ordinary,,registered_setting_or_year,H25:hedge_increment:ordinary,,0,10,0,hedge_increment,,0,registered_pair_or_issuer_floor,0,protective_put,,,insufficient_support,H25,False,0.0,,dte60,all
,ordinary,,registered_setting_or_year,H25:hedge_increment:ordinary,,0,10,0,hedge_increment,,0,registered_pair_or_issuer_floor,0,protective_put,,,insufficient_support,H25,False,0.0,,dte60,2023
,ordinary,,registered_setting_or_year,H25:hedge_increment:ordinary,,0,10,0,hedge_increment,,0,registered_pair_or_issuer_floor,0,protective_put,,,insufficient_support,H25,False,0.0,,dte60,2024
,ordinary,,registered_setting_or_year,H25:hedge_increment:ordinary,,0,10,0,hedge_increment,,0,registered_pair_or_issuer_floor,0,protective_put,,,insufficient_support,H25,False,0.0,,dte60,2025
,ordinary,,registered_setting_or_year,H25:hedge_increment:ordinary,,0,10,0,hedge_increment,,0,registered_pair_or_issuer_floor,0,protective_put,,,insufficient_support,H25,False,0.0,,otm3,all
,ordinary,,registered_setting_or_year,H25:hedge_increment:ordinary,,0,10,0,hedge_increment,,0,registered_pair_or_issuer_floor,0,protective_put,,,insufficient_support,H25,False,0.0,,otm3,2023
,ordinary,,registered_setting_or_year,H25:hedge_increment:ordinary,,0,10,0,hedge_increment,,0,registered_pair_or_issuer_floor,0,protective_put,,,insufficient_support,H25,False,0.0,,otm3,2024
,ordinary,,registered_setting_or_year,H25:hedge_increment:ordinary,,0,10,0,hedge_increment,,0,registered_pair_or_issuer_floor,0,protective_put,,,insufficient_support,H25,False,0.0,,otm3,2025
,ordinary,,registered_setting_or_year,H25:hedge_increment:ordinary,,0,10,0,hedge_increment,,0,registered_pair_or_issuer_floor,0,protective_put,,,insufficient_support,H25,False,0.0,,otm10,all
,ordinary,,registered_setting_or_year,H25:hedge_increment:ordinary,,0,10,0,hedge_increment,,0,registered_pair_or_issuer_floor,0,protective_put,,,insufficient_support,H25,False,0.0,,otm10,2023
,ordinary,,registered_setting_or_year,H25:hedge_increment:ordinary,,0,10,0,hedge_increment,,0,registered_pair_or_issuer_floor,0,protective_put,,,insufficient_support,H25,False,0.0,,otm10,2024
,ordinary,,registered_setting_or_year,H25:hedge_increment:ordinary,,0,10,0,hedge_increment,,0,registered_pair_or_issuer_floor,0,protective_put,,,insufficient_support,H25,False,0.0,,otm10,2025
,ordinary,,registered_setting_or_year,H25:hedge_increment:ordinary,,0,10,0,hedge_increment,,0,registered_pair_or_issuer_floor,0,protective_put,,,insufficient_support,H25,False,0.0,,assignment_stress,all
,ordinary,,registered_setting_or_year,H25:hedge_increment:ordinary,,0,10,0,hedge_increment,,0,registered_pair_or_issuer_floor,0,protective_put,,,insufficient_support,H25,False,0.0,,assignment_stress,2023
,ordinary,,registered_setting_or_year,H25:hedge_increment:ordinary,,0,10,0,hedge_increment,,0,registered_pair_or_issuer_floor,0,protective_put,,,insufficient_support,H25,False,0.0,,assignment_stress,2024
,ordinary,,registered_setting_or_year,H25:hedge_increment:ordinary,,0,10,0,hedge_increment,,0,registered_pair_or_issuer_floor,0,protective_put,,,insufficient_support,H25,False,0.0,,assignment_stress,2025
,ordinary,,registered_setting_or_year,H25:hedge_increment:ordinary,,0,10,0,hedge_increment,,0,registered_pair_or_issuer_floor,0,protective_put,,,insufficient_support,H25,False,0.0,,size10,all
,ordinary,,registered_setting_or_year,H25:hedge_increment:ordinary,,0,10,0,hedge_increment,,0,registered_pair_or_issuer_floor,0,protective_put,,,insufficient_support,H25,False,0.0,,size10,2023
,ordinary,,registered_setting_or_year,H25:hedge_increment:ordinary,,0,10,0,hedge_increment,,0,registered_pair_or_issuer_floor,0,protective_put,,,insufficient_support,H25,False,0.0,,size10,2024
,ordinary,,registered_setting_or_year,H25:hedge_increment:ordinary,,0,10,0,hedge_increment,,0,registered_pair_or_issuer_floor,0,protective_put,,,insufficient_support,H25,False,0.0,,size10,2025
,ordinary,,leave_one_issuer_out,H25:hedge_increment:ordinary,,14,10,0,hedge_increment,0000002488,0,registered_pair_or_issuer_floor,0,protective_put,,,insufficient_support,H25,False,0.0,,primary,all
,ordinary,,leave_one_issuer_out,H25:hedge_increment:ordinary,-0.022451322063657995,11,10,1,hedge_increment,0000014272,2,registered_pair_or_issuer_floor,0,protective_put,,,insufficient_support,H25,False,0.0,,primary,all
,ordinary,,leave_one_issuer_out,H25:hedge_increment:ordinary,-0.022451322063657995,13,10,1,hedge_increment,0000018230,2,registered_pair_or_issuer_floor,0,protective_put,,,insufficient_support,H25,False,0.0,,primary,all
,ordinary,,leave_one_issuer_out,H25:hedge_increment:ordinary,-0.022451322063657995,12,10,1,hedge_increment,0000021344,2,registered_pair_or_issuer_floor,0,protective_put,,,insufficient_support,H25,False,0.0,,primary,all
,ordinary,,leave_one_issuer_out,H25:hedge_increment:ordinary,-0.022451322063657995,11,10,1,hedge_increment,0000021665,2,registered_pair_or_issuer_floor,0,protective_put,,,insufficient_support,H25,False,0.0,,primary,all
,ordinary,,leave_one_issuer_out,H25:hedge_increment:ordinary,-0.022451322063657995,12,10,1,hedge_increment,0000027419,2,registered_pair_or_issuer_floor,0,protective_put,,,insufficient_support,H25,False,0.0,,primary,all
,ordinary,,leave_one_issuer_out,H25:hedge_increment:ordinary,-0.022451322063657995,13,10,1,hedge_increment,0000034088,2,registered_pair_or_issuer_floor,0,protective_put,,,insufficient_support,H25,False,0.0,,primary,all
,ordinary,,leave_one_issuer_out,H25:hedge_increment:ordinary,-0.022451322063657995,13,10,1,hedge_increment,0000050863,2,registered_pair_or_issuer_floor,0,protective_put,,,insufficient_support,H25,False,0.0,,primary,all
,ordinary,,leave_one_issuer_out,H25:hedge_increment:ordinary,-0.022451322063657995,13,10,1,hedge_increment,0000059478,2,registered_pair_or_issuer_floor,0,protective_put,,,insufficient_support,H25,False,0.0,,primary,all
,ordinary,,registered_setting_or_year,H25:event_downside_reduction:ordinary,-0.00041016607735958055,14,10,1,event_downside_reduction,,2,registered_pair_or_issuer_floor,0,protective_put,,,insufficient_support,H25,False,0.0025,,primary,all
,ordinary,,registered_setting_or_year,H25:event_downside_reduction:ordinary,,6,10,0,event_downside_reduction,,0,registered_pair_or_issuer_floor,0,protective_put,,,insufficient_support,H25,False,0.0025,,primary,2023
,ordinary,,registered_setting_or_year,H25:event_downside_reduction:ordinary,,7,10,0,event_downside_reduction,,0,registered_pair_or_issuer_floor,0,protective_put,,,insufficient_support,H25,False,0.0025,,primary,2024
,ordinary,,registered_setting_or_year,H25:event_downside_reduction:ordinary,0.00016253943971698825,5,10,1,event_downside_reduction,,1,registered_pair_or_issuer_floor,0,protective_put,,,insufficient_support,H25,False,0.0025,,primary,2025
,ordinary,,registered_setting_or_year,H25:event_downside_reduction:ordinary,,0,10,0,event_downside_reduction,,0,registered_pair_or_issuer_floor,0,protective_put,,,insufficient_support,H25,False,0.0025,,double_cost,all
,ordinary,,registered_setting_or_year,H25:event_downside_reduction:ordinary,,0,10,0,event_downside_reduction,,0,registered_pair_or_issuer_floor,0,protective_put,,,insufficient_support,H25,False,0.0025,,double_cost,2023
,ordinary,,registered_setting_or_year,H25:event_downside_reduction:ordinary,,0,10,0,event_downside_reduction,,0,registered_pair_or_issuer_floor,0,protective_put,,,insufficient_support,H25,False,0.0025,,double_cost,2024
,ordinary,,registered_setting_or_year,H25:event_downside_reduction:ordinary,,0,10,0,event_downside_reduction,,0,registered_pair_or_issuer_floor,0,protective_put,,,insufficient_support,H25,False,0.0025,,double_cost,2025
,ordinary,,registered_setting_or_year,H25:event_downside_reduction:ordinary,,0,10,0,event_downside_reduction,,0,registered_pair_or_issuer_floor,0,protective_put,,,insufficient_support,H25,False,0.0025,,delay1,all
,ordinary,,registered_setting_or_year,H25:event_downside_reduction:ordinary,,0,10,0,event_downside_reduction,,0,registered_pair_or_issuer_floor,0,protective_put,,,insufficient_support,H25,False,0.0025,,delay1,2023
,ordinary,,registered_setting_or_year,H25:event_downside_reduction:ordinary,,0,10,0,event_downside_reduction,,0,registered_pair_or_issuer_floor,0,protective_put,,,insufficient_support,H25,False,0.0025,,delay1,2024
,ordinary,,registered_setting_or_year,H25:event_downside_reduction:ordinary,,0,10,0,event_downside_reduction,,0,registered_pair_or_issuer_floor,0,protective_put,,,insufficient_support,H25,False,0.0025,,delay1,2025
,ordinary,,registered_setting_or_year,H25:event_downside_reduction:ordinary,,0,10,0,event_downside_reduction,,0,registered_pair_or_issuer_floor,0,protective_put,,,insufficient_support,H25,False,0.0025,,delay3,all
,ordinary,,registered_setting_or_year,H25:event_downside_reduction:ordinary,,0,10,0,event_downside_reduction,,0,registered_pair_or_issuer_floor,0,protective_put,,,insufficient_support,H25,False,0.0025,,delay3,2023
,ordinary,,registered_setting_or_year,H25:event_downside_reduction:ordinary,,0,10,0,event_downside_reduction,,0,registered_pair_or_issuer_floor,0,protective_put,,,insufficient_support,H25,False,0.0025,,delay3,2024
,ordinary,,registered_setting_or_year,H25:event_downside_reduction:ordinary,,0,10,0,event_downside_reduction,,0,registered_pair_or_issuer_floor,0,protective_put,,,insufficient_support,H25,False,0.0025,,delay3,2025
,ordinary,,registered_setting_or_year,H25:event_downside_reduction:ordinary,,0,10,0,event_downside_reduction,,0,registered_pair_or_issuer_floor,0,protective_put,,,insufficient_support,H25,False,0.0025,,delay5,all
,ordinary,,registered_setting_or_year,H25:event_downside_reduction:ordinary,,0,10,0,event_downside_reduction,,0,registered_pair_or_issuer_floor,0,protective_put,,,insufficient_support,H25,False,0.0025,,delay5,2023
,ordinary,,registered_setting_or_year,H25:event_downside_reduction:ordinary,,0,10,0,event_downside_reduction,,0,registered_pair_or_issuer_floor,0,protective_put,,,insufficient_support,H25,False,0.0025,,delay5,2024
,ordinary,,registered_setting_or_year,H25:event_downside_reduction:ordinary,,0,10,0,event_downside_reduction,,0,registered_pair_or_issuer_floor,0,protective_put,,,insufficient_support,H25,False,0.0025,,delay5,2025
,ordinary,,registered_setting_or_year,H25:event_downside_reduction:ordinary,,0,10,0,event_downside_reduction,,0,registered_pair_or_issuer_floor,0,protective_put,,,insufficient_support,H25,False,0.0025,,dte30,all
,ordinary,,registered_setting_or_year,H25:event_downside_reduction:ordinary,,0,10,0,event_downside_reduction,,0,registered_pair_or_issuer_floor,0,protective_put,,,insufficient_support,H25,False,0.0025,,dte30,2023
,ordinary,,registered_setting_or_year,H25:event_downside_reduction:ordinary,,0,10,0,event_downside_reduction,,0,registered_pair_or_issuer_floor,0,protective_put,,,insufficient_support,H25,False,0.0025,,dte30,2024
,ordinary,,registered_setting_or_year,H25:event_downside_reduction:ordinary,,0,10,0,event_downside_reduction,,0,registered_pair_or_issuer_floor,0,protective_put,,,insufficient_support,H25,False,0.0025,,dte30,2025
,ordinary,,registered_setting_or_year,H25:event_downside_reduction:ordinary,,0,10,0,event_downside_reduction,,0,registered_pair_or_issuer_floor,0,protective_put,,,insufficient_support,H25,False,0.0025,,dte60,all
,ordinary,,registered_setting_or_year,H25:event_downside_reduction:ordinary,,0,10,0,event_downside_reduction,,0,registered_pair_or_issuer_floor,0,protective_put,,,insufficient_support,H25,False,0.0025,,dte60,2023
,ordinary,,registered_setting_or_year,H25:event_downside_reduction:ordinary,,0,10,0,event_downside_reduction,,0,registered_pair_or_issuer_floor,0,protective_put,,,insufficient_support,H25,False,0.0025,,dte60,2024
,ordinary,,registered_setting_or_year,H25:event_downside_reduction:ordinary,,0,10,0,event_downside_reduction,,0,registered_pair_or_issuer_floor,0,protective_put,,,insufficient_support,H25,False,0.0025,,dte60,2025
,ordinary,,registered_setting_or_year,H25:event_downside_reduction:ordinary,,0,10,0,event_downside_reduction,,0,registered_pair_or_issuer_floor,0,protective_put,,,insufficient_support,H25,False,0.0025,,otm3,all
,ordinary,,registered_setting_or_year,H25:event_downside_reduction:ordinary,,0,10,0,event_downside_reduction,,0,registered_pair_or_issuer_floor,0,protective_put,,,insufficient_support,H25,False,0.0025,,otm3,2023
,ordinary,,registered_setting_or_year,H25:event_downside_reduction:ordinary,,0,10,0,event_downside_reduction,,0,registered_pair_or_issuer_floor,0,protective_put,,,insufficient_support,H25,False,0.0025,,otm3,2024
,ordinary,,registered_setting_or_year,H25:event_downside_reduction:ordinary,,0,10,0,event_downside_reduction,,0,registered_pair_or_issuer_floor,0,protective_put,,,insufficient_support,H25,False,0.0025,,otm3,2025
,ordinary,,registered_setting_or_year,H25:event_downside_reduction:ordinary,,0,10,0,event_downside_reduction,,0,registered_pair_or_issuer_floor,0,protective_put,,,insufficient_support,H25,False,0.0025,,otm10,all
,ordinary,,registered_setting_or_year,H25:event_downside_reduction:ordinary,,0,10,0,event_downside_reduction,,0,registered_pair_or_issuer_floor,0,protective_put,,,insufficient_support,H25,False,0.0025,,otm10,2023
,ordinary,,registered_setting_or_year,H25:event_downside_reduction:ordinary,,0,10,0,event_downside_reduction,,0,registered_pair_or_issuer_floor,0,protective_put,,,insufficient_support,H25,False,0.0025,,otm10,2024
,ordinary,,registered_setting_or_year,H25:event_downside_reduction:ordinary,,0,10,0,event_downside_reduction,,0,registered_pair_or_issuer_floor,0,protective_put,,,insufficient_support,H25,False,0.0025,,otm10,2025
,ordinary,,registered_setting_or_year,H25:event_downside_reduction:ordinary,,0,10,0,event_downside_reduction,,0,registered_pair_or_issuer_floor,0,protective_put,,,insufficient_support,H25,False,0.0025,,assignment_stress,all
,ordinary,,registered_setting_or_year,H25:event_downside_reduction:ordinary,,0,10,0,event_downside_reduction,,0,registered_pair_or_issuer_floor,0,protective_put,,,insufficient_support,H25,False,0.0025,,assignment_stress,2023
,ordinary,,registered_setting_or_year,H25:event_downside_reduction:ordinary,,0,10,0,event_downside_reduction,,0,registered_pair_or_issuer_floor,0,protective_put,,,insufficient_support,H25,False,0.0025,,assignment_stress,2024
,ordinary,,registered_setting_or_year,H25:event_downside_reduction:ordinary,,0,10,0,event_downside_reduction,,0,registered_pair_or_issuer_floor,0,protective_put,,,insufficient_support,H25,False,0.0025,,assignment_stress,2025
,ordinary,,registered_setting_or_year,H25:event_downside_reduction:ordinary,,0,10,0,event_downside_reduction,,0,registered_pair_or_issuer_floor,0,protective_put,,,insufficient_support,H25,False,0.0025,,size10,all
,ordinary,,registered_setting_or_year,H25:event_downside_reduction:ordinary,,0,10,0,event_downside_reduction,,0,registered_pair_or_issuer_floor,0,protective_put,,,insufficient_support,H25,False,0.0025,,size10,2023
,ordinary,,registered_setting_or_year,H25:event_downside_reduction:ordinary,,0,10,0,event_downside_reduction,,0,registered_pair_or_issuer_floor,0,protective_put,,,insufficient_support,H25,False,0.0025,,size10,2024
,ordinary,,registered_setting_or_year,H25:event_downside_reduction:ordinary,,0,10,0,event_downside_reduction,,0,registered_pair_or_issuer_floor,0,protective_put,,,insufficient_support,H25,False,0.0025,,size10,2025
,ordinary,,leave_one_issuer_out,H25:event_downside_reduction:ordinary,,14,10,0,event_downside_reduction,0000002488,0,registered_pair_or_issuer_floor,0,protective_put,,,insufficient_support,H25,False,0.0025,,primary,all
,ordinary,,leave_one_issuer_out,H25:event_downside_reduction:ordinary,-0.00041016607735958055,11,10,1,event_downside_reduction,0000014272,2,registered_pair_or_issuer_floor,0,protective_put,,,insufficient_support,H25,False,0.0025,,primary,all
,ordinary,,leave_one_issuer_out,H25:event_downside_reduction:ordinary,-0.00041016607735958055,13,10,1,event_downside_reduction,0000018230,2,registered_pair_or_issuer_floor,0,protective_put,,,insufficient_support,H25,False,0.0025,,primary,all
,ordinary,,leave_one_issuer_out,H25:event_downside_reduction:ordinary,-0.00041016607735958055,12,10,1,event_downside_reduction,0000021344,2,registered_pair_or_issuer_floor,0,protective_put,,,insufficient_support,H25,False,0.0025,,primary,all
,ordinary,,leave_one_issuer_out,H25:event_downside_reduction:ordinary,-0.00041016607735958055,11,10,1,event_downside_reduction,0000021665,2,registered_pair_or_issuer_floor,0,protective_put,,,insufficient_support,H25,False,0.0025,,primary,all
,ordinary,,leave_one_issuer_out,H25:event_downside_reduction:ordinary,-0.00041016607735958055,12,10,1,event_downside_reduction,0000027419,2,registered_pair_or_issuer_floor,0,protective_put,,,insufficient_support,H25,False,0.0025,,primary,all
,ordinary,,leave_one_issuer_out,H25:event_downside_reduction:ordinary,-0.00041016607735958055,13,10,1,event_downside_reduction,0000034088,2,registered_pair_or_issuer_floor,0,protective_put,,,insufficient_support,H25,False,0.0025,,primary,all
,ordinary,,leave_one_issuer_out,H25:event_downside_reduction:ordinary,-0.00041016607735958055,13,10,1,event_downside_reduction,0000050863,2,registered_pair_or_issuer_floor,0,protective_put,,,insufficient_support,H25,False,0.0025,,primary,all
,ordinary,,leave_one_issuer_out,H25:event_downside_reduction:ordinary,-0.00041016607735958055,13,10,1,event_downside_reduction,0000059478,2,registered_pair_or_issuer_floor,0,protective_put,,,insufficient_support,H25,False,0.0025,,primary,all
,ordinary,,registered_setting_or_year,H25:event_return_drag:ordinary,-0.00041016607735958055,14,10,1,event_return_drag,,2,registered_pair_or_issuer_floor,0,protective_put,,,insufficient_support,H25,False,-0.005,,primary,all
,ordinary,,registered_setting_or_year,H25:event_return_drag:ordinary,,6,10,0,event_return_drag,,0,registered_pair_or_issuer_floor,0,protective_put,,,insufficient_support,H25,False,-0.005,,primary,2023
,ordinary,,registered_setting_or_year,H25:event_return_drag:ordinary,,7,10,0,event_return_drag,,0,registered_pair_or_issuer_floor,0,protective_put,,,insufficient_support,H25,False,-0.005,,primary,2024
,ordinary,,registered_setting_or_year,H25:event_return_drag:ordinary,0.00016253943971698825,5,10,1,event_return_drag,,1,registered_pair_or_issuer_floor,0,protective_put,,,insufficient_support,H25,False,-0.005,,primary,2025
,ordinary,,registered_setting_or_year,H25:event_return_drag:ordinary,,0,10,0,event_return_drag,,0,registered_pair_or_issuer_floor,0,protective_put,,,insufficient_support,H25,False,-0.005,,double_cost,all
,ordinary,,registered_setting_or_year,H25:event_return_drag:ordinary,,0,10,0,event_return_drag,,0,registered_pair_or_issuer_floor,0,protective_put,,,insufficient_support,H25,False,-0.005,,double_cost,2023
,ordinary,,registered_setting_or_year,H25:event_return_drag:ordinary,,0,10,0,event_return_drag,,0,registered_pair_or_issuer_floor,0,protective_put,,,insufficient_support,H25,False,-0.005,,double_cost,2024
,ordinary,,registered_setting_or_year,H25:event_return_drag:ordinary,,0,10,0,event_return_drag,,0,registered_pair_or_issuer_floor,0,protective_put,,,insufficient_support,H25,False,-0.005,,double_cost,2025
,ordinary,,registered_setting_or_year,H25:event_return_drag:ordinary,,0,10,0,event_return_drag,,0,registered_pair_or_issuer_floor,0,protective_put,,,insufficient_support,H25,False,-0.005,,delay1,all
,ordinary,,registered_setting_or_year,H25:event_return_drag:ordinary,,0,10,0,event_return_drag,,0,registered_pair_or_issuer_floor,0,protective_put,,,insufficient_support,H25,False,-0.005,,delay1,2023
,ordinary,,registered_setting_or_year,H25:event_return_drag:ordinary,,0,10,0,event_return_drag,,0,registered_pair_or_issuer_floor,0,protective_put,,,insufficient_support,H25,False,-0.005,,delay1,2024
,ordinary,,registered_setting_or_year,H25:event_return_drag:ordinary,,0,10,0,event_return_drag,,0,registered_pair_or_issuer_floor,0,protective_put,,,insufficient_support,H25,False,-0.005,,delay1,2025
,ordinary,,registered_setting_or_year,H25:event_return_drag:ordinary,,0,10,0,event_return_drag,,0,registered_pair_or_issuer_floor,0,protective_put,,,insufficient_support,H25,False,-0.005,,delay3,all
,ordinary,,registered_setting_or_year,H25:event_return_drag:ordinary,,0,10,0,event_return_drag,,0,registered_pair_or_issuer_floor,0,protective_put,,,insufficient_support,H25,False,-0.005,,delay3,2023
,ordinary,,registered_setting_or_year,H25:event_return_drag:ordinary,,0,10,0,event_return_drag,,0,registered_pair_or_issuer_floor,0,protective_put,,,insufficient_support,H25,False,-0.005,,delay3,2024
,ordinary,,registered_setting_or_year,H25:event_return_drag:ordinary,,0,10,0,event_return_drag,,0,registered_pair_or_issuer_floor,0,protective_put,,,insufficient_support,H25,False,-0.005,,delay3,2025
,ordinary,,registered_setting_or_year,H25:event_return_drag:ordinary,,0,10,0,event_return_drag,,0,registered_pair_or_issuer_floor,0,protective_put,,,insufficient_support,H25,False,-0.005,,delay5,all
,ordinary,,registered_setting_or_year,H25:event_return_drag:ordinary,,0,10,0,event_return_drag,,0,registered_pair_or_issuer_floor,0,protective_put,,,insufficient_support,H25,False,-0.005,,delay5,2023
,ordinary,,registered_setting_or_year,H25:event_return_drag:ordinary,,0,10,0,event_return_drag,,0,registered_pair_or_issuer_floor,0,protective_put,,,insufficient_support,H25,False,-0.005,,delay5,2024
,ordinary,,registered_setting_or_year,H25:event_return_drag:ordinary,,0,10,0,event_return_drag,,0,registered_pair_or_issuer_floor,0,protective_put,,,insufficient_support,H25,False,-0.005,,delay5,2025
,ordinary,,registered_setting_or_year,H25:event_return_drag:ordinary,,0,10,0,event_return_drag,,0,registered_pair_or_issuer_floor,0,protective_put,,,insufficient_support,H25,False,-0.005,,dte30,all
,ordinary,,registered_setting_or_year,H25:event_return_drag:ordinary,,0,10,0,event_return_drag,,0,registered_pair_or_issuer_floor,0,protective_put,,,insufficient_support,H25,False,-0.005,,dte30,2023
,ordinary,,registered_setting_or_year,H25:event_return_drag:ordinary,,0,10,0,event_return_drag,,0,registered_pair_or_issuer_floor,0,protective_put,,,insufficient_support,H25,False,-0.005,,dte30,2024
,ordinary,,registered_setting_or_year,H25:event_return_drag:ordinary,,0,10,0,event_return_drag,,0,registered_pair_or_issuer_floor,0,protective_put,,,insufficient_support,H25,False,-0.005,,dte30,2025
,ordinary,,registered_setting_or_year,H25:event_return_drag:ordinary,,0,10,0,event_return_drag,,0,registered_pair_or_issuer_floor,0,protective_put,,,insufficient_support,H25,False,-0.005,,dte60,all
,ordinary,,registered_setting_or_year,H25:event_return_drag:ordinary,,0,10,0,event_return_drag,,0,registered_pair_or_issuer_floor,0,protective_put,,,insufficient_support,H25,False,-0.005,,dte60,2023
,ordinary,,registered_setting_or_year,H25:event_return_drag:ordinary,,0,10,0,event_return_drag,,0,registered_pair_or_issuer_floor,0,protective_put,,,insufficient_support,H25,False,-0.005,,dte60,2024
,ordinary,,registered_setting_or_year,H25:event_return_drag:ordinary,,0,10,0,event_return_drag,,0,registered_pair_or_issuer_floor,0,protective_put,,,insufficient_support,H25,False,-0.005,,dte60,2025
,ordinary,,registered_setting_or_year,H25:event_return_drag:ordinary,,0,10,0,event_return_drag,,0,registered_pair_or_issuer_floor,0,protective_put,,,insufficient_support,H25,False,-0.005,,otm3,all
,ordinary,,registered_setting_or_year,H25:event_return_drag:ordinary,,0,10,0,event_return_drag,,0,registered_pair_or_issuer_floor,0,protective_put,,,insufficient_support,H25,False,-0.005,,otm3,2023
,ordinary,,registered_setting_or_year,H25:event_return_drag:ordinary,,0,10,0,event_return_drag,,0,registered_pair_or_issuer_floor,0,protective_put,,,insufficient_support,H25,False,-0.005,,otm3,2024
,ordinary,,registered_setting_or_year,H25:event_return_drag:ordinary,,0,10,0,event_return_drag,,0,registered_pair_or_issuer_floor,0,protective_put,,,insufficient_support,H25,False,-0.005,,otm3,2025
,ordinary,,registered_setting_or_year,H25:event_return_drag:ordinary,,0,10,0,event_return_drag,,0,registered_pair_or_issuer_floor,0,protective_put,,,insufficient_support,H25,False,-0.005,,otm10,all
,ordinary,,registered_setting_or_year,H25:event_return_drag:ordinary,,0,10,0,event_return_drag,,0,registered_pair_or_issuer_floor,0,protective_put,,,insufficient_support,H25,False,-0.005,,otm10,2023
,ordinary,,registered_setting_or_year,H25:event_return_drag:ordinary,,0,10,0,event_return_drag,,0,registered_pair_or_issuer_floor,0,protective_put,,,insufficient_support,H25,False,-0.005,,otm10,2024
,ordinary,,registered_setting_or_year,H25:event_return_drag:ordinary,,0,10,0,event_return_drag,,0,registered_pair_or_issuer_floor,0,protective_put,,,insufficient_support,H25,False,-0.005,,otm10,2025
,ordinary,,registered_setting_or_year,H25:event_return_drag:ordinary,,0,10,0,event_return_drag,,0,registered_pair_or_issuer_floor,0,protective_put,,,insufficient_support,H25,False,-0.005,,assignment_stress,all
,ordinary,,registered_setting_or_year,H25:event_return_drag:ordinary,,0,10,0,event_return_drag,,0,registered_pair_or_issuer_floor,0,protective_put,,,insufficient_support,H25,False,-0.005,,assignment_stress,2023
,ordinary,,registered_setting_or_year,H25:event_return_drag:ordinary,,0,10,0,event_return_drag,,0,registered_pair_or_issuer_floor,0,protective_put,,,insufficient_support,H25,False,-0.005,,assignment_stress,2024
,ordinary,,registered_setting_or_year,H25:event_return_drag:ordinary,,0,10,0,event_return_drag,,0,registered_pair_or_issuer_floor,0,protective_put,,,insufficient_support,H25,False,-0.005,,assignment_stress,2025
,ordinary,,registered_setting_or_year,H25:event_return_drag:ordinary,,0,10,0,event_return_drag,,0,registered_pair_or_issuer_floor,0,protective_put,,,insufficient_support,H25,False,-0.005,,size10,all
,ordinary,,registered_setting_or_year,H25:event_return_drag:ordinary,,0,10,0,event_return_drag,,0,registered_pair_or_issuer_floor,0,protective_put,,,insufficient_support,H25,False,-0.005,,size10,2023
,ordinary,,registered_setting_or_year,H25:event_return_drag:ordinary,,0,10,0,event_return_drag,,0,registered_pair_or_issuer_floor,0,protective_put,,,insufficient_support,H25,False,-0.005,,size10,2024
,ordinary,,registered_setting_or_year,H25:event_return_drag:ordinary,,0,10,0,event_return_drag,,0,registered_pair_or_issuer_floor,0,protective_put,,,insufficient_support,H25,False,-0.005,,size10,2025
,ordinary,,leave_one_issuer_out,H25:event_return_drag:ordinary,,14,10,0,event_return_drag,0000002488,0,registered_pair_or_issuer_floor,0,protective_put,,,insufficient_support,H25,False,-0.005,,primary,all
,ordinary,,leave_one_issuer_out,H25:event_return_drag:ordinary,-0.00041016607735958055,11,10,1,event_return_drag,0000014272,2,registered_pair_or_issuer_floor,0,protective_put,,,insufficient_support,H25,False,-0.005,,primary,all
,ordinary,,leave_one_issuer_out,H25:event_return_drag:ordinary,-0.00041016607735958055,13,10,1,event_return_drag,0000018230,2,registered_pair_or_issuer_floor,0,protective_put,,,insufficient_support,H25,False,-0.005,,primary,all
,ordinary,,leave_one_issuer_out,H25:event_return_drag:ordinary,-0.00041016607735958055,12,10,1,event_return_drag,0000021344,2,registered_pair_or_issuer_floor,0,protective_put,,,insufficient_support,H25,False,-0.005,,primary,all
,ordinary,,leave_one_issuer_out,H25:event_return_drag:ordinary,-0.00041016607735958055,11,10,1,event_return_drag,0000021665,2,registered_pair_or_issuer_floor,0,protective_put,,,insufficient_support,H25,False,-0.005,,primary,all
,ordinary,,leave_one_issuer_out,H25:event_return_drag:ordinary,-0.00041016607735958055,12,10,1,event_return_drag,0000027419,2,registered_pair_or_issuer_floor,0,protective_put,,,insufficient_support,H25,False,-0.005,,primary,all
,ordinary,,leave_one_issuer_out,H25:event_return_drag:ordinary,-0.00041016607735958055,13,10,1,event_return_drag,0000034088,2,registered_pair_or_issuer_floor,0,protective_put,,,insufficient_support,H25,False,-0.005,,primary,all
,ordinary,,leave_one_issuer_out,H25:event_return_drag:ordinary,-0.00041016607735958055,13,10,1,event_return_drag,0000050863,2,registered_pair_or_issuer_floor,0,protective_put,,,insufficient_support,H25,False,-0.005,,primary,all
,ordinary,,leave_one_issuer_out,H25:event_return_drag:ordinary,-0.00041016607735958055,13,10,1,event_return_drag,0000059478,2,registered_pair_or_issuer_floor,0,protective_put,,,insufficient_support,H25,False,-0.005,,primary,all
,debt_only,,registered_setting_or_year,H25:overlay_increment:debt_only,,16,10,0,overlay_increment,,0,registered_pair_or_issuer_floor,0,covered_call,,,insufficient_support,H25,False,0.0,,primary,all
,debt_only,,registered_setting_or_year,H25:overlay_increment:debt_only,,16,10,0,overlay_increment,,0,registered_pair_or_issuer_floor,0,covered_call,,,insufficient_support,H25,False,0.0,,primary,2023
,debt_only,,registered_setting_or_year,H25:overlay_increment:debt_only,,16,10,0,overlay_increment,,0,registered_pair_or_issuer_floor,0,covered_call,,,insufficient_support,H25,False,0.0,,primary,2024
,debt_only,,registered_setting_or_year,H25:overlay_increment:debt_only,,16,10,0,overlay_increment,,0,registered_pair_or_issuer_floor,0,covered_call,,,insufficient_support,H25,False,0.0,,primary,2025
,debt_only,,registered_setting_or_year,H25:overlay_increment:debt_only,,0,10,0,overlay_increment,,0,registered_pair_or_issuer_floor,0,covered_call,,,insufficient_support,H25,False,0.0,,double_cost,all
,debt_only,,registered_setting_or_year,H25:overlay_increment:debt_only,,0,10,0,overlay_increment,,0,registered_pair_or_issuer_floor,0,covered_call,,,insufficient_support,H25,False,0.0,,double_cost,2023
,debt_only,,registered_setting_or_year,H25:overlay_increment:debt_only,,0,10,0,overlay_increment,,0,registered_pair_or_issuer_floor,0,covered_call,,,insufficient_support,H25,False,0.0,,double_cost,2024
,debt_only,,registered_setting_or_year,H25:overlay_increment:debt_only,,0,10,0,overlay_increment,,0,registered_pair_or_issuer_floor,0,covered_call,,,insufficient_support,H25,False,0.0,,double_cost,2025
,debt_only,,registered_setting_or_year,H25:overlay_increment:debt_only,,0,10,0,overlay_increment,,0,registered_pair_or_issuer_floor,0,covered_call,,,insufficient_support,H25,False,0.0,,delay1,all
,debt_only,,registered_setting_or_year,H25:overlay_increment:debt_only,,0,10,0,overlay_increment,,0,registered_pair_or_issuer_floor,0,covered_call,,,insufficient_support,H25,False,0.0,,delay1,2023
,debt_only,,registered_setting_or_year,H25:overlay_increment:debt_only,,0,10,0,overlay_increment,,0,registered_pair_or_issuer_floor,0,covered_call,,,insufficient_support,H25,False,0.0,,delay1,2024
,debt_only,,registered_setting_or_year,H25:overlay_increment:debt_only,,0,10,0,overlay_increment,,0,registered_pair_or_issuer_floor,0,covered_call,,,insufficient_support,H25,False,0.0,,delay1,2025
,debt_only,,registered_setting_or_year,H25:overlay_increment:debt_only,,0,10,0,overlay_increment,,0,registered_pair_or_issuer_floor,0,covered_call,,,insufficient_support,H25,False,0.0,,delay3,all
,debt_only,,registered_setting_or_year,H25:overlay_increment:debt_only,,0,10,0,overlay_increment,,0,registered_pair_or_issuer_floor,0,covered_call,,,insufficient_support,H25,False,0.0,,delay3,2023
,debt_only,,registered_setting_or_year,H25:overlay_increment:debt_only,,0,10,0,overlay_increment,,0,registered_pair_or_issuer_floor,0,covered_call,,,insufficient_support,H25,False,0.0,,delay3,2024
,debt_only,,registered_setting_or_year,H25:overlay_increment:debt_only,,0,10,0,overlay_increment,,0,registered_pair_or_issuer_floor,0,covered_call,,,insufficient_support,H25,False,0.0,,delay3,2025
,debt_only,,registered_setting_or_year,H25:overlay_increment:debt_only,,0,10,0,overlay_increment,,0,registered_pair_or_issuer_floor,0,covered_call,,,insufficient_support,H25,False,0.0,,delay5,all
,debt_only,,registered_setting_or_year,H25:overlay_increment:debt_only,,0,10,0,overlay_increment,,0,registered_pair_or_issuer_floor,0,covered_call,,,insufficient_support,H25,False,0.0,,delay5,2023
,debt_only,,registered_setting_or_year,H25:overlay_increment:debt_only,,0,10,0,overlay_increment,,0,registered_pair_or_issuer_floor,0,covered_call,,,insufficient_support,H25,False,0.0,,delay5,2024
,debt_only,,registered_setting_or_year,H25:overlay_increment:debt_only,,0,10,0,overlay_increment,,0,registered_pair_or_issuer_floor,0,covered_call,,,insufficient_support,H25,False,0.0,,delay5,2025
,debt_only,,registered_setting_or_year,H25:overlay_increment:debt_only,,0,10,0,overlay_increment,,0,registered_pair_or_issuer_floor,0,covered_call,,,insufficient_support,H25,False,0.0,,dte30,all
,debt_only,,registered_setting_or_year,H25:overlay_increment:debt_only,,0,10,0,overlay_increment,,0,registered_pair_or_issuer_floor,0,covered_call,,,insufficient_support,H25,False,0.0,,dte30,2023
,debt_only,,registered_setting_or_year,H25:overlay_increment:debt_only,,0,10,0,overlay_increment,,0,registered_pair_or_issuer_floor,0,covered_call,,,insufficient_support,H25,False,0.0,,dte30,2024
,debt_only,,registered_setting_or_year,H25:overlay_increment:debt_only,,0,10,0,overlay_increment,,0,registered_pair_or_issuer_floor,0,covered_call,,,insufficient_support,H25,False,0.0,,dte30,2025
,debt_only,,registered_setting_or_year,H25:overlay_increment:debt_only,,0,10,0,overlay_increment,,0,registered_pair_or_issuer_floor,0,covered_call,,,insufficient_support,H25,False,0.0,,dte60,all
,debt_only,,registered_setting_or_year,H25:overlay_increment:debt_only,,0,10,0,overlay_increment,,0,registered_pair_or_issuer_floor,0,covered_call,,,insufficient_support,H25,False,0.0,,dte60,2023
,debt_only,,registered_setting_or_year,H25:overlay_increment:debt_only,,0,10,0,overlay_increment,,0,registered_pair_or_issuer_floor,0,covered_call,,,insufficient_support,H25,False,0.0,,dte60,2024
,debt_only,,registered_setting_or_year,H25:overlay_increment:debt_only,,0,10,0,overlay_increment,,0,registered_pair_or_issuer_floor,0,covered_call,,,insufficient_support,H25,False,0.0,,dte60,2025
,debt_only,,registered_setting_or_year,H25:overlay_increment:debt_only,,0,10,0,overlay_increment,,0,registered_pair_or_issuer_floor,0,covered_call,,,insufficient_support,H25,False,0.0,,otm3,all
,debt_only,,registered_setting_or_year,H25:overlay_increment:debt_only,,0,10,0,overlay_increment,,0,registered_pair_or_issuer_floor,0,covered_call,,,insufficient_support,H25,False,0.0,,otm3,2023
,debt_only,,registered_setting_or_year,H25:overlay_increment:debt_only,,0,10,0,overlay_increment,,0,registered_pair_or_issuer_floor,0,covered_call,,,insufficient_support,H25,False,0.0,,otm3,2024
,debt_only,,registered_setting_or_year,H25:overlay_increment:debt_only,,0,10,0,overlay_increment,,0,registered_pair_or_issuer_floor,0,covered_call,,,insufficient_support,H25,False,0.0,,otm3,2025
,debt_only,,registered_setting_or_year,H25:overlay_increment:debt_only,,0,10,0,overlay_increment,,0,registered_pair_or_issuer_floor,0,covered_call,,,insufficient_support,H25,False,0.0,,otm10,all
,debt_only,,registered_setting_or_year,H25:overlay_increment:debt_only,,0,10,0,overlay_increment,,0,registered_pair_or_issuer_floor,0,covered_call,,,insufficient_support,H25,False,0.0,,otm10,2023
,debt_only,,registered_setting_or_year,H25:overlay_increment:debt_only,,0,10,0,overlay_increment,,0,registered_pair_or_issuer_floor,0,covered_call,,,insufficient_support,H25,False,0.0,,otm10,2024
,debt_only,,registered_setting_or_year,H25:overlay_increment:debt_only,,0,10,0,overlay_increment,,0,registered_pair_or_issuer_floor,0,covered_call,,,insufficient_support,H25,False,0.0,,otm10,2025
,debt_only,,registered_setting_or_year,H25:overlay_increment:debt_only,,0,10,0,overlay_increment,,0,registered_pair_or_issuer_floor,0,covered_call,,,insufficient_support,H25,False,0.0,,assignment_stress,all
,debt_only,,registered_setting_or_year,H25:overlay_increment:debt_only,,0,10,0,overlay_increment,,0,registered_pair_or_issuer_floor,0,covered_call,,,insufficient_support,H25,False,0.0,,assignment_stress,2023
,debt_only,,registered_setting_or_year,H25:overlay_increment:debt_only,,0,10,0,overlay_increment,,0,registered_pair_or_issuer_floor,0,covered_call,,,insufficient_support,H25,False,0.0,,assignment_stress,2024
,debt_only,,registered_setting_or_year,H25:overlay_increment:debt_only,,0,10,0,overlay_increment,,0,registered_pair_or_issuer_floor,0,covered_call,,,insufficient_support,H25,False,0.0,,assignment_stress,2025
,debt_only,,registered_setting_or_year,H25:overlay_increment:debt_only,,0,10,0,overlay_increment,,0,registered_pair_or_issuer_floor,0,covered_call,,,insufficient_support,H25,False,0.0,,size10,all
,debt_only,,registered_setting_or_year,H25:overlay_increment:debt_only,,0,10,0,overlay_increment,,0,registered_pair_or_issuer_floor,0,covered_call,,,insufficient_support,H25,False,0.0,,size10,2023
,debt_only,,registered_setting_or_year,H25:overlay_increment:debt_only,,0,10,0,overlay_increment,,0,registered_pair_or_issuer_floor,0,covered_call,,,insufficient_support,H25,False,0.0,,size10,2024
,debt_only,,registered_setting_or_year,H25:overlay_increment:debt_only,,0,10,0,overlay_increment,,0,registered_pair_or_issuer_floor,0,covered_call,,,insufficient_support,H25,False,0.0,,size10,2025
,debt_only,,leave_one_issuer_out,H25:overlay_increment:debt_only,,14,10,0,overlay_increment,0000002488,0,registered_pair_or_issuer_floor,0,covered_call,,,insufficient_support,H25,False,0.0,,primary,all
,debt_only,,leave_one_issuer_out,H25:overlay_increment:debt_only,,13,10,0,overlay_increment,0000014272,0,registered_pair_or_issuer_floor,0,covered_call,,,insufficient_support,H25,False,0.0,,primary,all
,debt_only,,leave_one_issuer_out,H25:overlay_increment:debt_only,,15,10,0,overlay_increment,0000018230,0,registered_pair_or_issuer_floor,0,covered_call,,,insufficient_support,H25,False,0.0,,primary,all
,debt_only,,leave_one_issuer_out,H25:overlay_increment:debt_only,,14,10,0,overlay_increment,0000021344,0,registered_pair_or_issuer_floor,0,covered_call,,,insufficient_support,H25,False,0.0,,primary,all
,debt_only,,leave_one_issuer_out,H25:overlay_increment:debt_only,,13,10,0,overlay_increment,0000021665,0,registered_pair_or_issuer_floor,0,covered_call,,,insufficient_support,H25,False,0.0,,primary,all
,debt_only,,leave_one_issuer_out,H25:overlay_increment:debt_only,,14,10,0,overlay_increment,0000027419,0,registered_pair_or_issuer_floor,0,covered_call,,,insufficient_support,H25,False,0.0,,primary,all
,debt_only,,leave_one_issuer_out,H25:overlay_increment:debt_only,,15,10,0,overlay_increment,0000034088,0,registered_pair_or_issuer_floor,0,covered_call,,,insufficient_support,H25,False,0.0,,primary,all
,debt_only,,leave_one_issuer_out,H25:overlay_increment:debt_only,,15,10,0,overlay_increment,0000050863,0,registered_pair_or_issuer_floor,0,covered_call,,,insufficient_support,H25,False,0.0,,primary,all
,debt_only,,leave_one_issuer_out,H25:overlay_increment:debt_only,,15,10,0,overlay_increment,0000059478,0,registered_pair_or_issuer_floor,0,covered_call,,,insufficient_support,H25,False,0.0,,primary,all
,debt_only,,registered_setting_or_year,H25:hedge_increment:debt_only,,16,10,0,hedge_increment,,0,registered_pair_or_issuer_floor,0,protective_put,,,insufficient_support,H25,False,0.0,,primary,all
,debt_only,,registered_setting_or_year,H25:hedge_increment:debt_only,,16,10,0,hedge_increment,,0,registered_pair_or_issuer_floor,0,protective_put,,,insufficient_support,H25,False,0.0,,primary,2023
,debt_only,,registered_setting_or_year,H25:hedge_increment:debt_only,,16,10,0,hedge_increment,,0,registered_pair_or_issuer_floor,0,protective_put,,,insufficient_support,H25,False,0.0,,primary,2024
,debt_only,,registered_setting_or_year,H25:hedge_increment:debt_only,,16,10,0,hedge_increment,,0,registered_pair_or_issuer_floor,0,protective_put,,,insufficient_support,H25,False,0.0,,primary,2025
,debt_only,,registered_setting_or_year,H25:hedge_increment:debt_only,,0,10,0,hedge_increment,,0,registered_pair_or_issuer_floor,0,protective_put,,,insufficient_support,H25,False,0.0,,double_cost,all
,debt_only,,registered_setting_or_year,H25:hedge_increment:debt_only,,0,10,0,hedge_increment,,0,registered_pair_or_issuer_floor,0,protective_put,,,insufficient_support,H25,False,0.0,,double_cost,2023
,debt_only,,registered_setting_or_year,H25:hedge_increment:debt_only,,0,10,0,hedge_increment,,0,registered_pair_or_issuer_floor,0,protective_put,,,insufficient_support,H25,False,0.0,,double_cost,2024
,debt_only,,registered_setting_or_year,H25:hedge_increment:debt_only,,0,10,0,hedge_increment,,0,registered_pair_or_issuer_floor,0,protective_put,,,insufficient_support,H25,False,0.0,,double_cost,2025
,debt_only,,registered_setting_or_year,H25:hedge_increment:debt_only,,0,10,0,hedge_increment,,0,registered_pair_or_issuer_floor,0,protective_put,,,insufficient_support,H25,False,0.0,,delay1,all
,debt_only,,registered_setting_or_year,H25:hedge_increment:debt_only,,0,10,0,hedge_increment,,0,registered_pair_or_issuer_floor,0,protective_put,,,insufficient_support,H25,False,0.0,,delay1,2023
,debt_only,,registered_setting_or_year,H25:hedge_increment:debt_only,,0,10,0,hedge_increment,,0,registered_pair_or_issuer_floor,0,protective_put,,,insufficient_support,H25,False,0.0,,delay1,2024
,debt_only,,registered_setting_or_year,H25:hedge_increment:debt_only,,0,10,0,hedge_increment,,0,registered_pair_or_issuer_floor,0,protective_put,,,insufficient_support,H25,False,0.0,,delay1,2025
,debt_only,,registered_setting_or_year,H25:hedge_increment:debt_only,,0,10,0,hedge_increment,,0,registered_pair_or_issuer_floor,0,protective_put,,,insufficient_support,H25,False,0.0,,delay3,all
,debt_only,,registered_setting_or_year,H25:hedge_increment:debt_only,,0,10,0,hedge_increment,,0,registered_pair_or_issuer_floor,0,protective_put,,,insufficient_support,H25,False,0.0,,delay3,2023
,debt_only,,registered_setting_or_year,H25:hedge_increment:debt_only,,0,10,0,hedge_increment,,0,registered_pair_or_issuer_floor,0,protective_put,,,insufficient_support,H25,False,0.0,,delay3,2024
,debt_only,,registered_setting_or_year,H25:hedge_increment:debt_only,,0,10,0,hedge_increment,,0,registered_pair_or_issuer_floor,0,protective_put,,,insufficient_support,H25,False,0.0,,delay3,2025
,debt_only,,registered_setting_or_year,H25:hedge_increment:debt_only,,0,10,0,hedge_increment,,0,registered_pair_or_issuer_floor,0,protective_put,,,insufficient_support,H25,False,0.0,,delay5,all
,debt_only,,registered_setting_or_year,H25:hedge_increment:debt_only,,0,10,0,hedge_increment,,0,registered_pair_or_issuer_floor,0,protective_put,,,insufficient_support,H25,False,0.0,,delay5,2023
,debt_only,,registered_setting_or_year,H25:hedge_increment:debt_only,,0,10,0,hedge_increment,,0,registered_pair_or_issuer_floor,0,protective_put,,,insufficient_support,H25,False,0.0,,delay5,2024
,debt_only,,registered_setting_or_year,H25:hedge_increment:debt_only,,0,10,0,hedge_increment,,0,registered_pair_or_issuer_floor,0,protective_put,,,insufficient_support,H25,False,0.0,,delay5,2025
,debt_only,,registered_setting_or_year,H25:hedge_increment:debt_only,,0,10,0,hedge_increment,,0,registered_pair_or_issuer_floor,0,protective_put,,,insufficient_support,H25,False,0.0,,dte30,all
,debt_only,,registered_setting_or_year,H25:hedge_increment:debt_only,,0,10,0,hedge_increment,,0,registered_pair_or_issuer_floor,0,protective_put,,,insufficient_support,H25,False,0.0,,dte30,2023
,debt_only,,registered_setting_or_year,H25:hedge_increment:debt_only,,0,10,0,hedge_increment,,0,registered_pair_or_issuer_floor,0,protective_put,,,insufficient_support,H25,False,0.0,,dte30,2024
,debt_only,,registered_setting_or_year,H25:hedge_increment:debt_only,,0,10,0,hedge_increment,,0,registered_pair_or_issuer_floor,0,protective_put,,,insufficient_support,H25,False,0.0,,dte30,2025
,debt_only,,registered_setting_or_year,H25:hedge_increment:debt_only,,0,10,0,hedge_increment,,0,registered_pair_or_issuer_floor,0,protective_put,,,insufficient_support,H25,False,0.0,,dte60,all
,debt_only,,registered_setting_or_year,H25:hedge_increment:debt_only,,0,10,0,hedge_increment,,0,registered_pair_or_issuer_floor,0,protective_put,,,insufficient_support,H25,False,0.0,,dte60,2023
,debt_only,,registered_setting_or_year,H25:hedge_increment:debt_only,,0,10,0,hedge_increment,,0,registered_pair_or_issuer_floor,0,protective_put,,,insufficient_support,H25,False,0.0,,dte60,2024
,debt_only,,registered_setting_or_year,H25:hedge_increment:debt_only,,0,10,0,hedge_increment,,0,registered_pair_or_issuer_floor,0,protective_put,,,insufficient_support,H25,False,0.0,,dte60,2025
,debt_only,,registered_setting_or_year,H25:hedge_increment:debt_only,,0,10,0,hedge_increment,,0,registered_pair_or_issuer_floor,0,protective_put,,,insufficient_support,H25,False,0.0,,otm3,all
,debt_only,,registered_setting_or_year,H25:hedge_increment:debt_only,,0,10,0,hedge_increment,,0,registered_pair_or_issuer_floor,0,protective_put,,,insufficient_support,H25,False,0.0,,otm3,2023
,debt_only,,registered_setting_or_year,H25:hedge_increment:debt_only,,0,10,0,hedge_increment,,0,registered_pair_or_issuer_floor,0,protective_put,,,insufficient_support,H25,False,0.0,,otm3,2024
,debt_only,,registered_setting_or_year,H25:hedge_increment:debt_only,,0,10,0,hedge_increment,,0,registered_pair_or_issuer_floor,0,protective_put,,,insufficient_support,H25,False,0.0,,otm3,2025
,debt_only,,registered_setting_or_year,H25:hedge_increment:debt_only,,0,10,0,hedge_increment,,0,registered_pair_or_issuer_floor,0,protective_put,,,insufficient_support,H25,False,0.0,,otm10,all
,debt_only,,registered_setting_or_year,H25:hedge_increment:debt_only,,0,10,0,hedge_increment,,0,registered_pair_or_issuer_floor,0,protective_put,,,insufficient_support,H25,False,0.0,,otm10,2023
,debt_only,,registered_setting_or_year,H25:hedge_increment:debt_only,,0,10,0,hedge_increment,,0,registered_pair_or_issuer_floor,0,protective_put,,,insufficient_support,H25,False,0.0,,otm10,2024
,debt_only,,registered_setting_or_year,H25:hedge_increment:debt_only,,0,10,0,hedge_increment,,0,registered_pair_or_issuer_floor,0,protective_put,,,insufficient_support,H25,False,0.0,,otm10,2025
,debt_only,,registered_setting_or_year,H25:hedge_increment:debt_only,,0,10,0,hedge_increment,,0,registered_pair_or_issuer_floor,0,protective_put,,,insufficient_support,H25,False,0.0,,assignment_stress,all
,debt_only,,registered_setting_or_year,H25:hedge_increment:debt_only,,0,10,0,hedge_increment,,0,registered_pair_or_issuer_floor,0,protective_put,,,insufficient_support,H25,False,0.0,,assignment_stress,2023
,debt_only,,registered_setting_or_year,H25:hedge_increment:debt_only,,0,10,0,hedge_increment,,0,registered_pair_or_issuer_floor,0,protective_put,,,insufficient_support,H25,False,0.0,,assignment_stress,2024
,debt_only,,registered_setting_or_year,H25:hedge_increment:debt_only,,0,10,0,hedge_increment,,0,registered_pair_or_issuer_floor,0,protective_put,,,insufficient_support,H25,False,0.0,,assignment_stress,2025
,debt_only,,registered_setting_or_year,H25:hedge_increment:debt_only,,0,10,0,hedge_increment,,0,registered_pair_or_issuer_floor,0,protective_put,,,insufficient_support,H25,False,0.0,,size10,all
,debt_only,,registered_setting_or_year,H25:hedge_increment:debt_only,,0,10,0,hedge_increment,,0,registered_pair_or_issuer_floor,0,protective_put,,,insufficient_support,H25,False,0.0,,size10,2023
,debt_only,,registered_setting_or_year,H25:hedge_increment:debt_only,,0,10,0,hedge_increment,,0,registered_pair_or_issuer_floor,0,protective_put,,,insufficient_support,H25,False,0.0,,size10,2024
,debt_only,,registered_setting_or_year,H25:hedge_increment:debt_only,,0,10,0,hedge_increment,,0,registered_pair_or_issuer_floor,0,protective_put,,,insufficient_support,H25,False,0.0,,size10,2025
,debt_only,,leave_one_issuer_out,H25:hedge_increment:debt_only,,14,10,0,hedge_increment,0000002488,0,registered_pair_or_issuer_floor,0,protective_put,,,insufficient_support,H25,False,0.0,,primary,all
,debt_only,,leave_one_issuer_out,H25:hedge_increment:debt_only,,13,10,0,hedge_increment,0000014272,0,registered_pair_or_issuer_floor,0,protective_put,,,insufficient_support,H25,False,0.0,,primary,all
,debt_only,,leave_one_issuer_out,H25:hedge_increment:debt_only,,15,10,0,hedge_increment,0000018230,0,registered_pair_or_issuer_floor,0,protective_put,,,insufficient_support,H25,False,0.0,,primary,all
,debt_only,,leave_one_issuer_out,H25:hedge_increment:debt_only,,14,10,0,hedge_increment,0000021344,0,registered_pair_or_issuer_floor,0,protective_put,,,insufficient_support,H25,False,0.0,,primary,all
,debt_only,,leave_one_issuer_out,H25:hedge_increment:debt_only,,13,10,0,hedge_increment,0000021665,0,registered_pair_or_issuer_floor,0,protective_put,,,insufficient_support,H25,False,0.0,,primary,all
,debt_only,,leave_one_issuer_out,H25:hedge_increment:debt_only,,14,10,0,hedge_increment,0000027419,0,registered_pair_or_issuer_floor,0,protective_put,,,insufficient_support,H25,False,0.0,,primary,all
,debt_only,,leave_one_issuer_out,H25:hedge_increment:debt_only,,15,10,0,hedge_increment,0000034088,0,registered_pair_or_issuer_floor,0,protective_put,,,insufficient_support,H25,False,0.0,,primary,all
,debt_only,,leave_one_issuer_out,H25:hedge_increment:debt_only,,15,10,0,hedge_increment,0000050863,0,registered_pair_or_issuer_floor,0,protective_put,,,insufficient_support,H25,False,0.0,,primary,all
,debt_only,,leave_one_issuer_out,H25:hedge_increment:debt_only,,15,10,0,hedge_increment,0000059478,0,registered_pair_or_issuer_floor,0,protective_put,,,insufficient_support,H25,False,0.0,,primary,all
,underwriting_only,,registered_setting_or_year,H25:overlay_increment:underwriting_only,,16,10,0,overlay_increment,,0,registered_pair_or_issuer_floor,0,covered_call,,,insufficient_support,H25,False,0.0,,primary,all
,underwriting_only,,registered_setting_or_year,H25:overlay_increment:underwriting_only,,16,10,0,overlay_increment,,0,registered_pair_or_issuer_floor,0,covered_call,,,insufficient_support,H25,False,0.0,,primary,2023
,underwriting_only,,registered_setting_or_year,H25:overlay_increment:underwriting_only,,16,10,0,overlay_increment,,0,registered_pair_or_issuer_floor,0,covered_call,,,insufficient_support,H25,False,0.0,,primary,2024
,underwriting_only,,registered_setting_or_year,H25:overlay_increment:underwriting_only,,16,10,0,overlay_increment,,0,registered_pair_or_issuer_floor,0,covered_call,,,insufficient_support,H25,False,0.0,,primary,2025
,underwriting_only,,registered_setting_or_year,H25:overlay_increment:underwriting_only,,0,10,0,overlay_increment,,0,registered_pair_or_issuer_floor,0,covered_call,,,insufficient_support,H25,False,0.0,,double_cost,all
,underwriting_only,,registered_setting_or_year,H25:overlay_increment:underwriting_only,,0,10,0,overlay_increment,,0,registered_pair_or_issuer_floor,0,covered_call,,,insufficient_support,H25,False,0.0,,double_cost,2023
,underwriting_only,,registered_setting_or_year,H25:overlay_increment:underwriting_only,,0,10,0,overlay_increment,,0,registered_pair_or_issuer_floor,0,covered_call,,,insufficient_support,H25,False,0.0,,double_cost,2024
,underwriting_only,,registered_setting_or_year,H25:overlay_increment:underwriting_only,,0,10,0,overlay_increment,,0,registered_pair_or_issuer_floor,0,covered_call,,,insufficient_support,H25,False,0.0,,double_cost,2025
,underwriting_only,,registered_setting_or_year,H25:overlay_increment:underwriting_only,,0,10,0,overlay_increment,,0,registered_pair_or_issuer_floor,0,covered_call,,,insufficient_support,H25,False,0.0,,delay1,all
,underwriting_only,,registered_setting_or_year,H25:overlay_increment:underwriting_only,,0,10,0,overlay_increment,,0,registered_pair_or_issuer_floor,0,covered_call,,,insufficient_support,H25,False,0.0,,delay1,2023
,underwriting_only,,registered_setting_or_year,H25:overlay_increment:underwriting_only,,0,10,0,overlay_increment,,0,registered_pair_or_issuer_floor,0,covered_call,,,insufficient_support,H25,False,0.0,,delay1,2024
,underwriting_only,,registered_setting_or_year,H25:overlay_increment:underwriting_only,,0,10,0,overlay_increment,,0,registered_pair_or_issuer_floor,0,covered_call,,,insufficient_support,H25,False,0.0,,delay1,2025
,underwriting_only,,registered_setting_or_year,H25:overlay_increment:underwriting_only,,0,10,0,overlay_increment,,0,registered_pair_or_issuer_floor,0,covered_call,,,insufficient_support,H25,False,0.0,,delay3,all
,underwriting_only,,registered_setting_or_year,H25:overlay_increment:underwriting_only,,0,10,0,overlay_increment,,0,registered_pair_or_issuer_floor,0,covered_call,,,insufficient_support,H25,False,0.0,,delay3,2023
,underwriting_only,,registered_setting_or_year,H25:overlay_increment:underwriting_only,,0,10,0,overlay_increment,,0,registered_pair_or_issuer_floor,0,covered_call,,,insufficient_support,H25,False,0.0,,delay3,2024
,underwriting_only,,registered_setting_or_year,H25:overlay_increment:underwriting_only,,0,10,0,overlay_increment,,0,registered_pair_or_issuer_floor,0,covered_call,,,insufficient_support,H25,False,0.0,,delay3,2025
,underwriting_only,,registered_setting_or_year,H25:overlay_increment:underwriting_only,,0,10,0,overlay_increment,,0,registered_pair_or_issuer_floor,0,covered_call,,,insufficient_support,H25,False,0.0,,delay5,all
,underwriting_only,,registered_setting_or_year,H25:overlay_increment:underwriting_only,,0,10,0,overlay_increment,,0,registered_pair_or_issuer_floor,0,covered_call,,,insufficient_support,H25,False,0.0,,delay5,2023
,underwriting_only,,registered_setting_or_year,H25:overlay_increment:underwriting_only,,0,10,0,overlay_increment,,0,registered_pair_or_issuer_floor,0,covered_call,,,insufficient_support,H25,False,0.0,,delay5,2024
,underwriting_only,,registered_setting_or_year,H25:overlay_increment:underwriting_only,,0,10,0,overlay_increment,,0,registered_pair_or_issuer_floor,0,covered_call,,,insufficient_support,H25,False,0.0,,delay5,2025
,underwriting_only,,registered_setting_or_year,H25:overlay_increment:underwriting_only,,0,10,0,overlay_increment,,0,registered_pair_or_issuer_floor,0,covered_call,,,insufficient_support,H25,False,0.0,,dte30,all
,underwriting_only,,registered_setting_or_year,H25:overlay_increment:underwriting_only,,0,10,0,overlay_increment,,0,registered_pair_or_issuer_floor,0,covered_call,,,insufficient_support,H25,False,0.0,,dte30,2023
,underwriting_only,,registered_setting_or_year,H25:overlay_increment:underwriting_only,,0,10,0,overlay_increment,,0,registered_pair_or_issuer_floor,0,covered_call,,,insufficient_support,H25,False,0.0,,dte30,2024
,underwriting_only,,registered_setting_or_year,H25:overlay_increment:underwriting_only,,0,10,0,overlay_increment,,0,registered_pair_or_issuer_floor,0,covered_call,,,insufficient_support,H25,False,0.0,,dte30,2025
,underwriting_only,,registered_setting_or_year,H25:overlay_increment:underwriting_only,,0,10,0,overlay_increment,,0,registered_pair_or_issuer_floor,0,covered_call,,,insufficient_support,H25,False,0.0,,dte60,all
,underwriting_only,,registered_setting_or_year,H25:overlay_increment:underwriting_only,,0,10,0,overlay_increment,,0,registered_pair_or_issuer_floor,0,covered_call,,,insufficient_support,H25,False,0.0,,dte60,2023
,underwriting_only,,registered_setting_or_year,H25:overlay_increment:underwriting_only,,0,10,0,overlay_increment,,0,registered_pair_or_issuer_floor,0,covered_call,,,insufficient_support,H25,False,0.0,,dte60,2024
,underwriting_only,,registered_setting_or_year,H25:overlay_increment:underwriting_only,,0,10,0,overlay_increment,,0,registered_pair_or_issuer_floor,0,covered_call,,,insufficient_support,H25,False,0.0,,dte60,2025
,underwriting_only,,registered_setting_or_year,H25:overlay_increment:underwriting_only,,0,10,0,overlay_increment,,0,registered_pair_or_issuer_floor,0,covered_call,,,insufficient_support,H25,False,0.0,,otm3,all
,underwriting_only,,registered_setting_or_year,H25:overlay_increment:underwriting_only,,0,10,0,overlay_increment,,0,registered_pair_or_issuer_floor,0,covered_call,,,insufficient_support,H25,False,0.0,,otm3,2023
,underwriting_only,,registered_setting_or_year,H25:overlay_increment:underwriting_only,,0,10,0,overlay_increment,,0,registered_pair_or_issuer_floor,0,covered_call,,,insufficient_support,H25,False,0.0,,otm3,2024
,underwriting_only,,registered_setting_or_year,H25:overlay_increment:underwriting_only,,0,10,0,overlay_increment,,0,registered_pair_or_issuer_floor,0,covered_call,,,insufficient_support,H25,False,0.0,,otm3,2025
,underwriting_only,,registered_setting_or_year,H25:overlay_increment:underwriting_only,,0,10,0,overlay_increment,,0,registered_pair_or_issuer_floor,0,covered_call,,,insufficient_support,H25,False,0.0,,otm10,all
,underwriting_only,,registered_setting_or_year,H25:overlay_increment:underwriting_only,,0,10,0,overlay_increment,,0,registered_pair_or_issuer_floor,0,covered_call,,,insufficient_support,H25,False,0.0,,otm10,2023
,underwriting_only,,registered_setting_or_year,H25:overlay_increment:underwriting_only,,0,10,0,overlay_increment,,0,registered_pair_or_issuer_floor,0,covered_call,,,insufficient_support,H25,False,0.0,,otm10,2024
,underwriting_only,,registered_setting_or_year,H25:overlay_increment:underwriting_only,,0,10,0,overlay_increment,,0,registered_pair_or_issuer_floor,0,covered_call,,,insufficient_support,H25,False,0.0,,otm10,2025
,underwriting_only,,registered_setting_or_year,H25:overlay_increment:underwriting_only,,0,10,0,overlay_increment,,0,registered_pair_or_issuer_floor,0,covered_call,,,insufficient_support,H25,False,0.0,,assignment_stress,all
,underwriting_only,,registered_setting_or_year,H25:overlay_increment:underwriting_only,,0,10,0,overlay_increment,,0,registered_pair_or_issuer_floor,0,covered_call,,,insufficient_support,H25,False,0.0,,assignment_stress,2023
,underwriting_only,,registered_setting_or_year,H25:overlay_increment:underwriting_only,,0,10,0,overlay_increment,,0,registered_pair_or_issuer_floor,0,covered_call,,,insufficient_support,H25,False,0.0,,assignment_stress,2024
,underwriting_only,,registered_setting_or_year,H25:overlay_increment:underwriting_only,,0,10,0,overlay_increment,,0,registered_pair_or_issuer_floor,0,covered_call,,,insufficient_support,H25,False,0.0,,assignment_stress,2025
,underwriting_only,,registered_setting_or_year,H25:overlay_increment:underwriting_only,,0,10,0,overlay_increment,,0,registered_pair_or_issuer_floor,0,covered_call,,,insufficient_support,H25,False,0.0,,size10,all
,underwriting_only,,registered_setting_or_year,H25:overlay_increment:underwriting_only,,0,10,0,overlay_increment,,0,registered_pair_or_issuer_floor,0,covered_call,,,insufficient_support,H25,False,0.0,,size10,2023
,underwriting_only,,registered_setting_or_year,H25:overlay_increment:underwriting_only,,0,10,0,overlay_increment,,0,registered_pair_or_issuer_floor,0,covered_call,,,insufficient_support,H25,False,0.0,,size10,2024
,underwriting_only,,registered_setting_or_year,H25:overlay_increment:underwriting_only,,0,10,0,overlay_increment,,0,registered_pair_or_issuer_floor,0,covered_call,,,insufficient_support,H25,False,0.0,,size10,2025
,underwriting_only,,leave_one_issuer_out,H25:overlay_increment:underwriting_only,,14,10,0,overlay_increment,0000002488,0,registered_pair_or_issuer_floor,0,covered_call,,,insufficient_support,H25,False,0.0,,primary,all
,underwriting_only,,leave_one_issuer_out,H25:overlay_increment:underwriting_only,,13,10,0,overlay_increment,0000014272,0,registered_pair_or_issuer_floor,0,covered_call,,,insufficient_support,H25,False,0.0,,primary,all
,underwriting_only,,leave_one_issuer_out,H25:overlay_increment:underwriting_only,,15,10,0,overlay_increment,0000018230,0,registered_pair_or_issuer_floor,0,covered_call,,,insufficient_support,H25,False,0.0,,primary,all
,underwriting_only,,leave_one_issuer_out,H25:overlay_increment:underwriting_only,,14,10,0,overlay_increment,0000021344,0,registered_pair_or_issuer_floor,0,covered_call,,,insufficient_support,H25,False,0.0,,primary,all
,underwriting_only,,leave_one_issuer_out,H25:overlay_increment:underwriting_only,,13,10,0,overlay_increment,0000021665,0,registered_pair_or_issuer_floor,0,covered_call,,,insufficient_support,H25,False,0.0,,primary,all
,underwriting_only,,leave_one_issuer_out,H25:overlay_increment:underwriting_only,,14,10,0,overlay_increment,0000027419,0,registered_pair_or_issuer_floor,0,covered_call,,,insufficient_support,H25,False,0.0,,primary,all
,underwriting_only,,leave_one_issuer_out,H25:overlay_increment:underwriting_only,,15,10,0,overlay_increment,0000034088,0,registered_pair_or_issuer_floor,0,covered_call,,,insufficient_support,H25,False,0.0,,primary,all
,underwriting_only,,leave_one_issuer_out,H25:overlay_increment:underwriting_only,,15,10,0,overlay_increment,0000050863,0,registered_pair_or_issuer_floor,0,covered_call,,,insufficient_support,H25,False,0.0,,primary,all
,underwriting_only,,leave_one_issuer_out,H25:overlay_increment:underwriting_only,,15,10,0,overlay_increment,0000059478,0,registered_pair_or_issuer_floor,0,covered_call,,,insufficient_support,H25,False,0.0,,primary,all
,underwriting_only,,registered_setting_or_year,H25:hedge_increment:underwriting_only,,16,10,0,hedge_increment,,0,registered_pair_or_issuer_floor,0,protective_put,,,insufficient_support,H25,False,0.0,,primary,all
,underwriting_only,,registered_setting_or_year,H25:hedge_increment:underwriting_only,,16,10,0,hedge_increment,,0,registered_pair_or_issuer_floor,0,protective_put,,,insufficient_support,H25,False,0.0,,primary,2023
,underwriting_only,,registered_setting_or_year,H25:hedge_increment:underwriting_only,,16,10,0,hedge_increment,,0,registered_pair_or_issuer_floor,0,protective_put,,,insufficient_support,H25,False,0.0,,primary,2024
,underwriting_only,,registered_setting_or_year,H25:hedge_increment:underwriting_only,,16,10,0,hedge_increment,,0,registered_pair_or_issuer_floor,0,protective_put,,,insufficient_support,H25,False,0.0,,primary,2025
,underwriting_only,,registered_setting_or_year,H25:hedge_increment:underwriting_only,,0,10,0,hedge_increment,,0,registered_pair_or_issuer_floor,0,protective_put,,,insufficient_support,H25,False,0.0,,double_cost,all
,underwriting_only,,registered_setting_or_year,H25:hedge_increment:underwriting_only,,0,10,0,hedge_increment,,0,registered_pair_or_issuer_floor,0,protective_put,,,insufficient_support,H25,False,0.0,,double_cost,2023
,underwriting_only,,registered_setting_or_year,H25:hedge_increment:underwriting_only,,0,10,0,hedge_increment,,0,registered_pair_or_issuer_floor,0,protective_put,,,insufficient_support,H25,False,0.0,,double_cost,2024
,underwriting_only,,registered_setting_or_year,H25:hedge_increment:underwriting_only,,0,10,0,hedge_increment,,0,registered_pair_or_issuer_floor,0,protective_put,,,insufficient_support,H25,False,0.0,,double_cost,2025
,underwriting_only,,registered_setting_or_year,H25:hedge_increment:underwriting_only,,0,10,0,hedge_increment,,0,registered_pair_or_issuer_floor,0,protective_put,,,insufficient_support,H25,False,0.0,,delay1,all
,underwriting_only,,registered_setting_or_year,H25:hedge_increment:underwriting_only,,0,10,0,hedge_increment,,0,registered_pair_or_issuer_floor,0,protective_put,,,insufficient_support,H25,False,0.0,,delay1,2023
,underwriting_only,,registered_setting_or_year,H25:hedge_increment:underwriting_only,,0,10,0,hedge_increment,,0,registered_pair_or_issuer_floor,0,protective_put,,,insufficient_support,H25,False,0.0,,delay1,2024
,underwriting_only,,registered_setting_or_year,H25:hedge_increment:underwriting_only,,0,10,0,hedge_increment,,0,registered_pair_or_issuer_floor,0,protective_put,,,insufficient_support,H25,False,0.0,,delay1,2025
,underwriting_only,,registered_setting_or_year,H25:hedge_increment:underwriting_only,,0,10,0,hedge_increment,,0,registered_pair_or_issuer_floor,0,protective_put,,,insufficient_support,H25,False,0.0,,delay3,all
,underwriting_only,,registered_setting_or_year,H25:hedge_increment:underwriting_only,,0,10,0,hedge_increment,,0,registered_pair_or_issuer_floor,0,protective_put,,,insufficient_support,H25,False,0.0,,delay3,2023
,underwriting_only,,registered_setting_or_year,H25:hedge_increment:underwriting_only,,0,10,0,hedge_increment,,0,registered_pair_or_issuer_floor,0,protective_put,,,insufficient_support,H25,False,0.0,,delay3,2024
,underwriting_only,,registered_setting_or_year,H25:hedge_increment:underwriting_only,,0,10,0,hedge_increment,,0,registered_pair_or_issuer_floor,0,protective_put,,,insufficient_support,H25,False,0.0,,delay3,2025
,underwriting_only,,registered_setting_or_year,H25:hedge_increment:underwriting_only,,0,10,0,hedge_increment,,0,registered_pair_or_issuer_floor,0,protective_put,,,insufficient_support,H25,False,0.0,,delay5,all
,underwriting_only,,registered_setting_or_year,H25:hedge_increment:underwriting_only,,0,10,0,hedge_increment,,0,registered_pair_or_issuer_floor,0,protective_put,,,insufficient_support,H25,False,0.0,,delay5,2023
,underwriting_only,,registered_setting_or_year,H25:hedge_increment:underwriting_only,,0,10,0,hedge_increment,,0,registered_pair_or_issuer_floor,0,protective_put,,,insufficient_support,H25,False,0.0,,delay5,2024
,underwriting_only,,registered_setting_or_year,H25:hedge_increment:underwriting_only,,0,10,0,hedge_increment,,0,registered_pair_or_issuer_floor,0,protective_put,,,insufficient_support,H25,False,0.0,,delay5,2025
,underwriting_only,,registered_setting_or_year,H25:hedge_increment:underwriting_only,,0,10,0,hedge_increment,,0,registered_pair_or_issuer_floor,0,protective_put,,,insufficient_support,H25,False,0.0,,dte30,all
,underwriting_only,,registered_setting_or_year,H25:hedge_increment:underwriting_only,,0,10,0,hedge_increment,,0,registered_pair_or_issuer_floor,0,protective_put,,,insufficient_support,H25,False,0.0,,dte30,2023
,underwriting_only,,registered_setting_or_year,H25:hedge_increment:underwriting_only,,0,10,0,hedge_increment,,0,registered_pair_or_issuer_floor,0,protective_put,,,insufficient_support,H25,False,0.0,,dte30,2024
,underwriting_only,,registered_setting_or_year,H25:hedge_increment:underwriting_only,,0,10,0,hedge_increment,,0,registered_pair_or_issuer_floor,0,protective_put,,,insufficient_support,H25,False,0.0,,dte30,2025
,underwriting_only,,registered_setting_or_year,H25:hedge_increment:underwriting_only,,0,10,0,hedge_increment,,0,registered_pair_or_issuer_floor,0,protective_put,,,insufficient_support,H25,False,0.0,,dte60,all
,underwriting_only,,registered_setting_or_year,H25:hedge_increment:underwriting_only,,0,10,0,hedge_increment,,0,registered_pair_or_issuer_floor,0,protective_put,,,insufficient_support,H25,False,0.0,,dte60,2023
,underwriting_only,,registered_setting_or_year,H25:hedge_increment:underwriting_only,,0,10,0,hedge_increment,,0,registered_pair_or_issuer_floor,0,protective_put,,,insufficient_support,H25,False,0.0,,dte60,2024
,underwriting_only,,registered_setting_or_year,H25:hedge_increment:underwriting_only,,0,10,0,hedge_increment,,0,registered_pair_or_issuer_floor,0,protective_put,,,insufficient_support,H25,False,0.0,,dte60,2025
,underwriting_only,,registered_setting_or_year,H25:hedge_increment:underwriting_only,,0,10,0,hedge_increment,,0,registered_pair_or_issuer_floor,0,protective_put,,,insufficient_support,H25,False,0.0,,otm3,all
,underwriting_only,,registered_setting_or_year,H25:hedge_increment:underwriting_only,,0,10,0,hedge_increment,,0,registered_pair_or_issuer_floor,0,protective_put,,,insufficient_support,H25,False,0.0,,otm3,2023
,underwriting_only,,registered_setting_or_year,H25:hedge_increment:underwriting_only,,0,10,0,hedge_increment,,0,registered_pair_or_issuer_floor,0,protective_put,,,insufficient_support,H25,False,0.0,,otm3,2024
,underwriting_only,,registered_setting_or_year,H25:hedge_increment:underwriting_only,,0,10,0,hedge_increment,,0,registered_pair_or_issuer_floor,0,protective_put,,,insufficient_support,H25,False,0.0,,otm3,2025
,underwriting_only,,registered_setting_or_year,H25:hedge_increment:underwriting_only,,0,10,0,hedge_increment,,0,registered_pair_or_issuer_floor,0,protective_put,,,insufficient_support,H25,False,0.0,,otm10,all
,underwriting_only,,registered_setting_or_year,H25:hedge_increment:underwriting_only,,0,10,0,hedge_increment,,0,registered_pair_or_issuer_floor,0,protective_put,,,insufficient_support,H25,False,0.0,,otm10,2023
,underwriting_only,,registered_setting_or_year,H25:hedge_increment:underwriting_only,,0,10,0,hedge_increment,,0,registered_pair_or_issuer_floor,0,protective_put,,,insufficient_support,H25,False,0.0,,otm10,2024
,underwriting_only,,registered_setting_or_year,H25:hedge_increment:underwriting_only,,0,10,0,hedge_increment,,0,registered_pair_or_issuer_floor,0,protective_put,,,insufficient_support,H25,False,0.0,,otm10,2025
,underwriting_only,,registered_setting_or_year,H25:hedge_increment:underwriting_only,,0,10,0,hedge_increment,,0,registered_pair_or_issuer_floor,0,protective_put,,,insufficient_support,H25,False,0.0,,assignment_stress,all
,underwriting_only,,registered_setting_or_year,H25:hedge_increment:underwriting_only,,0,10,0,hedge_increment,,0,registered_pair_or_issuer_floor,0,protective_put,,,insufficient_support,H25,False,0.0,,assignment_stress,2023
,underwriting_only,,registered_setting_or_year,H25:hedge_increment:underwriting_only,,0,10,0,hedge_increment,,0,registered_pair_or_issuer_floor,0,protective_put,,,insufficient_support,H25,False,0.0,,assignment_stress,2024
,underwriting_only,,registered_setting_or_year,H25:hedge_increment:underwriting_only,,0,10,0,hedge_increment,,0,registered_pair_or_issuer_floor,0,protective_put,,,insufficient_support,H25,False,0.0,,assignment_stress,2025
,underwriting_only,,registered_setting_or_year,H25:hedge_increment:underwriting_only,,0,10,0,hedge_increment,,0,registered_pair_or_issuer_floor,0,protective_put,,,insufficient_support,H25,False,0.0,,size10,all
,underwriting_only,,registered_setting_or_year,H25:hedge_increment:underwriting_only,,0,10,0,hedge_increment,,0,registered_pair_or_issuer_floor,0,protective_put,,,insufficient_support,H25,False,0.0,,size10,2023
,underwriting_only,,registered_setting_or_year,H25:hedge_increment:underwriting_only,,0,10,0,hedge_increment,,0,registered_pair_or_issuer_floor,0,protective_put,,,insufficient_support,H25,False,0.0,,size10,2024
,underwriting_only,,registered_setting_or_year,H25:hedge_increment:underwriting_only,,0,10,0,hedge_increment,,0,registered_pair_or_issuer_floor,0,protective_put,,,insufficient_support,H25,False,0.0,,size10,2025
,underwriting_only,,leave_one_issuer_out,H25:hedge_increment:underwriting_only,,14,10,0,hedge_increment,0000002488,0,registered_pair_or_issuer_floor,0,protective_put,,,insufficient_support,H25,False,0.0,,primary,all
,underwriting_only,,leave_one_issuer_out,H25:hedge_increment:underwriting_only,,13,10,0,hedge_increment,0000014272,0,registered_pair_or_issuer_floor,0,protective_put,,,insufficient_support,H25,False,0.0,,primary,all
,underwriting_only,,leave_one_issuer_out,H25:hedge_increment:underwriting_only,,15,10,0,hedge_increment,0000018230,0,registered_pair_or_issuer_floor,0,protective_put,,,insufficient_support,H25,False,0.0,,primary,all
,underwriting_only,,leave_one_issuer_out,H25:hedge_increment:underwriting_only,,14,10,0,hedge_increment,0000021344,0,registered_pair_or_issuer_floor,0,protective_put,,,insufficient_support,H25,False,0.0,,primary,all
,underwriting_only,,leave_one_issuer_out,H25:hedge_increment:underwriting_only,,13,10,0,hedge_increment,0000021665,0,registered_pair_or_issuer_floor,0,protective_put,,,insufficient_support,H25,False,0.0,,primary,all
,underwriting_only,,leave_one_issuer_out,H25:hedge_increment:underwriting_only,,14,10,0,hedge_increment,0000027419,0,registered_pair_or_issuer_floor,0,protective_put,,,insufficient_support,H25,False,0.0,,primary,all
,underwriting_only,,leave_one_issuer_out,H25:hedge_increment:underwriting_only,,15,10,0,hedge_increment,0000034088,0,registered_pair_or_issuer_floor,0,protective_put,,,insufficient_support,H25,False,0.0,,primary,all
,underwriting_only,,leave_one_issuer_out,H25:hedge_increment:underwriting_only,,15,10,0,hedge_increment,0000050863,0,registered_pair_or_issuer_floor,0,protective_put,,,insufficient_support,H25,False,0.0,,primary,all
,underwriting_only,,leave_one_issuer_out,H25:hedge_increment:underwriting_only,,15,10,0,hedge_increment,0000059478,0,registered_pair_or_issuer_floor,0,protective_put,,,insufficient_support,H25,False,0.0,,primary,all
frozen universe earlier market history,ordinary,"[0.016372220685108706, 0.02270739732715615]",earlier_fit_prior_state,H25:overlay_increment:ordinary,,0,10,0,overlay_increment,,0,registered_pair_or_issuer_floor,0,covered_call,0,volatility,insufficient_support,H25,False,0.001,23121,primary,2023
frozen universe earlier market history,ordinary,"[0.016372220685108706, 0.02270739732715615]",earlier_fit_prior_state,H25:overlay_increment:ordinary,,0,10,0,overlay_increment,,0,registered_pair_or_issuer_floor,0,covered_call,1,volatility,insufficient_support,H25,False,0.001,23121,primary,2023
frozen universe earlier market history,ordinary,"[0.016372220685108706, 0.02270739732715615]",earlier_fit_prior_state,H25:overlay_increment:ordinary,,0,10,0,overlay_increment,,0,registered_pair_or_issuer_floor,0,covered_call,2,volatility,insufficient_support,H25,False,0.001,23121,primary,2023
frozen universe earlier market history,ordinary,"[-0.048672730567030295, 0.03020679279049697]",earlier_fit_prior_state,H25:overlay_increment:ordinary,,0,10,0,overlay_increment,,0,registered_pair_or_issuer_floor,0,covered_call,0,momentum,insufficient_support,H25,False,0.001,23121,primary,2023
frozen universe earlier market history,ordinary,"[-0.048672730567030295, 0.03020679279049697]",earlier_fit_prior_state,H25:overlay_increment:ordinary,,0,10,0,overlay_increment,,0,registered_pair_or_issuer_floor,0,covered_call,1,momentum,insufficient_support,H25,False,0.001,23121,primary,2023
frozen universe earlier market history,ordinary,"[-0.048672730567030295, 0.03020679279049697]",earlier_fit_prior_state,H25:overlay_increment:ordinary,,0,10,0,overlay_increment,,0,registered_pair_or_issuer_floor,0,covered_call,2,momentum,insufficient_support,H25,False,0.001,23121,primary,2023
frozen universe earlier market history,ordinary,"[0.013513149157963509, 0.019748609862823768]",earlier_fit_prior_state,H25:overlay_increment:ordinary,-0.009949127700715828,0,10,1,overlay_increment,,1,registered_pair_or_issuer_floor,0,covered_call,0,volatility,insufficient_support,H25,False,0.001,48371,primary,2024
frozen universe earlier market history,ordinary,"[0.013513149157963509, 0.019748609862823768]",earlier_fit_prior_state,H25:overlay_increment:ordinary,,0,10,0,overlay_increment,,0,registered_pair_or_issuer_floor,0,covered_call,1,volatility,insufficient_support,H25,False,0.001,48371,primary,2024
frozen universe earlier market history,ordinary,"[0.013513149157963509, 0.019748609862823768]",earlier_fit_prior_state,H25:overlay_increment:ordinary,,0,10,0,overlay_increment,,0,registered_pair_or_issuer_floor,0,covered_call,2,volatility,insufficient_support,H25,False,0.001,48371,primary,2024
frozen universe earlier market history,ordinary,"[-0.03381517801400217, 0.0359478228338513]",earlier_fit_prior_state,H25:overlay_increment:ordinary,,0,10,0,overlay_increment,,0,registered_pair_or_issuer_floor,0,covered_call,0,momentum,insufficient_support,H25,False,0.001,48371,primary,2024
frozen universe earlier market history,ordinary,"[-0.03381517801400217, 0.0359478228338513]",earlier_fit_prior_state,H25:overlay_increment:ordinary,,0,10,0,overlay_increment,,0,registered_pair_or_issuer_floor,0,covered_call,1,momentum,insufficient_support,H25,False,0.001,48371,primary,2024
frozen universe earlier market history,ordinary,"[-0.03381517801400217, 0.0359478228338513]",earlier_fit_prior_state,H25:overlay_increment:ordinary,-0.009949127700715828,0,10,1,overlay_increment,,1,registered_pair_or_issuer_floor,0,covered_call,2,momentum,insufficient_support,H25,False,0.001,48371,primary,2024
frozen universe earlier market history,ordinary,"[0.012622362241067064, 0.0185342974622302]",earlier_fit_prior_state,H25:overlay_increment:ordinary,,0,10,0,overlay_increment,,0,registered_pair_or_issuer_floor,0,covered_call,0,volatility,insufficient_support,H25,False,0.001,73823,primary,2025
frozen universe earlier market history,ordinary,"[0.012622362241067064, 0.0185342974622302]",earlier_fit_prior_state,H25:overlay_increment:ordinary,,0,10,0,overlay_increment,,0,registered_pair_or_issuer_floor,0,covered_call,1,volatility,insufficient_support,H25,False,0.001,73823,primary,2025
frozen universe earlier market history,ordinary,"[0.012622362241067064, 0.0185342974622302]",earlier_fit_prior_state,H25:overlay_increment:ordinary,,0,10,0,overlay_increment,,0,registered_pair_or_issuer_floor,0,covered_call,2,volatility,insufficient_support,H25,False,0.001,73823,primary,2025
frozen universe earlier market history,ordinary,"[-0.025158149985925842, 0.03919486416691308]",earlier_fit_prior_state,H25:overlay_increment:ordinary,,0,10,0,overlay_increment,,0,registered_pair_or_issuer_floor,0,covered_call,0,momentum,insufficient_support,H25,False,0.001,73823,primary,2025
frozen universe earlier market history,ordinary,"[-0.025158149985925842, 0.03919486416691308]",earlier_fit_prior_state,H25:overlay_increment:ordinary,,0,10,0,overlay_increment,,0,registered_pair_or_issuer_floor,0,covered_call,1,momentum,insufficient_support,H25,False,0.001,73823,primary,2025
frozen universe earlier market history,ordinary,"[-0.025158149985925842, 0.03919486416691308]",earlier_fit_prior_state,H25:overlay_increment:ordinary,,0,10,0,overlay_increment,,0,registered_pair_or_issuer_floor,0,covered_call,2,momentum,insufficient_support,H25,False,0.001,73823,primary,2025
frozen universe earlier market history,ordinary,"[0.016372220685108706, 0.02270739732715615]",earlier_fit_prior_state,H25:strategy_increment:ordinary,,0,10,0,strategy_increment,,0,registered_pair_or_issuer_floor,0,covered_call,0,volatility,insufficient_support,H25,False,0.0,23121,primary,2023
frozen universe earlier market history,ordinary,"[0.016372220685108706, 0.02270739732715615]",earlier_fit_prior_state,H25:strategy_increment:ordinary,,0,10,0,strategy_increment,,0,registered_pair_or_issuer_floor,0,covered_call,1,volatility,insufficient_support,H25,False,0.0,23121,primary,2023
frozen universe earlier market history,ordinary,"[0.016372220685108706, 0.02270739732715615]",earlier_fit_prior_state,H25:strategy_increment:ordinary,,0,10,0,strategy_increment,,0,registered_pair_or_issuer_floor,0,covered_call,2,volatility,insufficient_support,H25,False,0.0,23121,primary,2023
frozen universe earlier market history,ordinary,"[-0.048672730567030295, 0.03020679279049697]",earlier_fit_prior_state,H25:strategy_increment:ordinary,,0,10,0,strategy_increment,,0,registered_pair_or_issuer_floor,0,covered_call,0,momentum,insufficient_support,H25,False,0.0,23121,primary,2023
frozen universe earlier market history,ordinary,"[-0.048672730567030295, 0.03020679279049697]",earlier_fit_prior_state,H25:strategy_increment:ordinary,,0,10,0,strategy_increment,,0,registered_pair_or_issuer_floor,0,covered_call,1,momentum,insufficient_support,H25,False,0.0,23121,primary,2023
frozen universe earlier market history,ordinary,"[-0.048672730567030295, 0.03020679279049697]",earlier_fit_prior_state,H25:strategy_increment:ordinary,,0,10,0,strategy_increment,,0,registered_pair_or_issuer_floor,0,covered_call,2,momentum,insufficient_support,H25,False,0.0,23121,primary,2023
frozen universe earlier market history,ordinary,"[0.013513149157963509, 0.019748609862823768]",earlier_fit_prior_state,H25:strategy_increment:ordinary,0.005587923341975293,0,10,1,strategy_increment,,1,registered_pair_or_issuer_floor,0,covered_call,0,volatility,insufficient_support,H25,False,0.0,48371,primary,2024
frozen universe earlier market history,ordinary,"[0.013513149157963509, 0.019748609862823768]",earlier_fit_prior_state,H25:strategy_increment:ordinary,,0,10,0,strategy_increment,,0,registered_pair_or_issuer_floor,0,covered_call,1,volatility,insufficient_support,H25,False,0.0,48371,primary,2024
frozen universe earlier market history,ordinary,"[0.013513149157963509, 0.019748609862823768]",earlier_fit_prior_state,H25:strategy_increment:ordinary,,0,10,0,strategy_increment,,0,registered_pair_or_issuer_floor,0,covered_call,2,volatility,insufficient_support,H25,False,0.0,48371,primary,2024
frozen universe earlier market history,ordinary,"[-0.03381517801400217, 0.0359478228338513]",earlier_fit_prior_state,H25:strategy_increment:ordinary,,0,10,0,strategy_increment,,0,registered_pair_or_issuer_floor,0,covered_call,0,momentum,insufficient_support,H25,False,0.0,48371,primary,2024
frozen universe earlier market history,ordinary,"[-0.03381517801400217, 0.0359478228338513]",earlier_fit_prior_state,H25:strategy_increment:ordinary,,0,10,0,strategy_increment,,0,registered_pair_or_issuer_floor,0,covered_call,1,momentum,insufficient_support,H25,False,0.0,48371,primary,2024
frozen universe earlier market history,ordinary,"[-0.03381517801400217, 0.0359478228338513]",earlier_fit_prior_state,H25:strategy_increment:ordinary,0.005587923341975293,0,10,1,strategy_increment,,1,registered_pair_or_issuer_floor,0,covered_call,2,momentum,insufficient_support,H25,False,0.0,48371,primary,2024
frozen universe earlier market history,ordinary,"[0.012622362241067064, 0.0185342974622302]",earlier_fit_prior_state,H25:strategy_increment:ordinary,,0,10,0,strategy_increment,,0,registered_pair_or_issuer_floor,0,covered_call,0,volatility,insufficient_support,H25,False,0.0,73823,primary,2025
frozen universe earlier market history,ordinary,"[0.012622362241067064, 0.0185342974622302]",earlier_fit_prior_state,H25:strategy_increment:ordinary,,0,10,0,strategy_increment,,0,registered_pair_or_issuer_floor,0,covered_call,1,volatility,insufficient_support,H25,False,0.0,73823,primary,2025
frozen universe earlier market history,ordinary,"[0.012622362241067064, 0.0185342974622302]",earlier_fit_prior_state,H25:strategy_increment:ordinary,,0,10,0,strategy_increment,,0,registered_pair_or_issuer_floor,0,covered_call,2,volatility,insufficient_support,H25,False,0.0,73823,primary,2025
frozen universe earlier market history,ordinary,"[-0.025158149985925842, 0.03919486416691308]",earlier_fit_prior_state,H25:strategy_increment:ordinary,,0,10,0,strategy_increment,,0,registered_pair_or_issuer_floor,0,covered_call,0,momentum,insufficient_support,H25,False,0.0,73823,primary,2025
frozen universe earlier market history,ordinary,"[-0.025158149985925842, 0.03919486416691308]",earlier_fit_prior_state,H25:strategy_increment:ordinary,,0,10,0,strategy_increment,,0,registered_pair_or_issuer_floor,0,covered_call,1,momentum,insufficient_support,H25,False,0.0,73823,primary,2025
frozen universe earlier market history,ordinary,"[-0.025158149985925842, 0.03919486416691308]",earlier_fit_prior_state,H25:strategy_increment:ordinary,,0,10,0,strategy_increment,,0,registered_pair_or_issuer_floor,0,covered_call,2,momentum,insufficient_support,H25,False,0.0,73823,primary,2025
frozen universe earlier market history,ordinary,"[0.016372220685108706, 0.02270739732715615]",earlier_fit_prior_state,H25:hedge_increment:ordinary,,0,10,0,hedge_increment,,0,registered_pair_or_issuer_floor,0,protective_put,0,volatility,insufficient_support,H25,False,0.0,23121,primary,2023
frozen universe earlier market history,ordinary,"[0.016372220685108706, 0.02270739732715615]",earlier_fit_prior_state,H25:hedge_increment:ordinary,,0,10,0,hedge_increment,,0,registered_pair_or_issuer_floor,0,protective_put,1,volatility,insufficient_support,H25,False,0.0,23121,primary,2023
frozen universe earlier market history,ordinary,"[0.016372220685108706, 0.02270739732715615]",earlier_fit_prior_state,H25:hedge_increment:ordinary,,0,10,0,hedge_increment,,0,registered_pair_or_issuer_floor,0,protective_put,2,volatility,insufficient_support,H25,False,0.0,23121,primary,2023
frozen universe earlier market history,ordinary,"[-0.048672730567030295, 0.03020679279049697]",earlier_fit_prior_state,H25:hedge_increment:ordinary,,0,10,0,hedge_increment,,0,registered_pair_or_issuer_floor,0,protective_put,0,momentum,insufficient_support,H25,False,0.0,23121,primary,2023
frozen universe earlier market history,ordinary,"[-0.048672730567030295, 0.03020679279049697]",earlier_fit_prior_state,H25:hedge_increment:ordinary,,0,10,0,hedge_increment,,0,registered_pair_or_issuer_floor,0,protective_put,1,momentum,insufficient_support,H25,False,0.0,23121,primary,2023
frozen universe earlier market history,ordinary,"[-0.048672730567030295, 0.03020679279049697]",earlier_fit_prior_state,H25:hedge_increment:ordinary,,0,10,0,hedge_increment,,0,registered_pair_or_issuer_floor,0,protective_put,2,momentum,insufficient_support,H25,False,0.0,23121,primary,2023
frozen universe earlier market history,ordinary,"[0.013513149157963509, 0.019748609862823768]",earlier_fit_prior_state,H25:hedge_increment:ordinary,,0,10,0,hedge_increment,,0,registered_pair_or_issuer_floor,0,protective_put,0,volatility,insufficient_support,H25,False,0.0,48371,primary,2024
frozen universe earlier market history,ordinary,"[0.013513149157963509, 0.019748609862823768]",earlier_fit_prior_state,H25:hedge_increment:ordinary,,0,10,0,hedge_increment,,0,registered_pair_or_issuer_floor,0,protective_put,1,volatility,insufficient_support,H25,False,0.0,48371,primary,2024
frozen universe earlier market history,ordinary,"[0.013513149157963509, 0.019748609862823768]",earlier_fit_prior_state,H25:hedge_increment:ordinary,,0,10,0,hedge_increment,,0,registered_pair_or_issuer_floor,0,protective_put,2,volatility,insufficient_support,H25,False,0.0,48371,primary,2024
frozen universe earlier market history,ordinary,"[-0.03381517801400217, 0.0359478228338513]",earlier_fit_prior_state,H25:hedge_increment:ordinary,,0,10,0,hedge_increment,,0,registered_pair_or_issuer_floor,0,protective_put,0,momentum,insufficient_support,H25,False,0.0,48371,primary,2024
frozen universe earlier market history,ordinary,"[-0.03381517801400217, 0.0359478228338513]",earlier_fit_prior_state,H25:hedge_increment:ordinary,,0,10,0,hedge_increment,,0,registered_pair_or_issuer_floor,0,protective_put,1,momentum,insufficient_support,H25,False,0.0,48371,primary,2024
frozen universe earlier market history,ordinary,"[-0.03381517801400217, 0.0359478228338513]",earlier_fit_prior_state,H25:hedge_increment:ordinary,,0,10,0,hedge_increment,,0,registered_pair_or_issuer_floor,0,protective_put,2,momentum,insufficient_support,H25,False,0.0,48371,primary,2024
frozen universe earlier market history,ordinary,"[0.012622362241067064, 0.0185342974622302]",earlier_fit_prior_state,H25:hedge_increment:ordinary,,0,10,0,hedge_increment,,0,registered_pair_or_issuer_floor,0,protective_put,0,volatility,insufficient_support,H25,False,0.0,73823,primary,2025
frozen universe earlier market history,ordinary,"[0.012622362241067064, 0.0185342974622302]",earlier_fit_prior_state,H25:hedge_increment:ordinary,,0,10,0,hedge_increment,,0,registered_pair_or_issuer_floor,0,protective_put,1,volatility,insufficient_support,H25,False,0.0,73823,primary,2025
frozen universe earlier market history,ordinary,"[0.012622362241067064, 0.0185342974622302]",earlier_fit_prior_state,H25:hedge_increment:ordinary,0.010580505752879906,0,10,1,hedge_increment,,1,registered_pair_or_issuer_floor,0,protective_put,2,volatility,insufficient_support,H25,False,0.0,73823,primary,2025
frozen universe earlier market history,ordinary,"[-0.025158149985925842, 0.03919486416691308]",earlier_fit_prior_state,H25:hedge_increment:ordinary,0.010580505752879906,0,10,1,hedge_increment,,1,registered_pair_or_issuer_floor,0,protective_put,0,momentum,insufficient_support,H25,False,0.0,73823,primary,2025
frozen universe earlier market history,ordinary,"[-0.025158149985925842, 0.03919486416691308]",earlier_fit_prior_state,H25:hedge_increment:ordinary,,0,10,0,hedge_increment,,0,registered_pair_or_issuer_floor,0,protective_put,1,momentum,insufficient_support,H25,False,0.0,73823,primary,2025
frozen universe earlier market history,ordinary,"[-0.025158149985925842, 0.03919486416691308]",earlier_fit_prior_state,H25:hedge_increment:ordinary,,0,10,0,hedge_increment,,0,registered_pair_or_issuer_floor,0,protective_put,2,momentum,insufficient_support,H25,False,0.0,73823,primary,2025
frozen universe earlier market history,ordinary,"[0.016372220685108706, 0.02270739732715615]",earlier_fit_prior_state,H25:event_downside_reduction:ordinary,,0,10,0,event_downside_reduction,,0,registered_pair_or_issuer_floor,0,protective_put,0,volatility,insufficient_support,H25,False,0.0025,23121,primary,2023
frozen universe earlier market history,ordinary,"[0.016372220685108706, 0.02270739732715615]",earlier_fit_prior_state,H25:event_downside_reduction:ordinary,,0,10,0,event_downside_reduction,,0,registered_pair_or_issuer_floor,0,protective_put,1,volatility,insufficient_support,H25,False,0.0025,23121,primary,2023
frozen universe earlier market history,ordinary,"[0.016372220685108706, 0.02270739732715615]",earlier_fit_prior_state,H25:event_downside_reduction:ordinary,,0,10,0,event_downside_reduction,,0,registered_pair_or_issuer_floor,0,protective_put,2,volatility,insufficient_support,H25,False,0.0025,23121,primary,2023
frozen universe earlier market history,ordinary,"[-0.048672730567030295, 0.03020679279049697]",earlier_fit_prior_state,H25:event_downside_reduction:ordinary,,0,10,0,event_downside_reduction,,0,registered_pair_or_issuer_floor,0,protective_put,0,momentum,insufficient_support,H25,False,0.0025,23121,primary,2023
frozen universe earlier market history,ordinary,"[-0.048672730567030295, 0.03020679279049697]",earlier_fit_prior_state,H25:event_downside_reduction:ordinary,,0,10,0,event_downside_reduction,,0,registered_pair_or_issuer_floor,0,protective_put,1,momentum,insufficient_support,H25,False,0.0025,23121,primary,2023
frozen universe earlier market history,ordinary,"[-0.048672730567030295, 0.03020679279049697]",earlier_fit_prior_state,H25:event_downside_reduction:ordinary,,0,10,0,event_downside_reduction,,0,registered_pair_or_issuer_floor,0,protective_put,2,momentum,insufficient_support,H25,False,0.0025,23121,primary,2023
frozen universe earlier market history,ordinary,"[0.013513149157963509, 0.019748609862823768]",earlier_fit_prior_state,H25:event_downside_reduction:ordinary,,0,10,0,event_downside_reduction,,0,registered_pair_or_issuer_floor,0,protective_put,0,volatility,insufficient_support,H25,False,0.0025,48371,primary,2024
frozen universe earlier market history,ordinary,"[0.013513149157963509, 0.019748609862823768]",earlier_fit_prior_state,H25:event_downside_reduction:ordinary,,0,10,0,event_downside_reduction,,0,registered_pair_or_issuer_floor,0,protective_put,1,volatility,insufficient_support,H25,False,0.0025,48371,primary,2024
frozen universe earlier market history,ordinary,"[0.013513149157963509, 0.019748609862823768]",earlier_fit_prior_state,H25:event_downside_reduction:ordinary,,0,10,0,event_downside_reduction,,0,registered_pair_or_issuer_floor,0,protective_put,2,volatility,insufficient_support,H25,False,0.0025,48371,primary,2024
frozen universe earlier market history,ordinary,"[-0.03381517801400217, 0.0359478228338513]",earlier_fit_prior_state,H25:event_downside_reduction:ordinary,,0,10,0,event_downside_reduction,,0,registered_pair_or_issuer_floor,0,protective_put,0,momentum,insufficient_support,H25,False,0.0025,48371,primary,2024
frozen universe earlier market history,ordinary,"[-0.03381517801400217, 0.0359478228338513]",earlier_fit_prior_state,H25:event_downside_reduction:ordinary,,0,10,0,event_downside_reduction,,0,registered_pair_or_issuer_floor,0,protective_put,1,momentum,insufficient_support,H25,False,0.0025,48371,primary,2024
frozen universe earlier market history,ordinary,"[-0.03381517801400217, 0.0359478228338513]",earlier_fit_prior_state,H25:event_downside_reduction:ordinary,,0,10,0,event_downside_reduction,,0,registered_pair_or_issuer_floor,0,protective_put,2,momentum,insufficient_support,H25,False,0.0025,48371,primary,2024
frozen universe earlier market history,ordinary,"[0.012622362241067064, 0.0185342974622302]",earlier_fit_prior_state,H25:event_downside_reduction:ordinary,,0,10,0,event_downside_reduction,,0,registered_pair_or_issuer_floor,0,protective_put,0,volatility,insufficient_support,H25,False,0.0025,73823,primary,2025
frozen universe earlier market history,ordinary,"[0.012622362241067064, 0.0185342974622302]",earlier_fit_prior_state,H25:event_downside_reduction:ordinary,,0,10,0,event_downside_reduction,,0,registered_pair_or_issuer_floor,0,protective_put,1,volatility,insufficient_support,H25,False,0.0025,73823,primary,2025
frozen universe earlier market history,ordinary,"[0.012622362241067064, 0.0185342974622302]",earlier_fit_prior_state,H25:event_downside_reduction:ordinary,0.00016253943971698825,0,10,1,event_downside_reduction,,1,registered_pair_or_issuer_floor,0,protective_put,2,volatility,insufficient_support,H25,False,0.0025,73823,primary,2025
frozen universe earlier market history,ordinary,"[-0.025158149985925842, 0.03919486416691308]",earlier_fit_prior_state,H25:event_downside_reduction:ordinary,0.00016253943971698825,0,10,1,event_downside_reduction,,1,registered_pair_or_issuer_floor,0,protective_put,0,momentum,insufficient_support,H25,False,0.0025,73823,primary,2025
frozen universe earlier market history,ordinary,"[-0.025158149985925842, 0.03919486416691308]",earlier_fit_prior_state,H25:event_downside_reduction:ordinary,,0,10,0,event_downside_reduction,,0,registered_pair_or_issuer_floor,0,protective_put,1,momentum,insufficient_support,H25,False,0.0025,73823,primary,2025
frozen universe earlier market history,ordinary,"[-0.025158149985925842, 0.03919486416691308]",earlier_fit_prior_state,H25:event_downside_reduction:ordinary,,0,10,0,event_downside_reduction,,0,registered_pair_or_issuer_floor,0,protective_put,2,momentum,insufficient_support,H25,False,0.0025,73823,primary,2025
frozen universe earlier market history,ordinary,"[0.016372220685108706, 0.02270739732715615]",earlier_fit_prior_state,H25:event_return_drag:ordinary,,0,10,0,event_return_drag,,0,registered_pair_or_issuer_floor,0,protective_put,0,volatility,insufficient_support,H25,False,-0.005,23121,primary,2023
frozen universe earlier market history,ordinary,"[0.016372220685108706, 0.02270739732715615]",earlier_fit_prior_state,H25:event_return_drag:ordinary,,0,10,0,event_return_drag,,0,registered_pair_or_issuer_floor,0,protective_put,1,volatility,insufficient_support,H25,False,-0.005,23121,primary,2023
frozen universe earlier market history,ordinary,"[0.016372220685108706, 0.02270739732715615]",earlier_fit_prior_state,H25:event_return_drag:ordinary,,0,10,0,event_return_drag,,0,registered_pair_or_issuer_floor,0,protective_put,2,volatility,insufficient_support,H25,False,-0.005,23121,primary,2023
frozen universe earlier market history,ordinary,"[-0.048672730567030295, 0.03020679279049697]",earlier_fit_prior_state,H25:event_return_drag:ordinary,,0,10,0,event_return_drag,,0,registered_pair_or_issuer_floor,0,protective_put,0,momentum,insufficient_support,H25,False,-0.005,23121,primary,2023
frozen universe earlier market history,ordinary,"[-0.048672730567030295, 0.03020679279049697]",earlier_fit_prior_state,H25:event_return_drag:ordinary,,0,10,0,event_return_drag,,0,registered_pair_or_issuer_floor,0,protective_put,1,momentum,insufficient_support,H25,False,-0.005,23121,primary,2023
frozen universe earlier market history,ordinary,"[-0.048672730567030295, 0.03020679279049697]",earlier_fit_prior_state,H25:event_return_drag:ordinary,,0,10,0,event_return_drag,,0,registered_pair_or_issuer_floor,0,protective_put,2,momentum,insufficient_support,H25,False,-0.005,23121,primary,2023
frozen universe earlier market history,ordinary,"[0.013513149157963509, 0.019748609862823768]",earlier_fit_prior_state,H25:event_return_drag:ordinary,,0,10,0,event_return_drag,,0,registered_pair_or_issuer_floor,0,protective_put,0,volatility,insufficient_support,H25,False,-0.005,48371,primary,2024
frozen universe earlier market history,ordinary,"[0.013513149157963509, 0.019748609862823768]",earlier_fit_prior_state,H25:event_return_drag:ordinary,,0,10,0,event_return_drag,,0,registered_pair_or_issuer_floor,0,protective_put,1,volatility,insufficient_support,H25,False,-0.005,48371,primary,2024
frozen universe earlier market history,ordinary,"[0.013513149157963509, 0.019748609862823768]",earlier_fit_prior_state,H25:event_return_drag:ordinary,,0,10,0,event_return_drag,,0,registered_pair_or_issuer_floor,0,protective_put,2,volatility,insufficient_support,H25,False,-0.005,48371,primary,2024
frozen universe earlier market history,ordinary,"[-0.03381517801400217, 0.0359478228338513]",earlier_fit_prior_state,H25:event_return_drag:ordinary,,0,10,0,event_return_drag,,0,registered_pair_or_issuer_floor,0,protective_put,0,momentum,insufficient_support,H25,False,-0.005,48371,primary,2024
frozen universe earlier market history,ordinary,"[-0.03381517801400217, 0.0359478228338513]",earlier_fit_prior_state,H25:event_return_drag:ordinary,,0,10,0,event_return_drag,,0,registered_pair_or_issuer_floor,0,protective_put,1,momentum,insufficient_support,H25,False,-0.005,48371,primary,2024
frozen universe earlier market history,ordinary,"[-0.03381517801400217, 0.0359478228338513]",earlier_fit_prior_state,H25:event_return_drag:ordinary,,0,10,0,event_return_drag,,0,registered_pair_or_issuer_floor,0,protective_put,2,momentum,insufficient_support,H25,False,-0.005,48371,primary,2024
frozen universe earlier market history,ordinary,"[0.012622362241067064, 0.0185342974622302]",earlier_fit_prior_state,H25:event_return_drag:ordinary,,0,10,0,event_return_drag,,0,registered_pair_or_issuer_floor,0,protective_put,0,volatility,insufficient_support,H25,False,-0.005,73823,primary,2025
frozen universe earlier market history,ordinary,"[0.012622362241067064, 0.0185342974622302]",earlier_fit_prior_state,H25:event_return_drag:ordinary,,0,10,0,event_return_drag,,0,registered_pair_or_issuer_floor,0,protective_put,1,volatility,insufficient_support,H25,False,-0.005,73823,primary,2025
frozen universe earlier market history,ordinary,"[0.012622362241067064, 0.0185342974622302]",earlier_fit_prior_state,H25:event_return_drag:ordinary,0.00016253943971698825,0,10,1,event_return_drag,,1,registered_pair_or_issuer_floor,0,protective_put,2,volatility,insufficient_support,H25,False,-0.005,73823,primary,2025
frozen universe earlier market history,ordinary,"[-0.025158149985925842, 0.03919486416691308]",earlier_fit_prior_state,H25:event_return_drag:ordinary,0.00016253943971698825,0,10,1,event_return_drag,,1,registered_pair_or_issuer_floor,0,protective_put,0,momentum,insufficient_support,H25,False,-0.005,73823,primary,2025
frozen universe earlier market history,ordinary,"[-0.025158149985925842, 0.03919486416691308]",earlier_fit_prior_state,H25:event_return_drag:ordinary,,0,10,0,event_return_drag,,0,registered_pair_or_issuer_floor,0,protective_put,1,momentum,insufficient_support,H25,False,-0.005,73823,primary,2025
frozen universe earlier market history,ordinary,"[-0.025158149985925842, 0.03919486416691308]",earlier_fit_prior_state,H25:event_return_drag:ordinary,,0,10,0,event_return_drag,,0,registered_pair_or_issuer_floor,0,protective_put,2,momentum,insufficient_support,H25,False,-0.005,73823,primary,2025
frozen universe earlier market history,debt_only,"[0.016372220685108706, 0.02270739732715615]",earlier_fit_prior_state,H25:overlay_increment:debt_only,,0,10,0,overlay_increment,,0,registered_pair_or_issuer_floor,0,covered_call,0,volatility,insufficient_support,H25,False,0.0,23121,primary,2023
frozen universe earlier market history,debt_only,"[0.016372220685108706, 0.02270739732715615]",earlier_fit_prior_state,H25:overlay_increment:debt_only,,0,10,0,overlay_increment,,0,registered_pair_or_issuer_floor,0,covered_call,1,volatility,insufficient_support,H25,False,0.0,23121,primary,2023
frozen universe earlier market history,debt_only,"[0.016372220685108706, 0.02270739732715615]",earlier_fit_prior_state,H25:overlay_increment:debt_only,,0,10,0,overlay_increment,,0,registered_pair_or_issuer_floor,0,covered_call,2,volatility,insufficient_support,H25,False,0.0,23121,primary,2023
frozen universe earlier market history,debt_only,"[-0.048672730567030295, 0.03020679279049697]",earlier_fit_prior_state,H25:overlay_increment:debt_only,,0,10,0,overlay_increment,,0,registered_pair_or_issuer_floor,0,covered_call,0,momentum,insufficient_support,H25,False,0.0,23121,primary,2023
frozen universe earlier market history,debt_only,"[-0.048672730567030295, 0.03020679279049697]",earlier_fit_prior_state,H25:overlay_increment:debt_only,,0,10,0,overlay_increment,,0,registered_pair_or_issuer_floor,0,covered_call,1,momentum,insufficient_support,H25,False,0.0,23121,primary,2023
frozen universe earlier market history,debt_only,"[-0.048672730567030295, 0.03020679279049697]",earlier_fit_prior_state,H25:overlay_increment:debt_only,,0,10,0,overlay_increment,,0,registered_pair_or_issuer_floor,0,covered_call,2,momentum,insufficient_support,H25,False,0.0,23121,primary,2023
frozen universe earlier market history,debt_only,"[0.013513149157963509, 0.019748609862823768]",earlier_fit_prior_state,H25:overlay_increment:debt_only,,0,10,0,overlay_increment,,0,registered_pair_or_issuer_floor,0,covered_call,0,volatility,insufficient_support,H25,False,0.0,48371,primary,2024
frozen universe earlier market history,debt_only,"[0.013513149157963509, 0.019748609862823768]",earlier_fit_prior_state,H25:overlay_increment:debt_only,,0,10,0,overlay_increment,,0,registered_pair_or_issuer_floor,0,covered_call,1,volatility,insufficient_support,H25,False,0.0,48371,primary,2024
frozen universe earlier market history,debt_only,"[0.013513149157963509, 0.019748609862823768]",earlier_fit_prior_state,H25:overlay_increment:debt_only,,0,10,0,overlay_increment,,0,registered_pair_or_issuer_floor,0,covered_call,2,volatility,insufficient_support,H25,False,0.0,48371,primary,2024
frozen universe earlier market history,debt_only,"[-0.03381517801400217, 0.0359478228338513]",earlier_fit_prior_state,H25:overlay_increment:debt_only,,0,10,0,overlay_increment,,0,registered_pair_or_issuer_floor,0,covered_call,0,momentum,insufficient_support,H25,False,0.0,48371,primary,2024
frozen universe earlier market history,debt_only,"[-0.03381517801400217, 0.0359478228338513]",earlier_fit_prior_state,H25:overlay_increment:debt_only,,0,10,0,overlay_increment,,0,registered_pair_or_issuer_floor,0,covered_call,1,momentum,insufficient_support,H25,False,0.0,48371,primary,2024
frozen universe earlier market history,debt_only,"[-0.03381517801400217, 0.0359478228338513]",earlier_fit_prior_state,H25:overlay_increment:debt_only,,0,10,0,overlay_increment,,0,registered_pair_or_issuer_floor,0,covered_call,2,momentum,insufficient_support,H25,False,0.0,48371,primary,2024
frozen universe earlier market history,debt_only,"[0.012622362241067064, 0.0185342974622302]",earlier_fit_prior_state,H25:overlay_increment:debt_only,,0,10,0,overlay_increment,,0,registered_pair_or_issuer_floor,0,covered_call,0,volatility,insufficient_support,H25,False,0.0,73823,primary,2025
frozen universe earlier market history,debt_only,"[0.012622362241067064, 0.0185342974622302]",earlier_fit_prior_state,H25:overlay_increment:debt_only,,0,10,0,overlay_increment,,0,registered_pair_or_issuer_floor,0,covered_call,1,volatility,insufficient_support,H25,False,0.0,73823,primary,2025
frozen universe earlier market history,debt_only,"[0.012622362241067064, 0.0185342974622302]",earlier_fit_prior_state,H25:overlay_increment:debt_only,,0,10,0,overlay_increment,,0,registered_pair_or_issuer_floor,0,covered_call,2,volatility,insufficient_support,H25,False,0.0,73823,primary,2025
frozen universe earlier market history,debt_only,"[-0.025158149985925842, 0.03919486416691308]",earlier_fit_prior_state,H25:overlay_increment:debt_only,,0,10,0,overlay_increment,,0,registered_pair_or_issuer_floor,0,covered_call,0,momentum,insufficient_support,H25,False,0.0,73823,primary,2025
frozen universe earlier market history,debt_only,"[-0.025158149985925842, 0.03919486416691308]",earlier_fit_prior_state,H25:overlay_increment:debt_only,,0,10,0,overlay_increment,,0,registered_pair_or_issuer_floor,0,covered_call,1,momentum,insufficient_support,H25,False,0.0,73823,primary,2025
frozen universe earlier market history,debt_only,"[-0.025158149985925842, 0.03919486416691308]",earlier_fit_prior_state,H25:overlay_increment:debt_only,,0,10,0,overlay_increment,,0,registered_pair_or_issuer_floor,0,covered_call,2,momentum,insufficient_support,H25,False,0.0,73823,primary,2025
frozen universe earlier market history,debt_only,"[0.016372220685108706, 0.02270739732715615]",earlier_fit_prior_state,H25:hedge_increment:debt_only,,0,10,0,hedge_increment,,0,registered_pair_or_issuer_floor,0,protective_put,0,volatility,insufficient_support,H25,False,0.0,23121,primary,2023
frozen universe earlier market history,debt_only,"[0.016372220685108706, 0.02270739732715615]",earlier_fit_prior_state,H25:hedge_increment:debt_only,,0,10,0,hedge_increment,,0,registered_pair_or_issuer_floor,0,protective_put,1,volatility,insufficient_support,H25,False,0.0,23121,primary,2023
frozen universe earlier market history,debt_only,"[0.016372220685108706, 0.02270739732715615]",earlier_fit_prior_state,H25:hedge_increment:debt_only,,0,10,0,hedge_increment,,0,registered_pair_or_issuer_floor,0,protective_put,2,volatility,insufficient_support,H25,False,0.0,23121,primary,2023
frozen universe earlier market history,debt_only,"[-0.048672730567030295, 0.03020679279049697]",earlier_fit_prior_state,H25:hedge_increment:debt_only,,0,10,0,hedge_increment,,0,registered_pair_or_issuer_floor,0,protective_put,0,momentum,insufficient_support,H25,False,0.0,23121,primary,2023
frozen universe earlier market history,debt_only,"[-0.048672730567030295, 0.03020679279049697]",earlier_fit_prior_state,H25:hedge_increment:debt_only,,0,10,0,hedge_increment,,0,registered_pair_or_issuer_floor,0,protective_put,1,momentum,insufficient_support,H25,False,0.0,23121,primary,2023
frozen universe earlier market history,debt_only,"[-0.048672730567030295, 0.03020679279049697]",earlier_fit_prior_state,H25:hedge_increment:debt_only,,0,10,0,hedge_increment,,0,registered_pair_or_issuer_floor,0,protective_put,2,momentum,insufficient_support,H25,False,0.0,23121,primary,2023
frozen universe earlier market history,debt_only,"[0.013513149157963509, 0.019748609862823768]",earlier_fit_prior_state,H25:hedge_increment:debt_only,,0,10,0,hedge_increment,,0,registered_pair_or_issuer_floor,0,protective_put,0,volatility,insufficient_support,H25,False,0.0,48371,primary,2024
frozen universe earlier market history,debt_only,"[0.013513149157963509, 0.019748609862823768]",earlier_fit_prior_state,H25:hedge_increment:debt_only,,0,10,0,hedge_increment,,0,registered_pair_or_issuer_floor,0,protective_put,1,volatility,insufficient_support,H25,False,0.0,48371,primary,2024
frozen universe earlier market history,debt_only,"[0.013513149157963509, 0.019748609862823768]",earlier_fit_prior_state,H25:hedge_increment:debt_only,,0,10,0,hedge_increment,,0,registered_pair_or_issuer_floor,0,protective_put,2,volatility,insufficient_support,H25,False,0.0,48371,primary,2024
frozen universe earlier market history,debt_only,"[-0.03381517801400217, 0.0359478228338513]",earlier_fit_prior_state,H25:hedge_increment:debt_only,,0,10,0,hedge_increment,,0,registered_pair_or_issuer_floor,0,protective_put,0,momentum,insufficient_support,H25,False,0.0,48371,primary,2024
frozen universe earlier market history,debt_only,"[-0.03381517801400217, 0.0359478228338513]",earlier_fit_prior_state,H25:hedge_increment:debt_only,,0,10,0,hedge_increment,,0,registered_pair_or_issuer_floor,0,protective_put,1,momentum,insufficient_support,H25,False,0.0,48371,primary,2024
frozen universe earlier market history,debt_only,"[-0.03381517801400217, 0.0359478228338513]",earlier_fit_prior_state,H25:hedge_increment:debt_only,,0,10,0,hedge_increment,,0,registered_pair_or_issuer_floor,0,protective_put,2,momentum,insufficient_support,H25,False,0.0,48371,primary,2024
frozen universe earlier market history,debt_only,"[0.012622362241067064, 0.0185342974622302]",earlier_fit_prior_state,H25:hedge_increment:debt_only,,0,10,0,hedge_increment,,0,registered_pair_or_issuer_floor,0,protective_put,0,volatility,insufficient_support,H25,False,0.0,73823,primary,2025
frozen universe earlier market history,debt_only,"[0.012622362241067064, 0.0185342974622302]",earlier_fit_prior_state,H25:hedge_increment:debt_only,,0,10,0,hedge_increment,,0,registered_pair_or_issuer_floor,0,protective_put,1,volatility,insufficient_support,H25,False,0.0,73823,primary,2025
frozen universe earlier market history,debt_only,"[0.012622362241067064, 0.0185342974622302]",earlier_fit_prior_state,H25:hedge_increment:debt_only,,0,10,0,hedge_increment,,0,registered_pair_or_issuer_floor,0,protective_put,2,volatility,insufficient_support,H25,False,0.0,73823,primary,2025
frozen universe earlier market history,debt_only,"[-0.025158149985925842, 0.03919486416691308]",earlier_fit_prior_state,H25:hedge_increment:debt_only,,0,10,0,hedge_increment,,0,registered_pair_or_issuer_floor,0,protective_put,0,momentum,insufficient_support,H25,False,0.0,73823,primary,2025
frozen universe earlier market history,debt_only,"[-0.025158149985925842, 0.03919486416691308]",earlier_fit_prior_state,H25:hedge_increment:debt_only,,0,10,0,hedge_increment,,0,registered_pair_or_issuer_floor,0,protective_put,1,momentum,insufficient_support,H25,False,0.0,73823,primary,2025
frozen universe earlier market history,debt_only,"[-0.025158149985925842, 0.03919486416691308]",earlier_fit_prior_state,H25:hedge_increment:debt_only,,0,10,0,hedge_increment,,0,registered_pair_or_issuer_floor,0,protective_put,2,momentum,insufficient_support,H25,False,0.0,73823,primary,2025
frozen universe earlier market history,underwriting_only,"[0.016372220685108706, 0.02270739732715615]",earlier_fit_prior_state,H25:overlay_increment:underwriting_only,,0,10,0,overlay_increment,,0,registered_pair_or_issuer_floor,0,covered_call,0,volatility,insufficient_support,H25,False,0.0,23121,primary,2023
frozen universe earlier market history,underwriting_only,"[0.016372220685108706, 0.02270739732715615]",earlier_fit_prior_state,H25:overlay_increment:underwriting_only,,0,10,0,overlay_increment,,0,registered_pair_or_issuer_floor,0,covered_call,1,volatility,insufficient_support,H25,False,0.0,23121,primary,2023
frozen universe earlier market history,underwriting_only,"[0.016372220685108706, 0.02270739732715615]",earlier_fit_prior_state,H25:overlay_increment:underwriting_only,,0,10,0,overlay_increment,,0,registered_pair_or_issuer_floor,0,covered_call,2,volatility,insufficient_support,H25,False,0.0,23121,primary,2023
frozen universe earlier market history,underwriting_only,"[-0.048672730567030295, 0.03020679279049697]",earlier_fit_prior_state,H25:overlay_increment:underwriting_only,,0,10,0,overlay_increment,,0,registered_pair_or_issuer_floor,0,covered_call,0,momentum,insufficient_support,H25,False,0.0,23121,primary,2023
frozen universe earlier market history,underwriting_only,"[-0.048672730567030295, 0.03020679279049697]",earlier_fit_prior_state,H25:overlay_increment:underwriting_only,,0,10,0,overlay_increment,,0,registered_pair_or_issuer_floor,0,covered_call,1,momentum,insufficient_support,H25,False,0.0,23121,primary,2023
frozen universe earlier market history,underwriting_only,"[-0.048672730567030295, 0.03020679279049697]",earlier_fit_prior_state,H25:overlay_increment:underwriting_only,,0,10,0,overlay_increment,,0,registered_pair_or_issuer_floor,0,covered_call,2,momentum,insufficient_support,H25,False,0.0,23121,primary,2023
frozen universe earlier market history,underwriting_only,"[0.013513149157963509, 0.019748609862823768]",earlier_fit_prior_state,H25:overlay_increment:underwriting_only,,0,10,0,overlay_increment,,0,registered_pair_or_issuer_floor,0,covered_call,0,volatility,insufficient_support,H25,False,0.0,48371,primary,2024
frozen universe earlier market history,underwriting_only,"[0.013513149157963509, 0.019748609862823768]",earlier_fit_prior_state,H25:overlay_increment:underwriting_only,,0,10,0,overlay_increment,,0,registered_pair_or_issuer_floor,0,covered_call,1,volatility,insufficient_support,H25,False,0.0,48371,primary,2024
frozen universe earlier market history,underwriting_only,"[0.013513149157963509, 0.019748609862823768]",earlier_fit_prior_state,H25:overlay_increment:underwriting_only,,0,10,0,overlay_increment,,0,registered_pair_or_issuer_floor,0,covered_call,2,volatility,insufficient_support,H25,False,0.0,48371,primary,2024
frozen universe earlier market history,underwriting_only,"[-0.03381517801400217, 0.0359478228338513]",earlier_fit_prior_state,H25:overlay_increment:underwriting_only,,0,10,0,overlay_increment,,0,registered_pair_or_issuer_floor,0,covered_call,0,momentum,insufficient_support,H25,False,0.0,48371,primary,2024
frozen universe earlier market history,underwriting_only,"[-0.03381517801400217, 0.0359478228338513]",earlier_fit_prior_state,H25:overlay_increment:underwriting_only,,0,10,0,overlay_increment,,0,registered_pair_or_issuer_floor,0,covered_call,1,momentum,insufficient_support,H25,False,0.0,48371,primary,2024
frozen universe earlier market history,underwriting_only,"[-0.03381517801400217, 0.0359478228338513]",earlier_fit_prior_state,H25:overlay_increment:underwriting_only,,0,10,0,overlay_increment,,0,registered_pair_or_issuer_floor,0,covered_call,2,momentum,insufficient_support,H25,False,0.0,48371,primary,2024
frozen universe earlier market history,underwriting_only,"[0.012622362241067064, 0.0185342974622302]",earlier_fit_prior_state,H25:overlay_increment:underwriting_only,,0,10,0,overlay_increment,,0,registered_pair_or_issuer_floor,0,covered_call,0,volatility,insufficient_support,H25,False,0.0,73823,primary,2025
frozen universe earlier market history,underwriting_only,"[0.012622362241067064, 0.0185342974622302]",earlier_fit_prior_state,H25:overlay_increment:underwriting_only,,0,10,0,overlay_increment,,0,registered_pair_or_issuer_floor,0,covered_call,1,volatility,insufficient_support,H25,False,0.0,73823,primary,2025
frozen universe earlier market history,underwriting_only,"[0.012622362241067064, 0.0185342974622302]",earlier_fit_prior_state,H25:overlay_increment:underwriting_only,,0,10,0,overlay_increment,,0,registered_pair_or_issuer_floor,0,covered_call,2,volatility,insufficient_support,H25,False,0.0,73823,primary,2025
frozen universe earlier market history,underwriting_only,"[-0.025158149985925842, 0.03919486416691308]",earlier_fit_prior_state,H25:overlay_increment:underwriting_only,,0,10,0,overlay_increment,,0,registered_pair_or_issuer_floor,0,covered_call,0,momentum,insufficient_support,H25,False,0.0,73823,primary,2025
frozen universe earlier market history,underwriting_only,"[-0.025158149985925842, 0.03919486416691308]",earlier_fit_prior_state,H25:overlay_increment:underwriting_only,,0,10,0,overlay_increment,,0,registered_pair_or_issuer_floor,0,covered_call,1,momentum,insufficient_support,H25,False,0.0,73823,primary,2025
frozen universe earlier market history,underwriting_only,"[-0.025158149985925842, 0.03919486416691308]",earlier_fit_prior_state,H25:overlay_increment:underwriting_only,,0,10,0,overlay_increment,,0,registered_pair_or_issuer_floor,0,covered_call,2,momentum,insufficient_support,H25,False,0.0,73823,primary,2025
frozen universe earlier market history,underwriting_only,"[0.016372220685108706, 0.02270739732715615]",earlier_fit_prior_state,H25:hedge_increment:underwriting_only,,0,10,0,hedge_increment,,0,registered_pair_or_issuer_floor,0,protective_put,0,volatility,insufficient_support,H25,False,0.0,23121,primary,2023
frozen universe earlier market history,underwriting_only,"[0.016372220685108706, 0.02270739732715615]",earlier_fit_prior_state,H25:hedge_increment:underwriting_only,,0,10,0,hedge_increment,,0,registered_pair_or_issuer_floor,0,protective_put,1,volatility,insufficient_support,H25,False,0.0,23121,primary,2023
frozen universe earlier market history,underwriting_only,"[0.016372220685108706, 0.02270739732715615]",earlier_fit_prior_state,H25:hedge_increment:underwriting_only,,0,10,0,hedge_increment,,0,registered_pair_or_issuer_floor,0,protective_put,2,volatility,insufficient_support,H25,False,0.0,23121,primary,2023
frozen universe earlier market history,underwriting_only,"[-0.048672730567030295, 0.03020679279049697]",earlier_fit_prior_state,H25:hedge_increment:underwriting_only,,0,10,0,hedge_increment,,0,registered_pair_or_issuer_floor,0,protective_put,0,momentum,insufficient_support,H25,False,0.0,23121,primary,2023
frozen universe earlier market history,underwriting_only,"[-0.048672730567030295, 0.03020679279049697]",earlier_fit_prior_state,H25:hedge_increment:underwriting_only,,0,10,0,hedge_increment,,0,registered_pair_or_issuer_floor,0,protective_put,1,momentum,insufficient_support,H25,False,0.0,23121,primary,2023
frozen universe earlier market history,underwriting_only,"[-0.048672730567030295, 0.03020679279049697]",earlier_fit_prior_state,H25:hedge_increment:underwriting_only,,0,10,0,hedge_increment,,0,registered_pair_or_issuer_floor,0,protective_put,2,momentum,insufficient_support,H25,False,0.0,23121,primary,2023
frozen universe earlier market history,underwriting_only,"[0.013513149157963509, 0.019748609862823768]",earlier_fit_prior_state,H25:hedge_increment:underwriting_only,,0,10,0,hedge_increment,,0,registered_pair_or_issuer_floor,0,protective_put,0,volatility,insufficient_support,H25,False,0.0,48371,primary,2024
frozen universe earlier market history,underwriting_only,"[0.013513149157963509, 0.019748609862823768]",earlier_fit_prior_state,H25:hedge_increment:underwriting_only,,0,10,0,hedge_increment,,0,registered_pair_or_issuer_floor,0,protective_put,1,volatility,insufficient_support,H25,False,0.0,48371,primary,2024
frozen universe earlier market history,underwriting_only,"[0.013513149157963509, 0.019748609862823768]",earlier_fit_prior_state,H25:hedge_increment:underwriting_only,,0,10,0,hedge_increment,,0,registered_pair_or_issuer_floor,0,protective_put,2,volatility,insufficient_support,H25,False,0.0,48371,primary,2024
frozen universe earlier market history,underwriting_only,"[-0.03381517801400217, 0.0359478228338513]",earlier_fit_prior_state,H25:hedge_increment:underwriting_only,,0,10,0,hedge_increment,,0,registered_pair_or_issuer_floor,0,protective_put,0,momentum,insufficient_support,H25,False,0.0,48371,primary,2024
frozen universe earlier market history,underwriting_only,"[-0.03381517801400217, 0.0359478228338513]",earlier_fit_prior_state,H25:hedge_increment:underwriting_only,,0,10,0,hedge_increment,,0,registered_pair_or_issuer_floor,0,protective_put,1,momentum,insufficient_support,H25,False,0.0,48371,primary,2024
frozen universe earlier market history,underwriting_only,"[-0.03381517801400217, 0.0359478228338513]",earlier_fit_prior_state,H25:hedge_increment:underwriting_only,,0,10,0,hedge_increment,,0,registered_pair_or_issuer_floor,0,protective_put,2,momentum,insufficient_support,H25,False,0.0,48371,primary,2024
frozen universe earlier market history,underwriting_only,"[0.012622362241067064, 0.0185342974622302]",earlier_fit_prior_state,H25:hedge_increment:underwriting_only,,0,10,0,hedge_increment,,0,registered_pair_or_issuer_floor,0,protective_put,0,volatility,insufficient_support,H25,False,0.0,73823,primary,2025
frozen universe earlier market history,underwriting_only,"[0.012622362241067064, 0.0185342974622302]",earlier_fit_prior_state,H25:hedge_increment:underwriting_only,,0,10,0,hedge_increment,,0,registered_pair_or_issuer_floor,0,protective_put,1,volatility,insufficient_support,H25,False,0.0,73823,primary,2025
frozen universe earlier market history,underwriting_only,"[0.012622362241067064, 0.0185342974622302]",earlier_fit_prior_state,H25:hedge_increment:underwriting_only,,0,10,0,hedge_increment,,0,registered_pair_or_issuer_floor,0,protective_put,2,volatility,insufficient_support,H25,False,0.0,73823,primary,2025
frozen universe earlier market history,underwriting_only,"[-0.025158149985925842, 0.03919486416691308]",earlier_fit_prior_state,H25:hedge_increment:underwriting_only,,0,10,0,hedge_increment,,0,registered_pair_or_issuer_floor,0,protective_put,0,momentum,insufficient_support,H25,False,0.0,73823,primary,2025
frozen universe earlier market history,underwriting_only,"[-0.025158149985925842, 0.03919486416691308]",earlier_fit_prior_state,H25:hedge_increment:underwriting_only,,0,10,0,hedge_increment,,0,registered_pair_or_issuer_floor,0,protective_put,1,momentum,insufficient_support,H25,False,0.0,73823,primary,2025
frozen universe earlier market history,underwriting_only,"[-0.025158149985925842, 0.03919486416691308]",earlier_fit_prior_state,H25:hedge_increment:underwriting_only,,0,10,0,hedge_increment,,0,registered_pair_or_issuer_floor,0,protective_put,2,momentum,insufficient_support,H25,False,0.0,73823,primary,2025
,,,common_shape_event_overlay_difference,,0.036320266697321524,,,1,call_overlay_minus_put_overlay,,1,identical observations and clocks; supplemental comparison outside primary family,,common_call_put,,,insufficient_support,H25,,,,primary,all
,,,common_shape_event_overlay_difference,,,,,0,call_overlay_minus_put_overlay,,0,identical observations and clocks; supplemental comparison outside primary family,,common_call_put,,,insufficient_support,H25,,,,primary,2023
,,,common_shape_event_overlay_difference,,,,,0,call_overlay_minus_put_overlay,,0,identical observations and clocks; supplemental comparison outside primary family,,common_call_put,,,insufficient_support,H25,,,,primary,2024
,,,common_shape_event_overlay_difference,,,,,0,call_overlay_minus_put_overlay,,0,identical observations and clocks; supplemental comparison outside primary family,,common_call_put,,,insufficient_support,H25,,,,primary,2025
